ISO-10303-21;
HEADER;
FILE_DESCRIPTION (( 'STEP AP214' ),
    '1' );
FILE_NAME ('CDBQC0240L-HF.STEP',
    '2023-06-17T08:07:55',
    ( '' ),
    ( '' ),
    'SwSTEP 2.0',
    'SolidWorks 2021',
    '' );
FILE_SCHEMA (( 'AUTOMOTIVE_DESIGN' ));
ENDSEC;

DATA;
#1 = AXIS2_PLACEMENT_3D ( 'NONE', #1122, #458, #1353 ) ;
#2 = VERTEX_POINT ( 'NONE', #2199 ) ;
#3 = EDGE_CURVE ( 'NONE', #805, #408, #702, .T. ) ;
#4 = VECTOR ( 'NONE', #2432, 1000.000000000000000 ) ;
#5 = LINE ( 'NONE', #1754, #2711 ) ;
#6 = EDGE_CURVE ( 'NONE', #1833, #793, #1376, .T. ) ;
#7 = AXIS2_PLACEMENT_3D ( 'NONE', #1037, #1053, #1892 ) ;
#8 = EDGE_CURVE ( 'NONE', #2129, #2201, #1641, .T. ) ;
#9 = VECTOR ( 'NONE', #2376, 1000.000000000000000 ) ;
#10 = CARTESIAN_POINT ( 'NONE',  ( 0.5250000000000001332, 0.1650000000000000078, 0.09999999999999981126 ) ) ;
#11 = VECTOR ( 'NONE', #314, 1000.000000000000000 ) ;
#12 = CARTESIAN_POINT ( 'NONE',  ( -0.2999999999999996003, 0.1650000000000000078, 0.2850000000000000866 ) ) ;
#13 = EDGE_LOOP ( 'NONE', ( #996, #2378, #2092, #1770 ) ) ;
#14 = CARTESIAN_POINT ( 'NONE',  ( -0.3999999999999995781, 0.1150000000000000050, -0.2850000000000000866 ) ) ;
#15 = EDGE_LOOP ( 'NONE', ( #2316, #103, #1755, #1483 ) ) ;
#16 = FACE_OUTER_BOUND ( 'NONE', #1098, .T. ) ;
#17 = VERTEX_POINT ( 'NONE', #2461 ) ;
#18 = FILL_AREA_STYLE_COLOUR ( '', #281 ) ;
#19 = EDGE_LOOP ( 'NONE', ( #2189, #311, #584, #2594 ) ) ;
#20 = AXIS2_PLACEMENT_3D ( 'NONE', #992, #1385, #1215 ) ;
#21 = AXIS2_PLACEMENT_3D ( 'NONE', #1984, #2582, #527 ) ;
#22 = ADVANCED_FACE ( 'NONE', ( #355 ), #2684, .F. ) ;
#23 = DIRECTION ( 'NONE',  ( -0.000000000000000000, -0.000000000000000000, -1.000000000000000000 ) ) ;
#24 = EDGE_LOOP ( 'NONE', ( #472, #1127, #1228, #1899 ) ) ;
#25 = CARTESIAN_POINT ( 'NONE',  ( -0.3999999999999995781, 0.1150000000000000050, 0.3250000000000000666 ) ) ;
#26 = ADVANCED_FACE ( 'NONE', ( #1271 ), #2423, .F. ) ;
#27 = EDGE_CURVE ( 'NONE', #1296, #2512, #1217, .T. ) ;
#28 = FACE_OUTER_BOUND ( 'NONE', #2125, .T. ) ;
#29 = CARTESIAN_POINT ( 'NONE',  ( -0.3999999999999995781, 0.1150000000000000050, 0.3250000000000000666 ) ) ;
#30 = ORIENTED_EDGE ( 'NONE', *, *, #1890, .F. ) ;
#31 = ORIENTED_EDGE ( 'NONE', *, *, #1501, .T. ) ;
#32 = ORIENTED_EDGE ( 'NONE', *, *, #1111, .F. ) ;
#33 = DIRECTION ( 'NONE',  ( 0.000000000000000000, 1.000000000000000000, 0.000000000000000000 ) ) ;
#34 = ORIENTED_EDGE ( 'NONE', *, *, #207, .F. ) ;
#35 = CARTESIAN_POINT ( 'NONE',  ( 0.3999999999999995781, 0.1150000000000000050, 0.2850000000000000866 ) ) ;
#36 = PLANE ( 'NONE',  #2575 ) ;
#37 = ORIENTED_EDGE ( 'NONE', *, *, #502, .T. ) ;
#38 = CARTESIAN_POINT ( 'NONE',  ( -0.4999999999999994449, 0.2849999999999999756, -0.2750000000000000222 ) ) ;
#39 = FILL_AREA_STYLE_COLOUR ( '', #2426 ) ;
#40 = DIRECTION ( 'NONE',  ( 0.000000000000000000, 0.000000000000000000, 1.000000000000000000 ) ) ;
#41 = DIRECTION ( 'NONE',  ( -0.000000000000000000, -1.000000000000000000, -0.000000000000000000 ) ) ;
#42 =( GEOMETRIC_REPRESENTATION_CONTEXT ( 3 ) GLOBAL_UNCERTAINTY_ASSIGNED_CONTEXT ( ( #187 ) ) GLOBAL_UNIT_ASSIGNED_CONTEXT ( ( #1305, #1958, #547 ) ) REPRESENTATION_CONTEXT ( 'NONE', 'WORKASPACE' ) );
#43 = EDGE_LOOP ( 'NONE', ( #1896, #1757, #2501, #1765 ) ) ;
#44 =( GEOMETRIC_REPRESENTATION_CONTEXT ( 3 ) GLOBAL_UNCERTAINTY_ASSIGNED_CONTEXT ( ( #1681 ) ) GLOBAL_UNIT_ASSIGNED_CONTEXT ( ( #1498, #1516, #854 ) ) REPRESENTATION_CONTEXT ( 'NONE', 'WORKASPACE' ) );
#45 = FACE_OUTER_BOUND ( 'NONE', #2168, .T. ) ;
#46 = ORIENTED_EDGE ( 'NONE', *, *, #1692, .T. ) ;
#47 = VECTOR ( 'NONE', #2290, 1000.000000000000000 ) ;
#48 = VERTEX_POINT ( 'NONE', #2731 ) ;
#49 = DIRECTION ( 'NONE',  ( -1.000000000000000000, 0.000000000000000000, 0.000000000000000000 ) ) ;
#50 = STYLED_ITEM ( 'NONE', ( #1148 ), #1502 ) ;
#51 = MECHANICAL_DESIGN_GEOMETRIC_PRESENTATION_REPRESENTATION (  '', ( #776 ), #1106 ) ;
#52 = DIRECTION ( 'NONE',  ( 1.668003342285391551E-16, 0.000000000000000000, 1.000000000000000000 ) ) ;
#53 = AXIS2_PLACEMENT_3D ( 'NONE', #1725, #228, #1102 ) ;
#54 = ORIENTED_EDGE ( 'NONE', *, *, #1256, .T. ) ;
#55 = CARTESIAN_POINT ( 'NONE',  ( 0.4850000000000002087, 0.1650000000000000078, 0.09999999999999982514 ) ) ;
#56 =( NAMED_UNIT ( * ) SI_UNIT ( $, .STERADIAN. ) SOLID_ANGLE_UNIT ( ) );
#57 = FACE_OUTER_BOUND ( 'NONE', #890, .T. ) ;
#58 = ORIENTED_EDGE ( 'NONE', *, *, #2629, .T. ) ;
#59 = CARTESIAN_POINT ( 'NONE',  ( -0.1999999999999995393, 0.2449999999999999956, 0.2750000000000000222 ) ) ;
#60 = ORIENTED_EDGE ( 'NONE', *, *, #896, .F. ) ;
#61 = PLANE ( 'NONE',  #183 ) ;
#62 = ORIENTED_EDGE ( 'NONE', *, *, #869, .F. ) ;
#63 = LINE ( 'NONE', #91, #395 ) ;
#64 = ADVANCED_FACE ( 'NONE', ( #2646 ), #791, .T. ) ;
#65 = ORIENTED_EDGE ( 'NONE', *, *, #1647, .F. ) ;
#66 = DIRECTION ( 'NONE',  ( 0.000000000000000000, 1.000000000000000000, -0.000000000000000000 ) ) ;
#67 = DIRECTION ( 'NONE',  ( -3.942553354492743531E-16, 0.000000000000000000, -1.000000000000000000 ) ) ;
#68 = PRESENTATION_LAYER_ASSIGNMENT (  '', '', ( #1194 ) ) ;
#69 = LINE ( 'NONE', #1760, #1664 ) ;
#70 = CARTESIAN_POINT ( 'NONE',  ( 0.4850000000000002087, 0.1150000000000000050, 0.09999999999999982514 ) ) ;
#71 = VERTEX_POINT ( 'NONE', #2670 ) ;
#72 = CARTESIAN_POINT ( 'NONE',  ( -0.2999999999999996558, 0.1150000000000000050, 0.2850000000000000866 ) ) ;
#73 = LINE ( 'NONE', #2422, #1587 ) ;
#74 = LINE ( 'NONE', #2657, #1541 ) ;
#75 = VERTEX_POINT ( 'NONE', #106 ) ;
#76 = ADVANCED_FACE ( 'NONE', ( #1613 ), #2439, .F. ) ;
#77 = ADVANCED_FACE ( 'NONE', ( #1191 ), #2027, .T. ) ;
#78 = EDGE_LOOP ( 'NONE', ( #1442, #301, #31, #2642 ) ) ;
#79 = DIRECTION ( 'NONE',  ( -0.000000000000000000, -0.000000000000000000, 1.000000000000000000 ) ) ;
#80 = VERTEX_POINT ( 'NONE', #348 ) ;
#81 = PLANE ( 'NONE',  #643 ) ;
#82 = DIRECTION ( 'NONE',  ( 0.000000000000000000, -1.000000000000000000, 0.000000000000000000 ) ) ;
#83 = CARTESIAN_POINT ( 'NONE',  ( 0.4850000000000002087, 0.1650000000000000078, 0.09999999999999982514 ) ) ;
#84 = ADVANCED_FACE ( 'NONE', ( #2676 ), #2033, .T. ) ;
#85 = DIRECTION ( 'NONE',  ( -4.521132118547259478E-32, -1.000000000000000000, -1.355252715606880789E-16 ) ) ;
#86 = ORIENTED_EDGE ( 'NONE', *, *, #517, .F. ) ;
#87 = CARTESIAN_POINT ( 'NONE',  ( 0.2999999999999996003, 0.1650000000000000078, 0.2850000000000000866 ) ) ;
#88 = LINE ( 'NONE', #1799, #97 ) ;
#89 = ORIENTED_EDGE ( 'NONE', *, *, #1507, .T. ) ;
#90 = VECTOR ( 'NONE', #2317, 1000.000000000000000 ) ;
#91 = CARTESIAN_POINT ( 'NONE',  ( -0.5250000000000001332, 0.1650000000000000078, 0.09999999999999981126 ) ) ;
#92 = ADVANCED_FACE ( 'NONE', ( #2467, #1023, #1887 ), #1020, .F. ) ;
#93 = VERTEX_POINT ( 'NONE', #1257 ) ;
#94 = PLANE ( 'NONE',  #141 ) ;
#95 = VECTOR ( 'NONE', #2480, 1000.000000000000000 ) ;
#96 = PLANE ( 'NONE',  #829 ) ;
#97 = VECTOR ( 'NONE', #2245, 1000.000000000000000 ) ;
#98 = FACE_OUTER_BOUND ( 'NONE', #1311, .T. ) ;
#99 = VECTOR ( 'NONE', #308, 1000.000000000000000 ) ;
#100 = CARTESIAN_POINT ( 'NONE',  ( 0.2999999999999996003, 0.1650000000000000078, -0.3250000000000000666 ) ) ;
#101 = VECTOR ( 'NONE', #1109, 1000.000000000000000 ) ;
#102 = DIRECTION ( 'NONE',  ( -0.000000000000000000, 1.000000000000000000, -0.000000000000000000 ) ) ;
#103 = ORIENTED_EDGE ( 'NONE', *, *, #3, .F. ) ;
#104 = CARTESIAN_POINT ( 'NONE',  ( 0.2000000000000000666, 0.2449999999999999956, 0.2749999999999999667 ) ) ;
#105 = LINE ( 'NONE', #1251, #1227 ) ;
#106 = CARTESIAN_POINT ( 'NONE',  ( -0.3999999999999996336, 0.1650000000000000078, 0.3250000000000000666 ) ) ;
#107 = PLANE ( 'NONE',  #608 ) ;
#108 = ORIENTED_EDGE ( 'NONE', *, *, #2344, .F. ) ;
#109 = LINE ( 'NONE', #2032, #577 ) ;
#110 = VERTEX_POINT ( 'NONE', #2330 ) ;
#111 = FILL_AREA_STYLE ('',( #1180 ) ) ;
#112 = LINE ( 'NONE', #1026, #1275 ) ;
#113 = ORIENTED_EDGE ( 'NONE', *, *, #1806, .F. ) ;
#114 = ORIENTED_EDGE ( 'NONE', *, *, #2159, .T. ) ;
#115 = ADVANCED_FACE ( 'NONE', ( #1048 ), #1475, .T. ) ;
#116 = FACE_OUTER_BOUND ( 'NONE', #2664, .T. ) ;
#117 = ADVANCED_FACE ( 'NONE', ( #2303 ), #172, .F. ) ;
#118 = DIRECTION ( 'NONE',  ( 0.000000000000000000, -0.000000000000000000, 1.000000000000000000 ) ) ;
#119 = LINE ( 'NONE', #2008, #2714 ) ;
#120 = ORIENTED_EDGE ( 'NONE', *, *, #1890, .T. ) ;
#121 = ADVANCED_FACE ( 'NONE', ( #2709 ), #2500, .F. ) ;
#122 = CARTESIAN_POINT ( 'NONE',  ( 0.2999999999999996558, 0.1150000000000000050, 0.2850000000000000866 ) ) ;
#123 = EDGE_CURVE ( 'NONE', #1963, #1938, #407, .T. ) ;
#124 = DIRECTION ( 'NONE',  ( 0.000000000000000000, -1.000000000000000000, 0.000000000000000000 ) ) ;
#125 = EDGE_LOOP ( 'NONE', ( #392, #1858, #1245, #1602 ) ) ;
#126 = FACE_OUTER_BOUND ( 'NONE', #642, .T. ) ;
#127 = DIRECTION ( 'NONE',  ( 0.000000000000000000, 1.000000000000000000, 0.000000000000000000 ) ) ;
#128 = LINE ( 'NONE', #2651, #609 ) ;
#129 = VERTEX_POINT ( 'NONE', #1504 ) ;
#130 = FACE_OUTER_BOUND ( 'NONE', #2555, .T. ) ;
#131 = ORIENTED_EDGE ( 'NONE', *, *, #1577, .F. ) ;
#132 = CARTESIAN_POINT ( 'NONE',  ( 0.2999999999999996558, 0.1150000000000000050, 0.3250000000000000666 ) ) ;
#133 = DIRECTION ( 'NONE',  ( -0.000000000000000000, 1.000000000000000000, -0.000000000000000000 ) ) ;
#134 = ORIENTED_EDGE ( 'NONE', *, *, #971, .F. ) ;
#135 = EDGE_CURVE ( 'NONE', #767, #2394, #2024, .T. ) ;
#136 = LINE ( 'NONE', #995, #332 ) ;
#137 = ORIENTED_EDGE ( 'NONE', *, *, #424, .F. ) ;
#138 = VECTOR ( 'NONE', #1847, 1000.000000000000000 ) ;
#139 = PLANE ( 'NONE',  #2347 ) ;
#140 = VECTOR ( 'NONE', #2106, 1000.000000000000000 ) ;
#141 = AXIS2_PLACEMENT_3D ( 'NONE', #511, #574, #2411 ) ;
#142 = ORIENTED_EDGE ( 'NONE', *, *, #215, .T. ) ;
#143 = DIRECTION ( 'NONE',  ( 0.000000000000000000, -1.355252715606880543E-16, 1.000000000000000000 ) ) ;
#144 = PLANE ( 'NONE',  #2367 ) ;
#145 = VECTOR ( 'NONE', #2280, 1000.000000000000000 ) ;
#146 = EDGE_CURVE ( 'NONE', #2237, #1189, #977, .T. ) ;
#147 = DIRECTION ( 'NONE',  ( 0.000000000000000000, 0.000000000000000000, -1.000000000000000000 ) ) ;
#148 =( GEOMETRIC_REPRESENTATION_CONTEXT ( 3 ) GLOBAL_UNCERTAINTY_ASSIGNED_CONTEXT ( ( #1466 ) ) GLOBAL_UNIT_ASSIGNED_CONTEXT ( ( #1895, #638, #2122 ) ) REPRESENTATION_CONTEXT ( 'NONE', 'WORKASPACE' ) );
#149 = PLANE ( 'NONE',  #512 ) ;
#150 = DIRECTION ( 'NONE',  ( 1.000000000000000000, -0.000000000000000000, -0.000000000000000000 ) ) ;
#151 = EDGE_LOOP ( 'NONE', ( #2179, #2116, #1612, #1241 ) ) ;
#152 = ADVANCED_FACE ( 'NONE', ( #1810 ), #2683, .F. ) ;
#153 = FACE_OUTER_BOUND ( 'NONE', #24, .T. ) ;
#154 = ORIENTED_EDGE ( 'NONE', *, *, #2226, .T. ) ;
#155 = VECTOR ( 'NONE', #2048, 1000.000000000000000 ) ;
#156 = FACE_OUTER_BOUND ( 'NONE', #1093, .T. ) ;
#157 = LINE ( 'NONE', #2051, #2140 ) ;
#158 = ORIENTED_EDGE ( 'NONE', *, *, #1415, .F. ) ;
#159 = DIRECTION ( 'NONE',  ( 0.000000000000000000, 0.000000000000000000, 1.000000000000000000 ) ) ;
#160 = SURFACE_STYLE_USAGE ( .BOTH. , #1281 ) ;
#161 = CARTESIAN_POINT ( 'NONE',  ( -0.5250000000000001332, 0.1650000000000000078, 0.09999999999999981126 ) ) ;
#162 = EDGE_CURVE ( 'NONE', #129, #1208, #1823, .T. ) ;
#163 = EDGE_CURVE ( 'NONE', #2042, #1366, #773, .T. ) ;
#164 = CARTESIAN_POINT ( 'NONE',  ( -0.5250000000000000222, 0.2650000000000000133, 0.3249999999999999001 ) ) ;
#165 = CARTESIAN_POINT ( 'NONE',  ( 0.4850000000000002087, 0.1650000000000000078, 0.09999999999999982514 ) ) ;
#166 = VECTOR ( 'NONE', #2089, 1000.000000000000000 ) ;
#167 = SURFACE_SIDE_STYLE ('',( #537 ) ) ;
#168 = ORIENTED_EDGE ( 'NONE', *, *, #2289, .F. ) ;
#169 = CARTESIAN_POINT ( 'NONE',  ( -0.2999999999999996558, 0.1150000000000000050, -0.2850000000000000866 ) ) ;
#170 = CARTESIAN_POINT ( 'NONE',  ( 0.4850000000000002087, 0.1650000000000000355, -0.1000000000000001860 ) ) ;
#171 = EDGE_CURVE ( 'NONE', #477, #1636, #304, .T. ) ;
#172 = PLANE ( 'NONE',  #343 ) ;
#173 = ORIENTED_EDGE ( 'NONE', *, *, #659, .F. ) ;
#174 = CARTESIAN_POINT ( 'NONE',  ( 0.4850000000000002087, 0.1150000000000000050, 0.09999999999999981126 ) ) ;
#175 = ORIENTED_EDGE ( 'NONE', *, *, #797, .T. ) ;
#176 = CARTESIAN_POINT ( 'NONE',  ( 0.3999999999999995781, 0.1150000000000000050, 0.2850000000000000866 ) ) ;
#177 = PLANE ( 'NONE',  #2569 ) ;
#178 = VERTEX_POINT ( 'NONE', #802 ) ;
#179 = VECTOR ( 'NONE', #1637, 1000.000000000000000 ) ;
#180 = SURFACE_SIDE_STYLE ('',( #2088 ) ) ;
#181 = VECTOR ( 'NONE', #2158, 1000.000000000000000 ) ;
#182 = VERTEX_POINT ( 'NONE', #565 ) ;
#183 = AXIS2_PLACEMENT_3D ( 'NONE', #553, #124, #505 ) ;
#184 = DIRECTION ( 'NONE',  ( -3.942553354492743038E-16, 0.000000000000000000, -1.000000000000000000 ) ) ;
#185 = ORIENTED_EDGE ( 'NONE', *, *, #1735, .F. ) ;
#186 = AXIS2_PLACEMENT_3D ( 'NONE', #87, #1583, #1659 ) ;
#187 = UNCERTAINTY_MEASURE_WITH_UNIT (LENGTH_MEASURE( 1.000000000000000082E-05 ), #1305, 'distance_accuracy_value', 'NONE');
#188 = DIRECTION ( 'NONE',  ( 1.000000000000000000, -0.000000000000000000, 1.971276677246371765E-16 ) ) ;
#189 = SURFACE_STYLE_FILL_AREA ( #1902 ) ;
#190 = VECTOR ( 'NONE', #150, 1000.000000000000000 ) ;
#191 = DIRECTION ( 'NONE',  ( -0.000000000000000000, -0.000000000000000000, 1.000000000000000000 ) ) ;
#192 =( GEOMETRIC_REPRESENTATION_CONTEXT ( 3 ) GLOBAL_UNCERTAINTY_ASSIGNED_CONTEXT ( ( #1294 ) ) GLOBAL_UNIT_ASSIGNED_CONTEXT ( ( #1244, #1276, #618 ) ) REPRESENTATION_CONTEXT ( 'NONE', 'WORKASPACE' ) );
#193 = CARTESIAN_POINT ( 'NONE',  ( 0.2999999999999996558, 0.1150000000000000050, 0.2850000000000000866 ) ) ;
#194 = EDGE_CURVE ( 'NONE', #1734, #2060, #2666, .T. ) ;
#195 = ORIENTED_EDGE ( 'NONE', *, *, #636, .T. ) ;
#196 = CLOSED_SHELL ( 'NONE', ( #882, #1527, #1968, #1618, #2022, #2133 ) ) ;
#197 = CARTESIAN_POINT ( 'NONE',  ( -0.2999999999999996003, 0.1650000000000000078, 0.3249999999999999001 ) ) ;
#198 = ORIENTED_EDGE ( 'NONE', *, *, #474, .T. ) ;
#199 = ADVANCED_FACE ( 'NONE', ( #2225 ), #2475, .F. ) ;
#200 = VERTEX_POINT ( 'NONE', #2460 ) ;
#201 = CARTESIAN_POINT ( 'NONE',  ( -0.4850000000000002087, 0.1650000000000000078, 0.09999999999999982514 ) ) ;
#202 = AXIS2_PLACEMENT_3D ( 'NONE', #83, #353, #1609 ) ;
#203 = ORIENTED_EDGE ( 'NONE', *, *, #833, .F. ) ;
#204 = FACE_OUTER_BOUND ( 'NONE', #567, .T. ) ;
#205 = VECTOR ( 'NONE', #597, 1000.000000000000000 ) ;
#206 =( NAMED_UNIT ( * ) SI_UNIT ( $, .STERADIAN. ) SOLID_ANGLE_UNIT ( ) );
#207 = EDGE_CURVE ( 'NONE', #2551, #551, #2447, .T. ) ;
#208 = DIRECTION ( 'NONE',  ( -1.000000000000000000, 0.000000000000000000, -1.807003620809173399E-16 ) ) ;
#209 = DIRECTION ( 'NONE',  ( -1.084202172485504631E-15, -1.000000000000000000, 0.000000000000000000 ) ) ;
#210 = ORIENTED_EDGE ( 'NONE', *, *, #1416, .F. ) ;
#211 = ADVANCED_FACE ( 'NONE', ( #2640 ), #761, .F. ) ;
#212 = FILL_AREA_STYLE_COLOUR ( '', #1873 ) ;
#213 = ADVANCED_FACE ( 'NONE', ( #2434 ), #2242, .F. ) ;
#214 = PLANE ( 'NONE',  #1409 ) ;
#215 = EDGE_CURVE ( 'NONE', #1967, #2521, #549, .T. ) ;
#216 = UNCERTAINTY_MEASURE_WITH_UNIT (LENGTH_MEASURE( 1.000000000000000082E-05 ), #1791, 'distance_accuracy_value', 'NONE');
#217 = ORIENTED_EDGE ( 'NONE', *, *, #1231, .F. ) ;
#218 = LINE ( 'NONE', #1522, #645 ) ;
#219 = CARTESIAN_POINT ( 'NONE',  ( 0.2999999999999996003, 0.1650000000000000078, -0.2850000000000000866 ) ) ;
#220 =( NAMED_UNIT ( * ) SI_UNIT ( $, .STERADIAN. ) SOLID_ANGLE_UNIT ( ) );
#221 = LINE ( 'NONE', #1917, #1047 ) ;
#222 = ORIENTED_EDGE ( 'NONE', *, *, #194, .T. ) ;
#223 = VECTOR ( 'NONE', #989, 1000.000000000000000 ) ;
#224 = CARTESIAN_POINT ( 'NONE',  ( 0.2999999999999996003, 0.1650000000000000078, 0.3250000000000000666 ) ) ;
#225 = ORIENTED_EDGE ( 'NONE', *, *, #1959, .T. ) ;
#226 = AXIS2_PLACEMENT_3D ( 'NONE', #548, #2037, #772 ) ;
#227 = EDGE_LOOP ( 'NONE', ( #1499, #2229, #2039, #2295 ) ) ;
#228 = DIRECTION ( 'NONE',  ( 0.000000000000000000, 0.000000000000000000, 1.000000000000000000 ) ) ;
#229 = VERTEX_POINT ( 'NONE', #1832 ) ;
#230 = ADVANCED_FACE ( 'NONE', ( #581 ), #144, .F. ) ;
#231 = VECTOR ( 'NONE', #778, 1000.000000000000000 ) ;
#232 = ORIENTED_EDGE ( 'NONE', *, *, #812, .T. ) ;
#233 = CARTESIAN_POINT ( 'NONE',  ( 0.2000000000000000666, 0.2449999999999999956, 0.2749999999999999667 ) ) ;
#234 = VERTEX_POINT ( 'NONE', #2193 ) ;
#235 = VECTOR ( 'NONE', #1035, 1000.000000000000000 ) ;
#236 = CARTESIAN_POINT ( 'NONE',  ( -0.3999999999999995781, 0.1150000000000000050, -0.3250000000000000666 ) ) ;
#237 = DIRECTION ( 'NONE',  ( 0.000000000000000000, 0.000000000000000000, 1.000000000000000000 ) ) ;
#238 = ADVANCED_FACE ( 'NONE', ( #317, #1187 ), #454, .F. ) ;
#239 = AXIS2_PLACEMENT_3D ( 'NONE', #282, #1772, #1134 ) ;
#240 = SURFACE_SIDE_STYLE ('',( #2137 ) ) ;
#241 = ADVANCED_FACE ( 'NONE', ( #867 ), #1705, .F. ) ;
#242 = VECTOR ( 'NONE', #2084, 1000.000000000000000 ) ;
#243 = SURFACE_STYLE_FILL_AREA ( #1268 ) ;
#244 = VERTEX_POINT ( 'NONE', #236 ) ;
#245 = LINE ( 'NONE', #1933, #2306 ) ;
#246 = AXIS2_PLACEMENT_3D ( 'NONE', #447, #2075, #1307 ) ;
#247 = LINE ( 'NONE', #1101, #504 ) ;
#248 = ORIENTED_EDGE ( 'NONE', *, *, #579, .T. ) ;
#249 = ORIENTED_EDGE ( 'NONE', *, *, #298, .F. ) ;
#250 = CARTESIAN_POINT ( 'NONE',  ( -0.5250000000000001332, 0.1150000000000000050, 0.09999999999999988065 ) ) ;
#251 = ORIENTED_EDGE ( 'NONE', *, *, #876, .T. ) ;
#252 = CLOSED_SHELL ( 'NONE', ( #262, #213, #117, #2056, #599, #413 ) ) ;
#253 = CARTESIAN_POINT ( 'NONE',  ( 0.2000000000000001776, 0.2449999999999999956, -0.2749999999999999667 ) ) ;
#254 = ORIENTED_EDGE ( 'NONE', *, *, #1853, .T. ) ;
#255 = LINE ( 'NONE', #455, #1448 ) ;
#256 = CARTESIAN_POINT ( 'NONE',  ( -0.4850000000000002087, 0.1150000000000000050, 0.09999999999999982514 ) ) ;
#257 = VERTEX_POINT ( 'NONE', #469 ) ;
#258 = DIRECTION ( 'NONE',  ( -0.000000000000000000, -0.000000000000000000, -1.000000000000000000 ) ) ;
#259 = PLANE ( 'NONE',  #2645 ) ;
#260 = FACE_OUTER_BOUND ( 'NONE', #1520, .T. ) ;
#261 = ORIENTED_EDGE ( 'NONE', *, *, #607, .T. ) ;
#262 = ADVANCED_FACE ( 'NONE', ( #1094 ), #2556, .F. ) ;
#263 = ORIENTED_EDGE ( 'NONE', *, *, #2741, .T. ) ;
#264 = DIRECTION ( 'NONE',  ( 0.000000000000000000, -0.000000000000000000, 1.000000000000000000 ) ) ;
#265 = VERTEX_POINT ( 'NONE', #2324 ) ;
#266 = ORIENTED_EDGE ( 'NONE', *, *, #904, .T. ) ;
#267 = CARTESIAN_POINT ( 'NONE',  ( -0.1999999999999997613, 0.2449999999999999956, -0.2750000000000000222 ) ) ;
#268 = CARTESIAN_POINT ( 'NONE',  ( -0.1999999999999997613, 0.2449999999999999956, -0.2750000000000000222 ) ) ;
#269 = DIRECTION ( 'NONE',  ( -1.084202172485504631E-15, 1.000000000000000000, 0.000000000000000000 ) ) ;
#270 = FACE_OUTER_BOUND ( 'NONE', #291, .T. ) ;
#271 = DIRECTION ( 'NONE',  ( 0.000000000000000000, 1.355252715606880789E-16, -1.000000000000000000 ) ) ;
#272 = EDGE_LOOP ( 'NONE', ( #2078, #1104, #2658, #2465 ) ) ;
#273 = ORIENTED_EDGE ( 'NONE', *, *, #464, .T. ) ;
#274 = VECTOR ( 'NONE', #2153, 1000.000000000000000 ) ;
#275 = SURFACE_STYLE_USAGE ( .BOTH. , #2361 ) ;
#276 = ORIENTED_EDGE ( 'NONE', *, *, #2540, .T. ) ;
#277 = VECTOR ( 'NONE', #2494, 1000.000000000000000 ) ;
#278 = DIRECTION ( 'NONE',  ( -1.000000000000000000, -0.000000000000000000, -0.000000000000000000 ) ) ;
#279 = ORIENTED_EDGE ( 'NONE', *, *, #1388, .T. ) ;
#280 = LINE ( 'NONE', #1771, #181 ) ;
#281 = COLOUR_RGB ( '',0.2980392156862745057, 0.2980392156862745057, 0.2980392156862745057 ) ;
#282 = CARTESIAN_POINT ( 'NONE',  ( -0.1999999999999997613, 0.2449999999999999956, -0.2750000000000000222 ) ) ;
#283 = AXIS2_PLACEMENT_3D ( 'NONE', #1335, #1291, #2538 ) ;
#284 = DIRECTION ( 'NONE',  ( 0.000000000000000000, 1.355252715606880543E-16, -1.000000000000000000 ) ) ;
#285 = PRESENTATION_LAYER_ASSIGNMENT (  '', '', ( #1590 ) ) ;
#286 = CARTESIAN_POINT ( 'NONE',  ( 0.5250000000000001332, 0.000000000000000000, 0.000000000000000000 ) ) ;
#287 = LINE ( 'NONE', #1188, #2094 ) ;
#288 = VERTEX_POINT ( 'NONE', #443 ) ;
#289 = DIRECTION ( 'NONE',  ( 1.000000000000000000, 0.000000000000000000, 1.807003620809173153E-16 ) ) ;
#290 = EDGE_CURVE ( 'NONE', #377, #1967, #2120, .T. ) ;
#291 = EDGE_LOOP ( 'NONE', ( #540, #195, #1319, #1871 ) ) ;
#292 = DIRECTION ( 'NONE',  ( 0.000000000000000000, 0.000000000000000000, -1.000000000000000000 ) ) ;
#293 = VERTEX_POINT ( 'NONE', #59 ) ;
#294 = CARTESIAN_POINT ( 'NONE',  ( 0.3999999999999995781, 0.1150000000000000050, -0.3250000000000000666 ) ) ;
#295 = ORIENTED_EDGE ( 'NONE', *, *, #2403, .T. ) ;
#296 = PRESENTATION_STYLE_ASSIGNMENT (( #528 ) ) ;
#297 = LINE ( 'NONE', #2000, #1323 ) ;
#298 = EDGE_CURVE ( 'NONE', #2134, #2101, #980, .T. ) ;
#299 = VECTOR ( 'NONE', #2605, 1000.000000000000000 ) ;
#300 = CARTESIAN_POINT ( 'NONE',  ( -0.5250000000000000222, 0.2650000000000000133, 0.3249999999999999001 ) ) ;
#301 = ORIENTED_EDGE ( 'NONE', *, *, #399, .F. ) ;
#302 = PRESENTATION_LAYER_ASSIGNMENT (  '', '', ( #1150 ) ) ;
#303 = DIRECTION ( 'NONE',  ( 0.000000000000000000, -1.000000000000000000, 0.000000000000000000 ) ) ;
#304 = LINE ( 'NONE', #1622, #155 ) ;
#305 = CARTESIAN_POINT ( 'NONE',  ( 0.2000000000000001776, 0.2849999999999999756, -0.2749999999999999667 ) ) ;
#306 = ORIENTED_EDGE ( 'NONE', *, *, #1494, .F. ) ;
#307 = LINE ( 'NONE', #1141, #1851 ) ;
#308 = DIRECTION ( 'NONE',  ( 0.000000000000000000, -1.000000000000000000, 0.000000000000000000 ) ) ;
#309 = ADVANCED_FACE ( 'NONE', ( #2197 ), #503, .F. ) ;
#310 = DIRECTION ( 'NONE',  ( -1.000000000000000000, 0.000000000000000000, 0.000000000000000000 ) ) ;
#311 = ORIENTED_EDGE ( 'NONE', *, *, #2705, .F. ) ;
#312 = DIRECTION ( 'NONE',  ( -0.000000000000000000, -1.000000000000000000, -0.000000000000000000 ) ) ;
#313 =( NAMED_UNIT ( * ) PLANE_ANGLE_UNIT ( ) SI_UNIT ( $, .RADIAN. ) );
#314 = DIRECTION ( 'NONE',  ( 0.000000000000000000, 1.355252715606880543E-16, -1.000000000000000000 ) ) ;
#315 = LINE ( 'NONE', #1165, #2612 ) ;
#316 = LINE ( 'NONE', #132, #1575 ) ;
#317 = FACE_BOUND ( 'NONE', #2386, .T. ) ;
#318 = DIRECTION ( 'NONE',  ( -0.000000000000000000, -1.000000000000000000, -0.000000000000000000 ) ) ;
#319 = ORIENTED_EDGE ( 'NONE', *, *, #2203, .T. ) ;
#320 = DIRECTION ( 'NONE',  ( 0.000000000000000000, 0.000000000000000000, -1.000000000000000000 ) ) ;
#321 = DIRECTION ( 'NONE',  ( 0.000000000000000000, 1.355252715606880543E-16, -1.000000000000000000 ) ) ;
#322 = EDGE_LOOP ( 'NONE', ( #720, #86, #1457, #676 ) ) ;
#323 = EDGE_CURVE ( 'NONE', #1260, #234, #1358, .T. ) ;
#324 = VECTOR ( 'NONE', #2035, 1000.000000000000000 ) ;
#325 = FACE_OUTER_BOUND ( 'NONE', #972, .T. ) ;
#326 = VECTOR ( 'NONE', #1635, 1000.000000000000000 ) ;
#327 = SURFACE_STYLE_FILL_AREA ( #2220 ) ;
#328 = EDGE_CURVE ( 'NONE', #1302, #178, #2437, .T. ) ;
#329 = VECTOR ( 'NONE', #1667, 1000.000000000000000 ) ;
#330 = CARTESIAN_POINT ( 'NONE',  ( 0.5000000000000002220, 0.2650000000000000133, -0.2750000000000000222 ) ) ;
#331 = EDGE_CURVE ( 'NONE', #1718, #1591, #1797, .T. ) ;
#332 = VECTOR ( 'NONE', #1836, 1000.000000000000000 ) ;
#333 = EDGE_CURVE ( 'NONE', #1337, #623, #2180, .T. ) ;
#334 = CARTESIAN_POINT ( 'NONE',  ( 0.2999999999999996558, 0.1150000000000000050, -0.2850000000000000866 ) ) ;
#335 = CARTESIAN_POINT ( 'NONE',  ( 0.2999999999999996003, 0.1650000000000000078, -0.2850000000000000866 ) ) ;
#336 = VECTOR ( 'NONE', #1210, 1000.000000000000000 ) ;
#337 = PLANE ( 'NONE',  #2527 ) ;
#338 = ORIENTED_EDGE ( 'NONE', *, *, #607, .F. ) ;
#339 = CARTESIAN_POINT ( 'NONE',  ( 0.3999999999999995781, 0.1150000000000000050, -0.3250000000000000666 ) ) ;
#340 = DIRECTION ( 'NONE',  ( 0.000000000000000000, 0.000000000000000000, 1.000000000000000000 ) ) ;
#341 = CARTESIAN_POINT ( 'NONE',  ( -0.3999999999999996336, 0.1650000000000000078, 0.3250000000000000666 ) ) ;
#342 = VERTEX_POINT ( 'NONE', #339 ) ;
#343 = AXIS2_PLACEMENT_3D ( 'NONE', #1033, #1870, #816 ) ;
#344 = LINE ( 'NONE', #1408, #1288 ) ;
#345 =( LENGTH_UNIT ( ) NAMED_UNIT ( * ) SI_UNIT ( .MILLI., .METRE. ) );
#346 = VERTEX_POINT ( 'NONE', #568 ) ;
#347 = EDGE_CURVE ( 'NONE', #2736, #2134, #307, .T. ) ;
#348 = CARTESIAN_POINT ( 'NONE',  ( -0.1999999999999997613, 0.2449999999999999956, -0.2750000000000000222 ) ) ;
#349 = CARTESIAN_POINT ( 'NONE',  ( 0.5250000000000000222, 0.2650000000000000133, -0.3250000000000000666 ) ) ;
#350 = ADVANCED_FACE ( 'NONE', ( #1979, #2624, #930 ), #2212, .F. ) ;
#351 = ORIENTED_EDGE ( 'NONE', *, *, #677, .F. ) ;
#352 = LINE ( 'NONE', #1621, #1400 ) ;
#353 = DIRECTION ( 'NONE',  ( 3.336006684570783594E-16, 0.000000000000000000, 1.000000000000000000 ) ) ;
#354 = ORIENTED_EDGE ( 'NONE', *, *, #896, .T. ) ;
#355 = FACE_OUTER_BOUND ( 'NONE', #1084, .T. ) ;
#356 = CARTESIAN_POINT ( 'NONE',  ( -0.4850000000000002087, 0.1150000000000000050, 0.09999999999999981126 ) ) ;
#357 = EDGE_LOOP ( 'NONE', ( #248, #1243, #2380, #441 ) ) ;
#358 = CARTESIAN_POINT ( 'NONE',  ( -0.4999999999999994449, 0.2849999999999999756, -0.2750000000000000222 ) ) ;
#359 = CARTESIAN_POINT ( 'NONE',  ( 0.000000000000000000, 0.000000000000000000, 0.2850000000000000866 ) ) ;
#360 = LINE ( 'NONE', #586, #336 ) ;
#361 = DIRECTION ( 'NONE',  ( -0.000000000000000000, -1.000000000000000000, -0.000000000000000000 ) ) ;
#362 = EDGE_LOOP ( 'NONE', ( #175, #727, #411, #1011 ) ) ;
#363 = CARTESIAN_POINT ( 'NONE',  ( 0.2999999999999996003, 0.1650000000000000078, -0.2850000000000000866 ) ) ;
#364 = DIRECTION ( 'NONE',  ( -1.000000000000000000, -0.000000000000000000, -0.000000000000000000 ) ) ;
#365 = LINE ( 'NONE', #1009, #138 ) ;
#366 = DIRECTION ( 'NONE',  ( -1.084202172485504631E-15, -1.000000000000000000, -0.000000000000000000 ) ) ;
#367 = LINE ( 'NONE', #2285, #1878 ) ;
#368 = EDGE_LOOP ( 'NONE', ( #2243, #1279, #113, #1436 ) ) ;
#369 = EDGE_CURVE ( 'NONE', #1072, #1745, #1255, .T. ) ;
#370 = CARTESIAN_POINT ( 'NONE',  ( 0.3999999999999995781, 0.1150000000000000050, -0.3250000000000000666 ) ) ;
#371 = AXIS2_PLACEMENT_3D ( 'NONE', #1419, #1443, #118 ) ;
#372 = LINE ( 'NONE', #2689, #1183 ) ;
#373 = CARTESIAN_POINT ( 'NONE',  ( 0.4850000000000002087, 0.1150000000000000328, -0.1000000000000001998 ) ) ;
#374 = VECTOR ( 'NONE', #388, 1000.000000000000000 ) ;
#375 =( LENGTH_UNIT ( ) NAMED_UNIT ( * ) SI_UNIT ( .MILLI., .METRE. ) );
#376 = AXIS2_PLACEMENT_3D ( 'NONE', #627, #1657, #2516 ) ;
#377 = VERTEX_POINT ( 'NONE', #815 ) ;
#378 = PLANE ( 'NONE',  #780 ) ;
#379 = AXIS2_PLACEMENT_3D ( 'NONE', #1360, #570, #969 ) ;
#380 = VECTOR ( 'NONE', #915, 1000.000000000000000 ) ;
#381 = SURFACE_STYLE_USAGE ( .BOTH. , #1642 ) ;
#382 = CARTESIAN_POINT ( 'NONE',  ( 0.4850000000000002087, 0.1650000000000000355, -0.1000000000000001998 ) ) ;
#383 = VERTEX_POINT ( 'NONE', #1032 ) ;
#384 = ADVANCED_FACE ( 'NONE', ( #2302 ), #2707, .F. ) ;
#385 =( GEOMETRIC_REPRESENTATION_CONTEXT ( 3 ) GLOBAL_UNCERTAINTY_ASSIGNED_CONTEXT ( ( #1891 ) ) GLOBAL_UNIT_ASSIGNED_CONTEXT ( ( #345, #1633, #206 ) ) REPRESENTATION_CONTEXT ( 'NONE', 'WORKASPACE' ) );
#386 = DIRECTION ( 'NONE',  ( -1.084202172485504631E-15, 1.000000000000000000, -0.000000000000000000 ) ) ;
#387 = DIRECTION ( 'NONE',  ( -1.084202172485504631E-15, -1.000000000000000000, -0.000000000000000000 ) ) ;
#388 = DIRECTION ( 'NONE',  ( -0.000000000000000000, -1.000000000000000000, -0.000000000000000000 ) ) ;
#389 = DIRECTION ( 'NONE',  ( 1.084202172485504631E-15, -1.000000000000000000, 0.000000000000000000 ) ) ;
#390 = EDGE_CURVE ( 'NONE', #933, #438, #2255, .T. ) ;
#391 = FILL_AREA_STYLE ('',( #2071 ) ) ;
#392 = ORIENTED_EDGE ( 'NONE', *, *, #1735, .T. ) ;
#393 = FACE_OUTER_BOUND ( 'NONE', #2747, .T. ) ;
#394 = VERTEX_POINT ( 'NONE', #1589 ) ;
#395 = VECTOR ( 'NONE', #2427, 1000.000000000000000 ) ;
#396 = SURFACE_STYLE_USAGE ( .BOTH. , #1290 ) ;
#397 = CARTESIAN_POINT ( 'NONE',  ( 0.2999999999999996003, 0.1650000000000000078, -0.2850000000000000866 ) ) ;
#398 = ORIENTED_EDGE ( 'NONE', *, *, #1077, .F. ) ;
#399 = EDGE_CURVE ( 'NONE', #288, #1417, #509, .T. ) ;
#400 = UNCERTAINTY_MEASURE_WITH_UNIT (LENGTH_MEASURE( 1.000000000000000082E-05 ), #2660, 'distance_accuracy_value', 'NONE');
#401 =( NAMED_UNIT ( * ) SI_UNIT ( $, .STERADIAN. ) SOLID_ANGLE_UNIT ( ) );
#402 = DIRECTION ( 'NONE',  ( 1.000000000000000000, -0.000000000000000000, -0.000000000000000000 ) ) ;
#403 = CARTESIAN_POINT ( 'NONE',  ( 0.2000000000000001776, 0.2650000000000000133, -0.2749999999999999667 ) ) ;
#404 = ORIENTED_EDGE ( 'NONE', *, *, #941, .T. ) ;
#405 = CARTESIAN_POINT ( 'NONE',  ( -0.5250000000000000222, 0.2650000000000000133, -0.3250000000000000666 ) ) ;
#406 = VERTEX_POINT ( 'NONE', #294 ) ;
#407 = LINE ( 'NONE', #2520, #166 ) ;
#408 = VERTEX_POINT ( 'NONE', #1145 ) ;
#409 = DIRECTION ( 'NONE',  ( 0.000000000000000000, 0.000000000000000000, -1.000000000000000000 ) ) ;
#410 = ORIENTED_EDGE ( 'NONE', *, *, #1530, .F. ) ;
#411 = ORIENTED_EDGE ( 'NONE', *, *, #163, .F. ) ;
#412 = PLANE ( 'NONE',  #7 ) ;
#413 = ADVANCED_FACE ( 'NONE', ( #1818 ), #1349, .F. ) ;
#414 = CARTESIAN_POINT ( 'NONE',  ( 0.5250000000000000222, 0.2650000000000000133, -0.3250000000000000666 ) ) ;
#415 = AXIS2_PLACEMENT_3D ( 'NONE', #711, #898, #1542 ) ;
#416 = LINE ( 'NONE', #1027, #374 ) ;
#417 = ADVANCED_FACE ( 'NONE', ( #2649 ), #753, .T. ) ;
#418 = PLANE ( 'NONE',  #2493 ) ;
#419 = ORIENTED_EDGE ( 'NONE', *, *, #1430, .F. ) ;
#420 = DIRECTION ( 'NONE',  ( -1.000000000000000000, -1.084202172485504631E-15, 0.000000000000000000 ) ) ;
#421 = VECTOR ( 'NONE', #2142, 1000.000000000000000 ) ;
#422 = EDGE_CURVE ( 'NONE', #1446, #2736, #1380, .T. ) ;
#423 = AXIS2_PLACEMENT_3D ( 'NONE', #2108, #1250, #844 ) ;
#424 = EDGE_CURVE ( 'NONE', #1785, #793, #2610, .T. ) ;
#425 = ORIENTED_EDGE ( 'NONE', *, *, #1939, .F. ) ;
#426 = VECTOR ( 'NONE', #2260, 1000.000000000000000 ) ;
#427 = DIRECTION ( 'NONE',  ( -1.084202172485504631E-15, 1.000000000000000000, 0.000000000000000000 ) ) ;
#428 = ORIENTED_EDGE ( 'NONE', *, *, #328, .F. ) ;
#429 = AXIS2_PLACEMENT_3D ( 'NONE', #2358, #476, #1321 ) ;
#430 = VERTEX_POINT ( 'NONE', #2202 ) ;
#431 = CARTESIAN_POINT ( 'NONE',  ( -0.2999999999999996558, 0.1150000000000000050, -0.2850000000000000866 ) ) ;
#432 = DIRECTION ( 'NONE',  ( -1.084202172485504631E-15, 1.000000000000000000, 0.000000000000000000 ) ) ;
#433 = LINE ( 'NONE', #612, #47 ) ;
#434 = EDGE_CURVE ( 'NONE', #2394, #873, #109, .T. ) ;
#435 = CARTESIAN_POINT ( 'NONE',  ( -0.2999999999999996003, 0.1650000000000000078, -0.3250000000000000666 ) ) ;
#436 = ORIENTED_EDGE ( 'NONE', *, *, #323, .F. ) ;
#437 = EDGE_CURVE ( 'NONE', #2608, #2170, #1559, .T. ) ;
#438 = VERTEX_POINT ( 'NONE', #1998 ) ;
#439 = FACE_OUTER_BOUND ( 'NONE', #1721, .T. ) ;
#440 = VERTEX_POINT ( 'NONE', #2442 ) ;
#441 = ORIENTED_EDGE ( 'NONE', *, *, #2339, .T. ) ;
#442 = CARTESIAN_POINT ( 'NONE',  ( -0.3999999999999995781, 0.1150000000000000050, -0.3250000000000000666 ) ) ;
#443 = CARTESIAN_POINT ( 'NONE',  ( 0.3999999999999995781, 0.1150000000000000050, 0.3250000000000000666 ) ) ;
#444 = DIRECTION ( 'NONE',  ( -1.000000000000000000, 0.000000000000000000, 0.000000000000000000 ) ) ;
#445 = VERTEX_POINT ( 'NONE', #556 ) ;
#446 = FILL_AREA_STYLE ('',( #212 ) ) ;
#447 = CARTESIAN_POINT ( 'NONE',  ( 0.000000000000000000, 0.000000000000000000, -0.3250000000000000666 ) ) ;
#448 = FACE_OUTER_BOUND ( 'NONE', #863, .T. ) ;
#449 = ORIENTED_EDGE ( 'NONE', *, *, #742, .F. ) ;
#450 = ORIENTED_EDGE ( 'NONE', *, *, #1704, .F. ) ;
#451 = CARTESIAN_POINT ( 'NONE',  ( 0.5250000000000001332, 0.1150000000000000328, -0.1000000000000001998 ) ) ;
#452 = EDGE_CURVE ( 'NONE', #342, #1796, #344, .T. ) ;
#453 = ORIENTED_EDGE ( 'NONE', *, *, #399, .T. ) ;
#454 = PLANE ( 'NONE',  #2503 ) ;
#455 = CARTESIAN_POINT ( 'NONE',  ( 0.3999999999999996336, 0.1650000000000000078, 0.3250000000000000666 ) ) ;
#456 = CARTESIAN_POINT ( 'NONE',  ( 0.2999999999999996558, 0.1150000000000000050, 0.3250000000000000666 ) ) ;
#457 = ORIENTED_EDGE ( 'NONE', *, *, #543, .F. ) ;
#458 = DIRECTION ( 'NONE',  ( 0.000000000000000000, 1.000000000000000000, 0.000000000000000000 ) ) ;
#459 = VECTOR ( 'NONE', #258, 1000.000000000000000 ) ;
#460 = DIRECTION ( 'NONE',  ( 1.000000000000000000, -0.000000000000000000, -0.000000000000000000 ) ) ;
#461 = COLOUR_RGB ( '',0.6666666666666666297, 0.6980392156862744724, 0.7686274509803920907 ) ;
#462 = VECTOR ( 'NONE', #539, 1000.000000000000000 ) ;
#463 = ORIENTED_EDGE ( 'NONE', *, *, #369, .F. ) ;
#464 = EDGE_CURVE ( 'NONE', #884, #2036, #63, .T. ) ;
#465 = FACE_OUTER_BOUND ( 'NONE', #1310, .T. ) ;
#466 = ADVANCED_FACE ( 'NONE', ( #126 ), #951, .F. ) ;
#467 = ORIENTED_EDGE ( 'NONE', *, *, #2421, .F. ) ;
#468 = VECTOR ( 'NONE', #849, 1000.000000000000000 ) ;
#469 = CARTESIAN_POINT ( 'NONE',  ( 0.2999999999999996558, 0.1150000000000000050, 0.3250000000000000666 ) ) ;
#470 = VECTOR ( 'NONE', #1301, 1000.000000000000000 ) ;
#471 = PLANE ( 'NONE',  #2235 ) ;
#472 = ORIENTED_EDGE ( 'NONE', *, *, #2052, .T. ) ;
#473 = DIRECTION ( 'NONE',  ( -1.084202172485504631E-15, 1.000000000000000000, 0.000000000000000000 ) ) ;
#474 = EDGE_CURVE ( 'NONE', #1889, #93, #922, .T. ) ;
#475 = CARTESIAN_POINT ( 'NONE',  ( 0.5000000000000002220, 0.2449999999999999956, 0.2750000000000000222 ) ) ;
#476 = DIRECTION ( 'NONE',  ( 1.000000000000000000, 1.084202172485504631E-15, 0.000000000000000000 ) ) ;
#477 = VERTEX_POINT ( 'NONE', #984 ) ;
#478 = ORIENTED_EDGE ( 'NONE', *, *, #1146, .F. ) ;
#479 = ORIENTED_EDGE ( 'NONE', *, *, #671, .T. ) ;
#480 = AXIS2_PLACEMENT_3D ( 'NONE', #715, #552, #2244 ) ;
#481 = ORIENTED_EDGE ( 'NONE', *, *, #2470, .T. ) ;
#482 = CARTESIAN_POINT ( 'NONE',  ( -0.1999999999999997613, 0.2849999999999999756, -0.2750000000000000222 ) ) ;
#483 = FACE_OUTER_BOUND ( 'NONE', #2436, .T. ) ;
#484 = ORIENTED_EDGE ( 'NONE', *, *, #961, .F. ) ;
#485 = DIRECTION ( 'NONE',  ( 1.000000000000000000, -0.000000000000000000, -3.336006684570784088E-16 ) ) ;
#486 = DIRECTION ( 'NONE',  ( 0.000000000000000000, 0.000000000000000000, -1.000000000000000000 ) ) ;
#487 = CARTESIAN_POINT ( 'NONE',  ( 0.3999999999999996336, 0.1650000000000000078, -0.2850000000000000866 ) ) ;
#488 = ORIENTED_EDGE ( 'NONE', *, *, #1198, .T. ) ;
#489 = ORIENTED_EDGE ( 'NONE', *, *, #2567, .F. ) ;
#490 = DIRECTION ( 'NONE',  ( -1.084202172485504631E-15, 1.000000000000000000, 0.000000000000000000 ) ) ;
#491 = ORIENTED_EDGE ( 'NONE', *, *, #135, .F. ) ;
#492 = VERTEX_POINT ( 'NONE', #2247 ) ;
#493 = CARTESIAN_POINT ( 'NONE',  ( 0.3999999999999995781, 0.1150000000000000050, 0.2850000000000000866 ) ) ;
#494 = CARTESIAN_POINT ( 'NONE',  ( 0.2000000000000001776, 0.2849999999999999756, -0.2749999999999999667 ) ) ;
#495 = VERTEX_POINT ( 'NONE', #1468 ) ;
#496 = LINE ( 'NONE', #2152, #1743 ) ;
#497 = EDGE_CURVE ( 'NONE', #1745, #2101, #1876, .T. ) ;
#498 = SURFACE_STYLE_USAGE ( .BOTH. , #2576 ) ;
#499 = ORIENTED_EDGE ( 'NONE', *, *, #1306, .F. ) ;
#500 = DIRECTION ( 'NONE',  ( -1.000000000000000000, 0.000000000000000000, -1.971276677246371765E-16 ) ) ;
#501 = ORIENTED_EDGE ( 'NONE', *, *, #1083, .T. ) ;
#502 = EDGE_CURVE ( 'NONE', #383, #2165, #795, .T. ) ;
#503 = PLANE ( 'NONE',  #480 ) ;
#504 = VECTOR ( 'NONE', #2682, 1000.000000000000000 ) ;
#505 = DIRECTION ( 'NONE',  ( 0.000000000000000000, -0.000000000000000000, -1.000000000000000000 ) ) ;
#506 = EDGE_LOOP ( 'NONE', ( #2331, #703, #1278, #2064 ) ) ;
#507 = ADVANCED_FACE ( 'NONE', ( #2065 ), #2466, .F. ) ;
#508 = VECTOR ( 'NONE', #1788, 1000.000000000000000 ) ;
#509 = LINE ( 'NONE', #1161, #1894 ) ;
#510 = ORIENTED_EDGE ( 'NONE', *, *, #2081, .F. ) ;
#511 = CARTESIAN_POINT ( 'NONE',  ( 0.2000000000000001776, 0.2449999999999999956, -0.2749999999999999667 ) ) ;
#512 = AXIS2_PLACEMENT_3D ( 'NONE', #1683, #625, #818 ) ;
#513 = EDGE_CURVE ( 'NONE', #1302, #1734, #2273, .T. ) ;
#514 = CARTESIAN_POINT ( 'NONE',  ( 0.000000000000000000, 0.000000000000000000, -0.2850000000000000866 ) ) ;
#515 = EDGE_LOOP ( 'NONE', ( #1525, #1119, #1951, #1018 ) ) ;
#516 = LINE ( 'NONE', #926, #2130 ) ;
#517 = EDGE_CURVE ( 'NONE', #767, #1639, #1682, .T. ) ;
#518 = AXIS2_PLACEMENT_3D ( 'NONE', #910, #1332, #1787 ) ;
#519 = PRODUCT ( 'CDBQC0240L-HF', 'CDBQC0240L-HF', '', ( #1903 ) ) ;
#520 = EDGE_CURVE ( 'NONE', #1909, #1208, #2286, .T. ) ;
#521 = FACE_OUTER_BOUND ( 'NONE', #908, .T. ) ;
#522 = LINE ( 'NONE', #2385, #1500 ) ;
#523 = VERTEX_POINT ( 'NONE', #1263 ) ;
#524 = DIRECTION ( 'NONE',  ( -1.084202172485504631E-15, -1.000000000000000000, 0.000000000000000000 ) ) ;
#525 = LINE ( 'NONE', #341, #1450 ) ;
#526 = ORIENTED_EDGE ( 'NONE', *, *, #3, .T. ) ;
#527 = DIRECTION ( 'NONE',  ( 0.000000000000000000, 0.000000000000000000, -1.000000000000000000 ) ) ;
#528 = SURFACE_STYLE_USAGE ( .BOTH. , #2205 ) ;
#529 = CARTESIAN_POINT ( 'NONE',  ( -0.5250000000000000222, -0.2650000000000000133, -0.3250000000000000666 ) ) ;
#530 = MECHANICAL_DESIGN_GEOMETRIC_PRESENTATION_REPRESENTATION (  '', ( #1194 ), #2586 ) ;
#531 = CARTESIAN_POINT ( 'NONE',  ( 0.2999999999999996558, 0.1150000000000000050, -0.2850000000000000866 ) ) ;
#532 = CARTESIAN_POINT ( 'NONE',  ( -0.4999999999999994449, 0.2650000000000000133, -0.2750000000000000222 ) ) ;
#533 = MANIFOLD_SOLID_BREP ( 'Boss-Extrude4', #252 ) ;
#534 = DIRECTION ( 'NONE',  ( 0.000000000000000000, -0.000000000000000000, -1.000000000000000000 ) ) ;
#535 = EDGE_CURVE ( 'NONE', #2512, #2335, #1821, .T. ) ;
#536 = ORIENTED_EDGE ( 'NONE', *, *, #502, .F. ) ;
#537 = SURFACE_STYLE_FILL_AREA ( #391 ) ;
#538 = DIRECTION ( 'NONE',  ( 1.084202172485504631E-15, -1.000000000000000000, 0.000000000000000000 ) ) ;
#539 = DIRECTION ( 'NONE',  ( -1.000000000000000000, -0.000000000000000000, -0.000000000000000000 ) ) ;
#540 = ORIENTED_EDGE ( 'NONE', *, *, #1901, .T. ) ;
#541 = EDGE_CURVE ( 'NONE', #2419, #523, #2663, .T. ) ;
#542 = DIRECTION ( 'NONE',  ( -1.084202172485504631E-15, 1.000000000000000000, 0.000000000000000000 ) ) ;
#543 = EDGE_CURVE ( 'NONE', #293, #80, #2398, .T. ) ;
#544 = CARTESIAN_POINT ( 'NONE',  ( 0.5250000000000002442, -0.2650000000000000133, 0.3249999999999999001 ) ) ;
#545 = ORIENTED_EDGE ( 'NONE', *, *, #541, .F. ) ;
#546 = LINE ( 'NONE', #330, #1001 ) ;
#547 =( NAMED_UNIT ( * ) SI_UNIT ( $, .STERADIAN. ) SOLID_ANGLE_UNIT ( ) );
#548 = CARTESIAN_POINT ( 'NONE',  ( 0.3999999999999996336, 0.1650000000000000078, -0.3250000000000000666 ) ) ;
#549 = LINE ( 'NONE', #335, #615 ) ;
#550 = CARTESIAN_POINT ( 'NONE',  ( 0.5000000000000002220, 0.2650000000000000133, 0.2750000000000000222 ) ) ;
#551 = VERTEX_POINT ( 'NONE', #1205 ) ;
#552 = DIRECTION ( 'NONE',  ( 1.000000000000000000, 0.000000000000000000, -0.000000000000000000 ) ) ;
#553 = CARTESIAN_POINT ( 'NONE',  ( -0.2999999999999996558, 0.1150000000000000050, -0.2850000000000000866 ) ) ;
#554 = ORIENTED_EDGE ( 'NONE', *, *, #2688, .F. ) ;
#555 = VECTOR ( 'NONE', #988, 1000.000000000000000 ) ;
#556 = CARTESIAN_POINT ( 'NONE',  ( -0.3999999999999996336, 0.1650000000000000078, -0.3250000000000000666 ) ) ;
#557 = EDGE_CURVE ( 'NONE', #1967, #1974, #365, .T. ) ;
#558 = SURFACE_STYLE_FILL_AREA ( #1604 ) ;
#559 = STYLED_ITEM ( 'NONE', ( #1927 ), #1460 ) ;
#560 = CARTESIAN_POINT ( 'NONE',  ( 0.3999999999999996336, 0.1650000000000000078, -0.3250000000000000666 ) ) ;
#561 = DIRECTION ( 'NONE',  ( 0.000000000000000000, 1.000000000000000000, 0.000000000000000000 ) ) ;
#562 = DIRECTION ( 'NONE',  ( 0.000000000000000000, -0.000000000000000000, 1.000000000000000000 ) ) ;
#563 = VECTOR ( 'NONE', #2401, 1000.000000000000000 ) ;
#564 = DIRECTION ( 'NONE',  ( -1.084202172485504631E-15, -1.000000000000000000, 0.000000000000000000 ) ) ;
#565 = CARTESIAN_POINT ( 'NONE',  ( -0.4850000000000002087, 0.1650000000000000078, 0.09999999999999982514 ) ) ;
#566 = VECTOR ( 'NONE', #23, 1000.000000000000000 ) ;
#567 = EDGE_LOOP ( 'NONE', ( #694, #137, #2377, #1574 ) ) ;
#568 = CARTESIAN_POINT ( 'NONE',  ( 0.2000000000000000666, 0.2650000000000000133, 0.2749999999999999667 ) ) ;
#569 = DIRECTION ( 'NONE',  ( 1.971276677246371765E-16, 0.000000000000000000, -1.000000000000000000 ) ) ;
#570 = DIRECTION ( 'NONE',  ( 0.000000000000000000, 1.000000000000000000, 0.000000000000000000 ) ) ;
#571 = ORIENTED_EDGE ( 'NONE', *, *, #520, .T. ) ;
#572 = AXIS2_PLACEMENT_3D ( 'NONE', #359, #159, #999 ) ;
#573 = CLOSED_SHELL ( 'NONE', ( #1295, #1249, #76, #1411, #1533, #1359 ) ) ;
#574 = DIRECTION ( 'NONE',  ( -1.000000000000000000, 0.000000000000000000, -1.971276677246372505E-16 ) ) ;
#575 = LINE ( 'NONE', #560, #2357 ) ;
#576 = CARTESIAN_POINT ( 'NONE',  ( -0.4850000000000002087, 0.1150000000000000050, 0.09999999999999981126 ) ) ;
#577 = VECTOR ( 'NONE', #1195, 1000.000000000000000 ) ;
#578 = ORIENTED_EDGE ( 'NONE', *, *, #626, .T. ) ;
#579 = EDGE_CURVE ( 'NONE', #665, #1712, #2062, .T. ) ;
#580 = CARTESIAN_POINT ( 'NONE',  ( -0.5250000000000000222, 0.1150000000000000328, -0.1000000000000001860 ) ) ;
#581 = FACE_OUTER_BOUND ( 'NONE', #1162, .T. ) ;
#582 = CARTESIAN_POINT ( 'NONE',  ( -0.5250000000000001332, 0.1650000000000000078, 0.09999999999999981126 ) ) ;
#583 = DIRECTION ( 'NONE',  ( -1.084202172485504631E-15, -1.000000000000000000, 0.000000000000000000 ) ) ;
#584 = ORIENTED_EDGE ( 'NONE', *, *, #712, .F. ) ;
#585 = CARTESIAN_POINT ( 'NONE',  ( -0.4999999999999994449, 0.2449999999999999956, -0.2750000000000000222 ) ) ;
#586 = CARTESIAN_POINT ( 'NONE',  ( -0.2999999999999996003, 0.1650000000000000078, 0.2850000000000000866 ) ) ;
#587 = LINE ( 'NONE', #349, #1124 ) ;
#588 = ORIENTED_EDGE ( 'NONE', *, *, #437, .T. ) ;
#589 = ADVANCED_FACE ( 'NONE', ( #1059 ), #2499, .F. ) ;
#590 = DIRECTION ( 'NONE',  ( 1.000000000000000000, -1.084202172485504631E-15, 0.000000000000000000 ) ) ;
#591 = ADVANCED_FACE ( 'NONE', ( #28 ), #682, .F. ) ;
#592 = DIRECTION ( 'NONE',  ( 3.336006684570783594E-16, 0.000000000000000000, -1.000000000000000000 ) ) ;
#593 = DIRECTION ( 'NONE',  ( -1.000000000000000000, -0.000000000000000000, 1.807003620809173892E-16 ) ) ;
#594 = FACE_OUTER_BOUND ( 'NONE', #2251, .T. ) ;
#595 = ORIENTED_EDGE ( 'NONE', *, *, #1331, .T. ) ;
#596 = MANIFOLD_SOLID_BREP ( 'Boss-Extrude2[1]', #573 ) ;
#597 = DIRECTION ( 'NONE',  ( 1.000000000000000000, -0.000000000000000000, -0.000000000000000000 ) ) ;
#598 = CARTESIAN_POINT ( 'NONE',  ( 0.5250000000000001332, 0.1650000000000000078, 0.09999999999999981126 ) ) ;
#599 = ADVANCED_FACE ( 'NONE', ( #270 ), #259, .T. ) ;
#600 = AXIS2_PLACEMENT_3D ( 'NONE', #2100, #616, #1474 ) ;
#601 = CARTESIAN_POINT ( 'NONE',  ( 0.2000000000000000666, 0.2449999999999999956, 0.2749999999999999667 ) ) ;
#602 = PRESENTATION_LAYER_ASSIGNMENT (  '', '', ( #559 ) ) ;
#603 = DIRECTION ( 'NONE',  ( -1.000000000000000000, 0.000000000000000000, 0.000000000000000000 ) ) ;
#604 = VECTOR ( 'NONE', #386, 1000.000000000000000 ) ;
#605 = ORIENTED_EDGE ( 'NONE', *, *, #2563, .T. ) ;
#606 = DIRECTION ( 'NONE',  ( 0.000000000000000000, -0.000000000000000000, 1.000000000000000000 ) ) ;
#607 = EDGE_CURVE ( 'NONE', #623, #394, #1748, .T. ) ;
#608 = AXIS2_PLACEMENT_3D ( 'NONE', #2593, #2440, #1663 ) ;
#609 = VECTOR ( 'NONE', #2262, 1000.000000000000000 ) ;
#610 = DIRECTION ( 'NONE',  ( 0.000000000000000000, 1.000000000000000000, 0.000000000000000000 ) ) ;
#611 = ORIENTED_EDGE ( 'NONE', *, *, #2705, .T. ) ;
#612 = CARTESIAN_POINT ( 'NONE',  ( 0.2999999999999996003, 0.1650000000000000078, 0.2850000000000000866 ) ) ;
#613 = LINE ( 'NONE', #2213, #2275 ) ;
#614 = ORIENTED_EDGE ( 'NONE', *, *, #333, .F. ) ;
#615 = VECTOR ( 'NONE', #1989, 1000.000000000000000 ) ;
#616 = DIRECTION ( 'NONE',  ( 0.000000000000000000, 0.000000000000000000, 1.000000000000000000 ) ) ;
#617 = EDGE_CURVE ( 'NONE', #1463, #1909, #1334, .T. ) ;
#618 =( NAMED_UNIT ( * ) SI_UNIT ( $, .STERADIAN. ) SOLID_ANGLE_UNIT ( ) );
#619 = CARTESIAN_POINT ( 'NONE',  ( 0.2000000000000000666, 0.2650000000000000133, 0.2749999999999999667 ) ) ;
#620 = ORIENTED_EDGE ( 'NONE', *, *, #2363, .T. ) ;
#621 = UNCERTAINTY_MEASURE_WITH_UNIT (LENGTH_MEASURE( 1.000000000000000082E-05 ), #1282, 'distance_accuracy_value', 'NONE');
#622 = CARTESIAN_POINT ( 'NONE',  ( 0.4850000000000002087, 0.1150000000000000050, 0.09999999999999981126 ) ) ;
#623 = VERTEX_POINT ( 'NONE', #2561 ) ;
#624 = ADVANCED_FACE ( 'NONE', ( #1137 ), #1761, .F. ) ;
#625 = DIRECTION ( 'NONE',  ( 0.000000000000000000, 1.000000000000000000, -0.000000000000000000 ) ) ;
#626 = EDGE_CURVE ( 'NONE', #2564, #288, #886, .T. ) ;
#627 = CARTESIAN_POINT ( 'NONE',  ( 0.2000000000000001776, 0.2849999999999999756, -0.2749999999999999667 ) ) ;
#628 = ORIENTED_EDGE ( 'NONE', *, *, #27, .F. ) ;
#629 = LINE ( 'NONE', #169, #1954 ) ;
#630 = ORIENTED_EDGE ( 'NONE', *, *, #2403, .F. ) ;
#631 = SURFACE_STYLE_FILL_AREA ( #1461 ) ;
#632 = VERTEX_POINT ( 'NONE', #2602 ) ;
#633 = CARTESIAN_POINT ( 'NONE',  ( -0.4999999999999994449, 0.2849999999999999756, -0.2750000000000000222 ) ) ;
#634 = VERTEX_POINT ( 'NONE', #1343 ) ;
#635 = CARTESIAN_POINT ( 'NONE',  ( -0.4850000000000002087, 0.1150000000000000328, -0.1000000000000001860 ) ) ;
#636 = EDGE_CURVE ( 'NONE', #860, #129, #2374, .T. ) ;
#637 = CARTESIAN_POINT ( 'NONE',  ( 0.000000000000000000, 0.000000000000000000, -0.2850000000000000866 ) ) ;
#638 =( NAMED_UNIT ( * ) PLANE_ANGLE_UNIT ( ) SI_UNIT ( $, .RADIAN. ) );
#639 = ORIENTED_EDGE ( 'NONE', *, *, #2745, .T. ) ;
#640 = AXIS2_PLACEMENT_3D ( 'NONE', #2744, #1253, #606 ) ;
#641 = SURFACE_STYLE_USAGE ( .BOTH. , #180 ) ;
#642 = EDGE_LOOP ( 'NONE', ( #2698, #449, #1837, #1568 ) ) ;
#643 = AXIS2_PLACEMENT_3D ( 'NONE', #940, #1594, #562 ) ;
#644 = VERTEX_POINT ( 'NONE', #1113 ) ;
#645 = VECTOR ( 'NONE', #1347, 1000.000000000000000 ) ;
#646 = CARTESIAN_POINT ( 'NONE',  ( 0.4850000000000002087, 0.1650000000000000078, 0.09999999999999982514 ) ) ;
#647 = ORIENTED_EDGE ( 'NONE', *, *, #2257, .F. ) ;
#648 = VECTOR ( 'NONE', #583, 1000.000000000000000 ) ;
#649 = ORIENTED_EDGE ( 'NONE', *, *, #712, .T. ) ;
#650 = LINE ( 'NONE', #442, #1584 ) ;
#651 = VECTOR ( 'NONE', #52, 1000.000000000000000 ) ;
#652 = DIRECTION ( 'NONE',  ( 1.000000000000000000, 0.000000000000000000, 0.000000000000000000 ) ) ;
#653 = DIRECTION ( 'NONE',  ( -1.000000000000000000, 0.000000000000000000, 0.000000000000000000 ) ) ;
#654 = EDGE_CURVE ( 'NONE', #623, #2184, #2399, .T. ) ;
#655 = CARTESIAN_POINT ( 'NONE',  ( 0.5250000000000001332, 0.1650000000000000355, -0.1000000000000001998 ) ) ;
#656 = ORIENTED_EDGE ( 'NONE', *, *, #171, .T. ) ;
#657 = PLANE ( 'NONE',  #600 ) ;
#658 = VECTOR ( 'NONE', #1396, 1000.000000000000000 ) ;
#659 = EDGE_CURVE ( 'NONE', #855, #1907, #1125, .T. ) ;
#660 = ORIENTED_EDGE ( 'NONE', *, *, #347, .T. ) ;
#661 = LINE ( 'NONE', #201, #468 ) ;
#662 = ORIENTED_EDGE ( 'NONE', *, *, #331, .F. ) ;
#663 = ORIENTED_EDGE ( 'NONE', *, *, #2482, .T. ) ;
#664 = DIRECTION ( 'NONE',  ( 0.000000000000000000, -1.355252715606880543E-16, 1.000000000000000000 ) ) ;
#665 = VERTEX_POINT ( 'NONE', #1946 ) ;
#666 = DIRECTION ( 'NONE',  ( 1.807003620809174139E-16, -0.000000000000000000, 1.000000000000000000 ) ) ;
#667 = ADVANCED_FACE ( 'NONE', ( #521 ), #743, .F. ) ;
#668 = VERTEX_POINT ( 'NONE', #431 ) ;
#669 = AXIS2_PLACEMENT_3D ( 'NONE', #1060, #1701, #2294 ) ;
#670 = CARTESIAN_POINT ( 'NONE',  ( 0.3999999999999995781, 0.1150000000000000050, -0.3250000000000000666 ) ) ;
#671 = EDGE_CURVE ( 'NONE', #1189, #293, #247, .T. ) ;
#672 = ORIENTED_EDGE ( 'NONE', *, *, #1406, .F. ) ;
#673 = CARTESIAN_POINT ( 'NONE',  ( 0.2000000000000001776, 0.2449999999999999956, -0.2749999999999999667 ) ) ;
#674 = ORIENTED_EDGE ( 'NONE', *, *, #2175, .T. ) ;
#675 = LINE ( 'NONE', #451, #1877 ) ;
#676 = ORIENTED_EDGE ( 'NONE', *, *, #434, .T. ) ;
#677 = EDGE_CURVE ( 'NONE', #257, #1805, #316, .T. ) ;
#678 = LINE ( 'NONE', #435, #2530 ) ;
#679 = ORIENTED_EDGE ( 'NONE', *, *, #1167, .F. ) ;
#680 = CARTESIAN_POINT ( 'NONE',  ( -0.2999999999999996003, 0.1650000000000000078, -0.2850000000000000866 ) ) ;
#681 = ADVANCED_FACE ( 'NONE', ( #963 ), #2266, .T. ) ;
#682 = PLANE ( 'NONE',  #415 ) ;
#683 = PLANE ( 'NONE',  #1544 ) ;
#684 = AXIS2_PLACEMENT_3D ( 'NONE', #1481, #2699, #208 ) ;
#685 = VERTEX_POINT ( 'NONE', #801 ) ;
#686 = AXIS2_PLACEMENT_3D ( 'NONE', #370, #2506, #2515 ) ;
#687 = ORIENTED_EDGE ( 'NONE', *, *, #1029, .T. ) ;
#688 = LINE ( 'NONE', #1075, #1960 ) ;
#689 = EDGE_LOOP ( 'NONE', ( #2349, #273, #1965, #1392 ) ) ;
#690 = AXIS2_PLACEMENT_3D ( 'NONE', #2090, #1050, #147 ) ;
#691 = AXIS2_PLACEMENT_3D ( 'NONE', #1017, #444, #2517 ) ;
#692 = CARTESIAN_POINT ( 'NONE',  ( 0.5000000000000002220, 0.2849999999999999756, -0.2750000000000000222 ) ) ;
#693 = CARTESIAN_POINT ( 'NONE',  ( 0.2999999999999996558, 0.1150000000000000050, -0.2850000000000000866 ) ) ;
#694 = ORIENTED_EDGE ( 'NONE', *, *, #6, .T. ) ;
#695 = CARTESIAN_POINT ( 'NONE',  ( -0.3999999999999995781, 0.1150000000000000050, 0.3250000000000000666 ) ) ;
#696 = FILL_AREA_STYLE ('',( #39 ) ) ;
#697 = CARTESIAN_POINT ( 'NONE',  ( -0.3999999999999996336, 0.1650000000000000078, -0.2850000000000000866 ) ) ;
#698 = ORIENTED_EDGE ( 'NONE', *, *, #1123, .T. ) ;
#699 = CARTESIAN_POINT ( 'NONE',  ( -0.1999999999999995393, 0.2449999999999999956, 0.2750000000000000222 ) ) ;
#700 = ORIENTED_EDGE ( 'NONE', *, *, #1216, .F. ) ;
#701 = EDGE_CURVE ( 'NONE', #1994, #182, #991, .T. ) ;
#702 = LINE ( 'NONE', #730, #1926 ) ;
#703 = ORIENTED_EDGE ( 'NONE', *, *, #2694, .F. ) ;
#704 = VECTOR ( 'NONE', #2169, 1000.000000000000000 ) ;
#705 = ADVANCED_FACE ( 'NONE', ( #2665 ), #378, .F. ) ;
#706 = DIRECTION ( 'NONE',  ( -0.000000000000000000, -0.000000000000000000, 1.000000000000000000 ) ) ;
#707 = ORIENTED_EDGE ( 'NONE', *, *, #1083, .F. ) ;
#708 = VECTOR ( 'NONE', #2675, 1000.000000000000000 ) ;
#709 = FACE_OUTER_BOUND ( 'NONE', #2743, .T. ) ;
#710 = FACE_OUTER_BOUND ( 'NONE', #1118, .T. ) ;
#711 = CARTESIAN_POINT ( 'NONE',  ( -0.4850000000000002087, 0.1150000000000000050, 0.09999999999999982514 ) ) ;
#712 = EDGE_CURVE ( 'NONE', #495, #1505, #1384, .T. ) ;
#713 = CARTESIAN_POINT ( 'NONE',  ( -0.2999999999999996003, 0.1650000000000000078, 0.2850000000000000866 ) ) ;
#714 = ORIENTED_EDGE ( 'NONE', *, *, #1112, .T. ) ;
#715 = CARTESIAN_POINT ( 'NONE',  ( 0.5000000000000002220, 0.2449999999999999956, -0.2750000000000000222 ) ) ;
#716 = VECTOR ( 'NONE', #2254, 1000.000000000000000 ) ;
#717 = LINE ( 'NONE', #1614, #2352 ) ;
#718 = VERTEX_POINT ( 'NONE', #2208 ) ;
#719 = ADVANCED_FACE ( 'NONE', ( #2446 ), #1822, .F. ) ;
#720 = ORIENTED_EDGE ( 'NONE', *, *, #1853, .F. ) ;
#721 = SURFACE_STYLE_USAGE ( .BOTH. , #1730 ) ;
#722 = DIRECTION ( 'NONE',  ( -1.084202172485504631E-15, -1.000000000000000000, 0.000000000000000000 ) ) ;
#723 = VERTEX_POINT ( 'NONE', #1846 ) ;
#724 = CARTESIAN_POINT ( 'NONE',  ( -0.5250000000000001332, 0.1150000000000000328, -0.1000000000000001998 ) ) ;
#725 = SURFACE_STYLE_FILL_AREA ( #696 ) ;
#726 = CARTESIAN_POINT ( 'NONE',  ( 0.5250000000000001332, 0.1150000000000000328, -0.1000000000000001998 ) ) ;
#727 = ORIENTED_EDGE ( 'NONE', *, *, #2579, .F. ) ;
#728 = STYLED_ITEM ( 'NONE', ( #2704 ), #828 ) ;
#729 = CARTESIAN_POINT ( 'NONE',  ( -0.5250000000000000222, 0.2650000000000000133, 0.3249999999999999001 ) ) ;
#730 = CARTESIAN_POINT ( 'NONE',  ( -0.2999999999999996003, 0.1650000000000000078, -0.3250000000000000666 ) ) ;
#731 = AXIS2_PLACEMENT_3D ( 'NONE', #692, #666, #1340 ) ;
#732 = DIRECTION ( 'NONE',  ( -1.084202172485504631E-15, -1.000000000000000000, -0.000000000000000000 ) ) ;
#733 = ORIENTED_EDGE ( 'NONE', *, *, #390, .T. ) ;
#734 = VECTOR ( 'NONE', #2407, 1000.000000000000000 ) ;
#735 = LINE ( 'NONE', #2650, #1174 ) ;
#736 = VECTOR ( 'NONE', #2389, 1000.000000000000000 ) ;
#737 = LINE ( 'NONE', #2383, #1801 ) ;
#738 = AXIS2_PLACEMENT_3D ( 'NONE', #397, #2712, #841 ) ;
#739 = ORIENTED_EDGE ( 'NONE', *, *, #1854, .F. ) ;
#740 = ADVANCED_FACE ( 'NONE', ( #1395 ), #976, .F. ) ;
#741 = DIRECTION ( 'NONE',  ( -1.000000000000000000, 0.000000000000000000, 3.336006684570783594E-16 ) ) ;
#742 = EDGE_CURVE ( 'NONE', #2042, #2216, #2006, .T. ) ;
#743 = PLANE ( 'NONE',  #1314 ) ;
#744 = DIRECTION ( 'NONE',  ( -1.000000000000000000, 0.000000000000000000, 0.000000000000000000 ) ) ;
#745 = CARTESIAN_POINT ( 'NONE',  ( 0.000000000000000000, 0.000000000000000000, 0.2850000000000000866 ) ) ;
#746 = ORIENTED_EDGE ( 'NONE', *, *, #2113, .F. ) ;
#747 = EDGE_CURVE ( 'NONE', #492, #342, #352, .T. ) ;
#748 = CARTESIAN_POINT ( 'NONE',  ( 0.5000000000000002220, 0.2449999999999999956, -0.2750000000000000222 ) ) ;
#749 = ADVANCED_FACE ( 'NONE', ( #2415 ), #2474, .F. ) ;
#750 = VECTOR ( 'NONE', #1346, 1000.000000000000000 ) ;
#751 = CARTESIAN_POINT ( 'NONE',  ( 0.5000000000000002220, 0.2849999999999999756, -0.2750000000000000222 ) ) ;
#752 = ORIENTED_EDGE ( 'NONE', *, *, #1375, .T. ) ;
#753 = PLANE ( 'NONE',  #921 ) ;
#754 = ORIENTED_EDGE ( 'NONE', *, *, #1629, .T. ) ;
#755 = DIRECTION ( 'NONE',  ( -1.000000000000000000, 0.000000000000000000, 0.000000000000000000 ) ) ;
#756 = VECTOR ( 'NONE', #2218, 1000.000000000000000 ) ;
#757 = LINE ( 'NONE', #693, #2314 ) ;
#758 = VECTOR ( 'NONE', #2387, 1000.000000000000000 ) ;
#759 = LINE ( 'NONE', #1607, #4 ) ;
#760 = CARTESIAN_POINT ( 'NONE',  ( 0.2999999999999996003, 0.1650000000000000078, 0.3250000000000000666 ) ) ;
#761 = PLANE ( 'NONE',  #202 ) ;
#762 = LINE ( 'NONE', #1857, #1004 ) ;
#763 = EDGE_LOOP ( 'NONE', ( #279, #134, #1049, #2373 ) ) ;
#764 = DIRECTION ( 'NONE',  ( -1.971276677246372012E-16, 0.000000000000000000, 1.000000000000000000 ) ) ;
#765 = ADVANCED_FACE ( 'NONE', ( #156 ), #1202, .F. ) ;
#766 = LINE ( 'NONE', #2627, #462 ) ;
#767 = VERTEX_POINT ( 'NONE', #1809 ) ;
#768 = DIRECTION ( 'NONE',  ( 1.000000000000000000, 0.000000000000000000, 1.807003620809173153E-16 ) ) ;
#769 = SURFACE_STYLE_USAGE ( .BOTH. , #1182 ) ;
#770 = EDGE_CURVE ( 'NONE', #93, #551, #1831, .T. ) ;
#771 = CARTESIAN_POINT ( 'NONE',  ( 0.3999999999999995781, 0.1150000000000000050, -0.3250000000000000666 ) ) ;
#772 = DIRECTION ( 'NONE',  ( -1.084202172485504631E-15, -1.000000000000000000, 0.000000000000000000 ) ) ;
#773 = LINE ( 'NONE', #1153, #658 ) ;
#774 = ORIENTED_EDGE ( 'NONE', *, *, #1982, .T. ) ;
#775 = PRESENTATION_STYLE_ASSIGNMENT (( #1624 ) ) ;
#776 = STYLED_ITEM ( 'NONE', ( #2589 ), #596 ) ;
#777 = FILL_AREA_STYLE_COLOUR ( '', #1286 ) ;
#778 = DIRECTION ( 'NONE',  ( -1.000000000000000000, 0.000000000000000000, 1.807003620809173892E-16 ) ) ;
#779 = VERTEX_POINT ( 'NONE', #580 ) ;
#780 = AXIS2_PLACEMENT_3D ( 'NONE', #1166, #1431, #1007 ) ;
#781 = PRESENTATION_LAYER_ASSIGNMENT (  '', '', ( #2350 ) ) ;
#782 =( NAMED_UNIT ( * ) PLANE_ANGLE_UNIT ( ) SI_UNIT ( $, .RADIAN. ) );
#783 =( GEOMETRIC_REPRESENTATION_CONTEXT ( 3 ) GLOBAL_UNCERTAINTY_ASSIGNED_CONTEXT ( ( #400 ) ) GLOBAL_UNIT_ASSIGNED_CONTEXT ( ( #2660, #1985, #2248 ) ) REPRESENTATION_CONTEXT ( 'NONE', 'WORKASPACE' ) );
#784 = LINE ( 'NONE', #531, #1223 ) ;
#785 = PRESENTATION_LAYER_ASSIGNMENT (  '', '', ( #2231 ) ) ;
#786 = ORIENTED_EDGE ( 'NONE', *, *, #2540, .F. ) ;
#787 = DIRECTION ( 'NONE',  ( 0.000000000000000000, -0.000000000000000000, 1.000000000000000000 ) ) ;
#788 = CARTESIAN_POINT ( 'NONE',  ( -0.2999999999999996558, 0.1150000000000000050, 0.3250000000000000666 ) ) ;
#789 = STYLED_ITEM ( 'NONE', ( #2404 ), #2364 ) ;
#790 = ORIENTED_EDGE ( 'NONE', *, *, #1813, .T. ) ;
#791 = PLANE ( 'NONE',  #1418 ) ;
#792 = CARTESIAN_POINT ( 'NONE',  ( -0.2999999999999996003, 0.1650000000000000078, -0.2850000000000000866 ) ) ;
#793 = VERTEX_POINT ( 'NONE', #334 ) ;
#794 = CLOSED_SHELL ( 'NONE', ( #384, #740, #667, #152, #64, #1929 ) ) ;
#795 = LINE ( 'NONE', #1221, #205 ) ;
#796 = LINE ( 'NONE', #1670, #1092 ) ;
#797 = EDGE_CURVE ( 'NONE', #2216, #1264, #2253, .T. ) ;
#798 = CARTESIAN_POINT ( 'NONE',  ( -0.4999999999999995559, 0.2449999999999999956, 0.2750000000000000222 ) ) ;
#799 = EDGE_CURVE ( 'NONE', #1805, #2564, #1186, .T. ) ;
#800 = ORIENTED_EDGE ( 'NONE', *, *, #452, .F. ) ;
#801 = CARTESIAN_POINT ( 'NONE',  ( 0.2000000000000001776, 0.2449999999999999956, -0.2749999999999999667 ) ) ;
#802 = CARTESIAN_POINT ( 'NONE',  ( -0.3999999999999995781, 0.1150000000000000050, 0.2850000000000000866 ) ) ;
#803 = ADVANCED_FACE ( 'NONE', ( #2047 ), #1859, .F. ) ;
#804 = LINE ( 'NONE', #633, #1841 ) ;
#805 = VERTEX_POINT ( 'NONE', #1662 ) ;
#806 = CARTESIAN_POINT ( 'NONE',  ( 0.4850000000000002087, 0.1150000000000000050, 0.09999999999999982514 ) ) ;
#807 = EDGE_CURVE ( 'NONE', #1963, #1767, #1242, .T. ) ;
#808 = CARTESIAN_POINT ( 'NONE',  ( 0.3999999999999996336, 0.1650000000000000078, -0.2850000000000000866 ) ) ;
#809 = CARTESIAN_POINT ( 'NONE',  ( 0.3999999999999996336, 0.1650000000000000078, -0.2850000000000000866 ) ) ;
#810 = DIRECTION ( 'NONE',  ( -0.000000000000000000, -0.000000000000000000, -1.000000000000000000 ) ) ;
#811 = ORIENTED_EDGE ( 'NONE', *, *, #1373, .T. ) ;
#812 = EDGE_CURVE ( 'NONE', #2151, #1417, #2519, .T. ) ;
#813 = CARTESIAN_POINT ( 'NONE',  ( 0.3999999999999996336, 0.1650000000000000078, 0.2850000000000000866 ) ) ;
#814 = EDGE_LOOP ( 'NONE', ( #1999, #1155, #848, #142 ) ) ;
#815 = CARTESIAN_POINT ( 'NONE',  ( 0.2999999999999996558, 0.1150000000000000050, -0.2850000000000000866 ) ) ;
#816 = DIRECTION ( 'NONE',  ( 1.000000000000000000, 0.000000000000000000, -0.000000000000000000 ) ) ;
#817 = PLANE ( 'NONE',  #690 ) ;
#818 = DIRECTION ( 'NONE',  ( 0.000000000000000000, 0.000000000000000000, 1.000000000000000000 ) ) ;
#819 = VECTOR ( 'NONE', #1211, 1000.000000000000000 ) ;
#820 = PLANE ( 'NONE',  #376 ) ;
#821 = MECHANICAL_DESIGN_GEOMETRIC_PRESENTATION_REPRESENTATION (  '', ( #559 ), #1915 ) ;
#822 = CARTESIAN_POINT ( 'NONE',  ( 0.2000000000000000666, 0.2849999999999999756, 0.2749999999999999667 ) ) ;
#823 = EDGE_CURVE ( 'NONE', #668, #2441, #629, .T. ) ;
#824 = PRESENTATION_LAYER_ASSIGNMENT (  '', '', ( #1838 ) ) ;
#825 = ORIENTED_EDGE ( 'NONE', *, *, #1025, .T. ) ;
#826 = PLANE ( 'NONE',  #2702 ) ;
#827 = VECTOR ( 'NONE', #2477, 1000.000000000000000 ) ;
#828 = ADVANCED_FACE ( 'NONE', ( #1711, #1687, #393 ), #1031, .T. ) ;
#829 = AXIS2_PLACEMENT_3D ( 'NONE', #1562, #1955, #1986 ) ;
#830 = ORIENTED_EDGE ( 'NONE', *, *, #1704, .T. ) ;
#831 = LINE ( 'NONE', #1690, #1798 ) ;
#832 = ORIENTED_EDGE ( 'NONE', *, *, #215, .F. ) ;
#833 = EDGE_CURVE ( 'NONE', #1421, #80, #1069, .T. ) ;
#834 = ADVANCED_FACE ( 'NONE', ( #2533 ), #826, .F. ) ;
#835 = DIRECTION ( 'NONE',  ( 1.000000000000000000, 0.000000000000000000, 1.807003620809173399E-16 ) ) ;
#836 = FACE_OUTER_BOUND ( 'NONE', #1698, .T. ) ;
#837 = LINE ( 'NONE', #1856, #95 ) ;
#838 = ORIENTED_EDGE ( 'NONE', *, *, #823, .T. ) ;
#839 = DIRECTION ( 'NONE',  ( -0.000000000000000000, -1.000000000000000000, -0.000000000000000000 ) ) ;
#840 = ORIENTED_EDGE ( 'NONE', *, *, #290, .F. ) ;
#841 = DIRECTION ( 'NONE',  ( 0.000000000000000000, -0.000000000000000000, 1.000000000000000000 ) ) ;
#842 = PRODUCT_DEFINITION_CONTEXT ( 'detailed design', #1169, 'design' ) ;
#843 = CARTESIAN_POINT ( 'NONE',  ( 0.2999999999999996003, 0.1650000000000000078, -0.3250000000000000666 ) ) ;
#844 = DIRECTION ( 'NONE',  ( 1.000000000000000000, 0.000000000000000000, -0.000000000000000000 ) ) ;
#845 = FILL_AREA_STYLE_COLOUR ( '', #1131 ) ;
#846 = ORIENTED_EDGE ( 'NONE', *, *, #434, .F. ) ;
#847 = LINE ( 'NONE', #405, #1266 ) ;
#848 = ORIENTED_EDGE ( 'NONE', *, *, #557, .F. ) ;
#849 = DIRECTION ( 'NONE',  ( -1.000000000000000000, 0.000000000000000000, -3.336006684570784088E-16 ) ) ;
#850 = VERTEX_POINT ( 'NONE', #2720 ) ;
#851 = CARTESIAN_POINT ( 'NONE',  ( -0.2999999999999996558, 0.1150000000000000050, -0.3250000000000000666 ) ) ;
#852 = DIRECTION ( 'NONE',  ( -1.000000000000000000, -0.000000000000000000, 0.000000000000000000 ) ) ;
#853 = ORIENTED_EDGE ( 'NONE', *, *, #1111, .T. ) ;
#854 =( NAMED_UNIT ( * ) SI_UNIT ( $, .STERADIAN. ) SOLID_ANGLE_UNIT ( ) );
#855 = VERTEX_POINT ( 'NONE', #2511 ) ;
#856 = COLOUR_RGB ( '',0.6666666666666666297, 0.6980392156862744724, 0.7686274509803920907 ) ;
#857 = ORIENTED_EDGE ( 'NONE', *, *, #997, .T. ) ;
#858 = VECTOR ( 'NONE', #432, 1000.000000000000000 ) ;
#859 = CARTESIAN_POINT ( 'NONE',  ( 0.5250000000000001332, 0.1650000000000000355, -0.1000000000000001998 ) ) ;
#860 = VERTEX_POINT ( 'NONE', #1699 ) ;
#861 =( GEOMETRIC_REPRESENTATION_CONTEXT ( 3 ) GLOBAL_UNCERTAINTY_ASSIGNED_CONTEXT ( ( #2541 ) ) GLOBAL_UNIT_ASSIGNED_CONTEXT ( ( #1993, #1156, #2230 ) ) REPRESENTATION_CONTEXT ( 'NONE', 'WORKASPACE' ) );
#862 = UNCERTAINTY_MEASURE_WITH_UNIT (LENGTH_MEASURE( 1.000000000000000082E-05 ), #2080, 'distance_accuracy_value', 'NONE');
#863 = EDGE_LOOP ( 'NONE', ( #1339, #351, #1752, #1327 ) ) ;
#864 = CARTESIAN_POINT ( 'NONE',  ( 0.3999999999999996336, 0.1650000000000000078, 0.3250000000000000666 ) ) ;
#865 = COLOUR_RGB ( '',0.6666666666666666297, 0.6980392156862744724, 0.7686274509803920907 ) ;
#866 = ORIENTED_EDGE ( 'NONE', *, *, #1928, .T. ) ;
#867 = FACE_OUTER_BOUND ( 'NONE', #2340, .T. ) ;
#868 = ADVANCED_FACE ( 'NONE', ( #1676 ), #657, .T. ) ;
#869 = EDGE_CURVE ( 'NONE', #17, #2608, #847, .T. ) ;
#870 = LINE ( 'NONE', #2729, #1230 ) ;
#871 = ORIENTED_EDGE ( 'NONE', *, *, #1611, .T. ) ;
#872 = CARTESIAN_POINT ( 'NONE',  ( -0.5250000000000001332, 0.1650000000000000078, 0.09999999999999981126 ) ) ;
#873 = VERTEX_POINT ( 'NONE', #197 ) ;
#874 = PLANE ( 'NONE',  #1045 ) ;
#875 = ORIENTED_EDGE ( 'NONE', *, *, #1629, .F. ) ;
#876 = EDGE_CURVE ( 'NONE', #430, #48, #1058, .T. ) ;
#877 = VECTOR ( 'NONE', #2591, 1000.000000000000000 ) ;
#878 =( LENGTH_UNIT ( ) NAMED_UNIT ( * ) SI_UNIT ( .MILLI., .METRE. ) );
#879 = ORIENTED_EDGE ( 'NONE', *, *, #1973, .F. ) ;
#880 = DIRECTION ( 'NONE',  ( 0.000000000000000000, -1.000000000000000000, 0.000000000000000000 ) ) ;
#881 = VECTOR ( 'NONE', #1235, 1000.000000000000000 ) ;
#882 = ADVANCED_FACE ( 'NONE', ( #1303 ), #2124, .F. ) ;
#883 = FACE_OUTER_BOUND ( 'NONE', #2375, .T. ) ;
#884 = VERTEX_POINT ( 'NONE', #872 ) ;
#885 = CARTESIAN_POINT ( 'NONE',  ( 0.4850000000000002087, 0.1150000000000000328, -0.1000000000000001860 ) ) ;
#886 = LINE ( 'NONE', #1988, #2392 ) ;
#887 = LINE ( 'NONE', #699, #2177 ) ;
#888 = ORIENTED_EDGE ( 'NONE', *, *, #812, .F. ) ;
#889 = ORIENTED_EDGE ( 'NONE', *, *, #2455, .T. ) ;
#890 = EDGE_LOOP ( 'NONE', ( #2693, #34, #970, #871 ) ) ;
#891 = CARTESIAN_POINT ( 'NONE',  ( -0.2999999999999996003, 0.1650000000000000078, -0.2850000000000000866 ) ) ;
#892 = DIRECTION ( 'NONE',  ( 0.000000000000000000, 0.000000000000000000, -1.000000000000000000 ) ) ;
#893 = ORIENTED_EDGE ( 'NONE', *, *, #1289, .T. ) ;
#894 = CARTESIAN_POINT ( 'NONE',  ( 0.2000000000000000666, 0.2449999999999999956, 0.2749999999999999667 ) ) ;
#895 = SURFACE_SIDE_STYLE ('',( #725 ) ) ;
#896 = EDGE_CURVE ( 'NONE', #2335, #1944, #1333, .T. ) ;
#897 = PRESENTATION_LAYER_ASSIGNMENT (  '', '', ( #728 ) ) ;
#898 = DIRECTION ( 'NONE',  ( 4.521132118547259478E-32, -1.000000000000000000, -1.355252715606880789E-16 ) ) ;
#899 = LINE ( 'NONE', #1554, #9 ) ;
#900 = VECTOR ( 'NONE', #2299, 1000.000000000000000 ) ;
#901 = ADVANCED_FACE ( 'NONE', ( #2587 ), #2356, .F. ) ;
#902 = VECTOR ( 'NONE', #755, 1000.000000000000000 ) ;
#903 = DIRECTION ( 'NONE',  ( -1.000000000000000000, 0.000000000000000000, 1.807003620809174139E-16 ) ) ;
#904 = EDGE_CURVE ( 'NONE', #110, #2165, #516, .T. ) ;
#905 = ORIENTED_EDGE ( 'NONE', *, *, #2703, .T. ) ;
#906 = VECTOR ( 'NONE', #2417, 1000.000000000000000 ) ;
#907 =( GEOMETRIC_REPRESENTATION_CONTEXT ( 3 ) GLOBAL_UNCERTAINTY_ASSIGNED_CONTEXT ( ( #2297 ) ) GLOBAL_UNIT_ASSIGNED_CONTEXT ( ( #1852, #782, #1656 ) ) REPRESENTATION_CONTEXT ( 'NONE', 'WORKASPACE' ) );
#908 = EDGE_LOOP ( 'NONE', ( #1803, #1116, #649, #1056 ) ) ;
#909 = PLANE ( 'NONE',  #947 ) ;
#910 = CARTESIAN_POINT ( 'NONE',  ( 0.2999999999999996558, 0.1150000000000000050, -0.2850000000000000866 ) ) ;
#911 = EDGE_LOOP ( 'NONE', ( #939, #2123, #62, #2734 ) ) ;
#912 = LINE ( 'NONE', #670, #2172 ) ;
#913 = CARTESIAN_POINT ( 'NONE',  ( 0.4850000000000002087, 0.1650000000000000078, 0.09999999999999981126 ) ) ;
#914 = ORIENTED_EDGE ( 'NONE', *, *, #1464, .T. ) ;
#915 = DIRECTION ( 'NONE',  ( -1.084202172485504631E-15, -1.000000000000000000, 0.000000000000000000 ) ) ;
#916 = CARTESIAN_POINT ( 'NONE',  ( -0.2999999999999996558, 0.1150000000000000050, 0.2850000000000000866 ) ) ;
#917 = ADVANCED_FACE ( 'NONE', ( #710 ), #1775, .T. ) ;
#918 = EDGE_LOOP ( 'NONE', ( #1322, #2072, #1874, #2076 ) ) ;
#919 = FACE_OUTER_BOUND ( 'NONE', #2030, .T. ) ;
#920 = ORIENTED_EDGE ( 'NONE', *, *, #807, .F. ) ;
#921 = AXIS2_PLACEMENT_3D ( 'NONE', #1130, #1783, #935 ) ;
#922 = LINE ( 'NONE', #1769, #756 ) ;
#923 = FILL_AREA_STYLE ('',( #2351 ) ) ;
#924 = FACE_OUTER_BOUND ( 'NONE', #2146, .T. ) ;
#925 = ORIENTED_EDGE ( 'NONE', *, *, #671, .F. ) ;
#926 = CARTESIAN_POINT ( 'NONE',  ( -0.4850000000000002087, 0.1650000000000000355, -0.1000000000000001998 ) ) ;
#927 = DIRECTION ( 'NONE',  ( -0.000000000000000000, -0.000000000000000000, -1.000000000000000000 ) ) ;
#928 = LINE ( 'NONE', #809, #380 ) ;
#929 = ORIENTED_EDGE ( 'NONE', *, *, #1201, .F. ) ;
#930 = FACE_BOUND ( 'NONE', #1778, .T. ) ;
#931 = FACE_OUTER_BOUND ( 'NONE', #2234, .T. ) ;
#932 = DIRECTION ( 'NONE',  ( 1.000000000000000000, 0.000000000000000000, 0.000000000000000000 ) ) ;
#933 = VERTEX_POINT ( 'NONE', #894 ) ;
#934 = EDGE_CURVE ( 'NONE', #2598, #1089, #1573, .T. ) ;
#935 = DIRECTION ( 'NONE',  ( -1.084202172485504631E-15, -1.000000000000000000, 0.000000000000000000 ) ) ;
#936 = EDGE_LOOP ( 'NONE', ( #774, #739, #662, #663 ) ) ;
#937 = CARTESIAN_POINT ( 'NONE',  ( 0.5000000000000002220, 0.2849999999999999756, 0.2750000000000000222 ) ) ;
#938 = CARTESIAN_POINT ( 'NONE',  ( 0.3999999999999996336, 0.1650000000000000078, 0.3250000000000000666 ) ) ;
#939 = ORIENTED_EDGE ( 'NONE', *, *, #2487, .T. ) ;
#940 = CARTESIAN_POINT ( 'NONE',  ( 0.000000000000000000, 0.2449999999999999956, 0.000000000000000000 ) ) ;
#941 = EDGE_CURVE ( 'NONE', #983, #75, #2372, .T. ) ;
#942 = FILL_AREA_STYLE ('',( #2192 ) ) ;
#943 = DIRECTION ( 'NONE',  ( 0.000000000000000000, 0.000000000000000000, -1.000000000000000000 ) ) ;
#944 = CARTESIAN_POINT ( 'NONE',  ( -0.4850000000000002087, 0.1650000000000000078, 0.09999999999999981126 ) ) ;
#945 = ORIENTED_EDGE ( 'NONE', *, *, #941, .F. ) ;
#946 = AXIS2_PLACEMENT_3D ( 'NONE', #2695, #1869, #1458 ) ;
#947 = AXIS2_PLACEMENT_3D ( 'NONE', #891, #66, #2596 ) ;
#948 = LINE ( 'NONE', #1995, #2615 ) ;
#949 = EDGE_LOOP ( 'NONE', ( #481, #1357, #647, #1424 ) ) ;
#950 = COLOUR_RGB ( '',0.6666666666666666297, 0.6980392156862744724, 0.7686274509803920907 ) ;
#951 = PLANE ( 'NONE',  #1934 ) ;
#952 = VERTEX_POINT ( 'NONE', #1747 ) ;
#953 = DIRECTION ( 'NONE',  ( -0.000000000000000000, -1.355252715606880543E-16, 1.000000000000000000 ) ) ;
#954 = VECTOR ( 'NONE', #2258, 1000.000000000000000 ) ;
#955 = PRESENTATION_LAYER_ASSIGNMENT (  '', '', ( #776 ) ) ;
#956 = CARTESIAN_POINT ( 'NONE',  ( -0.5250000000000000222, -0.2650000000000000133, 0.3249999999999999001 ) ) ;
#957 = MECHANICAL_DESIGN_GEOMETRIC_PRESENTATION_REPRESENTATION (  '', ( #789 ), #1880 ) ;
#958 = ORIENTED_EDGE ( 'NONE', *, *, #1331, .F. ) ;
#959 = CARTESIAN_POINT ( 'NONE',  ( 0.5000000000000002220, 0.2849999999999999756, -0.2750000000000000222 ) ) ;
#960 = EDGE_CURVE ( 'NONE', #495, #440, #1733, .T. ) ;
#961 = EDGE_CURVE ( 'NONE', #257, #723, #2397, .T. ) ;
#962 = STYLED_ITEM ( 'NONE', ( #2126 ), #92 ) ;
#963 = FACE_OUTER_BOUND ( 'NONE', #151, .T. ) ;
#964 = LINE ( 'NONE', #1355, #2621 ) ;
#965 = EDGE_LOOP ( 'NONE', ( #866, #838, #1863, #605 ) ) ;
#966 = DIRECTION ( 'NONE',  ( 0.000000000000000000, 1.355252715606880543E-16, -1.000000000000000000 ) ) ;
#967 = LINE ( 'NONE', #403, #2013 ) ;
#968 = DIRECTION ( 'NONE',  ( 1.000000000000000000, -0.000000000000000000, -3.336006684570784088E-16 ) ) ;
#969 = DIRECTION ( 'NONE',  ( 0.000000000000000000, -0.000000000000000000, 1.000000000000000000 ) ) ;
#970 = ORIENTED_EDGE ( 'NONE', *, *, #1553, .F. ) ;
#971 = EDGE_CURVE ( 'NONE', #2441, #244, #1317, .T. ) ;
#972 = EDGE_LOOP ( 'NONE', ( #2544, #979, #1885, #674 ) ) ;
#973 =( NAMED_UNIT ( * ) PLANE_ANGLE_UNIT ( ) SI_UNIT ( $, .RADIAN. ) );
#974 = ORIENTED_EDGE ( 'NONE', *, *, #1406, .T. ) ;
#975 = CARTESIAN_POINT ( 'NONE',  ( 0.2000000000000001776, 0.2449999999999999956, -0.2749999999999999667 ) ) ;
#976 = PLANE ( 'NONE',  #1912 ) ;
#977 = LINE ( 'NONE', #1597, #1434 ) ;
#978 = FACE_OUTER_BOUND ( 'NONE', #322, .T. ) ;
#979 = ORIENTED_EDGE ( 'NONE', *, *, #1692, .F. ) ;
#980 = LINE ( 'NONE', #2011, #2067 ) ;
#981 = DIRECTION ( 'NONE',  ( -0.000000000000000000, -0.000000000000000000, 1.000000000000000000 ) ) ;
#982 = PLANE ( 'NONE',  #379 ) ;
#983 = VERTEX_POINT ( 'NONE', #695 ) ;
#984 = CARTESIAN_POINT ( 'NONE',  ( 0.2999999999999996003, 0.1650000000000000078, 0.3249999999999999001 ) ) ;
#985 = LINE ( 'NONE', #1163, #2136 ) ;
#986 = CARTESIAN_POINT ( 'NONE',  ( 0.5250000000000001332, 0.1150000000000000050, 0.09999999999999988065 ) ) ;
#987 = EDGE_LOOP ( 'NONE', ( #263, #1129, #2524, #2648 ) ) ;
#988 = DIRECTION ( 'NONE',  ( -1.000000000000000000, 0.000000000000000000, -3.336006684570784088E-16 ) ) ;
#989 = DIRECTION ( 'NONE',  ( -1.000000000000000000, 0.000000000000000000, 0.000000000000000000 ) ) ;
#990 = VERTEX_POINT ( 'NONE', #1552 ) ;
#991 = LINE ( 'NONE', #1229, #1445 ) ;
#992 = CARTESIAN_POINT ( 'NONE',  ( 0.5250000000000001332, 0.1150000000000000050, 0.09999999999999981126 ) ) ;
#993 = ORIENTED_EDGE ( 'NONE', *, *, #1723, .F. ) ;
#994 = CARTESIAN_POINT ( 'NONE',  ( -0.2999999999999996003, 0.1650000000000000078, 0.3250000000000000666 ) ) ;
#995 = CARTESIAN_POINT ( 'NONE',  ( 0.5000000000000002220, 0.2449999999999999956, -0.2750000000000000222 ) ) ;
#996 = ORIENTED_EDGE ( 'NONE', *, *, #617, .T. ) ;
#997 = EDGE_CURVE ( 'NONE', #1745, #2129, #1099, .T. ) ;
#998 = VECTOR ( 'NONE', #284, 1000.000000000000000 ) ;
#999 = DIRECTION ( 'NONE',  ( -1.000000000000000000, 0.000000000000000000, 0.000000000000000000 ) ) ;
#1000 = LINE ( 'NONE', #937, #2448 ) ;
#1001 = VECTOR ( 'NONE', #2528, 1000.000000000000000 ) ;
#1002 = DIRECTION ( 'NONE',  ( 0.000000000000000000, 0.000000000000000000, -1.000000000000000000 ) ) ;
#1003 = LINE ( 'NONE', #1807, #508 ) ;
#1004 = VECTOR ( 'NONE', #102, 1000.000000000000000 ) ;
#1005 = EDGE_CURVE ( 'NONE', #406, #1785, #912, .T. ) ;
#1006 = ORIENTED_EDGE ( 'NONE', *, *, #2363, .F. ) ;
#1007 = DIRECTION ( 'NONE',  ( 0.000000000000000000, -1.355252715606880789E-16, 1.000000000000000000 ) ) ;
#1008 = CARTESIAN_POINT ( 'NONE',  ( -0.4850000000000002087, 0.1650000000000000355, -0.1000000000000001860 ) ) ;
#1009 = CARTESIAN_POINT ( 'NONE',  ( 0.2999999999999996003, 0.1650000000000000078, -0.2850000000000000866 ) ) ;
#1010 = DIRECTION ( 'NONE',  ( -0.000000000000000000, -0.000000000000000000, -1.000000000000000000 ) ) ;
#1011 = ORIENTED_EDGE ( 'NONE', *, *, #742, .T. ) ;
#1012 = EDGE_CURVE ( 'NONE', #2060, #1639, #69, .T. ) ;
#1013 = CLOSED_SHELL ( 'NONE', ( #350, #238, #92, #1514, #828, #1696, #2638, #2654, #1377, #2252, #1209, #1465, #1700, #309, #507, #2131, #1916, #2287, #2508, #765, #1108, #1997, #1447, #26, #1741, #2535, #2329, #417, #77, #1689, #84, #1882, #681, #917, #2261, #2284, #211, #2601, #1160, #2144, #2001, #2395, #705, #230, #591, #2368 ) ) ;
#1014 = FILL_AREA_STYLE_COLOUR ( '', #2525 ) ;
#1015 = EDGE_LOOP ( 'NONE', ( #1845, #1315, #2127, #2453 ) ) ;
#1016 = CARTESIAN_POINT ( 'NONE',  ( -0.2999999999999996558, 0.1150000000000000050, 0.2850000000000000866 ) ) ;
#1017 = CARTESIAN_POINT ( 'NONE',  ( -0.4850000000000002087, 0.000000000000000000, 1.334402673828313339E-17 ) ) ;
#1018 = ORIENTED_EDGE ( 'NONE', *, *, #1964, .T. ) ;
#1019 = DIRECTION ( 'NONE',  ( 1.000000000000000000, 0.000000000000000000, 0.000000000000000000 ) ) ;
#1020 = PLANE ( 'NONE',  #1549 ) ;
#1021 = LINE ( 'NONE', #619, #2055 ) ;
#1022 = CARTESIAN_POINT ( 'NONE',  ( 0.2000000000000000666, 0.2449999999999999956, 0.2749999999999999667 ) ) ;
#1023 = FACE_BOUND ( 'NONE', #1996, .T. ) ;
#1024 = PRESENTATION_STYLE_ASSIGNMENT (( #160 ) ) ;
#1025 = EDGE_CURVE ( 'NONE', #1080, #200, #245, .T. ) ;
#1026 = CARTESIAN_POINT ( 'NONE',  ( 0.2999999999999996003, 0.1650000000000000078, -0.3250000000000000666 ) ) ;
#1027 = CARTESIAN_POINT ( 'NONE',  ( 0.5000000000000002220, 0.2849999999999999756, -0.2750000000000000222 ) ) ;
#1028 = FACE_OUTER_BOUND ( 'NONE', #2370, .T. ) ;
#1029 = EDGE_CURVE ( 'NONE', #2598, #495, #2384, .T. ) ;
#1030 = ORIENTED_EDGE ( 'NONE', *, *, #1112, .F. ) ;
#1031 = PLANE ( 'NONE',  #640 ) ;
#1032 = CARTESIAN_POINT ( 'NONE',  ( -0.5250000000000001332, 0.1650000000000000078, 0.09999999999999981126 ) ) ;
#1033 = CARTESIAN_POINT ( 'NONE',  ( 0.5250000000000001332, 0.1150000000000000328, -0.1000000000000001998 ) ) ;
#1034 = ORIENTED_EDGE ( 'NONE', *, *, #2344, .T. ) ;
#1035 = DIRECTION ( 'NONE',  ( 0.000000000000000000, -1.000000000000000000, 0.000000000000000000 ) ) ;
#1036 = UNCERTAINTY_MEASURE_WITH_UNIT (LENGTH_MEASURE( 1.000000000000000082E-05 ), #375, 'distance_accuracy_value', 'NONE');
#1037 = CARTESIAN_POINT ( 'NONE',  ( -0.5250000000000000222, 0.2650000000000000133, -0.3250000000000000666 ) ) ;
#1038 = VECTOR ( 'NONE', #269, 1000.000000000000000 ) ;
#1039 = CARTESIAN_POINT ( 'NONE',  ( 0.000000000000000000, 0.000000000000000000, 0.000000000000000000 ) ) ;
#1040 = FACE_OUTER_BOUND ( 'NONE', #1686, .T. ) ;
#1041 = VECTOR ( 'NONE', #2414, 1000.000000000000000 ) ;
#1042 = CARTESIAN_POINT ( 'NONE',  ( 0.000000000000000000, 0.2849999999999999756, 0.000000000000000000 ) ) ;
#1043 = ORIENTED_EDGE ( 'NONE', *, *, #2703, .F. ) ;
#1044 = PRODUCT_DEFINITION ( 'UNKNOWN', '', #1802, #842 ) ;
#1045 = AXIS2_PLACEMENT_3D ( 'NONE', #2735, #2321, #2332 ) ;
#1046 = CARTESIAN_POINT ( 'NONE',  ( -0.1999999999999995393, 0.2449999999999999956, 0.2750000000000000222 ) ) ;
#1047 = VECTOR ( 'NONE', #1720, 1000.000000000000000 ) ;
#1048 = FACE_OUTER_BOUND ( 'NONE', #2157, .T. ) ;
#1049 = ORIENTED_EDGE ( 'NONE', *, *, #823, .F. ) ;
#1050 = DIRECTION ( 'NONE',  ( -1.000000000000000000, 0.000000000000000000, 0.000000000000000000 ) ) ;
#1051 = ORIENTED_EDGE ( 'NONE', *, *, #474, .F. ) ;
#1052 = ORIENTED_EDGE ( 'NONE', *, *, #333, .T. ) ;
#1053 = DIRECTION ( 'NONE',  ( 1.000000000000000000, 0.000000000000000000, -1.668003342285391551E-16 ) ) ;
#1054 = CARTESIAN_POINT ( 'NONE',  ( -0.3999999999999995781, 0.1150000000000000050, -0.3250000000000000666 ) ) ;
#1055 = CARTESIAN_POINT ( 'NONE',  ( 0.2999999999999996558, 0.1150000000000000050, 0.2850000000000000866 ) ) ;
#1056 = ORIENTED_EDGE ( 'NONE', *, *, #1306, .T. ) ;
#1057 = CARTESIAN_POINT ( 'NONE',  ( -0.2999999999999996558, 0.1150000000000000050, -0.3250000000000000666 ) ) ;
#1058 = LINE ( 'NONE', #1897, #1789 ) ;
#1059 = FACE_OUTER_BOUND ( 'NONE', #1849, .T. ) ;
#1060 = CARTESIAN_POINT ( 'NONE',  ( -0.2999999999999996558, 0.1150000000000000050, 0.3250000000000000666 ) ) ;
#1061 = ORIENTED_EDGE ( 'NONE', *, *, #1427, .T. ) ;
#1062 = LINE ( 'NONE', #673, #1088 ) ;
#1063 = EDGE_LOOP ( 'NONE', ( #2355, #672, #2185, #1170 ) ) ;
#1064 = UNCERTAINTY_MEASURE_WITH_UNIT (LENGTH_MEASURE( 1.000000000000000082E-05 ), #878, 'distance_accuracy_value', 'NONE');
#1065 = LINE ( 'NONE', #843, #329 ) ;
#1066 = CARTESIAN_POINT ( 'NONE',  ( -0.4850000000000002087, 0.1150000000000000328, -0.1000000000000001998 ) ) ;
#1067 = CARTESIAN_POINT ( 'NONE',  ( -0.1999999999999997613, 0.2650000000000000133, -0.2750000000000000222 ) ) ;
#1068 = VERTEX_POINT ( 'NONE', #300 ) ;
#1069 = LINE ( 'NONE', #2292, #2265 ) ;
#1070 = EDGE_CURVE ( 'NONE', #1072, #2134, #496, .T. ) ;
#1071 = FACE_OUTER_BOUND ( 'NONE', #936, .T. ) ;
#1072 = VERTEX_POINT ( 'NONE', #885 ) ;
#1073 = ORIENTED_EDGE ( 'NONE', *, *, #497, .F. ) ;
#1074 = EDGE_CURVE ( 'NONE', #952, #805, #2560, .T. ) ;
#1075 = CARTESIAN_POINT ( 'NONE',  ( -0.2999999999999996003, 0.1650000000000000078, 0.3250000000000000666 ) ) ;
#1076 = DIRECTION ( 'NONE',  ( -1.084202172485504631E-15, 1.000000000000000000, -0.000000000000000000 ) ) ;
#1077 = EDGE_CURVE ( 'NONE', #632, #2237, #1135, .T. ) ;
#1078 = VECTOR ( 'NONE', #1540, 1000.000000000000000 ) ;
#1079 = CARTESIAN_POINT ( 'NONE',  ( 0.3999999999999996336, 0.1650000000000000078, -0.2850000000000000866 ) ) ;
#1080 = VERTEX_POINT ( 'NONE', #1975 ) ;
#1081 = VECTOR ( 'NONE', #49, 1000.000000000000000 ) ;
#1082 = DIRECTION ( 'NONE',  ( 0.000000000000000000, -1.000000000000000000, 0.000000000000000000 ) ) ;
#1083 = EDGE_CURVE ( 'NONE', #1296, #718, #1649, .T. ) ;
#1084 = EDGE_LOOP ( 'NONE', ( #1665, #679, #1615, #1702 ) ) ;
#1085 = VECTOR ( 'NONE', #1566, 1000.000000000000000 ) ;
#1086 = LINE ( 'NONE', #2115, #1632 ) ;
#1087 = ORIENTED_EDGE ( 'NONE', *, *, #1070, .T. ) ;
#1088 = VECTOR ( 'NONE', #2154, 1000.000000000000000 ) ;
#1089 = VERTEX_POINT ( 'NONE', #576 ) ;
#1090 = FILL_AREA_STYLE ('',( #18 ) ) ;
#1091 = EDGE_CURVE ( 'NONE', #17, #990, #587, .T. ) ;
#1092 = VECTOR ( 'NONE', #2276, 1000.000000000000000 ) ;
#1093 = EDGE_LOOP ( 'NONE', ( #1352, #2710, #1184, #2259 ) ) ;
#1094 = FACE_OUTER_BOUND ( 'NONE', #13, .T. ) ;
#1095 = SURFACE_STYLE_USAGE ( .BOTH. , #240 ) ;
#1096 = PRESENTATION_LAYER_ASSIGNMENT (  '', '', ( #962 ) ) ;
#1097 = DIRECTION ( 'NONE',  ( -3.336006684570783594E-16, 0.000000000000000000, 1.000000000000000000 ) ) ;
#1098 = EDGE_LOOP ( 'NONE', ( #2271, #2628, #2431, #857 ) ) ;
#1099 = LINE ( 'NONE', #55, #421 ) ;
#1100 = AXIS2_PLACEMENT_3D ( 'NONE', #1432, #943, #2007 ) ;
#1101 = CARTESIAN_POINT ( 'NONE',  ( -0.4999999999999995559, 0.2449999999999999956, 0.2750000000000000222 ) ) ;
#1102 = DIRECTION ( 'NONE',  ( -1.000000000000000000, 0.000000000000000000, 0.000000000000000000 ) ) ;
#1103 =( GEOMETRIC_REPRESENTATION_CONTEXT ( 3 ) GLOBAL_UNCERTAINTY_ASSIGNED_CONTEXT ( ( #2104 ) ) GLOBAL_UNIT_ASSIGNED_CONTEXT ( ( #1372, #2420, #1190 ) ) REPRESENTATION_CONTEXT ( 'NONE', 'WORKASPACE' ) );
#1104 = ORIENTED_EDGE ( 'NONE', *, *, #1375, .F. ) ;
#1105 = DIRECTION ( 'NONE',  ( 1.000000000000000000, 1.084202172485504631E-15, 0.000000000000000000 ) ) ;
#1106 =( GEOMETRIC_REPRESENTATION_CONTEXT ( 3 ) GLOBAL_UNCERTAINTY_ASSIGNED_CONTEXT ( ( #216 ) ) GLOBAL_UNIT_ASSIGNED_CONTEXT ( ( #1791, #1736, #56 ) ) REPRESENTATION_CONTEXT ( 'NONE', 'WORKASPACE' ) );
#1107 = DIRECTION ( 'NONE',  ( 0.000000000000000000, 0.000000000000000000, -1.000000000000000000 ) ) ;
#1108 = ADVANCED_FACE ( 'NONE', ( #130 ), #139, .T. ) ;
#1109 = DIRECTION ( 'NONE',  ( -1.084202172485504631E-15, -1.000000000000000000, 0.000000000000000000 ) ) ;
#1110 = DIRECTION ( 'NONE',  ( 1.000000000000000000, -0.000000000000000000, -0.000000000000000000 ) ) ;
#1111 = EDGE_CURVE ( 'NONE', #178, #767, #2021, .T. ) ;
#1112 = EDGE_CURVE ( 'NONE', #1523, #779, #1620, .T. ) ;
#1113 = CARTESIAN_POINT ( 'NONE',  ( 0.3999999999999995781, 0.1150000000000000050, 0.3250000000000000666 ) ) ;
#1114 = ORIENTED_EDGE ( 'NONE', *, *, #1324, .T. ) ;
#1115 = CARTESIAN_POINT ( 'NONE',  ( 0.5250000000000001332, 0.1650000000000000355, -0.1000000000000001998 ) ) ;
#1116 = ORIENTED_EDGE ( 'NONE', *, *, #960, .F. ) ;
#1117 = SURFACE_STYLE_FILL_AREA ( #1090 ) ;
#1118 = EDGE_LOOP ( 'NONE', ( #2191, #2490, #853, #2156 ) ) ;
#1119 = ORIENTED_EDGE ( 'NONE', *, *, #1139, .F. ) ;
#1120 = LINE ( 'NONE', #493, #1316 ) ;
#1121 = DIRECTION ( 'NONE',  ( 1.000000000000000000, 0.000000000000000000, -3.942553354492743531E-16 ) ) ;
#1122 = CARTESIAN_POINT ( 'NONE',  ( 0.000000000000000000, 0.2449999999999999956, 0.000000000000000000 ) ) ;
#1123 = EDGE_CURVE ( 'NONE', #438, #2730, #1185, .T. ) ;
#1124 = VECTOR ( 'NONE', #2239, 1000.000000000000000 ) ;
#1125 = LINE ( 'NONE', #697, #1492 ) ;
#1126 = CARTESIAN_POINT ( 'NONE',  ( -0.1999999999999997613, 0.2449999999999999956, -0.2750000000000000222 ) ) ;
#1127 = ORIENTED_EDGE ( 'NONE', *, *, #1324, .F. ) ;
#1128 = VECTOR ( 'NONE', #1850, 1000.000000000000000 ) ;
#1129 = ORIENTED_EDGE ( 'NONE', *, *, #1074, .F. ) ;
#1130 = CARTESIAN_POINT ( 'NONE',  ( 0.3999999999999996336, 0.1650000000000000078, 0.2850000000000000866 ) ) ;
#1131 = COLOUR_RGB ( '',0.6666666666666666297, 0.6980392156862744724, 0.7686274509803920907 ) ;
#1132 = ORIENTED_EDGE ( 'NONE', *, *, #2673, .F. ) ;
#1133 = FACE_OUTER_BOUND ( 'NONE', #987, .T. ) ;
#1134 = DIRECTION ( 'NONE',  ( -1.000000000000000000, 0.000000000000000000, 0.000000000000000000 ) ) ;
#1135 = LINE ( 'NONE', #38, #2003 ) ;
#1136 = SURFACE_STYLE_USAGE ( .BOTH. , #895 ) ;
#1137 = FACE_OUTER_BOUND ( 'NONE', #362, .T. ) ;
#1138 = LINE ( 'NONE', #1126, #563 ) ;
#1139 = EDGE_CURVE ( 'NONE', #377, #1796, #784, .T. ) ;
#1140 = ORIENTED_EDGE ( 'NONE', *, *, #1216, .T. ) ;
#1141 = CARTESIAN_POINT ( 'NONE',  ( 0.5250000000000001332, 0.1150000000000000050, 0.09999999999999981126 ) ) ;
#1142 = VERTEX_POINT ( 'NONE', #2444 ) ;
#1143 = LINE ( 'NONE', #356, #736 ) ;
#1144 = ORIENTED_EDGE ( 'NONE', *, *, #1861, .F. ) ;
#1145 = CARTESIAN_POINT ( 'NONE',  ( -0.2999999999999997113, 0.1150000000000000050, -0.3250000000000000666 ) ) ;
#1146 = EDGE_CURVE ( 'NONE', #406, #1833, #1844, .T. ) ;
#1147 = MECHANICAL_DESIGN_GEOMETRIC_PRESENTATION_REPRESENTATION (  '', ( #1150 ), #42 ) ;
#1148 = PRESENTATION_STYLE_ASSIGNMENT (( #2611 ) ) ;
#1149 = DIRECTION ( 'NONE',  ( -0.000000000000000000, -0.000000000000000000, 1.000000000000000000 ) ) ;
#1150 = STYLED_ITEM ( 'NONE', ( #2600 ), #533 ) ;
#1151 = DIRECTION ( 'NONE',  ( 1.000000000000000000, 0.000000000000000000, 0.000000000000000000 ) ) ;
#1152 = EDGE_LOOP ( 'NONE', ( #210, #536, #1677, #1582 ) ) ;
#1153 = CARTESIAN_POINT ( 'NONE',  ( 0.2999999999999996003, 0.1650000000000000078, -0.3250000000000000666 ) ) ;
#1154 = CARTESIAN_POINT ( 'NONE',  ( -0.5250000000000000222, -0.2650000000000000133, -0.3250000000000000666 ) ) ;
#1155 = ORIENTED_EDGE ( 'NONE', *, *, #2371, .F. ) ;
#1156 =( NAMED_UNIT ( * ) PLANE_ANGLE_UNIT ( ) SI_UNIT ( $, .RADIAN. ) );
#1157 = CARTESIAN_POINT ( 'NONE',  ( 0.3999999999999995781, 0.1150000000000000050, -0.2850000000000000866 ) ) ;
#1158 = CARTESIAN_POINT ( 'NONE',  ( -0.3999999999999996336, 0.1650000000000000078, 0.3250000000000000666 ) ) ;
#1159 = ORIENTED_EDGE ( 'NONE', *, *, #513, .T. ) ;
#1160 = ADVANCED_FACE ( 'NONE', ( #98 ), #2661, .F. ) ;
#1161 = CARTESIAN_POINT ( 'NONE',  ( 0.3999999999999995781, 0.1150000000000000050, 0.3250000000000000666 ) ) ;
#1162 = EDGE_LOOP ( 'NONE', ( #2473, #1030, #1978, #1570 ) ) ;
#1163 = CARTESIAN_POINT ( 'NONE',  ( -0.1999999999999995393, 0.2650000000000000133, 0.2750000000000000222 ) ) ;
#1164 = DIRECTION ( 'NONE',  ( -1.971276677246372012E-16, 0.000000000000000000, 1.000000000000000000 ) ) ;
#1165 = CARTESIAN_POINT ( 'NONE',  ( -0.5250000000000000222, -0.2650000000000000133, 0.3249999999999999001 ) ) ;
#1166 = CARTESIAN_POINT ( 'NONE',  ( -0.4850000000000002087, 0.1650000000000000078, 0.09999999999999982514 ) ) ;
#1167 = EDGE_CURVE ( 'NONE', #1970, #200, #2679, .T. ) ;
#1168 = CARTESIAN_POINT ( 'NONE',  ( 0.2999999999999996003, 0.1650000000000000078, -0.2850000000000000866 ) ) ;
#1169 = APPLICATION_CONTEXT ( 'automotive_design' ) ;
#1170 = ORIENTED_EDGE ( 'NONE', *, *, #807, .T. ) ;
#1171 = VECTOR ( 'NONE', #2342, 1000.000000000000000 ) ;
#1172 = FILL_AREA_STYLE ('',( #2496 ) ) ;
#1173 = CARTESIAN_POINT ( 'NONE',  ( -0.5250000000000001332, 0.000000000000000000, 0.000000000000000000 ) ) ;
#1174 = VECTOR ( 'NONE', #127, 1000.000000000000000 ) ;
#1175 = CARTESIAN_POINT ( 'NONE',  ( 0.2999999999999996558, 0.1150000000000000050, -0.3250000000000000666 ) ) ;
#1176 = ORIENTED_EDGE ( 'NONE', *, *, #904, .F. ) ;
#1177 = AXIS2_PLACEMENT_3D ( 'NONE', #2167, #1547, #490 ) ;
#1178 = CARTESIAN_POINT ( 'NONE',  ( -0.5250000000000000222, 0.2650000000000000133, -0.3250000000000000666 ) ) ;
#1179 = EDGE_CURVE ( 'NONE', #178, #2060, #1383, .T. ) ;
#1180 = FILL_AREA_STYLE_COLOUR ( '', #461 ) ;
#1181 = VECTOR ( 'NONE', #318, 1000.000000000000000 ) ;
#1182 = SURFACE_SIDE_STYLE ('',( #327 ) ) ;
#1183 = VECTOR ( 'NONE', #387, 1000.000000000000000 ) ;
#1184 = ORIENTED_EDGE ( 'NONE', *, *, #2219, .F. ) ;
#1185 = LINE ( 'NONE', #1829, #2222 ) ;
#1186 = LINE ( 'NONE', #760, #2523 ) ;
#1187 = FACE_OUTER_BOUND ( 'NONE', #949, .T. ) ;
#1188 = CARTESIAN_POINT ( 'NONE',  ( -0.3999999999999995781, 0.1150000000000000050, 0.2850000000000000866 ) ) ;
#1189 = VERTEX_POINT ( 'NONE', #798 ) ;
#1190 =( NAMED_UNIT ( * ) SI_UNIT ( $, .STERADIAN. ) SOLID_ANGLE_UNIT ( ) );
#1191 = FACE_OUTER_BOUND ( 'NONE', #2510, .T. ) ;
#1192 = DIRECTION ( 'NONE',  ( -1.000000000000000000, 0.000000000000000000, 0.000000000000000000 ) ) ;
#1193 = ORIENTED_EDGE ( 'NONE', *, *, #146, .T. ) ;
#1194 = STYLED_ITEM ( 'NONE', ( #1232 ), #238 ) ;
#1195 = DIRECTION ( 'NONE',  ( -0.000000000000000000, -0.000000000000000000, 1.000000000000000000 ) ) ;
#1196 =( NAMED_UNIT ( * ) SI_UNIT ( $, .STERADIAN. ) SOLID_ANGLE_UNIT ( ) );
#1197 = VECTOR ( 'NONE', #2282, 1000.000000000000000 ) ;
#1198 = EDGE_CURVE ( 'NONE', #1650, #1189, #2652, .T. ) ;
#1199 = DIRECTION ( 'NONE',  ( 0.000000000000000000, 0.000000000000000000, -1.000000000000000000 ) ) ;
#1200 = VERTEX_POINT ( 'NONE', #959 ) ;
#1201 = EDGE_CURVE ( 'NONE', #2608, #1068, #1003, .T. ) ;
#1202 = PLANE ( 'NONE',  #2049 ) ;
#1203 = DIRECTION ( 'NONE',  ( 0.000000000000000000, -1.000000000000000000, -1.355252715606880789E-16 ) ) ;
#1204 = EDGE_LOOP ( 'NONE', ( #526, #1473, #2458, #2020 ) ) ;
#1205 = CARTESIAN_POINT ( 'NONE',  ( -0.4999999999999995559, 0.2650000000000000133, 0.2750000000000000222 ) ) ;
#1206 = CARTESIAN_POINT ( 'NONE',  ( -0.3999999999999996336, 0.1650000000000000078, -0.2850000000000000866 ) ) ;
#1207 = CARTESIAN_POINT ( 'NONE',  ( 0.2999999999999996003, 0.1650000000000000078, 0.3250000000000000666 ) ) ;
#1208 = VERTEX_POINT ( 'NONE', #373 ) ;
#1209 = ADVANCED_FACE ( 'NONE', ( #116 ), #81, .T. ) ;
#1210 = DIRECTION ( 'NONE',  ( -1.084202172485504631E-15, -1.000000000000000000, -0.000000000000000000 ) ) ;
#1211 = DIRECTION ( 'NONE',  ( -1.000000000000000000, 0.000000000000000000, 0.000000000000000000 ) ) ;
#1212 = EDGE_CURVE ( 'NONE', #394, #685, #2616, .T. ) ;
#1213 = ORIENTED_EDGE ( 'NONE', *, *, #1429, .F. ) ;
#1214 = DIRECTION ( 'NONE',  ( 1.000000000000000000, 0.000000000000000000, 0.000000000000000000 ) ) ;
#1215 = DIRECTION ( 'NONE',  ( 0.000000000000000000, -1.355252715606880789E-16, 1.000000000000000000 ) ) ;
#1216 = EDGE_CURVE ( 'NONE', #2497, #2723, #315, .T. ) ;
#1217 = LINE ( 'NONE', #1057, #2536 ) ;
#1218 = LINE ( 'NONE', #792, #648 ) ;
#1219 = ORIENTED_EDGE ( 'NONE', *, *, #1441, .T. ) ;
#1220 = VECTOR ( 'NONE', #1367, 1000.000000000000000 ) ;
#1221 = CARTESIAN_POINT ( 'NONE',  ( -0.5250000000000001332, 0.1650000000000000078, 0.09999999999999981126 ) ) ;
#1222 = CARTESIAN_POINT ( 'NONE',  ( 0.3999999999999996336, 0.1650000000000000078, 0.3250000000000000666 ) ) ;
#1223 = VECTOR ( 'NONE', #1393, 1000.000000000000000 ) ;
#1224 = CARTESIAN_POINT ( 'NONE',  ( -0.2999999999999996003, 0.1650000000000000078, -0.3250000000000000666 ) ) ;
#1225 = AXIS2_PLACEMENT_3D ( 'NONE', #253, #1950, #903 ) ;
#1226 = LINE ( 'NONE', #1054, #2005 ) ;
#1227 = VECTOR ( 'NONE', #2625, 1000.000000000000000 ) ;
#1228 = ORIENTED_EDGE ( 'NONE', *, *, #2617, .F. ) ;
#1229 = CARTESIAN_POINT ( 'NONE',  ( -0.4850000000000002087, 0.1650000000000000078, 0.09999999999999982514 ) ) ;
#1230 = VECTOR ( 'NONE', #1284, 1000.000000000000000 ) ;
#1231 = EDGE_CURVE ( 'NONE', #983, #234, #759, .T. ) ;
#1232 = PRESENTATION_STYLE_ASSIGNMENT (( #381 ) ) ;
#1233 = FACE_OUTER_BOUND ( 'NONE', #814, .T. ) ;
#1234 = ORIENTED_EDGE ( 'NONE', *, *, #1298, .F. ) ;
#1235 = DIRECTION ( 'NONE',  ( -0.000000000000000000, -0.000000000000000000, 1.000000000000000000 ) ) ;
#1236 = FACE_OUTER_BOUND ( 'NONE', #2211, .T. ) ;
#1237 = LINE ( 'NONE', #2068, #2181 ) ;
#1238 = EDGE_CURVE ( 'NONE', #2184, #665, #546, .T. ) ;
#1239 = CARTESIAN_POINT ( 'NONE',  ( -0.2999999999999996558, 0.1150000000000000050, -0.3250000000000000666 ) ) ;
#1240 = CARTESIAN_POINT ( 'NONE',  ( 0.2999999999999996003, 0.1650000000000000078, -0.2850000000000000866 ) ) ;
#1241 = ORIENTED_EDGE ( 'NONE', *, *, #1179, .T. ) ;
#1242 = LINE ( 'NONE', #2073, #90 ) ;
#1243 = ORIENTED_EDGE ( 'NONE', *, *, #2175, .F. ) ;
#1244 =( LENGTH_UNIT ( ) NAMED_UNIT ( * ) SI_UNIT ( .MILLI., .METRE. ) );
#1245 = ORIENTED_EDGE ( 'NONE', *, *, #2319, .F. ) ;
#1246 = DIRECTION ( 'NONE',  ( 1.000000000000000000, 0.000000000000000000, 1.807003620809173153E-16 ) ) ;
#1247 = ORIENTED_EDGE ( 'NONE', *, *, #163, .T. ) ;
#1248 = PLANE ( 'NONE',  #686 ) ;
#1249 = ADVANCED_FACE ( 'NONE', ( #1470 ), #2740, .F. ) ;
#1250 = DIRECTION ( 'NONE',  ( 0.000000000000000000, 0.000000000000000000, 1.000000000000000000 ) ) ;
#1251 = CARTESIAN_POINT ( 'NONE',  ( 0.2999999999999996003, 0.1650000000000000078, 0.2850000000000000866 ) ) ;
#1252 = EDGE_LOOP ( 'NONE', ( #225, #1254, #614, #46 ) ) ;
#1253 = DIRECTION ( 'NONE',  ( 0.000000000000000000, 1.000000000000000000, 0.000000000000000000 ) ) ;
#1254 = ORIENTED_EDGE ( 'NONE', *, *, #654, .F. ) ;
#1255 = LINE ( 'NONE', #170, #1197 ) ;
#1256 = EDGE_CURVE ( 'NONE', #1068, #2497, #1684, .T. ) ;
#1257 = CARTESIAN_POINT ( 'NONE',  ( -0.4999999999999994449, 0.2650000000000000133, -0.2750000000000000222 ) ) ;
#1258 = EDGE_LOOP ( 'NONE', ( #660, #1534, #410, #2554 ) ) ;
#1259 = CARTESIAN_POINT ( 'NONE',  ( -0.2999999999999996003, 0.1650000000000000078, 0.3250000000000000666 ) ) ;
#1260 = VERTEX_POINT ( 'NONE', #1016 ) ;
#1261 = AXIS2_PLACEMENT_3D ( 'NONE', #358, #188, #569 ) ;
#1262 = UNCERTAINTY_MEASURE_WITH_UNIT (LENGTH_MEASURE( 1.000000000000000082E-05 ), #1561, 'distance_accuracy_value', 'NONE');
#1263 = CARTESIAN_POINT ( 'NONE',  ( 0.2999999999999996558, 0.1150000000000000050, 0.3250000000000000666 ) ) ;
#1264 = VERTEX_POINT ( 'NONE', #808 ) ;
#1265 = LINE ( 'NONE', #1655, #2053 ) ;
#1266 = VECTOR ( 'NONE', #1884, 1000.000000000000000 ) ;
#1267 = DIRECTION ( 'NONE',  ( 1.000000000000000000, 0.000000000000000000, 0.000000000000000000 ) ) ;
#1268 = FILL_AREA_STYLE ('',( #845 ) ) ;
#1269 = MECHANICAL_DESIGN_GEOMETRIC_PRESENTATION_REPRESENTATION (  '', ( #2667 ), #1630 ) ;
#1270 = ORIENTED_EDGE ( 'NONE', *, *, #2579, .T. ) ;
#1271 = FACE_OUTER_BOUND ( 'NONE', #2588, .T. ) ;
#1272 = DIRECTION ( 'NONE',  ( 0.000000000000000000, 0.000000000000000000, -1.000000000000000000 ) ) ;
#1273 = ORIENTED_EDGE ( 'NONE', *, *, #2148, .F. ) ;
#1274 = VECTOR ( 'NONE', #2700, 1000.000000000000000 ) ;
#1275 = VECTOR ( 'NONE', #2044, 1000.000000000000000 ) ;
#1276 =( NAMED_UNIT ( * ) PLANE_ANGLE_UNIT ( ) SI_UNIT ( $, .RADIAN. ) );
#1277 = CARTESIAN_POINT ( 'NONE',  ( 0.5000000000000002220, 0.2849999999999999756, 0.2750000000000000222 ) ) ;
#1278 = ORIENTED_EDGE ( 'NONE', *, *, #701, .T. ) ;
#1279 = ORIENTED_EDGE ( 'NONE', *, *, #2195, .F. ) ;
#1280 = DIRECTION ( 'NONE',  ( 1.000000000000000000, 0.000000000000000000, 0.000000000000000000 ) ) ;
#1281 = SURFACE_SIDE_STYLE ('',( #189 ) ) ;
#1282 =( LENGTH_UNIT ( ) NAMED_UNIT ( * ) SI_UNIT ( .MILLI., .METRE. ) );
#1283 = LINE ( 'NONE', #851, #1403 ) ;
#1284 = DIRECTION ( 'NONE',  ( -1.084202172485504631E-15, 1.000000000000000000, 0.000000000000000000 ) ) ;
#1285 = ORIENTED_EDGE ( 'NONE', *, *, #1507, .F. ) ;
#1286 = COLOUR_RGB ( '',0.2980392156862745057, 0.2980392156862745057, 0.2980392156862745057 ) ;
#1287 = CARTESIAN_POINT ( 'NONE',  ( 0.000000000000000000, 0.000000000000000000, -0.2850000000000000866 ) ) ;
#1288 = VECTOR ( 'NONE', #278, 1000.000000000000000 ) ;
#1289 = EDGE_CURVE ( 'NONE', #182, #1379, #2278, .T. ) ;
#1290 = SURFACE_SIDE_STYLE ('',( #631 ) ) ;
#1291 = DIRECTION ( 'NONE',  ( 1.000000000000000000, -1.084202172485504631E-15, 0.000000000000000000 ) ) ;
#1292 = EDGE_LOOP ( 'NONE', ( #1922, #2532, #893, #1599 ) ) ;
#1293 = VECTOR ( 'NONE', #1478, 1000.000000000000000 ) ;
#1294 = UNCERTAINTY_MEASURE_WITH_UNIT (LENGTH_MEASURE( 1.000000000000000082E-05 ), #1244, 'distance_accuracy_value', 'NONE');
#1295 = ADVANCED_FACE ( 'NONE', ( #153 ), #820, .F. ) ;
#1296 = VERTEX_POINT ( 'NONE', #1239 ) ;
#1297 =( NAMED_UNIT ( * ) PLANE_ANGLE_UNIT ( ) SI_UNIT ( $, .RADIAN. ) );
#1298 = EDGE_CURVE ( 'NONE', #1200, #2730, #416, .T. ) ;
#1299 =( NAMED_UNIT ( * ) PLANE_ANGLE_UNIT ( ) SI_UNIT ( $, .RADIAN. ) );
#1300 = AXIS2_PLACEMENT_3D ( 'NONE', #1638, #1203, #2416 ) ;
#1301 = DIRECTION ( 'NONE',  ( -1.000000000000000000, -0.000000000000000000, -0.000000000000000000 ) ) ;
#1302 = VERTEX_POINT ( 'NONE', #1707 ) ;
#1303 = FACE_OUTER_BOUND ( 'NONE', #2017, .T. ) ;
#1304 = EDGE_LOOP ( 'NONE', ( #2318, #398, #1782, #2301 ) ) ;
#1305 =( LENGTH_UNIT ( ) NAMED_UNIT ( * ) SI_UNIT ( .MILLI., .METRE. ) );
#1306 = EDGE_CURVE ( 'NONE', #1505, #110, #2690, .T. ) ;
#1307 = DIRECTION ( 'NONE',  ( -1.000000000000000000, 0.000000000000000000, 0.000000000000000000 ) ) ;
#1308 = ORIENTED_EDGE ( 'NONE', *, *, #1430, .T. ) ;
#1309 = DIRECTION ( 'NONE',  ( -1.000000000000000000, 0.000000000000000000, 3.942553354492743531E-16 ) ) ;
#1310 = EDGE_LOOP ( 'NONE', ( #879, #545, #2604, #752 ) ) ;
#1311 = EDGE_LOOP ( 'NONE', ( #1548, #1073, #463, #1087 ) ) ;
#1312 = DIRECTION ( 'NONE',  ( -1.084202172485504631E-15, 1.000000000000000000, 0.000000000000000000 ) ) ;
#1313 = FILL_AREA_STYLE ('',( #2546 ) ) ;
#1314 = AXIS2_PLACEMENT_3D ( 'NONE', #2163, #40, #2309 ) ;
#1315 = ORIENTED_EDGE ( 'NONE', *, *, #2004, .F. ) ;
#1316 = VECTOR ( 'NONE', #1571, 1000.000000000000000 ) ;
#1317 = LINE ( 'NONE', #2574, #1171 ) ;
#1318 = PRESENTATION_LAYER_ASSIGNMENT (  '', '', ( #50 ) ) ;
#1319 = ORIENTED_EDGE ( 'NONE', *, *, #1668, .T. ) ;
#1320 = AXIS2_PLACEMENT_3D ( 'NONE', #1240, #1454, #389 ) ;
#1321 = DIRECTION ( 'NONE',  ( -1.084202172485504631E-15, 1.000000000000000000, 0.000000000000000000 ) ) ;
#1322 = ORIENTED_EDGE ( 'NONE', *, *, #1025, .F. ) ;
#1323 = VECTOR ( 'NONE', #1149, 1000.000000000000000 ) ;
#1324 = EDGE_CURVE ( 'NONE', #2264, #933, #837, .T. ) ;
#1325 = EDGE_LOOP ( 'NONE', ( #436, #1824, #1812, #1948 ) ) ;
#1326 = PLANE ( 'NONE',  #1225 ) ;
#1327 = ORIENTED_EDGE ( 'NONE', *, *, #626, .F. ) ;
#1328 = DIRECTION ( 'NONE',  ( 0.000000000000000000, 0.000000000000000000, -1.000000000000000000 ) ) ;
#1329 = EDGE_CURVE ( 'NONE', #445, #430, #2507, .T. ) ;
#1330 =( LENGTH_UNIT ( ) NAMED_UNIT ( * ) SI_UNIT ( .MILLI., .METRE. ) );
#1331 = EDGE_CURVE ( 'NONE', #718, #2335, #1226, .T. ) ;
#1332 = DIRECTION ( 'NONE',  ( 0.000000000000000000, -1.000000000000000000, 0.000000000000000000 ) ) ;
#1333 = LINE ( 'NONE', #14, #1038 ) ;
#1334 = LINE ( 'NONE', #913, #1536 ) ;
#1335 = CARTESIAN_POINT ( 'NONE',  ( -0.2999999999999996003, 0.1650000000000000078, -0.2850000000000000866 ) ) ;
#1336 = AXIS2_PLACEMENT_3D ( 'NONE', #2135, #880, #1729 ) ;
#1337 = VERTEX_POINT ( 'NONE', #601 ) ;
#1338 = PLANE ( 'NONE',  #1710 ) ;
#1339 = ORIENTED_EDGE ( 'NONE', *, *, #799, .F. ) ;
#1340 = DIRECTION ( 'NONE',  ( 1.000000000000000000, 0.000000000000000000, -1.807003620809174139E-16 ) ) ;
#1341 = PLANE ( 'NONE',  #239 ) ;
#1342 = DIRECTION ( 'NONE',  ( -0.000000000000000000, -1.000000000000000000, -0.000000000000000000 ) ) ;
#1343 = CARTESIAN_POINT ( 'NONE',  ( 0.5000000000000002220, 0.2849999999999999756, 0.2750000000000000222 ) ) ;
#1344 = DIRECTION ( 'NONE',  ( 0.000000000000000000, -1.000000000000000000, 0.000000000000000000 ) ) ;
#1345 = ORIENTED_EDGE ( 'NONE', *, *, #557, .T. ) ;
#1346 = DIRECTION ( 'NONE',  ( -1.000000000000000000, 0.000000000000000000, 0.000000000000000000 ) ) ;
#1347 = DIRECTION ( 'NONE',  ( -1.000000000000000000, 0.000000000000000000, 0.000000000000000000 ) ) ;
#1348 = ORIENTED_EDGE ( 'NONE', *, *, #2472, .T. ) ;
#1349 = PLANE ( 'NONE',  #21 ) ;
#1350 = LINE ( 'NONE', #1550, #2396 ) ;
#1351 = CARTESIAN_POINT ( 'NONE',  ( -0.2999999999999996003, 0.1650000000000000078, -0.2850000000000000866 ) ) ;
#1352 = ORIENTED_EDGE ( 'NONE', *, *, #747, .T. ) ;
#1353 = DIRECTION ( 'NONE',  ( 0.000000000000000000, -0.000000000000000000, 1.000000000000000000 ) ) ;
#1354 = VECTOR ( 'NONE', #1019, 1000.000000000000000 ) ;
#1355 = CARTESIAN_POINT ( 'NONE',  ( -0.4999999999999995559, 0.2849999999999999756, 0.2750000000000000222 ) ) ;
#1356 = VECTOR ( 'NONE', #1428, 1000.000000000000000 ) ;
#1357 = ORIENTED_EDGE ( 'NONE', *, *, #1091, .F. ) ;
#1358 = LINE ( 'NONE', #916, #299 ) ;
#1359 = ADVANCED_FACE ( 'NONE', ( #1513 ), #177, .F. ) ;
#1360 = CARTESIAN_POINT ( 'NONE',  ( -0.2999999999999996558, 0.1150000000000000050, -0.3250000000000000666 ) ) ;
#1361 = ORIENTED_EDGE ( 'NONE', *, *, #1329, .T. ) ;
#1362 = VECTOR ( 'NONE', #1814, 1000.000000000000000 ) ;
#1363 = ORIENTED_EDGE ( 'NONE', *, *, #1012, .T. ) ;
#1364 = AXIS2_PLACEMENT_3D ( 'NONE', #1039, #237, #652 ) ;
#1365 = CARTESIAN_POINT ( 'NONE',  ( -0.2999999999999996558, 0.1150000000000000050, 0.3250000000000000666 ) ) ;
#1366 = VERTEX_POINT ( 'NONE', #1453 ) ;
#1367 = DIRECTION ( 'NONE',  ( 0.000000000000000000, 0.000000000000000000, -1.000000000000000000 ) ) ;
#1368 = ORIENTED_EDGE ( 'NONE', *, *, #1886, .T. ) ;
#1369 = DIRECTION ( 'NONE',  ( -0.000000000000000000, -0.000000000000000000, -1.000000000000000000 ) ) ;
#1370 = FACE_OUTER_BOUND ( 'NONE', #2737, .T. ) ;
#1371 = ORIENTED_EDGE ( 'NONE', *, *, #2487, .F. ) ;
#1372 =( LENGTH_UNIT ( ) NAMED_UNIT ( * ) SI_UNIT ( .MILLI., .METRE. ) );
#1373 = EDGE_CURVE ( 'NONE', #440, #110, #2069, .T. ) ;
#1374 =( NAMED_UNIT ( * ) PLANE_ANGLE_UNIT ( ) SI_UNIT ( $, .RADIAN. ) );
#1375 = EDGE_CURVE ( 'NONE', #1142, #477, #433, .T. ) ;
#1376 = LINE ( 'NONE', #1157, #750 ) ;
#1377 = ADVANCED_FACE ( 'NONE', ( #1893 ), #2728, .F. ) ;
#1378 = CARTESIAN_POINT ( 'NONE',  ( 0.3999999999999995781, 0.1150000000000000050, -0.2850000000000000866 ) ) ;
#1379 = VERTEX_POINT ( 'NONE', #1879 ) ;
#1380 = LINE ( 'NONE', #1617, #704 ) ;
#1381 = CARTESIAN_POINT ( 'NONE',  ( -0.2999999999999996003, 0.1650000000000000078, -0.2850000000000000866 ) ) ;
#1382 = ADVANCED_FACE ( 'NONE', ( #1040 ), #1695, .F. ) ;
#1383 = LINE ( 'NONE', #1820, #1875 ) ;
#1384 = LINE ( 'NONE', #2639, #1578 ) ;
#1385 = DIRECTION ( 'NONE',  ( -0.000000000000000000, 1.000000000000000000, 1.355252715606880789E-16 ) ) ;
#1386 = DIRECTION ( 'NONE',  ( 0.000000000000000000, 1.000000000000000000, -0.000000000000000000 ) ) ;
#1387 = ORIENTED_EDGE ( 'NONE', *, *, #1616, .T. ) ;
#1388 = EDGE_CURVE ( 'NONE', #408, #244, #1283, .T. ) ;
#1389 = CARTESIAN_POINT ( 'NONE',  ( 0.4850000000000002087, 0.1650000000000000355, -0.1000000000000001860 ) ) ;
#1390 = ORIENTED_EDGE ( 'NONE', *, *, #1139, .T. ) ;
#1391 = FILL_AREA_STYLE_COLOUR ( '', #865 ) ;
#1392 = ORIENTED_EDGE ( 'NONE', *, *, #1651, .T. ) ;
#1393 = DIRECTION ( 'NONE',  ( -0.000000000000000000, -0.000000000000000000, -1.000000000000000000 ) ) ;
#1394 = VECTOR ( 'NONE', #1485, 1000.000000000000000 ) ;
#1395 = FACE_OUTER_BOUND ( 'NONE', #2046, .T. ) ;
#1396 = DIRECTION ( 'NONE',  ( 1.000000000000000000, 0.000000000000000000, 0.000000000000000000 ) ) ;
#1397 = DIRECTION ( 'NONE',  ( 0.000000000000000000, 0.000000000000000000, 1.000000000000000000 ) ) ;
#1398 = EDGE_LOOP ( 'NONE', ( #1726, #1800, #1476, #2010 ) ) ;
#1399 = CARTESIAN_POINT ( 'NONE',  ( 0.5250000000000001332, 0.1650000000000000355, -0.1000000000000001998 ) ) ;
#1400 = VECTOR ( 'NONE', #564, 1000.000000000000000 ) ;
#1401 = SURFACE_STYLE_USAGE ( .BOTH. , #2692 ) ;
#1402 = CARTESIAN_POINT ( 'NONE',  ( 0.5000000000000002220, 0.2849999999999999756, 0.2750000000000000222 ) ) ;
#1403 = VECTOR ( 'NONE', #653, 1000.000000000000000 ) ;
#1404 = FACE_OUTER_BOUND ( 'NONE', #1919, .T. ) ;
#1405 = ORIENTED_EDGE ( 'NONE', *, *, #1910, .F. ) ;
#1406 = EDGE_CURVE ( 'NONE', #1938, #1889, #2325, .T. ) ;
#1407 = MECHANICAL_DESIGN_GEOMETRIC_PRESENTATION_REPRESENTATION (  '', ( #50 ), #783 ) ;
#1408 = CARTESIAN_POINT ( 'NONE',  ( 0.2999999999999996558, 0.1150000000000000050, -0.3250000000000000666 ) ) ;
#1409 = AXIS2_PLACEMENT_3D ( 'NONE', #2552, #1908, #1737 ) ;
#1410 = CARTESIAN_POINT ( 'NONE',  ( 0.000000000000000000, 0.000000000000000000, -0.3250000000000000666 ) ) ;
#1411 = ADVANCED_FACE ( 'NONE', ( #1535 ), #2584, .F. ) ;
#1412 = AXIS2_PLACEMENT_3D ( 'NONE', #2585, #1551, #722 ) ;
#1413 = CARTESIAN_POINT ( 'NONE',  ( -0.2999999999999996558, 0.1150000000000000050, -0.3250000000000000666 ) ) ;
#1414 = CARTESIAN_POINT ( 'NONE',  ( -0.2999999999999996558, 0.1150000000000000050, -0.2850000000000000866 ) ) ;
#1415 = EDGE_CURVE ( 'NONE', #2441, #855, #1350, .T. ) ;
#1416 = EDGE_CURVE ( 'NONE', #2165, #1089, #280, .T. ) ;
#1417 = VERTEX_POINT ( 'NONE', #35 ) ;
#1418 = AXIS2_PLACEMENT_3D ( 'NONE', #1173, #2451, #2040 ) ;
#1419 = CARTESIAN_POINT ( 'NONE',  ( -0.2999999999999996558, 0.1150000000000000050, 0.2850000000000000866 ) ) ;
#1420 = DIRECTION ( 'NONE',  ( -1.971276677246371519E-16, 0.000000000000000000, 1.000000000000000000 ) ) ;
#1421 = VERTEX_POINT ( 'NONE', #482 ) ;
#1422 = FILL_AREA_STYLE_COLOUR ( '', #1646 ) ;
#1423 = CARTESIAN_POINT ( 'NONE',  ( 0.2000000000000001776, 0.2650000000000000133, -0.2749999999999999667 ) ) ;
#1424 = ORIENTED_EDGE ( 'NONE', *, *, #1910, .T. ) ;
#1425 = VECTOR ( 'NONE', #706, 1000.000000000000000 ) ;
#1426 = PLANE ( 'NONE',  #2277 ) ;
#1427 = EDGE_CURVE ( 'NONE', #1543, #644, #1120, .T. ) ;
#1428 = DIRECTION ( 'NONE',  ( -0.000000000000000000, -0.000000000000000000, 1.000000000000000000 ) ) ;
#1429 = EDGE_CURVE ( 'NONE', #1379, #2036, #2557, .T. ) ;
#1430 = EDGE_CURVE ( 'NONE', #2564, #2151, #255, .T. ) ;
#1431 = DIRECTION ( 'NONE',  ( -4.521132118547259478E-32, 1.000000000000000000, 1.355252715606880789E-16 ) ) ;
#1432 = CARTESIAN_POINT ( 'NONE',  ( -0.4999999999999995559, 0.2849999999999999756, 0.2750000000000000222 ) ) ;
#1433 = DIRECTION ( 'NONE',  ( 0.000000000000000000, 0.000000000000000000, -1.000000000000000000 ) ) ;
#1434 = VECTOR ( 'NONE', #1420, 1000.000000000000000 ) ;
#1435 = CARTESIAN_POINT ( 'NONE',  ( 0.5250000000000001332, 0.1650000000000000078, 0.09999999999999981126 ) ) ;
#1436 = ORIENTED_EDGE ( 'NONE', *, *, #1298, .T. ) ;
#1437 = CARTESIAN_POINT ( 'NONE',  ( -0.2999999999999996558, 0.1150000000000000050, 0.2850000000000000866 ) ) ;
#1438 = LINE ( 'NONE', #806, #2272 ) ;
#1439 = LINE ( 'NONE', #1224, #190 ) ;
#1440 = DIRECTION ( 'NONE',  ( 0.000000000000000000, 0.000000000000000000, -1.000000000000000000 ) ) ;
#1441 = EDGE_CURVE ( 'NONE', #1417, #723, #1953, .T. ) ;
#1442 = ORIENTED_EDGE ( 'NONE', *, *, #1441, .F. ) ;
#1443 = DIRECTION ( 'NONE',  ( 0.000000000000000000, 1.000000000000000000, 0.000000000000000000 ) ) ;
#1444 = CARTESIAN_POINT ( 'NONE',  ( 0.4850000000000002087, 0.1650000000000000355, -0.1000000000000001998 ) ) ;
#1445 = VECTOR ( 'NONE', #143, 1000.000000000000000 ) ;
#1446 = VERTEX_POINT ( 'NONE', #1524 ) ;
#1447 = ADVANCED_FACE ( 'NONE', ( #1133 ), #909, .F. ) ;
#1448 = VECTOR ( 'NONE', #1107, 1000.000000000000000 ) ;
#1449 = LINE ( 'NONE', #2274, #604 ) ;
#1450 = VECTOR ( 'NONE', #932, 1000.000000000000000 ) ;
#1451 = DIRECTION ( 'NONE',  ( -1.084202172485504631E-15, -1.000000000000000000, 0.000000000000000000 ) ) ;
#1452 = AXIS2_PLACEMENT_3D ( 'NONE', #745, #1977, #2227 ) ;
#1453 = CARTESIAN_POINT ( 'NONE',  ( 0.3999999999999996336, 0.1650000000000000078, -0.3250000000000000666 ) ) ;
#1454 = DIRECTION ( 'NONE',  ( -1.000000000000000000, -1.084202172485504631E-15, 0.000000000000000000 ) ) ;
#1455 = MANIFOLD_SOLID_BREP ( 'Mirror2[1]', #196 ) ;
#1456 = CARTESIAN_POINT ( 'NONE',  ( -0.3999999999999995781, 0.1150000000000000050, -0.2850000000000000866 ) ) ;
#1457 = ORIENTED_EDGE ( 'NONE', *, *, #135, .T. ) ;
#1458 = DIRECTION ( 'NONE',  ( -1.084202172485504631E-15, 1.000000000000000000, 0.000000000000000000 ) ) ;
#1459 = MECHANICAL_DESIGN_GEOMETRIC_PRESENTATION_REPRESENTATION (  '', ( #1590 ), #148 ) ;
#1460 = MANIFOLD_SOLID_BREP ( 'Mirror3', #1013 ) ;
#1461 = FILL_AREA_STYLE ('',( #2733 ) ) ;
#1462 = CARTESIAN_POINT ( 'NONE',  ( -0.2999999999999996003, 0.1650000000000000078, 0.2850000000000000866 ) ) ;
#1463 = VERTEX_POINT ( 'NONE', #2018 ) ;
#1464 = EDGE_CURVE ( 'NONE', #2101, #2201, #2121, .T. ) ;
#1465 = ADVANCED_FACE ( 'NONE', ( #325 ), #94, .F. ) ;
#1466 = UNCERTAINTY_MEASURE_WITH_UNIT (LENGTH_MEASURE( 1.000000000000000082E-05 ), #1895, 'distance_accuracy_value', 'NONE');
#1467 = AXIS2_PLACEMENT_3D ( 'NONE', #994, #1815, #366 ) ;
#1468 = CARTESIAN_POINT ( 'NONE',  ( -0.5250000000000001332, 0.1150000000000000328, -0.1000000000000001998 ) ) ;
#1469 =( NAMED_UNIT ( * ) PLANE_ANGLE_UNIT ( ) SI_UNIT ( $, .RADIAN. ) );
#1470 = FACE_OUTER_BOUND ( 'NONE', #1563, .T. ) ;
#1471 = EDGE_CURVE ( 'NONE', #551, #1767, #985, .T. ) ;
#1472 = PLANE ( 'NONE',  #691 ) ;
#1473 = ORIENTED_EDGE ( 'NONE', *, *, #2360, .F. ) ;
#1474 = DIRECTION ( 'NONE',  ( -1.000000000000000000, 0.000000000000000000, 0.000000000000000000 ) ) ;
#1475 = PLANE ( 'NONE',  #246 ) ;
#1476 = ORIENTED_EDGE ( 'NONE', *, *, #6, .F. ) ;
#1477 = CARTESIAN_POINT ( 'NONE',  ( -0.1999999999999997613, 0.2449999999999999956, -0.2750000000000000222 ) ) ;
#1478 = DIRECTION ( 'NONE',  ( 0.000000000000000000, 1.355252715606880543E-16, -1.000000000000000000 ) ) ;
#1479 = DIRECTION ( 'NONE',  ( -1.000000000000000000, 1.084202172485504631E-15, 0.000000000000000000 ) ) ;
#1480 = DIRECTION ( 'NONE',  ( -1.000000000000000000, 0.000000000000000000, -0.000000000000000000 ) ) ;
#1481 = CARTESIAN_POINT ( 'NONE',  ( 0.2000000000000000666, 0.2849999999999999756, 0.2749999999999999667 ) ) ;
#1482 = ORIENTED_EDGE ( 'NONE', *, *, #654, .T. ) ;
#1483 = ORIENTED_EDGE ( 'NONE', *, *, #1616, .F. ) ;
#1484 = DIRECTION ( 'NONE',  ( -1.000000000000000000, 0.000000000000000000, -0.000000000000000000 ) ) ;
#1485 = DIRECTION ( 'NONE',  ( -3.942553354492743038E-16, 0.000000000000000000, -1.000000000000000000 ) ) ;
#1486 = CARTESIAN_POINT ( 'NONE',  ( -0.5250000000000000222, 0.2650000000000000133, -0.3250000000000000666 ) ) ;
#1487 = ORIENTED_EDGE ( 'NONE', *, *, #1982, .F. ) ;
#1488 = CARTESIAN_POINT ( 'NONE',  ( 0.2999999999999996003, 0.1650000000000000078, 0.3250000000000000666 ) ) ;
#1489 = ORIENTED_EDGE ( 'NONE', *, *, #1774, .T. ) ;
#1490 = UNCERTAINTY_MEASURE_WITH_UNIT (LENGTH_MEASURE( 1.000000000000000082E-05 ), #2043, 'distance_accuracy_value', 'NONE');
#1491 = EDGE_LOOP ( 'NONE', ( #1273, #457, #925, #2681 ) ) ;
#1492 = VECTOR ( 'NONE', #1369, 1000.000000000000000 ) ;
#1493 = DIRECTION ( 'NONE',  ( 0.000000000000000000, 0.000000000000000000, -1.000000000000000000 ) ) ;
#1494 = EDGE_CURVE ( 'NONE', #1208, #1991, #735, .T. ) ;
#1495 = MANIFOLD_SOLID_BREP ( 'Boss-Extrude3[2]', #2457 ) ;
#1496 = AXIS2_PLACEMENT_3D ( 'NONE', #1222, #1479, #2726 ) ;
#1497 = EDGE_LOOP ( 'NONE', ( #698, #1234, #1285, #1817 ) ) ;
#1498 =( LENGTH_UNIT ( ) NAMED_UNIT ( * ) SI_UNIT ( .MILLI., .METRE. ) );
#1499 = ORIENTED_EDGE ( 'NONE', *, *, #2052, .F. ) ;
#1500 = VECTOR ( 'NONE', #2435, 1000.000000000000000 ) ;
#1501 = EDGE_CURVE ( 'NONE', #288, #257, #2632, .T. ) ;
#1502 = MANIFOLD_SOLID_BREP ( 'Boss-Extrude2[2]', #1640 ) ;
#1503 = VECTOR ( 'NONE', #1164, 1000.000000000000000 ) ;
#1504 = CARTESIAN_POINT ( 'NONE',  ( 0.5250000000000001332, 0.1150000000000000328, -0.1000000000000001998 ) ) ;
#1505 = VERTEX_POINT ( 'NONE', #2391 ) ;
#1506 = CARTESIAN_POINT ( 'NONE',  ( 0.000000000000000000, 0.2449999999999999956, 0.000000000000000000 ) ) ;
#1507 = EDGE_CURVE ( 'NONE', #634, #1200, #1000, .T. ) ;
#1508 = VERTEX_POINT ( 'NONE', #1592 ) ;
#1509 = AXIS2_PLACEMENT_3D ( 'NONE', #1402, #2232, #340 ) ;
#1510 = CARTESIAN_POINT ( 'NONE',  ( -0.3999999999999996336, 0.1650000000000000078, 0.3250000000000000666 ) ) ;
#1511 = DIRECTION ( 'NONE',  ( 3.336006684570783101E-16, 0.000000000000000000, 1.000000000000000000 ) ) ;
#1512 = ADVANCED_FACE ( 'NONE', ( #204 ), #1248, .F. ) ;
#1513 = FACE_OUTER_BOUND ( 'NONE', #227, .T. ) ;
#1514 = ADVANCED_FACE ( 'NONE', ( #1864, #2107 ), #412, .F. ) ;
#1515 = SURFACE_SIDE_STYLE ('',( #243 ) ) ;
#1516 =( NAMED_UNIT ( * ) PLANE_ANGLE_UNIT ( ) SI_UNIT ( $, .RADIAN. ) );
#1517 = AXIS2_PLACEMENT_3D ( 'NONE', #2526, #1328, #1480 ) ;
#1518 = DIRECTION ( 'NONE',  ( 0.000000000000000000, 0.000000000000000000, 1.000000000000000000 ) ) ;
#1519 = PLANE ( 'NONE',  #283 ) ;
#1520 = EDGE_LOOP ( 'NONE', ( #1724, #203, #2149, #2346 ) ) ;
#1521 = EDGE_LOOP ( 'NONE', ( #1140, #1405, #2592, #54 ) ) ;
#1522 = CARTESIAN_POINT ( 'NONE',  ( -0.1999999999999997613, 0.2449999999999999956, -0.2750000000000000222 ) ) ;
#1523 = VERTEX_POINT ( 'NONE', #635 ) ;
#1524 = CARTESIAN_POINT ( 'NONE',  ( 0.4850000000000002087, 0.1150000000000000050, 0.09999999999999982514 ) ) ;
#1525 = ORIENTED_EDGE ( 'NONE', *, *, #452, .T. ) ;
#1526 = DIRECTION ( 'NONE',  ( 0.000000000000000000, -1.355252715606880543E-16, 1.000000000000000000 ) ) ;
#1527 = ADVANCED_FACE ( 'NONE', ( #836 ), #2310, .F. ) ;
#1528 = ORIENTED_EDGE ( 'NONE', *, *, #636, .F. ) ;
#1529 = DIRECTION ( 'NONE',  ( 0.000000000000000000, -1.000000000000000000, -1.355252715606880789E-16 ) ) ;
#1530 = EDGE_CURVE ( 'NONE', #1446, #1072, #1438, .T. ) ;
#1531 = VECTOR ( 'NONE', #927, 1000.000000000000000 ) ;
#1532 = CARTESIAN_POINT ( 'NONE',  ( 0.000000000000000000, -0.2650000000000000133, 0.000000000000000000 ) ) ;
#1533 = ADVANCED_FACE ( 'NONE', ( #2288 ), #149, .T. ) ;
#1534 = ORIENTED_EDGE ( 'NONE', *, *, #1070, .F. ) ;
#1535 = FACE_OUTER_BOUND ( 'NONE', #368, .T. ) ;
#1536 = VECTOR ( 'NONE', #303, 1000.000000000000000 ) ;
#1537 = LINE ( 'NONE', #2353, #242 ) ;
#1538 = ORIENTED_EDGE ( 'NONE', *, *, #2219, .T. ) ;
#1539 = MECHANICAL_DESIGN_GEOMETRIC_PRESENTATION_REPRESENTATION (  '', ( #2350 ), #1835 ) ;
#1540 = DIRECTION ( 'NONE',  ( 1.000000000000000000, -0.000000000000000000, -0.000000000000000000 ) ) ;
#1541 = VECTOR ( 'NONE', #292, 1000.000000000000000 ) ;
#1542 = DIRECTION ( 'NONE',  ( 0.000000000000000000, 1.355252715606880789E-16, -1.000000000000000000 ) ) ;
#1543 = VERTEX_POINT ( 'NONE', #176 ) ;
#1544 = AXIS2_PLACEMENT_3D ( 'NONE', #1937, #1309, #1545 ) ;
#1545 = DIRECTION ( 'NONE',  ( 3.942553354492743531E-16, 0.000000000000000000, 1.000000000000000000 ) ) ;
#1546 = VECTOR ( 'NONE', #2469, 1000.000000000000000 ) ;
#1547 = DIRECTION ( 'NONE',  ( 1.000000000000000000, 1.084202172485504631E-15, 0.000000000000000000 ) ) ;
#1548 = ORIENTED_EDGE ( 'NONE', *, *, #298, .T. ) ;
#1549 = AXIS2_PLACEMENT_3D ( 'NONE', #1486, #1518, #2696 ) ;
#1550 = CARTESIAN_POINT ( 'NONE',  ( -0.3999999999999996336, 0.1650000000000000078, -0.2850000000000000866 ) ) ;
#1551 = DIRECTION ( 'NONE',  ( -1.000000000000000000, 1.084202172485504631E-15, 0.000000000000000000 ) ) ;
#1552 = CARTESIAN_POINT ( 'NONE',  ( 0.5250000000000000222, -0.2650000000000000133, -0.3250000000000000666 ) ) ;
#1553 = EDGE_CURVE ( 'NONE', #71, #2551, #1265, .T. ) ;
#1554 = CARTESIAN_POINT ( 'NONE',  ( 0.2999999999999996003, 0.1650000000000000078, 0.2850000000000000866 ) ) ;
#1555 = VECTOR ( 'NONE', #289, 1000.000000000000000 ) ;
#1556 = ORIENTED_EDGE ( 'NONE', *, *, #799, .T. ) ;
#1557 = CARTESIAN_POINT ( 'NONE',  ( 0.2999999999999996003, 0.1650000000000000078, 0.2850000000000000866 ) ) ;
#1558 = ORIENTED_EDGE ( 'NONE', *, *, #1588, .T. ) ;
#1559 = LINE ( 'NONE', #1178, #2463 ) ;
#1560 = ORIENTED_EDGE ( 'NONE', *, *, #869, .T. ) ;
#1561 =( LENGTH_UNIT ( ) NAMED_UNIT ( * ) SI_UNIT ( .MILLI., .METRE. ) );
#1562 = CARTESIAN_POINT ( 'NONE',  ( 0.4850000000000002087, 0.1650000000000000078, 0.09999999999999982514 ) ) ;
#1563 = EDGE_LOOP ( 'NONE', ( #733, #746, #168, #1114 ) ) ;
#1564 = CARTESIAN_POINT ( 'NONE',  ( 0.2999999999999996558, 0.1150000000000000050, 0.3250000000000000666 ) ) ;
#1565 = SURFACE_STYLE_FILL_AREA ( #942 ) ;
#1566 = DIRECTION ( 'NONE',  ( -1.084202172485504631E-15, 1.000000000000000000, 0.000000000000000000 ) ) ;
#1567 = EDGE_LOOP ( 'NONE', ( #2581, #2406, #89, #1675 ) ) ;
#1568 = ORIENTED_EDGE ( 'NONE', *, *, #424, .T. ) ;
#1569 = CARTESIAN_POINT ( 'NONE',  ( 0.5250000000000001332, 0.1650000000000000355, -0.1000000000000001998 ) ) ;
#1570 = ORIENTED_EDGE ( 'NONE', *, *, #2694, .T. ) ;
#1571 = DIRECTION ( 'NONE',  ( -0.000000000000000000, -0.000000000000000000, 1.000000000000000000 ) ) ;
#1572 = CARTESIAN_POINT ( 'NONE',  ( -0.2999999999999996558, 0.1150000000000000050, -0.2850000000000000866 ) ) ;
#1573 = LINE ( 'NONE', #1945, #1078 ) ;
#1574 = ORIENTED_EDGE ( 'NONE', *, *, #1146, .T. ) ;
#1575 = VECTOR ( 'NONE', #2061, 1000.000000000000000 ) ;
#1576 = DIRECTION ( 'NONE',  ( -0.000000000000000000, -0.000000000000000000, 1.000000000000000000 ) ) ;
#1577 = EDGE_CURVE ( 'NONE', #1796, #2521, #1065, .T. ) ;
#1578 = VECTOR ( 'NONE', #2023, 1000.000000000000000 ) ;
#1579 = DIRECTION ( 'NONE',  ( 0.000000000000000000, -0.000000000000000000, -1.000000000000000000 ) ) ;
#1580 = DIRECTION ( 'NONE',  ( -1.084202172485504631E-15, 1.000000000000000000, 0.000000000000000000 ) ) ;
#1581 = VECTOR ( 'NONE', #2171, 1000.000000000000000 ) ;
#1582 = ORIENTED_EDGE ( 'NONE', *, *, #934, .T. ) ;
#1583 = DIRECTION ( 'NONE',  ( 0.000000000000000000, -1.000000000000000000, 0.000000000000000000 ) ) ;
#1584 = VECTOR ( 'NONE', #2118, 1000.000000000000000 ) ;
#1585 = LINE ( 'NONE', #1981, #734 ) ;
#1586 = ORIENTED_EDGE ( 'NONE', *, *, #323, .T. ) ;
#1587 = VECTOR ( 'NONE', #810, 1000.000000000000000 ) ;
#1588 = EDGE_CURVE ( 'NONE', #685, #1337, #2479, .T. ) ;
#1589 = CARTESIAN_POINT ( 'NONE',  ( 0.5000000000000002220, 0.2449999999999999956, -0.2750000000000000222 ) ) ;
#1590 = STYLED_ITEM ( 'NONE', ( #2300 ), #2388 ) ;
#1591 = VERTEX_POINT ( 'NONE', #598 ) ;
#1592 = CARTESIAN_POINT ( 'NONE',  ( 0.3999999999999996336, 0.1650000000000000078, 0.2850000000000000866 ) ) ;
#1593 = FACE_OUTER_BOUND ( 'NONE', #2204, .T. ) ;
#1594 = DIRECTION ( 'NONE',  ( 0.000000000000000000, 1.000000000000000000, 0.000000000000000000 ) ) ;
#1595 = EDGE_CURVE ( 'NONE', #793, #2216, #1693, .T. ) ;
#1596 = DIRECTION ( 'NONE',  ( 1.000000000000000000, 0.000000000000000000, -0.000000000000000000 ) ) ;
#1597 = CARTESIAN_POINT ( 'NONE',  ( -0.4999999999999994449, 0.2449999999999999956, -0.2750000000000000222 ) ) ;
#1598 = LINE ( 'NONE', #2178, #1085 ) ;
#1599 = ORIENTED_EDGE ( 'NONE', *, *, #1429, .T. ) ;
#1600 = LINE ( 'NONE', #729, #145 ) ;
#1601 = LINE ( 'NONE', #2029, #2138 ) ;
#1602 = ORIENTED_EDGE ( 'NONE', *, *, #8, .T. ) ;
#1603 = CARTESIAN_POINT ( 'NONE',  ( 0.2999999999999996558, 0.1150000000000000050, -0.3250000000000000666 ) ) ;
#1604 = FILL_AREA_STYLE ('',( #1840 ) ) ;
#1605 = CARTESIAN_POINT ( 'NONE',  ( 0.2999999999999996003, 0.1650000000000000078, -0.3250000000000000666 ) ) ;
#1606 = EDGE_LOOP ( 'NONE', ( #354, #786, #450, #595 ) ) ;
#1607 = CARTESIAN_POINT ( 'NONE',  ( -0.3999999999999995781, 0.1150000000000000050, 0.3250000000000000666 ) ) ;
#1608 = CARTESIAN_POINT ( 'NONE',  ( -0.1999999999999997613, 0.2849999999999999756, -0.2750000000000000222 ) ) ;
#1609 = DIRECTION ( 'NONE',  ( 1.000000000000000000, 0.000000000000000000, -3.336006684570783594E-16 ) ) ;
#1610 = CARTESIAN_POINT ( 'NONE',  ( 0.3999999999999996336, 0.1650000000000000078, 0.2850000000000000866 ) ) ;
#1611 = EDGE_CURVE ( 'NONE', #71, #93, #1645, .T. ) ;
#1612 = ORIENTED_EDGE ( 'NONE', *, *, #328, .T. ) ;
#1613 = FACE_OUTER_BOUND ( 'NONE', #1497, .T. ) ;
#1614 = CARTESIAN_POINT ( 'NONE',  ( -0.2999999999999996558, 0.1150000000000000050, 0.3250000000000000666 ) ) ;
#1615 = ORIENTED_EDGE ( 'NONE', *, *, #1631, .T. ) ;
#1616 = EDGE_CURVE ( 'NONE', #244, #1907, #1449, .T. ) ;
#1617 = CARTESIAN_POINT ( 'NONE',  ( 0.4850000000000002087, 0.1150000000000000050, 0.09999999999999982514 ) ) ;
#1618 = ADVANCED_FACE ( 'NONE', ( #1236 ), #1966, .F. ) ;
#1619 = PRESENTATION_STYLE_ASSIGNMENT (( #769 ) ) ;
#1620 = LINE ( 'NONE', #2221, #555 ) ;
#1621 = CARTESIAN_POINT ( 'NONE',  ( 0.3999999999999996336, 0.1650000000000000078, -0.3250000000000000666 ) ) ;
#1622 = CARTESIAN_POINT ( 'NONE',  ( 0.2999999999999996003, 0.1650000000000000078, 0.3250000000000000666 ) ) ;
#1623 = EDGE_LOOP ( 'NONE', ( #154, #478, #554, #1270 ) ) ;
#1624 = SURFACE_STYLE_USAGE ( .BOTH. , #1992 ) ;
#1625 = AXIS2_PLACEMENT_3D ( 'NONE', #224, #1082, #2161 ) ;
#1626 = SURFACE_STYLE_FILL_AREA ( #2214 ) ;
#1627 = DIRECTION ( 'NONE',  ( -0.000000000000000000, -0.000000000000000000, 1.000000000000000000 ) ) ;
#1628 = ORIENTED_EDGE ( 'NONE', *, *, #1427, .F. ) ;
#1629 = EDGE_CURVE ( 'NONE', #1938, #71, #218, .T. ) ;
#1630 =( GEOMETRIC_REPRESENTATION_CONTEXT ( 3 ) GLOBAL_UNCERTAINTY_ASSIGNED_CONTEXT ( ( #862 ) ) GLOBAL_UNIT_ASSIGNED_CONTEXT ( ( #2080, #1469, #401 ) ) REPRESENTATION_CONTEXT ( 'NONE', 'WORKASPACE' ) );
#1631 = EDGE_CURVE ( 'NONE', #1970, #2553, #688, .T. ) ;
#1632 = VECTOR ( 'NONE', #1923, 1000.000000000000000 ) ;
#1633 =( NAMED_UNIT ( * ) PLANE_ANGLE_UNIT ( ) SI_UNIT ( $, .RADIAN. ) );
#1634 = MECHANICAL_DESIGN_GEOMETRIC_PRESENTATION_REPRESENTATION (  '', ( #2143 ), #385 ) ;
#1635 = DIRECTION ( 'NONE',  ( 0.000000000000000000, 0.000000000000000000, -1.000000000000000000 ) ) ;
#1636 = VERTEX_POINT ( 'NONE', #864 ) ;
#1637 = DIRECTION ( 'NONE',  ( -1.971276677246371519E-16, 0.000000000000000000, 1.000000000000000000 ) ) ;
#1638 = CARTESIAN_POINT ( 'NONE',  ( -0.5250000000000001332, 0.1650000000000000355, -0.1000000000000001998 ) ) ;
#1639 = VERTEX_POINT ( 'NONE', #1510 ) ;
#1640 = CLOSED_SHELL ( 'NONE', ( #749, #589, #199, #2059, #2454, #901 ) ) ;
#1641 = LINE ( 'NONE', #2476, #2633 ) ;
#1642 = SURFACE_SIDE_STYLE ('',( #1626 ) ) ;
#1643 = CARTESIAN_POINT ( 'NONE',  ( -0.4850000000000002087, 0.1650000000000000355, -0.1000000000000001860 ) ) ;
#1644 = ORIENTED_EDGE ( 'NONE', *, *, #2470, .F. ) ;
#1645 = LINE ( 'NONE', #585, #426 ) ;
#1646 = COLOUR_RGB ( '',0.2980392156862745057, 0.2980392156862745057, 0.2980392156862745057 ) ;
#1647 = EDGE_CURVE ( 'NONE', #873, #1734, #5, .T. ) ;
#1648 = LINE ( 'NONE', #161, #1546 ) ;
#1649 = LINE ( 'NONE', #1413, #819 ) ;
#1650 = VERTEX_POINT ( 'NONE', #2580 ) ;
#1651 = EDGE_CURVE ( 'NONE', #779, #850, #2379, .T. ) ;
#1652 = CARTESIAN_POINT ( 'NONE',  ( 0.3999999999999996336, 0.1650000000000000078, -0.2850000000000000866 ) ) ;
#1653 = CARTESIAN_POINT ( 'NONE',  ( 0.2000000000000001776, 0.2650000000000000133, -0.2749999999999999667 ) ) ;
#1654 = LINE ( 'NONE', #1435, #235 ) ;
#1655 = CARTESIAN_POINT ( 'NONE',  ( -0.4999999999999994449, 0.2449999999999999956, -0.2750000000000000222 ) ) ;
#1656 =( NAMED_UNIT ( * ) SI_UNIT ( $, .STERADIAN. ) SOLID_ANGLE_UNIT ( ) );
#1657 = DIRECTION ( 'NONE',  ( 1.000000000000000000, -0.000000000000000000, 1.971276677246372505E-16 ) ) ;
#1658 = PLANE ( 'NONE',  #2312 ) ;
#1659 = DIRECTION ( 'NONE',  ( 0.000000000000000000, -0.000000000000000000, -1.000000000000000000 ) ) ;
#1660 = EDGE_CURVE ( 'NONE', #850, #884, #2336, .T. ) ;
#1661 = VECTOR ( 'NONE', #1576, 1000.000000000000000 ) ;
#1662 = CARTESIAN_POINT ( 'NONE',  ( -0.2999999999999996003, 0.1650000000000000078, -0.3250000000000000666 ) ) ;
#1663 = DIRECTION ( 'NONE',  ( -1.084202172485504631E-15, -1.000000000000000000, 0.000000000000000000 ) ) ;
#1664 = VECTOR ( 'NONE', #2190, 1000.000000000000000 ) ;
#1665 = ORIENTED_EDGE ( 'NONE', *, *, #2745, .F. ) ;
#1666 = PRESENTATION_LAYER_ASSIGNMENT (  '', '', ( #1708 ) ) ;
#1667 = DIRECTION ( 'NONE',  ( -1.084202172485504631E-15, 1.000000000000000000, -0.000000000000000000 ) ) ;
#1668 = EDGE_CURVE ( 'NONE', #129, #1718, #675, .T. ) ;
#1669 = VECTOR ( 'NONE', #732, 1000.000000000000000 ) ;
#1670 = CARTESIAN_POINT ( 'NONE',  ( -0.1999999999999995393, 0.2849999999999999756, 0.2750000000000000222 ) ) ;
#1671 = VECTOR ( 'NONE', #2671, 1000.000000000000000 ) ;
#1672 = DIRECTION ( 'NONE',  ( 0.000000000000000000, 0.000000000000000000, 1.000000000000000000 ) ) ;
#1673 = COLOUR_RGB ( '',0.6666666666666666297, 0.6980392156862744724, 0.7686274509803920907 ) ;
#1674 =( NAMED_UNIT ( * ) SI_UNIT ( $, .STERADIAN. ) SOLID_ANGLE_UNIT ( ) );
#1675 = ORIENTED_EDGE ( 'NONE', *, *, #1806, .T. ) ;
#1676 = FACE_OUTER_BOUND ( 'NONE', #2721, .T. ) ;
#1677 = ORIENTED_EDGE ( 'NONE', *, *, #2706, .T. ) ;
#1678 = ORIENTED_EDGE ( 'NONE', *, *, #1784, .F. ) ;
#1679 = CARTESIAN_POINT ( 'NONE',  ( 0.2999999999999996003, 0.1650000000000000078, -0.2850000000000000866 ) ) ;
#1680 = EDGE_LOOP ( 'NONE', ( #1691, #2304, #338, #1482 ) ) ;
#1681 = UNCERTAINTY_MEASURE_WITH_UNIT (LENGTH_MEASURE( 1.000000000000000082E-05 ), #1498, 'distance_accuracy_value', 'NONE');
#1682 = LINE ( 'NONE', #2504, #881 ) ;
#1683 = CARTESIAN_POINT ( 'NONE',  ( 0.000000000000000000, 0.2849999999999999756, 0.000000000000000000 ) ) ;
#1684 = LINE ( 'NONE', #164, #900 ) ;
#1685 = DIRECTION ( 'NONE',  ( 0.000000000000000000, 1.000000000000000000, 0.000000000000000000 ) ) ;
#1686 = EDGE_LOOP ( 'NONE', ( #2623, #1738, #60, #1764 ) ) ;
#1687 = FACE_BOUND ( 'NONE', #1983, .T. ) ;
#1688 = ORIENTED_EDGE ( 'NONE', *, *, #1256, .F. ) ;
#1689 = ADVANCED_FACE ( 'NONE', ( #465 ), #1727, .T. ) ;
#1690 = CARTESIAN_POINT ( 'NONE',  ( 0.3999999999999995781, 0.1150000000000000050, -0.2850000000000000866 ) ) ;
#1691 = ORIENTED_EDGE ( 'NONE', *, *, #1238, .T. ) ;
#1692 = EDGE_CURVE ( 'NONE', #1337, #346, #1739, .T. ) ;
#1693 = LINE ( 'NONE', #2468, #858 ) ;
#1694 = DIRECTION ( 'NONE',  ( -1.000000000000000000, 0.000000000000000000, 3.336006684570783101E-16 ) ) ;
#1695 = PLANE ( 'NONE',  #1746 ) ;
#1696 = ADVANCED_FACE ( 'NONE', ( #45 ), #1338, .F. ) ;
#1697 = SURFACE_STYLE_USAGE ( .BOTH. , #1515 ) ;
#1698 = EDGE_LOOP ( 'NONE', ( #888, #419, #578, #453 ) ) ;
#1699 = CARTESIAN_POINT ( 'NONE',  ( 0.5250000000000001332, 0.1150000000000000050, 0.09999999999999981126 ) ) ;
#1700 = ADVANCED_FACE ( 'NONE', ( #2348 ), #1326, .F. ) ;
#1701 = DIRECTION ( 'NONE',  ( 0.000000000000000000, 1.000000000000000000, 0.000000000000000000 ) ) ;
#1702 = ORIENTED_EDGE ( 'NONE', *, *, #2267, .T. ) ;
#1703 = DIRECTION ( 'NONE',  ( 0.000000000000000000, 1.355252715606880789E-16, -1.000000000000000000 ) ) ;
#1704 = EDGE_CURVE ( 'NONE', #718, #445, #650, .T. ) ;
#1705 = PLANE ( 'NONE',  #1336 ) ;
#1706 = MECHANICAL_DESIGN_GEOMETRIC_PRESENTATION_REPRESENTATION (  '', ( #728 ), #44 ) ;
#1707 = CARTESIAN_POINT ( 'NONE',  ( -0.2999999999999996558, 0.1150000000000000050, 0.2850000000000000866 ) ) ;
#1708 = STYLED_ITEM ( 'NONE', ( #1758 ), #1455 ) ;
#1709 = LINE ( 'NONE', #1067, #1843 ) ;
#1710 = AXIS2_PLACEMENT_3D ( 'NONE', #1532, #2323, #264 ) ;
#1711 = FACE_BOUND ( 'NONE', #1732, .T. ) ;
#1712 = VERTEX_POINT ( 'NONE', #1423 ) ;
#1713 = ORIENTED_EDGE ( 'NONE', *, *, #2430, .F. ) ;
#1714 = CARTESIAN_POINT ( 'NONE',  ( 0.2999999999999996003, 0.1650000000000000078, -0.3250000000000000666 ) ) ;
#1715 = ORIENTED_EDGE ( 'NONE', *, *, #1471, .F. ) ;
#1716 = ORIENTED_EDGE ( 'NONE', *, *, #770, .F. ) ;
#1717 = DIRECTION ( 'NONE',  ( -1.084202172485504631E-15, -1.000000000000000000, -0.000000000000000000 ) ) ;
#1718 = VERTEX_POINT ( 'NONE', #1569 ) ;
#1719 = ADVANCED_FACE ( 'NONE', ( #919 ), #982, .F. ) ;
#1720 = DIRECTION ( 'NONE',  ( -3.336006684570783101E-16, -0.000000000000000000, -1.000000000000000000 ) ) ;
#1721 = EDGE_LOOP ( 'NONE', ( #1558, #1052, #261, #2686 ) ) ;
#1722 = CARTESIAN_POINT ( 'NONE',  ( -0.5250000000000001332, 0.1150000000000000050, 0.09999999999999981126 ) ) ;
#1723 = EDGE_CURVE ( 'NONE', #1089, #440, #1143, .T. ) ;
#1724 = ORIENTED_EDGE ( 'NONE', *, *, #543, .T. ) ;
#1725 = CARTESIAN_POINT ( 'NONE',  ( 0.000000000000000000, 0.000000000000000000, 0.3250000000000000666 ) ) ;
#1726 = ORIENTED_EDGE ( 'NONE', *, *, #797, .F. ) ;
#1727 = PLANE ( 'NONE',  #2571 ) ;
#1728 = ORIENTED_EDGE ( 'NONE', *, *, #2688, .T. ) ;
#1729 = DIRECTION ( 'NONE',  ( 0.000000000000000000, -0.000000000000000000, -1.000000000000000000 ) ) ;
#1730 = SURFACE_SIDE_STYLE ('',( #1742 ) ) ;
#1731 = DIRECTION ( 'NONE',  ( 1.000000000000000000, 0.000000000000000000, 0.000000000000000000 ) ) ;
#1732 = EDGE_LOOP ( 'NONE', ( #2196, #2098, #2542, #2425 ) ) ;
#1733 = LINE ( 'NONE', #724, #2565 ) ;
#1734 = VERTEX_POINT ( 'NONE', #1816 ) ;
#1735 = EDGE_CURVE ( 'NONE', #2201, #2736, #1585, .T. ) ;
#1736 =( NAMED_UNIT ( * ) PLANE_ANGLE_UNIT ( ) SI_UNIT ( $, .RADIAN. ) );
#1737 = DIRECTION ( 'NONE',  ( -1.000000000000000000, 0.000000000000000000, 0.000000000000000000 ) ) ;
#1738 = ORIENTED_EDGE ( 'NONE', *, *, #2472, .F. ) ;
#1739 = LINE ( 'NONE', #233, #2311 ) ;
#1740 = ORIENTED_EDGE ( 'NONE', *, *, #2159, .F. ) ;
#1741 = ADVANCED_FACE ( 'NONE', ( #1826 ), #61, .F. ) ;
#1742 = SURFACE_STYLE_FILL_AREA ( #923 ) ;
#1743 = VECTOR ( 'NONE', #485, 1000.000000000000000 ) ;
#1744 = LINE ( 'NONE', #256, #11 ) ;
#1745 = VERTEX_POINT ( 'NONE', #1389 ) ;
#1746 = AXIS2_PLACEMENT_3D ( 'NONE', #637, #1493, #2313 ) ;
#1747 = CARTESIAN_POINT ( 'NONE',  ( -0.2999999999999996003, 0.1650000000000000078, -0.2850000000000000866 ) ) ;
#1748 = LINE ( 'NONE', #1936, #1531 ) ;
#1749 = ORIENTED_EDGE ( 'NONE', *, *, #1289, .F. ) ;
#1750 = VECTOR ( 'NONE', #427, 1000.000000000000000 ) ;
#1751 = CARTESIAN_POINT ( 'NONE',  ( 0.2999999999999996003, 0.1650000000000000078, 0.2850000000000000866 ) ) ;
#1752 = ORIENTED_EDGE ( 'NONE', *, *, #1501, .F. ) ;
#1753 = ORIENTED_EDGE ( 'NONE', *, *, #2567, .T. ) ;
#1754 = CARTESIAN_POINT ( 'NONE',  ( -0.2999999999999996003, 0.1650000000000000078, 0.3250000000000000666 ) ) ;
#1755 = ORIENTED_EDGE ( 'NONE', *, *, #2741, .F. ) ;
#1756 = AXIS2_PLACEMENT_3D ( 'NONE', #122, #561, #2238 ) ;
#1757 = ORIENTED_EDGE ( 'NONE', *, *, #2482, .F. ) ;
#1758 = PRESENTATION_STYLE_ASSIGNMENT (( #721 ) ) ;
#1759 = FACE_OUTER_BOUND ( 'NONE', #515, .T. ) ;
#1760 = CARTESIAN_POINT ( 'NONE',  ( -0.3999999999999996336, 0.1650000000000000078, 0.3250000000000000666 ) ) ;
#1761 = PLANE ( 'NONE',  #2746 ) ;
#1762 = LINE ( 'NONE', #305, #1181 ) ;
#1763 = AXIS2_PLACEMENT_3D ( 'NONE', #582, #1433, #2485 ) ;
#1764 = ORIENTED_EDGE ( 'NONE', *, *, #535, .F. ) ;
#1765 = ORIENTED_EDGE ( 'NONE', *, *, #162, .T. ) ;
#1766 = DIRECTION ( 'NONE',  ( 0.000000000000000000, -1.000000000000000000, 0.000000000000000000 ) ) ;
#1767 = VERTEX_POINT ( 'NONE', #2647 ) ;
#1768 = EDGE_CURVE ( 'NONE', #2036, #779, #948, .T. ) ;
#1769 = CARTESIAN_POINT ( 'NONE',  ( -0.1999999999999997613, 0.2650000000000000133, -0.2750000000000000222 ) ) ;
#1770 = ORIENTED_EDGE ( 'NONE', *, *, #1854, .T. ) ;
#1771 = CARTESIAN_POINT ( 'NONE',  ( -0.4850000000000002087, 0.1650000000000000078, 0.09999999999999981126 ) ) ;
#1772 = DIRECTION ( 'NONE',  ( -0.000000000000000000, 0.000000000000000000, -1.000000000000000000 ) ) ;
#1773 = EDGE_LOOP ( 'NONE', ( #1176, #499, #611, #37 ) ) ;
#1774 = EDGE_CURVE ( 'NONE', #75, #1080, #74, .T. ) ;
#1775 = PLANE ( 'NONE',  #2484 ) ;
#1776 = DIRECTION ( 'NONE',  ( -1.084202172485504631E-15, -1.000000000000000000, -0.000000000000000000 ) ) ;
#1777 = LINE ( 'NONE', #487, #906 ) ;
#1778 = EDGE_LOOP ( 'NONE', ( #2293, #222, #1363, #254 ) ) ;
#1779 = CARTESIAN_POINT ( 'NONE',  ( -0.5250000000000000222, 0.2650000000000000133, 0.3249999999999999001 ) ) ;
#1780 = FACE_OUTER_BOUND ( 'NONE', #272, .T. ) ;
#1781 = FACE_OUTER_BOUND ( 'NONE', #918, .T. ) ;
#1782 = ORIENTED_EDGE ( 'NONE', *, *, #1842, .F. ) ;
#1783 = DIRECTION ( 'NONE',  ( -1.000000000000000000, 1.084202172485504631E-15, 0.000000000000000000 ) ) ;
#1784 = EDGE_CURVE ( 'NONE', #75, #1970, #525, .T. ) ;
#1785 = VERTEX_POINT ( 'NONE', #1175 ) ;
#1786 = DIRECTION ( 'NONE',  ( 0.000000000000000000, 0.000000000000000000, -1.000000000000000000 ) ) ;
#1787 = DIRECTION ( 'NONE',  ( 0.000000000000000000, -0.000000000000000000, -1.000000000000000000 ) ) ;
#1788 = DIRECTION ( 'NONE',  ( 1.668003342285391551E-16, 0.000000000000000000, 1.000000000000000000 ) ) ;
#1789 = VECTOR ( 'NONE', #2327, 1000.000000000000000 ) ;
#1790 =( GEOMETRIC_REPRESENTATION_CONTEXT ( 3 ) GLOBAL_UNCERTAINTY_ASSIGNED_CONTEXT ( ( #1262 ) ) GLOBAL_UNIT_ASSIGNED_CONTEXT ( ( #1561, #1299, #220 ) ) REPRESENTATION_CONTEXT ( 'NONE', 'WORKASPACE' ) );
#1791 =( LENGTH_UNIT ( ) NAMED_UNIT ( * ) SI_UNIT ( .MILLI., .METRE. ) );
#1792 = DIRECTION ( 'NONE',  ( 1.000000000000000000, 0.000000000000000000, 3.336006684570783594E-16 ) ) ;
#1793 = ORIENTED_EDGE ( 'NONE', *, *, #2162, .T. ) ;
#1794 = FACE_OUTER_BOUND ( 'NONE', #2668, .T. ) ;
#1795 = AXIS2_PLACEMENT_3D ( 'NONE', #1158, #1766, #2607 ) ;
#1796 = VERTEX_POINT ( 'NONE', #2014 ) ;
#1797 = LINE ( 'NONE', #1399, #758 ) ;
#1798 = VECTOR ( 'NONE', #1010, 1000.000000000000000 ) ;
#1799 = CARTESIAN_POINT ( 'NONE',  ( -0.2999999999999996003, 0.1650000000000000078, 0.3250000000000000666 ) ) ;
#1800 = ORIENTED_EDGE ( 'NONE', *, *, #1595, .F. ) ;
#1801 = VECTOR ( 'NONE', #79, 1000.000000000000000 ) ;
#1802 = PRODUCT_DEFINITION_FORMATION_WITH_SPECIFIED_SOURCE ( 'ANY', '', #519, .NOT_KNOWN. ) ;
#1803 = ORIENTED_EDGE ( 'NONE', *, *, #1373, .F. ) ;
#1804 = PLANE ( 'NONE',  #1412 ) ;
#1805 = VERTEX_POINT ( 'NONE', #1207 ) ;
#1806 = EDGE_CURVE ( 'NONE', #1200, #265, #2183, .T. ) ;
#1807 = CARTESIAN_POINT ( 'NONE',  ( -0.5250000000000000222, 0.2650000000000000133, -0.3250000000000000666 ) ) ;
#1808 = ADVANCED_FACE ( 'NONE', ( #1781 ), #2452, .F. ) ;
#1809 = CARTESIAN_POINT ( 'NONE',  ( -0.3999999999999996336, 0.1650000000000000078, 0.2850000000000000866 ) ) ;
#1810 = FACE_OUTER_BOUND ( 'NONE', #1773, .T. ) ;
#1811 = CARTESIAN_POINT ( 'NONE',  ( 0.2000000000000000666, 0.2849999999999999756, 0.2749999999999999667 ) ) ;
#1812 = ORIENTED_EDGE ( 'NONE', *, *, #1861, .T. ) ;
#1813 = EDGE_CURVE ( 'NONE', #1508, #1543, #2200, .T. ) ;
#1814 = DIRECTION ( 'NONE',  ( -0.000000000000000000, 1.000000000000000000, -0.000000000000000000 ) ) ;
#1815 = DIRECTION ( 'NONE',  ( -1.000000000000000000, 1.084202172485504631E-15, 0.000000000000000000 ) ) ;
#1816 = CARTESIAN_POINT ( 'NONE',  ( -0.2999999999999996558, 0.1150000000000000050, 0.3250000000000000666 ) ) ;
#1817 = ORIENTED_EDGE ( 'NONE', *, *, #2113, .T. ) ;
#1818 = FACE_OUTER_BOUND ( 'NONE', #2362, .T. ) ;
#1819 = EDGE_LOOP ( 'NONE', ( #656, #905, #1924, #2155 ) ) ;
#1820 = CARTESIAN_POINT ( 'NONE',  ( -0.3999999999999995781, 0.1150000000000000050, 0.2850000000000000866 ) ) ;
#1821 = LINE ( 'NONE', #1414, #223 ) ;
#1822 = PLANE ( 'NONE',  #226 ) ;
#1823 = LINE ( 'NONE', #2209, #2334 ) ;
#1824 = ORIENTED_EDGE ( 'NONE', *, *, #2267, .F. ) ;
#1825 = DIRECTION ( 'NONE',  ( -0.000000000000000000, 1.000000000000000000, -0.000000000000000000 ) ) ;
#1826 = FACE_OUTER_BOUND ( 'NONE', #763, .T. ) ;
#1827 = ORIENTED_EDGE ( 'NONE', *, *, #2087, .F. ) ;
#1828 = ORIENTED_EDGE ( 'NONE', *, *, #1865, .F. ) ;
#1829 = CARTESIAN_POINT ( 'NONE',  ( 0.5000000000000002220, 0.2449999999999999956, 0.2750000000000000222 ) ) ;
#1830 = ORIENTED_EDGE ( 'NONE', *, *, #876, .F. ) ;
#1831 = LINE ( 'NONE', #532, #179 ) ;
#1832 = CARTESIAN_POINT ( 'NONE',  ( 0.2000000000000001776, 0.2449999999999999956, -0.2749999999999999667 ) ) ;
#1833 = VERTEX_POINT ( 'NONE', #1378 ) ;
#1834 = VECTOR ( 'NONE', #2112, 1000.000000000000000 ) ;
#1835 =( GEOMETRIC_REPRESENTATION_CONTEXT ( 3 ) GLOBAL_UNCERTAINTY_ASSIGNED_CONTEXT ( ( #1490 ) ) GLOBAL_UNIT_ASSIGNED_CONTEXT ( ( #2043, #313, #2677 ) ) REPRESENTATION_CONTEXT ( 'NONE', 'WORKASPACE' ) );
#1836 = DIRECTION ( 'NONE',  ( -1.000000000000000000, 0.000000000000000000, 1.807003620809173892E-16 ) ) ;
#1837 = ORIENTED_EDGE ( 'NONE', *, *, #2462, .F. ) ;
#1838 = STYLED_ITEM ( 'NONE', ( #1925 ), #1696 ) ;
#1839 = CARTESIAN_POINT ( 'NONE',  ( 0.4850000000000002087, 0.1650000000000000355, -0.1000000000000001860 ) ) ;
#1840 = FILL_AREA_STYLE_COLOUR ( '', #950 ) ;
#1841 = VECTOR ( 'NONE', #2063, 1000.000000000000000 ) ;
#1842 = EDGE_CURVE ( 'NONE', #1421, #632, #1601, .T. ) ;
#1843 = VECTOR ( 'NONE', #2509, 1000.000000000000000 ) ;
#1844 = LINE ( 'NONE', #771, #1356 ) ;
#1845 = ORIENTED_EDGE ( 'NONE', *, *, #2119, .F. ) ;
#1846 = CARTESIAN_POINT ( 'NONE',  ( 0.2999999999999996558, 0.1150000000000000050, 0.2850000000000000866 ) ) ;
#1847 = DIRECTION ( 'NONE',  ( 1.000000000000000000, 0.000000000000000000, 0.000000000000000000 ) ) ;
#1848 = LINE ( 'NONE', #1444, #1671 ) ;
#1849 = EDGE_LOOP ( 'NONE', ( #1193, #2291, #30, #1911 ) ) ;
#1850 = DIRECTION ( 'NONE',  ( -1.971276677246372012E-16, 0.000000000000000000, 1.000000000000000000 ) ) ;
#1851 = VECTOR ( 'NONE', #966, 1000.000000000000000 ) ;
#1852 =( LENGTH_UNIT ( ) NAMED_UNIT ( * ) SI_UNIT ( .MILLI., .METRE. ) );
#1853 = EDGE_CURVE ( 'NONE', #1639, #873, #88, .T. ) ;
#1854 = EDGE_CURVE ( 'NONE', #1591, #1463, #766, .T. ) ;
#1855 = AXIS2_PLACEMENT_3D ( 'NONE', #1022, #2054, #835 ) ;
#1856 = CARTESIAN_POINT ( 'NONE',  ( 0.2000000000000000666, 0.2849999999999999756, 0.2749999999999999667 ) ) ;
#1857 = CARTESIAN_POINT ( 'NONE',  ( 0.2000000000000001776, 0.2449999999999999956, -0.2749999999999999667 ) ) ;
#1858 = ORIENTED_EDGE ( 'NONE', *, *, #422, .F. ) ;
#1859 = PLANE ( 'NONE',  #946 ) ;
#1860 = DIRECTION ( 'NONE',  ( 0.000000000000000000, 0.000000000000000000, -1.000000000000000000 ) ) ;
#1861 = EDGE_CURVE ( 'NONE', #2553, #983, #717, .T. ) ;
#1862 = PLANE ( 'NONE',  #2450 ) ;
#1863 = ORIENTED_EDGE ( 'NONE', *, *, #1415, .T. ) ;
#1864 = FACE_BOUND ( 'NONE', #689, .T. ) ;
#1865 = EDGE_CURVE ( 'NONE', #1508, #1636, #2233, .T. ) ;
#1866 = CARTESIAN_POINT ( 'NONE',  ( -0.3999999999999996336, 0.1650000000000000078, -0.3250000000000000666 ) ) ;
#1867 = PLANE ( 'NONE',  #1320 ) ;
#1868 = ORIENTED_EDGE ( 'NONE', *, *, #520, .F. ) ;
#1869 = DIRECTION ( 'NONE',  ( 1.000000000000000000, 1.084202172485504631E-15, 0.000000000000000000 ) ) ;
#1870 = DIRECTION ( 'NONE',  ( 0.000000000000000000, 0.000000000000000000, 1.000000000000000000 ) ) ;
#1871 = ORIENTED_EDGE ( 'NONE', *, *, #331, .T. ) ;
#1872 = CARTESIAN_POINT ( 'NONE',  ( 0.5250000000000002442, 0.2650000000000000133, 0.3249999999999999001 ) ) ;
#1873 = COLOUR_RGB ( '',0.2980392156862745057, 0.2980392156862745057, 0.2980392156862745057 ) ;
#1874 = ORIENTED_EDGE ( 'NONE', *, *, #1784, .T. ) ;
#1875 = VECTOR ( 'NONE', #2250, 1000.000000000000000 ) ;
#1876 = LINE ( 'NONE', #1839, #708 ) ;
#1877 = VECTOR ( 'NONE', #33, 1000.000000000000000 ) ;
#1878 = VECTOR ( 'NONE', #2502, 1000.000000000000000 ) ;
#1879 = CARTESIAN_POINT ( 'NONE',  ( -0.4850000000000002087, 0.1150000000000000050, 0.09999999999999982514 ) ) ;
#1880 =( GEOMETRIC_REPRESENTATION_CONTEXT ( 3 ) GLOBAL_UNCERTAINTY_ASSIGNED_CONTEXT ( ( #1036 ) ) GLOBAL_UNIT_ASSIGNED_CONTEXT ( ( #375, #1374, #1674 ) ) REPRESENTATION_CONTEXT ( 'NONE', 'WORKASPACE' ) );
#1881 = LINE ( 'NONE', #1079, #566 ) ;
#1882 = ADVANCED_FACE ( 'NONE', ( #1404 ), #107, .T. ) ;
#1883 = ORIENTED_EDGE ( 'NONE', *, *, #2491, .T. ) ;
#1884 = DIRECTION ( 'NONE',  ( -1.000000000000000000, -0.000000000000000000, -0.000000000000000000 ) ) ;
#1885 = ORIENTED_EDGE ( 'NONE', *, *, #1588, .F. ) ;
#1886 = EDGE_CURVE ( 'NONE', #860, #1909, #367, .T. ) ;
#1887 = FACE_OUTER_BOUND ( 'NONE', #911, .T. ) ;
#1888 = LINE ( 'NONE', #1872, #827 ) ;
#1889 = VERTEX_POINT ( 'NONE', #2697 ) ;
#1890 = EDGE_CURVE ( 'NONE', #632, #1650, #804, .T. ) ;
#1891 = UNCERTAINTY_MEASURE_WITH_UNIT (LENGTH_MEASURE( 1.000000000000000082E-05 ), #345, 'distance_accuracy_value', 'NONE');
#1892 = DIRECTION ( 'NONE',  ( -1.668003342285391551E-16, 0.000000000000000000, -1.000000000000000000 ) ) ;
#1893 = FACE_OUTER_BOUND ( 'NONE', #2631, .T. ) ;
#1894 = VECTOR ( 'NONE', #2410, 1000.000000000000000 ) ;
#1895 =( LENGTH_UNIT ( ) NAMED_UNIT ( * ) SI_UNIT ( .MILLI., .METRE. ) );
#1896 = ORIENTED_EDGE ( 'NONE', *, *, #1494, .T. ) ;
#1897 = CARTESIAN_POINT ( 'NONE',  ( -0.2999999999999996003, 0.1650000000000000078, -0.3250000000000000666 ) ) ;
#1898 = EDGE_CURVE ( 'NONE', #2534, #1421, #157, .T. ) ;
#1899 = ORIENTED_EDGE ( 'NONE', *, *, #2195, .T. ) ;
#1900 = FACE_OUTER_BOUND ( 'NONE', #2583, .T. ) ;
#1901 = EDGE_CURVE ( 'NONE', #1591, #860, #1654, .T. ) ;
#1902 = FILL_AREA_STYLE ('',( #1014 ) ) ;
#1903 = PRODUCT_CONTEXT ( 'NONE', #2256, 'mechanical' ) ;
#1904 = CARTESIAN_POINT ( 'NONE',  ( 0.000000000000000000, 0.2449999999999999956, 0.000000000000000000 ) ) ;
#1905 = LINE ( 'NONE', #2326, #2715 ) ;
#1906 = ORIENTED_EDGE ( 'NONE', *, *, #934, .F. ) ;
#1907 = VERTEX_POINT ( 'NONE', #2464 ) ;
#1908 = DIRECTION ( 'NONE',  ( 0.000000000000000000, 0.000000000000000000, 1.000000000000000000 ) ) ;
#1909 = VERTEX_POINT ( 'NONE', #174 ) ;
#1910 = EDGE_CURVE ( 'NONE', #2483, #2723, #1888, .T. ) ;
#1911 = ORIENTED_EDGE ( 'NONE', *, *, #1077, .T. ) ;
#1912 = AXIS2_PLACEMENT_3D ( 'NONE', #2241, #2653, #2224 ) ;
#1913 = DIRECTION ( 'NONE',  ( -1.084202172485504631E-15, -1.000000000000000000, -0.000000000000000000 ) ) ;
#1914 = VECTOR ( 'NONE', #402, 1000.000000000000000 ) ;
#1915 =( GEOMETRIC_REPRESENTATION_CONTEXT ( 3 ) GLOBAL_UNCERTAINTY_ASSIGNED_CONTEXT ( ( #2079 ) ) GLOBAL_UNIT_ASSIGNED_CONTEXT ( ( #1330, #973, #1196 ) ) REPRESENTATION_CONTEXT ( 'NONE', 'WORKASPACE' ) );
#1916 = ADVANCED_FACE ( 'NONE', ( #1233 ), #2722, .F. ) ;
#1917 = CARTESIAN_POINT ( 'NONE',  ( 0.5250000000000000222, -0.2650000000000000133, -0.3250000000000000666 ) ) ;
#1918 = VECTOR ( 'NONE', #664, 1000.000000000000000 ) ;
#1919 = EDGE_LOOP ( 'NONE', ( #65, #846, #2518, #1159 ) ) ;
#1920 = DIRECTION ( 'NONE',  ( -1.000000000000000000, 0.000000000000000000, -0.000000000000000000 ) ) ;
#1921 = AXIS2_PLACEMENT_3D ( 'NONE', #70, #85, #271 ) ;
#1922 = ORIENTED_EDGE ( 'NONE', *, *, #464, .F. ) ;
#1923 = DIRECTION ( 'NONE',  ( 0.000000000000000000, 1.000000000000000000, 0.000000000000000000 ) ) ;
#1924 = ORIENTED_EDGE ( 'NONE', *, *, #2430, .T. ) ;
#1925 = PRESENTATION_STYLE_ASSIGNMENT (( #275 ) ) ;
#1926 = VECTOR ( 'NONE', #524, 1000.000000000000000 ) ;
#1927 = PRESENTATION_STYLE_ASSIGNMENT (( #1095 ) ) ;
#1928 = EDGE_CURVE ( 'NONE', #952, #668, #1218, .T. ) ;
#1929 = ADVANCED_FACE ( 'NONE', ( #594 ), #817, .F. ) ;
#1930 = CARTESIAN_POINT ( 'NONE',  ( -0.3999999999999995781, 0.1150000000000000050, -0.2850000000000000866 ) ) ;
#1931 = ORIENTED_EDGE ( 'NONE', *, *, #1723, .T. ) ;
#1932 = MECHANICAL_DESIGN_GEOMETRIC_PRESENTATION_REPRESENTATION (  '', ( #2418 ), #1103 ) ;
#1933 = CARTESIAN_POINT ( 'NONE',  ( -0.3999999999999996336, 0.1650000000000000078, 0.2850000000000000866 ) ) ;
#1934 = AXIS2_PLACEMENT_3D ( 'NONE', #2630, #2381, #542 ) ;
#1935 = VECTOR ( 'NONE', #2687, 1000.000000000000000 ) ;
#1936 = CARTESIAN_POINT ( 'NONE',  ( 0.5000000000000002220, 0.2449999999999999956, -0.2750000000000000222 ) ) ;
#1937 = CARTESIAN_POINT ( 'NONE',  ( -0.1999999999999995393, 0.2849999999999999756, 0.2750000000000000222 ) ) ;
#1938 = VERTEX_POINT ( 'NONE', #1477 ) ;
#1939 = EDGE_CURVE ( 'NONE', #2394, #1302, #2305, .T. ) ;
#1940 =( NAMED_UNIT ( * ) SI_UNIT ( $, .STERADIAN. ) SOLID_ANGLE_UNIT ( ) );
#1941 = EDGE_LOOP ( 'NONE', ( #1883, #1688, #929, #588 ) ) ;
#1942 = CARTESIAN_POINT ( 'NONE',  ( 0.3999999999999995781, 0.1150000000000000050, 0.2850000000000000866 ) ) ;
#1943 = CARTESIAN_POINT ( 'NONE',  ( -0.5250000000000001332, 0.1150000000000000050, 0.09999999999999981126 ) ) ;
#1944 = VERTEX_POINT ( 'NONE', #2296 ) ;
#1945 = CARTESIAN_POINT ( 'NONE',  ( -0.5250000000000001332, 0.1150000000000000050, 0.09999999999999981126 ) ) ;
#1946 = CARTESIAN_POINT ( 'NONE',  ( 0.5000000000000002220, 0.2650000000000000133, -0.2750000000000000222 ) ) ;
#1947 = LINE ( 'NONE', #1277, #2618 ) ;
#1948 = ORIENTED_EDGE ( 'NONE', *, *, #1231, .T. ) ;
#1949 = COLOUR_RGB ( '',0.6666666666666666297, 0.6980392156862744724, 0.7686274509803920907 ) ;
#1950 = DIRECTION ( 'NONE',  ( -1.807003620809174139E-16, 0.000000000000000000, -1.000000000000000000 ) ) ;
#1951 = ORIENTED_EDGE ( 'NONE', *, *, #2629, .F. ) ;
#1952 = ORIENTED_EDGE ( 'NONE', *, *, #1842, .T. ) ;
#1953 = LINE ( 'NONE', #1942, #1081 ) ;
#1954 = VECTOR ( 'NONE', #2732, 1000.000000000000000 ) ;
#1955 = DIRECTION ( 'NONE',  ( 4.521132118547259478E-32, 1.000000000000000000, 1.355252715606880789E-16 ) ) ;
#1956 = VECTOR ( 'NONE', #953, 1000.000000000000000 ) ;
#1957 = DIRECTION ( 'NONE',  ( 1.000000000000000000, 1.084202172485504631E-15, 0.000000000000000000 ) ) ;
#1958 =( NAMED_UNIT ( * ) PLANE_ANGLE_UNIT ( ) SI_UNIT ( $, .RADIAN. ) );
#1959 = EDGE_CURVE ( 'NONE', #346, #2184, #1021, .T. ) ;
#1960 = VECTOR ( 'NONE', #1913, 1000.000000000000000 ) ;
#1961 = COLOUR_RGB ( '',0.6666666666666666297, 0.6980392156862744724, 0.7686274509803920907 ) ;
#1962 = CARTESIAN_POINT ( 'NONE',  ( 0.5250000000000001332, 0.1650000000000000078, 0.09999999999999981126 ) ) ;
#1963 = VERTEX_POINT ( 'NONE', #2077 ) ;
#1964 = EDGE_CURVE ( 'NONE', #2, #342, #831, .T. ) ;
#1965 = ORIENTED_EDGE ( 'NONE', *, *, #1768, .T. ) ;
#1966 = PLANE ( 'NONE',  #1177 ) ;
#1967 = VERTEX_POINT ( 'NONE', #1679 ) ;
#1968 = ADVANCED_FACE ( 'NONE', ( #2489 ), #1862, .F. ) ;
#1969 = COLOUR_RGB ( '',0.2980392156862745057, 0.2980392156862745057, 0.2980392156862745057 ) ;
#1970 = VERTEX_POINT ( 'NONE', #1259 ) ;
#1971 = CARTESIAN_POINT ( 'NONE',  ( -0.4850000000000002087, 0.1150000000000000050, 0.09999999999999982514 ) ) ;
#1972 = FACE_OUTER_BOUND ( 'NONE', #1063, .T. ) ;
#1973 = EDGE_CURVE ( 'NONE', #523, #477, #2513, .T. ) ;
#1974 = VERTEX_POINT ( 'NONE', #2041 ) ;
#1975 = CARTESIAN_POINT ( 'NONE',  ( -0.3999999999999996336, 0.1650000000000000078, 0.2850000000000000866 ) ) ;
#1976 = CARTESIAN_POINT ( 'NONE',  ( 0.2999999999999996003, 0.1650000000000000078, -0.3250000000000000666 ) ) ;
#1977 = DIRECTION ( 'NONE',  ( 0.000000000000000000, 0.000000000000000000, 1.000000000000000000 ) ) ;
#1978 = ORIENTED_EDGE ( 'NONE', *, *, #2081, .T. ) ;
#1979 = FACE_BOUND ( 'NONE', #1819, .T. ) ;
#1980 = EDGE_CURVE ( 'NONE', #2730, #229, #136, .T. ) ;
#1981 = CARTESIAN_POINT ( 'NONE',  ( 0.5250000000000001332, 0.1650000000000000078, 0.09999999999999981126 ) ) ;
#1982 = EDGE_CURVE ( 'NONE', #1991, #1463, #1848, .T. ) ;
#1983 = EDGE_LOOP ( 'NONE', ( #1051, #467, #1715, #1716 ) ) ;
#1984 = CARTESIAN_POINT ( 'NONE',  ( 0.4850000000000002087, 0.000000000000000000, 0.000000000000000000 ) ) ;
#1985 =( NAMED_UNIT ( * ) PLANE_ANGLE_UNIT ( ) SI_UNIT ( $, .RADIAN. ) );
#1986 = DIRECTION ( 'NONE',  ( 0.000000000000000000, -1.355252715606880789E-16, 1.000000000000000000 ) ) ;
#1987 = DIRECTION ( 'NONE',  ( -1.000000000000000000, 0.000000000000000000, -0.000000000000000000 ) ) ;
#1988 = CARTESIAN_POINT ( 'NONE',  ( 0.3999999999999996336, 0.1650000000000000078, 0.3250000000000000666 ) ) ;
#1989 = DIRECTION ( 'NONE',  ( -0.000000000000000000, -0.000000000000000000, -1.000000000000000000 ) ) ;
#1990 = PLANE ( 'NONE',  #2492 ) ;
#1991 = VERTEX_POINT ( 'NONE', #382 ) ;
#1992 = SURFACE_SIDE_STYLE ('',( #2643 ) ) ;
#1993 =( LENGTH_UNIT ( ) NAMED_UNIT ( * ) SI_UNIT ( .MILLI., .METRE. ) );
#1994 = VERTEX_POINT ( 'NONE', #1643 ) ;
#1995 = CARTESIAN_POINT ( 'NONE',  ( -0.5250000000000001332, 0.1150000000000000050, 0.09999999999999981126 ) ) ;
#1996 = EDGE_LOOP ( 'NONE', ( #2478, #2537, #131, #800 ) ) ;
#1997 = ADVANCED_FACE ( 'NONE', ( #2685 ), #1519, .F. ) ;
#1998 = CARTESIAN_POINT ( 'NONE',  ( 0.5000000000000002220, 0.2449999999999999956, 0.2750000000000000222 ) ) ;
#1999 = ORIENTED_EDGE ( 'NONE', *, *, #2738, .T. ) ;
#2000 = CARTESIAN_POINT ( 'NONE',  ( 0.3999999999999996336, 0.1650000000000000078, -0.3250000000000000666 ) ) ;
#2001 = ADVANCED_FACE ( 'NONE', ( #16 ), #874, .T. ) ;
#2002 = CARTESIAN_POINT ( 'NONE',  ( 0.000000000000000000, 0.000000000000000000, -0.2850000000000000866 ) ) ;
#2003 = VECTOR ( 'NONE', #1342, 1000.000000000000000 ) ;
#2004 = EDGE_CURVE ( 'NONE', #2419, #1142, #2128, .T. ) ;
#2005 = VECTOR ( 'NONE', #191, 1000.000000000000000 ) ;
#2006 = LINE ( 'NONE', #100, #2662 ) ;
#2007 = DIRECTION ( 'NONE',  ( -1.000000000000000000, 0.000000000000000000, -0.000000000000000000 ) ) ;
#2008 = CARTESIAN_POINT ( 'NONE',  ( 0.5250000000000000222, 0.2650000000000000133, -0.3250000000000000666 ) ) ;
#2009 = VECTOR ( 'NONE', #2132, 1000.000000000000000 ) ;
#2010 = ORIENTED_EDGE ( 'NONE', *, *, #2226, .F. ) ;
#2011 = CARTESIAN_POINT ( 'NONE',  ( 0.5250000000000001332, 0.1650000000000000355, -0.1000000000000001998 ) ) ;
#2012 = SURFACE_STYLE_FILL_AREA ( #1172 ) ;
#2013 = VECTOR ( 'NONE', #764, 1000.000000000000000 ) ;
#2014 = CARTESIAN_POINT ( 'NONE',  ( 0.2999999999999996558, 0.1150000000000000050, -0.3250000000000000666 ) ) ;
#2015 = EDGE_LOOP ( 'NONE', ( #639, #1586, #319, #825 ) ) ;
#2016 = PRESENTATION_LAYER_ASSIGNMENT (  '', '', ( #789 ) ) ;
#2017 = EDGE_LOOP ( 'NONE', ( #108, #1006, #1556, #1308 ) ) ;
#2018 = CARTESIAN_POINT ( 'NONE',  ( 0.4850000000000002087, 0.1650000000000000078, 0.09999999999999981126 ) ) ;
#2019 = DIRECTION ( 'NONE',  ( -1.000000000000000000, 0.000000000000000000, -0.000000000000000000 ) ) ;
#2020 = ORIENTED_EDGE ( 'NONE', *, *, #1074, .T. ) ;
#2021 = LINE ( 'NONE', #2456, #324 ) ;
#2022 = ADVANCED_FACE ( 'NONE', ( #448 ), #2577, .T. ) ;
#2023 = DIRECTION ( 'NONE',  ( 0.000000000000000000, 1.000000000000000000, 0.000000000000000000 ) ) ;
#2024 = LINE ( 'NONE', #2620, #716 ) ;
#2025 = CARTESIAN_POINT ( 'NONE',  ( -0.4999999999999994449, 0.2449999999999999956, -0.2750000000000000222 ) ) ;
#2026 = ORIENTED_EDGE ( 'NONE', *, *, #971, .T. ) ;
#2027 = PLANE ( 'NONE',  #1756 ) ;
#2028 = PRESENTATION_LAYER_ASSIGNMENT (  '', '', ( #2418 ) ) ;
#2029 = CARTESIAN_POINT ( 'NONE',  ( -0.1999999999999997613, 0.2849999999999999756, -0.2750000000000000222 ) ) ;
#2030 = EDGE_LOOP ( 'NONE', ( #2114, #958, #707, #2568 ) ) ;
#2031 = ADVANCED_FACE ( 'NONE', ( #2748 ), #214, .F. ) ;
#2032 = CARTESIAN_POINT ( 'NONE',  ( -0.2999999999999996003, 0.1650000000000000078, 0.2850000000000000866 ) ) ;
#2033 = PLANE ( 'NONE',  #572 ) ;
#2034 = DIRECTION ( 'NONE',  ( 0.000000000000000000, -1.355252715606880543E-16, 1.000000000000000000 ) ) ;
#2035 = DIRECTION ( 'NONE',  ( -1.084202172485504631E-15, 1.000000000000000000, 0.000000000000000000 ) ) ;
#2036 = VERTEX_POINT ( 'NONE', #250 ) ;
#2037 = DIRECTION ( 'NONE',  ( -1.000000000000000000, 1.084202172485504631E-15, 0.000000000000000000 ) ) ;
#2038 = CARTESIAN_POINT ( 'NONE',  ( -0.4999999999999995559, 0.2449999999999999956, 0.2750000000000000222 ) ) ;
#2039 = ORIENTED_EDGE ( 'NONE', *, *, #1123, .F. ) ;
#2040 = DIRECTION ( 'NONE',  ( 0.000000000000000000, 0.000000000000000000, -1.000000000000000000 ) ) ;
#2041 = CARTESIAN_POINT ( 'NONE',  ( 0.3999999999999996336, 0.1650000000000000078, -0.2850000000000000866 ) ) ;
#2042 = VERTEX_POINT ( 'NONE', #1714 ) ;
#2043 =( LENGTH_UNIT ( ) NAMED_UNIT ( * ) SI_UNIT ( .MILLI., .METRE. ) );
#2044 = DIRECTION ( 'NONE',  ( 1.000000000000000000, 0.000000000000000000, 0.000000000000000000 ) ) ;
#2045 = DIRECTION ( 'NONE',  ( -3.336006684570783594E-16, 0.000000000000000000, -1.000000000000000000 ) ) ;
#2046 = EDGE_LOOP ( 'NONE', ( #993, #1906, #687, #2333 ) ) ;
#2047 = FACE_OUTER_BOUND ( 'NONE', #1606, .T. ) ;
#2048 = DIRECTION ( 'NONE',  ( 1.000000000000000000, 0.000000000000000000, 0.000000000000000000 ) ) ;
#2049 = AXIS2_PLACEMENT_3D ( 'NONE', #1652, #590, #2459 ) ;
#2050 = VECTOR ( 'NONE', #2082, 1000.000000000000000 ) ;
#2051 = CARTESIAN_POINT ( 'NONE',  ( -0.1999999999999995393, 0.2849999999999999756, 0.2750000000000000222 ) ) ;
#2052 = EDGE_CURVE ( 'NONE', #229, #933, #1062, .T. ) ;
#2053 = VECTOR ( 'NONE', #2298, 1000.000000000000000 ) ;
#2054 = DIRECTION ( 'NONE',  ( -1.807003620809173399E-16, 0.000000000000000000, 1.000000000000000000 ) ) ;
#2055 = VECTOR ( 'NONE', #1246, 1000.000000000000000 ) ;
#2056 = ADVANCED_FACE ( 'NONE', ( #1071 ), #2562, .F. ) ;
#2057 = VECTOR ( 'NONE', #2188, 1000.000000000000000 ) ;
#2058 = CARTESIAN_POINT ( 'NONE',  ( -0.5250000000000001332, 0.1650000000000000355, -0.1000000000000001998 ) ) ;
#2059 = ADVANCED_FACE ( 'NONE', ( #260 ), #683, .F. ) ;
#2060 = VERTEX_POINT ( 'NONE', #29 ) ;
#2061 = DIRECTION ( 'NONE',  ( -1.084202172485504631E-15, 1.000000000000000000, 0.000000000000000000 ) ) ;
#2062 = LINE ( 'NONE', #1653, #2086 ) ;
#2063 = DIRECTION ( 'NONE',  ( -1.971276677246371519E-16, 0.000000000000000000, 1.000000000000000000 ) ) ;
#2064 = ORIENTED_EDGE ( 'NONE', *, *, #2083, .T. ) ;
#2065 = FACE_OUTER_BOUND ( 'NONE', #1252, .T. ) ;
#2066 = DIRECTION ( 'NONE',  ( 0.000000000000000000, 1.355252715606880543E-16, -1.000000000000000000 ) ) ;
#2067 = VECTOR ( 'NONE', #1825, 1000.000000000000000 ) ;
#2068 = CARTESIAN_POINT ( 'NONE',  ( -0.5250000000000001332, 0.1650000000000000355, -0.1000000000000001998 ) ) ;
#2069 = LINE ( 'NONE', #1066, #277 ) ;
#2070 = LINE ( 'NONE', #165, #99 ) ;
#2071 = FILL_AREA_STYLE_COLOUR ( '', #1961 ) ;
#2072 = ORIENTED_EDGE ( 'NONE', *, *, #1774, .F. ) ;
#2073 = CARTESIAN_POINT ( 'NONE',  ( -0.1999999999999995393, 0.2449999999999999956, 0.2750000000000000222 ) ) ;
#2074 = ORIENTED_EDGE ( 'NONE', *, *, #701, .F. ) ;
#2075 = DIRECTION ( 'NONE',  ( 0.000000000000000000, 0.000000000000000000, -1.000000000000000000 ) ) ;
#2076 = ORIENTED_EDGE ( 'NONE', *, *, #1167, .T. ) ;
#2077 = CARTESIAN_POINT ( 'NONE',  ( -0.1999999999999995393, 0.2449999999999999956, 0.2750000000000000222 ) ) ;
#2078 = ORIENTED_EDGE ( 'NONE', *, *, #171, .F. ) ;
#2079 = UNCERTAINTY_MEASURE_WITH_UNIT (LENGTH_MEASURE( 1.000000000000000082E-05 ), #1330, 'distance_accuracy_value', 'NONE');
#2080 =( LENGTH_UNIT ( ) NAMED_UNIT ( * ) SI_UNIT ( .MILLI., .METRE. ) );
#2081 = EDGE_CURVE ( 'NONE', #1523, #1994, #1086, .T. ) ;
#2082 = DIRECTION ( 'NONE',  ( 0.000000000000000000, -1.000000000000000000, 0.000000000000000000 ) ) ;
#2083 = EDGE_CURVE ( 'NONE', #182, #884, #661, .T. ) ;
#2084 = DIRECTION ( 'NONE',  ( -1.000000000000000000, -0.000000000000000000, -0.000000000000000000 ) ) ;
#2085 = VERTEX_POINT ( 'NONE', #2345 ) ;
#2086 = VECTOR ( 'NONE', #593, 1000.000000000000000 ) ;
#2087 = EDGE_CURVE ( 'NONE', #2551, #1963, #887, .T. ) ;
#2088 = SURFACE_STYLE_FILL_AREA ( #446 ) ;
#2089 = DIRECTION ( 'NONE',  ( -3.942553354492743038E-16, -0.000000000000000000, -1.000000000000000000 ) ) ;
#2090 = CARTESIAN_POINT ( 'NONE',  ( -0.4850000000000002087, 0.000000000000000000, 0.000000000000000000 ) ) ;
#2091 = AXIS2_PLACEMENT_3D ( 'NONE', #1608, #787, #1596 ) ;
#2092 = ORIENTED_EDGE ( 'NONE', *, *, #1901, .F. ) ;
#2093 = CARTESIAN_POINT ( 'NONE',  ( 0.2000000000000001776, 0.2449999999999999956, -0.2749999999999999667 ) ) ;
#2094 = VECTOR ( 'NONE', #1580, 1000.000000000000000 ) ;
#2095 = DIRECTION ( 'NONE',  ( 0.000000000000000000, 1.000000000000000000, -0.000000000000000000 ) ) ;
#2096 = AXIS2_PLACEMENT_3D ( 'NONE', #268, #1121, #67 ) ;
#2097 = DIRECTION ( 'NONE',  ( 0.000000000000000000, -0.000000000000000000, 1.000000000000000000 ) ) ;
#2098 = ORIENTED_EDGE ( 'NONE', *, *, #579, .F. ) ;
#2099 = ADVANCED_FACE ( 'NONE', ( #1900 ), #2522, .F. ) ;
#2100 = CARTESIAN_POINT ( 'NONE',  ( 0.000000000000000000, 0.000000000000000000, 0.3250000000000000666 ) ) ;
#2101 = VERTEX_POINT ( 'NONE', #1115 ) ;
#2102 = PLANE ( 'NONE',  #2573 ) ;
#2103 = ORIENTED_EDGE ( 'NONE', *, *, #617, .F. ) ;
#2104 = UNCERTAINTY_MEASURE_WITH_UNIT (LENGTH_MEASURE( 1.000000000000000082E-05 ), #1372, 'distance_accuracy_value', 'NONE');
#2105 = ORIENTED_EDGE ( 'NONE', *, *, #1464, .F. ) ;
#2106 = DIRECTION ( 'NONE',  ( -0.000000000000000000, 1.000000000000000000, -0.000000000000000000 ) ) ;
#2107 = FACE_OUTER_BOUND ( 'NONE', #1941, .T. ) ;
#2108 = CARTESIAN_POINT ( 'NONE',  ( -0.1999999999999995393, 0.2449999999999999956, 0.2750000000000000222 ) ) ;
#2109 = AXIS2_PLACEMENT_3D ( 'NONE', #1779, #1860, #1484 ) ;
#2110 = DIRECTION ( 'NONE',  ( -1.000000000000000000, 0.000000000000000000, -3.336006684570783594E-16 ) ) ;
#2111 = ORIENTED_EDGE ( 'NONE', *, *, #1329, .F. ) ;
#2112 = DIRECTION ( 'NONE',  ( -1.084202172485504631E-15, -1.000000000000000000, -0.000000000000000000 ) ) ;
#2113 = EDGE_CURVE ( 'NONE', #634, #438, #1947, .T. ) ;
#2114 = ORIENTED_EDGE ( 'NONE', *, *, #535, .T. ) ;
#2115 = CARTESIAN_POINT ( 'NONE',  ( -0.4850000000000002087, 0.1650000000000000355, -0.1000000000000001860 ) ) ;
#2116 = ORIENTED_EDGE ( 'NONE', *, *, #513, .F. ) ;
#2117 = EDGE_LOOP ( 'NONE', ( #1043, #1828, #790, #1061 ) ) ;
#2118 = DIRECTION ( 'NONE',  ( -1.084202172485504631E-15, 1.000000000000000000, 0.000000000000000000 ) ) ;
#2119 = EDGE_CURVE ( 'NONE', #1142, #1508, #899, .T. ) ;
#2120 = LINE ( 'NONE', #219, #2547 ) ;
#2121 = LINE ( 'NONE', #10, #1956 ) ;
#2122 =( NAMED_UNIT ( * ) SI_UNIT ( $, .STERADIAN. ) SOLID_ANGLE_UNIT ( ) );
#2123 = ORIENTED_EDGE ( 'NONE', *, *, #437, .F. ) ;
#2124 = PLANE ( 'NONE',  #1625 ) ;
#2125 = EDGE_LOOP ( 'NONE', ( #2655, #1213, #1753, #714 ) ) ;
#2126 = PRESENTATION_STYLE_ASSIGNMENT (( #396 ) ) ;
#2127 = ORIENTED_EDGE ( 'NONE', *, *, #2455, .F. ) ;
#2128 = LINE ( 'NONE', #1751, #2669 ) ;
#2129 = VERTEX_POINT ( 'NONE', #646 ) ;
#2130 = VECTOR ( 'NONE', #1526, 1000.000000000000000 ) ;
#2131 = ADVANCED_FACE ( 'NONE', ( #439 ), #2102, .T. ) ;
#2132 = DIRECTION ( 'NONE',  ( 0.000000000000000000, 1.000000000000000000, 0.000000000000000000 ) ) ;
#2133 = ADVANCED_FACE ( 'NONE', ( #1370 ), #2194, .F. ) ;
#2134 = VERTEX_POINT ( 'NONE', #726 ) ;
#2135 = CARTESIAN_POINT ( 'NONE',  ( -0.3999999999999996336, 0.1650000000000000078, -0.3250000000000000666 ) ) ;
#2136 = VECTOR ( 'NONE', #2428, 1000.000000000000000 ) ;
#2137 = SURFACE_STYLE_FILL_AREA ( #1313 ) ;
#2138 = VECTOR ( 'NONE', #310, 1000.000000000000000 ) ;
#2139 = LINE ( 'NONE', #456, #2405 ) ;
#2140 = VECTOR ( 'NONE', #184, 1000.000000000000000 ) ;
#2141 = ORIENTED_EDGE ( 'NONE', *, *, #1005, .T. ) ;
#2142 = DIRECTION ( 'NONE',  ( -0.000000000000000000, -1.355252715606880543E-16, 1.000000000000000000 ) ) ;
#2143 = STYLED_ITEM ( 'NONE', ( #1619 ), #2409 ) ;
#2144 = ADVANCED_FACE ( 'NONE', ( #2641 ), #2210, .F. ) ;
#2145 = DIRECTION ( 'NONE',  ( -1.084202172485504631E-15, 1.000000000000000000, 0.000000000000000000 ) ) ;
#2146 = EDGE_LOOP ( 'NONE', ( #1247, #1728, #2141, #2281 ) ) ;
#2147 = CARTESIAN_POINT ( 'NONE',  ( -0.5250000000000001332, 0.1650000000000000078, 0.09999999999999981126 ) ) ;
#2148 = EDGE_CURVE ( 'NONE', #80, #2237, #1138, .T. ) ;
#2149 = ORIENTED_EDGE ( 'NONE', *, *, #1898, .F. ) ;
#2150 = PLANE ( 'NONE',  #518 ) ;
#2151 = VERTEX_POINT ( 'NONE', #1610 ) ;
#2152 = CARTESIAN_POINT ( 'NONE',  ( 0.4850000000000002087, 0.1150000000000000328, -0.1000000000000001860 ) ) ;
#2153 = DIRECTION ( 'NONE',  ( 0.000000000000000000, 1.355252715606880543E-16, -1.000000000000000000 ) ) ;
#2154 = DIRECTION ( 'NONE',  ( -1.971276677246372012E-16, 0.000000000000000000, 1.000000000000000000 ) ) ;
#2155 = ORIENTED_EDGE ( 'NONE', *, *, #1973, .T. ) ;
#2156 = ORIENTED_EDGE ( 'NONE', *, *, #517, .T. ) ;
#2157 = EDGE_LOOP ( 'NONE', ( #295, #501, #830, #1361 ) ) ;
#2158 = DIRECTION ( 'NONE',  ( 0.000000000000000000, -1.000000000000000000, 0.000000000000000000 ) ) ;
#2159 = EDGE_CURVE ( 'NONE', #1650, #2534, #964, .T. ) ;
#2160 = PLANE ( 'NONE',  #2096 ) ;
#2161 = DIRECTION ( 'NONE',  ( 0.000000000000000000, 0.000000000000000000, 1.000000000000000000 ) ) ;
#2162 = EDGE_CURVE ( 'NONE', #723, #2085, #1598, .T. ) ;
#2163 = CARTESIAN_POINT ( 'NONE',  ( -0.5250000000000001332, 0.1150000000000000328, -0.1000000000000001998 ) ) ;
#2164 = CARTESIAN_POINT ( 'NONE',  ( 0.000000000000000000, 0.000000000000000000, 0.2850000000000000866 ) ) ;
#2165 = VERTEX_POINT ( 'NONE', #944 ) ;
#2166 = ORIENTED_EDGE ( 'NONE', *, *, #2162, .F. ) ;
#2167 = CARTESIAN_POINT ( 'NONE',  ( 0.2999999999999996558, 0.1150000000000000050, 0.3250000000000000666 ) ) ;
#2168 = EDGE_LOOP ( 'NONE', ( #1644, #700, #2578, #1371 ) ) ;
#2169 = DIRECTION ( 'NONE',  ( 1.000000000000000000, -0.000000000000000000, -3.336006684570784088E-16 ) ) ;
#2170 = VERTEX_POINT ( 'NONE', #1154 ) ;
#2171 = DIRECTION ( 'NONE',  ( -1.000000000000000000, 0.000000000000000000, -3.336006684570784088E-16 ) ) ;
#2172 = VECTOR ( 'NONE', #2174, 1000.000000000000000 ) ;
#2173 = DIRECTION ( 'NONE',  ( -1.000000000000000000, -0.000000000000000000, -0.000000000000000000 ) ) ;
#2174 = DIRECTION ( 'NONE',  ( -1.000000000000000000, 0.000000000000000000, 0.000000000000000000 ) ) ;
#2175 = EDGE_CURVE ( 'NONE', #685, #1712, #762, .T. ) ;
#2176 = MECHANICAL_DESIGN_GEOMETRIC_PRESENTATION_REPRESENTATION (  '', ( #1838 ), #2269 ) ;
#2177 = VECTOR ( 'NONE', #460, 1000.000000000000000 ) ;
#2178 = CARTESIAN_POINT ( 'NONE',  ( 0.2999999999999996558, 0.1150000000000000050, 0.2850000000000000866 ) ) ;
#2179 = ORIENTED_EDGE ( 'NONE', *, *, #194, .F. ) ;
#2180 = LINE ( 'NONE', #104, #1555 ) ;
#2181 = VECTOR ( 'NONE', #2034, 1000.000000000000000 ) ;
#2182 = EDGE_LOOP ( 'NONE', ( #479, #1132, #1740, #488 ) ) ;
#2183 = LINE ( 'NONE', #751, #231 ) ;
#2184 = VERTEX_POINT ( 'NONE', #550 ) ;
#2185 = ORIENTED_EDGE ( 'NONE', *, *, #123, .F. ) ;
#2186 = SURFACE_STYLE_FILL_AREA ( #111 ) ;
#2187 = CLOSED_SHELL ( 'NONE', ( #22, #121, #2099, #1808, #868, #2031 ) ) ;
#2188 = DIRECTION ( 'NONE',  ( 1.000000000000000000, -0.000000000000000000, -0.000000000000000000 ) ) ;
#2189 = ORIENTED_EDGE ( 'NONE', *, *, #2706, .F. ) ;
#2190 = DIRECTION ( 'NONE',  ( -1.084202172485504631E-15, 1.000000000000000000, 0.000000000000000000 ) ) ;
#2191 = ORIENTED_EDGE ( 'NONE', *, *, #1012, .F. ) ;
#2192 = FILL_AREA_STYLE_COLOUR ( '', #1949 ) ;
#2193 = CARTESIAN_POINT ( 'NONE',  ( -0.3999999999999995781, 0.1150000000000000050, 0.2850000000000000866 ) ) ;
#2194 = PLANE ( 'NONE',  #1452 ) ;
#2195 = EDGE_CURVE ( 'NONE', #265, #229, #1762, .T. ) ;
#2196 = ORIENTED_EDGE ( 'NONE', *, *, #2328, .F. ) ;
#2197 = FACE_OUTER_BOUND ( 'NONE', #1680, .T. ) ;
#2198 = LINE ( 'NONE', #748, #1362 ) ;
#2199 = CARTESIAN_POINT ( 'NONE',  ( 0.3999999999999995781, 0.1150000000000000050, -0.2850000000000000866 ) ) ;
#2200 = LINE ( 'NONE', #2424, #1669 ) ;
#2201 = VERTEX_POINT ( 'NONE', #1962 ) ;
#2202 = CARTESIAN_POINT ( 'NONE',  ( -0.2999999999999996003, 0.1650000000000000078, -0.3250000000000000666 ) ) ;
#2203 = EDGE_CURVE ( 'NONE', #234, #1080, #287, .T. ) ;
#2204 = EDGE_LOOP ( 'NONE', ( #914, #2719, #2725, #2402 ) ) ;
#2205 = SURFACE_SIDE_STYLE ('',( #2186 ) ) ;
#2206 = LINE ( 'NONE', #494, #1503 ) ;
#2207 = CARTESIAN_POINT ( 'NONE',  ( -0.4999999999999995559, 0.2849999999999999756, 0.2750000000000000222 ) ) ;
#2208 = CARTESIAN_POINT ( 'NONE',  ( -0.3999999999999995781, 0.1150000000000000050, -0.3250000000000000666 ) ) ;
#2209 = CARTESIAN_POINT ( 'NONE',  ( 0.5250000000000001332, 0.1150000000000000328, -0.1000000000000001998 ) ) ;
#2210 = PLANE ( 'NONE',  #1921 ) ;
#2211 = EDGE_LOOP ( 'NONE', ( #2166, #484, #2320, #620 ) ) ;
#2212 = PLANE ( 'NONE',  #2109 ) ;
#2213 = CARTESIAN_POINT ( 'NONE',  ( 0.2999999999999996003, 0.1650000000000000078, 0.3250000000000000666 ) ) ;
#2214 = FILL_AREA_STYLE ('',( #777 ) ) ;
#2215 = CARTESIAN_POINT ( 'NONE',  ( 0.3999999999999996336, 0.1650000000000000078, 0.2850000000000000866 ) ) ;
#2216 = VERTEX_POINT ( 'NONE', #1168 ) ;
#2217 = PRODUCT_RELATED_PRODUCT_CATEGORY ( 'part', '', ( #519 ) ) ;
#2218 = DIRECTION ( 'NONE',  ( -1.000000000000000000, 0.000000000000000000, 0.000000000000000000 ) ) ;
#2219 = EDGE_CURVE ( 'NONE', #1974, #2, #928, .T. ) ;
#2220 = FILL_AREA_STYLE ('',( #1391 ) ) ;
#2221 = CARTESIAN_POINT ( 'NONE',  ( -0.4850000000000002087, 0.1150000000000000328, -0.1000000000000001860 ) ) ;
#2222 = VECTOR ( 'NONE', #1440, 1000.000000000000000 ) ;
#2223 = AXIS2_PLACEMENT_3D ( 'NONE', #2471, #2045, #741 ) ;
#2224 = DIRECTION ( 'NONE',  ( 0.000000000000000000, -1.355252715606880789E-16, 1.000000000000000000 ) ) ;
#2225 = FACE_OUTER_BOUND ( 'NONE', #2182, .T. ) ;
#2226 = EDGE_CURVE ( 'NONE', #1264, #1833, #1777, .T. ) ;
#2227 = DIRECTION ( 'NONE',  ( -1.000000000000000000, 0.000000000000000000, 0.000000000000000000 ) ) ;
#2228 = VECTOR ( 'NONE', #1627, 1000.000000000000000 ) ;
#2229 = ORIENTED_EDGE ( 'NONE', *, *, #1980, .F. ) ;
#2230 =( NAMED_UNIT ( * ) SI_UNIT ( $, .STERADIAN. ) SOLID_ANGLE_UNIT ( ) );
#2231 = STYLED_ITEM ( 'NONE', ( #2644 ), #2343 ) ;
#2232 = DIRECTION ( 'NONE',  ( -1.000000000000000000, 0.000000000000000000, 0.000000000000000000 ) ) ;
#2233 = LINE ( 'NONE', #2215, #2228 ) ;
#2234 = EDGE_LOOP ( 'NONE', ( #1749, #2074, #510, #489 ) ) ;
#2235 = AXIS2_PLACEMENT_3D ( 'NONE', #2549, #1097, #2110 ) ;
#2236 = SURFACE_SIDE_STYLE ('',( #558 ) ) ;
#2237 = VERTEX_POINT ( 'NONE', #2691 ) ;
#2238 = DIRECTION ( 'NONE',  ( 0.000000000000000000, -0.000000000000000000, 1.000000000000000000 ) ) ;
#2239 = DIRECTION ( 'NONE',  ( -0.000000000000000000, -1.000000000000000000, -0.000000000000000000 ) ) ;
#2240 = ORIENTED_EDGE ( 'NONE', *, *, #2203, .F. ) ;
#2241 = CARTESIAN_POINT ( 'NONE',  ( -0.5250000000000001332, 0.1150000000000000050, 0.09999999999999981126 ) ) ;
#2242 = PLANE ( 'NONE',  #20 ) ;
#2243 = ORIENTED_EDGE ( 'NONE', *, *, #1980, .T. ) ;
#2244 = DIRECTION ( 'NONE',  ( -0.000000000000000000, 0.000000000000000000, -1.000000000000000000 ) ) ;
#2245 = DIRECTION ( 'NONE',  ( 1.000000000000000000, 0.000000000000000000, 0.000000000000000000 ) ) ;
#2246 = ORIENTED_EDGE ( 'NONE', *, *, #1898, .T. ) ;
#2247 = CARTESIAN_POINT ( 'NONE',  ( 0.3999999999999996336, 0.1650000000000000078, -0.3250000000000000666 ) ) ;
#2248 =( NAMED_UNIT ( * ) SI_UNIT ( $, .STERADIAN. ) SOLID_ANGLE_UNIT ( ) );
#2249 = CARTESIAN_POINT ( 'NONE',  ( 0.5000000000000002220, 0.2449999999999999956, -0.2750000000000000222 ) ) ;
#2250 = DIRECTION ( 'NONE',  ( -0.000000000000000000, -0.000000000000000000, 1.000000000000000000 ) ) ;
#2251 = EDGE_LOOP ( 'NONE', ( #2365, #1931, #811, #266 ) ) ;
#2252 = ADVANCED_FACE ( 'NONE', ( #57 ), #337, .F. ) ;
#2253 = LINE ( 'NONE', #363, #1354 ) ;
#2254 = DIRECTION ( 'NONE',  ( 1.000000000000000000, 0.000000000000000000, 0.000000000000000000 ) ) ;
#2255 = LINE ( 'NONE', #2595, #2724 ) ;
#2256 = APPLICATION_CONTEXT ( 'automotive_design' ) ;
#2257 = EDGE_CURVE ( 'NONE', #2483, #17, #119, .T. ) ;
#2258 = DIRECTION ( 'NONE',  ( -1.084202172485504631E-15, -1.000000000000000000, -0.000000000000000000 ) ) ;
#2259 = ORIENTED_EDGE ( 'NONE', *, *, #2371, .T. ) ;
#2260 = DIRECTION ( 'NONE',  ( -0.000000000000000000, 1.000000000000000000, -0.000000000000000000 ) ) ;
#2261 = ADVANCED_FACE ( 'NONE', ( #978 ), #1658, .T. ) ;
#2262 = DIRECTION ( 'NONE',  ( -1.000000000000000000, 0.000000000000000000, -3.336006684570784088E-16 ) ) ;
#2263 = CARTESIAN_POINT ( 'NONE',  ( -0.2999999999999996003, 0.1650000000000000078, 0.3250000000000000666 ) ) ;
#2264 = VERTEX_POINT ( 'NONE', #1811 ) ;
#2265 = VECTOR ( 'NONE', #839, 1000.000000000000000 ) ;
#2266 = PLANE ( 'NONE',  #371 ) ;
#2267 = EDGE_CURVE ( 'NONE', #2553, #1260, #522, .T. ) ;
#2268 = VECTOR ( 'NONE', #2570, 1000.000000000000000 ) ;
#2269 =( GEOMETRIC_REPRESENTATION_CONTEXT ( 3 ) GLOBAL_UNCERTAINTY_ASSIGNED_CONTEXT ( ( #1064 ) ) GLOBAL_UNIT_ASSIGNED_CONTEXT ( ( #878, #1297, #1940 ) ) REPRESENTATION_CONTEXT ( 'NONE', 'WORKASPACE' ) );
#2270 = CARTESIAN_POINT ( 'NONE',  ( 0.3999999999999995781, 0.1150000000000000050, 0.3250000000000000666 ) ) ;
#2271 = ORIENTED_EDGE ( 'NONE', *, *, #2319, .T. ) ;
#2272 = VECTOR ( 'NONE', #2066, 1000.000000000000000 ) ;
#2273 = LINE ( 'NONE', #1437, #1935 ) ;
#2274 = CARTESIAN_POINT ( 'NONE',  ( -0.3999999999999996336, 0.1650000000000000078, -0.3250000000000000666 ) ) ;
#2275 = VECTOR ( 'NONE', #320, 1000.000000000000000 ) ;
#2276 = DIRECTION ( 'NONE',  ( -0.000000000000000000, -1.000000000000000000, -0.000000000000000000 ) ) ;
#2277 = AXIS2_PLACEMENT_3D ( 'NONE', #1410, #1002, #2019 ) ;
#2278 = LINE ( 'NONE', #2716, #2050 ) ;
#2279 = LINE ( 'NONE', #822, #1274 ) ;
#2280 = DIRECTION ( 'NONE',  ( 1.000000000000000000, 0.000000000000000000, 0.000000000000000000 ) ) ;
#2281 = ORIENTED_EDGE ( 'NONE', *, *, #2462, .T. ) ;
#2282 = DIRECTION ( 'NONE',  ( -0.000000000000000000, 1.000000000000000000, -0.000000000000000000 ) ) ;
#2283 = VECTOR ( 'NONE', #744, 1000.000000000000000 ) ;
#2284 = ADVANCED_FACE ( 'NONE', ( #1794 ), #1990, .T. ) ;
#2285 = CARTESIAN_POINT ( 'NONE',  ( 0.5250000000000001332, 0.1150000000000000050, 0.09999999999999981126 ) ) ;
#2286 = LINE ( 'NONE', #622, #1293 ) ;
#2287 = ADVANCED_FACE ( 'NONE', ( #1028 ), #1867, .F. ) ;
#2288 = FACE_OUTER_BOUND ( 'NONE', #1567, .T. ) ;
#2289 = EDGE_CURVE ( 'NONE', #2264, #634, #2279, .T. ) ;
#2290 = DIRECTION ( 'NONE',  ( -0.000000000000000000, -0.000000000000000000, 1.000000000000000000 ) ) ;
#2291 = ORIENTED_EDGE ( 'NONE', *, *, #1198, .F. ) ;
#2292 = CARTESIAN_POINT ( 'NONE',  ( -0.1999999999999997613, 0.2849999999999999756, -0.2750000000000000222 ) ) ;
#2293 = ORIENTED_EDGE ( 'NONE', *, *, #1647, .T. ) ;
#2294 = DIRECTION ( 'NONE',  ( 0.000000000000000000, 0.000000000000000000, -1.000000000000000000 ) ) ;
#2295 = ORIENTED_EDGE ( 'NONE', *, *, #390, .F. ) ;
#2296 = CARTESIAN_POINT ( 'NONE',  ( -0.3999999999999996336, 0.1650000000000000078, -0.2850000000000000866 ) ) ;
#2297 = UNCERTAINTY_MEASURE_WITH_UNIT (LENGTH_MEASURE( 1.000000000000000082E-05 ), #1852, 'distance_accuracy_value', 'NONE');
#2298 = DIRECTION ( 'NONE',  ( -1.971276677246371519E-16, 0.000000000000000000, 1.000000000000000000 ) ) ;
#2299 = DIRECTION ( 'NONE',  ( -0.000000000000000000, -1.000000000000000000, -0.000000000000000000 ) ) ;
#2300 = PRESENTATION_STYLE_ASSIGNMENT (( #1697 ) ) ;
#2301 = ORIENTED_EDGE ( 'NONE', *, *, #833, .T. ) ;
#2302 = FACE_OUTER_BOUND ( 'NONE', #1152, .T. ) ;
#2303 = FACE_OUTER_BOUND ( 'NONE', #43, .T. ) ;
#2304 = ORIENTED_EDGE ( 'NONE', *, *, #2339, .F. ) ;
#2305 = LINE ( 'NONE', #1462, #954 ) ;
#2306 = VECTOR ( 'NONE', #1151, 1000.000000000000000 ) ;
#2307 = ORIENTED_EDGE ( 'NONE', *, *, #162, .F. ) ;
#2308 = VECTOR ( 'NONE', #361, 1000.000000000000000 ) ;
#2309 = DIRECTION ( 'NONE',  ( -1.000000000000000000, 0.000000000000000000, 0.000000000000000000 ) ) ;
#2310 = PLANE ( 'NONE',  #1496 ) ;
#2311 = VECTOR ( 'NONE', #2566, 1000.000000000000000 ) ;
#2312 = AXIS2_PLACEMENT_3D ( 'NONE', #713, #1344, #534 ) ;
#2313 = DIRECTION ( 'NONE',  ( -1.000000000000000000, 0.000000000000000000, 0.000000000000000000 ) ) ;
#2314 = VECTOR ( 'NONE', #2173, 1000.000000000000000 ) ;
#2315 = FACE_OUTER_BOUND ( 'NONE', #1292, .T. ) ;
#2316 = ORIENTED_EDGE ( 'NONE', *, *, #1388, .F. ) ;
#2317 = DIRECTION ( 'NONE',  ( -0.000000000000000000, 1.000000000000000000, -0.000000000000000000 ) ) ;
#2318 = ORIENTED_EDGE ( 'NONE', *, *, #2148, .T. ) ;
#2319 = EDGE_CURVE ( 'NONE', #2129, #1446, #2070, .T. ) ;
#2320 = ORIENTED_EDGE ( 'NONE', *, *, #677, .T. ) ;
#2321 = DIRECTION ( 'NONE',  ( 1.000000000000000000, 0.000000000000000000, 0.000000000000000000 ) ) ;
#2322 = CLOSED_SHELL ( 'NONE', ( #2548, #1719, #803, #241, #115, #1382 ) ) ;
#2323 = DIRECTION ( 'NONE',  ( 0.000000000000000000, 1.000000000000000000, 0.000000000000000000 ) ) ;
#2324 = CARTESIAN_POINT ( 'NONE',  ( 0.2000000000000001776, 0.2849999999999999756, -0.2749999999999999667 ) ) ;
#2325 = LINE ( 'NONE', #267, #2268 ) ;
#2326 = CARTESIAN_POINT ( 'NONE',  ( -0.3999999999999996336, 0.1650000000000000078, -0.2850000000000000866 ) ) ;
#2327 = DIRECTION ( 'NONE',  ( -0.000000000000000000, -0.000000000000000000, 1.000000000000000000 ) ) ;
#2328 = EDGE_CURVE ( 'NONE', #1712, #346, #967, .T. ) ;
#2329 = ADVANCED_FACE ( 'NONE', ( #1780 ), #2438, .T. ) ;
#2330 = CARTESIAN_POINT ( 'NONE',  ( -0.4850000000000002087, 0.1650000000000000355, -0.1000000000000001998 ) ) ;
#2331 = ORIENTED_EDGE ( 'NONE', *, *, #1660, .F. ) ;
#2332 = DIRECTION ( 'NONE',  ( 0.000000000000000000, 0.000000000000000000, -1.000000000000000000 ) ) ;
#2333 = ORIENTED_EDGE ( 'NONE', *, *, #960, .T. ) ;
#2334 = VECTOR ( 'NONE', #364, 1000.000000000000000 ) ;
#2335 = VERTEX_POINT ( 'NONE', #1456 ) ;
#2336 = LINE ( 'NONE', #2147, #1918 ) ;
#2337 = ORIENTED_EDGE ( 'NONE', *, *, #2257, .T. ) ;
#2338 =( NAMED_UNIT ( * ) PLANE_ANGLE_UNIT ( ) SI_UNIT ( $, .RADIAN. ) );
#2339 = EDGE_CURVE ( 'NONE', #394, #665, #2198, .T. ) ;
#2340 = EDGE_LOOP ( 'NONE', ( #1348, #1830, #2111, #276 ) ) ;
#2341 = EDGE_CURVE ( 'NONE', #1068, #2483, #1600, .T. ) ;
#2342 = DIRECTION ( 'NONE',  ( -0.000000000000000000, -0.000000000000000000, -1.000000000000000000 ) ) ;
#2343 = MANIFOLD_SOLID_BREP ( 'Mirror4', #794 ) ;
#2344 = EDGE_CURVE ( 'NONE', #2085, #2151, #105, .T. ) ;
#2345 = CARTESIAN_POINT ( 'NONE',  ( 0.2999999999999996003, 0.1650000000000000078, 0.2850000000000000866 ) ) ;
#2346 = ORIENTED_EDGE ( 'NONE', *, *, #2673, .T. ) ;
#2347 = AXIS2_PLACEMENT_3D ( 'NONE', #2002, #1199, #1987 ) ;
#2348 = FACE_OUTER_BOUND ( 'NONE', #357, .T. ) ;
#2349 = ORIENTED_EDGE ( 'NONE', *, *, #1660, .T. ) ;
#2350 = STYLED_ITEM ( 'NONE', ( #296 ), #1495 ) ;
#2351 = FILL_AREA_STYLE_COLOUR ( '', #856 ) ;
#2352 = VECTOR ( 'NONE', #1192, 1000.000000000000000 ) ;
#2353 = CARTESIAN_POINT ( 'NONE',  ( -0.5250000000000000222, -0.2650000000000000133, -0.3250000000000000666 ) ) ;
#2354 = AXIS2_PLACEMENT_3D ( 'NONE', #859, #1529, #1703 ) ;
#2355 = ORIENTED_EDGE ( 'NONE', *, *, #2421, .T. ) ;
#2356 = PLANE ( 'NONE',  #1 ) ;
#2357 = VECTOR ( 'NONE', #1451, 1000.000000000000000 ) ;
#2358 = CARTESIAN_POINT ( 'NONE',  ( -0.3999999999999995781, 0.1150000000000000050, 0.3250000000000000666 ) ) ;
#2359 = ORIENTED_EDGE ( 'NONE', *, *, #347, .F. ) ;
#2360 = EDGE_CURVE ( 'NONE', #668, #408, #73, .T. ) ;
#2361 = SURFACE_SIDE_STYLE ('',( #1117 ) ) ;
#2362 = EDGE_LOOP ( 'NONE', ( #2103, #1487, #306, #1868 ) ) ;
#2363 = EDGE_CURVE ( 'NONE', #1805, #2085, #613, .T. ) ;
#2364 = MANIFOLD_SOLID_BREP ( 'Mirror2[2]', #2187 ) ;
#2365 = ORIENTED_EDGE ( 'NONE', *, *, #1416, .T. ) ;
#2366 = DIRECTION ( 'NONE',  ( -1.084202172485504631E-15, 1.000000000000000000, -0.000000000000000000 ) ) ;
#2367 = AXIS2_PLACEMENT_3D ( 'NONE', #1008, #592, #1792 ) ;
#2368 = ADVANCED_FACE ( 'NONE', ( #931 ), #1472, .T. ) ;
#2369 = FACE_OUTER_BOUND ( 'NONE', #965, .T. ) ;
#2370 = EDGE_LOOP ( 'NONE', ( #2514, #832, #840, #1390 ) ) ;
#2371 = EDGE_CURVE ( 'NONE', #1974, #492, #1881, .T. ) ;
#2372 = LINE ( 'NONE', #25, #2609 ) ;
#2373 = ORIENTED_EDGE ( 'NONE', *, *, #2360, .T. ) ;
#2374 = LINE ( 'NONE', #2619, #274 ) ;
#2375 = EDGE_LOOP ( 'NONE', ( #1952, #120, #114, #2246 ) ) ;
#2376 = DIRECTION ( 'NONE',  ( 1.000000000000000000, 0.000000000000000000, 0.000000000000000000 ) ) ;
#2377 = ORIENTED_EDGE ( 'NONE', *, *, #1005, .F. ) ;
#2378 = ORIENTED_EDGE ( 'NONE', *, *, #1886, .F. ) ;
#2379 = LINE ( 'NONE', #2543, #2009 ) ;
#2380 = ORIENTED_EDGE ( 'NONE', *, *, #1212, .F. ) ;
#2381 = DIRECTION ( 'NONE',  ( 1.000000000000000000, 1.084202172485504631E-15, 0.000000000000000000 ) ) ;
#2382 = ORIENTED_EDGE ( 'NONE', *, *, #2529, .T. ) ;
#2383 = CARTESIAN_POINT ( 'NONE',  ( -0.3999999999999996336, 0.1650000000000000078, -0.3250000000000000666 ) ) ;
#2384 = LINE ( 'NONE', #1722, #998 ) ;
#2385 = CARTESIAN_POINT ( 'NONE',  ( -0.2999999999999996558, 0.1150000000000000050, 0.3250000000000000666 ) ) ;
#2386 = EDGE_LOOP ( 'NONE', ( #2359, #185, #2105, #249 ) ) ;
#2387 = DIRECTION ( 'NONE',  ( 0.000000000000000000, -1.355252715606880543E-16, 1.000000000000000000 ) ) ;
#2388 = MANIFOLD_SOLID_BREP ( 'Boss-Extrude3[1]', #2322 ) ;
#2389 = DIRECTION ( 'NONE',  ( 0.000000000000000000, 1.355252715606880543E-16, -1.000000000000000000 ) ) ;
#2390 = ORIENTED_EDGE ( 'NONE', *, *, #2341, .T. ) ;
#2391 = CARTESIAN_POINT ( 'NONE',  ( -0.5250000000000001332, 0.1650000000000000355, -0.1000000000000001998 ) ) ;
#2392 = VECTOR ( 'NONE', #1776, 1000.000000000000000 ) ;
#2393 = CARTESIAN_POINT ( 'NONE',  ( -0.4999999999999995559, 0.2449999999999999956, 0.2750000000000000222 ) ) ;
#2394 = VERTEX_POINT ( 'NONE', #12 ) ;
#2395 = ADVANCED_FACE ( 'NONE', ( #2315 ), #471, .F. ) ;
#2396 = VECTOR ( 'NONE', #2366, 1000.000000000000000 ) ;
#2397 = LINE ( 'NONE', #1564, #1220 ) ;
#2398 = LINE ( 'NONE', #1046, #1394 ) ;
#2399 = LINE ( 'NONE', #475, #140 ) ;
#2400 = MECHANICAL_DESIGN_GEOMETRIC_PRESENTATION_REPRESENTATION (  '', ( #2231 ), #861 ) ;
#2401 = DIRECTION ( 'NONE',  ( -1.000000000000000000, 0.000000000000000000, 0.000000000000000000 ) ) ;
#2402 = ORIENTED_EDGE ( 'NONE', *, *, #497, .T. ) ;
#2403 = EDGE_CURVE ( 'NONE', #430, #1296, #678, .T. ) ;
#2404 = PRESENTATION_STYLE_ASSIGNMENT (( #1401 ) ) ;
#2405 = VECTOR ( 'NONE', #2718, 1000.000000000000000 ) ;
#2406 = ORIENTED_EDGE ( 'NONE', *, *, #2289, .T. ) ;
#2407 = DIRECTION ( 'NONE',  ( 0.000000000000000000, -1.000000000000000000, 0.000000000000000000 ) ) ;
#2408 = EDGE_LOOP ( 'NONE', ( #571, #2307, #1528, #1368 ) ) ;
#2409 = ADVANCED_BREP_SHAPE_REPRESENTATION ( 'CDBQC0240L-HF', ( #596, #1502, #2388, #1495, #1455, #2364, #533, #1460, #2343, #1364 ), #907 ) ;
#2410 = DIRECTION ( 'NONE',  ( 0.000000000000000000, 0.000000000000000000, -1.000000000000000000 ) ) ;
#2411 = DIRECTION ( 'NONE',  ( -1.971276677246372505E-16, 0.000000000000000000, 1.000000000000000000 ) ) ;
#2412 = LINE ( 'NONE', #529, #651 ) ;
#2413 = ORIENTED_EDGE ( 'NONE', *, *, #1611, .F. ) ;
#2414 = DIRECTION ( 'NONE',  ( -1.000000000000000000, -0.000000000000000000, 1.807003620809173892E-16 ) ) ;
#2415 = FACE_OUTER_BOUND ( 'NONE', #1304, .T. ) ;
#2416 = DIRECTION ( 'NONE',  ( 0.000000000000000000, 1.355252715606880789E-16, -1.000000000000000000 ) ) ;
#2417 = DIRECTION ( 'NONE',  ( -1.084202172485504631E-15, -1.000000000000000000, 0.000000000000000000 ) ) ;
#2418 = STYLED_ITEM ( 'NONE', ( #775 ), #350 ) ;
#2419 = VERTEX_POINT ( 'NONE', #1055 ) ;
#2420 =( NAMED_UNIT ( * ) PLANE_ANGLE_UNIT ( ) SI_UNIT ( $, .RADIAN. ) );
#2421 = EDGE_CURVE ( 'NONE', #1767, #1889, #1709, .T. ) ;
#2422 = CARTESIAN_POINT ( 'NONE',  ( -0.2999999999999996558, 0.1150000000000000050, -0.2850000000000000866 ) ) ;
#2423 = PLANE ( 'NONE',  #2717 ) ;
#2424 = CARTESIAN_POINT ( 'NONE',  ( 0.3999999999999996336, 0.1650000000000000078, 0.2850000000000000866 ) ) ;
#2425 = ORIENTED_EDGE ( 'NONE', *, *, #1959, .F. ) ;
#2426 = COLOUR_RGB ( '',0.6666666666666666297, 0.6980392156862744724, 0.7686274509803920907 ) ;
#2427 = DIRECTION ( 'NONE',  ( 0.000000000000000000, -1.000000000000000000, 0.000000000000000000 ) ) ;
#2428 = DIRECTION ( 'NONE',  ( 1.000000000000000000, -0.000000000000000000, -0.000000000000000000 ) ) ;
#2429 = CARTESIAN_POINT ( 'NONE',  ( -0.1999999999999995393, 0.2849999999999999756, 0.2750000000000000222 ) ) ;
#2430 = EDGE_CURVE ( 'NONE', #644, #523, #2139, .T. ) ;
#2431 = ORIENTED_EDGE ( 'NONE', *, *, #369, .T. ) ;
#2432 = DIRECTION ( 'NONE',  ( 0.000000000000000000, 0.000000000000000000, -1.000000000000000000 ) ) ;
#2433 = DIRECTION ( 'NONE',  ( -0.000000000000000000, -0.000000000000000000, 1.000000000000000000 ) ) ;
#2434 = FACE_OUTER_BOUND ( 'NONE', #2408, .T. ) ;
#2435 = DIRECTION ( 'NONE',  ( 0.000000000000000000, 0.000000000000000000, -1.000000000000000000 ) ) ;
#2436 = EDGE_LOOP ( 'NONE', ( #198, #2413, #875, #974 ) ) ;
#2437 = LINE ( 'NONE', #72, #877 ) ;
#2438 = PLANE ( 'NONE',  #186 ) ;
#2439 = PLANE ( 'NONE',  #1509 ) ;
#2440 = DIRECTION ( 'NONE',  ( -1.000000000000000000, 1.084202172485504631E-15, 0.000000000000000000 ) ) ;
#2441 = VERTEX_POINT ( 'NONE', #1930 ) ;
#2442 = CARTESIAN_POINT ( 'NONE',  ( -0.4850000000000002087, 0.1150000000000000328, -0.1000000000000001998 ) ) ;
#2443 = CARTESIAN_POINT ( 'NONE',  ( 0.3999999999999995781, 0.1150000000000000050, 0.3250000000000000666 ) ) ;
#2444 = CARTESIAN_POINT ( 'NONE',  ( 0.2999999999999996003, 0.1650000000000000078, 0.2850000000000000866 ) ) ;
#2445 = VECTOR ( 'NONE', #1267, 1000.000000000000000 ) ;
#2446 = FACE_OUTER_BOUND ( 'NONE', #1623, .T. ) ;
#2447 = LINE ( 'NONE', #2038, #2634 ) ;
#2448 = VECTOR ( 'NONE', #1786, 1000.000000000000000 ) ;
#2449 = ORIENTED_EDGE ( 'NONE', *, *, #1631, .F. ) ;
#2450 = AXIS2_PLACEMENT_3D ( 'NONE', #2270, #610, #409 ) ;
#2451 = DIRECTION ( 'NONE',  ( -1.000000000000000000, 0.000000000000000000, 0.000000000000000000 ) ) ;
#2452 = PLANE ( 'NONE',  #1795 ) ;
#2453 = ORIENTED_EDGE ( 'NONE', *, *, #1813, .F. ) ;
#2454 = ADVANCED_FACE ( 'NONE', ( #883 ), #418, .T. ) ;
#2455 = EDGE_CURVE ( 'NONE', #1543, #2419, #2742, .T. ) ;
#2456 = CARTESIAN_POINT ( 'NONE',  ( -0.3999999999999996336, 0.1650000000000000078, 0.2850000000000000866 ) ) ;
#2457 = CLOSED_SHELL ( 'NONE', ( #624, #719, #1512, #466, #2659, #834 ) ) ;
#2458 = ORIENTED_EDGE ( 'NONE', *, *, #1928, .F. ) ;
#2459 = DIRECTION ( 'NONE',  ( 1.084202172485504631E-15, 1.000000000000000000, 0.000000000000000000 ) ) ;
#2460 = CARTESIAN_POINT ( 'NONE',  ( -0.2999999999999996003, 0.1650000000000000078, 0.2850000000000000866 ) ) ;
#2461 = CARTESIAN_POINT ( 'NONE',  ( 0.5250000000000000222, 0.2650000000000000133, -0.3250000000000000666 ) ) ;
#2462 = EDGE_CURVE ( 'NONE', #1785, #2042, #870, .T. ) ;
#2463 = VECTOR ( 'NONE', #312, 1000.000000000000000 ) ;
#2464 = CARTESIAN_POINT ( 'NONE',  ( -0.3999999999999996336, 0.1650000000000000078, -0.3250000000000000666 ) ) ;
#2465 = ORIENTED_EDGE ( 'NONE', *, *, #1865, .T. ) ;
#2466 = PLANE ( 'NONE',  #1855 ) ;
#2467 = FACE_BOUND ( 'NONE', #15, .T. ) ;
#2468 = CARTESIAN_POINT ( 'NONE',  ( 0.2999999999999996558, 0.1150000000000000050, -0.2850000000000000866 ) ) ;
#2469 = DIRECTION ( 'NONE',  ( 0.000000000000000000, -1.000000000000000000, 0.000000000000000000 ) ) ;
#2470 = EDGE_CURVE ( 'NONE', #2723, #990, #221, .T. ) ;
#2471 = CARTESIAN_POINT ( 'NONE',  ( 0.4850000000000002087, 0.1650000000000000355, -0.1000000000000001860 ) ) ;
#2472 = EDGE_CURVE ( 'NONE', #1944, #48, #1905, .T. ) ;
#2473 = ORIENTED_EDGE ( 'NONE', *, *, #1651, .F. ) ;
#2474 = PLANE ( 'NONE',  #2091 ) ;
#2475 = PLANE ( 'NONE',  #1100 ) ;
#2476 = CARTESIAN_POINT ( 'NONE',  ( 0.4850000000000002087, 0.1650000000000000078, 0.09999999999999982514 ) ) ;
#2477 = DIRECTION ( 'NONE',  ( -0.000000000000000000, -1.000000000000000000, -0.000000000000000000 ) ) ;
#2478 = ORIENTED_EDGE ( 'NONE', *, *, #747, .F. ) ;
#2479 = LINE ( 'NONE', #2093, #1128 ) ;
#2480 = DIRECTION ( 'NONE',  ( -0.000000000000000000, -1.000000000000000000, -0.000000000000000000 ) ) ;
#2481 = DIRECTION ( 'NONE',  ( 0.000000000000000000, 0.000000000000000000, 1.000000000000000000 ) ) ;
#2482 = EDGE_CURVE ( 'NONE', #1718, #1991, #2531, .T. ) ;
#2483 = VERTEX_POINT ( 'NONE', #2558 ) ;
#2484 = AXIS2_PLACEMENT_3D ( 'NONE', #2550, #1957, #473 ) ;
#2485 = DIRECTION ( 'NONE',  ( 1.000000000000000000, 0.000000000000000000, 0.000000000000000000 ) ) ;
#2486 = MECHANICAL_DESIGN_GEOMETRIC_PRESENTATION_REPRESENTATION (  '', ( #1708 ), #1790 ) ;
#2487 = EDGE_CURVE ( 'NONE', #990, #2170, #1537, .T. ) ;
#2488 = PRESENTATION_LAYER_ASSIGNMENT (  '', '', ( #2667 ) ) ;
#2489 = FACE_OUTER_BOUND ( 'NONE', #78, .T. ) ;
#2490 = ORIENTED_EDGE ( 'NONE', *, *, #1179, .F. ) ;
#2491 = EDGE_CURVE ( 'NONE', #2170, #2497, #2412, .T. ) ;
#2492 = AXIS2_PLACEMENT_3D ( 'NONE', #2164, #2481, #603 ) ;
#2493 = AXIS2_PLACEMENT_3D ( 'NONE', #1042, #1685, #2097 ) ;
#2494 = DIRECTION ( 'NONE',  ( 0.000000000000000000, 1.000000000000000000, 0.000000000000000000 ) ) ;
#2495 = MECHANICAL_DESIGN_GEOMETRIC_PRESENTATION_REPRESENTATION (  '', ( #962 ), #192 ) ;
#2496 = FILL_AREA_STYLE_COLOUR ( '', #1673 ) ;
#2497 = VERTEX_POINT ( 'NONE', #956 ) ;
#2498 = PRODUCT_DEFINITION_SHAPE ( 'NONE', 'NONE',  #1044 ) ;
#2499 = PLANE ( 'NONE',  #1261 ) ;
#2500 = PLANE ( 'NONE',  #669 ) ;
#2501 = ORIENTED_EDGE ( 'NONE', *, *, #1668, .F. ) ;
#2502 = DIRECTION ( 'NONE',  ( -1.000000000000000000, -0.000000000000000000, -0.000000000000000000 ) ) ;
#2503 = AXIS2_PLACEMENT_3D ( 'NONE', #414, #1694, #1511 ) ;
#2504 = CARTESIAN_POINT ( 'NONE',  ( -0.3999999999999996336, 0.1650000000000000078, 0.2850000000000000866 ) ) ;
#2505 = ORIENTED_EDGE ( 'NONE', *, *, #2087, .T. ) ;
#2506 = DIRECTION ( 'NONE',  ( 0.000000000000000000, 1.000000000000000000, 0.000000000000000000 ) ) ;
#2507 = LINE ( 'NONE', #1866, #2445 ) ;
#2508 = ADVANCED_FACE ( 'NONE', ( #1759 ), #2150, .F. ) ;
#2509 = DIRECTION ( 'NONE',  ( -3.942553354492743038E-16, -0.000000000000000000, -1.000000000000000000 ) ) ;
#2510 = EDGE_LOOP ( 'NONE', ( #1713, #1628, #889, #2539 ) ) ;
#2511 = CARTESIAN_POINT ( 'NONE',  ( -0.3999999999999996336, 0.1650000000000000078, -0.2850000000000000866 ) ) ;
#2512 = VERTEX_POINT ( 'NONE', #1572 ) ;
#2513 = LINE ( 'NONE', #1488, #1750 ) ;
#2514 = ORIENTED_EDGE ( 'NONE', *, *, #1577, .T. ) ;
#2515 = DIRECTION ( 'NONE',  ( 0.000000000000000000, -0.000000000000000000, 1.000000000000000000 ) ) ;
#2516 = DIRECTION ( 'NONE',  ( 1.971276677246372505E-16, 0.000000000000000000, -1.000000000000000000 ) ) ;
#2517 = DIRECTION ( 'NONE',  ( 0.000000000000000000, 0.000000000000000000, -1.000000000000000000 ) ) ;
#2518 = ORIENTED_EDGE ( 'NONE', *, *, #1939, .T. ) ;
#2519 = LINE ( 'NONE', #813, #1834 ) ;
#2520 = CARTESIAN_POINT ( 'NONE',  ( -0.1999999999999997613, 0.2449999999999999956, -0.2750000000000000222 ) ) ;
#2521 = VERTEX_POINT ( 'NONE', #1605 ) ;
#2522 = PLANE ( 'NONE',  #429 ) ;
#2523 = VECTOR ( 'NONE', #1214, 1000.000000000000000 ) ;
#2524 = ORIENTED_EDGE ( 'NONE', *, *, #2563, .F. ) ;
#2525 = COLOUR_RGB ( '',0.2980392156862745057, 0.2980392156862745057, 0.2980392156862745057 ) ;
#2526 = CARTESIAN_POINT ( 'NONE',  ( 0.5250000000000001332, 0.1650000000000000078, 0.09999999999999981126 ) ) ;
#2527 = AXIS2_PLACEMENT_3D ( 'NONE', #2025, #500, #2590 ) ;
#2528 = DIRECTION ( 'NONE',  ( -0.000000000000000000, -0.000000000000000000, -1.000000000000000000 ) ) ;
#2529 = EDGE_CURVE ( 'NONE', #48, #2512, #2613, .T. ) ;
#2530 = VECTOR ( 'NONE', #209, 1000.000000000000000 ) ;
#2531 = LINE ( 'NONE', #655, #470 ) ;
#2532 = ORIENTED_EDGE ( 'NONE', *, *, #2083, .F. ) ;
#2533 = FACE_OUTER_BOUND ( 'NONE', #1398, .T. ) ;
#2534 = VERTEX_POINT ( 'NONE', #2429 ) ;
#2535 = ADVANCED_FACE ( 'NONE', ( #2369 ), #36, .T. ) ;
#2536 = VECTOR ( 'NONE', #981, 1000.000000000000000 ) ;
#2537 = ORIENTED_EDGE ( 'NONE', *, *, #2738, .F. ) ;
#2538 = DIRECTION ( 'NONE',  ( 1.084202172485504631E-15, 1.000000000000000000, 0.000000000000000000 ) ) ;
#2539 = ORIENTED_EDGE ( 'NONE', *, *, #541, .T. ) ;
#2540 = EDGE_CURVE ( 'NONE', #445, #1944, #737, .T. ) ;
#2541 = UNCERTAINTY_MEASURE_WITH_UNIT (LENGTH_MEASURE( 1.000000000000000082E-05 ), #1993, 'distance_accuracy_value', 'NONE');
#2542 = ORIENTED_EDGE ( 'NONE', *, *, #1238, .F. ) ;
#2543 = CARTESIAN_POINT ( 'NONE',  ( -0.5250000000000001332, 0.1650000000000000355, -0.1000000000000001998 ) ) ;
#2544 = ORIENTED_EDGE ( 'NONE', *, *, #2328, .T. ) ;
#2545 = APPLICATION_PROTOCOL_DEFINITION ( 'draft international standard', 'automotive_design', 1998, #1169 ) ;
#2546 = FILL_AREA_STYLE_COLOUR ( '', #2708 ) ;
#2547 = VECTOR ( 'NONE', #1076, 1000.000000000000000 ) ;
#2548 = ADVANCED_FACE ( 'NONE', ( #709 ), #1804, .F. ) ;
#2549 = CARTESIAN_POINT ( 'NONE',  ( -0.4850000000000002087, 0.1650000000000000078, 0.09999999999999982514 ) ) ;
#2550 = CARTESIAN_POINT ( 'NONE',  ( -0.3999999999999996336, 0.1650000000000000078, 0.2850000000000000866 ) ) ;
#2551 = VERTEX_POINT ( 'NONE', #2393 ) ;
#2552 = CARTESIAN_POINT ( 'NONE',  ( 0.000000000000000000, 0.000000000000000000, 0.2850000000000000866 ) ) ;
#2553 = VERTEX_POINT ( 'NONE', #1365 ) ;
#2554 = ORIENTED_EDGE ( 'NONE', *, *, #422, .T. ) ;
#2555 = EDGE_LOOP ( 'NONE', ( #1345, #1538, #58, #2636 ) ) ;
#2556 = PLANE ( 'NONE',  #1517 ) ;
#2557 = LINE ( 'NONE', #1971, #1581 ) ;
#2558 = CARTESIAN_POINT ( 'NONE',  ( 0.5250000000000002442, 0.2650000000000000133, 0.3249999999999999001 ) ) ;
#2559 = ORIENTED_EDGE ( 'NONE', *, *, #1553, .T. ) ;
#2560 = LINE ( 'NONE', #680, #459 ) ;
#2561 = CARTESIAN_POINT ( 'NONE',  ( 0.5000000000000002220, 0.2449999999999999956, 0.2750000000000000222 ) ) ;
#2562 = PLANE ( 'NONE',  #2354 ) ;
#2563 = EDGE_CURVE ( 'NONE', #855, #952, #2597, .T. ) ;
#2564 = VERTEX_POINT ( 'NONE', #938 ) ;
#2565 = VECTOR ( 'NONE', #1110, 1000.000000000000000 ) ;
#2566 = DIRECTION ( 'NONE',  ( -0.000000000000000000, 1.000000000000000000, -0.000000000000000000 ) ) ;
#2567 = EDGE_CURVE ( 'NONE', #1379, #1523, #1744, .T. ) ;
#2568 = ORIENTED_EDGE ( 'NONE', *, *, #27, .T. ) ;
#2569 = AXIS2_PLACEMENT_3D ( 'NONE', #1904, #2095, #1672 ) ;
#2570 = DIRECTION ( 'NONE',  ( -0.000000000000000000, 1.000000000000000000, -0.000000000000000000 ) ) ;
#2571 = AXIS2_PLACEMENT_3D ( 'NONE', #1557, #1105, #1312 ) ;
#2572 = CARTESIAN_POINT ( 'NONE',  ( -0.5250000000000000222, 0.2650000000000000133, -0.3250000000000000666 ) ) ;
#2573 = AXIS2_PLACEMENT_3D ( 'NONE', #1506, #1386, #1397 ) ;
#2574 = CARTESIAN_POINT ( 'NONE',  ( -0.3999999999999995781, 0.1150000000000000050, -0.2850000000000000866 ) ) ;
#2575 = AXIS2_PLACEMENT_3D ( 'NONE', #514, #892, #2635 ) ;
#2576 = SURFACE_SIDE_STYLE ('',( #1565 ) ) ;
#2577 = PLANE ( 'NONE',  #53 ) ;
#2578 = ORIENTED_EDGE ( 'NONE', *, *, #2491, .F. ) ;
#2579 = EDGE_CURVE ( 'NONE', #1366, #1264, #297, .T. ) ;
#2580 = CARTESIAN_POINT ( 'NONE',  ( -0.4999999999999995559, 0.2849999999999999756, 0.2750000000000000222 ) ) ;
#2581 = ORIENTED_EDGE ( 'NONE', *, *, #2617, .T. ) ;
#2582 = DIRECTION ( 'NONE',  ( 1.000000000000000000, 0.000000000000000000, 0.000000000000000000 ) ) ;
#2583 = EDGE_LOOP ( 'NONE', ( #2240, #217, #404, #1489 ) ) ;
#2584 = PLANE ( 'NONE',  #731 ) ;
#2585 = CARTESIAN_POINT ( 'NONE',  ( -0.2999999999999996003, 0.1650000000000000078, -0.3250000000000000666 ) ) ;
#2586 =( GEOMETRIC_REPRESENTATION_CONTEXT ( 3 ) GLOBAL_UNCERTAINTY_ASSIGNED_CONTEXT ( ( #621 ) ) GLOBAL_UNIT_ASSIGNED_CONTEXT ( ( #1282, #2338, #2727 ) ) REPRESENTATION_CONTEXT ( 'NONE', 'WORKASPACE' ) );
#2587 = FACE_OUTER_BOUND ( 'NONE', #1491, .T. ) ;
#2588 = EDGE_LOOP ( 'NONE', ( #1387, #173, #158, #2026 ) ) ;
#2589 = PRESENTATION_STYLE_ASSIGNMENT (( #498 ) ) ;
#2590 = DIRECTION ( 'NONE',  ( -1.971276677246371765E-16, 0.000000000000000000, 1.000000000000000000 ) ) ;
#2591 = DIRECTION ( 'NONE',  ( -1.000000000000000000, 0.000000000000000000, 0.000000000000000000 ) ) ;
#2592 = ORIENTED_EDGE ( 'NONE', *, *, #2341, .F. ) ;
#2593 = CARTESIAN_POINT ( 'NONE',  ( -0.2999999999999996003, 0.1650000000000000078, 0.2850000000000000866 ) ) ;
#2594 = ORIENTED_EDGE ( 'NONE', *, *, #1029, .F. ) ;
#2595 = CARTESIAN_POINT ( 'NONE',  ( 0.2000000000000000666, 0.2449999999999999956, 0.2749999999999999667 ) ) ;
#2596 = DIRECTION ( 'NONE',  ( 0.000000000000000000, 0.000000000000000000, 1.000000000000000000 ) ) ;
#2597 = LINE ( 'NONE', #1381, #2057 ) ;
#2598 = VERTEX_POINT ( 'NONE', #1943 ) ;
#2599 = DIRECTION ( 'NONE',  ( -1.084202172485504631E-15, 1.000000000000000000, 0.000000000000000000 ) ) ;
#2600 = PRESENTATION_STYLE_ASSIGNMENT (( #1136 ) ) ;
#2601 = ADVANCED_FACE ( 'NONE', ( #1593 ), #96, .F. ) ;
#2602 = CARTESIAN_POINT ( 'NONE',  ( -0.4999999999999994449, 0.2849999999999999756, -0.2750000000000000222 ) ) ;
#2603 = DIRECTION ( 'NONE',  ( -3.336006684570783101E-16, -0.000000000000000000, -1.000000000000000000 ) ) ;
#2604 = ORIENTED_EDGE ( 'NONE', *, *, #2004, .T. ) ;
#2605 = DIRECTION ( 'NONE',  ( -1.000000000000000000, 0.000000000000000000, 0.000000000000000000 ) ) ;
#2606 = SURFACE_STYLE_USAGE ( .BOTH. , #167 ) ;
#2607 = DIRECTION ( 'NONE',  ( 0.000000000000000000, 0.000000000000000000, 1.000000000000000000 ) ) ;
#2608 = VERTEX_POINT ( 'NONE', #2572 ) ;
#2609 = VECTOR ( 'NONE', #2599, 1000.000000000000000 ) ;
#2610 = LINE ( 'NONE', #1603, #1425 ) ;
#2611 = SURFACE_STYLE_USAGE ( .BOTH. , #2236 ) ;
#2612 = VECTOR ( 'NONE', #2637, 1000.000000000000000 ) ;
#2613 = LINE ( 'NONE', #1351, #101 ) ;
#2614 = ORIENTED_EDGE ( 'NONE', *, *, #1201, .T. ) ;
#2615 = VECTOR ( 'NONE', #321, 1000.000000000000000 ) ;
#2616 = LINE ( 'NONE', #975, #1041 ) ;
#2617 = EDGE_CURVE ( 'NONE', #265, #2264, #2206, .T. ) ;
#2618 = VECTOR ( 'NONE', #41, 1000.000000000000000 ) ;
#2619 = CARTESIAN_POINT ( 'NONE',  ( 0.5250000000000001332, 0.1150000000000000050, 0.09999999999999981126 ) ) ;
#2620 = CARTESIAN_POINT ( 'NONE',  ( -0.2999999999999996003, 0.1650000000000000078, 0.2850000000000000866 ) ) ;
#2621 = VECTOR ( 'NONE', #2622, 1000.000000000000000 ) ;
#2622 = DIRECTION ( 'NONE',  ( 1.000000000000000000, 0.000000000000000000, 0.000000000000000000 ) ) ;
#2623 = ORIENTED_EDGE ( 'NONE', *, *, #2529, .F. ) ;
#2624 = FACE_OUTER_BOUND ( 'NONE', #1521, .T. ) ;
#2625 = DIRECTION ( 'NONE',  ( 1.000000000000000000, 0.000000000000000000, 0.000000000000000000 ) ) ;
#2626 = PRESENTATION_LAYER_ASSIGNMENT (  '', '', ( #2143 ) ) ;
#2627 = CARTESIAN_POINT ( 'NONE',  ( 0.5250000000000001332, 0.1650000000000000078, 0.09999999999999981126 ) ) ;
#2628 = ORIENTED_EDGE ( 'NONE', *, *, #1530, .T. ) ;
#2629 = EDGE_CURVE ( 'NONE', #2, #377, #757, .T. ) ;
#2630 = CARTESIAN_POINT ( 'NONE',  ( 0.2999999999999996558, 0.1150000000000000050, -0.3250000000000000666 ) ) ;
#2631 = EDGE_LOOP ( 'NONE', ( #2672, #920, #1827, #2713 ) ) ;
#2632 = LINE ( 'NONE', #2443, #902 ) ;
#2633 = VECTOR ( 'NONE', #968, 1000.000000000000000 ) ;
#2634 = VECTOR ( 'NONE', #133, 1000.000000000000000 ) ;
#2635 = DIRECTION ( 'NONE',  ( -1.000000000000000000, 0.000000000000000000, 0.000000000000000000 ) ) ;
#2636 = ORIENTED_EDGE ( 'NONE', *, *, #290, .T. ) ;
#2637 = DIRECTION ( 'NONE',  ( 1.000000000000000000, 0.000000000000000000, 0.000000000000000000 ) ) ;
#2638 = ADVANCED_FACE ( 'NONE', ( #483 ), #1341, .F. ) ;
#2639 = CARTESIAN_POINT ( 'NONE',  ( -0.5250000000000001332, 0.1150000000000000328, -0.1000000000000001998 ) ) ;
#2640 = FACE_OUTER_BOUND ( 'NONE', #125, .T. ) ;
#2641 = FACE_OUTER_BOUND ( 'NONE', #1258, .T. ) ;
#2642 = ORIENTED_EDGE ( 'NONE', *, *, #961, .T. ) ;
#2643 = SURFACE_STYLE_FILL_AREA ( #2656 ) ;
#2644 = PRESENTATION_STYLE_ASSIGNMENT (( #2606 ) ) ;
#2645 = AXIS2_PLACEMENT_3D ( 'NONE', #286, #1280, #486 ) ;
#2646 = FACE_OUTER_BOUND ( 'NONE', #19, .T. ) ;
#2647 = CARTESIAN_POINT ( 'NONE',  ( -0.1999999999999995393, 0.2650000000000000133, 0.2750000000000000222 ) ) ;
#2648 = ORIENTED_EDGE ( 'NONE', *, *, #659, .T. ) ;
#2649 = FACE_OUTER_BOUND ( 'NONE', #2117, .T. ) ;
#2650 = CARTESIAN_POINT ( 'NONE',  ( 0.4850000000000002087, 0.1150000000000000328, -0.1000000000000001998 ) ) ;
#2651 = CARTESIAN_POINT ( 'NONE',  ( -0.4850000000000002087, 0.1650000000000000355, -0.1000000000000001860 ) ) ;
#2652 = LINE ( 'NONE', #2207, #2308 ) ;
#2653 = DIRECTION ( 'NONE',  ( 0.000000000000000000, 1.000000000000000000, 1.355252715606880789E-16 ) ) ;
#2654 = ADVANCED_FACE ( 'NONE', ( #1972 ), #2160, .F. ) ;
#2655 = ORIENTED_EDGE ( 'NONE', *, *, #1768, .F. ) ;
#2656 = FILL_AREA_STYLE ('',( #1422 ) ) ;
#2657 = CARTESIAN_POINT ( 'NONE',  ( -0.3999999999999996336, 0.1650000000000000078, 0.3250000000000000666 ) ) ;
#2658 = ORIENTED_EDGE ( 'NONE', *, *, #2119, .T. ) ;
#2659 = ADVANCED_FACE ( 'NONE', ( #924 ), #1426, .T. ) ;
#2660 =( LENGTH_UNIT ( ) NAMED_UNIT ( * ) SI_UNIT ( .MILLI., .METRE. ) );
#2661 = PLANE ( 'NONE',  #2223 ) ;
#2662 = VECTOR ( 'NONE', #2433, 1000.000000000000000 ) ;
#2663 = LINE ( 'NONE', #2680, #1661 ) ;
#2664 = EDGE_LOOP ( 'NONE', ( #754, #2559, #2505, #2701 ) ) ;
#2665 = FACE_OUTER_BOUND ( 'NONE', #506, .T. ) ;
#2666 = LINE ( 'NONE', #788, #2283 ) ;
#2667 = STYLED_ITEM ( 'NONE', ( #1024 ), #1514 ) ;
#2668 = EDGE_LOOP ( 'NONE', ( #425, #491, #32, #428 ) ) ;
#2669 = VECTOR ( 'NONE', #2145, 1000.000000000000000 ) ;
#2670 = CARTESIAN_POINT ( 'NONE',  ( -0.4999999999999994449, 0.2449999999999999956, -0.2750000000000000222 ) ) ;
#2671 = DIRECTION ( 'NONE',  ( 0.000000000000000000, -1.355252715606880543E-16, 1.000000000000000000 ) ) ;
#2672 = ORIENTED_EDGE ( 'NONE', *, *, #1471, .T. ) ;
#2673 = EDGE_CURVE ( 'NONE', #2534, #293, #796, .T. ) ;
#2674 = VECTOR ( 'NONE', #852, 1000.000000000000000 ) ;
#2675 = DIRECTION ( 'NONE',  ( 1.000000000000000000, -0.000000000000000000, -3.336006684570784088E-16 ) ) ;
#2676 = FACE_OUTER_BOUND ( 'NONE', #1015, .T. ) ;
#2677 =( NAMED_UNIT ( * ) SI_UNIT ( $, .STERADIAN. ) SOLID_ANGLE_UNIT ( ) );
#2678 = APPLICATION_PROTOCOL_DEFINITION ( 'draft international standard', 'automotive_design', 1998, #2256 ) ;
#2679 = LINE ( 'NONE', #2263, #326 ) ;
#2680 = CARTESIAN_POINT ( 'NONE',  ( 0.2999999999999996558, 0.1150000000000000050, 0.2850000000000000866 ) ) ;
#2681 = ORIENTED_EDGE ( 'NONE', *, *, #146, .F. ) ;
#2682 = DIRECTION ( 'NONE',  ( 1.000000000000000000, 0.000000000000000000, 0.000000000000000000 ) ) ;
#2683 = PLANE ( 'NONE',  #1300 ) ;
#2684 = PLANE ( 'NONE',  #1467 ) ;
#2685 = FACE_OUTER_BOUND ( 'NONE', #1204, .T. ) ;
#2686 = ORIENTED_EDGE ( 'NONE', *, *, #1212, .T. ) ;
#2687 = DIRECTION ( 'NONE',  ( -0.000000000000000000, -0.000000000000000000, 1.000000000000000000 ) ) ;
#2688 = EDGE_CURVE ( 'NONE', #1366, #406, #575, .T. ) ;
#2689 = CARTESIAN_POINT ( 'NONE',  ( 0.3999999999999996336, 0.1650000000000000078, 0.3250000000000000666 ) ) ;
#2690 = LINE ( 'NONE', #2058, #1914 ) ;
#2691 = CARTESIAN_POINT ( 'NONE',  ( -0.4999999999999994449, 0.2449999999999999956, -0.2750000000000000222 ) ) ;
#2692 = SURFACE_SIDE_STYLE ('',( #2012 ) ) ;
#2693 = ORIENTED_EDGE ( 'NONE', *, *, #770, .T. ) ;
#2694 = EDGE_CURVE ( 'NONE', #1994, #850, #128, .T. ) ;
#2695 = CARTESIAN_POINT ( 'NONE',  ( -0.3999999999999995781, 0.1150000000000000050, -0.3250000000000000666 ) ) ;
#2696 = DIRECTION ( 'NONE',  ( 1.000000000000000000, 0.000000000000000000, -0.000000000000000000 ) ) ;
#2697 = CARTESIAN_POINT ( 'NONE',  ( -0.1999999999999997613, 0.2650000000000000133, -0.2750000000000000222 ) ) ;
#2698 = ORIENTED_EDGE ( 'NONE', *, *, #1595, .T. ) ;
#2699 = DIRECTION ( 'NONE',  ( 1.807003620809173399E-16, 0.000000000000000000, -1.000000000000000000 ) ) ;
#2700 = DIRECTION ( 'NONE',  ( 1.000000000000000000, 0.000000000000000000, 1.807003620809173153E-16 ) ) ;
#2701 = ORIENTED_EDGE ( 'NONE', *, *, #123, .T. ) ;
#2702 = AXIS2_PLACEMENT_3D ( 'NONE', #1287, #1272, #1920 ) ;
#2703 = EDGE_CURVE ( 'NONE', #1636, #644, #372, .T. ) ;
#2704 = PRESENTATION_STYLE_ASSIGNMENT (( #641 ) ) ;
#2705 = EDGE_CURVE ( 'NONE', #1505, #383, #1237, .T. ) ;
#2706 = EDGE_CURVE ( 'NONE', #383, #2598, #1648, .T. ) ;
#2707 = PLANE ( 'NONE',  #1763 ) ;
#2708 = COLOUR_RGB ( '',0.6666666666666666297, 0.6980392156862744724, 0.7686274509803920907 ) ;
#2709 = FACE_OUTER_BOUND ( 'NONE', #1325, .T. ) ;
#2710 = ORIENTED_EDGE ( 'NONE', *, *, #1964, .F. ) ;
#2711 = VECTOR ( 'NONE', #1717, 1000.000000000000000 ) ;
#2712 = DIRECTION ( 'NONE',  ( 0.000000000000000000, 1.000000000000000000, 0.000000000000000000 ) ) ;
#2713 = ORIENTED_EDGE ( 'NONE', *, *, #207, .T. ) ;
#2714 = VECTOR ( 'NONE', #2603, 1000.000000000000000 ) ;
#2715 = VECTOR ( 'NONE', #1731, 1000.000000000000000 ) ;
#2716 = CARTESIAN_POINT ( 'NONE',  ( -0.4850000000000002087, 0.1650000000000000078, 0.09999999999999982514 ) ) ;
#2717 = AXIS2_PLACEMENT_3D ( 'NONE', #1206, #420, #538 ) ;
#2718 = DIRECTION ( 'NONE',  ( -1.000000000000000000, -0.000000000000000000, 0.000000000000000000 ) ) ;
#2719 = ORIENTED_EDGE ( 'NONE', *, *, #8, .F. ) ;
#2720 = CARTESIAN_POINT ( 'NONE',  ( -0.5250000000000001332, 0.1650000000000000355, -0.1000000000000001998 ) ) ;
#2721 = EDGE_LOOP ( 'NONE', ( #2449, #1678, #945, #1144 ) ) ;
#2722 = PLANE ( 'NONE',  #738 ) ;
#2723 = VERTEX_POINT ( 'NONE', #544 ) ;
#2724 = VECTOR ( 'NONE', #768, 1000.000000000000000 ) ;
#2725 = ORIENTED_EDGE ( 'NONE', *, *, #997, .F. ) ;
#2726 = DIRECTION ( 'NONE',  ( -1.084202172485504631E-15, -1.000000000000000000, -0.000000000000000000 ) ) ;
#2727 =( NAMED_UNIT ( * ) SI_UNIT ( $, .STERADIAN. ) SOLID_ANGLE_UNIT ( ) );
#2728 = PLANE ( 'NONE',  #423 ) ;
#2729 = CARTESIAN_POINT ( 'NONE',  ( 0.2999999999999996558, 0.1150000000000000050, -0.3250000000000000666 ) ) ;
#2730 = VERTEX_POINT ( 'NONE', #2249 ) ;
#2731 = CARTESIAN_POINT ( 'NONE',  ( -0.2999999999999996003, 0.1650000000000000078, -0.2850000000000000866 ) ) ;
#2732 = DIRECTION ( 'NONE',  ( -1.000000000000000000, 0.000000000000000000, 0.000000000000000000 ) ) ;
#2733 = FILL_AREA_STYLE_COLOUR ( '', #1969 ) ;
#2734 = ORIENTED_EDGE ( 'NONE', *, *, #1091, .T. ) ;
#2735 = CARTESIAN_POINT ( 'NONE',  ( 0.4850000000000002087, 0.000000000000000000, 1.334402673828313339E-17 ) ) ;
#2736 = VERTEX_POINT ( 'NONE', #986 ) ;
#2737 = EDGE_LOOP ( 'NONE', ( #1034, #232, #1219, #1793 ) ) ;
#2738 = EDGE_CURVE ( 'NONE', #2521, #492, #112, .T. ) ;
#2739 = SHAPE_DEFINITION_REPRESENTATION ( #2498, #2409 ) ;
#2740 = PLANE ( 'NONE',  #684 ) ;
#2741 = EDGE_CURVE ( 'NONE', #1907, #805, #1439, .T. ) ;
#2742 = LINE ( 'NONE', #193, #2674 ) ;
#2743 = EDGE_LOOP ( 'NONE', ( #2382, #628, #630, #251 ) ) ;
#2744 = CARTESIAN_POINT ( 'NONE',  ( 0.000000000000000000, 0.2650000000000000133, 0.000000000000000000 ) ) ;
#2745 = EDGE_CURVE ( 'NONE', #200, #1260, #360, .T. ) ;
#2746 = AXIS2_PLACEMENT_3D ( 'NONE', #1976, #82, #1579 ) ;
#2747 = EDGE_LOOP ( 'NONE', ( #2337, #1560, #2614, #2390 ) ) ;
#2748 = FACE_OUTER_BOUND ( 'NONE', #2015, .T. ) ;
ENDSEC;
END-ISO-10303-21;
