ISO-10303-21;
HEADER;
FILE_DESCRIPTION (( 'STEP AP214' ),
    '1' );
FILE_NAME ('TNPW040220K0BEED.STEP',
    '2022-07-15T10:47:28',
    ( '' ),
    ( '' ),
    'SwSTEP 2.0',
    'SolidWorks 2018',
    '' );
FILE_SCHEMA (( 'AUTOMOTIVE_DESIGN' ));
ENDSEC;

DATA;
#1 = CARTESIAN_POINT ( 'NONE',  ( -0.2649999999999996247, 0.1799999999999999933, 0.2099999999999997147 ) ) ;
#2 = PRESENTATION_STYLE_ASSIGNMENT (( #592 ) ) ;
#3 = FACE_OUTER_BOUND ( 'NONE', #1352, .T. ) ;
#4 = VERTEX_POINT ( 'NONE', #1045 ) ;
#5 = MECHANICAL_DESIGN_GEOMETRIC_PRESENTATION_REPRESENTATION (  '', ( #1093 ), #1697 ) ;
#6 = VERTEX_POINT ( 'NONE', #199 ) ;
#7 =( GEOMETRIC_REPRESENTATION_CONTEXT ( 3 ) GLOBAL_UNCERTAINTY_ASSIGNED_CONTEXT ( ( #1251 ) ) GLOBAL_UNIT_ASSIGNED_CONTEXT ( ( #647, #82, #1066 ) ) REPRESENTATION_CONTEXT ( 'NONE', 'WORKASPACE' ) );
#8 = DIRECTION ( 'NONE',  ( 1.000000000000000000, 0.000000000000000000, 0.000000000000000000 ) ) ;
#9 = EDGE_LOOP ( 'NONE', ( #839, #187, #734, #697 ) ) ;
#10 = DIRECTION ( 'NONE',  ( -0.000000000000000000, -0.000000000000000000, -1.000000000000000000 ) ) ;
#11 = EDGE_CURVE ( 'NONE', #1147, #1384, #924, .T. ) ;
#12 = VECTOR ( 'NONE', #280, 1000.000000000000000 ) ;
#13 = DIRECTION ( 'NONE',  ( -0.000000000000000000, -0.000000000000000000, -1.000000000000000000 ) ) ;
#14 =( LENGTH_UNIT ( ) NAMED_UNIT ( * ) SI_UNIT ( .MILLI., .METRE. ) );
#15 = STYLED_ITEM ( 'NONE', ( #687 ), #423 ) ;
#16 = VECTOR ( 'NONE', #1401, 1000.000000000000000 ) ;
#17 = FILL_AREA_STYLE_COLOUR ( '', #191 ) ;
#18 = ADVANCED_FACE ( 'NONE', ( #265 ), #1063, .T. ) ;
#19 = SURFACE_STYLE_FILL_AREA ( #1055 ) ;
#20 = VERTEX_POINT ( 'NONE', #957 ) ;
#21 = EDGE_LOOP ( 'NONE', ( #669, #40, #526, #1362 ) ) ;
#22 = FILL_AREA_STYLE ('',( #135 ) ) ;
#23 = UNCERTAINTY_MEASURE_WITH_UNIT (LENGTH_MEASURE( 1.000000000000000082E-05 ), #1070, 'distance_accuracy_value', 'NONE');
#24 = LINE ( 'NONE', #1702, #1625 ) ;
#25 = ORIENTED_EDGE ( 'NONE', *, *, #1114, .F. ) ;
#26 =( LENGTH_UNIT ( ) NAMED_UNIT ( * ) SI_UNIT ( .MILLI., .METRE. ) );
#27 =( GEOMETRIC_REPRESENTATION_CONTEXT ( 3 ) GLOBAL_UNCERTAINTY_ASSIGNED_CONTEXT ( ( #1800 ) ) GLOBAL_UNIT_ASSIGNED_CONTEXT ( ( #832, #1110, #270 ) ) REPRESENTATION_CONTEXT ( 'NONE', 'WORKASPACE' ) );
#28 = ORIENTED_EDGE ( 'NONE', *, *, #1190, .F. ) ;
#29 = CARTESIAN_POINT ( 'NONE',  ( 0.3749999999999996669, 0.1449999999999999900, -0.2500000000000000000 ) ) ;
#30 = EDGE_CURVE ( 'NONE', #1150, #308, #976, .T. ) ;
#31 =( NAMED_UNIT ( * ) SI_UNIT ( $, .STERADIAN. ) SOLID_ANGLE_UNIT ( ) );
#32 = CARTESIAN_POINT ( 'NONE',  ( 0.2999999999999999889, 0.1449999999999998790, 0.1750000000000000167 ) ) ;
#33 = CARTESIAN_POINT ( 'NONE',  ( 0.3749999999999996669, 0.1449999999999998790, 0.1750000000000000167 ) ) ;
#34 = CARTESIAN_POINT ( 'NONE',  ( 0.3749999999999996669, 0.1449999999999998790, -0.1750000000000000167 ) ) ;
#35 = MECHANICAL_DESIGN_GEOMETRIC_PRESENTATION_REPRESENTATION (  '', ( #1389 ), #433 ) ;
#36 = CARTESIAN_POINT ( 'NONE',  ( -0.2999999999999999889, 0.1449999999999999900, 0.2449999999999993294 ) ) ;
#37 = LINE ( 'NONE', #171, #751 ) ;
#38 = DIRECTION ( 'NONE',  ( 0.000000000000000000, -1.000000000000000000, 0.000000000000000000 ) ) ;
#39 = COLOUR_RGB ( '',0.2509803921568627416, 0.2509803921568627416, 0.2509803921568627416 ) ;
#40 = ORIENTED_EDGE ( 'NONE', *, *, #626, .T. ) ;
#41 = STYLED_ITEM ( 'NONE', ( #797 ), #42 ) ;
#42 = ADVANCED_FACE ( 'NONE', ( #1815 ), #1206, .F. ) ;
#43 = CARTESIAN_POINT ( 'NONE',  ( 0.5000000000000000000, -0.1700000000000000122, 0.2500000000000000000 ) ) ;
#44 =( LENGTH_UNIT ( ) NAMED_UNIT ( * ) SI_UNIT ( .MILLI., .METRE. ) );
#45 = COLOUR_RGB ( '',0.7529411764705882248, 0.7529411764705882248, 0.7529411764705882248 ) ;
#46 = ORIENTED_EDGE ( 'NONE', *, *, #176, .F. ) ;
#47 = VECTOR ( 'NONE', #424, 1000.000000000000000 ) ;
#48 = VERTEX_POINT ( 'NONE', #1646 ) ;
#49 = MECHANICAL_DESIGN_GEOMETRIC_PRESENTATION_REPRESENTATION (  '', ( #258 ), #1486 ) ;
#50 = FILL_AREA_STYLE ('',( #67 ) ) ;
#51 = AXIS2_PLACEMENT_3D ( 'NONE', #766, #1323, #62 ) ;
#52 = SURFACE_STYLE_USAGE ( .BOTH. , #888 ) ;
#53 = AXIS2_PLACEMENT_3D ( 'NONE', #1423, #438, #1688 ) ;
#54 = PRESENTATION_LAYER_ASSIGNMENT (  '', '', ( #1266 ) ) ;
#55 = DIRECTION ( 'NONE',  ( 1.000000000000000000, 4.336808689942020891E-15, 0.000000000000000000 ) ) ;
#56 = COLOUR_RGB ( '',1.000000000000000000, 1.000000000000000000, 1.000000000000000000 ) ;
#57 = ORIENTED_EDGE ( 'NONE', *, *, #444, .F. ) ;
#58 = COLOUR_RGB ( '',0.7529411764705882248, 0.7529411764705882248, 0.7529411764705882248 ) ;
#59 =( LENGTH_UNIT ( ) NAMED_UNIT ( * ) SI_UNIT ( .MILLI., .METRE. ) );
#60 = ADVANCED_FACE ( 'NONE', ( #1517 ), #1796, .F. ) ;
#61 = VERTEX_POINT ( 'NONE', #684 ) ;
#62 = DIRECTION ( 'NONE',  ( 0.7071067811865513475, -0.7071067811865435759, 0.000000000000000000 ) ) ;
#63 = SURFACE_STYLE_FILL_AREA ( #1333 ) ;
#64 = ORIENTED_EDGE ( 'NONE', *, *, #325, .T. ) ;
#65 = DIRECTION ( 'NONE',  ( -0.000000000000000000, -0.000000000000000000, -1.000000000000000000 ) ) ;
#66 = MECHANICAL_DESIGN_GEOMETRIC_PRESENTATION_REPRESENTATION (  '', ( #741 ), #1084 ) ;
#67 = FILL_AREA_STYLE_COLOUR ( '', #75 ) ;
#68 = EDGE_CURVE ( 'NONE', #1759, #101, #618, .T. ) ;
#69 = CARTESIAN_POINT ( 'NONE',  ( 0.2999999999999999889, 0.000000000000000000, -0.2500000000000000000 ) ) ;
#70 = ADVANCED_FACE ( 'NONE', ( #1077 ), #1364, .F. ) ;
#71 = UNCERTAINTY_MEASURE_WITH_UNIT (LENGTH_MEASURE( 1.000000000000000082E-05 ), #196, 'distance_accuracy_value', 'NONE');
#72 = FILL_AREA_STYLE ('',( #799 ) ) ;
#73 = SURFACE_SIDE_STYLE ('',( #1527 ) ) ;
#74 = FILL_AREA_STYLE_COLOUR ( '', #1580 ) ;
#75 = COLOUR_RGB ( '',0.7529411764705882248, 0.7529411764705882248, 0.7529411764705882248 ) ;
#76 =( GEOMETRIC_REPRESENTATION_CONTEXT ( 3 ) GLOBAL_UNCERTAINTY_ASSIGNED_CONTEXT ( ( #591 ) ) GLOBAL_UNIT_ASSIGNED_CONTEXT ( ( #1082, #1633, #371 ) ) REPRESENTATION_CONTEXT ( 'NONE', 'WORKASPACE' ) );
#77 = DIRECTION ( 'NONE',  ( 1.000000000000000000, 0.000000000000000000, 0.000000000000000000 ) ) ;
#78 = LINE ( 'NONE', #773, #1351 ) ;
#79 = VERTEX_POINT ( 'NONE', #1229 ) ;
#80 = DIRECTION ( 'NONE',  ( -1.000000000000000000, 0.000000000000000000, 0.000000000000000000 ) ) ;
#81 = APPLICATION_PROTOCOL_DEFINITION ( 'draft international standard', 'automotive_design', 1998, #1088 ) ;
#82 =( NAMED_UNIT ( * ) PLANE_ANGLE_UNIT ( ) SI_UNIT ( $, .RADIAN. ) );
#83 = ORIENTED_EDGE ( 'NONE', *, *, #1501, .T. ) ;
#84 = EDGE_LOOP ( 'NONE', ( #1340, #739, #1167, #339 ) ) ;
#85 = FILL_AREA_STYLE ('',( #1780 ) ) ;
#86 = DIRECTION ( 'NONE',  ( -4.336808689942020891E-15, 1.000000000000000000, 0.000000000000000000 ) ) ;
#87 = EDGE_CURVE ( 'NONE', #4, #1470, #950, .T. ) ;
#88 = PRESENTATION_LAYER_ASSIGNMENT (  '', '', ( #1285 ) ) ;
#89 = FILL_AREA_STYLE_COLOUR ( '', #1640 ) ;
#90 =( LENGTH_UNIT ( ) NAMED_UNIT ( * ) SI_UNIT ( .MILLI., .METRE. ) );
#91 =( NAMED_UNIT ( * ) SI_UNIT ( $, .STERADIAN. ) SOLID_ANGLE_UNIT ( ) );
#92 = DIRECTION ( 'NONE',  ( 0.000000000000000000, -1.000000000000000000, 0.000000000000000000 ) ) ;
#93 = UNCERTAINTY_MEASURE_WITH_UNIT (LENGTH_MEASURE( 1.000000000000000082E-05 ), #376, 'distance_accuracy_value', 'NONE');
#94 = COLOUR_RGB ( '',0.7529411764705882248, 0.7529411764705882248, 0.7529411764705882248 ) ;
#95 = SURFACE_SIDE_STYLE ('',( #1694 ) ) ;
#96 = CARTESIAN_POINT ( 'NONE',  ( -0.4749999999999999778, 0.1449999999999999900, 0.2500000000000000000 ) ) ;
#97 = DIRECTION ( 'NONE',  ( -0.000000000000000000, -0.000000000000000000, -1.000000000000000000 ) ) ;
#98 = VECTOR ( 'NONE', #202, 1000.000000000000000 ) ;
#99 = PRESENTATION_LAYER_ASSIGNMENT (  '', '', ( #15 ) ) ;
#100 = DIRECTION ( 'NONE',  ( 1.000000000000000000, 0.000000000000000000, 0.000000000000000000 ) ) ;
#101 = VERTEX_POINT ( 'NONE', #692 ) ;
#102 = CARTESIAN_POINT ( 'NONE',  ( 0.2999999999999999889, -0.1700000000000000122, 0.2500000000000000000 ) ) ;
#103 = DIRECTION ( 'NONE',  ( 0.000000000000000000, -1.000000000000000000, 0.000000000000000000 ) ) ;
#104 = COLOUR_RGB ( '',0.7529411764705882248, 0.7529411764705882248, 0.7529411764705882248 ) ;
#105 = EDGE_LOOP ( 'NONE', ( #1415, #902, #1811, #151 ) ) ;
#106 = FILL_AREA_STYLE_COLOUR ( '', #39 ) ;
#107 = VERTEX_POINT ( 'NONE', #968 ) ;
#108 = FILL_AREA_STYLE ('',( #960 ) ) ;
#109 = PRESENTATION_STYLE_ASSIGNMENT (( #1531 ) ) ;
#110 = ORIENTED_EDGE ( 'NONE', *, *, #710, .T. ) ;
#111 = SURFACE_STYLE_USAGE ( .BOTH. , #826 ) ;
#112 = CARTESIAN_POINT ( 'NONE',  ( -0.5000000000000000000, -0.1700000000000000122, -0.2500000000000000000 ) ) ;
#113 = SURFACE_SIDE_STYLE ('',( #1598 ) ) ;
#114 = PRESENTATION_LAYER_ASSIGNMENT (  '', '', ( #1758 ) ) ;
#115 = FILL_AREA_STYLE ('',( #986 ) ) ;
#116 =( NAMED_UNIT ( * ) PLANE_ANGLE_UNIT ( ) SI_UNIT ( $, .RADIAN. ) );
#117 = PLANE ( 'NONE',  #680 ) ;
#118 = PRESENTATION_STYLE_ASSIGNMENT (( #1367 ) ) ;
#119 = DIRECTION ( 'NONE',  ( 0.000000000000000000, -1.000000000000000000, 0.000000000000000000 ) ) ;
#120 = PRESENTATION_STYLE_ASSIGNMENT (( #374 ) ) ;
#121 = FACE_OUTER_BOUND ( 'NONE', #1358, .T. ) ;
#122 = EDGE_CURVE ( 'NONE', #216, #79, #1319, .T. ) ;
#123 = FILL_AREA_STYLE_COLOUR ( '', #362 ) ;
#124 = VECTOR ( 'NONE', #1177, 1000.000000000000000 ) ;
#125 =( GEOMETRIC_REPRESENTATION_CONTEXT ( 3 ) GLOBAL_UNCERTAINTY_ASSIGNED_CONTEXT ( ( #275 ) ) GLOBAL_UNIT_ASSIGNED_CONTEXT ( ( #380, #116, #516 ) ) REPRESENTATION_CONTEXT ( 'NONE', 'WORKASPACE' ) );
#126 = DIRECTION ( 'NONE',  ( -0.000000000000000000, 1.000000000000000000, -0.000000000000000000 ) ) ;
#127 = DIRECTION ( 'NONE',  ( 0.000000000000000000, 0.000000000000000000, 1.000000000000000000 ) ) ;
#128 = PRESENTATION_STYLE_ASSIGNMENT (( #528 ) ) ;
#129 = FACE_OUTER_BOUND ( 'NONE', #517, .T. ) ;
#130 = VERTEX_POINT ( 'NONE', #1099 ) ;
#131 = UNCERTAINTY_MEASURE_WITH_UNIT (LENGTH_MEASURE( 1.000000000000000082E-05 ), #1183, 'distance_accuracy_value', 'NONE');
#132 = PRESENTATION_STYLE_ASSIGNMENT (( #1409 ) ) ;
#133 = CLOSED_SHELL ( 'NONE', ( #1027, #177, #580, #1429, #1005, #1189, #1735, #1712, #1618, #1479, #606, #42, #440, #869 ) ) ;
#134 = PRESENTATION_LAYER_ASSIGNMENT (  '', '', ( #41 ) ) ;
#135 = FILL_AREA_STYLE_COLOUR ( '', #824 ) ;
#136 = ADVANCED_BREP_SHAPE_REPRESENTATION ( 'TNPW040220K0BEED', ( #763, #423, #742, #454, #696 ), #663 ) ;
#137 = MECHANICAL_DESIGN_GEOMETRIC_PRESENTATION_REPRESENTATION (  '', ( #609 ), #1521 ) ;
#138 = MECHANICAL_DESIGN_GEOMETRIC_PRESENTATION_REPRESENTATION (  '', ( #1753 ), #76 ) ;
#139 = DIRECTION ( 'NONE',  ( -0.000000000000000000, 0.7071067811865440200, 0.7071067811865511255 ) ) ;
#140 = FACE_OUTER_BOUND ( 'NONE', #1076, .T. ) ;
#141 = PRESENTATION_STYLE_ASSIGNMENT (( #1480 ) ) ;
#142 = CARTESIAN_POINT ( 'NONE',  ( -0.3749999999999995559, 0.1699999999999999845, -0.1750000000000000167 ) ) ;
#143 = CARTESIAN_POINT ( 'NONE',  ( 0.000000000000000000, 0.1399999999999992917, 0.2500000000000000000 ) ) ;
#144 = ORIENTED_EDGE ( 'NONE', *, *, #847, .F. ) ;
#145 = EDGE_CURVE ( 'NONE', #723, #213, #1655, .T. ) ;
#146 = PRESENTATION_LAYER_ASSIGNMENT (  '', '', ( #398 ) ) ;
#147 = FACE_OUTER_BOUND ( 'NONE', #236, .T. ) ;
#148 = PRESENTATION_STYLE_ASSIGNMENT (( #1346 ) ) ;
#149 = ORIENTED_EDGE ( 'NONE', *, *, #1669, .F. ) ;
#150 = MECHANICAL_DESIGN_GEOMETRIC_PRESENTATION_REPRESENTATION (  '', ( #1170 ), #1041 ) ;
#151 = ORIENTED_EDGE ( 'NONE', *, *, #122, .T. ) ;
#152 = UNCERTAINTY_MEASURE_WITH_UNIT (LENGTH_MEASURE( 1.000000000000000082E-05 ), #427, 'distance_accuracy_value', 'NONE');
#153 = VECTOR ( 'NONE', #1804, 1000.000000000000000 ) ;
#154 = ORIENTED_EDGE ( 'NONE', *, *, #1667, .T. ) ;
#155 = CARTESIAN_POINT ( 'NONE',  ( -0.2749999999999996891, 0.1700000000000000122, 0.1750000000000000167 ) ) ;
#156 = ADVANCED_FACE ( 'NONE', ( #718 ), #1528, .F. ) ;
#157 = AXIS2_PLACEMENT_3D ( 'NONE', #1637, #1775, #1343 ) ;
#158 = CARTESIAN_POINT ( 'NONE',  ( 0.2999999999999999889, -0.1449999999999999900, -0.2500000000000000000 ) ) ;
#159 = CARTESIAN_POINT ( 'NONE',  ( 0.2649999999999996247, 0.1799999999999999933, 0.2500000000000000000 ) ) ;
#160 = VECTOR ( 'NONE', #958, 1000.000000000000000 ) ;
#161 = ADVANCED_FACE ( 'NONE', ( #615 ), #1311, .F. ) ;
#162 = CARTESIAN_POINT ( 'NONE',  ( 0.000000000000000000, -0.1700000000000000122, 0.2500000000000000000 ) ) ;
#163 = SURFACE_SIDE_STYLE ('',( #1587 ) ) ;
#164 = ORIENTED_EDGE ( 'NONE', *, *, #521, .T. ) ;
#165 = PLANE ( 'NONE',  #307 ) ;
#166 = PRODUCT_DEFINITION_FORMATION_WITH_SPECIFIED_SOURCE ( 'ANY', '', #1683, .NOT_KNOWN. ) ;
#167 = PRESENTATION_LAYER_ASSIGNMENT (  '', '', ( #1093 ) ) ;
#168 = VECTOR ( 'NONE', #1722, 1000.000000000000000 ) ;
#169 = ORIENTED_EDGE ( 'NONE', *, *, #904, .T. ) ;
#170 =( NAMED_UNIT ( * ) SI_UNIT ( $, .STERADIAN. ) SOLID_ANGLE_UNIT ( ) );
#171 = CARTESIAN_POINT ( 'NONE',  ( 0.4749999999999999778, -0.1449999999999999900, 0.2500000000000000000 ) ) ;
#172 = AXIS2_PLACEMENT_3D ( 'NONE', #884, #469, #933 ) ;
#173 = ORIENTED_EDGE ( 'NONE', *, *, #145, .T. ) ;
#174 = VECTOR ( 'NONE', #1611, 1000.000000000000000 ) ;
#175 = DIRECTION ( 'NONE',  ( 0.000000000000000000, 1.000000000000000000, 0.000000000000000000 ) ) ;
#176 = EDGE_CURVE ( 'NONE', #1696, #61, #1565, .T. ) ;
#177 = ADVANCED_FACE ( 'NONE', ( #147 ), #178, .F. ) ;
#178 = PLANE ( 'NONE',  #352 ) ;
#179 = DIRECTION ( 'NONE',  ( 1.000000000000000000, 0.000000000000000000, 0.000000000000000000 ) ) ;
#180 = MECHANICAL_DESIGN_GEOMETRIC_PRESENTATION_REPRESENTATION (  '', ( #780 ), #1634 ) ;
#181 = LINE ( 'NONE', #1111, #1221 ) ;
#182 = AXIS2_PLACEMENT_3D ( 'NONE', #379, #1642, #253 ) ;
#183 = DIRECTION ( 'NONE',  ( -0.000000000000000000, -0.000000000000000000, -1.000000000000000000 ) ) ;
#184 = SURFACE_STYLE_USAGE ( .BOTH. , #1458 ) ;
#185 = PRESENTATION_STYLE_ASSIGNMENT (( #401 ) ) ;
#186 = LINE ( 'NONE', #96, #1166 ) ;
#187 = ORIENTED_EDGE ( 'NONE', *, *, #11, .F. ) ;
#188 = SURFACE_SIDE_STYLE ('',( #1537 ) ) ;
#189 =( NAMED_UNIT ( * ) PLANE_ANGLE_UNIT ( ) SI_UNIT ( $, .RADIAN. ) );
#190 = ORIENTED_EDGE ( 'NONE', *, *, #1057, .F. ) ;
#191 = COLOUR_RGB ( '',0.2509803921568627416, 0.2509803921568627416, 0.2509803921568627416 ) ;
#192 = VERTEX_POINT ( 'NONE', #582 ) ;
#193 = STYLED_ITEM ( 'NONE', ( #1672 ), #332 ) ;
#194 = LINE ( 'NONE', #1262, #341 ) ;
#195 = ORIENTED_EDGE ( 'NONE', *, *, #1297, .F. ) ;
#196 =( LENGTH_UNIT ( ) NAMED_UNIT ( * ) SI_UNIT ( .MILLI., .METRE. ) );
#197 = CARTESIAN_POINT ( 'NONE',  ( 0.000000000000000000, 0.1449999999999999900, -0.2500000000000000000 ) ) ;
#198 =( NAMED_UNIT ( * ) PLANE_ANGLE_UNIT ( ) SI_UNIT ( $, .RADIAN. ) );
#199 = CARTESIAN_POINT ( 'NONE',  ( 0.3749999999999996669, 0.1449999999999998790, -0.1750000000000000167 ) ) ;
#200 =( GEOMETRIC_REPRESENTATION_CONTEXT ( 3 ) GLOBAL_UNCERTAINTY_ASSIGNED_CONTEXT ( ( #1719 ) ) GLOBAL_UNIT_ASSIGNED_CONTEXT ( ( #239, #1366, #1224 ) ) REPRESENTATION_CONTEXT ( 'NONE', 'WORKASPACE' ) );
#201 = FILL_AREA_STYLE ('',( #212 ) ) ;
#202 = DIRECTION ( 'NONE',  ( -1.000000000000000000, 0.000000000000000000, 0.000000000000000000 ) ) ;
#203 = LINE ( 'NONE', #1793, #1140 ) ;
#204 = UNCERTAINTY_MEASURE_WITH_UNIT (LENGTH_MEASURE( 1.000000000000000082E-05 ), #676, 'distance_accuracy_value', 'NONE');
#205 = MECHANICAL_DESIGN_GEOMETRIC_PRESENTATION_REPRESENTATION (  '', ( #1758 ), #928 ) ;
#206 = PRESENTATION_LAYER_ASSIGNMENT (  '', '', ( #843 ) ) ;
#207 = COLOUR_RGB ( '',1.000000000000000000, 1.000000000000000000, 1.000000000000000000 ) ;
#208 = DIRECTION ( 'NONE',  ( 0.7071067811865513475, 0.7071067811865436870, 0.000000000000000000 ) ) ;
#209 = LINE ( 'NONE', #1344, #361 ) ;
#210 = EDGE_CURVE ( 'NONE', #412, #661, #490, .T. ) ;
#211 = LINE ( 'NONE', #1684, #541 ) ;
#212 = FILL_AREA_STYLE_COLOUR ( '', #1546 ) ;
#213 = VERTEX_POINT ( 'NONE', #158 ) ;
#214 = ORIENTED_EDGE ( 'NONE', *, *, #503, .F. ) ;
#215 = CARTESIAN_POINT ( 'NONE',  ( 0.3749999999999995559, 0.1699999999999998734, -0.1750000000000000167 ) ) ;
#216 = VERTEX_POINT ( 'NONE', #43 ) ;
#217 =( LENGTH_UNIT ( ) NAMED_UNIT ( * ) SI_UNIT ( .MILLI., .METRE. ) );
#218 = PRESENTATION_STYLE_ASSIGNMENT (( #531 ) ) ;
#219 = VERTEX_POINT ( 'NONE', #864 ) ;
#220 = DIRECTION ( 'NONE',  ( -0.000000000000000000, -0.000000000000000000, 1.000000000000000000 ) ) ;
#221 = LINE ( 'NONE', #1061, #274 ) ;
#222 = ADVANCED_FACE ( 'NONE', ( #1228 ), #1582, .T. ) ;
#223 =( GEOMETRIC_REPRESENTATION_CONTEXT ( 3 ) GLOBAL_UNCERTAINTY_ASSIGNED_CONTEXT ( ( #946 ) ) GLOBAL_UNIT_ASSIGNED_CONTEXT ( ( #1498, #1245, #966 ) ) REPRESENTATION_CONTEXT ( 'NONE', 'WORKASPACE' ) );
#224 = PRESENTATION_STYLE_ASSIGNMENT (( #1178 ) ) ;
#225 =( NAMED_UNIT ( * ) PLANE_ANGLE_UNIT ( ) SI_UNIT ( $, .RADIAN. ) );
#226 = CARTESIAN_POINT ( 'NONE',  ( 0.3749999999999996114, 0.1700000000000000122, -0.2500000000000000000 ) ) ;
#227 = CARTESIAN_POINT ( 'NONE',  ( 0.000000000000000000, 0.1700000000000000122, 0.2500000000000000000 ) ) ;
#228 =( LENGTH_UNIT ( ) NAMED_UNIT ( * ) SI_UNIT ( .MILLI., .METRE. ) );
#229 = DIRECTION ( 'NONE',  ( -0.000000000000000000, -0.000000000000000000, 1.000000000000000000 ) ) ;
#230 = FILL_AREA_STYLE_COLOUR ( '', #1414 ) ;
#231 = MECHANICAL_DESIGN_GEOMETRIC_PRESENTATION_REPRESENTATION (  '', ( #357 ), #539 ) ;
#232 =( NAMED_UNIT ( * ) PLANE_ANGLE_UNIT ( ) SI_UNIT ( $, .RADIAN. ) );
#233 = LINE ( 'NONE', #1658, #468 ) ;
#234 = FILL_AREA_STYLE_COLOUR ( '', #1448 ) ;
#235 = DIRECTION ( 'NONE',  ( 0.000000000000000000, 0.000000000000000000, -1.000000000000000000 ) ) ;
#236 = EDGE_LOOP ( 'NONE', ( #1539, #342, #573, #416, #570, #1745, #1029, #154 ) ) ;
#237 =( NAMED_UNIT ( * ) SI_UNIT ( $, .STERADIAN. ) SOLID_ANGLE_UNIT ( ) );
#238 = COLOUR_RGB ( '',0.7529411764705882248, 0.7529411764705882248, 0.7529411764705882248 ) ;
#239 =( LENGTH_UNIT ( ) NAMED_UNIT ( * ) SI_UNIT ( .MILLI., .METRE. ) );
#240 = FILL_AREA_STYLE ('',( #656 ) ) ;
#241 = VERTEX_POINT ( 'NONE', #1590 ) ;
#242 = VERTEX_POINT ( 'NONE', #320 ) ;
#243 = SURFACE_SIDE_STYLE ('',( #1146 ) ) ;
#244 = ORIENTED_EDGE ( 'NONE', *, *, #319, .T. ) ;
#245 = PLANE ( 'NONE',  #1211 ) ;
#246 = MECHANICAL_DESIGN_GEOMETRIC_PRESENTATION_REPRESENTATION (  '', ( #1416 ), #343 ) ;
#247 = FACE_OUTER_BOUND ( 'NONE', #590, .T. ) ;
#248 = DIRECTION ( 'NONE',  ( -0.000000000000000000, 0.000000000000000000, -1.000000000000000000 ) ) ;
#249 = STYLED_ITEM ( 'NONE', ( #141 ), #742 ) ;
#250 = DIRECTION ( 'NONE',  ( 0.000000000000000000, -0.000000000000000000, -1.000000000000000000 ) ) ;
#251 = CARTESIAN_POINT ( 'NONE',  ( -0.4749999999999999778, 0.000000000000000000, 0.2500000000000000000 ) ) ;
#252 = DIRECTION ( 'NONE',  ( 0.000000000000000000, 0.000000000000000000, 1.000000000000000000 ) ) ;
#253 = DIRECTION ( 'NONE',  ( 0.000000000000000000, 0.000000000000000000, 1.000000000000000000 ) ) ;
#254 = CARTESIAN_POINT ( 'NONE',  ( -0.000000000000000000, -0.1449999999999999900, -0.2500000000000000000 ) ) ;
#255 = FILL_AREA_STYLE_COLOUR ( '', #1025 ) ;
#256 =( NAMED_UNIT ( * ) PLANE_ANGLE_UNIT ( ) SI_UNIT ( $, .RADIAN. ) );
#257 = SURFACE_STYLE_FILL_AREA ( #1628 ) ;
#258 = STYLED_ITEM ( 'NONE', ( #128 ), #60 ) ;
#259 = CARTESIAN_POINT ( 'NONE',  ( -0.4749999999999999778, 0.1449999999999999900, 0.2500000000000000000 ) ) ;
#260 = DIRECTION ( 'NONE',  ( -0.000000000000000000, 1.000000000000000000, -0.000000000000000000 ) ) ;
#261 = ORIENTED_EDGE ( 'NONE', *, *, #1466, .F. ) ;
#262 = LINE ( 'NONE', #1290, #921 ) ;
#263 = FILL_AREA_STYLE_COLOUR ( '', #1743 ) ;
#264 = FILL_AREA_STYLE_COLOUR ( '', #1331 ) ;
#265 = FACE_OUTER_BOUND ( 'NONE', #623, .T. ) ;
#266 = SURFACE_SIDE_STYLE ('',( #408 ) ) ;
#267 = EDGE_CURVE ( 'NONE', #1786, #1816, #991, .T. ) ;
#268 = PRESENTATION_STYLE_ASSIGNMENT (( #745 ) ) ;
#269 = ORIENTED_EDGE ( 'NONE', *, *, #1095, .T. ) ;
#270 =( NAMED_UNIT ( * ) SI_UNIT ( $, .STERADIAN. ) SOLID_ANGLE_UNIT ( ) );
#271 = CARTESIAN_POINT ( 'NONE',  ( 0.08833333333333191761, 0.3566666666666658547, -0.03333333333333163978 ) ) ;
#272 = VECTOR ( 'NONE', #1252, 1000.000000000000000 ) ;
#273 = ORIENTED_EDGE ( 'NONE', *, *, #414, .T. ) ;
#274 = VECTOR ( 'NONE', #1222, 1000.000000000000000 ) ;
#275 = UNCERTAINTY_MEASURE_WITH_UNIT (LENGTH_MEASURE( 1.000000000000000082E-05 ), #380, 'distance_accuracy_value', 'NONE');
#276 = SURFACE_SIDE_STYLE ('',( #896 ) ) ;
#277 =( GEOMETRIC_REPRESENTATION_CONTEXT ( 3 ) GLOBAL_UNCERTAINTY_ASSIGNED_CONTEXT ( ( #1522 ) ) GLOBAL_UNIT_ASSIGNED_CONTEXT ( ( #1577, #1716, #876 ) ) REPRESENTATION_CONTEXT ( 'NONE', 'WORKASPACE' ) );
#278 = CARTESIAN_POINT ( 'NONE',  ( 0.000000000000000000, 0.000000000000000000, -0.1750000000000000167 ) ) ;
#279 =( GEOMETRIC_REPRESENTATION_CONTEXT ( 3 ) GLOBAL_UNCERTAINTY_ASSIGNED_CONTEXT ( ( #296 ) ) GLOBAL_UNIT_ASSIGNED_CONTEXT ( ( #217, #360, #493 ) ) REPRESENTATION_CONTEXT ( 'NONE', 'WORKASPACE' ) );
#280 = DIRECTION ( 'NONE',  ( 0.7071067811865513475, -0.7071067811865436870, 0.000000000000000000 ) ) ;
#281 = CARTESIAN_POINT ( 'NONE',  ( -0.2749999999999996891, 0.1700000000000000122, -0.1750000000000000167 ) ) ;
#282 = EDGE_CURVE ( 'NONE', #1443, #412, #815, .T. ) ;
#283 = COLOUR_RGB ( '',0.7921568627450980005, 0.8196078431372548767, 0.9333333333333333481 ) ;
#284 = MECHANICAL_DESIGN_GEOMETRIC_PRESENTATION_REPRESENTATION (  '', ( #1285 ), #1335 ) ;
#285 = EDGE_LOOP ( 'NONE', ( #149, #995, #1241, #1693, #144, #330, #732, #1094 ) ) ;
#286 = ORIENTED_EDGE ( 'NONE', *, *, #414, .F. ) ;
#287 = STYLED_ITEM ( 'NONE', ( #118 ), #852 ) ;
#288 = DIRECTION ( 'NONE',  ( -0.5773502691896279515, -0.5773502691896217343, -0.5773502691896276184 ) ) ;
#289 = CARTESIAN_POINT ( 'NONE',  ( -0.3749999999999995559, 0.1699999999999999845, 0.2500000000000000000 ) ) ;
#290 = EDGE_CURVE ( 'NONE', #1484, #970, #411, .T. ) ;
#291 = EDGE_LOOP ( 'NONE', ( #432, #828, #1790, #825 ) ) ;
#292 = LINE ( 'NONE', #577, #719 ) ;
#293 = ORIENTED_EDGE ( 'NONE', *, *, #1095, .F. ) ;
#294 = LINE ( 'NONE', #1553, #392 ) ;
#295 = EDGE_LOOP ( 'NONE', ( #261, #195, #373, #1677 ) ) ;
#296 = UNCERTAINTY_MEASURE_WITH_UNIT (LENGTH_MEASURE( 1.000000000000000082E-05 ), #217, 'distance_accuracy_value', 'NONE');
#297 =( NAMED_UNIT ( * ) SI_UNIT ( $, .STERADIAN. ) SOLID_ANGLE_UNIT ( ) );
#298 = ADVANCED_FACE ( 'NONE', ( #792 ), #117, .F. ) ;
#299 =( GEOMETRIC_REPRESENTATION_CONTEXT ( 3 ) GLOBAL_UNCERTAINTY_ASSIGNED_CONTEXT ( ( #1661 ) ) GLOBAL_UNIT_ASSIGNED_CONTEXT ( ( #983, #1396, #557 ) ) REPRESENTATION_CONTEXT ( 'NONE', 'WORKASPACE' ) );
#300 =( NAMED_UNIT ( * ) SI_UNIT ( $, .STERADIAN. ) SOLID_ANGLE_UNIT ( ) );
#301 =( NAMED_UNIT ( * ) PLANE_ANGLE_UNIT ( ) SI_UNIT ( $, .RADIAN. ) );
#302 = DIRECTION ( 'NONE',  ( -0.000000000000000000, -0.000000000000000000, -1.000000000000000000 ) ) ;
#303 = ADVANCED_FACE ( 'NONE', ( #430 ), #245, .F. ) ;
#304 = SURFACE_SIDE_STYLE ('',( #1127 ) ) ;
#305 = FILL_AREA_STYLE_COLOUR ( '', #45 ) ;
#306 = ORIENTED_EDGE ( 'NONE', *, *, #444, .T. ) ;
#307 = AXIS2_PLACEMENT_3D ( 'NONE', #1299, #1641, #248 ) ;
#308 = VERTEX_POINT ( 'NONE', #387 ) ;
#309 = DIRECTION ( 'NONE',  ( -1.000000000000000000, 0.000000000000000000, 0.000000000000000000 ) ) ;
#310 = DIRECTION ( 'NONE',  ( -0.000000000000000000, 0.000000000000000000, 1.000000000000000000 ) ) ;
#311 =( LENGTH_UNIT ( ) NAMED_UNIT ( * ) SI_UNIT ( .MILLI., .METRE. ) );
#312 = LINE ( 'NONE', #1413, #547 ) ;
#313 = ORIENTED_EDGE ( 'NONE', *, *, #614, .F. ) ;
#314 =( NAMED_UNIT ( * ) PLANE_ANGLE_UNIT ( ) SI_UNIT ( $, .RADIAN. ) );
#315 = ADVANCED_FACE ( 'NONE', ( #1120 ), #679, .T. ) ;
#316 = ORIENTED_EDGE ( 'NONE', *, *, #1016, .F. ) ;
#317 = FACE_OUTER_BOUND ( 'NONE', #546, .T. ) ;
#318 = SURFACE_STYLE_USAGE ( .BOTH. , #1446 ) ;
#319 = EDGE_CURVE ( 'NONE', #1143, #1101, #1481, .T. ) ;
#320 = CARTESIAN_POINT ( 'NONE',  ( -0.3749999999999996669, 0.1449999999999999900, 0.2500000000000000000 ) ) ;
#321 = SURFACE_STYLE_USAGE ( .BOTH. , #163 ) ;
#322 = EDGE_CURVE ( 'NONE', #79, #1384, #1440, .T. ) ;
#323 = VECTOR ( 'NONE', #1124, 1000.000000000000000 ) ;
#324 = SURFACE_SIDE_STYLE ('',( #641 ) ) ;
#325 = EDGE_CURVE ( 'NONE', #1765, #354, #1068, .T. ) ;
#326 = COLOUR_RGB ( '',1.000000000000000000, 1.000000000000000000, 1.000000000000000000 ) ;
#327 = VECTOR ( 'NONE', #400, 1000.000000000000000 ) ;
#328 =( NAMED_UNIT ( * ) PLANE_ANGLE_UNIT ( ) SI_UNIT ( $, .RADIAN. ) );
#329 = CARTESIAN_POINT ( 'NONE',  ( -0.5000000000000000000, -0.1700000000000000122, 0.2500000000000000000 ) ) ;
#330 = ORIENTED_EDGE ( 'NONE', *, *, #431, .F. ) ;
#331 = EDGE_LOOP ( 'NONE', ( #778, #25, #1078, #1750 ) ) ;
#332 = ADVANCED_FACE ( 'NONE', ( #121 ), #686, .T. ) ;
#333 = MECHANICAL_DESIGN_GEOMETRIC_PRESENTATION_REPRESENTATION (  '', ( #451 ), #277 ) ;
#334 = ORIENTED_EDGE ( 'NONE', *, *, #1436, .F. ) ;
#335 = CARTESIAN_POINT ( 'NONE',  ( 0.000000000000000000, 0.000000000000000000, -0.2500000000000000000 ) ) ;
#336 = EDGE_CURVE ( 'NONE', #1427, #386, #262, .T. ) ;
#337 = PRESENTATION_STYLE_ASSIGNMENT (( #434 ) ) ;
#338 = STYLED_ITEM ( 'NONE', ( #1104 ), #1189 ) ;
#339 = ORIENTED_EDGE ( 'NONE', *, *, #1114, .T. ) ;
#340 = CARTESIAN_POINT ( 'NONE',  ( 0.5000000000000000000, 0.000000000000000000, -0.2500000000000000000 ) ) ;
#341 = VECTOR ( 'NONE', #544, 1000.000000000000000 ) ;
#342 = ORIENTED_EDGE ( 'NONE', *, *, #1726, .T. ) ;
#343 =( GEOMETRIC_REPRESENTATION_CONTEXT ( 3 ) GLOBAL_UNCERTAINTY_ASSIGNED_CONTEXT ( ( #814 ) ) GLOBAL_UNIT_ASSIGNED_CONTEXT ( ( #1720, #874, #1008 ) ) REPRESENTATION_CONTEXT ( 'NONE', 'WORKASPACE' ) );
#344 = MECHANICAL_DESIGN_GEOMETRIC_PRESENTATION_REPRESENTATION (  '', ( #249 ), #1286 ) ;
#345 = SURFACE_SIDE_STYLE ('',( #1559 ) ) ;
#346 = UNCERTAINTY_MEASURE_WITH_UNIT (LENGTH_MEASURE( 1.000000000000000082E-05 ), #368, 'distance_accuracy_value', 'NONE');
#347 = CLOSED_SHELL ( 'NONE', ( #765, #642, #1171, #222, #161, #332 ) ) ;
#348 = CLOSED_SHELL ( 'NONE', ( #1304, #18, #762, #298, #1060, #852, #1724, #315, #746, #926, #70, #880, #1420, #601 ) ) ;
#349 = VECTOR ( 'NONE', #1557, 1000.000000000000000 ) ;
#350 =( NAMED_UNIT ( * ) SI_UNIT ( $, .STERADIAN. ) SOLID_ANGLE_UNIT ( ) );
#351 = ORIENTED_EDGE ( 'NONE', *, *, #30, .F. ) ;
#352 = AXIS2_PLACEMENT_3D ( 'NONE', #446, #1294, #1158 ) ;
#353 = VECTOR ( 'NONE', #1821, 1000.000000000000000 ) ;
#354 = VERTEX_POINT ( 'NONE', #1159 ) ;
#355 = CARTESIAN_POINT ( 'NONE',  ( 0.2999999999999999889, 0.1449999999999999900, -0.2449999999999996625 ) ) ;
#356 = CARTESIAN_POINT ( 'NONE',  ( -0.5000000000000000000, 0.1700000000000000122, 0.2500000000000000000 ) ) ;
#357 = STYLED_ITEM ( 'NONE', ( #1316 ), #70 ) ;
#358 =( NAMED_UNIT ( * ) SI_UNIT ( $, .STERADIAN. ) SOLID_ANGLE_UNIT ( ) );
#359 = DIRECTION ( 'NONE',  ( 1.000000000000000000, 4.336808689942020891E-15, 0.000000000000000000 ) ) ;
#360 =( NAMED_UNIT ( * ) PLANE_ANGLE_UNIT ( ) SI_UNIT ( $, .RADIAN. ) );
#361 = VECTOR ( 'NONE', #1341, 1000.000000000000000 ) ;
#362 = COLOUR_RGB ( '',0.7529411764705882248, 0.7529411764705882248, 0.7529411764705882248 ) ;
#363 = FILL_AREA_STYLE_COLOUR ( '', #821 ) ;
#364 =( NAMED_UNIT ( * ) PLANE_ANGLE_UNIT ( ) SI_UNIT ( $, .RADIAN. ) );
#365 = VERTEX_POINT ( 'NONE', #1803 ) ;
#366 = ORIENTED_EDGE ( 'NONE', *, *, #1538, .T. ) ;
#367 =( NAMED_UNIT ( * ) PLANE_ANGLE_UNIT ( ) SI_UNIT ( $, .RADIAN. ) );
#368 =( LENGTH_UNIT ( ) NAMED_UNIT ( * ) SI_UNIT ( .MILLI., .METRE. ) );
#369 = EDGE_LOOP ( 'NONE', ( #316, #658, #620, #1412 ) ) ;
#370 = EDGE_CURVE ( 'NONE', #1300, #4, #1714, .T. ) ;
#371 =( NAMED_UNIT ( * ) SI_UNIT ( $, .STERADIAN. ) SOLID_ANGLE_UNIT ( ) );
#372 = PRESENTATION_LAYER_ASSIGNMENT (  '', '', ( #1157 ) ) ;
#373 = ORIENTED_EDGE ( 'NONE', *, *, #421, .F. ) ;
#374 = SURFACE_STYLE_USAGE ( .BOTH. , #1360 ) ;
#375 = PRESENTATION_LAYER_ASSIGNMENT (  '', '', ( #910 ) ) ;
#376 =( LENGTH_UNIT ( ) NAMED_UNIT ( * ) SI_UNIT ( .MILLI., .METRE. ) );
#377 = DIRECTION ( 'NONE',  ( 1.000000000000000000, 0.000000000000000000, 0.000000000000000000 ) ) ;
#378 = SURFACE_SIDE_STYLE ('',( #63 ) ) ;
#379 = CARTESIAN_POINT ( 'NONE',  ( -0.4749999999999999778, 0.1449999999999999900, -0.2500000000000000000 ) ) ;
#380 =( LENGTH_UNIT ( ) NAMED_UNIT ( * ) SI_UNIT ( .MILLI., .METRE. ) );
#381 = MECHANICAL_DESIGN_GEOMETRIC_PRESENTATION_REPRESENTATION (  '', ( #15 ), #1581 ) ;
#382 = SURFACE_SIDE_STYLE ('',( #1619 ) ) ;
#383 = ORIENTED_EDGE ( 'NONE', *, *, #1036, .T. ) ;
#384 = DIRECTION ( 'NONE',  ( 0.000000000000000000, -0.000000000000000000, -1.000000000000000000 ) ) ;
#385 = PLANE ( 'NONE',  #565 ) ;
#386 = VERTEX_POINT ( 'NONE', #712 ) ;
#387 = CARTESIAN_POINT ( 'NONE',  ( 0.5000000000000000000, 0.1700000000000000122, -0.2500000000000000000 ) ) ;
#388 = SURFACE_STYLE_FILL_AREA ( #613 ) ;
#389 = CARTESIAN_POINT ( 'NONE',  ( 0.2649999999999996247, 0.1799999999999999933, 0.2099999999999997147 ) ) ;
#390 = SURFACE_STYLE_FILL_AREA ( #1284 ) ;
#391 = ORIENTED_EDGE ( 'NONE', *, *, #1391, .F. ) ;
#392 = VECTOR ( 'NONE', #252, 1000.000000000000000 ) ;
#393 = VERTEX_POINT ( 'NONE', #1810 ) ;
#394 = FILL_AREA_STYLE ('',( #834 ) ) ;
#395 = AXIS2_PLACEMENT_3D ( 'NONE', #1471, #1441, #600 ) ;
#396 = SURFACE_SIDE_STYLE ('',( #605 ) ) ;
#397 = EDGE_CURVE ( 'NONE', #48, #1072, #211, .T. ) ;
#398 = STYLED_ITEM ( 'NONE', ( #109 ), #1420 ) ;
#399 = UNCERTAINTY_MEASURE_WITH_UNIT (LENGTH_MEASURE( 1.000000000000000082E-05 ), #228, 'distance_accuracy_value', 'NONE');
#400 = DIRECTION ( 'NONE',  ( -0.000000000000000000, -0.000000000000000000, 1.000000000000000000 ) ) ;
#401 = SURFACE_STYLE_USAGE ( .BOTH. , #673 ) ;
#402 = DIRECTION ( 'NONE',  ( -0.7071067811865513475, -0.7071067811865435759, 0.000000000000000000 ) ) ;
#403 = CARTESIAN_POINT ( 'NONE',  ( 0.000000000000000000, 0.000000000000000000, 0.1750000000000000167 ) ) ;
#404 = EDGE_CURVE ( 'NONE', #412, #1759, #1710, .T. ) ;
#405 = SURFACE_STYLE_USAGE ( .BOTH. , #266 ) ;
#406 = VECTOR ( 'NONE', #65, 1000.000000000000000 ) ;
#407 = PRESENTATION_LAYER_ASSIGNMENT (  '', '', ( #1170 ) ) ;
#408 = SURFACE_STYLE_FILL_AREA ( #963 ) ;
#409 = CARTESIAN_POINT ( 'NONE',  ( -0.2224999999999983658, 0.2225000000000007805, 0.2500000000000000000 ) ) ;
#410 = VERTEX_POINT ( 'NONE', #1295 ) ;
#411 = LINE ( 'NONE', #1502, #452 ) ;
#412 = VERTEX_POINT ( 'NONE', #329 ) ;
#413 = VERTEX_POINT ( 'NONE', #456 ) ;
#414 = EDGE_CURVE ( 'NONE', #1715, #723, #37, .T. ) ;
#415 = SURFACE_STYLE_FILL_AREA ( #201 ) ;
#416 = ORIENTED_EDGE ( 'NONE', *, *, #325, .F. ) ;
#417 = SURFACE_SIDE_STYLE ('',( #914 ) ) ;
#418 = ORIENTED_EDGE ( 'NONE', *, *, #322, .F. ) ;
#419 = DIRECTION ( 'NONE',  ( -4.336808689942020891E-15, 1.000000000000000000, 0.000000000000000000 ) ) ;
#420 = PRESENTATION_LAYER_ASSIGNMENT (  '', '', ( #258 ) ) ;
#421 = EDGE_CURVE ( 'NONE', #1484, #953, #1292, .T. ) ;
#422 =( GEOMETRIC_REPRESENTATION_CONTEXT ( 3 ) GLOBAL_UNCERTAINTY_ASSIGNED_CONTEXT ( ( #1302 ) ) GLOBAL_UNIT_ASSIGNED_CONTEXT ( ( #1410, #1253, #849 ) ) REPRESENTATION_CONTEXT ( 'NONE', 'WORKASPACE' ) );
#423 = MANIFOLD_SOLID_BREP ( 'Mirror1[1]', #133 ) ;
#424 = DIRECTION ( 'NONE',  ( -4.336808689942020891E-15, 1.000000000000000000, -0.000000000000000000 ) ) ;
#425 = LINE ( 'NONE', #559, #1755 ) ;
#426 = CARTESIAN_POINT ( 'NONE',  ( 0.000000000000000000, -0.1700000000000000122, -0.2500000000000000000 ) ) ;
#427 =( LENGTH_UNIT ( ) NAMED_UNIT ( * ) SI_UNIT ( .MILLI., .METRE. ) );
#428 = LINE ( 'NONE', #1337, #406 ) ;
#429 = AXIS2_PLACEMENT_3D ( 'NONE', #143, #139, #999 ) ;
#430 = FACE_OUTER_BOUND ( 'NONE', #21, .T. ) ;
#431 = EDGE_CURVE ( 'NONE', #1816, #219, #448, .T. ) ;
#432 = ORIENTED_EDGE ( 'NONE', *, *, #1572, .F. ) ;
#433 =( GEOMETRIC_REPRESENTATION_CONTEXT ( 3 ) GLOBAL_UNCERTAINTY_ASSIGNED_CONTEXT ( ( #1274 ) ) GLOBAL_UNIT_ASSIGNED_CONTEXT ( ( #59, #1203, #358 ) ) REPRESENTATION_CONTEXT ( 'NONE', 'WORKASPACE' ) );
#434 = SURFACE_STYLE_USAGE ( .BOTH. , #1288 ) ;
#435 = SURFACE_STYLE_FILL_AREA ( #1788 ) ;
#436 = ORIENTED_EDGE ( 'NONE', *, *, #1269, .T. ) ;
#437 = VERTEX_POINT ( 'NONE', #1761 ) ;
#438 = DIRECTION ( 'NONE',  ( -0.000000000000000000, 0.000000000000000000, 1.000000000000000000 ) ) ;
#439 = STYLED_ITEM ( 'NONE', ( #185 ), #298 ) ;
#440 = ADVANCED_FACE ( 'NONE', ( #875 ), #462, .F. ) ;
#441 = DIRECTION ( 'NONE',  ( 0.000000000000000000, -0.000000000000000000, -1.000000000000000000 ) ) ;
#442 = CARTESIAN_POINT ( 'NONE',  ( 0.000000000000000000, -0.1449999999999999900, 0.2500000000000000000 ) ) ;
#443 = DIRECTION ( 'NONE',  ( -0.7071067811865436870, -0.7071067811865513475, 0.000000000000000000 ) ) ;
#444 = EDGE_CURVE ( 'NONE', #944, #1603, #897, .T. ) ;
#445 = VECTOR ( 'NONE', #813, 1000.000000000000000 ) ;
#446 = CARTESIAN_POINT ( 'NONE',  ( 0.000000000000000000, 0.1449999999999999900, 0.2500000000000000000 ) ) ;
#447 = CARTESIAN_POINT ( 'NONE',  ( -0.2999999999999999889, 0.1449999999999999900, -0.1750000000000000167 ) ) ;
#448 = LINE ( 'NONE', #1307, #489 ) ;
#449 = SURFACE_SIDE_STYLE ('',( #1585 ) ) ;
#450 = COLOUR_RGB ( '',0.7529411764705882248, 0.7529411764705882248, 0.7529411764705882248 ) ;
#451 = STYLED_ITEM ( 'NONE', ( #1098 ), #177 ) ;
#452 = VECTOR ( 'NONE', #1665, 1000.000000000000000 ) ;
#453 = VECTOR ( 'NONE', #229, 1000.000000000000000 ) ;
#454 = MANIFOLD_SOLID_BREP ( 'Boss-Extrude3', #347 ) ;
#455 = SHAPE_DEFINITION_REPRESENTATION ( #1278, #136 ) ;
#456 = CARTESIAN_POINT ( 'NONE',  ( -0.4749999999999999778, -0.1449999999999999900, -0.2500000000000000000 ) ) ;
#457 = STYLED_ITEM ( 'NONE', ( #1437 ), #1005 ) ;
#458 = ORIENTED_EDGE ( 'NONE', *, *, #961, .T. ) ;
#459 = ORIENTED_EDGE ( 'NONE', *, *, #893, .T. ) ;
#460 = LINE ( 'NONE', #1065, #174 ) ;
#461 = CARTESIAN_POINT ( 'NONE',  ( -0.5000000000000000000, 0.000000000000000000, 0.2500000000000000000 ) ) ;
#462 = PLANE ( 'NONE',  #883 ) ;
#463 = FACE_OUTER_BOUND ( 'NONE', #800, .T. ) ;
#464 = PLANE ( 'NONE',  #172 ) ;
#465 = MECHANICAL_DESIGN_GEOMETRIC_PRESENTATION_REPRESENTATION (  '', ( #1157 ), #1134 ) ;
#466 =( GEOMETRIC_REPRESENTATION_CONTEXT ( 3 ) GLOBAL_UNCERTAINTY_ASSIGNED_CONTEXT ( ( #131 ) ) GLOBAL_UNIT_ASSIGNED_CONTEXT ( ( #1183, #767, #475 ) ) REPRESENTATION_CONTEXT ( 'NONE', 'WORKASPACE' ) );
#467 = CARTESIAN_POINT ( 'NONE',  ( -0.4749999999999999778, 0.1449999999999999900, -0.2500000000000000000 ) ) ;
#468 = VECTOR ( 'NONE', #827, 1000.000000000000000 ) ;
#469 = DIRECTION ( 'NONE',  ( 0.000000000000000000, 1.000000000000000000, 0.000000000000000000 ) ) ;
#470 = COLOUR_RGB ( '',0.7529411764705882248, 0.7529411764705882248, 0.7529411764705882248 ) ;
#471 = ORIENTED_EDGE ( 'NONE', *, *, #713, .F. ) ;
#472 = COLOUR_RGB ( '',1.000000000000000000, 1.000000000000000000, 1.000000000000000000 ) ;
#473 = STYLED_ITEM ( 'NONE', ( #666 ), #161 ) ;
#474 = UNCERTAINTY_MEASURE_WITH_UNIT (LENGTH_MEASURE( 1.000000000000000082E-05 ), #90, 'distance_accuracy_value', 'NONE');
#475 =( NAMED_UNIT ( * ) SI_UNIT ( $, .STERADIAN. ) SOLID_ANGLE_UNIT ( ) );
#476 = ORIENTED_EDGE ( 'NONE', *, *, #30, .T. ) ;
#477 = PLANE ( 'NONE',  #51 ) ;
#478 = COLOUR_RGB ( '',0.7529411764705882248, 0.7529411764705882248, 0.7529411764705882248 ) ;
#479 = EDGE_LOOP ( 'NONE', ( #881, #586, #949, #164 ) ) ;
#480 = SURFACE_STYLE_USAGE ( .BOTH. , #794 ) ;
#481 = SURFACE_SIDE_STYLE ('',( #589 ) ) ;
#482 = DIRECTION ( 'NONE',  ( 0.000000000000000000, -1.000000000000000000, 0.000000000000000000 ) ) ;
#483 = EDGE_CURVE ( 'NONE', #1715, #1238, #688, .T. ) ;
#484 = PRESENTATION_LAYER_ASSIGNMENT (  '', '', ( #457 ) ) ;
#485 = CARTESIAN_POINT ( 'NONE',  ( -0.3749999999999995559, 0.1700000000000000122, -0.2500000000000000000 ) ) ;
#486 = FILL_AREA_STYLE ('',( #806 ) ) ;
#487 = CARTESIAN_POINT ( 'NONE',  ( 0.4749999999999999778, -0.1449999999999999900, 0.2500000000000000000 ) ) ;
#488 = SURFACE_STYLE_USAGE ( .BOTH. , #1754 ) ;
#489 = VECTOR ( 'NONE', #779, 1000.000000000000000 ) ;
#490 = LINE ( 'NONE', #1172, #1645 ) ;
#491 = FILL_AREA_STYLE ('',( #1621 ) ) ;
#492 = LINE ( 'NONE', #650, #1784 ) ;
#493 =( NAMED_UNIT ( * ) SI_UNIT ( $, .STERADIAN. ) SOLID_ANGLE_UNIT ( ) );
#494 = LINE ( 'NONE', #1612, #1034 ) ;
#495 = CARTESIAN_POINT ( 'NONE',  ( 0.000000000000000000, 0.000000000000000000, 0.2500000000000000000 ) ) ;
#496 = ORIENTED_EDGE ( 'NONE', *, *, #583, .T. ) ;
#497 = PRESENTATION_LAYER_ASSIGNMENT (  '', '', ( #287 ) ) ;
#498 = ORIENTED_EDGE ( 'NONE', *, *, #760, .F. ) ;
#499 = DIRECTION ( 'NONE',  ( 0.000000000000000000, 0.000000000000000000, -1.000000000000000000 ) ) ;
#500 = SURFACE_SIDE_STYLE ('',( #1614 ) ) ;
#501 = CARTESIAN_POINT ( 'NONE',  ( 0.4749999999999999778, -0.1449999999999999900, 0.2500000000000000000 ) ) ;
#503 = EDGE_CURVE ( 'NONE', #1740, #354, #78, .T. ) ;
#502 = CARTESIAN_POINT ( 'NONE',  ( -0.4749999999999999778, -0.1449999999999999900, 0.2500000000000000000 ) ) ;
#504 = SURFACE_SIDE_STYLE ('',( #435 ) ) ;
#505 = SURFACE_STYLE_USAGE ( .BOTH. , #378 ) ;
#506 = MECHANICAL_DESIGN_GEOMETRIC_PRESENTATION_REPRESENTATION (  '', ( #473 ), #1148 ) ;
#507 = EDGE_CURVE ( 'NONE', #927, #1765, #1563, .T. ) ;
#508 = MECHANICAL_DESIGN_GEOMETRIC_PRESENTATION_REPRESENTATION (  '', ( #457 ), #584 ) ;
#509 = SURFACE_STYLE_FILL_AREA ( #1383 ) ;
#510 = SURFACE_SIDE_STYLE ('',( #1787 ) ) ;
#511 = DIRECTION ( 'NONE',  ( 1.000000000000000000, -0.000000000000000000, -0.000000000000000000 ) ) ;
#512 = DIRECTION ( 'NONE',  ( 0.000000000000000000, 1.000000000000000000, -0.000000000000000000 ) ) ;
#513 = LINE ( 'NONE', #685, #1069 ) ;
#514 = SURFACE_STYLE_FILL_AREA ( #491 ) ;
#515 = EDGE_LOOP ( 'NONE', ( #1096, #1654, #737, #1380 ) ) ;
#516 =( NAMED_UNIT ( * ) SI_UNIT ( $, .STERADIAN. ) SOLID_ANGLE_UNIT ( ) );
#517 = EDGE_LOOP ( 'NONE', ( #244, #1338, #334, #1600 ) ) ;
#518 = STYLED_ITEM ( 'NONE', ( #1622 ), #1618 ) ;
#519 = FACE_OUTER_BOUND ( 'NONE', #1318, .T. ) ;
#520 = ORIENTED_EDGE ( 'NONE', *, *, #1324, .F. ) ;
#521 = EDGE_CURVE ( 'NONE', #1427, #1236, #1512, .T. ) ;
#522 = DIRECTION ( 'NONE',  ( 1.000000000000000000, 0.000000000000000000, 0.000000000000000000 ) ) ;
#523 = FILL_AREA_STYLE_COLOUR ( '', #1594 ) ;
#524 = FACE_OUTER_BOUND ( 'NONE', #903, .T. ) ;
#525 = AXIS2_PLACEMENT_3D ( 'NONE', #1473, #1218, #1199 ) ;
#526 = ORIENTED_EDGE ( 'NONE', *, *, #319, .F. ) ;
#527 = COLOUR_RGB ( '',0.7529411764705882248, 0.7529411764705882248, 0.7529411764705882248 ) ;
#528 = SURFACE_STYLE_USAGE ( .BOTH. , #1657 ) ;
#529 = DIRECTION ( 'NONE',  ( -0.000000000000000000, -0.000000000000000000, -1.000000000000000000 ) ) ;
#530 = FILL_AREA_STYLE ('',( #123 ) ) ;
#531 = SURFACE_STYLE_USAGE ( .BOTH. , #698 ) ;
#532 = DIRECTION ( 'NONE',  ( -0.000000000000000000, -0.000000000000000000, -1.000000000000000000 ) ) ;
#533 = UNCERTAINTY_MEASURE_WITH_UNIT (LENGTH_MEASURE( 1.000000000000000082E-05 ), #660, 'distance_accuracy_value', 'NONE');
#534 = CARTESIAN_POINT ( 'NONE',  ( 0.5000000000000000000, -0.1700000000000000122, 0.2500000000000000000 ) ) ;
#535 = CARTESIAN_POINT ( 'NONE',  ( 0.3749999999999996669, 0.1449999999999998790, 0.1750000000000000167 ) ) ;
#536 = COLOUR_RGB ( '',0.7529411764705882248, 0.7529411764705882248, 0.7529411764705882248 ) ;
#537 = SURFACE_STYLE_USAGE ( .BOTH. , #113 ) ;
#538 = FACE_OUTER_BOUND ( 'NONE', #1182, .T. ) ;
#539 =( GEOMETRIC_REPRESENTATION_CONTEXT ( 3 ) GLOBAL_UNCERTAINTY_ASSIGNED_CONTEXT ( ( #23 ) ) GLOBAL_UNIT_ASSIGNED_CONTEXT ( ( #1070, #1217, #804 ) ) REPRESENTATION_CONTEXT ( 'NONE', 'WORKASPACE' ) );
#540 = CARTESIAN_POINT ( 'NONE',  ( 0.000000000000000000, 0.1700000000000000122, 0.2500000000000000000 ) ) ;
#541 = VECTOR ( 'NONE', #1717, 1000.000000000000000 ) ;
#542 = VECTOR ( 'NONE', #550, 1000.000000000000114 ) ;
#543 = EDGE_CURVE ( 'NONE', #6, #1679, #1541, .T. ) ;
#544 = DIRECTION ( 'NONE',  ( -0.000000000000000000, -0.000000000000000000, 1.000000000000000000 ) ) ;
#545 =( NAMED_UNIT ( * ) SI_UNIT ( $, .STERADIAN. ) SOLID_ANGLE_UNIT ( ) );
#546 = EDGE_LOOP ( 'NONE', ( #110, #459, #1153, #1081 ) ) ;
#547 = VECTOR ( 'NONE', #1132, 1000.000000000000000 ) ;
#548 = ORIENTED_EDGE ( 'NONE', *, *, #210, .F. ) ;
#549 = EDGE_LOOP ( 'NONE', ( #1605, #955, #1011, #1128 ) ) ;
#550 = DIRECTION ( 'NONE',  ( 0.5773502691896318373, 0.5773502691896256200, -0.5773502691896198469 ) ) ;
#551 = MECHANICAL_DESIGN_GEOMETRIC_PRESENTATION_REPRESENTATION (  '', ( #439 ), #721 ) ;
#552 = VECTOR ( 'NONE', #1342, 1000.000000000000000 ) ;
#553 = CARTESIAN_POINT ( 'NONE',  ( 0.000000000000000000, 0.1700000000000000122, -0.2500000000000000000 ) ) ;
#554 = DIRECTION ( 'NONE',  ( 0.000000000000000000, 0.000000000000000000, 1.000000000000000000 ) ) ;
#555 =( GEOMETRIC_REPRESENTATION_CONTEXT ( 3 ) GLOBAL_UNCERTAINTY_ASSIGNED_CONTEXT ( ( #204 ) ) GLOBAL_UNIT_ASSIGNED_CONTEXT ( ( #676, #1805, #1089 ) ) REPRESENTATION_CONTEXT ( 'NONE', 'WORKASPACE' ) );
#556 = EDGE_CURVE ( 'NONE', #720, #20, #492, .T. ) ;
#557 =( NAMED_UNIT ( * ) SI_UNIT ( $, .STERADIAN. ) SOLID_ANGLE_UNIT ( ) );
#558 = CARTESIAN_POINT ( 'NONE',  ( 0.2999999999999999889, 0.1449999999999998790, -0.1750000000000000167 ) ) ;
#559 = CARTESIAN_POINT ( 'NONE',  ( 0.000000000000000000, 0.1449999999999999900, 0.2500000000000000000 ) ) ;
#560 = UNCERTAINTY_MEASURE_WITH_UNIT (LENGTH_MEASURE( 1.000000000000000082E-05 ), #887, 'distance_accuracy_value', 'NONE');
#561 = CARTESIAN_POINT ( 'NONE',  ( -0.3749999999999995559, 0.1699999999999999845, -0.1750000000000000167 ) ) ;
#562 = LINE ( 'NONE', #566, #631 ) ;
#563 = EDGE_CURVE ( 'NONE', #1490, #1659, #186, .T. ) ;
#564 =( GEOMETRIC_REPRESENTATION_CONTEXT ( 3 ) GLOBAL_UNCERTAINTY_ASSIGNED_CONTEXT ( ( #1004 ) ) GLOBAL_UNIT_ASSIGNED_CONTEXT ( ( #1156, #314, #1730 ) ) REPRESENTATION_CONTEXT ( 'NONE', 'WORKASPACE' ) );
#565 = AXIS2_PLACEMENT_3D ( 'NONE', #1249, #1108, #969 ) ;
#566 = CARTESIAN_POINT ( 'NONE',  ( -0.2649999999999996247, 0.1799999999999999933, -0.2099999999999992983 ) ) ;
#567 = VECTOR ( 'NONE', #757, 1000.000000000000000 ) ;
#568 = PRESENTATION_STYLE_ASSIGNMENT (( #1049 ) ) ;
#569 = VERTEX_POINT ( 'NONE', #485 ) ;
#570 = ORIENTED_EDGE ( 'NONE', *, *, #507, .F. ) ;
#571 = PLANE ( 'NONE',  #701 ) ;
#572 = LINE ( 'NONE', #579, #47 ) ;
#573 = ORIENTED_EDGE ( 'NONE', *, *, #503, .T. ) ;
#574 = CARTESIAN_POINT ( 'NONE',  ( 0.2999999999999999889, 0.1449999999999999900, 0.2500000000000000000 ) ) ;
#575 = PRESENTATION_STYLE_ASSIGNMENT (( #1209 ) ) ;
#576 = PRESENTATION_LAYER_ASSIGNMENT (  '', '', ( #473 ) ) ;
#577 = CARTESIAN_POINT ( 'NONE',  ( 0.2999999999999999889, -0.1449999999999999900, 0.2500000000000000000 ) ) ;
#578 = COLOUR_RGB ( '',0.7529411764705882248, 0.7529411764705882248, 0.7529411764705882248 ) ;
#579 = CARTESIAN_POINT ( 'NONE',  ( 0.3749999999999995559, 0.1699999999999998734, 0.1750000000000000167 ) ) ;
#580 = ADVANCED_FACE ( 'NONE', ( #3 ), #1071, .F. ) ;
#581 = PRESENTATION_LAYER_ASSIGNMENT (  '', '', ( #518 ) ) ;
#582 = CARTESIAN_POINT ( 'NONE',  ( 0.2999999999999999889, 0.1449999999999998790, -0.1750000000000000167 ) ) ;
#583 = EDGE_CURVE ( 'NONE', #241, #308, #1275, .T. ) ;
#584 =( GEOMETRIC_REPRESENTATION_CONTEXT ( 3 ) GLOBAL_UNCERTAINTY_ASSIGNED_CONTEXT ( ( #621 ) ) GLOBAL_UNIT_ASSIGNED_CONTEXT ( ( #878, #301, #1567 ) ) REPRESENTATION_CONTEXT ( 'NONE', 'WORKASPACE' ) );
#585 = DIRECTION ( 'NONE',  ( 0.000000000000000000, -1.000000000000000000, 0.000000000000000000 ) ) ;
#586 = ORIENTED_EDGE ( 'NONE', *, *, #700, .F. ) ;
#587 = CARTESIAN_POINT ( 'NONE',  ( -0.3749999999999996669, 0.1449999999999999900, -0.1750000000000000167 ) ) ;
#588 = ORIENTED_EDGE ( 'NONE', *, *, #397, .T. ) ;
#589 = SURFACE_STYLE_FILL_AREA ( #1336 ) ;
#590 = EDGE_LOOP ( 'NONE', ( #418, #899, #894, #643 ) ) ;
#591 = UNCERTAINTY_MEASURE_WITH_UNIT (LENGTH_MEASURE( 1.000000000000000082E-05 ), #1082, 'distance_accuracy_value', 'NONE');
#592 = SURFACE_STYLE_USAGE ( .BOTH. , #743 ) ;
#593 = DIRECTION ( 'NONE',  ( -0.000000000000000000, -0.000000000000000000, -1.000000000000000000 ) ) ;
#594 = ORIENTED_EDGE ( 'NONE', *, *, #336, .T. ) ;
#595 = SURFACE_STYLE_USAGE ( .BOTH. , #1708 ) ;
#596 = SURFACE_STYLE_USAGE ( .BOTH. , #481 ) ;
#597 = PRESENTATION_LAYER_ASSIGNMENT (  '', '', ( #1444 ) ) ;
#598 = SURFACE_SIDE_STYLE ('',( #388 ) ) ;
#599 = DIRECTION ( 'NONE',  ( 0.7071067811865513475, -0.7071067811865436870, -0.000000000000000000 ) ) ;
#600 = DIRECTION ( 'NONE',  ( 0.000000000000000000, -0.000000000000000000, 1.000000000000000000 ) ) ;
#601 = ADVANCED_FACE ( 'NONE', ( #1647 ), #920, .T. ) ;
#602 = EDGE_CURVE ( 'NONE', #802, #48, #209, .T. ) ;
#603 = DIRECTION ( 'NONE',  ( 0.000000000000000000, 0.000000000000000000, -1.000000000000000000 ) ) ;
#604 = FILL_AREA_STYLE_COLOUR ( '', #816 ) ;
#605 = SURFACE_STYLE_FILL_AREA ( #690 ) ;
#606 = ADVANCED_FACE ( 'NONE', ( #919 ), #1500, .F. ) ;
#607 = CARTESIAN_POINT ( 'NONE',  ( -0.2649999999999996247, 0.1799999999999999933, -0.2099999999999992983 ) ) ;
#608 = LINE ( 'NONE', #1477, #1711 ) ;
#609 = STYLED_ITEM ( 'NONE', ( #2 ), #222 ) ;
#610 = PRESENTATION_STYLE_ASSIGNMENT (( #537 ) ) ;
#611 = VECTOR ( 'NONE', #629, 1000.000000000000000 ) ;
#612 = ORIENTED_EDGE ( 'NONE', *, *, #1062, .T. ) ;
#613 = FILL_AREA_STYLE ('',( #1593 ) ) ;
#614 = EDGE_CURVE ( 'NONE', #365, #1300, #608, .T. ) ;
#615 = FACE_OUTER_BOUND ( 'NONE', #369, .T. ) ;
#616 =( NAMED_UNIT ( * ) SI_UNIT ( $, .STERADIAN. ) SOLID_ANGLE_UNIT ( ) );
#617 = ORIENTED_EDGE ( 'NONE', *, *, #1538, .F. ) ;
#618 = LINE ( 'NONE', #936, #1650 ) ;
#619 = LINE ( 'NONE', #155, #842 ) ;
#620 = ORIENTED_EDGE ( 'NONE', *, *, #840, .F. ) ;
#621 = UNCERTAINTY_MEASURE_WITH_UNIT (LENGTH_MEASURE( 1.000000000000000082E-05 ), #878, 'distance_accuracy_value', 'NONE');
#622 = LINE ( 'NONE', #1400, #153 ) ;
#623 = EDGE_LOOP ( 'NONE', ( #46, #1623, #1721, #776, #1568, #1510, #1121, #1792 ) ) ;
#624 = CARTESIAN_POINT ( 'NONE',  ( -0.3749999999999995559, 0.1699999999999999845, 0.1750000000000000167 ) ) ;
#625 = DIRECTION ( 'NONE',  ( 0.000000000000000000, -1.000000000000000000, 0.000000000000000000 ) ) ;
#626 = EDGE_CURVE ( 'NONE', #970, #1101, #835, .T. ) ;
#627 = EDGE_CURVE ( 'NONE', #107, #413, #1643, .T. ) ;
#628 =( GEOMETRIC_REPRESENTATION_CONTEXT ( 3 ) GLOBAL_UNCERTAINTY_ASSIGNED_CONTEXT ( ( #1578 ) ) GLOBAL_UNIT_ASSIGNED_CONTEXT ( ( #1767, #225, #91 ) ) REPRESENTATION_CONTEXT ( 'NONE', 'WORKASPACE' ) );
#629 = DIRECTION ( 'NONE',  ( -1.000000000000000000, -2.710505431213764536E-16, -0.000000000000000000 ) ) ;
#630 = FILL_AREA_STYLE ('',( #1310 ) ) ;
#631 = VECTOR ( 'NONE', #288, 1000.000000000000000 ) ;
#632 =( LENGTH_UNIT ( ) NAMED_UNIT ( * ) SI_UNIT ( .MILLI., .METRE. ) );
#633 = FACE_OUTER_BOUND ( 'NONE', #817, .T. ) ;
#634 = PRESENTATION_STYLE_ASSIGNMENT (( #1465 ) ) ;
#635 = PLANE ( 'NONE',  #1760 ) ;
#636 = SURFACE_STYLE_FILL_AREA ( #1807 ) ;
#637 = VECTOR ( 'NONE', #1530, 1000.000000000000000 ) ;
#638 = DIRECTION ( 'NONE',  ( -0.000000000000000000, 0.000000000000000000, 1.000000000000000000 ) ) ;
#639 = AXIS2_PLACEMENT_3D ( 'NONE', #335, #1438, #1426 ) ;
#640 = SURFACE_STYLE_FILL_AREA ( #947 ) ;
#641 = SURFACE_STYLE_FILL_AREA ( #1196 ) ;
#642 = ADVANCED_FACE ( 'NONE', ( #1227 ), #385, .T. ) ;
#643 = ORIENTED_EDGE ( 'NONE', *, *, #11, .T. ) ;
#644 = SURFACE_STYLE_USAGE ( .BOTH. , #1474 ) ;
#645 = ORIENTED_EDGE ( 'NONE', *, *, #322, .T. ) ;
#646 =( NAMED_UNIT ( * ) PLANE_ANGLE_UNIT ( ) SI_UNIT ( $, .RADIAN. ) );
#647 =( LENGTH_UNIT ( ) NAMED_UNIT ( * ) SI_UNIT ( .MILLI., .METRE. ) );
#648 = VECTOR ( 'NONE', #92, 1000.000000000000000 ) ;
#649 = VECTOR ( 'NONE', #1749, 1000.000000000000000 ) ;
#650 = CARTESIAN_POINT ( 'NONE',  ( -0.4749999999999999778, 0.1449999999999999900, -0.2500000000000000000 ) ) ;
#651 =( GEOMETRIC_REPRESENTATION_CONTEXT ( 3 ) GLOBAL_UNCERTAINTY_ASSIGNED_CONTEXT ( ( #1709 ) ) GLOBAL_UNIT_ASSIGNED_CONTEXT ( ( #1232, #812, #1087 ) ) REPRESENTATION_CONTEXT ( 'NONE', 'WORKASPACE' ) );
#652 = DIRECTION ( 'NONE',  ( -1.000000000000000000, 0.000000000000000000, 0.000000000000000000 ) ) ;
#653 = CARTESIAN_POINT ( 'NONE',  ( 0.000000000000000000, 0.1700000000000000122, 0.2500000000000000000 ) ) ;
#654 = EDGE_CURVE ( 'NONE', #1786, #107, #513, .T. ) ;
#655 = FILL_AREA_STYLE ('',( #1079 ) ) ;
#656 = FILL_AREA_STYLE_COLOUR ( '', #207 ) ;
#657 = VECTOR ( 'NONE', #1369, 1000.000000000000000 ) ;
#658 = ORIENTED_EDGE ( 'NONE', *, *, #556, .F. ) ;
#659 = CARTESIAN_POINT ( 'NONE',  ( -0.2649999999999996247, 0.1799999999999999933, 0.2500000000000000000 ) ) ;
#660 =( LENGTH_UNIT ( ) NAMED_UNIT ( * ) SI_UNIT ( .MILLI., .METRE. ) );
#661 = VERTEX_POINT ( 'NONE', #112 ) ;
#662 = DIRECTION ( 'NONE',  ( -4.336808689942020891E-15, -1.000000000000000000, -0.000000000000000000 ) ) ;
#663 =( GEOMETRIC_REPRESENTATION_CONTEXT ( 3 ) GLOBAL_UNCERTAINTY_ASSIGNED_CONTEXT ( ( #929 ) ) GLOBAL_UNIT_ASSIGNED_CONTEXT ( ( #1777, #793, #1212 ) ) REPRESENTATION_CONTEXT ( 'NONE', 'WORKASPACE' ) );
#664 = APPLICATION_CONTEXT ( 'automotive_design' ) ;
#665 = EDGE_LOOP ( 'NONE', ( #1748, #1451, #594, #458 ) ) ;
#666 = PRESENTATION_STYLE_ASSIGNMENT (( #318 ) ) ;
#667 = AXIS2_PLACEMENT_3D ( 'NONE', #671, #359, #1632 ) ;
#668 = VECTOR ( 'NONE', #1569, 1000.000000000000000 ) ;
#669 = ORIENTED_EDGE ( 'NONE', *, *, #290, .T. ) ;
#670 = DIRECTION ( 'NONE',  ( -0.000000000000000000, -0.000000000000000000, -1.000000000000000000 ) ) ;
#671 = CARTESIAN_POINT ( 'NONE',  ( 0.3749999999999995559, 0.1699999999999998734, 0.1750000000000000167 ) ) ;
#672 = ORIENTED_EDGE ( 'NONE', *, *, #893, .F. ) ;
#673 = SURFACE_SIDE_STYLE ('',( #1511 ) ) ;
#674 = LINE ( 'NONE', #467, #1728 ) ;
#675 = CARTESIAN_POINT ( 'NONE',  ( 0.000000000000000000, 0.000000000000000000, 0.000000000000000000 ) ) ;
#676 =( LENGTH_UNIT ( ) NAMED_UNIT ( * ) SI_UNIT ( .MILLI., .METRE. ) );
#677 = SURFACE_STYLE_USAGE ( .BOTH. , #510 ) ;
#678 = CARTESIAN_POINT ( 'NONE',  ( -0.3749999999999996669, 0.1449999999999999900, 0.1750000000000000167 ) ) ;
#679 = PLANE ( 'NONE',  #959 ) ;
#680 = AXIS2_PLACEMENT_3D ( 'NONE', #1798, #695, #1387 ) ;
#681 = SURFACE_STYLE_USAGE ( .BOTH. , #1514 ) ;
#682 = LINE ( 'NONE', #1248, #890 ) ;
#683 = UNCERTAINTY_MEASURE_WITH_UNIT (LENGTH_MEASURE( 1.000000000000000082E-05 ), #830, 'distance_accuracy_value', 'NONE');
#684 = CARTESIAN_POINT ( 'NONE',  ( -0.3749999999999996114, 0.1449999999999999900, -0.2500000000000000000 ) ) ;
#685 = CARTESIAN_POINT ( 'NONE',  ( -0.4749999999999999778, 0.1449999999999999900, 0.2500000000000000000 ) ) ;
#686 = PLANE ( 'NONE',  #1782 ) ;
#687 = PRESENTATION_STYLE_ASSIGNMENT (( #1456 ) ) ;
#688 = LINE ( 'NONE', #1608, #124 ) ;
#689 = CARTESIAN_POINT ( 'NONE',  ( 0.2749999999999996891, 0.1699999999999999012, -0.1750000000000000167 ) ) ;
#690 = FILL_AREA_STYLE ('',( #523 ) ) ;
#691 = ORIENTED_EDGE ( 'NONE', *, *, #1752, .F. ) ;
#692 = CARTESIAN_POINT ( 'NONE',  ( -0.2999999999999999889, -0.1700000000000000122, -0.2500000000000000000 ) ) ;
#693 = SURFACE_SIDE_STYLE ('',( #636 ) ) ;
#694 = PRESENTATION_STYLE_ASSIGNMENT (( #781 ) ) ;
#695 = DIRECTION ( 'NONE',  ( 1.000000000000000000, 0.000000000000000000, -0.000000000000000000 ) ) ;
#696 = AXIS2_PLACEMENT_3D ( 'NONE', #675, #954, #100 ) ;
#697 = ORIENTED_EDGE ( 'NONE', *, *, #1491, .T. ) ;
#698 = SURFACE_SIDE_STYLE ('',( #1040 ) ) ;
#699 = FILL_AREA_STYLE_COLOUR ( '', #536 ) ;
#700 = EDGE_CURVE ( 'NONE', #386, #242, #711, .T. ) ;
#701 = AXIS2_PLACEMENT_3D ( 'NONE', #1609, #1449, #1026 ) ;
#702 = VERTEX_POINT ( 'NONE', #1379 ) ;
#703 = PRESENTATION_STYLE_ASSIGNMENT (( #644 ) ) ;
#704 = CARTESIAN_POINT ( 'NONE',  ( -0.000000000000000000, -0.1700000000000000122, -0.2500000000000000000 ) ) ;
#705 = DIRECTION ( 'NONE',  ( 1.000000000000000000, 0.000000000000000000, -0.000000000000000000 ) ) ;
#706 = LINE ( 'NONE', #987, #323 ) ;
#707 = MECHANICAL_DESIGN_GEOMETRIC_PRESENTATION_REPRESENTATION (  '', ( #1636 ), #125 ) ;
#708 = CARTESIAN_POINT ( 'NONE',  ( -0.3749999999999995559, 0.1700000000000000122, 0.2500000000000000000 ) ) ;
#709 = DIRECTION ( 'NONE',  ( 1.000000000000000000, 0.000000000000000000, 0.000000000000000000 ) ) ;
#710 = EDGE_CURVE ( 'NONE', #953, #437, #1117, .T. ) ;
#711 = LINE ( 'NONE', #678, #327 ) ;
#712 = CARTESIAN_POINT ( 'NONE',  ( -0.3749999999999996669, 0.1449999999999999900, 0.1750000000000000167 ) ) ;
#713 = EDGE_CURVE ( 'NONE', #1765, #1715, #891, .T. ) ;
#714 = EDGE_LOOP ( 'NONE', ( #979, #1463, #993, #1173 ) ) ;
#715 = DIRECTION ( 'NONE',  ( -1.000000000000000000, 2.710505431213764536E-16, 0.000000000000000000 ) ) ;
#716 = CARTESIAN_POINT ( 'NONE',  ( 0.4749999999999999778, 0.1449999999999999900, 0.2500000000000000000 ) ) ;
#717 = ORIENTED_EDGE ( 'NONE', *, *, #507, .T. ) ;
#718 = FACE_OUTER_BOUND ( 'NONE', #1405, .T. ) ;
#719 = VECTOR ( 'NONE', #302, 1000.000000000000000 ) ;
#720 = VERTEX_POINT ( 'NONE', #1090 ) ;
#721 =( GEOMETRIC_REPRESENTATION_CONTEXT ( 3 ) GLOBAL_UNCERTAINTY_ASSIGNED_CONTEXT ( ( #683 ) ) GLOBAL_UNIT_ASSIGNED_CONTEXT ( ( #830, #1518, #1091 ) ) REPRESENTATION_CONTEXT ( 'NONE', 'WORKASPACE' ) );
#722 = VECTOR ( 'NONE', #1543, 1000.000000000000000 ) ;
#723 = VERTEX_POINT ( 'NONE', #1529 ) ;
#724 = DIRECTION ( 'NONE',  ( -1.000000000000000000, 4.336808689942020891E-15, 0.000000000000000000 ) ) ;
#725 = FILL_AREA_STYLE_COLOUR ( '', #94 ) ;
#726 = EDGE_CURVE ( 'NONE', #1143, #1484, #233, .T. ) ;
#727 = AXIS2_PLACEMENT_3D ( 'NONE', #403, #1394, #705 ) ;
#728 = CARTESIAN_POINT ( 'NONE',  ( -0.4749999999999999778, 0.1449999999999999900, 0.2500000000000000000 ) ) ;
#729 = DIRECTION ( 'NONE',  ( 1.000000000000000000, 0.000000000000000000, 0.000000000000000000 ) ) ;
#730 = MECHANICAL_DESIGN_GEOMETRIC_PRESENTATION_REPRESENTATION (  '', ( #1037 ), #564 ) ;
#731 = EDGE_CURVE ( 'NONE', #1470, #927, #1738, .T. ) ;
#732 = ORIENTED_EDGE ( 'NONE', *, *, #267, .F. ) ;
#733 = LINE ( 'NONE', #1652, #1445 ) ;
#734 = ORIENTED_EDGE ( 'NONE', *, *, #1062, .F. ) ;
#735 = CARTESIAN_POINT ( 'NONE',  ( 0.2033333333333317006, 0.2416666666666672514, 0.1483333333333330672 ) ) ;
#736 = COLOUR_RGB ( '',0.2509803921568627416, 0.2509803921568627416, 0.2509803921568627416 ) ;
#737 = ORIENTED_EDGE ( 'NONE', *, *, #840, .T. ) ;
#738 = LINE ( 'NONE', #1673, #1240 ) ;
#739 = ORIENTED_EDGE ( 'NONE', *, *, #1214, .F. ) ;
#740 = PRESENTATION_STYLE_ASSIGNMENT (( #52 ) ) ;
#741 = STYLED_ITEM ( 'NONE', ( #854 ), #156 ) ;
#742 = MANIFOLD_SOLID_BREP ( 'Mirror1[2]', #348 ) ;
#743 = SURFACE_SIDE_STYLE ('',( #1691 ) ) ;
#744 = SURFACE_STYLE_FILL_AREA ( #630 ) ;
#745 = SURFACE_STYLE_USAGE ( .BOTH. , #324 ) ;
#746 = ADVANCED_FACE ( 'NONE', ( #1779 ), #1330, .T. ) ;
#747 = EDGE_CURVE ( 'NONE', #1586, #1718, #428, .T. ) ;
#748 = DIRECTION ( 'NONE',  ( 0.7071067811865513475, 0.7071067811865436870, 0.000000000000000000 ) ) ;
#749 = DIRECTION ( 'NONE',  ( 0.000000000000000000, 0.000000000000000000, -1.000000000000000000 ) ) ;
#750 = PRESENTATION_LAYER_ASSIGNMENT (  '', '', ( #770 ) ) ;
#751 = VECTOR ( 'NONE', #593, 1000.000000000000000 ) ;
#752 = MECHANICAL_DESIGN_GEOMETRIC_PRESENTATION_REPRESENTATION (  '', ( #1493 ), #1024 ) ;
#753 = ORIENTED_EDGE ( 'NONE', *, *, #1317, .F. ) ;
#754 = FILL_AREA_STYLE ('',( #1589 ) ) ;
#755 = VECTOR ( 'NONE', #77, 1000.000000000000000 ) ;
#756 = ORIENTED_EDGE ( 'NONE', *, *, #370, .T. ) ;
#757 = DIRECTION ( 'NONE',  ( 0.000000000000000000, -1.000000000000000000, 0.000000000000000000 ) ) ;
#758 = ORIENTED_EDGE ( 'NONE', *, *, #909, .F. ) ;
#759 = FILL_AREA_STYLE ('',( #1043 ) ) ;
#760 = EDGE_CURVE ( 'NONE', #1236, #1443, #1092, .T. ) ;
#761 = AXIS2_PLACEMENT_3D ( 'NONE', #159, #443, #1047 ) ;
#762 = ADVANCED_FACE ( 'NONE', ( #1009 ), #787, .F. ) ;
#763 = MANIFOLD_SOLID_BREP ( 'Chamfer1', #1698 ) ;
#764 = MECHANICAL_DESIGN_GEOMETRIC_PRESENTATION_REPRESENTATION (  '', ( #910 ), #1773 ) ;
#765 = ADVANCED_FACE ( 'NONE', ( #1291 ), #906, .T. ) ;
#766 = CARTESIAN_POINT ( 'NONE',  ( 0.2224999999999983658, 0.2225000000000007805, 0.2500000000000000000 ) ) ;
#767 =( NAMED_UNIT ( * ) PLANE_ANGLE_UNIT ( ) SI_UNIT ( $, .RADIAN. ) );
#768 = DIRECTION ( 'NONE',  ( 0.7071067811865513475, 0.7071067811865436870, 0.000000000000000000 ) ) ;
#769 = ORIENTED_EDGE ( 'NONE', *, *, #1491, .F. ) ;
#770 = STYLED_ITEM ( 'NONE', ( #610 ), #315 ) ;
#771 = PRESENTATION_STYLE_ASSIGNMENT (( #1230 ) ) ;
#772 = ORIENTED_EDGE ( 'NONE', *, *, #87, .T. ) ;
#773 = CARTESIAN_POINT ( 'NONE',  ( -0.000000000000000000, 0.1449999999999999900, -0.2500000000000000000 ) ) ;
#774 = VECTOR ( 'NONE', #603, 1000.000000000000000 ) ;
#775 = VECTOR ( 'NONE', #846, 1000.000000000000000 ) ;
#776 = ORIENTED_EDGE ( 'NONE', *, *, #961, .F. ) ;
#777 = COLOUR_RGB ( '',0.7529411764705882248, 0.7529411764705882248, 0.7529411764705882248 ) ;
#778 = ORIENTED_EDGE ( 'NONE', *, *, #1392, .F. ) ;
#779 = DIRECTION ( 'NONE',  ( 1.000000000000000000, 0.000000000000000000, 0.000000000000000000 ) ) ;
#780 = STYLED_ITEM ( 'NONE', ( #337 ), #1576 ) ;
#781 = SURFACE_STYLE_USAGE ( .BOTH. , #449 ) ;
#782 =( NAMED_UNIT ( * ) SI_UNIT ( $, .STERADIAN. ) SOLID_ANGLE_UNIT ( ) );
#783 = STYLED_ITEM ( 'NONE', ( #224 ), #1027 ) ;
#784 = FILL_AREA_STYLE_COLOUR ( '', #470 ) ;
#785 = DIRECTION ( 'NONE',  ( 1.000000000000000000, 0.000000000000000000, -0.000000000000000000 ) ) ;
#786 = PLANE ( 'NONE',  #761 ) ;
#787 = PLANE ( 'NONE',  #1700 ) ;
#788 =( NAMED_UNIT ( * ) PLANE_ANGLE_UNIT ( ) SI_UNIT ( $, .RADIAN. ) );
#789 = SURFACE_STYLE_USAGE ( .BOTH. , #1797 ) ;
#790 = UNCERTAINTY_MEASURE_WITH_UNIT (LENGTH_MEASURE( 1.000000000000000082E-05 ), #1033, 'distance_accuracy_value', 'NONE');
#791 = DIRECTION ( 'NONE',  ( -0.000000000000000000, 0.000000000000000000, -1.000000000000000000 ) ) ;
#792 = FACE_OUTER_BOUND ( 'NONE', #1350, .T. ) ;
#793 =( NAMED_UNIT ( * ) PLANE_ANGLE_UNIT ( ) SI_UNIT ( $, .RADIAN. ) );
#794 = SURFACE_SIDE_STYLE ('',( #19 ) ) ;
#795 = ORIENTED_EDGE ( 'NONE', *, *, #1215, .T. ) ;
#796 = MECHANICAL_DESIGN_GEOMETRIC_PRESENTATION_REPRESENTATION (  '', ( #1444 ), #7 ) ;
#797 = PRESENTATION_STYLE_ASSIGNMENT (( #677 ) ) ;
#798 = UNCERTAINTY_MEASURE_WITH_UNIT (LENGTH_MEASURE( 1.000000000000000082E-05 ), #1303, 'distance_accuracy_value', 'NONE');
#799 = FILL_AREA_STYLE_COLOUR ( '', #450 ) ;
#800 = EDGE_LOOP ( 'NONE', ( #1795, #1819, #1258, #1264 ) ) ;
#801 = DIRECTION ( 'NONE',  ( 0.7071067811865436870, -0.7071067811865513475, 0.000000000000000000 ) ) ;
#802 = VERTEX_POINT ( 'NONE', #1225 ) ;
#803 = LINE ( 'NONE', #340, #649 ) ;
#804 =( NAMED_UNIT ( * ) SI_UNIT ( $, .STERADIAN. ) SOLID_ANGLE_UNIT ( ) );
#805 =( NAMED_UNIT ( * ) SI_UNIT ( $, .STERADIAN. ) SOLID_ANGLE_UNIT ( ) );
#806 = FILL_AREA_STYLE_COLOUR ( '', #1243 ) ;
#807 = AXIS2_PLACEMENT_3D ( 'NONE', #1176, #1725, #441 ) ;
#808 = EDGE_CURVE ( 'NONE', #393, #661, #203, .T. ) ;
#809 =( GEOMETRIC_REPRESENTATION_CONTEXT ( 3 ) GLOBAL_UNCERTAINTY_ASSIGNED_CONTEXT ( ( #790 ) ) GLOBAL_UNIT_ASSIGNED_CONTEXT ( ( #1033, #189, #1181 ) ) REPRESENTATION_CONTEXT ( 'NONE', 'WORKASPACE' ) );
#810 = DIRECTION ( 'NONE',  ( -0.000000000000000000, -0.000000000000000000, -1.000000000000000000 ) ) ;
#811 = DIRECTION ( 'NONE',  ( -1.000000000000000000, -0.000000000000000000, -0.000000000000000000 ) ) ;
#812 =( NAMED_UNIT ( * ) PLANE_ANGLE_UNIT ( ) SI_UNIT ( $, .RADIAN. ) );
#813 = DIRECTION ( 'NONE',  ( -4.336808689942020891E-15, 1.000000000000000000, -0.000000000000000000 ) ) ;
#814 = UNCERTAINTY_MEASURE_WITH_UNIT (LENGTH_MEASURE( 1.000000000000000082E-05 ), #1720, 'distance_accuracy_value', 'NONE');
#815 = LINE ( 'NONE', #461, #567 ) ;
#816 = COLOUR_RGB ( '',0.7921568627450980005, 0.8196078431372548767, 0.9333333333333333481 ) ;
#817 = EDGE_LOOP ( 'NONE', ( #1551, #1010, #691, #930 ) ) ;
#818 =( NAMED_UNIT ( * ) SI_UNIT ( $, .STERADIAN. ) SOLID_ANGLE_UNIT ( ) );
#819 = MECHANICAL_DESIGN_GEOMETRIC_PRESENTATION_REPRESENTATION (  '', ( #398 ), #1799 ) ;
#820 = EDGE_CURVE ( 'NONE', #1300, #1322, #682, .T. ) ;
#821 = COLOUR_RGB ( '',0.7921568627450980005, 0.8196078431372548767, 0.9333333333333333481 ) ;
#822 = CARTESIAN_POINT ( 'NONE',  ( -0.2999999999999999889, 0.000000000000000000, 0.2500000000000000000 ) ) ;
#823 = STYLED_ITEM ( 'NONE', ( #1404 ), #454 ) ;
#824 = COLOUR_RGB ( '',0.7529411764705882248, 0.7529411764705882248, 0.7529411764705882248 ) ;
#825 = ORIENTED_EDGE ( 'NONE', *, *, #1526, .T. ) ;
#826 = SURFACE_SIDE_STYLE ('',( #1233 ) ) ;
#827 = DIRECTION ( 'NONE',  ( -1.000000000000000000, 0.000000000000000000, 0.000000000000000000 ) ) ;
#828 = ORIENTED_EDGE ( 'NONE', *, *, #1726, .F. ) ;
#829 = CARTESIAN_POINT ( 'NONE',  ( 0.4749999999999999778, 0.1449999999999999900, 0.2500000000000000000 ) ) ;
#830 =( LENGTH_UNIT ( ) NAMED_UNIT ( * ) SI_UNIT ( .MILLI., .METRE. ) );
#831 = PRESENTATION_LAYER_ASSIGNMENT (  '', '', ( #249 ) ) ;
#832 =( LENGTH_UNIT ( ) NAMED_UNIT ( * ) SI_UNIT ( .MILLI., .METRE. ) );
#833 = FILL_AREA_STYLE ('',( #1556 ) ) ;
#834 = FILL_AREA_STYLE_COLOUR ( '', #1783 ) ;
#835 = LINE ( 'NONE', #937, #1163 ) ;
#836 = PLANE ( 'NONE',  #1615 ) ;
#837 = CARTESIAN_POINT ( 'NONE',  ( 0.000000000000000000, 0.000000000000000000, -0.2500000000000000000 ) ) ;
#838 =( GEOMETRIC_REPRESENTATION_CONTEXT ( 3 ) GLOBAL_UNCERTAINTY_ASSIGNED_CONTEXT ( ( #1051 ) ) GLOBAL_UNIT_ASSIGNED_CONTEXT ( ( #971, #256, #818 ) ) REPRESENTATION_CONTEXT ( 'NONE', 'WORKASPACE' ) );
#839 = ORIENTED_EDGE ( 'NONE', *, *, #1133, .T. ) ;
#840 = EDGE_CURVE ( 'NONE', #48, #720, #1705, .T. ) ;
#841 = CARTESIAN_POINT ( 'NONE',  ( -0.2999999999999999889, 0.1449999999999999900, -0.2449999999999996625 ) ) ;
#842 = VECTOR ( 'NONE', #1151, 1000.000000000000000 ) ;
#843 = STYLED_ITEM ( 'NONE', ( #1197 ), #869 ) ;
#844 = ORIENTED_EDGE ( 'NONE', *, *, #871, .F. ) ;
#845 = LINE ( 'NONE', #607, #1083 ) ;
#846 = DIRECTION ( 'NONE',  ( 0.000000000000000000, 0.000000000000000000, -1.000000000000000000 ) ) ;
#847 = EDGE_CURVE ( 'NONE', #219, #1759, #938, .T. ) ;
#848 = MECHANICAL_DESIGN_GEOMETRIC_PRESENTATION_REPRESENTATION (  '', ( #287 ), #555 ) ;
#849 =( NAMED_UNIT ( * ) SI_UNIT ( $, .STERADIAN. ) SOLID_ANGLE_UNIT ( ) );
#850 = FACE_OUTER_BOUND ( 'NONE', #665, .T. ) ;
#851 = SURFACE_STYLE_USAGE ( .BOTH. , #1695 ) ;
#852 = ADVANCED_FACE ( 'NONE', ( #538 ), #1374, .T. ) ;
#853 = EDGE_LOOP ( 'NONE', ( #1564, #795, #856, #313, #1205, #1039, #496, #351 ) ) ;
#854 = PRESENTATION_STYLE_ASSIGNMENT (( #111 ) ) ;
#855 = CARTESIAN_POINT ( 'NONE',  ( -0.3749999999999995559, 0.1699999999999999845, -0.1750000000000000167 ) ) ;
#856 = ORIENTED_EDGE ( 'NONE', *, *, #820, .F. ) ;
#857 = PRESENTATION_LAYER_ASSIGNMENT (  '', '', ( #1610 ) ) ;
#858 = VECTOR ( 'NONE', #1523, 1000.000000000000000 ) ;
#859 = ORIENTED_EDGE ( 'NONE', *, *, #1686, .F. ) ;
#860 = EDGE_CURVE ( 'NONE', #927, #1282, #1271, .T. ) ;
#861 = COLOUR_RGB ( '',1.000000000000000000, 1.000000000000000000, 1.000000000000000000 ) ;
#862 = DIRECTION ( 'NONE',  ( -0.000000000000000000, 0.000000000000000000, 1.000000000000000000 ) ) ;
#863 = UNCERTAINTY_MEASURE_WITH_UNIT (LENGTH_MEASURE( 1.000000000000000082E-05 ), #14, 'distance_accuracy_value', 'NONE');
#864 = CARTESIAN_POINT ( 'NONE',  ( -0.2999999999999999889, -0.1449999999999999900, 0.2500000000000000000 ) ) ;
#865 =( NAMED_UNIT ( * ) SI_UNIT ( $, .STERADIAN. ) SOLID_ANGLE_UNIT ( ) );
#866 = CARTESIAN_POINT ( 'NONE',  ( -0.4749999999999999778, -0.1449999999999999900, 0.2500000000000000000 ) ) ;
#867 = PRODUCT_RELATED_PRODUCT_CATEGORY ( 'part', '', ( #1683 ) ) ;
#868 = MECHANICAL_DESIGN_GEOMETRIC_PRESENTATION_REPRESENTATION (  '', ( #518 ), #1250 ) ;
#869 = ADVANCED_FACE ( 'NONE', ( #633 ), #1532, .F. ) ;
#870 = DIRECTION ( 'NONE',  ( -4.336808689942020891E-15, -1.000000000000000000, 0.000000000000000000 ) ) ;
#871 = EDGE_CURVE ( 'NONE', #1101, #1298, #964, .T. ) ;
#872 = MECHANICAL_DESIGN_GEOMETRIC_PRESENTATION_REPRESENTATION (  '', ( #1309 ), #422 ) ;
#873 = SURFACE_STYLE_FILL_AREA ( #240 ) ;
#874 =( NAMED_UNIT ( * ) PLANE_ANGLE_UNIT ( ) SI_UNIT ( $, .RADIAN. ) );
#875 = FACE_OUTER_BOUND ( 'NONE', #291, .T. ) ;
#876 =( NAMED_UNIT ( * ) SI_UNIT ( $, .STERADIAN. ) SOLID_ANGLE_UNIT ( ) );
#877 = DIRECTION ( 'NONE',  ( -0.000000000000000000, -0.000000000000000000, -1.000000000000000000 ) ) ;
#878 =( LENGTH_UNIT ( ) NAMED_UNIT ( * ) SI_UNIT ( .MILLI., .METRE. ) );
#879 = ORIENTED_EDGE ( 'NONE', *, *, #1596, .T. ) ;
#880 = ADVANCED_FACE ( 'NONE', ( #850 ), #1390, .T. ) ;
#881 = ORIENTED_EDGE ( 'NONE', *, *, #1669, .T. ) ;
#882 = VECTOR ( 'NONE', #625, 1000.000000000000000 ) ;
#883 = AXIS2_PLACEMENT_3D ( 'NONE', #892, #55, #1447 ) ;
#884 = CARTESIAN_POINT ( 'NONE',  ( 0.000000000000000000, -0.1700000000000000122, 0.2500000000000000000 ) ) ;
#885 =( NAMED_UNIT ( * ) PLANE_ANGLE_UNIT ( ) SI_UNIT ( $, .RADIAN. ) );
#886 = UNCERTAINTY_MEASURE_WITH_UNIT (LENGTH_MEASURE( 1.000000000000000082E-05 ), #1019, 'distance_accuracy_value', 'NONE');
#887 =( LENGTH_UNIT ( ) NAMED_UNIT ( * ) SI_UNIT ( .MILLI., .METRE. ) );
#888 = SURFACE_SIDE_STYLE ('',( #932 ) ) ;
#889 = VECTOR ( 'NONE', #554, 1000.000000000000000 ) ;
#890 = VECTOR ( 'NONE', #532, 1000.000000000000000 ) ;
#891 = LINE ( 'NONE', #1507, #1349 ) ;
#892 = CARTESIAN_POINT ( 'NONE',  ( 0.3749999999999995559, 0.1699999999999998734, -0.1750000000000000167 ) ) ;
#893 = EDGE_CURVE ( 'NONE', #437, #970, #562, .T. ) ;
#894 = ORIENTED_EDGE ( 'NONE', *, *, #1824, .T. ) ;
#895 = PRESENTATION_LAYER_ASSIGNMENT (  '', '', ( #1125 ) ) ;
#896 = SURFACE_STYLE_FILL_AREA ( #1649 ) ;
#897 = LINE ( 'NONE', #1031, #611 ) ;
#898 = ORIENTED_EDGE ( 'NONE', *, *, #909, .T. ) ;
#899 = ORIENTED_EDGE ( 'NONE', *, *, #122, .F. ) ;
#900 = SURFACE_STYLE_FILL_AREA ( #1012 ) ;
#901 = VECTOR ( 'NONE', #877, 1000.000000000000000 ) ;
#902 = ORIENTED_EDGE ( 'NONE', *, *, #583, .F. ) ;
#903 = EDGE_LOOP ( 'NONE', ( #1406, #1525, #1454, #1357 ) ) ;
#904 = EDGE_CURVE ( 'NONE', #1816, #413, #181, .T. ) ;
#905 = PRESENTATION_LAYER_ASSIGNMENT (  '', '', ( #780 ) ) ;
#906 = PLANE ( 'NONE',  #182 ) ;
#907 = LINE ( 'NONE', #356, #552 ) ;
#908 = EDGE_CURVE ( 'NONE', #802, #1169, #1417, .T. ) ;
#909 = EDGE_CURVE ( 'NONE', #219, #702, #706, .T. ) ;
#910 = STYLED_ITEM ( 'NONE', ( #634 ), #762 ) ;
#911 = CARTESIAN_POINT ( 'NONE',  ( 0.000000000000000000, 0.1449999999999999900, 0.2500000000000000000 ) ) ;
#912 = FACE_OUTER_BOUND ( 'NONE', #9, .T. ) ;
#913 =( NAMED_UNIT ( * ) PLANE_ANGLE_UNIT ( ) SI_UNIT ( $, .RADIAN. ) );
#914 = SURFACE_STYLE_FILL_AREA ( #833 ) ;
#915 = CARTESIAN_POINT ( 'NONE',  ( -0.3749999999999995559, 0.1699999999999999845, -0.2500000000000000000 ) ) ;
#916 =( NAMED_UNIT ( * ) SI_UNIT ( $, .STERADIAN. ) SOLID_ANGLE_UNIT ( ) );
#917 = FILL_AREA_STYLE ('',( #1664 ) ) ;
#918 = PRESENTATION_LAYER_ASSIGNMENT (  '', '', ( #1007 ) ) ;
#919 = FACE_OUTER_BOUND ( 'NONE', #714, .T. ) ;
#920 = PLANE ( 'NONE',  #1198 ) ;
#921 = VECTOR ( 'NONE', #870, 1000.000000000000000 ) ;
#922 = UNCERTAINTY_MEASURE_WITH_UNIT (LENGTH_MEASURE( 1.000000000000000082E-05 ), #1662, 'distance_accuracy_value', 'NONE');
#923 = FILL_AREA_STYLE ('',( #1769 ) ) ;
#924 = LINE ( 'NONE', #102, #1485 ) ;
#925 = DIRECTION ( 'NONE',  ( 0.000000000000000000, -0.000000000000000000, -1.000000000000000000 ) ) ;
#926 = ADVANCED_FACE ( 'NONE', ( #140 ), #1131, .F. ) ;
#927 = VERTEX_POINT ( 'NONE', #1682 ) ;
#928 =( GEOMETRIC_REPRESENTATION_CONTEXT ( 3 ) GLOBAL_UNCERTAINTY_ASSIGNED_CONTEXT ( ( #474 ) ) GLOBAL_UNIT_ASSIGNED_CONTEXT ( ( #90, #788, #1482 ) ) REPRESENTATION_CONTEXT ( 'NONE', 'WORKASPACE' ) );
#929 = UNCERTAINTY_MEASURE_WITH_UNIT (LENGTH_MEASURE( 1.000000000000000082E-05 ), #1777, 'distance_accuracy_value', 'NONE');
#930 = ORIENTED_EDGE ( 'NONE', *, *, #1200, .F. ) ;
#931 = CARTESIAN_POINT ( 'NONE',  ( 0.000000000000000000, 0.1449999999999999900, 0.2500000000000000000 ) ) ;
#932 = SURFACE_STYLE_FILL_AREA ( #759 ) ;
#933 = DIRECTION ( 'NONE',  ( 0.000000000000000000, -0.000000000000000000, 1.000000000000000000 ) ) ;
#934 = FILL_AREA_STYLE ('',( #363 ) ) ;
#935 = MECHANICAL_DESIGN_GEOMETRIC_PRESENTATION_REPRESENTATION (  '', ( #1687 ), #809 ) ;
#936 = CARTESIAN_POINT ( 'NONE',  ( -0.2999999999999999889, -0.1700000000000000122, 0.2500000000000000000 ) ) ;
#937 = CARTESIAN_POINT ( 'NONE',  ( -0.2649999999999996247, 0.1449999999999999900, -0.2449999999999996625 ) ) ;
#938 = LINE ( 'NONE', #1785, #1372 ) ;
#939 = DIRECTION ( 'NONE',  ( 0.000000000000000000, -1.000000000000000000, 0.000000000000000000 ) ) ;
#940 = EDGE_CURVE ( 'NONE', #661, #101, #1461, .T. ) ;
#941 = CARTESIAN_POINT ( 'NONE',  ( 0.2999999999999999889, -0.1700000000000000122, 0.2500000000000000000 ) ) ;
#942 = SURFACE_STYLE_FILL_AREA ( #917 ) ;
#943 = AXIS2_PLACEMENT_3D ( 'NONE', #442, #585, #990 ) ;
#944 = VERTEX_POINT ( 'NONE', #281 ) ;
#945 = ORIENTED_EDGE ( 'NONE', *, *, #1478, .F. ) ;
#946 = UNCERTAINTY_MEASURE_WITH_UNIT (LENGTH_MEASURE( 1.000000000000000082E-05 ), #1498, 'distance_accuracy_value', 'NONE');
#947 = FILL_AREA_STYLE ('',( #1354 ) ) ;
#948 =( NAMED_UNIT ( * ) PLANE_ANGLE_UNIT ( ) SI_UNIT ( $, .RADIAN. ) );
#949 = ORIENTED_EDGE ( 'NONE', *, *, #336, .F. ) ;
#950 = LINE ( 'NONE', #1663, #1280 ) ;
#951 = CARTESIAN_POINT ( 'NONE',  ( 0.2999999999999999889, 0.1449999999999999900, 0.2500000000000000000 ) ) ;
#952 = LINE ( 'NONE', #866, #668 ) ;
#953 = VERTEX_POINT ( 'NONE', #1 ) ;
#954 = DIRECTION ( 'NONE',  ( 0.000000000000000000, 0.000000000000000000, 1.000000000000000000 ) ) ;
#955 = ORIENTED_EDGE ( 'NONE', *, *, #68, .F. ) ;
#956 = FACE_OUTER_BOUND ( 'NONE', #515, .T. ) ;
#957 = CARTESIAN_POINT ( 'NONE',  ( -0.4749999999999999778, 0.1449999999999999900, -0.2500000000000000000 ) ) ;
#958 = DIRECTION ( 'NONE',  ( 0.000000000000000000, -1.000000000000000000, 0.000000000000000000 ) ) ;
#959 = AXIS2_PLACEMENT_3D ( 'NONE', #251, #1660, #980 ) ;
#960 = FILL_AREA_STYLE_COLOUR ( '', #478 ) ;
#961 = EDGE_CURVE ( 'NONE', #386, #1586, #1370, .T. ) ;
#962 = DIRECTION ( 'NONE',  ( 1.000000000000000000, -0.000000000000000000, -0.000000000000000000 ) ) ;
#963 = FILL_AREA_STYLE ('',( #1259 ) ) ;
#964 = LINE ( 'NONE', #271, #16 ) ;
#965 = CARTESIAN_POINT ( 'NONE',  ( -0.3749999999999996669, 0.1449999999999999900, -0.1750000000000000167 ) ) ;
#966 =( NAMED_UNIT ( * ) SI_UNIT ( $, .STERADIAN. ) SOLID_ANGLE_UNIT ( ) );
#967 = COLOUR_RGB ( '',0.7529411764705882248, 0.7529411764705882248, 0.7529411764705882248 ) ;
#968 = CARTESIAN_POINT ( 'NONE',  ( -0.4749999999999999778, 0.1449999999999999900, -0.2500000000000000000 ) ) ;
#969 = DIRECTION ( 'NONE',  ( 0.000000000000000000, -0.000000000000000000, 1.000000000000000000 ) ) ;
#970 = VERTEX_POINT ( 'NONE', #841 ) ;
#971 =( LENGTH_UNIT ( ) NAMED_UNIT ( * ) SI_UNIT ( .MILLI., .METRE. ) );
#972 = SURFACE_STYLE_FILL_AREA ( #1681 ) ;
#973 = ORIENTED_EDGE ( 'NONE', *, *, #1324, .T. ) ;
#974 = CARTESIAN_POINT ( 'NONE',  ( -0.2999999999999999889, 0.000000000000000000, -0.2500000000000000000 ) ) ;
#975 = FILL_AREA_STYLE ('',( #699 ) ) ;
#976 = LINE ( 'NONE', #1499, #755 ) ;
#977 =( GEOMETRIC_REPRESENTATION_CONTEXT ( 3 ) GLOBAL_UNCERTAINTY_ASSIGNED_CONTEXT ( ( #985 ) ) GLOBAL_UNIT_ASSIGNED_CONTEXT ( ( #44, #1174, #616 ) ) REPRESENTATION_CONTEXT ( 'NONE', 'WORKASPACE' ) );
#978 = ORIENTED_EDGE ( 'NONE', *, *, #68, .T. ) ;
#979 = ORIENTED_EDGE ( 'NONE', *, *, #860, .T. ) ;
#980 = DIRECTION ( 'NONE',  ( -0.000000000000000000, 0.000000000000000000, -1.000000000000000000 ) ) ;
#981 = CARTESIAN_POINT ( 'NONE',  ( 0.2749999999999996891, 0.1699999999999999012, 0.1750000000000000167 ) ) ;
#982 = DIRECTION ( 'NONE',  ( -1.000000000000000000, 0.000000000000000000, 0.000000000000000000 ) ) ;
#983 =( LENGTH_UNIT ( ) NAMED_UNIT ( * ) SI_UNIT ( .MILLI., .METRE. ) );
#984 = MECHANICAL_DESIGN_GEOMETRIC_PRESENTATION_REPRESENTATION (  '', ( #823 ), #1067 ) ;
#985 = UNCERTAINTY_MEASURE_WITH_UNIT (LENGTH_MEASURE( 1.000000000000000082E-05 ), #44, 'distance_accuracy_value', 'NONE');
#986 = FILL_AREA_STYLE_COLOUR ( '', #777 ) ;
#987 = CARTESIAN_POINT ( 'NONE',  ( -0.2999999999999999889, -0.1449999999999999900, 0.2500000000000000000 ) ) ;
#988 = CARTESIAN_POINT ( 'NONE',  ( 0.3749999999999995559, 0.1699999999999998734, -0.1750000000000000167 ) ) ;
#989 = EDGE_CURVE ( 'NONE', #242, #1786, #425, .T. ) ;
#990 = DIRECTION ( 'NONE',  ( 0.000000000000000000, -0.000000000000000000, -1.000000000000000000 ) ) ;
#991 = LINE ( 'NONE', #1164, #1806 ) ;
#992 = VECTOR ( 'NONE', #1328, 1000.000000000000000 ) ;
#993 = ORIENTED_EDGE ( 'NONE', *, *, #1501, .F. ) ;
#994 = AXIS2_PLACEMENT_3D ( 'NONE', #1631, #499, #1347 ) ;
#995 = ORIENTED_EDGE ( 'NONE', *, *, #760, .T. ) ;
#996 = CARTESIAN_POINT ( 'NONE',  ( 0.4749999999999999778, 0.000000000000000000, -0.2500000000000000000 ) ) ;
#997 = FACE_OUTER_BOUND ( 'NONE', #295, .T. ) ;
#998 = PRESENTATION_LAYER_ASSIGNMENT (  '', '', ( #338 ) ) ;
#999 = DIRECTION ( 'NONE',  ( 1.000000000000000000, 0.000000000000000000, 0.000000000000000000 ) ) ;
#1000 = VECTOR ( 'NONE', #1102, 1000.000000000000000 ) ;
#1001 = ORIENTED_EDGE ( 'NONE', *, *, #808, .T. ) ;
#1002 = STYLED_ITEM ( 'NONE', ( #132 ), #1429 ) ;
#1003 =( GEOMETRIC_REPRESENTATION_CONTEXT ( 3 ) GLOBAL_UNCERTAINTY_ASSIGNED_CONTEXT ( ( #93 ) ) GLOBAL_UNIT_ASSIGNED_CONTEXT ( ( #376, #367, #1368 ) ) REPRESENTATION_CONTEXT ( 'NONE', 'WORKASPACE' ) );
#1004 = UNCERTAINTY_MEASURE_WITH_UNIT (LENGTH_MEASURE( 1.000000000000000082E-05 ), #1156, 'distance_accuracy_value', 'NONE');
#1005 = ADVANCED_FACE ( 'NONE', ( #912 ), #571, .F. ) ;
#1006 = EDGE_CURVE ( 'NONE', #1603, #569, #1216, .T. ) ;
#1007 = STYLED_ITEM ( 'NONE', ( #120 ), #765 ) ;
#1008 =( NAMED_UNIT ( * ) SI_UNIT ( $, .STERADIAN. ) SOLID_ANGLE_UNIT ( ) );
#1009 = FACE_OUTER_BOUND ( 'NONE', #1588, .T. ) ;
#1010 = ORIENTED_EDGE ( 'NONE', *, *, #543, .F. ) ;
#1011 = ORIENTED_EDGE ( 'NONE', *, *, #404, .F. ) ;
#1012 = FILL_AREA_STYLE ('',( #1378 ) ) ;
#1013 = LINE ( 'NONE', #965, #1000 ) ;
#1014 = ORIENTED_EDGE ( 'NONE', *, *, #908, .F. ) ;
#1015 = DIRECTION ( 'NONE',  ( 0.5773502691896318373, -0.5773502691896256200, 0.5773502691896198469 ) ) ;
#1016 = EDGE_CURVE ( 'NONE', #20, #802, #674, .T. ) ;
#1017 = EDGE_CURVE ( 'NONE', #1298, #437, #845, .T. ) ;
#1018 = EDGE_CURVE ( 'NONE', #308, #79, #803, .T. ) ;
#1019 =( LENGTH_UNIT ( ) NAMED_UNIT ( * ) SI_UNIT ( .MILLI., .METRE. ) );
#1020 =( NAMED_UNIT ( * ) PLANE_ANGLE_UNIT ( ) SI_UNIT ( $, .RADIAN. ) );
#1021 = AXIS2_PLACEMENT_3D ( 'NONE', #659, #1506, #384 ) ;
#1022 = CARTESIAN_POINT ( 'NONE',  ( -0.2649999999999996247, 0.1799999999999999933, -0.2099999999999992983 ) ) ;
#1023 = CARTESIAN_POINT ( 'NONE',  ( -0.2033333333333316451, 0.2416666666666672236, 0.1483333333333330672 ) ) ;
#1024 =( GEOMETRIC_REPRESENTATION_CONTEXT ( 3 ) GLOBAL_UNCERTAINTY_ASSIGNED_CONTEXT ( ( #1434 ) ) GLOBAL_UNIT_ASSIGNED_CONTEXT ( ( #1822, #1263, #545 ) ) REPRESENTATION_CONTEXT ( 'NONE', 'WORKASPACE' ) );
#1025 = COLOUR_RGB ( '',0.7529411764705882248, 0.7529411764705882248, 0.7529411764705882248 ) ;
#1026 = DIRECTION ( 'NONE',  ( -0.000000000000000000, 0.000000000000000000, -1.000000000000000000 ) ) ;
#1027 = ADVANCED_FACE ( 'NONE', ( #463 ), #477, .T. ) ;
#1028 = ORIENTED_EDGE ( 'NONE', *, *, #904, .F. ) ;
#1029 = ORIENTED_EDGE ( 'NONE', *, *, #87, .F. ) ;
#1030 =( NAMED_UNIT ( * ) SI_UNIT ( $, .STERADIAN. ) SOLID_ANGLE_UNIT ( ) );
#1031 = CARTESIAN_POINT ( 'NONE',  ( -0.2749999999999996891, 0.1700000000000000122, -0.1750000000000000167 ) ) ;
#1032 = PRESENTATION_STYLE_ASSIGNMENT (( #1239 ) ) ;
#1033 =( LENGTH_UNIT ( ) NAMED_UNIT ( * ) SI_UNIT ( .MILLI., .METRE. ) );
#1034 = VECTOR ( 'NONE', #38, 1000.000000000000000 ) ;
#1035 = ORIENTED_EDGE ( 'NONE', *, *, #563, .T. ) ;
#1036 = EDGE_CURVE ( 'NONE', #354, #723, #1629, .T. ) ;
#1037 = STYLED_ITEM ( 'NONE', ( #1676 ), #1712 ) ;
#1038 = COLOUR_RGB ( '',0.7529411764705882248, 0.7529411764705882248, 0.7529411764705882248 ) ;
#1039 = ORIENTED_EDGE ( 'NONE', *, *, #1375, .T. ) ;
#1040 = SURFACE_STYLE_FILL_AREA ( #115 ) ;
#1041 =( GEOMETRIC_REPRESENTATION_CONTEXT ( 3 ) GLOBAL_UNCERTAINTY_ASSIGNED_CONTEXT ( ( #533 ) ) GLOBAL_UNIT_ASSIGNED_CONTEXT ( ( #660, #948, #1638 ) ) REPRESENTATION_CONTEXT ( 'NONE', 'WORKASPACE' ) );
#1042 = ORIENTED_EDGE ( 'NONE', *, *, #521, .F. ) ;
#1043 = FILL_AREA_STYLE_COLOUR ( '', #527 ) ;
#1044 = DIRECTION ( 'NONE',  ( -1.000000000000000000, 0.000000000000000000, 0.000000000000000000 ) ) ;
#1045 = CARTESIAN_POINT ( 'NONE',  ( 0.2999999999999999889, 0.1449999999999998790, 0.1750000000000000167 ) ) ;
#1046 = ORIENTED_EDGE ( 'NONE', *, *, #808, .F. ) ;
#1047 = DIRECTION ( 'NONE',  ( 0.7071067811865513475, -0.7071067811865436870, 0.000000000000000000 ) ) ;
#1048 = SURFACE_SIDE_STYLE ('',( #942 ) ) ;
#1049 = SURFACE_STYLE_USAGE ( .BOTH. , #188 ) ;
#1050 = ORIENTED_EDGE ( 'NONE', *, *, #713, .T. ) ;
#1051 = UNCERTAINTY_MEASURE_WITH_UNIT (LENGTH_MEASURE( 1.000000000000000082E-05 ), #971, 'distance_accuracy_value', 'NONE');
#1052 = CARTESIAN_POINT ( 'NONE',  ( -0.2999999999999999889, 0.1449999999999999900, 0.2500000000000000000 ) ) ;
#1053 = ORIENTED_EDGE ( 'NONE', *, *, #627, .T. ) ;
#1054 =( NAMED_UNIT ( * ) SI_UNIT ( $, .STERADIAN. ) SOLID_ANGLE_UNIT ( ) );
#1055 = FILL_AREA_STYLE ('',( #255 ) ) ;
#1056 = LINE ( 'NONE', #1741, #1472 ) ;
#1057 = EDGE_CURVE ( 'NONE', #1586, #410, #1056, .T. ) ;
#1058 = AXIS2_PLACEMENT_3D ( 'NONE', #1348, #1540, #1602 ) ;
#1059 = UNCERTAINTY_MEASURE_WITH_UNIT (LENGTH_MEASURE( 1.000000000000000082E-05 ), #1475, 'distance_accuracy_value', 'NONE');
#1060 = ADVANCED_FACE ( 'NONE', ( #1768 ), #464, .F. ) ;
#1061 = CARTESIAN_POINT ( 'NONE',  ( 0.2999999999999999889, 0.000000000000000000, 0.2500000000000000000 ) ) ;
#1062 = EDGE_CURVE ( 'NONE', #1238, #1147, #221, .T. ) ;
#1063 = PLANE ( 'NONE',  #1353 ) ;
#1064 = VECTOR ( 'NONE', #8, 1000.000000000000000 ) ;
#1065 = CARTESIAN_POINT ( 'NONE',  ( -0.4749999999999999778, 0.1449999999999999900, -0.2500000000000000000 ) ) ;
#1066 =( NAMED_UNIT ( * ) SI_UNIT ( $, .STERADIAN. ) SOLID_ANGLE_UNIT ( ) );
#1067 =( GEOMETRIC_REPRESENTATION_CONTEXT ( 3 ) GLOBAL_UNCERTAINTY_ASSIGNED_CONTEXT ( ( #71 ) ) GLOBAL_UNIT_ASSIGNED_CONTEXT ( ( #196, #1756, #1179 ) ) REPRESENTATION_CONTEXT ( 'NONE', 'WORKASPACE' ) );
#1068 = LINE ( 'NONE', #1113, #637 ) ;
#1069 = VECTOR ( 'NONE', #529, 1000.000000000000000 ) ;
#1070 =( LENGTH_UNIT ( ) NAMED_UNIT ( * ) SI_UNIT ( .MILLI., .METRE. ) );
#1071 = PLANE ( 'NONE',  #525 ) ;
#1072 = VERTEX_POINT ( 'NONE', #501 ) ;
#1073 = PLANE ( 'NONE',  #1058 ) ;
#1074 = FACE_OUTER_BOUND ( 'NONE', #853, .T. ) ;
#1075 = CARTESIAN_POINT ( 'NONE',  ( 0.4749999999999999778, 0.1449999999999999900, -0.2500000000000000000 ) ) ;
#1076 = EDGE_LOOP ( 'NONE', ( #520, #1468, #1494, #1053, #879, #1279, #1386, #1046 ) ) ;
#1077 = FACE_OUTER_BOUND ( 'NONE', #479, .T. ) ;
#1078 = ORIENTED_EDGE ( 'NONE', *, *, #1016, .T. ) ;
#1079 = FILL_AREA_STYLE_COLOUR ( '', #1334 ) ;
#1080 = VECTOR ( 'NONE', #126, 1000.000000000000000 ) ;
#1081 = ORIENTED_EDGE ( 'NONE', *, *, #421, .T. ) ;
#1082 =( LENGTH_UNIT ( ) NAMED_UNIT ( * ) SI_UNIT ( .MILLI., .METRE. ) );
#1083 = VECTOR ( 'NONE', #1044, 1000.000000000000000 ) ;
#1084 =( GEOMETRIC_REPRESENTATION_CONTEXT ( 3 ) GLOBAL_UNCERTAINTY_ASSIGNED_CONTEXT ( ( #560 ) ) GLOBAL_UNIT_ASSIGNED_CONTEXT ( ( #887, #1155, #170 ) ) REPRESENTATION_CONTEXT ( 'NONE', 'WORKASPACE' ) );
#1085 = PRESENTATION_LAYER_ASSIGNMENT (  '', '', ( #1309 ) ) ;
#1086 = SURFACE_STYLE_USAGE ( .BOTH. , #95 ) ;
#1087 =( NAMED_UNIT ( * ) SI_UNIT ( $, .STERADIAN. ) SOLID_ANGLE_UNIT ( ) );
#1088 = APPLICATION_CONTEXT ( 'automotive_design' ) ;
#1089 =( NAMED_UNIT ( * ) SI_UNIT ( $, .STERADIAN. ) SOLID_ANGLE_UNIT ( ) );
#1090 = CARTESIAN_POINT ( 'NONE',  ( 0.4749999999999999778, 0.1449999999999999900, -0.2500000000000000000 ) ) ;
#1091 =( NAMED_UNIT ( * ) SI_UNIT ( $, .STERADIAN. ) SOLID_ANGLE_UNIT ( ) );
#1092 = LINE ( 'NONE', #653, #98 ) ;
#1093 = STYLED_ITEM ( 'NONE', ( #268 ), #1703 ) ;
#1094 = ORIENTED_EDGE ( 'NONE', *, *, #989, .F. ) ;
#1095 = EDGE_CURVE ( 'NONE', #1443, #393, #907, .T. ) ;
#1096 = ORIENTED_EDGE ( 'NONE', *, *, #1269, .F. ) ;
#1097 = MECHANICAL_DESIGN_GEOMETRIC_PRESENTATION_REPRESENTATION (  '', ( #1552 ), #1801 ) ;
#1098 = PRESENTATION_STYLE_ASSIGNMENT (( #1301 ) ) ;
#1099 = CARTESIAN_POINT ( 'NONE',  ( 0.2649999999999996247, 0.1799999999999999933, 0.2099999999999997147 ) ) ;
#1100 = FACE_OUTER_BOUND ( 'NONE', #1571, .T. ) ;
#1101 = VERTEX_POINT ( 'NONE', #355 ) ;
#1102 = DIRECTION ( 'NONE',  ( 1.000000000000000000, 0.000000000000000000, 0.000000000000000000 ) ) ;
#1103 = DIRECTION ( 'NONE',  ( 1.000000000000000000, 0.000000000000000000, -0.000000000000000000 ) ) ;
#1104 = PRESENTATION_STYLE_ASSIGNMENT (( #505 ) ) ;
#1105 = ORIENTED_EDGE ( 'NONE', *, *, #1436, .T. ) ;
#1106 = LINE ( 'NONE', #197, #1680 ) ;
#1107 = DIRECTION ( 'NONE',  ( -0.000000000000000000, -0.000000000000000000, -1.000000000000000000 ) ) ;
#1108 = DIRECTION ( 'NONE',  ( 0.000000000000000000, 1.000000000000000000, 0.000000000000000000 ) ) ;
#1109 = MECHANICAL_DESIGN_GEOMETRIC_PRESENTATION_REPRESENTATION (  '', ( #1007 ), #223 ) ;
#1110 =( NAMED_UNIT ( * ) PLANE_ANGLE_UNIT ( ) SI_UNIT ( $, .RADIAN. ) );
#1111 = CARTESIAN_POINT ( 'NONE',  ( -0.4749999999999999778, -0.1449999999999999900, 0.2500000000000000000 ) ) ;
#1112 = EDGE_CURVE ( 'NONE', #61, #107, #1106, .T. ) ;
#1113 = CARTESIAN_POINT ( 'NONE',  ( 0.4749999999999999778, 0.1449999999999999900, 0.2500000000000000000 ) ) ;
#1114 = EDGE_CURVE ( 'NONE', #20, #1659, #460, .T. ) ;
#1115 = UNCERTAINTY_MEASURE_WITH_UNIT (LENGTH_MEASURE( 1.000000000000000082E-05 ), #1747, 'distance_accuracy_value', 'NONE');
#1116 = SURFACE_STYLE_USAGE ( .BOTH. , #1544 ) ;
#1117 = LINE ( 'NONE', #1817, #657 ) ;
#1118 = SURFACE_SIDE_STYLE ('',( #972 ) ) ;
#1119 = PRESENTATION_LAYER_ASSIGNMENT (  '', '', ( #609 ) ) ;
#1120 = FACE_OUTER_BOUND ( 'NONE', #1281, .T. ) ;
#1121 = ORIENTED_EDGE ( 'NONE', *, *, #654, .T. ) ;
#1122 = EDGE_CURVE ( 'NONE', #569, #61, #1283, .T. ) ;
#1123 = CARTESIAN_POINT ( 'NONE',  ( 0.2999999999999999889, -0.1700000000000000122, -0.2500000000000000000 ) ) ;
#1124 = DIRECTION ( 'NONE',  ( -0.000000000000000000, -0.000000000000000000, -1.000000000000000000 ) ) ;
#1125 = STYLED_ITEM ( 'NONE', ( #575 ), #1171 ) ;
#1126 = ORIENTED_EDGE ( 'NONE', *, *, #710, .F. ) ;
#1127 = SURFACE_STYLE_FILL_AREA ( #22 ) ;
#1128 = ORIENTED_EDGE ( 'NONE', *, *, #210, .T. ) ;
#1129 = CARTESIAN_POINT ( 'NONE',  ( 0.000000000000000000, 0.000000000000000000, 0.2500000000000000000 ) ) ;
#1130 = LINE ( 'NONE', #540, #722 ) ;
#1131 = PLANE ( 'NONE',  #1727 ) ;
#1132 = DIRECTION ( 'NONE',  ( 1.000000000000000000, 0.000000000000000000, 0.000000000000000000 ) ) ;
#1133 = EDGE_CURVE ( 'NONE', #213, #1384, #1265, .T. ) ;
#1134 =( GEOMETRIC_REPRESENTATION_CONTEXT ( 3 ) GLOBAL_UNCERTAINTY_ASSIGNED_CONTEXT ( ( #1059 ) ) GLOBAL_UNIT_ASSIGNED_CONTEXT ( ( #1475, #646, #916 ) ) REPRESENTATION_CONTEXT ( 'NONE', 'WORKASPACE' ) );
#1135 = PRESENTATION_LAYER_ASSIGNMENT (  '', '', ( #1552 ) ) ;
#1136 = DIRECTION ( 'NONE',  ( -4.336808689942020891E-15, -1.000000000000000000, -0.000000000000000000 ) ) ;
#1137 = SURFACE_STYLE_USAGE ( .BOTH. , #417 ) ;
#1138 =( NAMED_UNIT ( * ) PLANE_ANGLE_UNIT ( ) SI_UNIT ( $, .RADIAN. ) );
#1139 = SURFACE_STYLE_FILL_AREA ( #1535 ) ;
#1140 = VECTOR ( 'NONE', #1524, 1000.000000000000000 ) ;
#1141 = UNCERTAINTY_MEASURE_WITH_UNIT (LENGTH_MEASURE( 1.000000000000000082E-05 ), #1149, 'distance_accuracy_value', 'NONE');
#1142 =( NAMED_UNIT ( * ) PLANE_ANGLE_UNIT ( ) SI_UNIT ( $, .RADIAN. ) );
#1143 = VERTEX_POINT ( 'NONE', #1624 ) ;
#1144 = PRESENTATION_STYLE_ASSIGNMENT (( #1242 ) ) ;
#1145 =( NAMED_UNIT ( * ) SI_UNIT ( $, .STERADIAN. ) SOLID_ANGLE_UNIT ( ) );
#1146 = SURFACE_STYLE_FILL_AREA ( #1789 ) ;
#1147 = VERTEX_POINT ( 'NONE', #941 ) ;
#1148 =( GEOMETRIC_REPRESENTATION_CONTEXT ( 3 ) GLOBAL_UNCERTAINTY_ASSIGNED_CONTEXT ( ( #1595 ) ) GLOBAL_UNIT_ASSIGNED_CONTEXT ( ( #26, #1289, #1030 ) ) REPRESENTATION_CONTEXT ( 'NONE', 'WORKASPACE' ) );
#1149 =( LENGTH_UNIT ( ) NAMED_UNIT ( * ) SI_UNIT ( .MILLI., .METRE. ) );
#1150 = VERTEX_POINT ( 'NONE', #226 ) ;
#1151 = DIRECTION ( 'NONE',  ( -1.000000000000000000, -2.710505431213764536E-16, 0.000000000000000000 ) ) ;
#1152 = VECTOR ( 'NONE', #119, 1000.000000000000000 ) ;
#1153 = ORIENTED_EDGE ( 'NONE', *, *, #290, .F. ) ;
#1154 = ADVANCED_FACE ( 'NONE', ( #317 ), #635, .F. ) ;
#1155 =( NAMED_UNIT ( * ) PLANE_ANGLE_UNIT ( ) SI_UNIT ( $, .RADIAN. ) );
#1156 =( LENGTH_UNIT ( ) NAMED_UNIT ( * ) SI_UNIT ( .MILLI., .METRE. ) );
#1157 = STYLED_ITEM ( 'NONE', ( #694 ), #1735 ) ;
#1158 = DIRECTION ( 'NONE',  ( 0.000000000000000000, -0.000000000000000000, 1.000000000000000000 ) ) ;
#1159 = CARTESIAN_POINT ( 'NONE',  ( 0.4749999999999999778, 0.1449999999999999900, -0.2500000000000000000 ) ) ;
#1160 = STYLED_ITEM ( 'NONE', ( #218 ), #1304 ) ;
#1161 = FILL_AREA_STYLE_COLOUR ( '', #1038 ) ;
#1162 = PLANE ( 'NONE',  #1186 ) ;
#1163 = VECTOR ( 'NONE', #511, 1000.000000000000000 ) ;
#1164 = CARTESIAN_POINT ( 'NONE',  ( -0.4749999999999999778, 0.000000000000000000, 0.2500000000000000000 ) ) ;
#1165 = PLANE ( 'NONE',  #53 ) ;
#1166 = VECTOR ( 'NONE', #811, 1000.000000000000000 ) ;
#1167 = ORIENTED_EDGE ( 'NONE', *, *, #556, .T. ) ;
#1168 = SURFACE_SIDE_STYLE ('',( #415 ) ) ;
#1169 = VERTEX_POINT ( 'NONE', #1497 ) ;
#1170 = STYLED_ITEM ( 'NONE', ( #1202 ), #580 ) ;
#1171 = ADVANCED_FACE ( 'NONE', ( #956 ), #1345, .T. ) ;
#1172 = CARTESIAN_POINT ( 'NONE',  ( -0.5000000000000000000, -0.1700000000000000122, 0.2500000000000000000 ) ) ;
#1173 = ORIENTED_EDGE ( 'NONE', *, *, #731, .T. ) ;
#1174 =( NAMED_UNIT ( * ) PLANE_ANGLE_UNIT ( ) SI_UNIT ( $, .RADIAN. ) );
#1175 = VECTOR ( 'NONE', #1733, 1000.000000000000000 ) ;
#1176 = CARTESIAN_POINT ( 'NONE',  ( -0.4749999999999999778, -0.1449999999999999900, -0.2500000000000000000 ) ) ;
#1177 = DIRECTION ( 'NONE',  ( -1.000000000000000000, 0.000000000000000000, 0.000000000000000000 ) ) ;
#1178 = SURFACE_STYLE_USAGE ( .BOTH. , #1184 ) ;
#1179 =( NAMED_UNIT ( * ) SI_UNIT ( $, .STERADIAN. ) SOLID_ANGLE_UNIT ( ) );
#1180 = AXIS2_PLACEMENT_3D ( 'NONE', #278, #127, #982 ) ;
#1181 =( NAMED_UNIT ( * ) SI_UNIT ( $, .STERADIAN. ) SOLID_ANGLE_UNIT ( ) );
#1182 = EDGE_LOOP ( 'NONE', ( #28, #758, #1421, #978 ) ) ;
#1183 =( LENGTH_UNIT ( ) NAMED_UNIT ( * ) SI_UNIT ( .MILLI., .METRE. ) );
#1184 = SURFACE_SIDE_STYLE ('',( #744 ) ) ;
#1185 = ORIENTED_EDGE ( 'NONE', *, *, #626, .F. ) ;
#1186 = AXIS2_PLACEMENT_3D ( 'NONE', #1435, #175, #1584 ) ;
#1187 = LINE ( 'NONE', #735, #1549 ) ;
#1188 = EDGE_LOOP ( 'NONE', ( #173, #769, #1547, #273 ) ) ;
#1189 = ADVANCED_FACE ( 'NONE', ( #247 ), #1073, .T. ) ;
#1190 = EDGE_CURVE ( 'NONE', #702, #101, #1361, .T. ) ;
#1191 = PRESENTATION_LAYER_ASSIGNMENT (  '', '', ( #823 ) ) ;
#1192 = ORIENTED_EDGE ( 'NONE', *, *, #267, .T. ) ;
#1193 = UNCERTAINTY_MEASURE_WITH_UNIT (LENGTH_MEASURE( 1.000000000000000082E-05 ), #1617, 'distance_accuracy_value', 'NONE');
#1194 = CARTESIAN_POINT ( 'NONE',  ( -0.3749999999999995559, 0.1699999999999999845, -0.1750000000000000167 ) ) ;
#1195 =( LENGTH_UNIT ( ) NAMED_UNIT ( * ) SI_UNIT ( .MILLI., .METRE. ) );
#1196 = FILL_AREA_STYLE ('',( #1579 ) ) ;
#1197 = PRESENTATION_STYLE_ASSIGNMENT (( #681 ) ) ;
#1198 = AXIS2_PLACEMENT_3D ( 'NONE', #1207, #235, #377 ) ;
#1199 = DIRECTION ( 'NONE',  ( -0.000000000000000000, 0.000000000000000000, -1.000000000000000000 ) ) ;
#1200 = EDGE_CURVE ( 'NONE', #1322, #192, #1570, .T. ) ;
#1201 = EDGE_LOOP ( 'NONE', ( #1607, #391, #190, #1713 ) ) ;
#1202 = PRESENTATION_STYLE_ASSIGNMENT (( #789 ) ) ;
#1203 =( NAMED_UNIT ( * ) PLANE_ANGLE_UNIT ( ) SI_UNIT ( $, .RADIAN. ) );
#1204 = PRESENTATION_STYLE_ASSIGNMENT (( #1329 ) ) ;
#1205 = ORIENTED_EDGE ( 'NONE', *, *, #1308, .T. ) ;
#1206 = PLANE ( 'NONE',  #994 ) ;
#1207 = CARTESIAN_POINT ( 'NONE',  ( 0.000000000000000000, 0.000000000000000000, -0.1750000000000000167 ) ) ;
#1208 = ORIENTED_EDGE ( 'NONE', *, *, #614, .T. ) ;
#1209 = SURFACE_STYLE_USAGE ( .BOTH. , #73 ) ;
#1210 = ORIENTED_EDGE ( 'NONE', *, *, #483, .T. ) ;
#1211 = AXIS2_PLACEMENT_3D ( 'NONE', #1381, #512, #1823 ) ;
#1212 =( NAMED_UNIT ( * ) SI_UNIT ( $, .STERADIAN. ) SOLID_ANGLE_UNIT ( ) );
#1213 = FILL_AREA_STYLE_COLOUR ( '', #967 ) ;
#1214 = EDGE_CURVE ( 'NONE', #720, #1490, #294, .T. ) ;
#1215 = EDGE_CURVE ( 'NONE', #1679, #1322, #738, .T. ) ;
#1216 = LINE ( 'NONE', #1194, #1175 ) ;
#1217 =( NAMED_UNIT ( * ) PLANE_ANGLE_UNIT ( ) SI_UNIT ( $, .RADIAN. ) );
#1218 = DIRECTION ( 'NONE',  ( 1.000000000000000000, 0.000000000000000000, -0.000000000000000000 ) ) ;
#1219 =( NAMED_UNIT ( * ) SI_UNIT ( $, .STERADIAN. ) SOLID_ANGLE_UNIT ( ) );
#1220 = CARTESIAN_POINT ( 'NONE',  ( 0.5000000000000000000, 0.1700000000000000122, 0.2500000000000000000 ) ) ;
#1221 = VECTOR ( 'NONE', #13, 1000.000000000000000 ) ;
#1222 = DIRECTION ( 'NONE',  ( 0.000000000000000000, -1.000000000000000000, 0.000000000000000000 ) ) ;
#1223 = PRESENTATION_LAYER_ASSIGNMENT (  '', '', ( #1371 ) ) ;
#1224 =( NAMED_UNIT ( * ) SI_UNIT ( $, .STERADIAN. ) SOLID_ANGLE_UNIT ( ) );
#1225 = CARTESIAN_POINT ( 'NONE',  ( -0.4749999999999999778, -0.1449999999999999900, -0.2500000000000000000 ) ) ;
#1226 = PRESENTATION_LAYER_ASSIGNMENT (  '', '', ( #1678 ) ) ;
#1227 = FACE_OUTER_BOUND ( 'NONE', #84, .T. ) ;
#1228 = FACE_OUTER_BOUND ( 'NONE', #1566, .T. ) ;
#1229 = CARTESIAN_POINT ( 'NONE',  ( 0.5000000000000000000, -0.1700000000000000122, -0.2500000000000000000 ) ) ;
#1230 = SURFACE_STYLE_USAGE ( .BOTH. , #243 ) ;
#1231 = ORIENTED_EDGE ( 'NONE', *, *, #1006, .T. ) ;
#1232 =( LENGTH_UNIT ( ) NAMED_UNIT ( * ) SI_UNIT ( .MILLI., .METRE. ) );
#1233 = SURFACE_STYLE_FILL_AREA ( #1671 ) ;
#1234 = CARTESIAN_POINT ( 'NONE',  ( 0.4749999999999999778, 0.1449999999999999900, 0.2500000000000000000 ) ) ;
#1235 = VECTOR ( 'NONE', #652, 1000.000000000000000 ) ;
#1236 = VERTEX_POINT ( 'NONE', #708 ) ;
#1237 = LINE ( 'NONE', #1433, #901 ) ;
#1238 = VERTEX_POINT ( 'NONE', #1244 ) ;
#1239 = SURFACE_STYLE_USAGE ( .BOTH. , #504 ) ;
#1240 = VECTOR ( 'NONE', #715, 1000.000000000000000 ) ;
#1241 = ORIENTED_EDGE ( 'NONE', *, *, #282, .T. ) ;
#1242 = SURFACE_STYLE_USAGE ( .BOTH. , #276 ) ;
#1243 = COLOUR_RGB ( '',0.2509803921568627416, 0.2509803921568627416, 0.2509803921568627416 ) ;
#1244 = CARTESIAN_POINT ( 'NONE',  ( 0.2999999999999999889, -0.1449999999999999900, 0.2500000000000000000 ) ) ;
#1245 =( NAMED_UNIT ( * ) PLANE_ANGLE_UNIT ( ) SI_UNIT ( $, .RADIAN. ) );
#1246 = DIRECTION ( 'NONE',  ( -1.000000000000000000, 0.000000000000000000, 0.000000000000000000 ) ) ;
#1247 = SURFACE_SIDE_STYLE ('',( #1818 ) ) ;
#1248 = CARTESIAN_POINT ( 'NONE',  ( 0.2749999999999996891, 0.1700000000000000122, 0.2500000000000000000 ) ) ;
#1249 = CARTESIAN_POINT ( 'NONE',  ( -0.4749999999999999778, 0.1449999999999999900, -0.2500000000000000000 ) ) ;
#1250 =( GEOMETRIC_REPRESENTATION_CONTEXT ( 3 ) GLOBAL_UNCERTAINTY_ASSIGNED_CONTEXT ( ( #863 ) ) GLOBAL_UNIT_ASSIGNED_CONTEXT ( ( #14, #1138, #297 ) ) REPRESENTATION_CONTEXT ( 'NONE', 'WORKASPACE' ) );
#1251 = UNCERTAINTY_MEASURE_WITH_UNIT (LENGTH_MEASURE( 1.000000000000000082E-05 ), #647, 'distance_accuracy_value', 'NONE');
#1252 = DIRECTION ( 'NONE',  ( 0.000000000000000000, -1.000000000000000000, 0.000000000000000000 ) ) ;
#1253 =( NAMED_UNIT ( * ) PLANE_ANGLE_UNIT ( ) SI_UNIT ( $, .RADIAN. ) );
#1254 = ORIENTED_EDGE ( 'NONE', *, *, #1017, .F. ) ;
#1255 = AXIS2_PLACEMENT_3D ( 'NONE', #822, #1103, #1653 ) ;
#1256 = VECTOR ( 'NONE', #179, 1000.000000000000000 ) ;
#1257 = VECTOR ( 'NONE', #749, 1000.000000000000000 ) ;
#1258 = ORIENTED_EDGE ( 'NONE', *, *, #370, .F. ) ;
#1259 = FILL_AREA_STYLE_COLOUR ( '', #326 ) ;
#1260 = LINE ( 'NONE', #289, #168 ) ;
#1261 = ORIENTED_EDGE ( 'NONE', *, *, #1574, .F. ) ;
#1262 = CARTESIAN_POINT ( 'NONE',  ( 0.3749999999999995559, 0.1699999999999998734, 0.1750000000000000167 ) ) ;
#1263 =( NAMED_UNIT ( * ) PLANE_ANGLE_UNIT ( ) SI_UNIT ( $, .RADIAN. ) );
#1264 = ORIENTED_EDGE ( 'NONE', *, *, #820, .T. ) ;
#1265 = LINE ( 'NONE', #69, #648 ) ;
#1266 = STYLED_ITEM ( 'NONE', ( #771 ), #601 ) ;
#1267 = DIRECTION ( 'NONE',  ( -0.000000000000000000, 0.000000000000000000, 1.000000000000000000 ) ) ;
#1268 = PLANE ( 'NONE',  #429 ) ;
#1269 = EDGE_CURVE ( 'NONE', #1072, #1490, #1385, .T. ) ;
#1270 = CARTESIAN_POINT ( 'NONE',  ( -0.3749999999999996669, 0.1449999999999999900, 0.1750000000000000167 ) ) ;
#1271 = LINE ( 'NONE', #1504, #445 ) ;
#1272 = FILL_AREA_STYLE_COLOUR ( '', #1450 ) ;
#1273 = AXIS2_PLACEMENT_3D ( 'NONE', #1022, #1731, #309 ) ;
#1274 = UNCERTAINTY_MEASURE_WITH_UNIT (LENGTH_MEASURE( 1.000000000000000082E-05 ), #59, 'distance_accuracy_value', 'NONE');
#1275 = LINE ( 'NONE', #1220, #1599 ) ;
#1276 = ORIENTED_EDGE ( 'NONE', *, *, #1583, .F. ) ;
#1277 = PRESENTATION_LAYER_ASSIGNMENT (  '', '', ( #1687 ) ) ;
#1278 = PRODUCT_DEFINITION_SHAPE ( 'NONE', 'NONE',  #1503 ) ;
#1279 = ORIENTED_EDGE ( 'NONE', *, *, #1190, .T. ) ;
#1280 = VECTOR ( 'NONE', #962, 1000.000000000000000 ) ;
#1281 = EDGE_LOOP ( 'NONE', ( #1382, #1656, #1192, #169 ) ) ;
#1282 = VERTEX_POINT ( 'NONE', #1373 ) ;
#1283 = LINE ( 'NONE', #915, #1388 ) ;
#1284 = FILL_AREA_STYLE ('',( #17 ) ) ;
#1285 = STYLED_ITEM ( 'NONE', ( #1204 ), #1724 ) ;
#1286 =( GEOMETRIC_REPRESENTATION_CONTEXT ( 3 ) GLOBAL_UNCERTAINTY_ASSIGNED_CONTEXT ( ( #1193 ) ) GLOBAL_UNIT_ASSIGNED_CONTEXT ( ( #1617, #198, #350 ) ) REPRESENTATION_CONTEXT ( 'NONE', 'WORKASPACE' ) );
#1287 =( NAMED_UNIT ( * ) PLANE_ANGLE_UNIT ( ) SI_UNIT ( $, .RADIAN. ) );
#1288 = SURFACE_SIDE_STYLE ('',( #390 ) ) ;
#1289 =( NAMED_UNIT ( * ) PLANE_ANGLE_UNIT ( ) SI_UNIT ( $, .RADIAN. ) );
#1290 = CARTESIAN_POINT ( 'NONE',  ( -0.3749999999999995559, 0.1699999999999999845, 0.1750000000000000167 ) ) ;
#1291 = FACE_OUTER_BOUND ( 'NONE', #331, .T. ) ;
#1292 = LINE ( 'NONE', #1023, #542 ) ;
#1293 = PRESENTATION_STYLE_ASSIGNMENT (( #1365 ) ) ;
#1294 = DIRECTION ( 'NONE',  ( 0.000000000000000000, 1.000000000000000000, 0.000000000000000000 ) ) ;
#1295 = CARTESIAN_POINT ( 'NONE',  ( -0.2749999999999996891, 0.1700000000000000122, 0.1750000000000000167 ) ) ;
#1296 = CARTESIAN_POINT ( 'NONE',  ( -0.5000000000000000000, 0.1700000000000000122, 0.2500000000000000000 ) ) ;
#1297 = EDGE_CURVE ( 'NONE', #953, #130, #1469, .T. ) ;
#1298 = VERTEX_POINT ( 'NONE', #1668 ) ;
#1299 = CARTESIAN_POINT ( 'NONE',  ( 0.5000000000000000000, 0.000000000000000000, 0.2500000000000000000 ) ) ;
#1300 = VERTEX_POINT ( 'NONE', #981 ) ;
#1301 = SURFACE_STYLE_USAGE ( .BOTH. , #598 ) ;
#1302 = UNCERTAINTY_MEASURE_WITH_UNIT (LENGTH_MEASURE( 1.000000000000000082E-05 ), #1410, 'distance_accuracy_value', 'NONE');
#1303 =( LENGTH_UNIT ( ) NAMED_UNIT ( * ) SI_UNIT ( .MILLI., .METRE. ) );
#1304 = ADVANCED_FACE ( 'NONE', ( #1699 ), #836, .F. ) ;
#1305 = PRESENTATION_LAYER_ASSIGNMENT (  '', '', ( #193 ) ) ;
#1306 = CARTESIAN_POINT ( 'NONE',  ( -0.3749999999999996669, 0.1449999999999999900, -0.1750000000000000167 ) ) ;
#1307 = CARTESIAN_POINT ( 'NONE',  ( 0.000000000000000000, -0.1449999999999999900, 0.2500000000000000000 ) ) ;
#1308 = EDGE_CURVE ( 'NONE', #365, #1282, #194, .T. ) ;
#1309 = STYLED_ITEM ( 'NONE', ( #1778 ), #926 ) ;
#1310 = FILL_AREA_STYLE_COLOUR ( '', #1770 ) ;
#1311 = PLANE ( 'NONE',  #639 ) ;
#1312 = EDGE_LOOP ( 'NONE', ( #1626, #717, #1050, #1210, #612, #1809, #859, #1464 ) ) ;
#1313 = DIRECTION ( 'NONE',  ( 0.000000000000000000, -1.000000000000000000, 0.000000000000000000 ) ) ;
#1314 = ORIENTED_EDGE ( 'NONE', *, *, #282, .F. ) ;
#1315 = MECHANICAL_DESIGN_GEOMETRIC_PRESENTATION_REPRESENTATION (  '', ( #1371 ), #200 ) ;
#1316 = PRESENTATION_STYLE_ASSIGNMENT (( #1086 ) ) ;
#1317 = EDGE_CURVE ( 'NONE', #1696, #1718, #1013, .T. ) ;
#1318 = EDGE_LOOP ( 'NONE', ( #214, #1644, #476, #1742, #645, #1408, #1520, #1762 ) ) ;
#1319 = LINE ( 'NONE', #534, #1746 ) ;
#1320 = MECHANICAL_DESIGN_GEOMETRIC_PRESENTATION_REPRESENTATION (  '', ( #1266 ), #628 ) ;
#1321 = DIRECTION ( 'NONE',  ( 1.000000000000000000, 0.000000000000000000, 0.000000000000000000 ) ) ;
#1322 = VERTEX_POINT ( 'NONE', #689 ) ;
#1323 = DIRECTION ( 'NONE',  ( -0.7071067811865436870, -0.7071067811865514585, 0.000000000000000000 ) ) ;
#1324 = EDGE_CURVE ( 'NONE', #569, #393, #1794, .T. ) ;
#1325 = EDGE_LOOP ( 'NONE', ( #1208, #756, #772, #83 ) ) ;
#1326 =( NAMED_UNIT ( * ) SI_UNIT ( $, .STERADIAN. ) SOLID_ANGLE_UNIT ( ) );
#1327 = UNCERTAINTY_MEASURE_WITH_UNIT (LENGTH_MEASURE( 1.000000000000000082E-05 ), #1195, 'distance_accuracy_value', 'NONE');
#1328 = DIRECTION ( 'NONE',  ( 1.000000000000000000, 0.000000000000000000, 0.000000000000000000 ) ) ;
#1329 = SURFACE_STYLE_USAGE ( .BOTH. , #1168 ) ;
#1330 = PLANE ( 'NONE',  #1601 ) ;
#1331 = COLOUR_RGB ( '',1.000000000000000000, 1.000000000000000000, 1.000000000000000000 ) ;
#1332 = ORIENTED_EDGE ( 'NONE', *, *, #431, .T. ) ;
#1333 = FILL_AREA_STYLE ('',( #230 ) ) ;
#1334 = COLOUR_RGB ( '',0.7529411764705882248, 0.7529411764705882248, 0.7529411764705882248 ) ;
#1335 =( GEOMETRIC_REPRESENTATION_CONTEXT ( 3 ) GLOBAL_UNCERTAINTY_ASSIGNED_CONTEXT ( ( #798 ) ) GLOBAL_UNIT_ASSIGNED_CONTEXT ( ( #1303, #885, #1054 ) ) REPRESENTATION_CONTEXT ( 'NONE', 'WORKASPACE' ) );
#1336 = FILL_AREA_STYLE ('',( #1272 ) ) ;
#1337 = CARTESIAN_POINT ( 'NONE',  ( -0.2999999999999999889, 0.1449999999999999900, 0.2500000000000000000 ) ) ;
#1338 = ORIENTED_EDGE ( 'NONE', *, *, #871, .T. ) ;
#1339 = MECHANICAL_DESIGN_GEOMETRIC_PRESENTATION_REPRESENTATION (  '', ( #843 ), #1561 ) ;
#1340 = ORIENTED_EDGE ( 'NONE', *, *, #563, .F. ) ;
#1341 = DIRECTION ( 'NONE',  ( 1.000000000000000000, 0.000000000000000000, 0.000000000000000000 ) ) ;
#1342 = DIRECTION ( 'NONE',  ( -0.000000000000000000, -0.000000000000000000, -1.000000000000000000 ) ) ;
#1343 = DIRECTION ( 'NONE',  ( -4.336808689942020891E-15, -1.000000000000000000, 0.000000000000000000 ) ) ;
#1344 = CARTESIAN_POINT ( 'NONE',  ( -0.4749999999999999778, -0.1449999999999999900, -0.2500000000000000000 ) ) ;
#1345 = PLANE ( 'NONE',  #1459 ) ;
#1346 = SURFACE_STYLE_USAGE ( .BOTH. , #382 ) ;
#1347 = DIRECTION ( 'NONE',  ( -1.000000000000000000, 0.000000000000000000, -0.000000000000000000 ) ) ;
#1348 = CARTESIAN_POINT ( 'NONE',  ( 0.000000000000000000, -0.1700000000000000122, 0.2500000000000000000 ) ) ;
#1349 = VECTOR ( 'NONE', #103, 1000.000000000000000 ) ;
#1350 = EDGE_LOOP ( 'NONE', ( #1001, #548, #1314, #269 ) ) ;
#1351 = VECTOR ( 'NONE', #1321, 1000.000000000000000 ) ;
#1352 = EDGE_LOOP ( 'NONE', ( #383, #286, #471, #64 ) ) ;
#1353 = AXIS2_PLACEMENT_3D ( 'NONE', #931, #939, #250 ) ;
#1354 = FILL_AREA_STYLE_COLOUR ( '', #1545 ) ;
#1355 = DIRECTION ( 'NONE',  ( -0.000000000000000000, -0.000000000000000000, -1.000000000000000000 ) ) ;
#1356 = FACE_OUTER_BOUND ( 'NONE', #1312, .T. ) ;
#1357 = ORIENTED_EDGE ( 'NONE', *, *, #176, .T. ) ;
#1358 = EDGE_LOOP ( 'NONE', ( #1453, #366, #436, #1035 ) ) ;
#1359 = PRODUCT_CONTEXT ( 'NONE', #1088, 'mechanical' ) ;
#1360 = SURFACE_SIDE_STYLE ('',( #873 ) ) ;
#1361 = LINE ( 'NONE', #974, #1152 ) ;
#1362 = ORIENTED_EDGE ( 'NONE', *, *, #726, .T. ) ;
#1363 = MECHANICAL_DESIGN_GEOMETRIC_PRESENTATION_REPRESENTATION (  '', ( #1125 ), #279 ) ;
#1364 = PLANE ( 'NONE',  #157 ) ;
#1365 = SURFACE_STYLE_USAGE ( .BOTH. , #693 ) ;
#1366 =( NAMED_UNIT ( * ) PLANE_ANGLE_UNIT ( ) SI_UNIT ( $, .RADIAN. ) );
#1367 = SURFACE_STYLE_USAGE ( .BOTH. , #396 ) ;
#1368 =( NAMED_UNIT ( * ) SI_UNIT ( $, .STERADIAN. ) SOLID_ANGLE_UNIT ( ) );
#1369 = DIRECTION ( 'NONE',  ( -0.000000000000000000, -0.000000000000000000, -1.000000000000000000 ) ) ;
#1370 = LINE ( 'NONE', #1270, #1064 ) ;
#1371 = STYLED_ITEM ( 'NONE', ( #148 ), #136 ) ;
#1372 = VECTOR ( 'NONE', #1814, 1000.000000000000000 ) ;
#1373 = CARTESIAN_POINT ( 'NONE',  ( 0.3749999999999995559, 0.1699999999999998734, 0.2500000000000000000 ) ) ;
#1374 = PLANE ( 'NONE',  #1255 ) ;
#1375 = EDGE_CURVE ( 'NONE', #1282, #241, #1130, .T. ) ;
#1376 = MECHANICAL_DESIGN_GEOMETRIC_PRESENTATION_REPRESENTATION (  '', ( #338 ), #1467 ) ;
#1377 = VECTOR ( 'NONE', #1508, 1000.000000000000000 ) ;
#1378 = FILL_AREA_STYLE_COLOUR ( '', #472 ) ;
#1379 = CARTESIAN_POINT ( 'NONE',  ( -0.2999999999999999889, -0.1449999999999999900, -0.2500000000000000000 ) ) ;
#1380 = ORIENTED_EDGE ( 'NONE', *, *, #1214, .T. ) ;
#1381 = CARTESIAN_POINT ( 'NONE',  ( 0.2999999999999999889, 0.1449999999999999900, 0.2500000000000000000 ) ) ;
#1382 = ORIENTED_EDGE ( 'NONE', *, *, #627, .F. ) ;
#1383 = FILL_AREA_STYLE ('',( #89 ) ) ;
#1384 = VERTEX_POINT ( 'NONE', #1123 ) ;
#1385 = LINE ( 'NONE', #829, #1080 ) ;
#1386 = ORIENTED_EDGE ( 'NONE', *, *, #940, .F. ) ;
#1387 = DIRECTION ( 'NONE',  ( -0.000000000000000000, 0.000000000000000000, -1.000000000000000000 ) ) ;
#1388 = VECTOR ( 'NONE', #662, 1000.000000000000000 ) ;
#1389 = STYLED_ITEM ( 'NONE', ( #1509 ), #763 ) ;
#1390 = PLANE ( 'NONE',  #727 ) ;
#1391 = EDGE_CURVE ( 'NONE', #410, #944, #622, .T. ) ;
#1392 = EDGE_CURVE ( 'NONE', #1659, #1169, #1606, .T. ) ;
#1393 = DIRECTION ( 'NONE',  ( -0.7071067811865436870, 0.7071067811865514585, 0.000000000000000000 ) ) ;
#1394 = DIRECTION ( 'NONE',  ( 0.000000000000000000, -0.000000000000000000, 1.000000000000000000 ) ) ;
#1395 = VECTOR ( 'NONE', #709, 1000.000000000000000 ) ;
#1396 =( NAMED_UNIT ( * ) PLANE_ANGLE_UNIT ( ) SI_UNIT ( $, .RADIAN. ) );
#1397 = MECHANICAL_DESIGN_GEOMETRIC_PRESENTATION_REPRESENTATION (  '', ( #193 ), #299 ) ;
#1398 = COLOUR_RGB ( '',0.7921568627450980005, 0.8196078431372548767, 0.9333333333333333481 ) ;
#1399 = PRESENTATION_STYLE_ASSIGNMENT (( #1483 ) ) ;
#1400 = CARTESIAN_POINT ( 'NONE',  ( -0.2749999999999996891, 0.1700000000000000122, 0.2500000000000000000 ) ) ;
#1401 = DIRECTION ( 'NONE',  ( -0.5773502691896279515, 0.5773502691896217343, 0.5773502691896276184 ) ) ;
#1402 = PRESENTATION_LAYER_ASSIGNMENT (  '', '', ( #783 ) ) ;
#1403 = CARTESIAN_POINT ( 'NONE',  ( -0.2999999999999999889, 0.1449999999999999900, 0.1750000000000000167 ) ) ;
#1404 = PRESENTATION_STYLE_ASSIGNMENT (( #184 ) ) ;
#1405 = EDGE_LOOP ( 'NONE', ( #844, #1185, #672, #1254 ) ) ;
#1406 = ORIENTED_EDGE ( 'NONE', *, *, #1122, .F. ) ;
#1407 = VECTOR ( 'NONE', #10, 1000.000000000000000 ) ;
#1408 = ORIENTED_EDGE ( 'NONE', *, *, #1133, .F. ) ;
#1409 = SURFACE_STYLE_USAGE ( .BOTH. , #304 ) ;
#1410 =( LENGTH_UNIT ( ) NAMED_UNIT ( * ) SI_UNIT ( .MILLI., .METRE. ) );
#1411 = LINE ( 'NONE', #988, #775 ) ;
#1412 = ORIENTED_EDGE ( 'NONE', *, *, #602, .F. ) ;
#1413 = CARTESIAN_POINT ( 'NONE',  ( 0.000000000000000000, -0.1449999999999999900, -0.2500000000000000000 ) ) ;
#1414 = COLOUR_RGB ( '',0.7529411764705882248, 0.7529411764705882248, 0.7529411764705882248 ) ;
#1415 = ORIENTED_EDGE ( 'NONE', *, *, #1018, .F. ) ;
#1416 = STYLED_ITEM ( 'NONE', ( #1604 ), #1479 ) ;
#1417 = LINE ( 'NONE', #1554, #889 ) ;
#1418 = VECTOR ( 'NONE', #260, 1000.000000000000000 ) ;
#1419 = FILL_AREA_STYLE ('',( #305 ) ) ;
#1420 = ADVANCED_FACE ( 'NONE', ( #524 ), #1534, .F. ) ;
#1421 = ORIENTED_EDGE ( 'NONE', *, *, #847, .T. ) ;
#1422 = VECTOR ( 'NONE', #1246, 1000.000000000000000 ) ;
#1423 = CARTESIAN_POINT ( 'NONE',  ( 0.000000000000000000, 0.000000000000000000, -0.2500000000000000000 ) ) ;
#1424 = FACE_OUTER_BOUND ( 'NONE', #105, .T. ) ;
#1425 = ORIENTED_EDGE ( 'NONE', *, *, #1596, .F. ) ;
#1426 = DIRECTION ( 'NONE',  ( 1.000000000000000000, 0.000000000000000000, 0.000000000000000000 ) ) ;
#1427 = VERTEX_POINT ( 'NONE', #1560 ) ;
#1428 = CARTESIAN_POINT ( 'NONE',  ( -0.2999999999999999889, 0.1449999999999999900, -0.1750000000000000167 ) ) ;
#1429 = ADVANCED_FACE ( 'NONE', ( #1492 ), #1707, .F. ) ;
#1430 =( GEOMETRIC_REPRESENTATION_CONTEXT ( 3 ) GLOBAL_UNCERTAINTY_ASSIGNED_CONTEXT ( ( #1141 ) ) GLOBAL_UNIT_ASSIGNED_CONTEXT ( ( #1149, #1287, #865 ) ) REPRESENTATION_CONTEXT ( 'NONE', 'WORKASPACE' ) );
#1431 = FILL_AREA_STYLE ('',( #1455 ) ) ;
#1432 = PRESENTATION_LAYER_ASSIGNMENT (  '', '', ( #1493 ) ) ;
#1433 = CARTESIAN_POINT ( 'NONE',  ( 0.2649999999999996247, 0.1799999999999999933, 0.2500000000000000000 ) ) ;
#1434 = UNCERTAINTY_MEASURE_WITH_UNIT (LENGTH_MEASURE( 1.000000000000000082E-05 ), #1822, 'distance_accuracy_value', 'NONE');
#1435 = CARTESIAN_POINT ( 'NONE',  ( 0.000000000000000000, 0.1700000000000000122, 0.2500000000000000000 ) ) ;
#1436 = EDGE_CURVE ( 'NONE', #130, #1298, #1237, .T. ) ;
#1437 = PRESENTATION_STYLE_ASSIGNMENT (( #595 ) ) ;
#1438 = DIRECTION ( 'NONE',  ( -0.000000000000000000, 0.000000000000000000, 1.000000000000000000 ) ) ;
#1439 = DIRECTION ( 'NONE',  ( 1.000000000000000000, 0.000000000000000000, 0.000000000000000000 ) ) ;
#1440 = LINE ( 'NONE', #704, #1377 ) ;
#1441 = DIRECTION ( 'NONE',  ( 0.000000000000000000, 1.000000000000000000, 0.000000000000000000 ) ) ;
#1442 = COLOUR_RGB ( '',0.7529411764705882248, 0.7529411764705882248, 0.7529411764705882248 ) ;
#1443 = VERTEX_POINT ( 'NONE', #1296 ) ;
#1444 = STYLED_ITEM ( 'NONE', ( #1536 ), #746 ) ;
#1445 = VECTOR ( 'NONE', #522, 1000.000000000000000 ) ;
#1446 = SURFACE_SIDE_STYLE ('',( #900 ) ) ;
#1447 = DIRECTION ( 'NONE',  ( -4.336808689942020891E-15, 1.000000000000000000, 0.000000000000000000 ) ) ;
#1448 = COLOUR_RGB ( '',0.7529411764705882248, 0.7529411764705882248, 0.7529411764705882248 ) ;
#1449 = DIRECTION ( 'NONE',  ( 1.000000000000000000, 0.000000000000000000, -0.000000000000000000 ) ) ;
#1450 = COLOUR_RGB ( '',0.7529411764705882248, 0.7529411764705882248, 0.7529411764705882248 ) ;
#1451 = ORIENTED_EDGE ( 'NONE', *, *, #1574, .T. ) ;
#1452 = LINE ( 'NONE', #447, #1519 ) ;
#1453 = ORIENTED_EDGE ( 'NONE', *, *, #1392, .T. ) ;
#1454 = ORIENTED_EDGE ( 'NONE', *, *, #1583, .T. ) ;
#1455 = FILL_AREA_STYLE_COLOUR ( '', #56 ) ;
#1456 = SURFACE_STYLE_USAGE ( .BOTH. , #1118 ) ;
#1457 = PRESENTATION_LAYER_ASSIGNMENT (  '', '', ( #439 ) ) ;
#1458 = SURFACE_SIDE_STYLE ('',( #1692 ) ) ;
#1459 = AXIS2_PLACEMENT_3D ( 'NONE', #1613, #785, #791 ) ;
#1460 = UNCERTAINTY_MEASURE_WITH_UNIT (LENGTH_MEASURE( 1.000000000000000082E-05 ), #311, 'distance_accuracy_value', 'NONE');
#1461 = LINE ( 'NONE', #426, #1395 ) ;
#1462 = PRESENTATION_STYLE_ASSIGNMENT (( #1137 ) ) ;
#1463 = ORIENTED_EDGE ( 'NONE', *, *, #1308, .F. ) ;
#1464 = ORIENTED_EDGE ( 'NONE', *, *, #1375, .F. ) ;
#1465 = SURFACE_STYLE_USAGE ( .BOTH. , #345 ) ;
#1466 = EDGE_CURVE ( 'NONE', #130, #1143, #1187, .T. ) ;
#1467 =( GEOMETRIC_REPRESENTATION_CONTEXT ( 3 ) GLOBAL_UNCERTAINTY_ASSIGNED_CONTEXT ( ( #1774 ) ) GLOBAL_UNIT_ASSIGNED_CONTEXT ( ( #1639, #1791, #237 ) ) REPRESENTATION_CONTEXT ( 'NONE', 'WORKASPACE' ) );
#1468 = ORIENTED_EDGE ( 'NONE', *, *, #1122, .T. ) ;
#1469 = LINE ( 'NONE', #389, #353 ) ;
#1470 = VERTEX_POINT ( 'NONE', #33 ) ;
#1471 = CARTESIAN_POINT ( 'NONE',  ( 0.000000000000000000, -0.1449999999999999900, 0.2500000000000000000 ) ) ;
#1472 = VECTOR ( 'NONE', #768, 1000.000000000000000 ) ;
#1473 = CARTESIAN_POINT ( 'NONE',  ( 0.4749999999999999778, 0.000000000000000000, 0.2500000000000000000 ) ) ;
#1474 = SURFACE_SIDE_STYLE ('',( #1820 ) ) ;
#1475 =( LENGTH_UNIT ( ) NAMED_UNIT ( * ) SI_UNIT ( .MILLI., .METRE. ) );
#1476 = PRESENTATION_LAYER_ASSIGNMENT (  '', '', ( #1389 ) ) ;
#1477 = CARTESIAN_POINT ( 'NONE',  ( 0.2749999999999996891, 0.1699999999999999012, 0.1750000000000000167 ) ) ;
#1478 = EDGE_CURVE ( 'NONE', #1718, #944, #1452, .T. ) ;
#1479 = ADVANCED_FACE ( 'NONE', ( #519 ), #1165, .F. ) ;
#1480 = SURFACE_STYLE_USAGE ( .BOTH. , #1048 ) ;
#1481 = LINE ( 'NONE', #951, #1757 ) ;
#1482 =( NAMED_UNIT ( * ) SI_UNIT ( $, .STERADIAN. ) SOLID_ANGLE_UNIT ( ) );
#1483 = SURFACE_STYLE_USAGE ( .BOTH. , #500 ) ;
#1484 = VERTEX_POINT ( 'NONE', #36 ) ;
#1485 = VECTOR ( 'NONE', #670, 1000.000000000000000 ) ;
#1486 =( GEOMETRIC_REPRESENTATION_CONTEXT ( 3 ) GLOBAL_UNCERTAINTY_ASSIGNED_CONTEXT ( ( #399 ) ) GLOBAL_UNIT_ASSIGNED_CONTEXT ( ( #228, #1495, #1516 ) ) REPRESENTATION_CONTEXT ( 'NONE', 'WORKASPACE' ) );
#1487 = CARTESIAN_POINT ( 'NONE',  ( 0.000000000000000000, -0.1700000000000000122, 0.2500000000000000000 ) ) ;
#1488 = LINE ( 'NONE', #561, #349 ) ;
#1489 = FILL_AREA_STYLE ('',( #1213 ) ) ;
#1490 = VERTEX_POINT ( 'NONE', #716 ) ;
#1491 = EDGE_CURVE ( 'NONE', #1238, #213, #292, .T. ) ;
#1492 = FACE_OUTER_BOUND ( 'NONE', #1188, .T. ) ;
#1493 = STYLED_ITEM ( 'NONE', ( #1462 ), #880 ) ;
#1494 = ORIENTED_EDGE ( 'NONE', *, *, #1112, .T. ) ;
#1495 =( NAMED_UNIT ( * ) PLANE_ANGLE_UNIT ( ) SI_UNIT ( $, .RADIAN. ) );
#1496 = DIRECTION ( 'NONE',  ( -1.000000000000000000, -0.000000000000000000, -0.000000000000000000 ) ) ;
#1497 = CARTESIAN_POINT ( 'NONE',  ( -0.4749999999999999778, -0.1449999999999999900, 0.2500000000000000000 ) ) ;
#1498 =( LENGTH_UNIT ( ) NAMED_UNIT ( * ) SI_UNIT ( .MILLI., .METRE. ) );
#1499 = CARTESIAN_POINT ( 'NONE',  ( -0.000000000000000000, 0.1700000000000000122, -0.2500000000000000000 ) ) ;
#1500 = PLANE ( 'NONE',  #667 ) ;
#1501 = EDGE_CURVE ( 'NONE', #1470, #365, #572, .T. ) ;
#1502 = CARTESIAN_POINT ( 'NONE',  ( -0.2999999999999999889, 0.1449999999999999900, 0.2500000000000000000 ) ) ;
#1503 = PRODUCT_DEFINITION ( 'UNKNOWN', '', #166, #1689 ) ;
#1504 = CARTESIAN_POINT ( 'NONE',  ( 0.3749999999999995559, 0.1699999999999998734, 0.2500000000000000000 ) ) ;
#1505 = PRESENTATION_LAYER_ASSIGNMENT (  '', '', ( #1636 ) ) ;
#1506 = DIRECTION ( 'NONE',  ( 0.000000000000000000, -1.000000000000000000, 0.000000000000000000 ) ) ;
#1507 = CARTESIAN_POINT ( 'NONE',  ( 0.4749999999999999778, 0.000000000000000000, 0.2500000000000000000 ) ) ;
#1508 = DIRECTION ( 'NONE',  ( -1.000000000000000000, 0.000000000000000000, 0.000000000000000000 ) ) ;
#1509 = PRESENTATION_STYLE_ASSIGNMENT (( #488 ) ) ;
#1510 = ORIENTED_EDGE ( 'NONE', *, *, #989, .T. ) ;
#1511 = SURFACE_STYLE_FILL_AREA ( #394 ) ;
#1512 = LINE ( 'NONE', #624, #453 ) ;
#1513 = APPLICATION_PROTOCOL_DEFINITION ( 'draft international standard', 'automotive_design', 1998, #664 ) ;
#1514 = SURFACE_SIDE_STYLE ('',( #509 ) ) ;
#1515 = ORIENTED_EDGE ( 'NONE', *, *, #1297, .T. ) ;
#1516 =( NAMED_UNIT ( * ) SI_UNIT ( $, .STERADIAN. ) SOLID_ANGLE_UNIT ( ) );
#1517 = FACE_OUTER_BOUND ( 'NONE', #1701, .T. ) ;
#1518 =( NAMED_UNIT ( * ) PLANE_ANGLE_UNIT ( ) SI_UNIT ( $, .RADIAN. ) );
#1519 = VECTOR ( 'NONE', #748, 1000.000000000000000 ) ;
#1520 = ORIENTED_EDGE ( 'NONE', *, *, #145, .F. ) ;
#1521 =( GEOMETRIC_REPRESENTATION_CONTEXT ( 3 ) GLOBAL_UNCERTAINTY_ASSIGNED_CONTEXT ( ( #886 ) ) GLOBAL_UNIT_ASSIGNED_CONTEXT ( ( #1019, #328, #31 ) ) REPRESENTATION_CONTEXT ( 'NONE', 'WORKASPACE' ) );
#1522 = UNCERTAINTY_MEASURE_WITH_UNIT (LENGTH_MEASURE( 1.000000000000000082E-05 ), #1577, 'distance_accuracy_value', 'NONE');
#1523 = DIRECTION ( 'NONE',  ( -1.000000000000000000, 0.000000000000000000, 0.000000000000000000 ) ) ;
#1524 = DIRECTION ( 'NONE',  ( 0.000000000000000000, -1.000000000000000000, 0.000000000000000000 ) ) ;
#1525 = ORIENTED_EDGE ( 'NONE', *, *, #1006, .F. ) ;
#1526 = EDGE_CURVE ( 'NONE', #1679, #1150, #1411, .T. ) ;
#1527 = SURFACE_STYLE_FILL_AREA ( #923 ) ;
#1528 = PLANE ( 'NONE',  #1273 ) ;
#1529 = CARTESIAN_POINT ( 'NONE',  ( 0.4749999999999999778, -0.1449999999999999900, -0.2500000000000000000 ) ) ;
#1530 = DIRECTION ( 'NONE',  ( -0.000000000000000000, -0.000000000000000000, -1.000000000000000000 ) ) ;
#1531 = SURFACE_STYLE_USAGE ( .BOTH. , #1247 ) ;
#1532 = PLANE ( 'NONE',  #1180 ) ;
#1533 = PRESENTATION_LAYER_ASSIGNMENT (  '', '', ( #1002 ) ) ;
#1534 = PLANE ( 'NONE',  #1548 ) ;
#1535 = FILL_AREA_STYLE ('',( #725 ) ) ;
#1536 = PRESENTATION_STYLE_ASSIGNMENT (( #480 ) ) ;
#1537 = SURFACE_STYLE_FILL_AREA ( #50 ) ;
#1538 = EDGE_CURVE ( 'NONE', #1169, #1072, #952, .T. ) ;
#1539 = ORIENTED_EDGE ( 'NONE', *, *, #1752, .T. ) ;
#1540 = DIRECTION ( 'NONE',  ( 0.000000000000000000, -1.000000000000000000, 0.000000000000000000 ) ) ;
#1541 = LINE ( 'NONE', #215, #1808 ) ;
#1542 = ORIENTED_EDGE ( 'NONE', *, *, #1017, .T. ) ;
#1543 = DIRECTION ( 'NONE',  ( 1.000000000000000000, 0.000000000000000000, 0.000000000000000000 ) ) ;
#1544 = SURFACE_SIDE_STYLE ('',( #1139 ) ) ;
#1545 = COLOUR_RGB ( '',0.2509803921568627416, 0.2509803921568627416, 0.2509803921568627416 ) ;
#1546 = COLOUR_RGB ( '',0.7529411764705882248, 0.7529411764705882248, 0.7529411764705882248 ) ;
#1547 = ORIENTED_EDGE ( 'NONE', *, *, #483, .F. ) ;
#1548 = AXIS2_PLACEMENT_3D ( 'NONE', #142, #724, #1136 ) ;
#1549 = VECTOR ( 'NONE', #1015, 1000.000000000000114 ) ;
#1550 = MECHANICAL_DESIGN_GEOMETRIC_PRESENTATION_REPRESENTATION (  '', ( #41 ), #1003 ) ;
#1551 = ORIENTED_EDGE ( 'NONE', *, *, #1215, .F. ) ;
#1552 = STYLED_ITEM ( 'NONE', ( #1399 ), #606 ) ;
#1553 = CARTESIAN_POINT ( 'NONE',  ( 0.4749999999999999778, 0.1449999999999999900, -0.2500000000000000000 ) ) ;
#1554 = CARTESIAN_POINT ( 'NONE',  ( -0.4749999999999999778, -0.1449999999999999900, -0.2500000000000000000 ) ) ;
#1555 =( NAMED_UNIT ( * ) PLANE_ANGLE_UNIT ( ) SI_UNIT ( $, .RADIAN. ) );
#1556 = FILL_AREA_STYLE_COLOUR ( '', #578 ) ;
#1557 = DIRECTION ( 'NONE',  ( -4.336808689942020891E-15, -1.000000000000000000, -0.000000000000000000 ) ) ;
#1558 = MECHANICAL_DESIGN_GEOMETRIC_PRESENTATION_REPRESENTATION (  '', ( #770 ), #838 ) ;
#1559 = SURFACE_STYLE_FILL_AREA ( #1489 ) ;
#1560 = CARTESIAN_POINT ( 'NONE',  ( -0.3749999999999995559, 0.1699999999999999845, 0.1750000000000000167 ) ) ;
#1561 =( GEOMETRIC_REPRESENTATION_CONTEXT ( 3 ) GLOBAL_UNCERTAINTY_ASSIGNED_CONTEXT ( ( #922 ) ) GLOBAL_UNIT_ASSIGNED_CONTEXT ( ( #1662, #232, #1219 ) ) REPRESENTATION_CONTEXT ( 'NONE', 'WORKASPACE' ) );
#1562 = PLANE ( 'NONE',  #1597 ) ;
#1563 = LINE ( 'NONE', #911, #992 ) ;
#1564 = ORIENTED_EDGE ( 'NONE', *, *, #1526, .F. ) ;
#1565 = LINE ( 'NONE', #1306, #774 ) ;
#1566 = EDGE_LOOP ( 'NONE', ( #617, #1014, #1648, #588 ) ) ;
#1567 =( NAMED_UNIT ( * ) SI_UNIT ( $, .STERADIAN. ) SOLID_ANGLE_UNIT ( ) );
#1568 = ORIENTED_EDGE ( 'NONE', *, *, #700, .T. ) ;
#1569 = DIRECTION ( 'NONE',  ( 1.000000000000000000, 0.000000000000000000, 0.000000000000000000 ) ) ;
#1570 = LINE ( 'NONE', #558, #12 ) ;
#1571 = EDGE_LOOP ( 'NONE', ( #1425, #1028, #1332, #898 ) ) ;
#1572 = EDGE_CURVE ( 'NONE', #1740, #1150, #24, .T. ) ;
#1573 = PRESENTATION_LAYER_ASSIGNMENT (  '', '', ( #1037 ) ) ;
#1574 = EDGE_CURVE ( 'NONE', #410, #1427, #619, .T. ) ;
#1575 = MECHANICAL_DESIGN_GEOMETRIC_PRESENTATION_REPRESENTATION (  '', ( #1160 ), #27 ) ;
#1576 = ADVANCED_FACE ( 'NONE', ( #997 ), #1268, .T. ) ;
#1577 =( LENGTH_UNIT ( ) NAMED_UNIT ( * ) SI_UNIT ( .MILLI., .METRE. ) );
#1578 = UNCERTAINTY_MEASURE_WITH_UNIT (LENGTH_MEASURE( 1.000000000000000082E-05 ), #1767, 'distance_accuracy_value', 'NONE');
#1579 = FILL_AREA_STYLE_COLOUR ( '', #736 ) ;
#1580 = COLOUR_RGB ( '',0.7921568627450980005, 0.8196078431372548767, 0.9333333333333333481 ) ;
#1581 =( GEOMETRIC_REPRESENTATION_CONTEXT ( 3 ) GLOBAL_UNCERTAINTY_ASSIGNED_CONTEXT ( ( #1115 ) ) GLOBAL_UNIT_ASSIGNED_CONTEXT ( ( #1747, #913, #1326 ) ) REPRESENTATION_CONTEXT ( 'NONE', 'WORKASPACE' ) );
#1582 = PLANE ( 'NONE',  #807 ) ;
#1583 = EDGE_CURVE ( 'NONE', #1603, #1696, #1488, .T. ) ;
#1584 = DIRECTION ( 'NONE',  ( 0.000000000000000000, -0.000000000000000000, 1.000000000000000000 ) ) ;
#1585 = SURFACE_STYLE_FILL_AREA ( #754 ) ;
#1586 = VERTEX_POINT ( 'NONE', #1403 ) ;
#1587 = SURFACE_STYLE_FILL_AREA ( #1729 ) ;
#1588 = EDGE_LOOP ( 'NONE', ( #306, #1231, #973, #293, #498, #1042, #1261, #1766 ) ) ;
#1589 = FILL_AREA_STYLE_COLOUR ( '', #104 ) ;
#1590 = CARTESIAN_POINT ( 'NONE',  ( 0.5000000000000000000, 0.1700000000000000122, 0.2500000000000000000 ) ) ;
#1591 = FILL_AREA_STYLE ('',( #604 ) ) ;
#1592 = SURFACE_STYLE_FILL_AREA ( #975 ) ;
#1593 = FILL_AREA_STYLE_COLOUR ( '', #58 ) ;
#1594 = COLOUR_RGB ( '',0.7529411764705882248, 0.7529411764705882248, 0.7529411764705882248 ) ;
#1595 = UNCERTAINTY_MEASURE_WITH_UNIT (LENGTH_MEASURE( 1.000000000000000082E-05 ), #26, 'distance_accuracy_value', 'NONE');
#1596 = EDGE_CURVE ( 'NONE', #413, #702, #312, .T. ) ;
#1597 = AXIS2_PLACEMENT_3D ( 'NONE', #1704, #862, #729 ) ;
#1598 = SURFACE_STYLE_FILL_AREA ( #530 ) ;
#1599 = VECTOR ( 'NONE', #1355, 1000.000000000000000 ) ;
#1600 = ORIENTED_EDGE ( 'NONE', *, *, #1466, .T. ) ;
#1601 = AXIS2_PLACEMENT_3D ( 'NONE', #495, #638, #1772 ) ;
#1602 = DIRECTION ( 'NONE',  ( 0.000000000000000000, -0.000000000000000000, -1.000000000000000000 ) ) ;
#1603 = VERTEX_POINT ( 'NONE', #855 ) ;
#1604 = PRESENTATION_STYLE_ASSIGNMENT (( #321 ) ) ;
#1605 = ORIENTED_EDGE ( 'NONE', *, *, #940, .T. ) ;
#1606 = LINE ( 'NONE', #259, #272 ) ;
#1607 = ORIENTED_EDGE ( 'NONE', *, *, #1478, .T. ) ;
#1608 = CARTESIAN_POINT ( 'NONE',  ( 0.000000000000000000, -0.1449999999999999900, 0.2500000000000000000 ) ) ;
#1609 = CARTESIAN_POINT ( 'NONE',  ( 0.2999999999999999889, 0.000000000000000000, 0.2500000000000000000 ) ) ;
#1610 = STYLED_ITEM ( 'NONE', ( #1144 ), #303 ) ;
#1611 = DIRECTION ( 'NONE',  ( 0.000000000000000000, 0.000000000000000000, 1.000000000000000000 ) ) ;
#1612 = CARTESIAN_POINT ( 'NONE',  ( 0.5000000000000000000, 0.000000000000000000, 0.2500000000000000000 ) ) ;
#1613 = CARTESIAN_POINT ( 'NONE',  ( 0.4749999999999999778, 0.1449999999999999900, -0.2500000000000000000 ) ) ;
#1614 = SURFACE_STYLE_FILL_AREA ( #72 ) ;
#1615 = AXIS2_PLACEMENT_3D ( 'NONE', #409, #1393, #402 ) ;
#1616 = CARTESIAN_POINT ( 'NONE',  ( 0.3749999999999995559, 0.1699999999999998734, -0.1750000000000000167 ) ) ;
#1617 =( LENGTH_UNIT ( ) NAMED_UNIT ( * ) SI_UNIT ( .MILLI., .METRE. ) );
#1618 = ADVANCED_FACE ( 'NONE', ( #1356 ), #1562, .T. ) ;
#1619 = SURFACE_STYLE_FILL_AREA ( #934 ) ;
#1620 = MECHANICAL_DESIGN_GEOMETRIC_PRESENTATION_REPRESENTATION (  '', ( #783 ), #977 ) ;
#1621 = FILL_AREA_STYLE_COLOUR ( '', #1442 ) ;
#1622 = PRESENTATION_STYLE_ASSIGNMENT (( #851 ) ) ;
#1623 = ORIENTED_EDGE ( 'NONE', *, *, #1317, .T. ) ;
#1624 = CARTESIAN_POINT ( 'NONE',  ( 0.2999999999999999889, 0.1449999999999999900, 0.2449999999999993294 ) ) ;
#1625 = VECTOR ( 'NONE', #419, 1000.000000000000000 ) ;
#1626 = ORIENTED_EDGE ( 'NONE', *, *, #860, .F. ) ;
#1627 = CARTESIAN_POINT ( 'NONE',  ( -0.2999999999999999889, -0.1700000000000000122, 0.2500000000000000000 ) ) ;
#1628 = FILL_AREA_STYLE ('',( #74 ) ) ;
#1629 = LINE ( 'NONE', #996, #882 ) ;
#1630 = UNCERTAINTY_MEASURE_WITH_UNIT (LENGTH_MEASURE( 1.000000000000000082E-05 ), #632, 'distance_accuracy_value', 'NONE');
#1631 = CARTESIAN_POINT ( 'NONE',  ( 0.000000000000000000, 0.000000000000000000, 0.1750000000000000167 ) ) ;
#1632 = DIRECTION ( 'NONE',  ( -4.336808689942020891E-15, 1.000000000000000000, 0.000000000000000000 ) ) ;
#1633 =( NAMED_UNIT ( * ) PLANE_ANGLE_UNIT ( ) SI_UNIT ( $, .RADIAN. ) );
#1634 =( GEOMETRIC_REPRESENTATION_CONTEXT ( 3 ) GLOBAL_UNCERTAINTY_ASSIGNED_CONTEXT ( ( #152 ) ) GLOBAL_UNIT_ASSIGNED_CONTEXT ( ( #427, #1555, #1145 ) ) REPRESENTATION_CONTEXT ( 'NONE', 'WORKASPACE' ) );
#1635 = CARTESIAN_POINT ( 'NONE',  ( -0.4749999999999999778, 0.1449999999999999900, 0.2500000000000000000 ) ) ;
#1636 = STYLED_ITEM ( 'NONE', ( #1293 ), #642 ) ;
#1637 = CARTESIAN_POINT ( 'NONE',  ( -0.3749999999999995559, 0.1699999999999999845, 0.1750000000000000167 ) ) ;
#1638 =( NAMED_UNIT ( * ) SI_UNIT ( $, .STERADIAN. ) SOLID_ANGLE_UNIT ( ) );
#1639 =( LENGTH_UNIT ( ) NAMED_UNIT ( * ) SI_UNIT ( .MILLI., .METRE. ) );
#1640 = COLOUR_RGB ( '',0.7529411764705882248, 0.7529411764705882248, 0.7529411764705882248 ) ;
#1641 = DIRECTION ( 'NONE',  ( 1.000000000000000000, 0.000000000000000000, -0.000000000000000000 ) ) ;
#1642 = DIRECTION ( 'NONE',  ( -1.000000000000000000, 0.000000000000000000, 0.000000000000000000 ) ) ;
#1643 = LINE ( 'NONE', #1802, #160 ) ;
#1644 = ORIENTED_EDGE ( 'NONE', *, *, #1572, .T. ) ;
#1645 = VECTOR ( 'NONE', #183, 1000.000000000000000 ) ;
#1646 = CARTESIAN_POINT ( 'NONE',  ( 0.4749999999999999778, -0.1449999999999999900, -0.2500000000000000000 ) ) ;
#1647 = FACE_OUTER_BOUND ( 'NONE', #1723, .T. ) ;
#1648 = ORIENTED_EDGE ( 'NONE', *, *, #602, .T. ) ;
#1649 = FILL_AREA_STYLE ('',( #106 ) ) ;
#1650 = VECTOR ( 'NONE', #810, 1000.000000000000000 ) ;
#1651 = MECHANICAL_DESIGN_GEOMETRIC_PRESENTATION_REPRESENTATION (  '', ( #1610 ), #651 ) ;
#1652 = CARTESIAN_POINT ( 'NONE',  ( 0.3749999999999996669, 0.1449999999999998790, -0.1750000000000000167 ) ) ;
#1653 = DIRECTION ( 'NONE',  ( -0.000000000000000000, 0.000000000000000000, -1.000000000000000000 ) ) ;
#1654 = ORIENTED_EDGE ( 'NONE', *, *, #397, .F. ) ;
#1655 = LINE ( 'NONE', #254, #1422 ) ;
#1656 = ORIENTED_EDGE ( 'NONE', *, *, #654, .F. ) ;
#1657 = SURFACE_SIDE_STYLE ('',( #640 ) ) ;
#1658 = CARTESIAN_POINT ( 'NONE',  ( 0.000000000000000000, 0.1449999999999999900, 0.2449999999999993294 ) ) ;
#1659 = VERTEX_POINT ( 'NONE', #728 ) ;
#1660 = DIRECTION ( 'NONE',  ( 1.000000000000000000, 0.000000000000000000, -0.000000000000000000 ) ) ;
#1661 = UNCERTAINTY_MEASURE_WITH_UNIT (LENGTH_MEASURE( 1.000000000000000082E-05 ), #983, 'distance_accuracy_value', 'NONE');
#1662 =( LENGTH_UNIT ( ) NAMED_UNIT ( * ) SI_UNIT ( .MILLI., .METRE. ) );
#1663 = CARTESIAN_POINT ( 'NONE',  ( 0.3749999999999996669, 0.1449999999999998790, 0.1750000000000000167 ) ) ;
#1664 = FILL_AREA_STYLE_COLOUR ( '', #283 ) ;
#1665 = DIRECTION ( 'NONE',  ( -0.000000000000000000, -0.000000000000000000, -1.000000000000000000 ) ) ;
#1666 = PRESENTATION_LAYER_ASSIGNMENT (  '', '', ( #1416 ) ) ;
#1667 = EDGE_CURVE ( 'NONE', #4, #192, #1744, .T. ) ;
#1668 = CARTESIAN_POINT ( 'NONE',  ( 0.2649999999999996247, 0.1799999999999999933, -0.2099999999999992983 ) ) ;
#1669 = EDGE_CURVE ( 'NONE', #1236, #242, #1260, .T. ) ;
#1670 = PRESENTATION_LAYER_ASSIGNMENT (  '', '', ( #1160 ) ) ;
#1671 = FILL_AREA_STYLE ('',( #263 ) ) ;
#1672 = PRESENTATION_STYLE_ASSIGNMENT (( #405 ) ) ;
#1673 = CARTESIAN_POINT ( 'NONE',  ( 0.2749999999999996891, 0.1699999999999999012, -0.1750000000000000167 ) ) ;
#1674 = DIRECTION ( 'NONE',  ( 1.000000000000000000, 0.000000000000000000, 0.000000000000000000 ) ) ;
#1675 = LINE ( 'NONE', #1487, #1235 ) ;
#1676 = PRESENTATION_STYLE_ASSIGNMENT (( #596 ) ) ;
#1677 = ORIENTED_EDGE ( 'NONE', *, *, #726, .F. ) ;
#1678 = STYLED_ITEM ( 'NONE', ( #568 ), #440 ) ;
#1679 = VERTEX_POINT ( 'NONE', #1616 ) ;
#1680 = VECTOR ( 'NONE', #80, 1000.000000000000000 ) ;
#1681 = FILL_AREA_STYLE ('',( #1732 ) ) ;
#1682 = CARTESIAN_POINT ( 'NONE',  ( 0.3749999999999996669, 0.1449999999999999900, 0.2500000000000000000 ) ) ;
#1683 = PRODUCT ( 'TNPW040220K0BEED', 'TNPW040220K0BEED', '', ( #1359 ) ) ;
#1684 = CARTESIAN_POINT ( 'NONE',  ( 0.4749999999999999778, -0.1449999999999999900, -0.2500000000000000000 ) ) ;
#1685 = DIRECTION ( 'NONE',  ( -1.000000000000000000, 0.000000000000000000, 0.000000000000000000 ) ) ;
#1686 = EDGE_CURVE ( 'NONE', #241, #216, #494, .T. ) ;
#1687 = STYLED_ITEM ( 'NONE', ( #740 ), #1060 ) ;
#1688 = DIRECTION ( 'NONE',  ( 1.000000000000000000, 0.000000000000000000, 0.000000000000000000 ) ) ;
#1689 = PRODUCT_DEFINITION_CONTEXT ( 'detailed design', #664, 'design' ) ;
#1690 = VECTOR ( 'NONE', #220, 1000.000000000000000 ) ;
#1691 = SURFACE_STYLE_FILL_AREA ( #1431 ) ;
#1692 = SURFACE_STYLE_FILL_AREA ( #1591 ) ;
#1693 = ORIENTED_EDGE ( 'NONE', *, *, #404, .T. ) ;
#1694 = SURFACE_STYLE_FILL_AREA ( #85 ) ;
#1695 = SURFACE_SIDE_STYLE ('',( #1764 ) ) ;
#1696 = VERTEX_POINT ( 'NONE', #587 ) ;
#1697 =( GEOMETRIC_REPRESENTATION_CONTEXT ( 3 ) GLOBAL_UNCERTAINTY_ASSIGNED_CONTEXT ( ( #1327 ) ) GLOBAL_UNIT_ASSIGNED_CONTEXT ( ( #1195, #1020, #1763 ) ) REPRESENTATION_CONTEXT ( 'NONE', 'WORKASPACE' ) );
#1698 = CLOSED_SHELL ( 'NONE', ( #1703, #60, #1154, #303, #156, #1576 ) ) ;
#1699 = FACE_OUTER_BOUND ( 'NONE', #1201, .T. ) ;
#1700 = AXIS2_PLACEMENT_3D ( 'NONE', #227, #482, #925 ) ;
#1701 = EDGE_LOOP ( 'NONE', ( #1105, #1542, #1126, #1515 ) ) ;
#1702 = CARTESIAN_POINT ( 'NONE',  ( 0.3749999999999995559, 0.1699999999999998734, -0.2500000000000000000 ) ) ;
#1703 = ADVANCED_FACE ( 'NONE', ( #129 ), #786, .F. ) ;
#1704 = CARTESIAN_POINT ( 'NONE',  ( 0.000000000000000000, 0.000000000000000000, 0.2500000000000000000 ) ) ;
#1705 = LINE ( 'NONE', #1075, #1418 ) ;
#1706 = PRESENTATION_LAYER_ASSIGNMENT (  '', '', ( #357 ) ) ;
#1707 = PLANE ( 'NONE',  #943 ) ;
#1708 = SURFACE_SIDE_STYLE ('',( #1592 ) ) ;
#1709 = UNCERTAINTY_MEASURE_WITH_UNIT (LENGTH_MEASURE( 1.000000000000000082E-05 ), #1232, 'distance_accuracy_value', 'NONE');
#1710 = LINE ( 'NONE', #162, #1256 ) ;
#1711 = VECTOR ( 'NONE', #1781, 1000.000000000000000 ) ;
#1712 = ADVANCED_FACE ( 'NONE', ( #1074 ), #1162, .T. ) ;
#1713 = ORIENTED_EDGE ( 'NONE', *, *, #747, .T. ) ;
#1714 = LINE ( 'NONE', #32, #1737 ) ;
#1715 = VERTEX_POINT ( 'NONE', #487 ) ;
#1716 =( NAMED_UNIT ( * ) PLANE_ANGLE_UNIT ( ) SI_UNIT ( $, .RADIAN. ) );
#1717 = DIRECTION ( 'NONE',  ( 0.000000000000000000, 0.000000000000000000, 1.000000000000000000 ) ) ;
#1718 = VERTEX_POINT ( 'NONE', #1428 ) ;
#1719 = UNCERTAINTY_MEASURE_WITH_UNIT (LENGTH_MEASURE( 1.000000000000000082E-05 ), #239, 'distance_accuracy_value', 'NONE');
#1720 =( LENGTH_UNIT ( ) NAMED_UNIT ( * ) SI_UNIT ( .MILLI., .METRE. ) );
#1721 = ORIENTED_EDGE ( 'NONE', *, *, #747, .F. ) ;
#1722 = DIRECTION ( 'NONE',  ( -4.336808689942020891E-15, -1.000000000000000000, 0.000000000000000000 ) ) ;
#1723 = EDGE_LOOP ( 'NONE', ( #945, #753, #1276, #57 ) ) ;
#1724 = ADVANCED_FACE ( 'NONE', ( #1100 ), #1771, .T. ) ;
#1725 = DIRECTION ( 'NONE',  ( 0.000000000000000000, -1.000000000000000000, 0.000000000000000000 ) ) ;
#1726 = EDGE_CURVE ( 'NONE', #6, #1740, #1813, .T. ) ;
#1727 = AXIS2_PLACEMENT_3D ( 'NONE', #837, #1267, #1674 ) ;
#1728 = VECTOR ( 'NONE', #1313, 1000.000000000000000 ) ;
#1729 = FILL_AREA_STYLE ('',( #1161 ) ) ;
#1730 =( NAMED_UNIT ( * ) SI_UNIT ( $, .STERADIAN. ) SOLID_ANGLE_UNIT ( ) );
#1731 = DIRECTION ( 'NONE',  ( 0.000000000000000000, -0.7071067811865511255, 0.7071067811865440200 ) ) ;
#1732 = FILL_AREA_STYLE_COLOUR ( '', #1398 ) ;
#1733 = DIRECTION ( 'NONE',  ( 0.000000000000000000, 0.000000000000000000, -1.000000000000000000 ) ) ;
#1734 = MECHANICAL_DESIGN_GEOMETRIC_PRESENTATION_REPRESENTATION (  '', ( #1002 ), #1430 ) ;
#1735 = ADVANCED_FACE ( 'NONE', ( #1424 ), #165, .T. ) ;
#1736 = MECHANICAL_DESIGN_GEOMETRIC_PRESENTATION_REPRESENTATION (  '', ( #1678 ), #466 ) ;
#1737 = VECTOR ( 'NONE', #599, 1000.000000000000000 ) ;
#1738 = LINE ( 'NONE', #535, #1690 ) ;
#1739 = DIRECTION ( 'NONE',  ( 0.000000000000000000, -1.000000000000000000, 0.000000000000000000 ) ) ;
#1740 = VERTEX_POINT ( 'NONE', #29 ) ;
#1741 = CARTESIAN_POINT ( 'NONE',  ( -0.2999999999999999889, 0.1449999999999999900, 0.1750000000000000167 ) ) ;
#1742 = ORIENTED_EDGE ( 'NONE', *, *, #1018, .T. ) ;
#1743 = COLOUR_RGB ( '',0.2509803921568627416, 0.2509803921568627416, 0.2509803921568627416 ) ;
#1744 = LINE ( 'NONE', #574, #1407 ) ;
#1745 = ORIENTED_EDGE ( 'NONE', *, *, #731, .F. ) ;
#1746 = VECTOR ( 'NONE', #1107, 1000.000000000000000 ) ;
#1747 =( LENGTH_UNIT ( ) NAMED_UNIT ( * ) SI_UNIT ( .MILLI., .METRE. ) );
#1748 = ORIENTED_EDGE ( 'NONE', *, *, #1057, .T. ) ;
#1749 = DIRECTION ( 'NONE',  ( 0.000000000000000000, -1.000000000000000000, 0.000000000000000000 ) ) ;
#1750 = ORIENTED_EDGE ( 'NONE', *, *, #908, .T. ) ;
#1751 = PRESENTATION_LAYER_ASSIGNMENT (  '', '', ( #741 ) ) ;
#1752 = EDGE_CURVE ( 'NONE', #192, #6, #733, .T. ) ;
#1753 = STYLED_ITEM ( 'NONE', ( #703 ), #1154 ) ;
#1754 = SURFACE_SIDE_STYLE ('',( #257 ) ) ;
#1755 = VECTOR ( 'NONE', #1685, 1000.000000000000000 ) ;
#1756 =( NAMED_UNIT ( * ) PLANE_ANGLE_UNIT ( ) SI_UNIT ( $, .RADIAN. ) );
#1757 = VECTOR ( 'NONE', #97, 1000.000000000000000 ) ;
#1758 = STYLED_ITEM ( 'NONE', ( #1032 ), #18 ) ;
#1759 = VERTEX_POINT ( 'NONE', #1627 ) ;
#1760 = AXIS2_PLACEMENT_3D ( 'NONE', #1052, #801, #208 ) ;
#1761 = CARTESIAN_POINT ( 'NONE',  ( -0.2649999999999996247, 0.1799999999999999933, -0.2099999999999992983 ) ) ;
#1762 = ORIENTED_EDGE ( 'NONE', *, *, #1036, .F. ) ;
#1763 =( NAMED_UNIT ( * ) SI_UNIT ( $, .STERADIAN. ) SOLID_ANGLE_UNIT ( ) );
#1764 = SURFACE_STYLE_FILL_AREA ( #1419 ) ;
#1765 = VERTEX_POINT ( 'NONE', #1234 ) ;
#1766 = ORIENTED_EDGE ( 'NONE', *, *, #1391, .T. ) ;
#1767 =( LENGTH_UNIT ( ) NAMED_UNIT ( * ) SI_UNIT ( .MILLI., .METRE. ) );
#1768 = FACE_OUTER_BOUND ( 'NONE', #549, .T. ) ;
#1769 = FILL_AREA_STYLE_COLOUR ( '', #861 ) ;
#1770 = COLOUR_RGB ( '',0.7529411764705882248, 0.7529411764705882248, 0.7529411764705882248 ) ;
#1771 = PLANE ( 'NONE',  #395 ) ;
#1772 = DIRECTION ( 'NONE',  ( 1.000000000000000000, 0.000000000000000000, 0.000000000000000000 ) ) ;
#1773 =( GEOMETRIC_REPRESENTATION_CONTEXT ( 3 ) GLOBAL_UNCERTAINTY_ASSIGNED_CONTEXT ( ( #1630 ) ) GLOBAL_UNIT_ASSIGNED_CONTEXT ( ( #632, #364, #782 ) ) REPRESENTATION_CONTEXT ( 'NONE', 'WORKASPACE' ) );
#1774 = UNCERTAINTY_MEASURE_WITH_UNIT (LENGTH_MEASURE( 1.000000000000000082E-05 ), #1639, 'distance_accuracy_value', 'NONE');
#1775 = DIRECTION ( 'NONE',  ( -1.000000000000000000, 4.336808689942020891E-15, 0.000000000000000000 ) ) ;
#1776 =( NAMED_UNIT ( * ) PLANE_ANGLE_UNIT ( ) SI_UNIT ( $, .RADIAN. ) );
#1777 =( LENGTH_UNIT ( ) NAMED_UNIT ( * ) SI_UNIT ( .MILLI., .METRE. ) );
#1778 = PRESENTATION_STYLE_ASSIGNMENT (( #1116 ) ) ;
#1779 = FACE_OUTER_BOUND ( 'NONE', #285, .T. ) ;
#1780 = FILL_AREA_STYLE_COLOUR ( '', #238 ) ;
#1781 = DIRECTION ( 'NONE',  ( -1.000000000000000000, 2.710505431213764536E-16, -0.000000000000000000 ) ) ;
#1782 = AXIS2_PLACEMENT_3D ( 'NONE', #1129, #310, #1439 ) ;
#1783 = COLOUR_RGB ( '',0.7529411764705882248, 0.7529411764705882248, 0.7529411764705882248 ) ;
#1784 = VECTOR ( 'NONE', #1496, 1000.000000000000000 ) ;
#1785 = CARTESIAN_POINT ( 'NONE',  ( -0.2999999999999999889, 0.000000000000000000, 0.2500000000000000000 ) ) ;
#1786 = VERTEX_POINT ( 'NONE', #1635 ) ;
#1787 = SURFACE_STYLE_FILL_AREA ( #655 ) ;
#1788 = FILL_AREA_STYLE ('',( #234 ) ) ;
#1789 = FILL_AREA_STYLE ('',( #784 ) ) ;
#1790 = ORIENTED_EDGE ( 'NONE', *, *, #543, .T. ) ;
#1791 =( NAMED_UNIT ( * ) PLANE_ANGLE_UNIT ( ) SI_UNIT ( $, .RADIAN. ) );
#1792 = ORIENTED_EDGE ( 'NONE', *, *, #1112, .F. ) ;
#1793 = CARTESIAN_POINT ( 'NONE',  ( -0.5000000000000000000, 0.000000000000000000, -0.2500000000000000000 ) ) ;
#1794 = LINE ( 'NONE', #553, #858 ) ;
#1795 = ORIENTED_EDGE ( 'NONE', *, *, #1200, .T. ) ;
#1796 = PLANE ( 'NONE',  #1021 ) ;
#1797 = SURFACE_SIDE_STYLE ('',( #514 ) ) ;
#1798 = CARTESIAN_POINT ( 'NONE',  ( -0.5000000000000000000, 0.000000000000000000, 0.2500000000000000000 ) ) ;
#1799 =( GEOMETRIC_REPRESENTATION_CONTEXT ( 3 ) GLOBAL_UNCERTAINTY_ASSIGNED_CONTEXT ( ( #1460 ) ) GLOBAL_UNIT_ASSIGNED_CONTEXT ( ( #311, #1142, #300 ) ) REPRESENTATION_CONTEXT ( 'NONE', 'WORKASPACE' ) );
#1800 = UNCERTAINTY_MEASURE_WITH_UNIT (LENGTH_MEASURE( 1.000000000000000082E-05 ), #832, 'distance_accuracy_value', 'NONE');
#1801 =( GEOMETRIC_REPRESENTATION_CONTEXT ( 3 ) GLOBAL_UNCERTAINTY_ASSIGNED_CONTEXT ( ( #346 ) ) GLOBAL_UNIT_ASSIGNED_CONTEXT ( ( #368, #1776, #805 ) ) REPRESENTATION_CONTEXT ( 'NONE', 'WORKASPACE' ) );
#1802 = CARTESIAN_POINT ( 'NONE',  ( -0.4749999999999999778, 0.000000000000000000, -0.2500000000000000000 ) ) ;
#1803 = CARTESIAN_POINT ( 'NONE',  ( 0.3749999999999995559, 0.1699999999999998734, 0.1750000000000000167 ) ) ;
#1804 = DIRECTION ( 'NONE',  ( -0.000000000000000000, -0.000000000000000000, -1.000000000000000000 ) ) ;
#1805 =( NAMED_UNIT ( * ) PLANE_ANGLE_UNIT ( ) SI_UNIT ( $, .RADIAN. ) );
#1806 = VECTOR ( 'NONE', #1739, 1000.000000000000000 ) ;
#1807 = FILL_AREA_STYLE ('',( #264 ) ) ;
#1808 = VECTOR ( 'NONE', #86, 1000.000000000000000 ) ;
#1809 = ORIENTED_EDGE ( 'NONE', *, *, #1824, .F. ) ;
#1810 = CARTESIAN_POINT ( 'NONE',  ( -0.5000000000000000000, 0.1700000000000000122, -0.2500000000000000000 ) ) ;
#1811 = ORIENTED_EDGE ( 'NONE', *, *, #1686, .T. ) ;
#1812 = PRESENTATION_LAYER_ASSIGNMENT (  '', '', ( #451 ) ) ;
#1813 = LINE ( 'NONE', #34, #1257 ) ;
#1814 = DIRECTION ( 'NONE',  ( 0.000000000000000000, -1.000000000000000000, 0.000000000000000000 ) ) ;
#1815 = FACE_OUTER_BOUND ( 'NONE', #1325, .T. ) ;
#1816 = VERTEX_POINT ( 'NONE', #502 ) ;
#1817 = CARTESIAN_POINT ( 'NONE',  ( -0.2649999999999996247, 0.1799999999999999933, 0.2500000000000000000 ) ) ;
#1818 = SURFACE_STYLE_FILL_AREA ( #108 ) ;
#1819 = ORIENTED_EDGE ( 'NONE', *, *, #1667, .F. ) ;
#1820 = SURFACE_STYLE_FILL_AREA ( #486 ) ;
#1821 = DIRECTION ( 'NONE',  ( 1.000000000000000000, 0.000000000000000000, 0.000000000000000000 ) ) ;
#1822 =( LENGTH_UNIT ( ) NAMED_UNIT ( * ) SI_UNIT ( .MILLI., .METRE. ) );
#1823 = DIRECTION ( 'NONE',  ( 0.000000000000000000, 0.000000000000000000, 1.000000000000000000 ) ) ;
#1824 = EDGE_CURVE ( 'NONE', #216, #1147, #1675, .T. ) ;
#1825 = PRESENTATION_LAYER_ASSIGNMENT (  '', '', ( #1753 ) ) ;
ENDSEC;
END-ISO-10303-21;
