ISO-10303-21;
HEADER;
FILE_DESCRIPTION (( 'STEP AP214' ),
    '1' );
FILE_NAME ('PTN5150AHXMP.STEP',
    '2025-04-15T16:04:05',
    ( '' ),
    ( '' ),
    'SwSTEP 2.0',
    'SolidWorks 2020',
    '' );
FILE_SCHEMA (( 'AUTOMOTIVE_DESIGN' ));
ENDSEC;

DATA;
#1 = AXIS2_PLACEMENT_3D ( 'NONE', #803, #2116, #1885 ) ;
#2 = CARTESIAN_POINT ( 'NONE',  ( -0.7999999999999998224, 0.000000000000000000, 0.7999999999999999334 ) ) ;
#3 = ORIENTED_EDGE ( 'NONE', *, *, #1537, .F. ) ;
#4 =( NAMED_UNIT ( * ) SI_UNIT ( $, .STERADIAN. ) SOLID_ANGLE_UNIT ( ) );
#5 = LINE ( 'NONE', #1720, #2584 ) ;
#6 = LINE ( 'NONE', #437, #2777 ) ;
#7 = LINE ( 'NONE', #1996, #1590 ) ;
#8 = EDGE_CURVE ( 'NONE', #1429, #2687, #2308, .T. ) ;
#9 = DIRECTION ( 'NONE',  ( -0.000000000000000000, 0.000000000000000000, 1.000000000000000000 ) ) ;
#10 = VERTEX_POINT ( 'NONE', #974 ) ;
#11 = DIRECTION ( 'NONE',  ( 0.000000000000000000, 0.000000000000000000, 1.000000000000000000 ) ) ;
#12 = VECTOR ( 'NONE', #915, 1000.000000000000000 ) ;
#13 = FACE_OUTER_BOUND ( 'NONE', #927, .T. ) ;
#14 = ORIENTED_EDGE ( 'NONE', *, *, #1942, .F. ) ;
#15 = FACE_OUTER_BOUND ( 'NONE', #2613, .T. ) ;
#16 = ORIENTED_EDGE ( 'NONE', *, *, #866, .F. ) ;
#17 = EDGE_CURVE ( 'NONE', #1494, #2501, #2728, .T. ) ;
#18 = DIRECTION ( 'NONE',  ( 1.000000000000000000, 0.000000000000000000, 0.000000000000000000 ) ) ;
#19 = EDGE_CURVE ( 'NONE', #473, #1595, #347, .T. ) ;
#20 = EDGE_CURVE ( 'NONE', #2211, #787, #2742, .T. ) ;
#21 = VERTEX_POINT ( 'NONE', #2485 ) ;
#22 = DIRECTION ( 'NONE',  ( -0.000000000000000000, 1.000000000000000000, 0.000000000000000000 ) ) ;
#23 =( GEOMETRIC_REPRESENTATION_CONTEXT ( 3 ) GLOBAL_UNCERTAINTY_ASSIGNED_CONTEXT ( ( #1481 ) ) GLOBAL_UNIT_ASSIGNED_CONTEXT ( ( #1183, #2254, #482 ) ) REPRESENTATION_CONTEXT ( 'NONE', 'WORKASPACE' ) );
#24 = EDGE_CURVE ( 'NONE', #794, #2421, #2276, .T. ) ;
#25 = CARTESIAN_POINT ( 'NONE',  ( -0.7000000000000000666, 0.1069999999999999979, -0.8009999999999999343 ) ) ;
#26 = VERTEX_POINT ( 'NONE', #2503 ) ;
#27 = ORIENTED_EDGE ( 'NONE', *, *, #1657, .T. ) ;
#28 = VECTOR ( 'NONE', #1476, 1000.000000000000000 ) ;
#29 = LINE ( 'NONE', #901, #1867 ) ;
#30 = MECHANICAL_DESIGN_GEOMETRIC_PRESENTATION_REPRESENTATION (  '', ( #1719 ), #856 ) ;
#31 = PLANE ( 'NONE',  #973 ) ;
#32 = ORIENTED_EDGE ( 'NONE', *, *, #198, .T. ) ;
#33 = DIRECTION ( 'NONE',  ( 0.000000000000000000, 1.000000000000000000, 0.000000000000000000 ) ) ;
#34 = EDGE_CURVE ( 'NONE', #1847, #506, #1412, .T. ) ;
#35 =( GEOMETRIC_REPRESENTATION_CONTEXT ( 3 ) GLOBAL_UNCERTAINTY_ASSIGNED_CONTEXT ( ( #2342 ) ) GLOBAL_UNIT_ASSIGNED_CONTEXT ( ( #2253, #510, #339 ) ) REPRESENTATION_CONTEXT ( 'NONE', 'WORKASPACE' ) );
#36 = AXIS2_PLACEMENT_3D ( 'NONE', #2635, #1384, #1553 ) ;
#37 = ORIENTED_EDGE ( 'NONE', *, *, #593, .F. ) ;
#38 = DIRECTION ( 'NONE',  ( -0.000000000000000000, 0.000000000000000000, 1.000000000000000000 ) ) ;
#39 = MECHANICAL_DESIGN_GEOMETRIC_PRESENTATION_REPRESENTATION (  '', ( #264 ), #546 ) ;
#40 = FILL_AREA_STYLE ('',( #1335 ) ) ;
#41 = EDGE_CURVE ( 'NONE', #1783, #640, #331, .T. ) ;
#42 = VECTOR ( 'NONE', #1660, 1000.000000000000000 ) ;
#43 = DIRECTION ( 'NONE',  ( 3.614007241618347785E-16, 0.000000000000000000, -1.000000000000000000 ) ) ;
#44 = EDGE_CURVE ( 'NONE', #1755, #904, #1808, .T. ) ;
#45 = ORIENTED_EDGE ( 'NONE', *, *, #2015, .F. ) ;
#46 = CARTESIAN_POINT ( 'NONE',  ( -0.3009999999999998233, 0.000000000000000000, 0.09999999999999999167 ) ) ;
#47 = EDGE_LOOP ( 'NONE', ( #1861, #240, #2422, #128, #2094, #1777 ) ) ;
#48 = CARTESIAN_POINT ( 'NONE',  ( 0.7000000000000000666, -0.02000000000000000042, 0.8009999999999999343 ) ) ;
#49 = VERTEX_POINT ( 'NONE', #2061 ) ;
#50 = DIRECTION ( 'NONE',  ( 0.000000000000000000, 0.000000000000000000, 1.000000000000000000 ) ) ;
#51 = ORIENTED_EDGE ( 'NONE', *, *, #2559, .T. ) ;
#52 = PLANE ( 'NONE',  #2591 ) ;
#53 = CARTESIAN_POINT ( 'NONE',  ( -0.5999999999999998668, 0.3199999999999998956, -0.6000000000000001998 ) ) ;
#54 = EDGE_CURVE ( 'NONE', #2695, #1755, #96, .T. ) ;
#55 = CARTESIAN_POINT ( 'NONE',  ( -0.5000000000000000000, 0.1069999999999999979, 0.8009999999999999343 ) ) ;
#56 = CARTESIAN_POINT ( 'NONE',  ( 0.09999999999999993616, 0.1069999999999999979, 0.7999999999999999334 ) ) ;
#57 = ORIENTED_EDGE ( 'NONE', *, *, #2760, .F. ) ;
#58 = ORIENTED_EDGE ( 'NONE', *, *, #2455, .T. ) ;
#59 = CARTESIAN_POINT ( 'NONE',  ( 0.09999999999999993616, -0.02000000000000000042, 0.5009999999999998899 ) ) ;
#60 = CARTESIAN_POINT ( 'NONE',  ( -0.7000000000000000666, -0.02000000000000000042, 0.8009999999999999343 ) ) ;
#61 = ORIENTED_EDGE ( 'NONE', *, *, #560, .T. ) ;
#62 = CARTESIAN_POINT ( 'NONE',  ( -0.5999999999999998668, 0.3299999999999999600, -0.7000000000000002887 ) ) ;
#63 = ORIENTED_EDGE ( 'NONE', *, *, #2666, .F. ) ;
#64 = DIRECTION ( 'NONE',  ( -0.000000000000000000, 1.000000000000000000, -0.000000000000000000 ) ) ;
#65 = DIRECTION ( 'NONE',  ( -1.000000000000000000, 0.000000000000000000, -0.000000000000000000 ) ) ;
#66 = VERTEX_POINT ( 'NONE', #595 ) ;
#67 = DIRECTION ( 'NONE',  ( 0.000000000000000000, 0.000000000000000000, 1.000000000000000000 ) ) ;
#68 = VERTEX_POINT ( 'NONE', #1013 ) ;
#69 = DIRECTION ( 'NONE',  ( 0.000000000000000000, 0.000000000000000000, -1.000000000000000000 ) ) ;
#70 = ORIENTED_EDGE ( 'NONE', *, *, #2607, .T. ) ;
#71 = VECTOR ( 'NONE', #2093, 1000.000000000000000 ) ;
#72 = CARTESIAN_POINT ( 'NONE',  ( 0.000000000000000000, -0.000000000000000000, 0.5009999999999998899 ) ) ;
#73 = EDGE_CURVE ( 'NONE', #2066, #571, #1459, .T. ) ;
#74 = COLOUR_RGB ( '',0.7921568627450980005, 0.8196078431372548767, 0.9333333333333333481 ) ;
#75 = EDGE_CURVE ( 'NONE', #1623, #1447, #2333, .T. ) ;
#76 = ORIENTED_EDGE ( 'NONE', *, *, #2577, .T. ) ;
#77 = LINE ( 'NONE', #263, #995 ) ;
#78 = FACE_OUTER_BOUND ( 'NONE', #2338, .T. ) ;
#79 = STYLED_ITEM ( 'NONE', ( #214 ), #2043 ) ;
#80 = AXIS2_PLACEMENT_3D ( 'NONE', #2504, #1843, #553 ) ;
#81 = SURFACE_SIDE_STYLE ('',( #1195 ) ) ;
#82 = PLANE ( 'NONE',  #2285 ) ;
#83 = VECTOR ( 'NONE', #2242, 1000.000000000000000 ) ;
#84 = CARTESIAN_POINT ( 'NONE',  ( -0.7999999999999998224, 0.3299999999999999600, -0.2999999999999999334 ) ) ;
#85 = PLANE ( 'NONE',  #2817 ) ;
#86 = DIRECTION ( 'NONE',  ( -1.000000000000000000, 0.000000000000000000, -0.000000000000000000 ) ) ;
#87 = ORIENTED_EDGE ( 'NONE', *, *, #1055, .T. ) ;
#88 = VECTOR ( 'NONE', #565, 1000.000000000000000 ) ;
#89 = DIRECTION ( 'NONE',  ( -0.000000000000000000, 1.000000000000000000, -0.000000000000000000 ) ) ;
#90 = EDGE_LOOP ( 'NONE', ( #1813, #446, #654, #2349, #2508, #154 ) ) ;
#91 = LINE ( 'NONE', #2704, #902 ) ;
#92 = CARTESIAN_POINT ( 'NONE',  ( -0.5999999999999998668, 0.3199999999999998956, -0.5000000000000000000 ) ) ;
#93 = DIRECTION ( 'NONE',  ( -1.000000000000000000, 0.000000000000000000, -0.000000000000000000 ) ) ;
#94 = CARTESIAN_POINT ( 'NONE',  ( 0.3009999999999998233, 0.1069999999999999979, 0.2999999999999999889 ) ) ;
#95 = ORIENTED_EDGE ( 'NONE', *, *, #1479, .F. ) ;
#96 = LINE ( 'NONE', #2757, #2350 ) ;
#97 = DIRECTION ( 'NONE',  ( 0.000000000000000000, 0.000000000000000000, 1.000000000000000000 ) ) ;
#98 = SHAPE_DEFINITION_REPRESENTATION ( #2426, #1211 ) ;
#99 = ORIENTED_EDGE ( 'NONE', *, *, #1049, .T. ) ;
#100 = CARTESIAN_POINT ( 'NONE',  ( 0.8000000000000002665, 0.000000000000000000, 0.7999999999999999334 ) ) ;
#101 = ORIENTED_EDGE ( 'NONE', *, *, #1457, .F. ) ;
#102 =( LENGTH_UNIT ( ) NAMED_UNIT ( * ) SI_UNIT ( .MILLI., .METRE. ) );
#103 = EDGE_CURVE ( 'NONE', #1389, #2384, #1886, .T. ) ;
#104 = ORIENTED_EDGE ( 'NONE', *, *, #2445, .F. ) ;
#105 = LINE ( 'NONE', #738, #2186 ) ;
#106 = CARTESIAN_POINT ( 'NONE',  ( 0.000000000000000000, -0.02000000000000000042, 0.000000000000000000 ) ) ;
#107 = EDGE_CURVE ( 'NONE', #1133, #2618, #362, .T. ) ;
#108 = MECHANICAL_DESIGN_GEOMETRIC_PRESENTATION_REPRESENTATION (  '', ( #1841 ), #23 ) ;
#109 = DIRECTION ( 'NONE',  ( 1.000000000000000000, 0.000000000000000000, 0.000000000000000000 ) ) ;
#110 = DIRECTION ( 'NONE',  ( 3.614007241618347785E-16, 0.000000000000000000, -1.000000000000000000 ) ) ;
#111 = PLANE ( 'NONE',  #1952 ) ;
#112 = ORIENTED_EDGE ( 'NONE', *, *, #434, .T. ) ;
#113 = EDGE_CURVE ( 'NONE', #1490, #941, #2219, .T. ) ;
#114 = ORIENTED_EDGE ( 'NONE', *, *, #2689, .T. ) ;
#115 = APPLICATION_PROTOCOL_DEFINITION ( 'draft international standard', 'automotive_design', 1998, #2120 ) ;
#116 = ORIENTED_EDGE ( 'NONE', *, *, #350, .T. ) ;
#117 = DIRECTION ( 'NONE',  ( -1.000000000000000000, 0.000000000000000000, -0.000000000000000000 ) ) ;
#118 = ORIENTED_EDGE ( 'NONE', *, *, #41, .F. ) ;
#119 = AXIS2_PLACEMENT_3D ( 'NONE', #2449, #2657, #93 ) ;
#120 = DIRECTION ( 'NONE',  ( 0.000000000000000000, 0.000000000000000000, 1.000000000000000000 ) ) ;
#121 = ORIENTED_EDGE ( 'NONE', *, *, #2348, .F. ) ;
#122 = FILL_AREA_STYLE_COLOUR ( '', #2044 ) ;
#123 = AXIS2_PLACEMENT_3D ( 'NONE', #420, #1491, #11 ) ;
#124 = CARTESIAN_POINT ( 'NONE',  ( -0.8009999999999998233, 0.1069999999999999979, -0.3000000000000000444 ) ) ;
#125 = DIRECTION ( 'NONE',  ( 1.000000000000000000, 0.000000000000000000, -1.084202172485504434E-16 ) ) ;
#126 = DIRECTION ( 'NONE',  ( -1.000000000000000000, 0.000000000000000000, -1.084202172485504434E-16 ) ) ;
#127 = CARTESIAN_POINT ( 'NONE',  ( 0.3000000000000000444, 0.1069999999999999979, -0.8009999999999999343 ) ) ;
#128 = ORIENTED_EDGE ( 'NONE', *, *, #247, .T. ) ;
#129 = PRESENTATION_LAYER_ASSIGNMENT (  '', '', ( #2548 ) ) ;
#130 = EDGE_CURVE ( 'NONE', #2501, #1101, #714, .T. ) ;
#131 = EDGE_LOOP ( 'NONE', ( #2786, #2028, #751, #2609, #258, #2402 ) ) ;
#132 = CARTESIAN_POINT ( 'NONE',  ( 0.5000000000000000000, 0.1069999999999999979, 0.8009999999999999343 ) ) ;
#133 = CIRCLE ( 'NONE', #2454, 0.1000000000000001582 ) ;
#134 = ORIENTED_EDGE ( 'NONE', *, *, #618, .F. ) ;
#135 = EDGE_CURVE ( 'NONE', #2006, #1449, #1785, .T. ) ;
#136 = CARTESIAN_POINT ( 'NONE',  ( -0.7000000000000000666, 0.1069999999999999979, -0.8009999999999999343 ) ) ;
#137 = ORIENTED_EDGE ( 'NONE', *, *, #1231, .F. ) ;
#138 = LINE ( 'NONE', #2509, #1868 ) ;
#139 = ADVANCED_FACE ( 'NONE', ( #2196 ), #1087, .F. ) ;
#140 = VECTOR ( 'NONE', #2305, 1000.000000000000000 ) ;
#141 = VECTOR ( 'NONE', #1548, 1000.000000000000000 ) ;
#142 = ORIENTED_EDGE ( 'NONE', *, *, #1243, .T. ) ;
#143 = EDGE_CURVE ( 'NONE', #749, #737, #505, .T. ) ;
#144 = CARTESIAN_POINT ( 'NONE',  ( 0.8009999999999998233, -0.02000000000000000042, -0.09999999999999999167 ) ) ;
#145 = DIRECTION ( 'NONE',  ( 1.000000000000000000, 0.000000000000000000, 0.000000000000000000 ) ) ;
#146 = SURFACE_STYLE_FILL_AREA ( #357 ) ;
#147 = DIRECTION ( 'NONE',  ( 0.000000000000000000, 0.000000000000000000, -1.000000000000000000 ) ) ;
#148 = VECTOR ( 'NONE', #1410, 1000.000000000000000 ) ;
#149 = CARTESIAN_POINT ( 'NONE',  ( 0.8009999999999998233, -0.02000000000000000042, 0.3000000000000000444 ) ) ;
#150 = LINE ( 'NONE', #2091, #1312 ) ;
#151 = VERTEX_POINT ( 'NONE', #2612 ) ;
#152 = ADVANCED_FACE ( 'NONE', ( #2650 ), #2441, .T. ) ;
#153 = DIRECTION ( 'NONE',  ( 1.000000000000000000, 0.000000000000000000, -0.000000000000000000 ) ) ;
#154 = ORIENTED_EDGE ( 'NONE', *, *, #2540, .T. ) ;
#155 = CARTESIAN_POINT ( 'NONE',  ( -0.5000000000000000000, 0.1069999999999999979, -0.8009999999999999343 ) ) ;
#156 = ORIENTED_EDGE ( 'NONE', *, *, #1212, .F. ) ;
#157 = LINE ( 'NONE', #1695, #1810 ) ;
#158 = DIRECTION ( 'NONE',  ( 0.000000000000000000, -1.000000000000000000, 0.000000000000000000 ) ) ;
#159 = CARTESIAN_POINT ( 'NONE',  ( 0.8009999999999998233, 0.1069999999999999979, 0.09999999999999999167 ) ) ;
#160 = LINE ( 'NONE', #1244, #635 ) ;
#161 = ORIENTED_EDGE ( 'NONE', *, *, #1986, .F. ) ;
#162 = EDGE_LOOP ( 'NONE', ( #1001, #1992, #1859, #1529, #1742, #1205 ) ) ;
#163 = ADVANCED_FACE ( 'NONE', ( #1128 ), #1991, .T. ) ;
#164 = DIRECTION ( 'NONE',  ( 0.000000000000000000, 0.000000000000000000, 1.000000000000000000 ) ) ;
#165 = FILL_AREA_STYLE_COLOUR ( '', #588 ) ;
#166 = EDGE_CURVE ( 'NONE', #822, #151, #244, .T. ) ;
#167 = PLANE ( 'NONE',  #2626 ) ;
#168 = VECTOR ( 'NONE', #589, 1000.000000000000000 ) ;
#169 = EDGE_CURVE ( 'NONE', #2410, #2215, #1144, .T. ) ;
#170 = EDGE_LOOP ( 'NONE', ( #1071, #431, #183, #1786 ) ) ;
#171 = PRESENTATION_STYLE_ASSIGNMENT (( #1890 ) ) ;
#172 = ORIENTED_EDGE ( 'NONE', *, *, #2284, .T. ) ;
#173 = MECHANICAL_DESIGN_GEOMETRIC_PRESENTATION_REPRESENTATION (  '', ( #1632 ), #35 ) ;
#174 = CARTESIAN_POINT ( 'NONE',  ( -0.8009999999999998233, -0.02000000000000000042, 0.09999999999999999167 ) ) ;
#175 = PRESENTATION_STYLE_ASSIGNMENT (( #1303 ) ) ;
#176 = EDGE_LOOP ( 'NONE', ( #429, #409, #1103, #929 ) ) ;
#177 = VECTOR ( 'NONE', #348, 1000.000000000000000 ) ;
#178 = CARTESIAN_POINT ( 'NONE',  ( 0.8009999999999998233, 0.1069999999999999979, 0.3000000000000000444 ) ) ;
#179 = CARTESIAN_POINT ( 'NONE',  ( 0.3000000000000001554, -0.02000000000000000042, -0.5009999999999998899 ) ) ;
#180 = CARTESIAN_POINT ( 'NONE',  ( 0.3009999999999998233, -0.02000000000000000042, 0.2999999999999999889 ) ) ;
#181 = CARTESIAN_POINT ( 'NONE',  ( -0.09999999999999993616, 0.1069999999999999979, 0.7999999999999999334 ) ) ;
#182 = LINE ( 'NONE', #428, #722 ) ;
#183 = ORIENTED_EDGE ( 'NONE', *, *, #350, .F. ) ;
#184 = PLANE ( 'NONE',  #2406 ) ;
#185 = ORIENTED_EDGE ( 'NONE', *, *, #2255, .F. ) ;
#186 = CARTESIAN_POINT ( 'NONE',  ( -0.7000000000000000666, -0.02000000000000000042, -0.5009999999999998899 ) ) ;
#187 = FILL_AREA_STYLE ('',( #433 ) ) ;
#188 = ORIENTED_EDGE ( 'NONE', *, *, #327, .F. ) ;
#189 = FACE_OUTER_BOUND ( 'NONE', #2718, .T. ) ;
#190 = CARTESIAN_POINT ( 'NONE',  ( -0.7999999999999998224, 0.1069999999999999979, 0.7999999999999999334 ) ) ;
#191 = CARTESIAN_POINT ( 'NONE',  ( 0.3000000000000000444, 0.1069999999999999979, -0.8000000000000001554 ) ) ;
#192 = CARTESIAN_POINT ( 'NONE',  ( 0.09999999999999993616, 0.1069999999999999979, -0.8009999999999999343 ) ) ;
#193 = DIRECTION ( 'NONE',  ( -1.000000000000000000, 0.000000000000000000, -0.000000000000000000 ) ) ;
#194 = VECTOR ( 'NONE', #1760, 1000.000000000000000 ) ;
#195 = UNCERTAINTY_MEASURE_WITH_UNIT (LENGTH_MEASURE( 1.000000000000000082E-05 ), #393, 'distance_accuracy_value', 'NONE');
#196 = DIRECTION ( 'NONE',  ( 0.000000000000000000, -1.000000000000000000, 0.000000000000000000 ) ) ;
#197 = ORIENTED_EDGE ( 'NONE', *, *, #515, .F. ) ;
#198 = EDGE_CURVE ( 'NONE', #26, #66, #1528, .T. ) ;
#199 = ORIENTED_EDGE ( 'NONE', *, *, #2653, .T. ) ;
#200 = DIRECTION ( 'NONE',  ( -1.000000000000000000, 0.000000000000000000, -0.000000000000000000 ) ) ;
#201 = VERTEX_POINT ( 'NONE', #60 ) ;
#202 = LINE ( 'NONE', #1696, #2444 ) ;
#203 = CARTESIAN_POINT ( 'NONE',  ( -0.3000000000000000999, 0.1069999999999999979, -0.8009999999999999343 ) ) ;
#204 = DIRECTION ( 'NONE',  ( 0.000000000000000000, 1.000000000000000000, 0.000000000000000000 ) ) ;
#205 = LINE ( 'NONE', #2798, #410 ) ;
#206 = ORIENTED_EDGE ( 'NONE', *, *, #1111, .T. ) ;
#207 = EDGE_LOOP ( 'NONE', ( #1060, #1213, #732, #118 ) ) ;
#208 = LINE ( 'NONE', #392, #1493 ) ;
#209 = EDGE_CURVE ( 'NONE', #1515, #2421, #1544, .T. ) ;
#210 = VECTOR ( 'NONE', #2345, 1000.000000000000000 ) ;
#211 = LINE ( 'NONE', #463, #194 ) ;
#212 = ORIENTED_EDGE ( 'NONE', *, *, #17, .F. ) ;
#213 = VECTOR ( 'NONE', #1124, 1000.000000000000000 ) ;
#214 = PRESENTATION_STYLE_ASSIGNMENT (( #2603 ) ) ;
#215 = CARTESIAN_POINT ( 'NONE',  ( -0.09999999999999999167, 0.1069999999999999979, 0.8009999999999999343 ) ) ;
#216 = EDGE_CURVE ( 'NONE', #2211, #1637, #2005, .T. ) ;
#217 = EDGE_CURVE ( 'NONE', #1050, #1601, #449, .T. ) ;
#218 = AXIS2_PLACEMENT_3D ( 'NONE', #484, #65, #9 ) ;
#219 = CARTESIAN_POINT ( 'NONE',  ( -0.7000000000000000666, -0.02000000000000000042, -0.8009999999999999343 ) ) ;
#220 = CARTESIAN_POINT ( 'NONE',  ( -0.3000000000000000999, 0.1069999999999999979, 0.7999999999999999334 ) ) ;
#221 = AXIS2_PLACEMENT_3D ( 'NONE', #724, #512, #2451 ) ;
#222 = CARTESIAN_POINT ( 'NONE',  ( -0.5000000000000000000, -0.02000000000000000042, 0.8009999999999999343 ) ) ;
#223 = EDGE_CURVE ( 'NONE', #1250, #923, #211, .T. ) ;
#224 = VERTEX_POINT ( 'NONE', #48 ) ;
#225 = EDGE_CURVE ( 'NONE', #1494, #755, #1568, .T. ) ;
#226 = PLANE ( 'NONE',  #669 ) ;
#227 = EDGE_CURVE ( 'NONE', #779, #1623, #491, .T. ) ;
#228 = PLANE ( 'NONE',  #355 ) ;
#229 = EDGE_CURVE ( 'NONE', #2046, #230, #477, .T. ) ;
#230 = VERTEX_POINT ( 'NONE', #1977 ) ;
#231 = VECTOR ( 'NONE', #1898, 1000.000000000000000 ) ;
#232 = CARTESIAN_POINT ( 'NONE',  ( 0.09999999999999993616, 0.000000000000000000, 0.000000000000000000 ) ) ;
#233 = ORIENTED_EDGE ( 'NONE', *, *, #1960, .F. ) ;
#234 = LINE ( 'NONE', #1295, #1766 ) ;
#235 = ADVANCED_FACE ( 'NONE', ( #15 ), #31, .F. ) ;
#236 = ORIENTED_EDGE ( 'NONE', *, *, #1348, .F. ) ;
#237 = DIRECTION ( 'NONE',  ( -1.000000000000000000, -0.000000000000000000, -0.000000000000000000 ) ) ;
#238 = LINE ( 'NONE', #2438, #1775 ) ;
#239 = ORIENTED_EDGE ( 'NONE', *, *, #24, .T. ) ;
#240 = ORIENTED_EDGE ( 'NONE', *, *, #549, .T. ) ;
#241 = DIRECTION ( 'NONE',  ( -0.000000000000000000, 0.000000000000000000, 1.000000000000000000 ) ) ;
#242 = ORIENTED_EDGE ( 'NONE', *, *, #1981, .F. ) ;
#243 = VECTOR ( 'NONE', #1135, 1000.000000000000000 ) ;
#244 = LINE ( 'NONE', #2180, #573 ) ;
#245 = ORIENTED_EDGE ( 'NONE', *, *, #560, .F. ) ;
#246 = CARTESIAN_POINT ( 'NONE',  ( -0.3009999999999998233, 0.1069999999999999979, -0.2000000000000001499 ) ) ;
#247 = EDGE_CURVE ( 'NONE', #569, #2618, #2298, .T. ) ;
#248 = VERTEX_POINT ( 'NONE', #1826 ) ;
#249 = DIRECTION ( 'NONE',  ( -0.000000000000000000, 1.000000000000000000, 0.000000000000000000 ) ) ;
#250 = EDGE_CURVE ( 'NONE', #1879, #2003, #2715, .T. ) ;
#251 = CARTESIAN_POINT ( 'NONE',  ( 0.000000000000000000, -0.02000000000000000042, 0.000000000000000000 ) ) ;
#252 = DIRECTION ( 'NONE',  ( 0.000000000000000000, 1.000000000000000000, 0.000000000000000000 ) ) ;
#253 = EDGE_LOOP ( 'NONE', ( #1219, #2386, #57, #2478, #688, #650, #378, #2124, #863, #286, #1465, #1629, #2788, #1664, #2001, #354, #932, #1357, #715, #137 ) ) ;
#254 = ORIENTED_EDGE ( 'NONE', *, *, #884, .F. ) ;
#255 = VECTOR ( 'NONE', #2579, 1000.000000000000000 ) ;
#256 = CARTESIAN_POINT ( 'NONE',  ( 0.5000000000000000000, 0.1069999999999999979, -0.8009999999999999343 ) ) ;
#257 = CARTESIAN_POINT ( 'NONE',  ( 0.3000000000000000444, 0.1069999999999999979, 0.8009999999999999343 ) ) ;
#258 = ORIENTED_EDGE ( 'NONE', *, *, #217, .T. ) ;
#259 = CARTESIAN_POINT ( 'NONE',  ( -0.7999999999999998224, 0.1069999999999999979, 0.09999999999999999167 ) ) ;
#260 = MECHANICAL_DESIGN_GEOMETRIC_PRESENTATION_REPRESENTATION (  '', ( #1453 ), #634 ) ;
#261 = VECTOR ( 'NONE', #67, 1000.000000000000000 ) ;
#262 = ORIENTED_EDGE ( 'NONE', *, *, #618, .T. ) ;
#263 = CARTESIAN_POINT ( 'NONE',  ( 0.8000000000000002665, 0.000000000000000000, 0.7999999999999999334 ) ) ;
#264 = STYLED_ITEM ( 'NONE', ( #383 ), #2346 ) ;
#265 = FACE_OUTER_BOUND ( 'NONE', #207, .T. ) ;
#266 = CARTESIAN_POINT ( 'NONE',  ( 0.7000000000000000666, 0.1069999999999999979, -0.8009999999999999343 ) ) ;
#267 = VECTOR ( 'NONE', #1352, 1000.000000000000000 ) ;
#268 = LINE ( 'NONE', #2011, #1687 ) ;
#269 = ORIENTED_EDGE ( 'NONE', *, *, #1985, .F. ) ;
#270 = APPLICATION_CONTEXT ( 'automotive_design' ) ;
#271 = ORIENTED_EDGE ( 'NONE', *, *, #834, .T. ) ;
#272 = DIRECTION ( 'NONE',  ( 0.000000000000000000, -0.000000000000000000, -1.000000000000000000 ) ) ;
#273 = ORIENTED_EDGE ( 'NONE', *, *, #518, .T. ) ;
#274 = DIRECTION ( 'NONE',  ( 0.000000000000000000, 0.000000000000000000, -1.000000000000000000 ) ) ;
#275 = ORIENTED_EDGE ( 'NONE', *, *, #1176, .T. ) ;
#276 = DIRECTION ( 'NONE',  ( 1.000000000000000000, 0.000000000000000000, 0.000000000000000000 ) ) ;
#277 = ORIENTED_EDGE ( 'NONE', *, *, #2173, .F. ) ;
#278 = CARTESIAN_POINT ( 'NONE',  ( -0.3009999999999998233, 0.1069999999999999979, -0.1000000000000001305 ) ) ;
#279 = CARTESIAN_POINT ( 'NONE',  ( 0.8000000000000002665, 0.000000000000000000, 0.1000000000000000472 ) ) ;
#280 = LINE ( 'NONE', #1367, #148 ) ;
#281 = CARTESIAN_POINT ( 'NONE',  ( 0.09999999999999993616, 0.3299999999999999600, 0.7999999999999999334 ) ) ;
#282 = ORIENTED_EDGE ( 'NONE', *, *, #1181, .F. ) ;
#283 = DIRECTION ( 'NONE',  ( 0.000000000000000000, -1.000000000000000000, 0.000000000000000000 ) ) ;
#284 = PLANE ( 'NONE',  #1454 ) ;
#285 = ADVANCED_FACE ( 'NONE', ( #1400 ), #2683, .F. ) ;
#286 = ORIENTED_EDGE ( 'NONE', *, *, #169, .T. ) ;
#287 = FILL_AREA_STYLE ('',( #1430 ) ) ;
#288 = ORIENTED_EDGE ( 'NONE', *, *, #945, .F. ) ;
#289 = VECTOR ( 'NONE', #1427, 1000.000000000000000 ) ;
#290 = CARTESIAN_POINT ( 'NONE',  ( -8.131516293641288185E-17, -0.000000000000000000, -0.3000000000000002665 ) ) ;
#291 = ORIENTED_EDGE ( 'NONE', *, *, #627, .F. ) ;
#292 = LINE ( 'NONE', #695, #1080 ) ;
#293 = CYLINDRICAL_SURFACE ( 'NONE', #2582, 0.1000000000000001582 ) ;
#294 = LINE ( 'NONE', #2256, #1462 ) ;
#295 = DIRECTION ( 'NONE',  ( 0.7071067811865477948, 0.000000000000000000, -0.7071067811865473507 ) ) ;
#296 = VERTEX_POINT ( 'NONE', #1004 ) ;
#297 = ORIENTED_EDGE ( 'NONE', *, *, #1474, .T. ) ;
#298 = FACE_OUTER_BOUND ( 'NONE', #2026, .T. ) ;
#299 = VERTEX_POINT ( 'NONE', #1812 ) ;
#300 = FACE_OUTER_BOUND ( 'NONE', #1564, .T. ) ;
#301 = VECTOR ( 'NONE', #1703, 1000.000000000000000 ) ;
#302 = ORIENTED_EDGE ( 'NONE', *, *, #1328, .T. ) ;
#303 = PRESENTATION_LAYER_ASSIGNMENT (  '', '', ( #1531 ) ) ;
#304 = DIRECTION ( 'NONE',  ( -1.000000000000000000, 0.000000000000000000, -1.084202172485504434E-16 ) ) ;
#305 = VECTOR ( 'NONE', #2395, 1000.000000000000000 ) ;
#306 = ORIENTED_EDGE ( 'NONE', *, *, #2556, .F. ) ;
#307 = CARTESIAN_POINT ( 'NONE',  ( -0.4999999999999998890, -0.000000000000000000, 0.5009999999999998899 ) ) ;
#308 = AXIS2_PLACEMENT_3D ( 'NONE', #2553, #563, #125 ) ;
#309 = VECTOR ( 'NONE', #328, 1000.000000000000000 ) ;
#310 = SURFACE_SIDE_STYLE ('',( #1350 ) ) ;
#311 = VECTOR ( 'NONE', #2052, 1000.000000000000000 ) ;
#312 = VECTOR ( 'NONE', #1935, 1000.000000000000000 ) ;
#313 = CARTESIAN_POINT ( 'NONE',  ( -0.7000000000000000666, 0.1069999999999999979, 0.8009999999999999343 ) ) ;
#314 = VECTOR ( 'NONE', #1708, 1000.000000000000000 ) ;
#315 = ORIENTED_EDGE ( 'NONE', *, *, #721, .F. ) ;
#316 = PLANE ( 'NONE',  #80 ) ;
#317 = ADVANCED_FACE ( 'NONE', ( #942 ), #519, .F. ) ;
#318 = EDGE_LOOP ( 'NONE', ( #435, #701, #2012, #352, #1678, #101 ) ) ;
#319 = CARTESIAN_POINT ( 'NONE',  ( 0.8009999999999998233, 0.1069999999999999979, 0.09999999999999999167 ) ) ;
#320 = ORIENTED_EDGE ( 'NONE', *, *, #1114, .F. ) ;
#321 = ADVANCED_FACE ( 'NONE', ( #300 ), #1386, .F. ) ;
#322 = ADVANCED_FACE ( 'NONE', ( #1600 ), #977, .T. ) ;
#323 = FILL_AREA_STYLE_COLOUR ( '', #1951 ) ;
#324 = VERTEX_POINT ( 'NONE', #795 ) ;
#325 = DIRECTION ( 'NONE',  ( 0.000000000000000000, 1.000000000000000000, 0.000000000000000000 ) ) ;
#326 = CARTESIAN_POINT ( 'NONE',  ( -0.5000000000000000000, 0.1069999999999999979, -0.8009999999999999343 ) ) ;
#327 = EDGE_CURVE ( 'NONE', #1110, #2737, #1649, .T. ) ;
#328 = DIRECTION ( 'NONE',  ( 1.000000000000000000, 0.000000000000000000, 0.000000000000000000 ) ) ;
#329 = LINE ( 'NONE', #954, #957 ) ;
#330 = FACE_OUTER_BOUND ( 'NONE', #90, .T. ) ;
#331 = LINE ( 'NONE', #2529, #885 ) ;
#332 = LINE ( 'NONE', #2713, #774 ) ;
#333 = ORIENTED_EDGE ( 'NONE', *, *, #341, .T. ) ;
#334 = ADVANCED_FACE ( 'NONE', ( #351 ), #2732, .F. ) ;
#335 = DIRECTION ( 'NONE',  ( 0.000000000000000000, 0.000000000000000000, -1.000000000000000000 ) ) ;
#336 = ORIENTED_EDGE ( 'NONE', *, *, #2631, .F. ) ;
#337 = AXIS2_PLACEMENT_3D ( 'NONE', #2207, #1358, #664 ) ;
#338 = ORIENTED_EDGE ( 'NONE', *, *, #2226, .F. ) ;
#339 =( NAMED_UNIT ( * ) SI_UNIT ( $, .STERADIAN. ) SOLID_ANGLE_UNIT ( ) );
#340 = CARTESIAN_POINT ( 'NONE',  ( 0.5000000000000000000, -0.02000000000000000042, -0.5009999999999998899 ) ) ;
#341 = EDGE_CURVE ( 'NONE', #1490, #1891, #1878, .T. ) ;
#342 = CARTESIAN_POINT ( 'NONE',  ( -0.7999999999999998224, 0.000000000000000000, 0.7999999999999999334 ) ) ;
#343 = CARTESIAN_POINT ( 'NONE',  ( 0.3009999999999998233, 0.1069999999999999979, 0.1000000000000000611 ) ) ;
#344 = CARTESIAN_POINT ( 'NONE',  ( -0.7000000000000000666, 0.1069999999999999979, -0.8009999999999999343 ) ) ;
#345 = EDGE_CURVE ( 'NONE', #66, #2687, #1216, .T. ) ;
#346 = ORIENTED_EDGE ( 'NONE', *, *, #1690, .T. ) ;
#347 = LINE ( 'NONE', #84, #1020 ) ;
#348 = DIRECTION ( 'NONE',  ( 3.614007241618347785E-16, 0.000000000000000000, 1.000000000000000000 ) ) ;
#349 = ORIENTED_EDGE ( 'NONE', *, *, #223, .F. ) ;
#350 = EDGE_CURVE ( 'NONE', #21, #10, #536, .T. ) ;
#351 = FACE_OUTER_BOUND ( 'NONE', #1524, .T. ) ;
#352 = ORIENTED_EDGE ( 'NONE', *, *, #933, .T. ) ;
#353 =( NAMED_UNIT ( * ) PLANE_ANGLE_UNIT ( ) SI_UNIT ( $, .RADIAN. ) );
#354 = ORIENTED_EDGE ( 'NONE', *, *, #1946, .F. ) ;
#355 = AXIS2_PLACEMENT_3D ( 'NONE', #1975, #2289, #2070 ) ;
#356 = CARTESIAN_POINT ( 'NONE',  ( 0.8000000000000002665, 0.3299999999999999600, -0.2999999999999999334 ) ) ;
#357 = FILL_AREA_STYLE ('',( #2315 ) ) ;
#358 = LINE ( 'NONE', #2103, #1239 ) ;
#359 = ADVANCED_FACE ( 'NONE', ( #1189 ), #555, .F. ) ;
#360 = AXIS2_PLACEMENT_3D ( 'NONE', #2388, #2614, #422 ) ;
#361 = VECTOR ( 'NONE', #1579, 1000.000000000000000 ) ;
#362 = LINE ( 'NONE', #149, #1519 ) ;
#363 = CARTESIAN_POINT ( 'NONE',  ( 0.3000000000000002665, 0.1069999999999999979, 0.7999999999999999334 ) ) ;
#364 = VECTOR ( 'NONE', #89, 1000.000000000000000 ) ;
#365 = VERTEX_POINT ( 'NONE', #1863 ) ;
#366 = VECTOR ( 'NONE', #873, 1000.000000000000000 ) ;
#367 = VERTEX_POINT ( 'NONE', #100 ) ;
#368 = CARTESIAN_POINT ( 'NONE',  ( 0.5000000000000000000, 0.1069999999999999979, 0.8009999999999999343 ) ) ;
#369 = VECTOR ( 'NONE', #1722, 1000.000000000000000 ) ;
#370 = ORIENTED_EDGE ( 'NONE', *, *, #2317, .F. ) ;
#371 = DIRECTION ( 'NONE',  ( -0.000000000000000000, 0.000000000000000000, -1.000000000000000000 ) ) ;
#372 = DIRECTION ( 'NONE',  ( 0.000000000000000000, 0.000000000000000000, -1.000000000000000000 ) ) ;
#373 = CARTESIAN_POINT ( 'NONE',  ( 0.09999999999999993616, -0.02000000000000000042, -0.5009999999999998899 ) ) ;
#374 = CARTESIAN_POINT ( 'NONE',  ( 0.7000000000000000666, 0.1069999999999999979, -0.8009999999999999343 ) ) ;
#375 = AXIS2_PLACEMENT_3D ( 'NONE', #2185, #204, #1104 ) ;
#376 = DIRECTION ( 'NONE',  ( 1.000000000000000000, 0.000000000000000000, 0.000000000000000000 ) ) ;
#377 = DIRECTION ( 'NONE',  ( -1.000000000000000000, 0.000000000000000000, -0.000000000000000000 ) ) ;
#378 = ORIENTED_EDGE ( 'NONE', *, *, #1385, .F. ) ;
#379 = EDGE_CURVE ( 'NONE', #597, #1729, #1373, .T. ) ;
#380 = CARTESIAN_POINT ( 'NONE',  ( 0.7000000000000001776, 0.3299999999999999600, 0.7999999999999999334 ) ) ;
#381 = ORIENTED_EDGE ( 'NONE', *, *, #341, .F. ) ;
#382 = ADVANCED_FACE ( 'NONE', ( #784 ), #570, .F. ) ;
#383 = PRESENTATION_STYLE_ASSIGNMENT (( #1466 ) ) ;
#384 = ORIENTED_EDGE ( 'NONE', *, *, #1362, .T. ) ;
#385 = SURFACE_STYLE_FILL_AREA ( #2343 ) ;
#386 = DIRECTION ( 'NONE',  ( -0.000000000000000000, -1.000000000000000000, -0.000000000000000000 ) ) ;
#387 = CARTESIAN_POINT ( 'NONE',  ( -0.3009999999999998233, -0.02000000000000000042, 0.3000000000000000444 ) ) ;
#388 = PLANE ( 'NONE',  #2102 ) ;
#389 = VERTEX_POINT ( 'NONE', #2800 ) ;
#390 = CARTESIAN_POINT ( 'NONE',  ( -0.8009999999999998233, 0.1069999999999999979, -0.3000000000000000444 ) ) ;
#391 = ORIENTED_EDGE ( 'NONE', *, *, #1771, .F. ) ;
#392 = CARTESIAN_POINT ( 'NONE',  ( 0.09999999999999993616, -0.02000000000000000042, 0.5009999999999998899 ) ) ;
#393 =( LENGTH_UNIT ( ) NAMED_UNIT ( * ) SI_UNIT ( .MILLI., .METRE. ) );
#394 = ORIENTED_EDGE ( 'NONE', *, *, #2526, .F. ) ;
#395 = UNCERTAINTY_MEASURE_WITH_UNIT (LENGTH_MEASURE( 1.000000000000000082E-05 ), #2121, 'distance_accuracy_value', 'NONE');
#396 = SURFACE_SIDE_STYLE ('',( #1036 ) ) ;
#397 = CARTESIAN_POINT ( 'NONE',  ( -0.3000000000000000999, -0.02000000000000000042, 0.5009999999999998899 ) ) ;
#398 = DIRECTION ( 'NONE',  ( -1.000000000000000000, 0.000000000000000000, 0.000000000000000000 ) ) ;
#399 = DIRECTION ( 'NONE',  ( -0.000000000000000000, 1.000000000000000000, -0.000000000000000000 ) ) ;
#400 =( GEOMETRIC_REPRESENTATION_CONTEXT ( 3 ) GLOBAL_UNCERTAINTY_ASSIGNED_CONTEXT ( ( #195 ) ) GLOBAL_UNIT_ASSIGNED_CONTEXT ( ( #393, #824, #1477 ) ) REPRESENTATION_CONTEXT ( 'NONE', 'WORKASPACE' ) );
#401 = CARTESIAN_POINT ( 'NONE',  ( 0.7000000000000000666, 0.1069999999999999979, -0.8000000000000001554 ) ) ;
#402 = LINE ( 'NONE', #1740, #1543 ) ;
#403 = ORIENTED_EDGE ( 'NONE', *, *, #1042, .F. ) ;
#404 = VECTOR ( 'NONE', #1149, 1000.000000000000000 ) ;
#405 = AXIS2_PLACEMENT_3D ( 'NONE', #1541, #2418, #241 ) ;
#406 = CARTESIAN_POINT ( 'NONE',  ( -0.7999999999999998224, 0.3299999999999999600, 0.7999999999999999334 ) ) ;
#407 = ORIENTED_EDGE ( 'NONE', *, *, #8, .F. ) ;
#408 = LINE ( 'NONE', #1492, #812 ) ;
#409 = ORIENTED_EDGE ( 'NONE', *, *, #840, .T. ) ;
#410 = VECTOR ( 'NONE', #196, 1000.000000000000000 ) ;
#411 = CARTESIAN_POINT ( 'NONE',  ( -0.7999999999999998224, 0.3299999999999999600, -0.8000000000000001554 ) ) ;
#412 = CARTESIAN_POINT ( 'NONE',  ( -0.3000000000000000999, -0.02000000000000000042, -0.5009999999999998899 ) ) ;
#413 = CARTESIAN_POINT ( 'NONE',  ( 0.3000000000000000444, -0.02000000000000000042, -0.8009999999999999343 ) ) ;
#414 = LINE ( 'NONE', #2605, #2227 ) ;
#415 = CARTESIAN_POINT ( 'NONE',  ( -0.5000000000000000000, 0.1069999999999999979, 0.8009999999999999343 ) ) ;
#416 = ADVANCED_FACE ( 'NONE', ( #1691 ), #1232, .F. ) ;
#417 = ORIENTED_EDGE ( 'NONE', *, *, #1874, .T. ) ;
#418 = FACE_OUTER_BOUND ( 'NONE', #1383, .T. ) ;
#419 = VERTEX_POINT ( 'NONE', #2336 ) ;
#420 = CARTESIAN_POINT ( 'NONE',  ( -0.5999999999999998668, 0.3199999999999998956, -0.6000000000000001998 ) ) ;
#421 = ORIENTED_EDGE ( 'NONE', *, *, #1633, .F. ) ;
#422 = DIRECTION ( 'NONE',  ( 0.000000000000000000, 0.000000000000000000, 1.000000000000000000 ) ) ;
#423 = CARTESIAN_POINT ( 'NONE',  ( -0.7000000000000000666, 0.1069999999999999979, -0.8000000000000001554 ) ) ;
#424 = CARTESIAN_POINT ( 'NONE',  ( 0.09999999999999993616, 0.000000000000000000, -0.5009999999999998899 ) ) ;
#425 = PLANE ( 'NONE',  #964 ) ;
#426 = EDGE_CURVE ( 'NONE', #496, #2367, #2758, .T. ) ;
#427 = ADVANCED_FACE ( 'NONE', ( #2321 ), #1046, .T. ) ;
#428 = CARTESIAN_POINT ( 'NONE',  ( -0.09999999999999988065, 0.1069999999999999979, 0.5009999999999998899 ) ) ;
#429 = ORIENTED_EDGE ( 'NONE', *, *, #740, .F. ) ;
#430 = EDGE_CURVE ( 'NONE', #651, #66, #1902, .T. ) ;
#431 = ORIENTED_EDGE ( 'NONE', *, *, #1958, .F. ) ;
#432 = DIRECTION ( 'NONE',  ( 1.000000000000000000, 0.000000000000000000, 0.000000000000000000 ) ) ;
#433 = FILL_AREA_STYLE_COLOUR ( '', #74 ) ;
#434 = EDGE_CURVE ( 'NONE', #1783, #1821, #2586, .T. ) ;
#435 = ORIENTED_EDGE ( 'NONE', *, *, #971, .F. ) ;
#436 = DIRECTION ( 'NONE',  ( 1.000000000000000000, 0.000000000000000000, -0.000000000000000000 ) ) ;
#437 = CARTESIAN_POINT ( 'NONE',  ( -0.3000000000000000999, -0.02000000000000000042, 0.8009999999999999343 ) ) ;
#438 = PLANE ( 'NONE',  #2822 ) ;
#439 = ADVANCED_FACE ( 'NONE', ( #418 ), #184, .T. ) ;
#440 = ADVANCED_FACE ( 'NONE', ( #2161 ), #807, .T. ) ;
#441 = EDGE_CURVE ( 'NONE', #1972, #904, #1070, .T. ) ;
#442 = VECTOR ( 'NONE', #2522, 1000.000000000000000 ) ;
#443 = LINE ( 'NONE', #1310, #2510 ) ;
#444 = VECTOR ( 'NONE', #625, 1000.000000000000000 ) ;
#445 = ORIENTED_EDGE ( 'NONE', *, *, #2636, .T. ) ;
#446 = ORIENTED_EDGE ( 'NONE', *, *, #1835, .T. ) ;
#447 = EDGE_CURVE ( 'NONE', #819, #224, #1464, .T. ) ;
#448 = LINE ( 'NONE', #1098, #28 ) ;
#449 = LINE ( 'NONE', #2664, #2071 ) ;
#450 = ORIENTED_EDGE ( 'NONE', *, *, #1896, .T. ) ;
#451 = VECTOR ( 'NONE', #2465, 1000.000000000000000 ) ;
#452 = VECTOR ( 'NONE', #1565, 1000.000000000000000 ) ;
#453 =( NAMED_UNIT ( * ) PLANE_ANGLE_UNIT ( ) SI_UNIT ( $, .RADIAN. ) );
#454 = VECTOR ( 'NONE', #778, 1000.000000000000000 ) ;
#455 = LINE ( 'NONE', #1320, #495 ) ;
#456 = PLANE ( 'NONE',  #1969 ) ;
#457 = DIRECTION ( 'NONE',  ( -0.000000000000000000, 0.000000000000000000, 1.000000000000000000 ) ) ;
#458 = ORIENTED_EDGE ( 'NONE', *, *, #2157, .F. ) ;
#459 = CARTESIAN_POINT ( 'NONE',  ( -0.7999999999999998224, 0.3299999999999999600, -0.8000000000000001554 ) ) ;
#460 = CARTESIAN_POINT ( 'NONE',  ( 0.7000000000000003997, 0.000000000000000000, -2.529805069132844830E-16 ) ) ;
#461 = EDGE_CURVE ( 'NONE', #2310, #1595, #1249, .T. ) ;
#462 = ORIENTED_EDGE ( 'NONE', *, *, #2750, .T. ) ;
#463 = CARTESIAN_POINT ( 'NONE',  ( 0.8000000000000002665, 0.000000000000000000, 0.7999999999999999334 ) ) ;
#464 = EDGE_LOOP ( 'NONE', ( #1107, #2494, #1201, #1488 ) ) ;
#465 = DIRECTION ( 'NONE',  ( 0.000000000000000000, 0.000000000000000000, 1.000000000000000000 ) ) ;
#466 = ADVANCED_FACE ( 'NONE', ( #2368 ), #1701, .F. ) ;
#467 = ADVANCED_FACE ( 'NONE', ( #78 ), #1164, .F. ) ;
#468 = ORIENTED_EDGE ( 'NONE', *, *, #2255, .T. ) ;
#469 = LINE ( 'NONE', #1334, #1730 ) ;
#470 = FACE_OUTER_BOUND ( 'NONE', #1370, .T. ) ;
#471 = VECTOR ( 'NONE', #702, 1000.000000000000000 ) ;
#472 = DIRECTION ( 'NONE',  ( 0.000000000000000000, -1.000000000000000000, 0.000000000000000000 ) ) ;
#473 = VERTEX_POINT ( 'NONE', #2480 ) ;
#474 = ORIENTED_EDGE ( 'NONE', *, *, #1668, .T. ) ;
#475 = DIRECTION ( 'NONE',  ( -0.000000000000000000, -0.000000000000000000, 1.000000000000000000 ) ) ;
#476 = EDGE_LOOP ( 'NONE', ( #2083, #958, #245, #1928 ) ) ;
#477 = LINE ( 'NONE', #1963, #2304 ) ;
#478 = ORIENTED_EDGE ( 'NONE', *, *, #379, .T. ) ;
#479 = DIRECTION ( 'NONE',  ( 1.000000000000000000, 0.000000000000000000, -2.710505431213760592E-16 ) ) ;
#480 = ORIENTED_EDGE ( 'NONE', *, *, #655, .T. ) ;
#481 = LINE ( 'NONE', #1831, #1273 ) ;
#482 =( NAMED_UNIT ( * ) SI_UNIT ( $, .STERADIAN. ) SOLID_ANGLE_UNIT ( ) );
#483 = AXIS2_PLACEMENT_3D ( 'NONE', #511, #920, #1791 ) ;
#484 = CARTESIAN_POINT ( 'NONE',  ( 0.09999999999999993616, 0.1069999999999999979, 0.8009999999999999343 ) ) ;
#485 = VERTEX_POINT ( 'NONE', #2673 ) ;
#486 = VERTEX_POINT ( 'NONE', #1118 ) ;
#487 = VECTOR ( 'NONE', #2153, 1000.000000000000000 ) ;
#488 = CARTESIAN_POINT ( 'NONE',  ( -0.3000000000000000999, 0.1069999999999999979, 0.5009999999999998899 ) ) ;
#489 = LINE ( 'NONE', #190, #2408 ) ;
#490 = ORIENTED_EDGE ( 'NONE', *, *, #2783, .F. ) ;
#491 = LINE ( 'NONE', #1342, #696 ) ;
#492 = ORIENTED_EDGE ( 'NONE', *, *, #1143, .F. ) ;
#493 = FACE_OUTER_BOUND ( 'NONE', #176, .T. ) ;
#494 = AXIS2_PLACEMENT_3D ( 'NONE', #178, #1283, #1062 ) ;
#495 = VECTOR ( 'NONE', #1735, 1000.000000000000000 ) ;
#496 = VERTEX_POINT ( 'NONE', #2691 ) ;
#497 = DIRECTION ( 'NONE',  ( 0.000000000000000000, 1.000000000000000000, -0.000000000000000000 ) ) ;
#498 = ADVANCED_FACE ( 'NONE', ( #1997 ), #1605, .F. ) ;
#499 = DIRECTION ( 'NONE',  ( 0.000000000000000000, 1.000000000000000000, 0.000000000000000000 ) ) ;
#500 = LINE ( 'NONE', #25, #820 ) ;
#501 = VERTEX_POINT ( 'NONE', #526 ) ;
#502 = AXIS2_PLACEMENT_3D ( 'NONE', #1512, #2156, #193 ) ;
#503 = ORIENTED_EDGE ( 'NONE', *, *, #745, .F. ) ;
#504 = DIRECTION ( 'NONE',  ( 0.000000000000000000, -1.000000000000000000, 0.000000000000000000 ) ) ;
#505 = LINE ( 'NONE', #232, #2571 ) ;
#506 = VERTEX_POINT ( 'NONE', #2213 ) ;
#507 = LINE ( 'NONE', #1557, #364 ) ;
#508 = VECTOR ( 'NONE', #1854, 1000.000000000000000 ) ;
#509 = ORIENTED_EDGE ( 'NONE', *, *, #674, .F. ) ;
#510 =( NAMED_UNIT ( * ) PLANE_ANGLE_UNIT ( ) SI_UNIT ( $, .RADIAN. ) );
#511 = CARTESIAN_POINT ( 'NONE',  ( 0.000000000000000000, 0.1069999999999999979, 0.000000000000000000 ) ) ;
#512 = DIRECTION ( 'NONE',  ( 0.000000000000000000, -1.000000000000000000, 0.000000000000000000 ) ) ;
#513 = CARTESIAN_POINT ( 'NONE',  ( -0.7999999999999998224, 0.000000000000000000, 0.7999999999999999334 ) ) ;
#514 = ORIENTED_EDGE ( 'NONE', *, *, #1438, .T. ) ;
#515 = EDGE_CURVE ( 'NONE', #904, #2341, #2599, .T. ) ;
#516 = ORIENTED_EDGE ( 'NONE', *, *, #379, .F. ) ;
#517 = CARTESIAN_POINT ( 'NONE',  ( 0.000000000000000000, 0.000000000000000000, -0.5009999999999998899 ) ) ;
#518 = EDGE_CURVE ( 'NONE', #1148, #49, #723, .T. ) ;
#519 = PLANE ( 'NONE',  #1198 ) ;
#520 = VERTEX_POINT ( 'NONE', #2037 ) ;
#521 = CLOSED_SHELL ( 'NONE', ( #677, #1521, #382, #2043, #2058, #1967, #2346, #1444, #647, #152, #2568, #1381, #1718, #1654, #931, #334, #1526, #1089, #2453, #533, #2573, #531, #2557, #322, #2537, #498, #1325, #317, #1751, #1024, #1421, #848, #2266, #1237, #1006, #163, #440, #427, #416, #1850, #1566, #953, #359, #1056, #2035, #466, #2752, #852, #1753, #844, #739, #139, #2072, #2356, #467, #950, #285, #235, #1436, #2340, #2165, #1945, #1365, #1119, #641, #1625, #2110, #2430, #439, #2247, #321, #1862, #1270, #1767, #1033, #2145, #2050, #1739, #1748, #2648, #527, #2032 ) ) ;
#522 = CARTESIAN_POINT ( 'NONE',  ( 0.4999999999999998890, 0.1069999999999999979, -0.8000000000000001554 ) ) ;
#523 = VECTOR ( 'NONE', #2131, 1000.000000000000000 ) ;
#524 = ORIENTED_EDGE ( 'NONE', *, *, #2049, .T. ) ;
#525 = CARTESIAN_POINT ( 'NONE',  ( -0.09999999999999988065, 0.1069999999999999979, -0.5009999999999998899 ) ) ;
#526 = CARTESIAN_POINT ( 'NONE',  ( -0.8009999999999998233, -0.02000000000000000042, -0.09999999999999999167 ) ) ;
#527 = ADVANCED_FACE ( 'NONE', ( #2271 ), #293, .F. ) ;
#528 = FACE_OUTER_BOUND ( 'NONE', #162, .T. ) ;
#529 = DIRECTION ( 'NONE',  ( 1.000000000000000000, 0.000000000000000000, 0.000000000000000000 ) ) ;
#530 = ORIENTED_EDGE ( 'NONE', *, *, #2692, .T. ) ;
#531 = ADVANCED_FACE ( 'NONE', ( #265 ), #2057, .F. ) ;
#532 = VECTOR ( 'NONE', #935, 1000.000000000000000 ) ;
#533 = ADVANCED_FACE ( 'NONE', ( #470 ), #2010, .F. ) ;
#534 = ORIENTED_EDGE ( 'NONE', *, *, #660, .T. ) ;
#535 = CARTESIAN_POINT ( 'NONE',  ( 0.5000000000000000000, 0.1069999999999999979, -0.8009999999999999343 ) ) ;
#536 = LINE ( 'NONE', #1159, #71 ) ;
#537 = VECTOR ( 'NONE', #1059, 1000.000000000000000 ) ;
#538 = ORIENTED_EDGE ( 'NONE', *, *, #2157, .T. ) ;
#539 = DIRECTION ( 'NONE',  ( 0.000000000000000000, 1.000000000000000000, 0.000000000000000000 ) ) ;
#540 = AXIS2_PLACEMENT_3D ( 'NONE', #1628, #2296, #748 ) ;
#541 = ORIENTED_EDGE ( 'NONE', *, *, #2049, .F. ) ;
#542 = DIRECTION ( 'NONE',  ( 3.614007241618347785E-16, 0.000000000000000000, -1.000000000000000000 ) ) ;
#543 = DIRECTION ( 'NONE',  ( 2.710505431213762071E-16, 0.000000000000000000, -1.000000000000000000 ) ) ;
#544 = AXIS2_PLACEMENT_3D ( 'NONE', #246, #1175, #963 ) ;
#545 = DIRECTION ( 'NONE',  ( 0.000000000000000000, 0.000000000000000000, 1.000000000000000000 ) ) ;
#546 =( GEOMETRIC_REPRESENTATION_CONTEXT ( 3 ) GLOBAL_UNCERTAINTY_ASSIGNED_CONTEXT ( ( #550 ) ) GLOBAL_UNIT_ASSIGNED_CONTEXT ( ( #102, #353, #2123 ) ) REPRESENTATION_CONTEXT ( 'NONE', 'WORKASPACE' ) );
#547 = DIRECTION ( 'NONE',  ( -3.614007241618347785E-16, 0.000000000000000000, 1.000000000000000000 ) ) ;
#548 = FACE_OUTER_BOUND ( 'NONE', #2810, .T. ) ;
#549 = EDGE_CURVE ( 'NONE', #552, #1879, #708, .T. ) ;
#550 = UNCERTAINTY_MEASURE_WITH_UNIT (LENGTH_MEASURE( 1.000000000000000082E-05 ), #102, 'distance_accuracy_value', 'NONE');
#551 = AXIS2_PLACEMENT_3D ( 'NONE', #2608, #1688, #2159 ) ;
#552 = VERTEX_POINT ( 'NONE', #279 ) ;
#553 = DIRECTION ( 'NONE',  ( 0.000000000000000000, -0.000000000000000000, 1.000000000000000000 ) ) ;
#554 = EDGE_LOOP ( 'NONE', ( #2297, #1830, #2703, #1115, #1387, #87 ) ) ;
#555 = PLANE ( 'NONE',  #1396 ) ;
#556 = ORIENTED_EDGE ( 'NONE', *, *, #1833, .T. ) ;
#557 = SURFACE_STYLE_FILL_AREA ( #991 ) ;
#558 = EDGE_CURVE ( 'NONE', #1304, #1110, #1150, .T. ) ;
#559 = ORIENTED_EDGE ( 'NONE', *, *, #1042, .T. ) ;
#560 = EDGE_CURVE ( 'NONE', #808, #1003, #1672, .T. ) ;
#561 =( LENGTH_UNIT ( ) NAMED_UNIT ( * ) SI_UNIT ( .MILLI., .METRE. ) );
#562 = CARTESIAN_POINT ( 'NONE',  ( -0.3000000000000000999, 0.1069999999999999979, 0.8009999999999999343 ) ) ;
#563 = DIRECTION ( 'NONE',  ( 1.084202172485504434E-16, 0.000000000000000000, 1.000000000000000000 ) ) ;
#564 = FACE_OUTER_BOUND ( 'NONE', #2490, .T. ) ;
#565 = DIRECTION ( 'NONE',  ( 0.000000000000000000, -1.000000000000000000, 0.000000000000000000 ) ) ;
#566 = ORIENTED_EDGE ( 'NONE', *, *, #1690, .F. ) ;
#567 = VERTEX_POINT ( 'NONE', #2723 ) ;
#568 = DIRECTION ( 'NONE',  ( 0.000000000000000000, 0.000000000000000000, -1.000000000000000000 ) ) ;
#569 = VERTEX_POINT ( 'NONE', #159 ) ;
#570 = PLANE ( 'NONE',  #1901 ) ;
#571 = VERTEX_POINT ( 'NONE', #387 ) ;
#572 = EDGE_CURVE ( 'NONE', #1447, #1584, #578, .T. ) ;
#573 = VECTOR ( 'NONE', #1798, 1000.000000000000000 ) ;
#574 = CARTESIAN_POINT ( 'NONE',  ( 0.8000000000000002665, 0.3299999999999999600, -0.8000000000000001554 ) ) ;
#575 = ORIENTED_EDGE ( 'NONE', *, *, #223, .T. ) ;
#576 = DIRECTION ( 'NONE',  ( 1.000000000000000000, 0.000000000000000000, 0.000000000000000000 ) ) ;
#577 = DIRECTION ( 'NONE',  ( 1.000000000000000000, 0.000000000000000000, 0.000000000000000000 ) ) ;
#578 = LINE ( 'NONE', #1257, #1990 ) ;
#579 = DIRECTION ( 'NONE',  ( 0.000000000000000000, -1.000000000000000000, 0.000000000000000000 ) ) ;
#580 = CARTESIAN_POINT ( 'NONE',  ( 0.000000000000000000, -0.02000000000000000042, 0.000000000000000000 ) ) ;
#581 = EDGE_LOOP ( 'NONE', ( #1341, #346, #783, #394 ) ) ;
#582 = DIRECTION ( 'NONE',  ( 0.000000000000000000, 0.000000000000000000, -1.000000000000000000 ) ) ;
#583 = ORIENTED_EDGE ( 'NONE', *, *, #741, .F. ) ;
#584 = CARTESIAN_POINT ( 'NONE',  ( 0.7000000000000000666, 0.1069999999999999979, 0.8009999999999999343 ) ) ;
#585 = ORIENTED_EDGE ( 'NONE', *, *, #2226, .T. ) ;
#586 = PLANE ( 'NONE',  #2818 ) ;
#587 = VERTEX_POINT ( 'NONE', #2073 ) ;
#588 = COLOUR_RGB ( '',0.7921568627450980005, 0.8196078431372548767, 0.9333333333333333481 ) ;
#589 = DIRECTION ( 'NONE',  ( 0.000000000000000000, -1.000000000000000000, 0.000000000000000000 ) ) ;
#590 = FACE_OUTER_BOUND ( 'NONE', #2261, .T. ) ;
#591 = LINE ( 'NONE', #1258, #2467 ) ;
#592 = VECTOR ( 'NONE', #2055, 1000.000000000000000 ) ;
#593 = EDGE_CURVE ( 'NONE', #299, #1515, #1437, .T. ) ;
#594 =( GEOMETRIC_REPRESENTATION_CONTEXT ( 3 ) GLOBAL_UNCERTAINTY_ASSIGNED_CONTEXT ( ( #1705 ) ) GLOBAL_UNIT_ASSIGNED_CONTEXT ( ( #1497, #829, #2569 ) ) REPRESENTATION_CONTEXT ( 'NONE', 'WORKASPACE' ) );
#595 = CARTESIAN_POINT ( 'NONE',  ( 0.3000000000000000444, -0.02000000000000000042, 0.8009999999999999343 ) ) ;
#596 = CARTESIAN_POINT ( 'NONE',  ( 0.09999999999999993616, 0.1069999999999999979, 0.5009999999999998899 ) ) ;
#597 = VERTEX_POINT ( 'NONE', #775 ) ;
#598 = VECTOR ( 'NONE', #1411, 1000.000000000000000 ) ;
#599 = DIRECTION ( 'NONE',  ( 0.000000000000000000, -1.000000000000000000, 0.000000000000000000 ) ) ;
#600 = ORIENTED_EDGE ( 'NONE', *, *, #2138, .F. ) ;
#601 = LINE ( 'NONE', #2067, #905 ) ;
#602 = MECHANICAL_DESIGN_GEOMETRIC_PRESENTATION_REPRESENTATION (  '', ( #2200 ), #2461 ) ;
#603 = ORIENTED_EDGE ( 'NONE', *, *, #2526, .T. ) ;
#604 = UNCERTAINTY_MEASURE_WITH_UNIT (LENGTH_MEASURE( 1.000000000000000082E-05 ), #1184, 'distance_accuracy_value', 'NONE');
#605 = PLANE ( 'NONE',  #2674 ) ;
#606 = CARTESIAN_POINT ( 'NONE',  ( -0.3000000000000000999, -0.02000000000000000042, -0.5009999999999998899 ) ) ;
#607 = DIRECTION ( 'NONE',  ( -0.000000000000000000, -1.000000000000000000, -0.000000000000000000 ) ) ;
#608 = VECTOR ( 'NONE', #2768, 1000.000000000000000 ) ;
#609 = DIRECTION ( 'NONE',  ( 0.7071067811865473507, 0.000000000000000000, 0.7071067811865477948 ) ) ;
#610 = ORIENTED_EDGE ( 'NONE', *, *, #830, .F. ) ;
#611 = ORIENTED_EDGE ( 'NONE', *, *, #113, .F. ) ;
#612 = LINE ( 'NONE', #1731, #537 ) ;
#613 = SURFACE_SIDE_STYLE ('',( #2178 ) ) ;
#614 = ORIENTED_EDGE ( 'NONE', *, *, #1833, .F. ) ;
#615 = LINE ( 'NONE', #799, #1402 ) ;
#616 = DIRECTION ( 'NONE',  ( 1.000000000000000000, 0.000000000000000000, -3.614007241618347785E-16 ) ) ;
#617 = CARTESIAN_POINT ( 'NONE',  ( 0.8000000000000002665, 0.000000000000000000, 0.3000000000000000444 ) ) ;
#618 = EDGE_CURVE ( 'NONE', #1825, #1429, #981, .T. ) ;
#619 = CARTESIAN_POINT ( 'NONE',  ( -0.3009999999999998233, -0.000000000000000000, 0.000000000000000000 ) ) ;
#620 = ORIENTED_EDGE ( 'NONE', *, *, #2434, .F. ) ;
#621 = EDGE_CURVE ( 'NONE', #1962, #2456, #1619, .T. ) ;
#622 = DIRECTION ( 'NONE',  ( 0.000000000000000000, 0.000000000000000000, -1.000000000000000000 ) ) ;
#623 = ORIENTED_EDGE ( 'NONE', *, *, #1661, .F. ) ;
#624 = DIRECTION ( 'NONE',  ( -0.000000000000000000, -1.000000000000000000, -0.000000000000000000 ) ) ;
#625 = DIRECTION ( 'NONE',  ( 1.000000000000000000, 0.000000000000000000, 0.000000000000000000 ) ) ;
#626 = VERTEX_POINT ( 'NONE', #1194 ) ;
#627 = EDGE_CURVE ( 'NONE', #496, #367, #2527, .T. ) ;
#628 = LINE ( 'NONE', #2126, #487 ) ;
#629 = FACE_OUTER_BOUND ( 'NONE', #2268, .T. ) ;
#630 = CARTESIAN_POINT ( 'NONE',  ( 0.8009999999999998233, 0.1069999999999999979, -0.09999999999999999167 ) ) ;
#631 = VECTOR ( 'NONE', #1306, 1000.000000000000000 ) ;
#632 = DIRECTION ( 'NONE',  ( -1.000000000000000000, 0.000000000000000000, -3.614007241618347785E-16 ) ) ;
#633 = CARTESIAN_POINT ( 'NONE',  ( 0.3009999999999998233, 0.000000000000000000, -0.1000000000000000611 ) ) ;
#634 =( GEOMETRIC_REPRESENTATION_CONTEXT ( 3 ) GLOBAL_UNCERTAINTY_ASSIGNED_CONTEXT ( ( #1624 ) ) GLOBAL_UNIT_ASSIGNED_CONTEXT ( ( #682, #1979, #2374 ) ) REPRESENTATION_CONTEXT ( 'NONE', 'WORKASPACE' ) );
#635 = VECTOR ( 'NONE', #764, 1000.000000000000000 ) ;
#636 = EDGE_LOOP ( 'NONE', ( #2175, #1842, #2439, #879 ) ) ;
#637 = VECTOR ( 'NONE', #1432, 1000.000000000000000 ) ;
#638 = LINE ( 'NONE', #186, #1573 ) ;
#639 = LINE ( 'NONE', #2164, #712 ) ;
#640 = VERTEX_POINT ( 'NONE', #2766 ) ;
#641 = ADVANCED_FACE ( 'NONE', ( #2127 ), #167, .F. ) ;
#642 = DIRECTION ( 'NONE',  ( 1.000000000000000000, 0.000000000000000000, 0.000000000000000000 ) ) ;
#643 = CARTESIAN_POINT ( 'NONE',  ( 0.7000000000000000666, 0.1069999999999999979, 0.8009999999999999343 ) ) ;
#644 = EDGE_CURVE ( 'NONE', #794, #1148, #1208, .T. ) ;
#645 = DIRECTION ( 'NONE',  ( 1.000000000000000000, 0.000000000000000000, -0.000000000000000000 ) ) ;
#646 = FACE_OUTER_BOUND ( 'NONE', #1904, .T. ) ;
#647 = ADVANCED_FACE ( 'NONE', ( #590 ), #2498, .F. ) ;
#648 = EDGE_CURVE ( 'NONE', #665, #2204, #997, .T. ) ;
#649 = CARTESIAN_POINT ( 'NONE',  ( -0.3000000000000000999, 0.1069999999999999979, -0.8009999999999999343 ) ) ;
#650 = ORIENTED_EDGE ( 'NONE', *, *, #2607, .F. ) ;
#651 = VERTEX_POINT ( 'NONE', #2085 ) ;
#652 = DIRECTION ( 'NONE',  ( 0.000000000000000000, 0.000000000000000000, -1.000000000000000000 ) ) ;
#653 = DIRECTION ( 'NONE',  ( 0.000000000000000000, -1.000000000000000000, 0.000000000000000000 ) ) ;
#654 = ORIENTED_EDGE ( 'NONE', *, *, #1035, .T. ) ;
#655 = EDGE_CURVE ( 'NONE', #1601, #2824, #1853, .T. ) ;
#656 = DIRECTION ( 'NONE',  ( -0.000000000000000000, 1.000000000000000000, 0.000000000000000000 ) ) ;
#657 = CARTESIAN_POINT ( 'NONE',  ( -0.3009999999999998233, -0.02000000000000000042, -0.1000000000000001305 ) ) ;
#658 = AXIS2_PLACEMENT_3D ( 'NONE', #1745, #1317, #2235 ) ;
#659 = CARTESIAN_POINT ( 'NONE',  ( 0.3000000000000000444, 0.1069999999999999979, -0.8009999999999999343 ) ) ;
#660 = EDGE_CURVE ( 'NONE', #569, #1879, #1471, .T. ) ;
#661 = ORIENTED_EDGE ( 'NONE', *, *, #44, .T. ) ;
#662 = CARTESIAN_POINT ( 'NONE',  ( 0.7000000000000003997, 0.1069999999999999979, 0.7999999999999999334 ) ) ;
#663 = ORIENTED_EDGE ( 'NONE', *, *, #2138, .T. ) ;
#664 = DIRECTION ( 'NONE',  ( -1.000000000000000000, 0.000000000000000000, -0.000000000000000000 ) ) ;
#665 = VERTEX_POINT ( 'NONE', #2708 ) ;
#666 = CARTESIAN_POINT ( 'NONE',  ( -0.8009999999999998233, -0.02000000000000000042, 0.3000000000000000444 ) ) ;
#667 = FACE_OUTER_BOUND ( 'NONE', #2778, .T. ) ;
#668 = FACE_OUTER_BOUND ( 'NONE', #684, .T. ) ;
#669 = AXIS2_PLACEMENT_3D ( 'NONE', #1302, #2405, #847 ) ;
#670 = AXIS2_PLACEMENT_3D ( 'NONE', #1445, #153, #1029 ) ;
#671 = EDGE_CURVE ( 'NONE', #822, #1888, #1409, .T. ) ;
#672 = LINE ( 'NONE', #922, #1815 ) ;
#673 = ORIENTED_EDGE ( 'NONE', *, *, #2463, .F. ) ;
#674 = EDGE_CURVE ( 'NONE', #2410, #520, #2290, .T. ) ;
#675 = EDGE_LOOP ( 'NONE', ( #614, #1756, #1869, #530 ) ) ;
#676 = LINE ( 'NONE', #1171, #1500 ) ;
#677 = ADVANCED_FACE ( 'NONE', ( #790 ), #1658, .F. ) ;
#678 = CARTESIAN_POINT ( 'NONE',  ( -0.7999999999999998224, 0.3299999999999999600, 0.3000000000000000444 ) ) ;
#679 = DIRECTION ( 'NONE',  ( 1.000000000000000000, 0.000000000000000000, 1.355252715606880789E-16 ) ) ;
#680 = ORIENTED_EDGE ( 'NONE', *, *, #169, .F. ) ;
#681 = MECHANICAL_DESIGN_GEOMETRIC_PRESENTATION_REPRESENTATION (  '', ( #717 ), #1177 ) ;
#682 =( LENGTH_UNIT ( ) NAMED_UNIT ( * ) SI_UNIT ( .MILLI., .METRE. ) );
#683 = VECTOR ( 'NONE', #529, 1000.000000000000000 ) ;
#684 = EDGE_LOOP ( 'NONE', ( #1047, #1827, #1906, #1795 ) ) ;
#685 = CARTESIAN_POINT ( 'NONE',  ( -0.7999999999999998224, 0.000000000000000000, -0.8000000000000001554 ) ) ;
#686 = LINE ( 'NONE', #1322, #83 ) ;
#687 = EDGE_LOOP ( 'NONE', ( #474, #1613, #1173, #1015 ) ) ;
#688 = ORIENTED_EDGE ( 'NONE', *, *, #627, .T. ) ;
#689 = PLANE ( 'NONE',  #36 ) ;
#690 = ORIENTED_EDGE ( 'NONE', *, *, #2756, .T. ) ;
#691 = CARTESIAN_POINT ( 'NONE',  ( -0.8009999999999998233, 0.1069999999999999979, 0.3000000000000000444 ) ) ;
#692 = ORIENTED_EDGE ( 'NONE', *, *, #866, .T. ) ;
#693 = DIRECTION ( 'NONE',  ( 1.000000000000000000, 0.000000000000000000, 1.084202172485504434E-16 ) ) ;
#694 = ORIENTED_EDGE ( 'NONE', *, *, #1926, .T. ) ;
#695 = CARTESIAN_POINT ( 'NONE',  ( 0.8000000000000002665, 0.3299999999999999600, 0.3000000000000000444 ) ) ;
#696 = VECTOR ( 'NONE', #2459, 1000.000000000000000 ) ;
#697 = LINE ( 'NONE', #281, #907 ) ;
#698 = VERTEX_POINT ( 'NONE', #1485 ) ;
#699 = ORIENTED_EDGE ( 'NONE', *, *, #1440, .F. ) ;
#700 = CARTESIAN_POINT ( 'NONE',  ( -0.3009999999999998233, -0.02000000000000000042, 0.3000000000000000444 ) ) ;
#701 = ORIENTED_EDGE ( 'NONE', *, *, #1338, .T. ) ;
#702 = DIRECTION ( 'NONE',  ( -1.000000000000000000, -0.000000000000000000, -0.000000000000000000 ) ) ;
#703 = ORIENTED_EDGE ( 'NONE', *, *, #2666, .T. ) ;
#704 = LINE ( 'NONE', #1570, #1225 ) ;
#705 = EDGE_CURVE ( 'NONE', #2310, #1145, #1271, .T. ) ;
#706 = EDGE_LOOP ( 'NONE', ( #1727, #2701, #761, #1983 ) ) ;
#707 = DIRECTION ( 'NONE',  ( 1.000000000000000000, 0.000000000000000000, 0.000000000000000000 ) ) ;
#708 = LINE ( 'NONE', #1574, #1758 ) ;
#709 = CARTESIAN_POINT ( 'NONE',  ( -0.3000000000000000999, -0.02000000000000000042, 0.8009999999999999343 ) ) ;
#710 = LINE ( 'NONE', #2452, #314 ) ;
#711 = ORIENTED_EDGE ( 'NONE', *, *, #1345, .F. ) ;
#712 = VECTOR ( 'NONE', #877, 1000.000000000000000 ) ;
#713 = FACE_OUTER_BOUND ( 'NONE', #170, .T. ) ;
#714 = LINE ( 'NONE', #878, #12 ) ;
#715 = ORIENTED_EDGE ( 'NONE', *, *, #1955, .F. ) ;
#716 = PLANE ( 'NONE',  #720 ) ;
#717 = STYLED_ITEM ( 'NONE', ( #1681 ), #2032 ) ;
#718 = ORIENTED_EDGE ( 'NONE', *, *, #2284, .F. ) ;
#719 = DIRECTION ( 'NONE',  ( 0.000000000000000000, -1.000000000000000000, 0.000000000000000000 ) ) ;
#720 = AXIS2_PLACEMENT_3D ( 'NONE', #2018, #539, #2652 ) ;
#721 = EDGE_CURVE ( 'NONE', #2312, #2791, #1308, .T. ) ;
#722 = VECTOR ( 'NONE', #857, 1000.000000000000000 ) ;
#723 = LINE ( 'NONE', #2437, #1105 ) ;
#724 = CARTESIAN_POINT ( 'NONE',  ( 0.000000000000000000, 0.000000000000000000, 0.000000000000000000 ) ) ;
#725 = CARTESIAN_POINT ( 'NONE',  ( 0.8000000000000002665, 0.3299999999999999600, 0.7999999999999999334 ) ) ;
#726 = EDGE_CURVE ( 'NONE', #2081, #755, #455, .T. ) ;
#727 = ORIENTED_EDGE ( 'NONE', *, *, #2198, .T. ) ;
#728 = AXIS2_PLACEMENT_3D ( 'NONE', #55, #759, #547 ) ;
#729 = EDGE_CURVE ( 'NONE', #1262, #1127, #841, .T. ) ;
#730 = ORIENTED_EDGE ( 'NONE', *, *, #1536, .T. ) ;
#731 = LINE ( 'NONE', #2428, #1581 ) ;
#732 = ORIENTED_EDGE ( 'NONE', *, *, #1245, .F. ) ;
#733 = DIRECTION ( 'NONE',  ( -1.000000000000000000, 0.000000000000000000, -0.000000000000000000 ) ) ;
#734 = VERTEX_POINT ( 'NONE', #181 ) ;
#735 = DIRECTION ( 'NONE',  ( 3.614007241618347785E-16, 0.000000000000000000, -1.000000000000000000 ) ) ;
#736 = VECTOR ( 'NONE', #1066, 1000.000000000000000 ) ;
#737 = VERTEX_POINT ( 'NONE', #1075 ) ;
#738 = CARTESIAN_POINT ( 'NONE',  ( 0.3009999999999997677, -0.02000000000000000042, 8.158621347953418401E-17 ) ) ;
#739 = ADVANCED_FACE ( 'NONE', ( #667 ), #1922, .F. ) ;
#740 = EDGE_CURVE ( 'NONE', #1675, #1191, #1511, .T. ) ;
#741 = EDGE_CURVE ( 'NONE', #21, #485, #1968, .T. ) ;
#742 = DIRECTION ( 'NONE',  ( 0.000000000000000000, 1.000000000000000000, 0.000000000000000000 ) ) ;
#743 = LINE ( 'NONE', #344, #1458 ) ;
#744 = ORIENTED_EDGE ( 'NONE', *, *, #1114, .T. ) ;
#745 = EDGE_CURVE ( 'NONE', #2585, #68, #1092, .T. ) ;
#746 = VERTEX_POINT ( 'NONE', #630 ) ;
#747 = CARTESIAN_POINT ( 'NONE',  ( -0.09999999999999970024, -0.000000000000000000, 3.614007241618336815E-17 ) ) ;
#748 = DIRECTION ( 'NONE',  ( 1.000000000000000000, 0.000000000000000000, 0.000000000000000000 ) ) ;
#749 = VERTEX_POINT ( 'NONE', #2615 ) ;
#750 = DIRECTION ( 'NONE',  ( 0.000000000000000000, 0.000000000000000000, -1.000000000000000000 ) ) ;
#751 = ORIENTED_EDGE ( 'NONE', *, *, #24, .F. ) ;
#752 = VECTOR ( 'NONE', #2294, 1000.000000000000000 ) ;
#753 = DIRECTION ( 'NONE',  ( -0.000000000000000000, 1.000000000000000000, 0.000000000000000000 ) ) ;
#754 = AXIS2_PLACEMENT_3D ( 'NONE', #2021, #2240, #2468 ) ;
#755 = VERTEX_POINT ( 'NONE', #2379 ) ;
#756 = CARTESIAN_POINT ( 'NONE',  ( 0.000000000000000000, -0.000000000000000000, 0.5009999999999998899 ) ) ;
#757 = FACE_OUTER_BOUND ( 'NONE', #1376, .T. ) ;
#758 = CARTESIAN_POINT ( 'NONE',  ( 0.8009999999999998233, 0.1069999999999999979, 0.09999999999999999167 ) ) ;
#759 = DIRECTION ( 'NONE',  ( -1.000000000000000000, 0.000000000000000000, -3.614007241618347785E-16 ) ) ;
#760 = CARTESIAN_POINT ( 'NONE',  ( -0.7000000000000000666, 0.000000000000000000, -0.8000000000000001554 ) ) ;
#761 = ORIENTED_EDGE ( 'NONE', *, *, #2816, .F. ) ;
#762 = EDGE_CURVE ( 'NONE', #1680, #1133, #414, .T. ) ;
#763 = ORIENTED_EDGE ( 'NONE', *, *, #1938, .T. ) ;
#764 = DIRECTION ( 'NONE',  ( 3.614007241618347785E-16, 0.000000000000000000, -1.000000000000000000 ) ) ;
#765 = ORIENTED_EDGE ( 'NONE', *, *, #1122, .F. ) ;
#766 = EDGE_CURVE ( 'NONE', #1569, #2744, #6, .T. ) ;
#767 = CARTESIAN_POINT ( 'NONE',  ( 0.3000000000000000444, -0.02000000000000000042, 0.8009999999999999343 ) ) ;
#768 = VECTOR ( 'NONE', #577, 1000.000000000000000 ) ;
#769 = ORIENTED_EDGE ( 'NONE', *, *, #830, .T. ) ;
#770 = DIRECTION ( 'NONE',  ( -1.000000000000000000, 0.000000000000000000, 0.000000000000000000 ) ) ;
#771 = PRESENTATION_LAYER_ASSIGNMENT (  '', '', ( #1719 ) ) ;
#772 = ORIENTED_EDGE ( 'NONE', *, *, #19, .F. ) ;
#773 = DIRECTION ( 'NONE',  ( 0.000000000000000000, -1.000000000000000000, 0.000000000000000000 ) ) ;
#774 = VECTOR ( 'NONE', #985, 1000.000000000000000 ) ;
#775 = CARTESIAN_POINT ( 'NONE',  ( -0.3009999999999998233, -0.000000000000000000, -0.2000000000000001499 ) ) ;
#776 = AXIS2_PLACEMENT_3D ( 'NONE', #1905, #1634, #2564 ) ;
#777 = LINE ( 'NONE', #1351, #1818 ) ;
#778 = DIRECTION ( 'NONE',  ( 0.000000000000000000, -1.000000000000000000, 0.000000000000000000 ) ) ;
#779 = VERTEX_POINT ( 'NONE', #2155 ) ;
#780 = VECTOR ( 'NONE', #97, 1000.000000000000000 ) ;
#781 = ORIENTED_EDGE ( 'NONE', *, *, #572, .F. ) ;
#782 = DIRECTION ( 'NONE',  ( 0.000000000000000000, -1.000000000000000000, 0.000000000000000000 ) ) ;
#783 = ORIENTED_EDGE ( 'NONE', *, *, #1328, .F. ) ;
#784 = FACE_OUTER_BOUND ( 'NONE', #1097, .T. ) ;
#785 = EDGE_LOOP ( 'NONE', ( #2483, #492 ) ) ;
#786 = CARTESIAN_POINT ( 'NONE',  ( -0.8009999999999998233, 0.1069999999999999979, 0.09999999999999999167 ) ) ;
#787 = VERTEX_POINT ( 'NONE', #424 ) ;
#788 = PLANE ( 'NONE',  #1998 ) ;
#789 = CARTESIAN_POINT ( 'NONE',  ( -0.3000000000000000444, 0.000000000000000000, -0.8000000000000001554 ) ) ;
#790 = FACE_OUTER_BOUND ( 'NONE', #1816, .T. ) ;
#791 = PLANE ( 'NONE',  #1226 ) ;
#792 = CARTESIAN_POINT ( 'NONE',  ( 0.09999999999999993616, 0.000000000000000000, 0.000000000000000000 ) ) ;
#793 = DIRECTION ( 'NONE',  ( 0.000000000000000000, 0.000000000000000000, -1.000000000000000000 ) ) ;
#794 = VERTEX_POINT ( 'NONE', #192 ) ;
#795 = CARTESIAN_POINT ( 'NONE',  ( -0.7999999999999998224, 0.3299999999999999600, -0.8000000000000001554 ) ) ;
#796 = ORIENTED_EDGE ( 'NONE', *, *, #1461, .T. ) ;
#797 = PLANE ( 'NONE',  #998 ) ;
#798 = ORIENTED_EDGE ( 'NONE', *, *, #1958, .T. ) ;
#799 = CARTESIAN_POINT ( 'NONE',  ( -0.4009999999999997455, 0.1069999999999999979, -0.3000000000000001554 ) ) ;
#800 = CARTESIAN_POINT ( 'NONE',  ( -0.7000000000000000666, -0.02000000000000000042, 0.5009999999999998899 ) ) ;
#801 = EDGE_CURVE ( 'NONE', #1142, #1301, #1038, .T. ) ;
#802 = PRESENTATION_STYLE_ASSIGNMENT (( #1011 ) ) ;
#803 = CARTESIAN_POINT ( 'NONE',  ( 0.000000000000000000, -0.02000000000000000042, 0.000000000000000000 ) ) ;
#804 = DIRECTION ( 'NONE',  ( 0.000000000000000000, 0.000000000000000000, -1.000000000000000000 ) ) ;
#805 = CARTESIAN_POINT ( 'NONE',  ( -0.3000000000000000444, 0.000000000000000000, 0.7999999999999999334 ) ) ;
#806 = ORIENTED_EDGE ( 'NONE', *, *, #2748, .F. ) ;
#807 = PLANE ( 'NONE',  #1254 ) ;
#808 = VERTEX_POINT ( 'NONE', #853 ) ;
#809 = CARTESIAN_POINT ( 'NONE',  ( -0.7999999999999998224, 0.000000000000000000, 0.7999999999999999334 ) ) ;
#810 = VECTOR ( 'NONE', #1713, 1000.000000000000000 ) ;
#811 = ORIENTED_EDGE ( 'NONE', *, *, #593, .T. ) ;
#812 = VECTOR ( 'NONE', #1315, 1000.000000000000000 ) ;
#813 = DIRECTION ( 'NONE',  ( -1.000000000000000000, 0.000000000000000000, -1.084202172485504434E-16 ) ) ;
#814 = DIRECTION ( 'NONE',  ( -0.000000000000000000, 1.000000000000000000, 0.000000000000000000 ) ) ;
#815 = CARTESIAN_POINT ( 'NONE',  ( -0.7000000000000000666, 0.000000000000000000, -0.5009999999999998899 ) ) ;
#816 = VECTOR ( 'NONE', #719, 1000.000000000000000 ) ;
#817 = VECTOR ( 'NONE', #1796, 1000.000000000000000 ) ;
#818 = DIRECTION ( 'NONE',  ( 0.000000000000000000, 0.000000000000000000, -1.000000000000000000 ) ) ;
#819 = VERTEX_POINT ( 'NONE', #2390 ) ;
#820 = VECTOR ( 'NONE', #1754, 1000.000000000000000 ) ;
#821 = DIRECTION ( 'NONE',  ( 0.000000000000000000, -1.000000000000000000, 0.000000000000000000 ) ) ;
#822 = VERTEX_POINT ( 'NONE', #1297 ) ;
#823 = CARTESIAN_POINT ( 'NONE',  ( -0.3009999999999998233, -0.02000000000000000042, 0.09999999999999999167 ) ) ;
#824 =( NAMED_UNIT ( * ) PLANE_ANGLE_UNIT ( ) SI_UNIT ( $, .RADIAN. ) );
#825 = ORIENTED_EDGE ( 'NONE', *, *, #515, .T. ) ;
#826 = DIRECTION ( 'NONE',  ( 0.000000000000000000, 1.000000000000000000, 0.000000000000000000 ) ) ;
#827 = DIRECTION ( 'NONE',  ( -1.000000000000000000, 0.000000000000000000, 0.000000000000000000 ) ) ;
#828 = EDGE_CURVE ( 'NONE', #296, #2160, #2169, .T. ) ;
#829 =( NAMED_UNIT ( * ) PLANE_ANGLE_UNIT ( ) SI_UNIT ( $, .RADIAN. ) );
#830 = EDGE_CURVE ( 'NONE', #779, #2812, #2661, .T. ) ;
#831 = EDGE_CURVE ( 'NONE', #1127, #324, #1809, .T. ) ;
#832 = CARTESIAN_POINT ( 'NONE',  ( -0.7000000000000000666, -0.000000000000000000, 0.000000000000000000 ) ) ;
#833 = ORIENTED_EDGE ( 'NONE', *, *, #621, .F. ) ;
#834 = EDGE_CURVE ( 'NONE', #2066, #1101, #29, .T. ) ;
#835 = DIRECTION ( 'NONE',  ( 0.000000000000000000, 1.000000000000000000, 0.000000000000000000 ) ) ;
#836 = EDGE_LOOP ( 'NONE', ( #458, #1714, #291, #663, #2425, #336, #1058, #262, #1480, #2563, #2487, #1260, #14, #104, #611, #333, #277, #509, #1699, #1414, #908, #661, #1431, #1527, #1644, #2216, #1294, #1160, #2089, #1246, #275, #2132, #2208, #1324, #1669, #2746, #403, #1794, #867, #1008, #45, #2148, #1560, #1931, #306, #254, #349, #2460, #2236, #2041, #1199, #514, #1839 ) ) ;
#837 = CARTESIAN_POINT ( 'NONE',  ( 0.3009999999999998233, -0.02000000000000000042, 0.1000000000000000611 ) ) ;
#838 = ORIENTED_EDGE ( 'NONE', *, *, #2466, .F. ) ;
#839 = CARTESIAN_POINT ( 'NONE',  ( 1.355252715606882083E-17, 0.000000000000000000, 0.1000000000000001027 ) ) ;
#840 = EDGE_CURVE ( 'NONE', #1675, #874, #1989, .T. ) ;
#841 = LINE ( 'NONE', #1053, #2324 ) ;
#842 = LINE ( 'NONE', #1710, #2562 ) ;
#843 = CARTESIAN_POINT ( 'NONE',  ( -0.5999999999999998668, 0.3299999999999999600, -0.6000000000000001998 ) ) ;
#844 = ADVANCED_FACE ( 'NONE', ( #713 ), #85, .T. ) ;
#845 = DIRECTION ( 'NONE',  ( 0.000000000000000000, -0.000000000000000000, 1.000000000000000000 ) ) ;
#846 = ORIENTED_EDGE ( 'NONE', *, *, #1122, .T. ) ;
#847 = DIRECTION ( 'NONE',  ( 0.000000000000000000, -0.000000000000000000, -1.000000000000000000 ) ) ;
#848 = ADVANCED_FACE ( 'NONE', ( #2232 ), #284, .F. ) ;
#849 = EDGE_LOOP ( 'NONE', ( #338, #559, #1418, #421, #1937, #798 ) ) ;
#850 = SURFACE_SIDE_STYLE ('',( #1319 ) ) ;
#851 = CARTESIAN_POINT ( 'NONE',  ( -0.8009999999999998233, 0.1069999999999999979, 0.3000000000000000444 ) ) ;
#852 = ADVANCED_FACE ( 'NONE', ( #1773 ), #689, .T. ) ;
#853 = CARTESIAN_POINT ( 'NONE',  ( -0.09999999999999999167, -0.02000000000000000042, 0.8009999999999999343 ) ) ;
#854 = MECHANICAL_DESIGN_GEOMETRIC_PRESENTATION_REPRESENTATION (  '', ( #2620 ), #400 ) ;
#855 = CARTESIAN_POINT ( 'NONE',  ( 0.3000000000000000444, 0.000000000000000000, 0.7999999999999999334 ) ) ;
#856 =( GEOMETRIC_REPRESENTATION_CONTEXT ( 3 ) GLOBAL_UNCERTAINTY_ASSIGNED_CONTEXT ( ( #1077 ) ) GLOBAL_UNIT_ASSIGNED_CONTEXT ( ( #2473, #2078, #2520 ) ) REPRESENTATION_CONTEXT ( 'NONE', 'WORKASPACE' ) );
#857 = DIRECTION ( 'NONE',  ( 0.000000000000000000, -1.000000000000000000, 0.000000000000000000 ) ) ;
#858 = ORIENTED_EDGE ( 'NONE', *, *, #1248, .T. ) ;
#859 = EDGE_CURVE ( 'NONE', #787, #2446, #2002, .T. ) ;
#860 = AXIS2_PLACEMENT_3D ( 'NONE', #1733, #1530, #1305 ) ;
#861 = VECTOR ( 'NONE', #2621, 1000.000000000000000 ) ;
#862 = CARTESIAN_POINT ( 'NONE',  ( 0.09999999999999993616, -0.02000000000000000042, 0.8009999999999999343 ) ) ;
#863 = ORIENTED_EDGE ( 'NONE', *, *, #914, .T. ) ;
#864 = VECTOR ( 'NONE', #2134, 1000.000000000000000 ) ;
#865 = DIRECTION ( 'NONE',  ( 0.000000000000000000, -1.000000000000000000, 0.000000000000000000 ) ) ;
#866 = EDGE_CURVE ( 'NONE', #1972, #2081, #1371, .T. ) ;
#867 = ORIENTED_EDGE ( 'NONE', *, *, #20, .T. ) ;
#868 = CARTESIAN_POINT ( 'NONE',  ( -0.7999999999999998224, 0.000000000000000000, 0.7999999999999999334 ) ) ;
#869 =( NAMED_UNIT ( * ) SI_UNIT ( $, .STERADIAN. ) SOLID_ANGLE_UNIT ( ) );
#870 = VECTOR ( 'NONE', #249, 1000.000000000000000 ) ;
#871 = CARTESIAN_POINT ( 'NONE',  ( -0.8009999999999998233, 0.1069999999999999979, -0.3000000000000000444 ) ) ;
#872 = LINE ( 'NONE', #1533, #736 ) ;
#873 = DIRECTION ( 'NONE',  ( 0.000000000000000000, 0.000000000000000000, 1.000000000000000000 ) ) ;
#874 = VERTEX_POINT ( 'NONE', #1597 ) ;
#875 = ORIENTED_EDGE ( 'NONE', *, *, #2259, .T. ) ;
#876 = LINE ( 'NONE', #1743, #1903 ) ;
#877 = DIRECTION ( 'NONE',  ( 3.614007241618347785E-16, 0.000000000000000000, 1.000000000000000000 ) ) ;
#878 = CARTESIAN_POINT ( 'NONE',  ( -0.8009999999999998233, 0.1069999999999999979, 0.09999999999999999167 ) ) ;
#879 = ORIENTED_EDGE ( 'NONE', *, *, #1440, .T. ) ;
#880 = FACE_OUTER_BOUND ( 'NONE', #2322, .T. ) ;
#881 = EDGE_CURVE ( 'NONE', #1353, #1774, #731, .T. ) ;
#882 = CARTESIAN_POINT ( 'NONE',  ( -0.3000000000000000999, 0.1069999999999999979, -0.8009999999999999343 ) ) ;
#883 = DIRECTION ( 'NONE',  ( -0.000000000000000000, 1.000000000000000000, -0.000000000000000000 ) ) ;
#884 = EDGE_CURVE ( 'NONE', #923, #626, #2245, .T. ) ;
#885 = VECTOR ( 'NONE', #2024, 1000.000000000000000 ) ;
#886 = AXIS2_PLACEMENT_3D ( 'NONE', #2574, #622, #1278 ) ;
#887 = PLANE ( 'NONE',  #2146 ) ;
#888 = ORIENTED_EDGE ( 'NONE', *, *, #644, .F. ) ;
#889 = ORIENTED_EDGE ( 'NONE', *, *, #130, .F. ) ;
#890 = CARTESIAN_POINT ( 'NONE',  ( -0.5999999999999998668, 0.3199999999999998956, -0.7000000000000002887 ) ) ;
#891 = LINE ( 'NONE', #1099, #2270 ) ;
#892 = ORIENTED_EDGE ( 'NONE', *, *, #549, .F. ) ;
#893 = CARTESIAN_POINT ( 'NONE',  ( -0.7999999999999998224, 0.000000000000000000, -0.8000000000000001554 ) ) ;
#894 = ORIENTED_EDGE ( 'NONE', *, *, #721, .T. ) ;
#895 = CARTESIAN_POINT ( 'NONE',  ( 0.5000000000000000000, 0.1069999999999999979, 0.8009999999999999343 ) ) ;
#896 = ORIENTED_EDGE ( 'NONE', *, *, #1251, .T. ) ;
#897 = PLANE ( 'NONE',  #502 ) ;
#898 = AXIS2_PLACEMENT_3D ( 'NONE', #106, #158, #372 ) ;
#899 = LINE ( 'NONE', #1538, #2381 ) ;
#900 = VERTEX_POINT ( 'NONE', #59 ) ;
#901 = CARTESIAN_POINT ( 'NONE',  ( -0.8009999999999998233, -0.02000000000000000042, 0.3000000000000000444 ) ) ;
#902 = VECTOR ( 'NONE', #2009, 1000.000000000000000 ) ;
#903 = DIRECTION ( 'NONE',  ( -1.355252715606880789E-16, 0.000000000000000000, 1.000000000000000000 ) ) ;
#904 = VERTEX_POINT ( 'NONE', #46 ) ;
#905 = VECTOR ( 'NONE', #770, 1000.000000000000000 ) ;
#906 = FACE_OUTER_BOUND ( 'NONE', #2136, .T. ) ;
#907 = VECTOR ( 'NONE', #252, 1000.000000000000000 ) ;
#908 = ORIENTED_EDGE ( 'NONE', *, *, #54, .T. ) ;
#909 = DIRECTION ( 'NONE',  ( 1.000000000000000000, 0.000000000000000000, -1.355252715606880789E-16 ) ) ;
#910 = LINE ( 'NONE', #1368, #1587 ) ;
#911 = ORIENTED_EDGE ( 'NONE', *, *, #2387, .T. ) ;
#912 = PLANE ( 'NONE',  #405 ) ;
#913 = CARTESIAN_POINT ( 'NONE',  ( -0.7999999999999998224, 0.1069999999999999979, -0.8000000000000001554 ) ) ;
#914 = EDGE_CURVE ( 'NONE', #2456, #2410, #2472, .T. ) ;
#915 = DIRECTION ( 'NONE',  ( 0.000000000000000000, -1.000000000000000000, 0.000000000000000000 ) ) ;
#916 = ORIENTED_EDGE ( 'NONE', *, *, #227, .T. ) ;
#917 = LINE ( 'NONE', #2221, #1909 ) ;
#918 = ORIENTED_EDGE ( 'NONE', *, *, #2198, .F. ) ;
#919 = SURFACE_STYLE_USAGE ( .BOTH. , #2436 ) ;
#920 = DIRECTION ( 'NONE',  ( 0.000000000000000000, -1.000000000000000000, 0.000000000000000000 ) ) ;
#921 = CARTESIAN_POINT ( 'NONE',  ( -0.8009999999999998233, -0.02000000000000000042, -0.3000000000000000444 ) ) ;
#922 = CARTESIAN_POINT ( 'NONE',  ( 0.3000000000000000444, 0.3299999999999999600, 0.7999999999999999334 ) ) ;
#923 = VERTEX_POINT ( 'NONE', #2262 ) ;
#924 = ORIENTED_EDGE ( 'NONE', *, *, #447, .T. ) ;
#925 = DIRECTION ( 'NONE',  ( 1.000000000000000000, 0.000000000000000000, 0.000000000000000000 ) ) ;
#926 = EDGE_CURVE ( 'NONE', #2695, #2456, #676, .T. ) ;
#927 = EDGE_LOOP ( 'NONE', ( #156, #2258, #490, #1918, #61, #320 ) ) ;
#928 = DIRECTION ( 'NONE',  ( 0.000000000000000000, 0.000000000000000000, 1.000000000000000000 ) ) ;
#929 = ORIENTED_EDGE ( 'NONE', *, *, #2403, .F. ) ;
#930 = CARTESIAN_POINT ( 'NONE',  ( -0.09999999999999993616, 0.3299999999999999600, -0.8000000000000001554 ) ) ;
#931 = ADVANCED_FACE ( 'NONE', ( #298 ), #912, .T. ) ;
#932 = ORIENTED_EDGE ( 'NONE', *, *, #2491, .T. ) ;
#933 = EDGE_CURVE ( 'NONE', #296, #665, #2217, .T. ) ;
#934 = EDGE_CURVE ( 'NONE', #571, #2341, #2645, .T. ) ;
#935 = DIRECTION ( 'NONE',  ( -1.000000000000000000, 0.000000000000000000, -1.355252715606880789E-16 ) ) ;
#936 = CARTESIAN_POINT ( 'NONE',  ( -0.05049999999999991301, -0.000000000000000000, 0.05049999999999989220 ) ) ;
#937 = CARTESIAN_POINT ( 'NONE',  ( 0.3000000000000001554, 0.1069999999999999979, 0.5009999999999998899 ) ) ;
#938 = VECTOR ( 'NONE', #773, 1000.000000000000000 ) ;
#939 = DIRECTION ( 'NONE',  ( -1.000000000000000000, 0.000000000000000000, 1.084202172485504434E-16 ) ) ;
#940 = EDGE_CURVE ( 'NONE', #486, #2744, #2440, .T. ) ;
#941 = VERTEX_POINT ( 'NONE', #805 ) ;
#942 = FACE_OUTER_BOUND ( 'NONE', #687, .T. ) ;
#943 = VERTEX_POINT ( 'NONE', #2295 ) ;
#944 = EDGE_CURVE ( 'NONE', #794, #1050, #332, .T. ) ;
#945 = EDGE_CURVE ( 'NONE', #1236, #1301, #150, .T. ) ;
#946 = FACE_OUTER_BOUND ( 'NONE', #1359, .T. ) ;
#947 = PRESENTATION_LAYER_ASSIGNMENT (  '', '', ( #1632 ) ) ;
#948 = VECTOR ( 'NONE', #1355, 1000.000000000000000 ) ;
#949 = ORIENTED_EDGE ( 'NONE', *, *, #2543, .F. ) ;
#950 = ADVANCED_FACE ( 'NONE', ( #1002 ), #316, .T. ) ;
#951 = VECTOR ( 'NONE', #1393, 1000.000000000000000 ) ;
#952 = CARTESIAN_POINT ( 'NONE',  ( -0.3009999999999998233, 0.1069999999999999979, 0.09999999999999999167 ) ) ;
#953 = ADVANCED_FACE ( 'NONE', ( #1441 ), #1187, .T. ) ;
#954 = CARTESIAN_POINT ( 'NONE',  ( 0.7000000000000000666, -0.02000000000000000042, 0.8009999999999999343 ) ) ;
#955 = CARTESIAN_POINT ( 'NONE',  ( 0.5000000000000000000, 0.1069999999999999979, 0.8009999999999999343 ) ) ;
#956 = ORIENTED_EDGE ( 'NONE', *, *, #225, .F. ) ;
#957 = VECTOR ( 'NONE', #110, 1000.000000000000000 ) ;
#958 = ORIENTED_EDGE ( 'NONE', *, *, #2466, .T. ) ;
#959 = CARTESIAN_POINT ( 'NONE',  ( 0.000000000000000000, 0.1069999999999999979, 0.000000000000000000 ) ) ;
#960 = ORIENTED_EDGE ( 'NONE', *, *, #2400, .T. ) ;
#961 = CARTESIAN_POINT ( 'NONE',  ( 0.8000000000000002665, 0.1069999999999999979, 0.7999999999999999334 ) ) ;
#962 = ORIENTED_EDGE ( 'NONE', *, *, #881, .T. ) ;
#963 = DIRECTION ( 'NONE',  ( -0.000000000000000000, 0.000000000000000000, -1.000000000000000000 ) ) ;
#964 = AXIS2_PLACEMENT_3D ( 'NONE', #1093, #2399, #909 ) ;
#965 = ORIENTED_EDGE ( 'NONE', *, *, #2387, .F. ) ;
#966 = FACE_OUTER_BOUND ( 'NONE', #253, .T. ) ;
#967 = CARTESIAN_POINT ( 'NONE',  ( 0.3009999999999997677, 0.1069999999999999979, 8.158621347953418401E-17 ) ) ;
#968 = EDGE_CURVE ( 'NONE', #26, #1034, #160, .T. ) ;
#969 =( NAMED_UNIT ( * ) PLANE_ANGLE_UNIT ( ) SI_UNIT ( $, .RADIAN. ) );
#970 = CARTESIAN_POINT ( 'NONE',  ( -0.4009999999999997455, 0.1069999999999999979, -0.3000000000000001554 ) ) ;
#971 = EDGE_CURVE ( 'NONE', #1088, #2523, #2277, .T. ) ;
#972 = EDGE_CURVE ( 'NONE', #367, #1626, #1674, .T. ) ;
#973 = AXIS2_PLACEMENT_3D ( 'NONE', #1202, #69, #86 ) ;
#974 = CARTESIAN_POINT ( 'NONE',  ( -0.09999999999999999167, 0.1069999999999999979, -0.8009999999999999343 ) ) ;
#975 = CARTESIAN_POINT ( 'NONE',  ( 0.09999999999999993616, -0.02000000000000000042, -0.8009999999999999343 ) ) ;
#976 = ORIENTED_EDGE ( 'NONE', *, *, #1668, .F. ) ;
#977 = PLANE ( 'NONE',  #2647 ) ;
#978 = ORIENTED_EDGE ( 'NONE', *, *, #884, .T. ) ;
#979 = EDGE_LOOP ( 'NONE', ( #315, #2663, #983, #2019 ) ) ;
#980 = CARTESIAN_POINT ( 'NONE',  ( 0.09999999999999993616, 0.1069999999999999979, 0.8009999999999999343 ) ) ;
#981 = LINE ( 'NONE', #1641, #2275 ) ;
#982 = DIRECTION ( 'NONE',  ( 0.000000000000000000, 0.000000000000000000, 1.000000000000000000 ) ) ;
#983 = ORIENTED_EDGE ( 'NONE', *, *, #1536, .F. ) ;
#984 = ORIENTED_EDGE ( 'NONE', *, *, #1592, .T. ) ;
#985 = DIRECTION ( 'NONE',  ( 0.000000000000000000, -1.000000000000000000, 0.000000000000000000 ) ) ;
#986 = PRESENTATION_STYLE_ASSIGNMENT (( #2278 ) ) ;
#987 = ORIENTED_EDGE ( 'NONE', *, *, #1181, .T. ) ;
#988 = DIRECTION ( 'NONE',  ( 0.000000000000000000, -0.000000000000000000, 1.000000000000000000 ) ) ;
#989 = VECTOR ( 'NONE', #1707, 1000.000000000000000 ) ;
#990 = VERTEX_POINT ( 'NONE', #1014 ) ;
#991 = FILL_AREA_STYLE ('',( #323 ) ) ;
#992 = ORIENTED_EDGE ( 'NONE', *, *, #2555, .T. ) ;
#993 = DIRECTION ( 'NONE',  ( 3.614007241618347785E-16, 0.000000000000000000, 1.000000000000000000 ) ) ;
#994 = CARTESIAN_POINT ( 'NONE',  ( 0.3000000000000001554, -0.02000000000000000042, 0.5009999999999998899 ) ) ;
#995 = VECTOR ( 'NONE', #1347, 1000.000000000000000 ) ;
#996 = COLOUR_RGB ( '',0.2509803921568627416, 0.2509803921568627416, 0.2509803921568627416 ) ;
#997 = LINE ( 'NONE', #2330, #2672 ) ;
#998 = AXIS2_PLACEMENT_3D ( 'NONE', #2601, #652, #200 ) ;
#999 = FACE_OUTER_BOUND ( 'NONE', #47, .T. ) ;
#1000 = CARTESIAN_POINT ( 'NONE',  ( -0.7999999999999998224, 0.3299999999999999600, 0.7999999999999999334 ) ) ;
#1001 = ORIENTED_EDGE ( 'NONE', *, *, #166, .F. ) ;
#1002 = FACE_OUTER_BOUND ( 'NONE', #979, .T. ) ;
#1003 = VERTEX_POINT ( 'NONE', #2743 ) ;
#1004 = CARTESIAN_POINT ( 'NONE',  ( 0.5000000000000000000, 0.1069999999999999979, -0.8009999999999999343 ) ) ;
#1005 = ORIENTED_EDGE ( 'NONE', *, *, #1154, .T. ) ;
#1006 = ADVANCED_FACE ( 'NONE', ( #2319 ), #1824, .F. ) ;
#1007 = DIRECTION ( 'NONE',  ( -1.000000000000000000, 0.000000000000000000, -0.000000000000000000 ) ) ;
#1008 = ORIENTED_EDGE ( 'NONE', *, *, #859, .T. ) ;
#1009 = CARTESIAN_POINT ( 'NONE',  ( -0.7000000000000000666, 0.1069999999999999979, -0.8009999999999999343 ) ) ;
#1010 = DIRECTION ( 'NONE',  ( 1.000000000000000000, 0.000000000000000000, 2.710505431213762071E-16 ) ) ;
#1011 = SURFACE_STYLE_USAGE ( .BOTH. , #1224 ) ;
#1012 = CARTESIAN_POINT ( 'NONE',  ( -0.7000000000000000666, -0.02000000000000000042, -0.8009999999999999343 ) ) ;
#1013 = CARTESIAN_POINT ( 'NONE',  ( -0.3000000000000000444, 0.1069999999999999979, -0.8000000000000001554 ) ) ;
#1014 = CARTESIAN_POINT ( 'NONE',  ( -0.5999999999999998668, 0.3299999999999999600, -0.5000000000000000000 ) ) ;
#1015 = ORIENTED_EDGE ( 'NONE', *, *, #2656, .F. ) ;
#1016 = CARTESIAN_POINT ( 'NONE',  ( 0.000000000000000000, -0.000000000000000000, 0.09999999999999999167 ) ) ;
#1017 = ORIENTED_EDGE ( 'NONE', *, *, #2762, .T. ) ;
#1018 = LINE ( 'NONE', #1031, #637 ) ;
#1019 = ORIENTED_EDGE ( 'NONE', *, *, #1049, .F. ) ;
#1020 = VECTOR ( 'NONE', #1822, 1000.000000000000000 ) ;
#1021 = EDGE_CURVE ( 'NONE', #737, #900, #2698, .T. ) ;
#1022 = FACE_OUTER_BOUND ( 'NONE', #1789, .T. ) ;
#1023 = CARTESIAN_POINT ( 'NONE',  ( -0.09999999999999999167, 0.1069999999999999979, -0.8009999999999999343 ) ) ;
#1024 = ADVANCED_FACE ( 'NONE', ( #2077 ), #2541, .T. ) ;
#1025 = CARTESIAN_POINT ( 'NONE',  ( 0.3000000000000000444, 0.3299999999999999600, -0.8000000000000001554 ) ) ;
#1026 = CARTESIAN_POINT ( 'NONE',  ( -0.8009999999999998233, 0.1069999999999999979, -0.09999999999999999167 ) ) ;
#1027 = CARTESIAN_POINT ( 'NONE',  ( 0.000000000000000000, 0.1069999999999999979, 0.000000000000000000 ) ) ;
#1028 = ORIENTED_EDGE ( 'NONE', *, *, #1801, .T. ) ;
#1029 = DIRECTION ( 'NONE',  ( -0.000000000000000000, 0.000000000000000000, -1.000000000000000000 ) ) ;
#1030 = ORIENTED_EDGE ( 'NONE', *, *, #1513, .F. ) ;
#1031 = CARTESIAN_POINT ( 'NONE',  ( -0.3009999999999998233, -0.02000000000000000042, -0.2000000000000001499 ) ) ;
#1032 = AXIS2_PLACEMENT_3D ( 'NONE', #562, #1682, #2497 ) ;
#1033 = ADVANCED_FACE ( 'NONE', ( #1860 ), #2486, .F. ) ;
#1034 = VERTEX_POINT ( 'NONE', #363 ) ;
#1035 = EDGE_CURVE ( 'NONE', #2417, #419, #2729, .T. ) ;
#1036 = SURFACE_STYLE_FILL_AREA ( #2512 ) ;
#1037 = DIRECTION ( 'NONE',  ( 3.614007241618347785E-16, 0.000000000000000000, -1.000000000000000000 ) ) ;
#1038 = LINE ( 'NONE', #2781, #1126 ) ;
#1039 = VECTOR ( 'NONE', #1897, 1000.000000000000000 ) ;
#1040 = CARTESIAN_POINT ( 'NONE',  ( 0.8009999999999998233, 0.1069999999999999979, 0.3000000000000000444 ) ) ;
#1041 = COLOUR_RGB ( '',0.2509803921568627416, 0.2509803921568627416, 0.2509803921568627416 ) ;
#1042 = EDGE_CURVE ( 'NONE', #1637, #943, #1887, .T. ) ;
#1043 = FACE_OUTER_BOUND ( 'NONE', #1849, .T. ) ;
#1044 = ORIENTED_EDGE ( 'NONE', *, *, #2251, .F. ) ;
#1045 = CIRCLE ( 'NONE', #2053, 0.1000000000000001582 ) ;
#1046 = PLANE ( 'NONE',  #2622 ) ;
#1047 = ORIENTED_EDGE ( 'NONE', *, *, #217, .F. ) ;
#1048 = CARTESIAN_POINT ( 'NONE',  ( -0.4999999999999998890, 0.000000000000000000, -0.5009999999999998899 ) ) ;
#1049 = EDGE_CURVE ( 'NONE', #485, #2712, #2062, .T. ) ;
#1050 = VERTEX_POINT ( 'NONE', #975 ) ;
#1051 = CARTESIAN_POINT ( 'NONE',  ( 0.3009999999999998233, -0.02000000000000000042, -0.1000000000000000611 ) ) ;
#1052 = DIRECTION ( 'NONE',  ( 0.000000000000000000, -0.000000000000000000, -1.000000000000000000 ) ) ;
#1053 = CARTESIAN_POINT ( 'NONE',  ( 0.8000000000000002665, 0.3299999999999999600, 0.7999999999999999334 ) ) ;
#1054 = FACE_OUTER_BOUND ( 'NONE', #706, .T. ) ;
#1055 = EDGE_CURVE ( 'NONE', #2068, #1167, #1646, .T. ) ;
#1056 = ADVANCED_FACE ( 'NONE', ( #1627 ), #2809, .T. ) ;
#1057 = ORIENTED_EDGE ( 'NONE', *, *, #1021, .T. ) ;
#1058 = ORIENTED_EDGE ( 'NONE', *, *, #2051, .F. ) ;
#1059 = DIRECTION ( 'NONE',  ( 0.000000000000000000, 0.000000000000000000, -1.000000000000000000 ) ) ;
#1060 = ORIENTED_EDGE ( 'NONE', *, *, #2662, .T. ) ;
#1061 = VECTOR ( 'NONE', #2281, 1000.000000000000000 ) ;
#1062 = DIRECTION ( 'NONE',  ( -0.000000000000000000, 0.000000000000000000, 1.000000000000000000 ) ) ;
#1063 = DIRECTION ( 'NONE',  ( -0.000000000000000000, 1.000000000000000000, 0.000000000000000000 ) ) ;
#1064 = CARTESIAN_POINT ( 'NONE',  ( 0.000000000000000000, 0.000000000000000000, -0.5009999999999998899 ) ) ;
#1065 = DIRECTION ( 'NONE',  ( 3.614007241618347785E-16, 0.000000000000000000, 1.000000000000000000 ) ) ;
#1066 = DIRECTION ( 'NONE',  ( 1.000000000000000000, 0.000000000000000000, 0.000000000000000000 ) ) ;
#1067 = EDGE_CURVE ( 'NONE', #1050, #49, #402, .T. ) ;
#1068 = DIRECTION ( 'NONE',  ( 1.000000000000000000, 0.000000000000000000, 0.000000000000000000 ) ) ;
#1069 = ORIENTED_EDGE ( 'NONE', *, *, #426, .T. ) ;
#1070 = LINE ( 'NONE', #1016, #1382 ) ;
#1071 = ORIENTED_EDGE ( 'NONE', *, *, #2287, .F. ) ;
#1072 = PLANE ( 'NONE',  #1622 ) ;
#1073 = ORIENTED_EDGE ( 'NONE', *, *, #945, .T. ) ;
#1074 =( LENGTH_UNIT ( ) NAMED_UNIT ( * ) SI_UNIT ( .MILLI., .METRE. ) );
#1075 = CARTESIAN_POINT ( 'NONE',  ( 0.09999999999999993616, 0.000000000000000000, 0.5009999999999998899 ) ) ;
#1076 = DIRECTION ( 'NONE',  ( -1.000000000000000000, 0.000000000000000000, 1.355252715606880543E-16 ) ) ;
#1077 = UNCERTAINTY_MEASURE_WITH_UNIT (LENGTH_MEASURE( 1.000000000000000082E-05 ), #2473, 'distance_accuracy_value', 'NONE');
#1078 = DIRECTION ( 'NONE',  ( 0.000000000000000000, 1.000000000000000000, 0.000000000000000000 ) ) ;
#1079 = EDGE_LOOP ( 'NONE', ( #2665, #2040, #1057, #623, #976, #1522 ) ) ;
#1080 = VECTOR ( 'NONE', #1561, 1000.000000000000000 ) ;
#1081 = AXIS2_PLACEMENT_3D ( 'NONE', #2199, #399, #2795 ) ;
#1082 = ORIENTED_EDGE ( 'NONE', *, *, #1455, .T. ) ;
#1083 = CIRCLE ( 'NONE', #123, 0.1000000000000001582 ) ;
#1084 = LINE ( 'NONE', #2576, #1309 ) ;
#1085 = ORIENTED_EDGE ( 'NONE', *, *, #2351, .F. ) ;
#1086 = VECTOR ( 'NONE', #1698, 1000.000000000000000 ) ;
#1087 = PLANE ( 'NONE',  #658 ) ;
#1088 = VERTEX_POINT ( 'NONE', #2365 ) ;
#1089 = ADVANCED_FACE ( 'NONE', ( #1043 ), #2401, .T. ) ;
#1090 = CARTESIAN_POINT ( 'NONE',  ( 0.5000000000000000000, -0.02000000000000000042, 0.8009999999999999343 ) ) ;
#1091 = VECTOR ( 'NONE', #2376, 1000.000000000000000 ) ;
#1092 = LINE ( 'NONE', #2596, #2045 ) ;
#1093 = CARTESIAN_POINT ( 'NONE',  ( 0.8009999999999998233, 0.1069999999999999979, 0.09999999999999999167 ) ) ;
#1094 = FACE_OUTER_BOUND ( 'NONE', #1079, .T. ) ;
#1095 = VECTOR ( 'NONE', #2059, 1000.000000000000000 ) ;
#1096 = ORIENTED_EDGE ( 'NONE', *, *, #558, .T. ) ;
#1097 = EDGE_LOOP ( 'NONE', ( #2602, #1782, #833, #2293, #2092, #2644, #1439, #949, #2566, #2432, #692, #2112 ) ) ;
#1098 = CARTESIAN_POINT ( 'NONE',  ( -0.3000000000000000999, -0.02000000000000000042, 0.5009999999999998899 ) ) ;
#1099 = CARTESIAN_POINT ( 'NONE',  ( -0.7999999999999998224, 0.1069999999999999979, 0.7999999999999999334 ) ) ;
#1100 = DIRECTION ( 'NONE',  ( 0.000000000000000000, 0.000000000000000000, -1.000000000000000000 ) ) ;
#1101 = VERTEX_POINT ( 'NONE', #1288 ) ;
#1102 = SURFACE_STYLE_USAGE ( .BOTH. , #850 ) ;
#1103 = ORIENTED_EDGE ( 'NONE', *, *, #2158, .T. ) ;
#1104 = DIRECTION ( 'NONE',  ( 0.000000000000000000, -0.000000000000000000, 1.000000000000000000 ) ) ;
#1105 = VECTOR ( 'NONE', #1391, 1000.000000000000000 ) ;
#1106 = DIRECTION ( 'NONE',  ( 0.000000000000000000, 1.000000000000000000, 0.000000000000000000 ) ) ;
#1107 = ORIENTED_EDGE ( 'NONE', *, *, #2696, .T. ) ;
#1108 = DIRECTION ( 'NONE',  ( -1.000000000000000000, -0.000000000000000000, -0.000000000000000000 ) ) ;
#1109 = DIRECTION ( 'NONE',  ( 1.000000000000000000, 0.000000000000000000, 0.000000000000000000 ) ) ;
#1110 = VERTEX_POINT ( 'NONE', #633 ) ;
#1111 = EDGE_CURVE ( 'NONE', #2575, #1729, #443, .T. ) ;
#1112 = PLANE ( 'NONE',  #2730 ) ;
#1113 = VECTOR ( 'NONE', #814, 1000.000000000000000 ) ;
#1114 = EDGE_CURVE ( 'NONE', #2716, #1003, #182, .T. ) ;
#1115 = ORIENTED_EDGE ( 'NONE', *, *, #229, .F. ) ;
#1116 = CARTESIAN_POINT ( 'NONE',  ( -0.3000000000000000999, 0.1069999999999999979, 0.8009999999999999343 ) ) ;
#1117 = VECTOR ( 'NONE', #145, 1000.000000000000000 ) ;
#1118 = CARTESIAN_POINT ( 'NONE',  ( -0.3000000000000000999, -0.000000000000000000, 0.5009999999999998899 ) ) ;
#1119 = ADVANCED_FACE ( 'NONE', ( #1726 ), #2823, .T. ) ;
#1120 = FACE_OUTER_BOUND ( 'NONE', #1645, .T. ) ;
#1121 = ORIENTED_EDGE ( 'NONE', *, *, #2403, .T. ) ;
#1122 = EDGE_CURVE ( 'NONE', #1779, #1704, #2347, .T. ) ;
#1123 = ORIENTED_EDGE ( 'NONE', *, *, #572, .T. ) ;
#1124 = DIRECTION ( 'NONE',  ( 0.000000000000000000, 1.000000000000000000, 0.000000000000000000 ) ) ;
#1125 = PRESENTATION_LAYER_ASSIGNMENT (  '', '', ( #717 ) ) ;
#1126 = VECTOR ( 'NONE', #1065, 1000.000000000000000 ) ;
#1127 = VERTEX_POINT ( 'NONE', #1259 ) ;
#1128 = FACE_OUTER_BOUND ( 'NONE', #1433, .T. ) ;
#1129 = ORIENTED_EDGE ( 'NONE', *, *, #1423, .F. ) ;
#1130 = VECTOR ( 'NONE', #304, 1000.000000000000000 ) ;
#1131 = PLANE ( 'NONE',  #544 ) ;
#1132 = VECTOR ( 'NONE', #1924, 1000.000000000000000 ) ;
#1133 = VERTEX_POINT ( 'NONE', #2129 ) ;
#1134 = DIRECTION ( 'NONE',  ( 0.000000000000000000, -0.000000000000000000, -1.000000000000000000 ) ) ;
#1135 = DIRECTION ( 'NONE',  ( 0.000000000000000000, -1.000000000000000000, 0.000000000000000000 ) ) ;
#1136 = EDGE_CURVE ( 'NONE', #597, #151, #1953, .T. ) ;
#1137 = PLANE ( 'NONE',  #1640 ) ;
#1138 = ORIENTED_EDGE ( 'NONE', *, *, #705, .F. ) ;
#1139 = EDGE_CURVE ( 'NONE', #2446, #2824, #205, .T. ) ;
#1140 = ORIENTED_EDGE ( 'NONE', *, *, #2378, .T. ) ;
#1141 = CARTESIAN_POINT ( 'NONE',  ( -0.7000000000000000666, -0.02000000000000000042, -0.8009999999999999343 ) ) ;
#1142 = VERTEX_POINT ( 'NONE', #1914 ) ;
#1143 = EDGE_CURVE ( 'NONE', #2223, #990, #1045, .T. ) ;
#1144 = LINE ( 'NONE', #2016, #1834 ) ;
#1145 = VERTEX_POINT ( 'NONE', #2598 ) ;
#1146 = CARTESIAN_POINT ( 'NONE',  ( -0.7000000000000000666, 0.1069999999999999979, 0.7999999999999999334 ) ) ;
#1147 = EDGE_CURVE ( 'NONE', #21, #68, #1502, .T. ) ;
#1148 = VERTEX_POINT ( 'NONE', #659 ) ;
#1149 = DIRECTION ( 'NONE',  ( -1.000000000000000000, 0.000000000000000000, 0.000000000000000000 ) ) ;
#1150 = LINE ( 'NONE', #1805, #532 ) ;
#1151 = CARTESIAN_POINT ( 'NONE',  ( 0.8000000000000002665, 0.1069999999999999979, -0.1000000000000000472 ) ) ;
#1152 = LINE ( 'NONE', #1781, #2004 ) ;
#1153 = ORIENTED_EDGE ( 'NONE', *, *, #1136, .T. ) ;
#1154 = EDGE_CURVE ( 'NONE', #248, #2006, #2771, .T. ) ;
#1155 = VECTOR ( 'NONE', #1186, 1000.000000000000000 ) ;
#1156 = ORIENTED_EDGE ( 'NONE', *, *, #1474, .F. ) ;
#1157 = DIRECTION ( 'NONE',  ( 0.000000000000000000, 0.000000000000000000, -1.000000000000000000 ) ) ;
#1158 = ORIENTED_EDGE ( 'NONE', *, *, #1554, .T. ) ;
#1159 = CARTESIAN_POINT ( 'NONE',  ( -0.3000000000000000999, 0.1069999999999999979, -0.8009999999999999343 ) ) ;
#1160 = ORIENTED_EDGE ( 'NONE', *, *, #2243, .F. ) ;
#1161 = CARTESIAN_POINT ( 'NONE',  ( 0.5000000000000000000, -0.02000000000000000042, -0.5009999999999998899 ) ) ;
#1162 = ORIENTED_EDGE ( 'NONE', *, *, #2783, .T. ) ;
#1163 = FILL_AREA_STYLE_COLOUR ( '', #1041 ) ;
#1164 = PLANE ( 'NONE',  #1982 ) ;
#1165 = DIRECTION ( 'NONE',  ( 0.000000000000000000, -1.000000000000000000, 0.000000000000000000 ) ) ;
#1166 = DIRECTION ( 'NONE',  ( 0.000000000000000000, -1.000000000000000000, 0.000000000000000000 ) ) ;
#1167 = VERTEX_POINT ( 'NONE', #2558 ) ;
#1168 = VECTOR ( 'NONE', #1846, 1000.000000000000000 ) ;
#1169 = DIRECTION ( 'NONE',  ( 0.000000000000000000, -1.000000000000000000, 0.000000000000000000 ) ) ;
#1170 = VECTOR ( 'NONE', #2813, 1000.000000000000000 ) ;
#1171 = CARTESIAN_POINT ( 'NONE',  ( -0.7999999999999998224, 0.000000000000000000, 0.7999999999999999334 ) ) ;
#1172 = CARTESIAN_POINT ( 'NONE',  ( 0.3009999999999998233, 0.1069999999999999979, -0.1000000000000000611 ) ) ;
#1173 = ORIENTED_EDGE ( 'NONE', *, *, #198, .F. ) ;
#1174 = VECTOR ( 'NONE', #607, 1000.000000000000000 ) ;
#1175 = DIRECTION ( 'NONE',  ( 1.000000000000000000, 0.000000000000000000, -0.000000000000000000 ) ) ;
#1176 = EDGE_CURVE ( 'NONE', #1353, #1717, #1472, .T. ) ;
#1177 =( GEOMETRIC_REPRESENTATION_CONTEXT ( 3 ) GLOBAL_UNCERTAINTY_ASSIGNED_CONTEXT ( ( #1197 ) ) GLOBAL_UNIT_ASSIGNED_CONTEXT ( ( #561, #1670, #2764 ) ) REPRESENTATION_CONTEXT ( 'NONE', 'WORKASPACE' ) );
#1178 = VECTOR ( 'NONE', #1784, 1000.000000000000000 ) ;
#1179 = ORIENTED_EDGE ( 'NONE', *, *, #674, .T. ) ;
#1180 = LINE ( 'NONE', #278, #451 ) ;
#1181 = EDGE_CURVE ( 'NONE', #2190, #2812, #1487, .T. ) ;
#1182 = VECTOR ( 'NONE', #568, 1000.000000000000000 ) ;
#1183 =( LENGTH_UNIT ( ) NAMED_UNIT ( * ) SI_UNIT ( .MILLI., .METRE. ) );
#1184 =( LENGTH_UNIT ( ) NAMED_UNIT ( * ) SI_UNIT ( .MILLI., .METRE. ) );
#1185 = CARTESIAN_POINT ( 'NONE',  ( -0.4999999999999998890, 0.1069999999999999979, 0.5009999999999998899 ) ) ;
#1186 = DIRECTION ( 'NONE',  ( 0.000000000000000000, 0.000000000000000000, 1.000000000000000000 ) ) ;
#1187 = PLANE ( 'NONE',  #1683 ) ;
#1188 = ORIENTED_EDGE ( 'NONE', *, *, #934, .T. ) ;
#1189 = FACE_OUTER_BOUND ( 'NONE', #2280, .T. ) ;
#1190 = ORIENTED_EDGE ( 'NONE', *, *, #2015, .T. ) ;
#1191 = VERTEX_POINT ( 'NONE', #2000 ) ;
#1192 = CARTESIAN_POINT ( 'NONE',  ( 0.000000000000000000, 0.1069999999999999979, 0.000000000000000000 ) ) ;
#1193 = PLANE ( 'NONE',  #898 ) ;
#1194 = CARTESIAN_POINT ( 'NONE',  ( 0.7000000000000001776, 0.000000000000000000, -0.8000000000000001554 ) ) ;
#1195 = SURFACE_STYLE_FILL_AREA ( #1593 ) ;
#1196 = LINE ( 'NONE', #955, #2188 ) ;
#1197 = UNCERTAINTY_MEASURE_WITH_UNIT (LENGTH_MEASURE( 1.000000000000000082E-05 ), #561, 'distance_accuracy_value', 'NONE');
#1198 = AXIS2_PLACEMENT_3D ( 'NONE', #2475, #335, #733 ) ;
#1199 = ORIENTED_EDGE ( 'NONE', *, *, #1926, .F. ) ;
#1200 = CARTESIAN_POINT ( 'NONE',  ( 0.09999999999999993616, 0.1069999999999999979, 0.5009999999999998899 ) ) ;
#1201 = ORIENTED_EDGE ( 'NONE', *, *, #461, .F. ) ;
#1202 = CARTESIAN_POINT ( 'NONE',  ( -0.7000000000000000666, 0.1069999999999999979, -0.5009999999999998899 ) ) ;
#1203 = EDGE_LOOP ( 'NONE', ( #273, #1291, #1354, #2677 ) ) ;
#1204 = LINE ( 'NONE', #1880, #2377 ) ;
#1205 = ORIENTED_EDGE ( 'NONE', *, *, #1896, .F. ) ;
#1206 = DIRECTION ( 'NONE',  ( 0.000000000000000000, -0.000000000000000000, 1.000000000000000000 ) ) ;
#1207 = LINE ( 'NONE', #340, #768 ) ;
#1208 = LINE ( 'NONE', #1836, #1535 ) ;
#1209 = LINE ( 'NONE', #2086, #1689 ) ;
#1210 = LINE ( 'NONE', #127, #42 ) ;
#1211 = ADVANCED_BREP_SHAPE_REPRESENTATION ( 'PTN5150AHXMP', ( #2492, #540 ), #1446 ) ;
#1212 = EDGE_CURVE ( 'NONE', #2249, #2716, #899, .T. ) ;
#1213 = ORIENTED_EDGE ( 'NONE', *, *, #1478, .T. ) ;
#1214 = CARTESIAN_POINT ( 'NONE',  ( 0.000000000000000000, 0.1069999999999999979, 0.000000000000000000 ) ) ;
#1215 = ORIENTED_EDGE ( 'NONE', *, *, #2378, .F. ) ;
#1216 = LINE ( 'NONE', #767, #2177 ) ;
#1217 = ORIENTED_EDGE ( 'NONE', *, *, #1840, .T. ) ;
#1218 = PLANE ( 'NONE',  #776 ) ;
#1219 = ORIENTED_EDGE ( 'NONE', *, *, #2051, .T. ) ;
#1220 = PLANE ( 'NONE',  #1723 ) ;
#1221 = DIRECTION ( 'NONE',  ( 0.000000000000000000, 1.000000000000000000, 0.000000000000000000 ) ) ;
#1222 = VECTOR ( 'NONE', #164, 1000.000000000000000 ) ;
#1223 = VECTOR ( 'NONE', #925, 1000.000000000000000 ) ;
#1224 = SURFACE_SIDE_STYLE ('',( #146 ) ) ;
#1225 = VECTOR ( 'NONE', #276, 1000.000000000000000 ) ;
#1226 = AXIS2_PLACEMENT_3D ( 'NONE', #2694, #398, #982 ) ;
#1227 = CARTESIAN_POINT ( 'NONE',  ( -0.8009999999999998233, -0.02000000000000000042, 0.3000000000000000444 ) ) ;
#1228 = CARTESIAN_POINT ( 'NONE',  ( -0.4999999999999998890, 0.1069999999999999979, -0.5009999999999998899 ) ) ;
#1229 = VECTOR ( 'NONE', #2291, 1000.000000000000000 ) ;
#1230 = ORIENTED_EDGE ( 'NONE', *, *, #1829, .F. ) ;
#1231 = EDGE_CURVE ( 'NONE', #1825, #1034, #672, .T. ) ;
#1232 = PLANE ( 'NONE',  #670 ) ;
#1233 = ORIENTED_EDGE ( 'NONE', *, *, #1738, .F. ) ;
#1234 = DIRECTION ( 'NONE',  ( -0.000000000000000000, -0.000000000000000000, 1.000000000000000000 ) ) ;
#1235 = EDGE_CURVE ( 'NONE', #749, #1339, #697, .T. ) ;
#1236 = VERTEX_POINT ( 'NONE', #1987 ) ;
#1237 = ADVANCED_FACE ( 'NONE', ( #1120 ), #1137, .F. ) ;
#1238 = DIRECTION ( 'NONE',  ( 0.000000000000000000, 0.000000000000000000, -1.000000000000000000 ) ) ;
#1239 = VECTOR ( 'NONE', #1697, 1000.000000000000000 ) ;
#1240 = LINE ( 'NONE', #980, #2496 ) ;
#1241 = CARTESIAN_POINT ( 'NONE',  ( -0.09999999999999999167, -0.02000000000000000042, 0.8009999999999999343 ) ) ;
#1242 = CARTESIAN_POINT ( 'NONE',  ( 0.09999999999999993616, 0.1069999999999999979, 0.8009999999999999343 ) ) ;
#1243 = EDGE_CURVE ( 'NONE', #1623, #746, #686, .T. ) ;
#1244 = CARTESIAN_POINT ( 'NONE',  ( 0.3000000000000000444, 0.1069999999999999979, 0.8009999999999999343 ) ) ;
#1245 = EDGE_CURVE ( 'NONE', #640, #808, #910, .T. ) ;
#1246 = ORIENTED_EDGE ( 'NONE', *, *, #881, .F. ) ;
#1247 = EDGE_CURVE ( 'NONE', #2013, #2791, #500, .T. ) ;
#1248 = EDGE_CURVE ( 'NONE', #567, #597, #2229, .T. ) ;
#1249 = LINE ( 'NONE', #390, #523 ) ;
#1250 = VERTEX_POINT ( 'NONE', #2424 ) ;
#1251 = EDGE_CURVE ( 'NONE', #2068, #2046, #1152, .T. ) ;
#1252 = ORIENTED_EDGE ( 'NONE', *, *, #648, .F. ) ;
#1253 = VECTOR ( 'NONE', #2624, 1000.000000000000000 ) ;
#1254 = AXIS2_PLACEMENT_3D ( 'NONE', #1915, #821, #2561 ) ;
#1255 = SURFACE_SIDE_STYLE ('',( #385 ) ) ;
#1256 = CARTESIAN_POINT ( 'NONE',  ( 0.8009999999999998233, -0.02000000000000000042, 0.09999999999999999167 ) ) ;
#1257 = CARTESIAN_POINT ( 'NONE',  ( 0.8000000000000002665, 0.1069999999999999979, 0.7999999999999999334 ) ) ;
#1258 = CARTESIAN_POINT ( 'NONE',  ( -0.09999999999999999167, -0.02000000000000000042, -0.8009999999999999343 ) ) ;
#1259 = CARTESIAN_POINT ( 'NONE',  ( 0.8000000000000002665, 0.3299999999999999600, -0.8000000000000001554 ) ) ;
#1260 = ORIENTED_EDGE ( 'NONE', *, *, #1212, .T. ) ;
#1261 = CARTESIAN_POINT ( 'NONE',  ( 0.000000000000000000, 0.1069999999999999979, 0.000000000000000000 ) ) ;
#1262 = VERTEX_POINT ( 'NONE', #725 ) ;
#1263 = CARTESIAN_POINT ( 'NONE',  ( -0.8009999999999998233, -0.02000000000000000042, -0.09999999999999999167 ) ) ;
#1264 = CARTESIAN_POINT ( 'NONE',  ( -0.8009999999999998233, 0.1069999999999999979, 0.09999999999999999167 ) ) ;
#1265 = VECTOR ( 'NONE', #1542, 1000.000000000000000 ) ;
#1266 = ORIENTED_EDGE ( 'NONE', *, *, #2348, .T. ) ;
#1267 = EDGE_CURVE ( 'NONE', #822, #1972, #2633, .T. ) ;
#1268 = CARTESIAN_POINT ( 'NONE',  ( -0.7999999999999998224, 0.3299999999999999600, 0.7999999999999999334 ) ) ;
#1269 = DIRECTION ( 'NONE',  ( 0.000000000000000000, -0.000000000000000000, -1.000000000000000000 ) ) ;
#1270 = ADVANCED_FACE ( 'NONE', ( #2617 ), #887, .T. ) ;
#1271 = LINE ( 'NONE', #871, #312 ) ;
#1272 = LINE ( 'NONE', #1923, #608 ) ;
#1273 = VECTOR ( 'NONE', #1390, 1000.000000000000000 ) ;
#1274 = VECTOR ( 'NONE', #1234, 1000.000000000000000 ) ;
#1275 = DIRECTION ( 'NONE',  ( 0.000000000000000000, 0.000000000000000000, 1.000000000000000000 ) ) ;
#1276 = EDGE_LOOP ( 'NONE', ( #600, #1069, #1405, #924, #1158, #2699 ) ) ;
#1277 = VECTOR ( 'NONE', #2676, 1000.000000000000000 ) ;
#1278 = DIRECTION ( 'NONE',  ( -1.000000000000000000, 0.000000000000000000, -0.000000000000000000 ) ) ;
#1279 = ORIENTED_EDGE ( 'NONE', *, *, #75, .T. ) ;
#1280 = DIRECTION ( 'NONE',  ( 0.000000000000000000, -0.000000000000000000, -1.000000000000000000 ) ) ;
#1281 = CARTESIAN_POINT ( 'NONE',  ( -0.5000000000000000000, 0.000000000000000000, -0.8000000000000001554 ) ) ;
#1282 = EDGE_LOOP ( 'NONE', ( #2244, #2627, #1073, #2763, #2545, #846 ) ) ;
#1283 = DIRECTION ( 'NONE',  ( -1.000000000000000000, 0.000000000000000000, -0.000000000000000000 ) ) ;
#1284 = CARTESIAN_POINT ( 'NONE',  ( -0.5000000000000000000, 0.3299999999999999600, -0.8000000000000001554 ) ) ;
#1285 = LINE ( 'NONE', #413, #1957 ) ;
#1286 = DIRECTION ( 'NONE',  ( 0.000000000000000000, 0.000000000000000000, -1.000000000000000000 ) ) ;
#1287 = FACE_OUTER_BOUND ( 'NONE', #2218, .T. ) ;
#1288 = CARTESIAN_POINT ( 'NONE',  ( -0.8009999999999998233, -0.02000000000000000042, 0.09999999999999999167 ) ) ;
#1289 = EDGE_LOOP ( 'NONE', ( #2008, #1857, #888, #239 ) ) ;
#1290 = DIRECTION ( 'NONE',  ( 0.000000000000000000, 0.000000000000000000, -1.000000000000000000 ) ) ;
#1291 = ORIENTED_EDGE ( 'NONE', *, *, #1067, .F. ) ;
#1292 = CARTESIAN_POINT ( 'NONE',  ( 0.09999999999999993616, 0.1069999999999999979, -0.8000000000000001554 ) ) ;
#1293 = PLANE ( 'NONE',  #2669 ) ;
#1294 = ORIENTED_EDGE ( 'NONE', *, *, #1248, .F. ) ;
#1295 = CARTESIAN_POINT ( 'NONE',  ( -3.252606517456512686E-17, -0.000000000000000000, -0.2999999999999999334 ) ) ;
#1296 = CARTESIAN_POINT ( 'NONE',  ( 0.3009999999999998788, -0.02000000000000000042, -0.2999999999999999889 ) ) ;
#1297 = CARTESIAN_POINT ( 'NONE',  ( -0.7999999999999998224, 0.000000000000000000, -0.1000000000000000472 ) ) ;
#1298 = CARTESIAN_POINT ( 'NONE',  ( 0.3000000000000000444, 0.1069999999999999979, 0.8009999999999999343 ) ) ;
#1299 = CARTESIAN_POINT ( 'NONE',  ( -0.7000000000000000666, 0.1069999999999999979, 0.5009999999999998899 ) ) ;
#1300 = EDGE_CURVE ( 'NONE', #1490, #2572, #238, .T. ) ;
#1301 = VERTEX_POINT ( 'NONE', #2214 ) ;
#1302 = CARTESIAN_POINT ( 'NONE',  ( 0.000000000000000000, -0.02000000000000000042, 0.000000000000000000 ) ) ;
#1303 = SURFACE_STYLE_USAGE ( .BOTH. , #613 ) ;
#1304 = VERTEX_POINT ( 'NONE', #1971 ) ;
#1305 = DIRECTION ( 'NONE',  ( -3.614007241618347785E-16, 0.000000000000000000, -1.000000000000000000 ) ) ;
#1306 = DIRECTION ( 'NONE',  ( -0.000000000000000000, -0.000000000000000000, 1.000000000000000000 ) ) ;
#1307 = AXIS2_PLACEMENT_3D ( 'NONE', #2047, #750, #2027 ) ;
#1308 = LINE ( 'NONE', #2361, #2187 ) ;
#1309 = VECTOR ( 'NONE', #1974, 1000.000000000000000 ) ;
#1310 = CARTESIAN_POINT ( 'NONE',  ( -0.4009999999999997455, -0.02000000000000000042, -0.3000000000000001554 ) ) ;
#1311 = ORIENTED_EDGE ( 'NONE', *, *, #103, .T. ) ;
#1312 = VECTOR ( 'NONE', #2117, 1000.000000000000000 ) ;
#1313 = EDGE_LOOP ( 'NONE', ( #534, #1506, #63, #1746 ) ) ;
#1314 = DIRECTION ( 'NONE',  ( 1.000000000000000000, 0.000000000000000000, 0.000000000000000000 ) ) ;
#1315 = DIRECTION ( 'NONE',  ( 0.000000000000000000, 0.000000000000000000, -1.000000000000000000 ) ) ;
#1316 = VECTOR ( 'NONE', #1275, 1000.000000000000000 ) ;
#1317 = DIRECTION ( 'NONE',  ( 0.000000000000000000, 0.000000000000000000, -1.000000000000000000 ) ) ;
#1318 = EDGE_LOOP ( 'NONE', ( #2640, #271, #2416, #2814 ) ) ;
#1319 = SURFACE_STYLE_FILL_AREA ( #1932 ) ;
#1320 = CARTESIAN_POINT ( 'NONE',  ( -0.7999999999999998224, 0.1069999999999999979, 0.7999999999999999334 ) ) ;
#1321 = LINE ( 'NONE', #2606, #2337 ) ;
#1322 = CARTESIAN_POINT ( 'NONE',  ( 0.8009999999999998233, 0.1069999999999999979, -0.3000000000000000444 ) ) ;
#1323 = ORIENTED_EDGE ( 'NONE', *, *, #1385, .T. ) ;
#1324 = ORIENTED_EDGE ( 'NONE', *, *, #1840, .F. ) ;
#1325 = ADVANCED_FACE ( 'NONE', ( #1094 ), #1576, .T. ) ;
#1326 = DIRECTION ( 'NONE',  ( 0.000000000000000000, -0.000000000000000000, 1.000000000000000000 ) ) ;
#1327 = DIRECTION ( 'NONE',  ( 3.614007241618347785E-16, 0.000000000000000000, 1.000000000000000000 ) ) ;
#1328 = EDGE_CURVE ( 'NONE', #506, #2238, #1807, .T. ) ;
#1329 = ORIENTED_EDGE ( 'NONE', *, *, #107, .F. ) ;
#1330 = DIRECTION ( 'NONE',  ( -1.000000000000000000, 0.000000000000000000, 0.000000000000000000 ) ) ;
#1331 = EDGE_LOOP ( 'NONE', ( #2118, #417, #2301, #2063 ) ) ;
#1332 = EDGE_CURVE ( 'NONE', #665, #1142, #1550, .T. ) ;
#1333 = ORIENTED_EDGE ( 'NONE', *, *, #2630, .T. ) ;
#1334 = CARTESIAN_POINT ( 'NONE',  ( -0.7999999999999998224, 0.000000000000000000, -0.8000000000000001554 ) ) ;
#1335 = FILL_AREA_STYLE_COLOUR ( '', #1482 ) ;
#1336 = DIRECTION ( 'NONE',  ( 0.000000000000000000, -1.000000000000000000, 0.000000000000000000 ) ) ;
#1337 = ORIENTED_EDGE ( 'NONE', *, *, #345, .T. ) ;
#1338 = EDGE_CURVE ( 'NONE', #1088, #2160, #268, .T. ) ;
#1339 = VERTEX_POINT ( 'NONE', #56 ) ;
#1340 = CARTESIAN_POINT ( 'NONE',  ( -0.7999999999999998224, 0.000000000000000000, 0.7999999999999999334 ) ) ;
#1341 = ORIENTED_EDGE ( 'NONE', *, *, #2488, .T. ) ;
#1342 = CARTESIAN_POINT ( 'NONE',  ( 0.8009999999999998233, -0.02000000000000000042, -0.3000000000000000444 ) ) ;
#1343 = ORIENTED_EDGE ( 'NONE', *, *, #2577, .F. ) ;
#1344 = CARTESIAN_POINT ( 'NONE',  ( -0.09999999999999999167, 0.1069999999999999979, -0.8000000000000001554 ) ) ;
#1345 = EDGE_CURVE ( 'NONE', #2585, #2534, #710, .T. ) ;
#1346 = ORIENTED_EDGE ( 'NONE', *, *, #2064, .F. ) ;
#1347 = DIRECTION ( 'NONE',  ( 0.000000000000000000, 0.000000000000000000, -1.000000000000000000 ) ) ;
#1348 = EDGE_CURVE ( 'NONE', #1978, #1389, #1621, .T. ) ;
#1349 = VECTOR ( 'NONE', #2168, 1000.000000000000000 ) ;
#1350 = SURFACE_STYLE_FILL_AREA ( #40 ) ;
#1351 = CARTESIAN_POINT ( 'NONE',  ( -0.8009999999999998233, 0.1069999999999999979, -0.09999999999999999167 ) ) ;
#1352 = DIRECTION ( 'NONE',  ( 1.000000000000000000, 0.000000000000000000, 0.000000000000000000 ) ) ;
#1353 = VERTEX_POINT ( 'NONE', #760 ) ;
#1354 = ORIENTED_EDGE ( 'NONE', *, *, #944, .F. ) ;
#1355 = DIRECTION ( 'NONE',  ( 0.000000000000000000, -1.000000000000000000, 0.000000000000000000 ) ) ;
#1356 = VECTOR ( 'NONE', #1428, 1000.000000000000000 ) ;
#1357 = ORIENTED_EDGE ( 'NONE', *, *, #1235, .T. ) ;
#1358 = DIRECTION ( 'NONE',  ( 0.000000000000000000, 0.000000000000000000, -1.000000000000000000 ) ) ;
#1359 = EDGE_LOOP ( 'NONE', ( #233, #538, #2772, #1233, #2197, #703 ) ) ;
#1360 = VECTOR ( 'NONE', #1715, 1000.000000000000000 ) ;
#1361 = CARTESIAN_POINT ( 'NONE',  ( -0.5999999999999998668, 0.3199999999999998956, -0.6000000000000001998 ) ) ;
#1362 = EDGE_CURVE ( 'NONE', #1148, #1515, #1210, .T. ) ;
#1363 = ORIENTED_EDGE ( 'NONE', *, *, #2075, .T. ) ;
#1364 = VECTOR ( 'NONE', #1076, 1000.000000000000000 ) ;
#1365 = ADVANCED_FACE ( 'NONE', ( #548 ), #2141, .T. ) ;
#1366 = DIRECTION ( 'NONE',  ( 0.000000000000000000, -0.000000000000000000, 1.000000000000000000 ) ) ;
#1367 = CARTESIAN_POINT ( 'NONE',  ( -0.7000000000000000666, 0.1069999999999999979, -0.8009999999999999343 ) ) ;
#1368 = CARTESIAN_POINT ( 'NONE',  ( -0.09999999999999999167, 0.1069999999999999979, 0.8009999999999999343 ) ) ;
#1369 = ORIENTED_EDGE ( 'NONE', *, *, #2243, .T. ) ;
#1370 = EDGE_LOOP ( 'NONE', ( #1162, #875, #2320, #2396 ) ) ;
#1371 = LINE ( 'NONE', #2014, #213 ) ;
#1372 = EDGE_LOOP ( 'NONE', ( #2801, #992, #956, #960, #2660, #2803 ) ) ;
#1373 = LINE ( 'NONE', #2248, #1168 ) ;
#1374 = ORIENTED_EDGE ( 'NONE', *, *, #2689, .F. ) ;
#1375 = DIRECTION ( 'NONE',  ( -1.000000000000000000, 0.000000000000000000, -0.000000000000000000 ) ) ;
#1376 = EDGE_LOOP ( 'NONE', ( #1769, #1311, #2234, #1329 ) ) ;
#1377 = SURFACE_STYLE_FILL_AREA ( #2655 ) ;
#1378 = CARTESIAN_POINT ( 'NONE',  ( 0.5000000000000000000, -0.02000000000000000042, -0.8009999999999999343 ) ) ;
#1379 = ORIENTED_EDGE ( 'NONE', *, *, #1938, .F. ) ;
#1380 = VECTOR ( 'NONE', #283, 1000.000000000000000 ) ;
#1381 = ADVANCED_FACE ( 'NONE', ( #2528 ), #791, .F. ) ;
#1382 = VECTOR ( 'NONE', #2544, 1000.000000000000000 ) ;
#1383 = EDGE_LOOP ( 'NONE', ( #2759, #185, #212, #1509 ) ) ;
#1384 = DIRECTION ( 'NONE',  ( 0.000000000000000000, 0.000000000000000000, -1.000000000000000000 ) ) ;
#1385 = EDGE_CURVE ( 'NONE', #1962, #1262, #1838, .T. ) ;
#1386 = PLANE ( 'NONE',  #1925 ) ;
#1387 = ORIENTED_EDGE ( 'NONE', *, *, #1251, .F. ) ;
#1388 = DIRECTION ( 'NONE',  ( 1.000000000000000000, 0.000000000000000000, 0.000000000000000000 ) ) ;
#1389 = VERTEX_POINT ( 'NONE', #180 ) ;
#1390 = DIRECTION ( 'NONE',  ( -1.000000000000000000, 0.000000000000000000, -1.355252715606880543E-16 ) ) ;
#1391 = DIRECTION ( 'NONE',  ( 0.000000000000000000, -1.000000000000000000, 0.000000000000000000 ) ) ;
#1392 = CARTESIAN_POINT ( 'NONE',  ( -0.3000000000000000999, 0.1069999999999999979, -0.5009999999999998899 ) ) ;
#1393 = DIRECTION ( 'NONE',  ( 0.000000000000000000, -1.000000000000000000, 0.000000000000000000 ) ) ;
#1394 = VECTOR ( 'NONE', #2370, 1000.000000000000000 ) ;
#1395 = ORIENTED_EDGE ( 'NONE', *, *, #1549, .F. ) ;
#1396 = AXIS2_PLACEMENT_3D ( 'NONE', #2065, #1665, #988 ) ;
#1397 = DIRECTION ( 'NONE',  ( 0.000000000000000000, 0.000000000000000000, 1.000000000000000000 ) ) ;
#1398 = CARTESIAN_POINT ( 'NONE',  ( 0.7000000000000000666, 0.1069999999999999979, 0.8009999999999999343 ) ) ;
#1399 = ORIENTED_EDGE ( 'NONE', *, *, #2400, .F. ) ;
#1400 = FACE_OUTER_BOUND ( 'NONE', #2458, .T. ) ;
#1401 = EDGE_LOOP ( 'NONE', ( #2352, #2335, #1802, #1764, #1954, #112 ) ) ;
#1402 = VECTOR ( 'NONE', #2357, 1000.000000000000000 ) ;
#1403 = DIRECTION ( 'NONE',  ( 1.000000000000000000, 0.000000000000000000, 0.000000000000000000 ) ) ;
#1404 = MECHANICAL_DESIGN_GEOMETRIC_PRESENTATION_REPRESENTATION (  '', ( #79 ), #2726 ) ;
#1405 = ORIENTED_EDGE ( 'NONE', *, *, #2784, .F. ) ;
#1406 = CARTESIAN_POINT ( 'NONE',  ( -0.8009999999999998233, 0.1069999999999999979, 0.09999999999999999167 ) ) ;
#1407 = CARTESIAN_POINT ( 'NONE',  ( 0.5000000000000000000, 0.000000000000000000, 0.000000000000000000 ) ) ;
#1408 = VECTOR ( 'NONE', #1768, 999.9999999999998863 ) ;
#1409 = LINE ( 'NONE', #1884, #140 ) ;
#1410 = DIRECTION ( 'NONE',  ( 1.000000000000000000, 0.000000000000000000, 0.000000000000000000 ) ) ;
#1411 = DIRECTION ( 'NONE',  ( 0.000000000000000000, -1.000000000000000000, 0.000000000000000000 ) ) ;
#1412 = LINE ( 'NONE', #1662, #1380 ) ;
#1413 = DIRECTION ( 'NONE',  ( 0.000000000000000000, 0.000000000000000000, -1.000000000000000000 ) ) ;
#1414 = ORIENTED_EDGE ( 'NONE', *, *, #926, .F. ) ;
#1415 = DIRECTION ( 'NONE',  ( 0.000000000000000000, 0.000000000000000000, -1.000000000000000000 ) ) ;
#1416 = ORIENTED_EDGE ( 'NONE', *, *, #17, .T. ) ;
#1417 = DIRECTION ( 'NONE',  ( 1.000000000000000000, 0.000000000000000000, 0.000000000000000000 ) ) ;
#1418 = ORIENTED_EDGE ( 'NONE', *, *, #1921, .T. ) ;
#1419 = CARTESIAN_POINT ( 'NONE',  ( -0.7999999999999998224, 0.000000000000000000, 0.1000000000000000472 ) ) ;
#1420 = CARTESIAN_POINT ( 'NONE',  ( 0.8009999999999998233, 0.1069999999999999979, 0.3000000000000000444 ) ) ;
#1421 = ADVANCED_FACE ( 'NONE', ( #629 ), #2292, .T. ) ;
#1422 = CARTESIAN_POINT ( 'NONE',  ( -0.7999999999999998224, 0.3299999999999999600, 0.7999999999999999334 ) ) ;
#1423 = EDGE_CURVE ( 'NONE', #2013, #1675, #743, .T. ) ;
#1424 = PLANE ( 'NONE',  #1 ) ;
#1425 = LINE ( 'NONE', #2087, #1095 ) ;
#1426 = VECTOR ( 'NONE', #2264, 1000.000000000000000 ) ;
#1427 = DIRECTION ( 'NONE',  ( 0.000000000000000000, 0.000000000000000000, -1.000000000000000000 ) ) ;
#1428 = DIRECTION ( 'NONE',  ( 0.000000000000000000, 0.000000000000000000, 1.000000000000000000 ) ) ;
#1429 = VERTEX_POINT ( 'NONE', #1873 ) ;
#1430 = FILL_AREA_STYLE_COLOUR ( '', #2667 ) ;
#1431 = ORIENTED_EDGE ( 'NONE', *, *, #441, .F. ) ;
#1432 = DIRECTION ( 'NONE',  ( 0.000000000000000000, 0.000000000000000000, 1.000000000000000000 ) ) ;
#1433 = EDGE_LOOP ( 'NONE', ( #1571, #1005, #1797, #541 ) ) ;
#1434 = DIRECTION ( 'NONE',  ( 0.000000000000000000, 0.000000000000000000, -1.000000000000000000 ) ) ;
#1435 = CARTESIAN_POINT ( 'NONE',  ( -0.8009999999999998233, 0.1069999999999999979, -0.09999999999999999167 ) ) ;
#1436 = ADVANCED_FACE ( 'NONE', ( #330 ), #82, .T. ) ;
#1437 = LINE ( 'NONE', #1025, #1113 ) ;
#1438 = EDGE_CURVE ( 'NONE', #552, #1943, #2794, .T. ) ;
#1439 = ORIENTED_EDGE ( 'NONE', *, *, #19, .T. ) ;
#1440 = EDGE_CURVE ( 'NONE', #2068, #819, #1196, .T. ) ;
#1441 = FACE_OUTER_BOUND ( 'NONE', #1615, .T. ) ;
#1442 = EDGE_LOOP ( 'NONE', ( #2651, #1893, #1399, #1416 ) ) ;
#1443 = VECTOR ( 'NONE', #2383, 1000.000000000000000 ) ;
#1444 = ADVANCED_FACE ( 'NONE', ( #1820 ), #111, .F. ) ;
#1445 = CARTESIAN_POINT ( 'NONE',  ( 0.5000000000000000000, 0.1069999999999999979, -0.8009999999999999343 ) ) ;
#1446 =( GEOMETRIC_REPRESENTATION_CONTEXT ( 3 ) GLOBAL_UNCERTAINTY_ASSIGNED_CONTEXT ( ( #2172 ) ) GLOBAL_UNIT_ASSIGNED_CONTEXT ( ( #1074, #2780, #869 ) ) REPRESENTATION_CONTEXT ( 'NONE', 'WORKASPACE' ) );
#1447 = VERTEX_POINT ( 'NONE', #2074 ) ;
#1448 = LINE ( 'NONE', #809, #1274 ) ;
#1449 = VERTEX_POINT ( 'NONE', #2039 ) ;
#1450 = CARTESIAN_POINT ( 'NONE',  ( -0.5999999999999998668, 0.3199999999999998956, -0.6000000000000001998 ) ) ;
#1451 = CARTESIAN_POINT ( 'NONE',  ( 0.5000000000000001110, 0.000000000000000000, 0.7999999999999999334 ) ) ;
#1452 = PRODUCT ( 'PTN5150AHXMP', 'PTN5150AHXMP', '', ( #2233 ) ) ;
#1453 = STYLED_ITEM ( 'NONE', ( #1747 ), #2058 ) ;
#1454 = AXIS2_PLACEMENT_3D ( 'NONE', #2681, #504, #272 ) ;
#1455 = EDGE_CURVE ( 'NONE', #1088, #299, #2359, .T. ) ;
#1456 = DIRECTION ( 'NONE',  ( -1.000000000000000000, 0.000000000000000000, 2.710505431213761578E-16 ) ) ;
#1457 = EDGE_CURVE ( 'NONE', #2523, #2204, #2500, .T. ) ;
#1458 = VECTOR ( 'NONE', #1855, 1000.000000000000000 ) ;
#1459 = LINE ( 'NONE', #1227, #2706 ) ;
#1460 = DIRECTION ( 'NONE',  ( 0.000000000000000000, -1.000000000000000000, 0.000000000000000000 ) ) ;
#1461 = EDGE_CURVE ( 'NONE', #587, #201, #2273, .T. ) ;
#1462 = VECTOR ( 'NONE', #1165, 1000.000000000000000 ) ;
#1463 = ORIENTED_EDGE ( 'NONE', *, *, #1894, .F. ) ;
#1464 = LINE ( 'NONE', #584, #2210 ) ;
#1465 = ORIENTED_EDGE ( 'NONE', *, *, #2133, .F. ) ;
#1466 = SURFACE_STYLE_USAGE ( .BOTH. , #2735 ) ;
#1467 = ORIENTED_EDGE ( 'NONE', *, *, #327, .T. ) ;
#1468 = FILL_AREA_STYLE_COLOUR ( '', #2502 ) ;
#1469 = AXIS2_PLACEMENT_3D ( 'NONE', #1659, #2796, #1685 ) ;
#1470 = CARTESIAN_POINT ( 'NONE',  ( -0.5999999999999998668, 0.3299999999999999600, -0.6000000000000001998 ) ) ;
#1471 = LINE ( 'NONE', #758, #210 ) ;
#1472 = LINE ( 'NONE', #832, #2327 ) ;
#1473 = ORIENTED_EDGE ( 'NONE', *, *, #2762, .F. ) ;
#1474 = EDGE_CURVE ( 'NONE', #1891, #2238, #2516, .T. ) ;
#1475 = ORIENTED_EDGE ( 'NONE', *, *, #2173, .T. ) ;
#1476 = DIRECTION ( 'NONE',  ( 1.000000000000000000, 0.000000000000000000, 0.000000000000000000 ) ) ;
#1477 =( NAMED_UNIT ( * ) SI_UNIT ( $, .STERADIAN. ) SOLID_ANGLE_UNIT ( ) );
#1478 = EDGE_CURVE ( 'NONE', #1569, #808, #1425, .T. ) ;
#1479 = EDGE_CURVE ( 'NONE', #49, #2824, #1285, .T. ) ;
#1480 = ORIENTED_EDGE ( 'NONE', *, *, #1874, .F. ) ;
#1481 = UNCERTAINTY_MEASURE_WITH_UNIT (LENGTH_MEASURE( 1.000000000000000082E-05 ), #1183, 'distance_accuracy_value', 'NONE');
#1482 = COLOUR_RGB ( '',0.2509803921568627416, 0.2509803921568627416, 0.2509803921568627416 ) ;
#1483 = FACE_OUTER_BOUND ( 'NONE', #2090, .T. ) ;
#1484 = DIRECTION ( 'NONE',  ( 0.000000000000000000, -1.000000000000000000, 0.000000000000000000 ) ) ;
#1485 = CARTESIAN_POINT ( 'NONE',  ( -0.8009999999999998233, -0.02000000000000000042, -0.3000000000000000444 ) ) ;
#1486 = DIRECTION ( 'NONE',  ( 3.614007241618347785E-16, 0.000000000000000000, 1.000000000000000000 ) ) ;
#1487 = LINE ( 'NONE', #2583, #2819 ) ;
#1488 = ORIENTED_EDGE ( 'NONE', *, *, #705, .T. ) ;
#1489 = SURFACE_STYLE_FILL_AREA ( #287 ) ;
#1490 = VERTEX_POINT ( 'NONE', #1721 ) ;
#1491 = DIRECTION ( 'NONE',  ( 0.000000000000000000, 1.000000000000000000, 0.000000000000000000 ) ) ;
#1492 = CARTESIAN_POINT ( 'NONE',  ( -0.7000000000000000666, -0.02000000000000000042, 0.8009999999999999343 ) ) ;
#1493 = VECTOR ( 'NONE', #1314, 1000.000000000000000 ) ;
#1494 = VERTEX_POINT ( 'NONE', #851 ) ;
#1495 = LINE ( 'NONE', #1268, #631 ) ;
#1496 = FILL_AREA_STYLE_COLOUR ( '', #2690 ) ;
#1497 =( LENGTH_UNIT ( ) NAMED_UNIT ( * ) SI_UNIT ( .MILLI., .METRE. ) );
#1498 = CARTESIAN_POINT ( 'NONE',  ( -0.3009999999999998233, 0.000000000000000000, 0.3000000000000000444 ) ) ;
#1499 = PRESENTATION_LAYER_ASSIGNMENT (  '', '', ( #1453 ) ) ;
#1500 = VECTOR ( 'NONE', #475, 1000.000000000000000 ) ;
#1501 = VECTOR ( 'NONE', #2323, 1000.000000000000000 ) ;
#1502 = LINE ( 'NONE', #649, #366 ) ;
#1503 = ORIENTED_EDGE ( 'NONE', *, *, #1549, .T. ) ;
#1504 = VECTOR ( 'NONE', #2482, 1000.000000000000000 ) ;
#1505 = DIRECTION ( 'NONE',  ( 1.000000000000000000, -0.000000000000000000, 0.000000000000000000 ) ) ;
#1506 = ORIENTED_EDGE ( 'NONE', *, *, #250, .T. ) ;
#1507 = CARTESIAN_POINT ( 'NONE',  ( -0.7000000000000000666, 0.000000000000000000, 0.7999999999999999334 ) ) ;
#1508 = VECTOR ( 'NONE', #2739, 1000.000000000000000 ) ;
#1509 = ORIENTED_EDGE ( 'NONE', *, *, #225, .T. ) ;
#1510 = LINE ( 'NONE', #1284, #989 ) ;
#1511 = LINE ( 'NONE', #219, #2450 ) ;
#1512 = CARTESIAN_POINT ( 'NONE',  ( 0.5000000000000000000, 0.1069999999999999979, -0.5009999999999998899 ) ) ;
#1513 = EDGE_CURVE ( 'NONE', #2523, #1236, #2154, .T. ) ;
#1514 = DIRECTION ( 'NONE',  ( -1.000000000000000000, 0.000000000000000000, -0.000000000000000000 ) ) ;
#1515 = VERTEX_POINT ( 'NONE', #191 ) ;
#1516 = CARTESIAN_POINT ( 'NONE',  ( 0.8009999999999998233, -0.02000000000000000042, -0.09999999999999999167 ) ) ;
#1517 = LINE ( 'NONE', #2565, #2179 ) ;
#1518 = ORIENTED_EDGE ( 'NONE', *, *, #859, .F. ) ;
#1519 = VECTOR ( 'NONE', #2409, 1000.000000000000000 ) ;
#1520 = LINE ( 'NONE', #1970, #870 ) ;
#1521 = ADVANCED_FACE ( 'NONE', ( #1934 ), #2594, .T. ) ;
#1522 = ORIENTED_EDGE ( 'NONE', *, *, #2448, .T. ) ;
#1523 = EDGE_CURVE ( 'NONE', #787, #1601, #294, .T. ) ;
#1524 = EDGE_LOOP ( 'NONE', ( #796, #603, #1956, #1085 ) ) ;
#1525 = LINE ( 'NONE', #1516, #305 ) ;
#1526 = ADVANCED_FACE ( 'NONE', ( #2515 ), #1837, .F. ) ;
#1527 = ORIENTED_EDGE ( 'NONE', *, *, #1267, .F. ) ;
#1528 = LINE ( 'NONE', #257, #1700 ) ;
#1529 = ORIENTED_EDGE ( 'NONE', *, *, #1558, .T. ) ;
#1530 = DIRECTION ( 'NONE',  ( 1.000000000000000000, 0.000000000000000000, -3.614007241618347785E-16 ) ) ;
#1531 = STYLED_ITEM ( 'NONE', ( #171 ), #382 ) ;
#1532 = VECTOR ( 'NONE', #1037, 1000.000000000000000 ) ;
#1533 = CARTESIAN_POINT ( 'NONE',  ( -0.3000000000000000999, -0.02000000000000000042, -0.8009999999999999343 ) ) ;
#1534 = EDGE_CURVE ( 'NONE', #941, #1821, #2272, .T. ) ;
#1535 = VECTOR ( 'NONE', #109, 1000.000000000000000 ) ;
#1536 = EDGE_CURVE ( 'NONE', #2013, #2313, #280, .T. ) ;
#1537 = EDGE_CURVE ( 'NONE', #1304, #1584, #2709, .T. ) ;
#1538 = CARTESIAN_POINT ( 'NONE',  ( -0.09999999999999970024, -0.000000000000000000, -3.614007241618336815E-17 ) ) ;
#1539 = AXIS2_PLACEMENT_3D ( 'NONE', #596, #793, #1663 ) ;
#1540 = ORIENTED_EDGE ( 'NONE', *, *, #2448, .F. ) ;
#1541 = CARTESIAN_POINT ( 'NONE',  ( -0.7000000000000000666, 0.1069999999999999979, 0.8009999999999999343 ) ) ;
#1542 = DIRECTION ( 'NONE',  ( 0.000000000000000000, 1.000000000000000000, 0.000000000000000000 ) ) ;
#1543 = VECTOR ( 'NONE', #1068, 1000.000000000000000 ) ;
#1544 = LINE ( 'NONE', #2637, #2797 ) ;
#1545 = ORIENTED_EDGE ( 'NONE', *, *, #940, .F. ) ;
#1546 = PLANE ( 'NONE',  #860 ) ;
#1547 = ORIENTED_EDGE ( 'NONE', *, *, #1661, .T. ) ;
#1548 = DIRECTION ( 'NONE',  ( 3.614007241618347785E-16, 0.000000000000000000, 1.000000000000000000 ) ) ;
#1549 = EDGE_CURVE ( 'NONE', #698, #2575, #2724, .T. ) ;
#1550 = LINE ( 'NONE', #1378, #267 ) ;
#1551 = ORIENTED_EDGE ( 'NONE', *, *, #2653, .F. ) ;
#1552 = EDGE_LOOP ( 'NONE', ( #206, #2476, #1772, #269, #1503 ) ) ;
#1553 = DIRECTION ( 'NONE',  ( -1.000000000000000000, 0.000000000000000000, -0.000000000000000000 ) ) ;
#1554 = EDGE_CURVE ( 'NONE', #224, #1449, #329, .T. ) ;
#1555 = CARTESIAN_POINT ( 'NONE',  ( 0.7000000000000001776, 0.1069999999999999979, 0.5009999999999998899 ) ) ;
#1556 = ORIENTED_EDGE ( 'NONE', *, *, #2075, .F. ) ;
#1557 = CARTESIAN_POINT ( 'NONE',  ( -0.5999999999999998668, 0.3199999999999998956, -0.5000000000000000000 ) ) ;
#1558 = EDGE_CURVE ( 'NONE', #1145, #501, #777, .T. ) ;
#1559 = VECTOR ( 'NONE', #1109, 1000.000000000000000 ) ;
#1560 = ORIENTED_EDGE ( 'NONE', *, *, #971, .T. ) ;
#1561 = DIRECTION ( 'NONE',  ( 0.000000000000000000, 1.000000000000000000, 0.000000000000000000 ) ) ;
#1562 = DIRECTION ( 'NONE',  ( 0.000000000000000000, 0.000000000000000000, 1.000000000000000000 ) ) ;
#1563 = DIRECTION ( 'NONE',  ( -0.000000000000000000, -0.000000000000000000, 1.000000000000000000 ) ) ;
#1564 = EDGE_LOOP ( 'NONE', ( #2369, #1028, #1188, #197 ) ) ;
#1565 = DIRECTION ( 'NONE',  ( 0.000000000000000000, 0.000000000000000000, -1.000000000000000000 ) ) ;
#1566 = ADVANCED_FACE ( 'NONE', ( #2228 ), #2241, .T. ) ;
#1567 = ORIENTED_EDGE ( 'NONE', *, *, #740, .T. ) ;
#1568 = LINE ( 'NONE', #691, #1559 ) ;
#1569 = VERTEX_POINT ( 'NONE', #709 ) ;
#1570 = CARTESIAN_POINT ( 'NONE',  ( 0.5000000000000000000, -0.02000000000000000042, 0.8009999999999999343 ) ) ;
#1571 = ORIENTED_EDGE ( 'NONE', *, *, #1858, .F. ) ;
#1572 = FACE_OUTER_BOUND ( 'NONE', #464, .T. ) ;
#1573 = VECTOR ( 'NONE', #432, 1000.000000000000000 ) ;
#1574 = CARTESIAN_POINT ( 'NONE',  ( 0.8000000000000002665, 0.3299999999999999600, 0.1000000000000000472 ) ) ;
#1575 = SURFACE_STYLE_USAGE ( .BOTH. , #81 ) ;
#1576 = PLANE ( 'NONE',  #218 ) ;
#1577 = ORIENTED_EDGE ( 'NONE', *, *, #1558, .F. ) ;
#1578 = ORIENTED_EDGE ( 'NONE', *, *, #216, .T. ) ;
#1579 = DIRECTION ( 'NONE',  ( 1.000000000000000000, 0.000000000000000000, 0.000000000000000000 ) ) ;
#1580 = SURFACE_STYLE_FILL_AREA ( #1598 ) ;
#1581 = VECTOR ( 'NONE', #2205, 1000.000000000000000 ) ;
#1582 = ORIENTED_EDGE ( 'NONE', *, *, #933, .F. ) ;
#1583 = DIRECTION ( 'NONE',  ( 0.000000000000000000, 1.000000000000000000, 0.000000000000000000 ) ) ;
#1584 = VERTEX_POINT ( 'NONE', #1151 ) ;
#1585 = VECTOR ( 'NONE', #1388, 1000.000000000000000 ) ;
#1586 = DIRECTION ( 'NONE',  ( 0.000000000000000000, 0.000000000000000000, -1.000000000000000000 ) ) ;
#1587 = VECTOR ( 'NONE', #472, 1000.000000000000000 ) ;
#1588 = ORIENTED_EDGE ( 'NONE', *, *, #1985, .T. ) ;
#1589 = CARTESIAN_POINT ( 'NONE',  ( 0.000000000000000000, -0.000000000000000000, 0.5009999999999998899 ) ) ;
#1590 = VECTOR ( 'NONE', #883, 1000.000000000000000 ) ;
#1591 = PRESENTATION_STYLE_ASSIGNMENT (( #2393 ) ) ;
#1592 = EDGE_CURVE ( 'NONE', #2534, #2712, #1819, .T. ) ;
#1593 = FILL_AREA_STYLE ('',( #1496 ) ) ;
#1594 = DIRECTION ( 'NONE',  ( -0.000000000000000000, 1.000000000000000000, 0.000000000000000000 ) ) ;
#1595 = VERTEX_POINT ( 'NONE', #2693 ) ;
#1596 = AXIS2_PLACEMENT_3D ( 'NONE', #2212, #2412, #38 ) ;
#1597 = CARTESIAN_POINT ( 'NONE',  ( -0.5000000000000000000, -0.02000000000000000042, -0.8009999999999999343 ) ) ;
#1598 = FILL_AREA_STYLE ('',( #165 ) ) ;
#1599 = ORIENTED_EDGE ( 'NONE', *, *, #729, .T. ) ;
#1600 = FACE_OUTER_BOUND ( 'NONE', #2549, .T. ) ;
#1601 = VERTEX_POINT ( 'NONE', #1606 ) ;
#1602 = CARTESIAN_POINT ( 'NONE',  ( -0.4999999999999998890, -0.02000000000000000042, 0.5009999999999998899 ) ) ;
#1603 = EDGE_LOOP ( 'NONE', ( #1279, #1123, #620, #1877 ) ) ;
#1604 = DIRECTION ( 'NONE',  ( 0.000000000000000000, 0.000000000000000000, -1.000000000000000000 ) ) ;
#1605 = PLANE ( 'NONE',  #754 ) ;
#1606 = CARTESIAN_POINT ( 'NONE',  ( 0.09999999999999993616, -0.02000000000000000042, -0.5009999999999998899 ) ) ;
#1607 = CARTESIAN_POINT ( 'NONE',  ( 0.5000000000000000000, 0.1069999999999999979, -0.5009999999999998899 ) ) ;
#1608 = ORIENTED_EDGE ( 'NONE', *, *, #1960, .T. ) ;
#1609 = ORIENTED_EDGE ( 'NONE', *, *, #2488, .F. ) ;
#1610 = DIRECTION ( 'NONE',  ( 0.000000000000000000, -1.000000000000000000, 0.000000000000000000 ) ) ;
#1611 = EDGE_LOOP ( 'NONE', ( #1473, #765, #806, #2524 ) ) ;
#1612 = DIRECTION ( 'NONE',  ( 3.614007241618347785E-16, 0.000000000000000000, -1.000000000000000000 ) ) ;
#1613 = ORIENTED_EDGE ( 'NONE', *, *, #430, .T. ) ;
#1614 = PLANE ( 'NONE',  #1725 ) ;
#1615 = EDGE_LOOP ( 'NONE', ( #27, #2587, #1582, #2521 ) ) ;
#1616 = CARTESIAN_POINT ( 'NONE',  ( -0.7999999999999998224, 0.1069999999999999979, -0.1000000000000000472 ) ) ;
#1617 = DIRECTION ( 'NONE',  ( 0.000000000000000000, 0.000000000000000000, -1.000000000000000000 ) ) ;
#1618 = VECTOR ( 'NONE', #2115, 1000.000000000000000 ) ;
#1619 = LINE ( 'NONE', #1422, #1174 ) ;
#1620 = CARTESIAN_POINT ( 'NONE',  ( 0.8000000000000002665, 0.3299999999999999600, -0.09999999999999993616 ) ) ;
#1621 = LINE ( 'NONE', #94, #598 ) ;
#1622 = AXIS2_PLACEMENT_3D ( 'NONE', #1941, #865, #1280 ) ;
#1623 = VERTEX_POINT ( 'NONE', #2481 ) ;
#1624 = UNCERTAINTY_MEASURE_WITH_UNIT (LENGTH_MEASURE( 1.000000000000000082E-05 ), #682, 'distance_accuracy_value', 'NONE');
#1625 = ADVANCED_FACE ( 'NONE', ( #528 ), #388, .F. ) ;
#1626 = VERTEX_POINT ( 'NONE', #617 ) ;
#1627 = FACE_OUTER_BOUND ( 'NONE', #1289, .T. ) ;
#1628 = CARTESIAN_POINT ( 'NONE',  ( 0.000000000000000000, 0.000000000000000000, 0.000000000000000000 ) ) ;
#1629 = ORIENTED_EDGE ( 'NONE', *, *, #1300, .F. ) ;
#1630 = DIRECTION ( 'NONE',  ( -1.000000000000000000, 0.000000000000000000, -0.000000000000000000 ) ) ;
#1631 = ORIENTED_EDGE ( 'NONE', *, *, #2656, .T. ) ;
#1632 = STYLED_ITEM ( 'NONE', ( #1790 ), #1967 ) ;
#1633 = EDGE_CURVE ( 'NONE', #2542, #389, #591, .T. ) ;
#1634 = DIRECTION ( 'NONE',  ( 0.000000000000000000, -1.000000000000000000, 0.000000000000000000 ) ) ;
#1635 = VECTOR ( 'NONE', #1108, 1000.000000000000000 ) ;
#1636 = PRESENTATION_LAYER_ASSIGNMENT (  '', '', ( #264 ) ) ;
#1637 = VERTEX_POINT ( 'NONE', #2740 ) ;
#1638 = FACE_OUTER_BOUND ( 'NONE', #131, .T. ) ;
#1639 = LINE ( 'NONE', #1852, #2130 ) ;
#1640 = AXIS2_PLACEMENT_3D ( 'NONE', #2415, #2469, #1793 ) ;
#1641 = CARTESIAN_POINT ( 'NONE',  ( 0.3000000000000003220, 0.000000000000000000, 1.084202172485505420E-16 ) ) ;
#1642 = DIRECTION ( 'NONE',  ( 0.000000000000000000, -1.000000000000000000, 0.000000000000000000 ) ) ;
#1643 = CARTESIAN_POINT ( 'NONE',  ( -0.5000000000000000000, 0.1069999999999999979, -0.8009999999999999343 ) ) ;
#1644 = ORIENTED_EDGE ( 'NONE', *, *, #166, .T. ) ;
#1645 = EDGE_LOOP ( 'NONE', ( #896, #727, #1799, #699 ) ) ;
#1646 = LINE ( 'NONE', #132, #1182 ) ;
#1647 = SURFACE_SIDE_STYLE ('',( #1580 ) ) ;
#1648 = ORIENTED_EDGE ( 'NONE', *, *, #1035, .F. ) ;
#1649 = LINE ( 'NONE', #1172, #1426 ) ;
#1650 = ORIENTED_EDGE ( 'NONE', *, *, #441, .T. ) ;
#1651 = CARTESIAN_POINT ( 'NONE',  ( -0.8009999999999998233, 0.1069999999999999979, -0.3000000000000000444 ) ) ;
#1652 = EDGE_CURVE ( 'NONE', #1978, #1943, #1272, .T. ) ;
#1653 = ORIENTED_EDGE ( 'NONE', *, *, #831, .F. ) ;
#1654 = ADVANCED_FACE ( 'NONE', ( #1054 ), #2144, .F. ) ;
#1655 = DIRECTION ( 'NONE',  ( -1.000000000000000000, 0.000000000000000000, -0.000000000000000000 ) ) ;
#1656 = LINE ( 'NONE', #1435, #1349 ) ;
#1657 = EDGE_CURVE ( 'NONE', #1779, #1142, #2332, .T. ) ;
#1658 = CYLINDRICAL_SURFACE ( 'NONE', #1081, 0.1000000000000001582 ) ;
#1659 = CARTESIAN_POINT ( 'NONE',  ( 0.000000000000000000, 0.1069999999999999979, 0.000000000000000000 ) ) ;
#1660 = DIRECTION ( 'NONE',  ( 3.614007241618347785E-16, 0.000000000000000000, 1.000000000000000000 ) ) ;
#1661 = EDGE_CURVE ( 'NONE', #651, #900, #2570, .T. ) ;
#1662 = CARTESIAN_POINT ( 'NONE',  ( -0.5000000000000000000, 0.1069999999999999979, 0.8009999999999999343 ) ) ;
#1663 = DIRECTION ( 'NONE',  ( -1.000000000000000000, 0.000000000000000000, -0.000000000000000000 ) ) ;
#1664 = ORIENTED_EDGE ( 'NONE', *, *, #1534, .T. ) ;
#1665 = DIRECTION ( 'NONE',  ( 0.000000000000000000, 1.000000000000000000, 0.000000000000000000 ) ) ;
#1666 = ORIENTED_EDGE ( 'NONE', *, *, #229, .T. ) ;
#1667 = CARTESIAN_POINT ( 'NONE',  ( -0.7000000000000000666, 0.1069999999999999979, -0.8009999999999999343 ) ) ;
#1668 = EDGE_CURVE ( 'NONE', #365, #651, #2128, .T. ) ;
#1669 = ORIENTED_EDGE ( 'NONE', *, *, #1345, .T. ) ;
#1670 =( NAMED_UNIT ( * ) PLANE_ANGLE_UNIT ( ) SI_UNIT ( $, .RADIAN. ) );
#1671 = FACE_OUTER_BOUND ( 'NONE', #2670, .T. ) ;
#1672 = LINE ( 'NONE', #1241, #1618 ) ;
#1673 = CARTESIAN_POINT ( 'NONE',  ( -3.252606517456512686E-17, 0.1069999999999999979, -0.2999999999999999334 ) ) ;
#1674 = LINE ( 'NONE', #1876, #1999 ) ;
#1675 = VERTEX_POINT ( 'NONE', #1012 ) ;
#1676 = VECTOR ( 'NONE', #835, 1000.000000000000000 ) ;
#1677 = PRESENTATION_LAYER_ASSIGNMENT (  '', '', ( #2620 ) ) ;
#1678 = ORIENTED_EDGE ( 'NONE', *, *, #648, .T. ) ;
#1679 = DIRECTION ( 'NONE',  ( -0.000000000000000000, 0.000000000000000000, 1.000000000000000000 ) ) ;
#1680 = VERTEX_POINT ( 'NONE', #1040 ) ;
#1681 = PRESENTATION_STYLE_ASSIGNMENT (( #2302 ) ) ;
#1682 = DIRECTION ( 'NONE',  ( -1.000000000000000000, 0.000000000000000000, -0.000000000000000000 ) ) ;
#1683 = AXIS2_PLACEMENT_3D ( 'NONE', #535, #2105, #377 ) ;
#1684 = DIRECTION ( 'NONE',  ( -0.000000000000000000, 0.000000000000000000, -1.000000000000000000 ) ) ;
#1685 = DIRECTION ( 'NONE',  ( 0.000000000000000000, -0.000000000000000000, -1.000000000000000000 ) ) ;
#1686 = EDGE_CURVE ( 'NONE', #626, #1704, #358, .T. ) ;
#1687 = VECTOR ( 'NONE', #1594, 1000.000000000000000 ) ;
#1688 = DIRECTION ( 'NONE',  ( -2.710505431213760592E-16, 0.000000000000000000, -1.000000000000000000 ) ) ;
#1689 = VECTOR ( 'NONE', #126, 1000.000000000000000 ) ;
#1690 = EDGE_CURVE ( 'NONE', #2590, #2238, #842, .T. ) ;
#1691 = FACE_OUTER_BOUND ( 'NONE', #318, .T. ) ;
#1692 = ORIENTED_EDGE ( 'NONE', *, *, #34, .T. ) ;
#1693 = PLANE ( 'NONE',  #2230 ) ;
#1694 = ORIENTED_EDGE ( 'NONE', *, *, #430, .F. ) ;
#1695 = CARTESIAN_POINT ( 'NONE',  ( 0.8009999999999998233, 0.1069999999999999979, 0.3000000000000000444 ) ) ;
#1696 = CARTESIAN_POINT ( 'NONE',  ( -0.7000000000000000666, 0.1069999999999999979, 0.8009999999999999343 ) ) ;
#1697 = DIRECTION ( 'NONE',  ( -0.000000000000000000, 1.000000000000000000, 0.000000000000000000 ) ) ;
#1698 = DIRECTION ( 'NONE',  ( 1.000000000000000000, 0.000000000000000000, 0.000000000000000000 ) ) ;
#1699 = ORIENTED_EDGE ( 'NONE', *, *, #914, .F. ) ;
#1700 = VECTOR ( 'NONE', #1776, 1000.000000000000000 ) ;
#1701 = PLANE ( 'NONE',  #886 ) ;
#1702 = ORIENTED_EDGE ( 'NONE', *, *, #1771, .T. ) ;
#1703 = DIRECTION ( 'NONE',  ( 1.000000000000000000, 0.000000000000000000, -2.710505431213761085E-16 ) ) ;
#1704 = VERTEX_POINT ( 'NONE', #401 ) ;
#1705 = UNCERTAINTY_MEASURE_WITH_UNIT (LENGTH_MEASURE( 1.000000000000000082E-05 ), #1497, 'distance_accuracy_value', 'NONE');
#1706 =( LENGTH_UNIT ( ) NAMED_UNIT ( * ) SI_UNIT ( .MILLI., .METRE. ) );
#1707 = DIRECTION ( 'NONE',  ( -0.000000000000000000, 1.000000000000000000, 0.000000000000000000 ) ) ;
#1708 = DIRECTION ( 'NONE',  ( 0.000000000000000000, 0.000000000000000000, 1.000000000000000000 ) ) ;
#1709 = DIRECTION ( 'NONE',  ( -0.000000000000000000, 0.000000000000000000, -1.000000000000000000 ) ) ;
#1710 = CARTESIAN_POINT ( 'NONE',  ( -0.7000000000000000666, -0.02000000000000000042, 0.5009999999999998899 ) ) ;
#1711 = CARTESIAN_POINT ( 'NONE',  ( 0.000000000000000000, -0.000000000000000000, 0.5009999999999998899 ) ) ;
#1712 = ORIENTED_EDGE ( 'NONE', *, *, #2767, .T. ) ;
#1713 = DIRECTION ( 'NONE',  ( 1.000000000000000000, 0.000000000000000000, 0.000000000000000000 ) ) ;
#1714 = ORIENTED_EDGE ( 'NONE', *, *, #972, .F. ) ;
#1715 = DIRECTION ( 'NONE',  ( 1.000000000000000000, 0.000000000000000000, 0.000000000000000000 ) ) ;
#1716 = VECTOR ( 'NONE', #2344, 1000.000000000000000 ) ;
#1717 = VERTEX_POINT ( 'NONE', #815 ) ;
#1718 = ADVANCED_FACE ( 'NONE', ( #564 ), #1424, .T. ) ;
#1719 = STYLED_ITEM ( 'NONE', ( #986 ), #1211 ) ;
#1720 = CARTESIAN_POINT ( 'NONE',  ( -0.7000000000000000666, 0.3299999999999999600, -0.8000000000000001554 ) ) ;
#1721 = CARTESIAN_POINT ( 'NONE',  ( -0.5000000000000000000, 0.000000000000000000, 0.7999999999999999334 ) ) ;
#1722 = DIRECTION ( 'NONE',  ( 0.000000000000000000, -1.000000000000000000, 0.000000000000000000 ) ) ;
#1723 = AXIS2_PLACEMENT_3D ( 'NONE', #1870, #2328, #371 ) ;
#1724 = AXIS2_PLACEMENT_3D ( 'NONE', #1214, #1460, #582 ) ;
#1725 = AXIS2_PLACEMENT_3D ( 'NONE', #2686, #1586, #1375 ) ;
#1726 = FACE_OUTER_BOUND ( 'NONE', #2263, .T. ) ;
#1727 = ORIENTED_EDGE ( 'NONE', *, *, #1929, .T. ) ;
#1728 = DIRECTION ( 'NONE',  ( 0.000000000000000000, 1.000000000000000000, 0.000000000000000000 ) ) ;
#1729 = VERTEX_POINT ( 'NONE', #2306 ) ;
#1730 = VECTOR ( 'NONE', #237, 1000.000000000000000 ) ;
#1731 = CARTESIAN_POINT ( 'NONE',  ( 0.09999999999999993616, 0.1069999999999999979, 0.8009999999999999343 ) ) ;
#1732 = ORIENTED_EDGE ( 'NONE', *, *, #741, .T. ) ;
#1733 = CARTESIAN_POINT ( 'NONE',  ( -0.09999999999999999167, 0.1069999999999999979, -0.8009999999999999343 ) ) ;
#1734 = EDGE_CURVE ( 'NONE', #1943, #2384, #2782, .T. ) ;
#1735 = DIRECTION ( 'NONE',  ( 0.000000000000000000, 0.000000000000000000, 1.000000000000000000 ) ) ;
#1736 = VECTOR ( 'NONE', #579, 1000.000000000000000 ) ;
#1737 = DIRECTION ( 'NONE',  ( 0.000000000000000000, -0.000000000000000000, 1.000000000000000000 ) ) ;
#1738 = EDGE_CURVE ( 'NONE', #1133, #1389, #1209, .T. ) ;
#1739 = ADVANCED_FACE ( 'NONE', ( #999 ), #425, .F. ) ;
#1740 = CARTESIAN_POINT ( 'NONE',  ( 0.09999999999999993616, -0.02000000000000000042, -0.8009999999999999343 ) ) ;
#1741 = ORIENTED_EDGE ( 'NONE', *, *, #1231, .T. ) ;
#1742 = ORIENTED_EDGE ( 'NONE', *, *, #2484, .T. ) ;
#1743 = CARTESIAN_POINT ( 'NONE',  ( -0.7999999999999998224, 0.3299999999999999600, -0.8000000000000001554 ) ) ;
#1744 = CARTESIAN_POINT ( 'NONE',  ( -0.09999999999999999167, -0.02000000000000000042, -0.8009999999999999343 ) ) ;
#1745 = CARTESIAN_POINT ( 'NONE',  ( -0.3000000000000000999, 0.1069999999999999979, -0.5009999999999998899 ) ) ;
#1746 = ORIENTED_EDGE ( 'NONE', *, *, #1986, .T. ) ;
#1747 = PRESENTATION_STYLE_ASSIGNMENT (( #1102 ) ) ;
#1748 = ADVANCED_FACE ( 'NONE', ( #2380 ), #2616, .T. ) ;
#1749 = EDGE_CURVE ( 'NONE', #2618, #2384, #1936, .T. ) ;
#1750 = VECTOR ( 'NONE', #1397, 1000.000000000000000 ) ;
#1751 = ADVANCED_FACE ( 'NONE', ( #1752 ), #438, .F. ) ;
#1752 = FACE_OUTER_BOUND ( 'NONE', #2355, .T. ) ;
#1753 = ADVANCED_FACE ( 'NONE', ( #668 ), #2821, .F. ) ;
#1754 = DIRECTION ( 'NONE',  ( 0.000000000000000000, 0.000000000000000000, 1.000000000000000000 ) ) ;
#1755 = VERTEX_POINT ( 'NONE', #1498 ) ;
#1756 = ORIENTED_EDGE ( 'NONE', *, *, #2171, .F. ) ;
#1757 = LINE ( 'NONE', #2588, #864 ) ;
#1758 = VECTOR ( 'NONE', #497, 1000.000000000000000 ) ;
#1759 = DIRECTION ( 'NONE',  ( 0.000000000000000000, 0.000000000000000000, -1.000000000000000000 ) ) ;
#1760 = DIRECTION ( 'NONE',  ( 0.000000000000000000, 0.000000000000000000, -1.000000000000000000 ) ) ;
#1761 = ORIENTED_EDGE ( 'NONE', *, *, #1111, .F. ) ;
#1762 = LINE ( 'NONE', #868, #2095 ) ;
#1763 = VECTOR ( 'NONE', #1327, 1000.000000000000000 ) ;
#1764 = ORIENTED_EDGE ( 'NONE', *, *, #766, .F. ) ;
#1765 = CARTESIAN_POINT ( 'NONE',  ( 0.5000000000000000000, 0.1069999999999999979, 0.5009999999999998899 ) ) ;
#1766 = VECTOR ( 'NONE', #2167, 1000.000000000000000 ) ;
#1767 = ADVANCED_FACE ( 'NONE', ( #2423 ), #456, .F. ) ;
#1768 = DIRECTION ( 'NONE',  ( 0.7071067811865473507, 0.000000000000000000, 0.7071067811865477948 ) ) ;
#1769 = ORIENTED_EDGE ( 'NONE', *, *, #1738, .T. ) ;
#1770 = VECTOR ( 'NONE', #1848, 1000.000000000000000 ) ;
#1771 = EDGE_CURVE ( 'NONE', #485, #2542, #872, .T. ) ;
#1772 = ORIENTED_EDGE ( 'NONE', *, *, #2484, .F. ) ;
#1773 = FACE_OUTER_BOUND ( 'NONE', #1203, .T. ) ;
#1774 = VERTEX_POINT ( 'NONE', #685 ) ;
#1775 = VECTOR ( 'NONE', #1106, 1000.000000000000000 ) ;
#1776 = DIRECTION ( 'NONE',  ( 0.000000000000000000, -1.000000000000000000, 0.000000000000000000 ) ) ;
#1777 = ORIENTED_EDGE ( 'NONE', *, *, #1734, .F. ) ;
#1778 = DIRECTION ( 'NONE',  ( -2.710505431213762071E-16, 0.000000000000000000, 1.000000000000000000 ) ) ;
#1779 = VERTEX_POINT ( 'NONE', #2170 ) ;
#1780 = LINE ( 'NONE', #525, #816 ) ;
#1781 = CARTESIAN_POINT ( 'NONE',  ( 0.5000000000000000000, 0.1069999999999999979, 0.8009999999999999343 ) ) ;
#1782 = ORIENTED_EDGE ( 'NONE', *, *, #926, .T. ) ;
#1783 = VERTEX_POINT ( 'NONE', #1116 ) ;
#1784 = DIRECTION ( 'NONE',  ( 0.000000000000000000, -1.000000000000000000, 0.000000000000000000 ) ) ;
#1785 = LINE ( 'NONE', #1555, #1889 ) ;
#1786 = ORIENTED_EDGE ( 'NONE', *, *, #1147, .T. ) ;
#1787 = LINE ( 'NONE', #1993, #1130 ) ;
#1788 = AXIS2_PLACEMENT_3D ( 'NONE', #2420, #903, #679 ) ;
#1789 = EDGE_LOOP ( 'NONE', ( #2774, #962, #673, #1653, #172, #978, #2109, #1017, #2799, #1082, #811, #2122, #1230, #1578, #585, #2017, #503, #1217, #690, #894 ) ) ;
#1790 = PRESENTATION_STYLE_ASSIGNMENT (( #919 ) ) ;
#1791 = DIRECTION ( 'NONE',  ( 0.000000000000000000, -0.000000000000000000, -1.000000000000000000 ) ) ;
#1792 = DIRECTION ( 'NONE',  ( -3.614007241618347785E-16, 0.000000000000000000, -1.000000000000000000 ) ) ;
#1793 = DIRECTION ( 'NONE',  ( -1.000000000000000000, 0.000000000000000000, -0.000000000000000000 ) ) ;
#1794 = ORIENTED_EDGE ( 'NONE', *, *, #216, .F. ) ;
#1795 = ORIENTED_EDGE ( 'NONE', *, *, #655, .F. ) ;
#1796 = DIRECTION ( 'NONE',  ( -1.000000000000000000, -0.000000000000000000, -0.000000000000000000 ) ) ;
#1797 = ORIENTED_EDGE ( 'NONE', *, *, #135, .T. ) ;
#1798 = DIRECTION ( 'NONE',  ( 1.000000000000000000, 0.000000000000000000, -2.710505431213761578E-16 ) ) ;
#1799 = ORIENTED_EDGE ( 'NONE', *, *, #447, .F. ) ;
#1800 = LINE ( 'NONE', #290, #2325 ) ;
#1801 = EDGE_CURVE ( 'NONE', #1755, #571, #1321, .T. ) ;
#1802 = ORIENTED_EDGE ( 'NONE', *, *, #940, .T. ) ;
#1803 = LINE ( 'NONE', #2239, #2137 ) ;
#1804 = AXIS2_PLACEMENT_3D ( 'NONE', #967, #1010, #543 ) ;
#1805 = CARTESIAN_POINT ( 'NONE',  ( 1.355252715606882083E-17, -0.000000000000000000, -0.1000000000000001027 ) ) ;
#1806 = PRESENTATION_STYLE_ASSIGNMENT (( #1575 ) ) ;
#1807 = LINE ( 'NONE', #222, #1277 ) ;
#1808 = LINE ( 'NONE', #2697, #752 ) ;
#1809 = LINE ( 'NONE', #459, #1635 ) ;
#1810 = VECTOR ( 'NONE', #1434, 1000.000000000000000 ) ;
#1811 = VERTEX_POINT ( 'NONE', #657 ) ;
#1812 = CARTESIAN_POINT ( 'NONE',  ( 0.3000000000000000444, 0.000000000000000000, -0.8000000000000001554 ) ) ;
#1813 = ORIENTED_EDGE ( 'NONE', *, *, #2756, .F. ) ;
#1814 = FACE_OUTER_BOUND ( 'NONE', #1372, .T. ) ;
#1815 = VECTOR ( 'NONE', #2642, 1000.000000000000000 ) ;
#1816 = EDGE_LOOP ( 'NONE', ( #1215, #556, #2442, #2246 ) ) ;
#1817 = CARTESIAN_POINT ( 'NONE',  ( -0.7999999999999998224, 0.3299999999999999600, 0.7999999999999999334 ) ) ;
#1818 = VECTOR ( 'NONE', #1642, 1000.000000000000000 ) ;
#1819 = LINE ( 'NONE', #1392, #1823 ) ;
#1820 = FACE_OUTER_BOUND ( 'NONE', #1603, .T. ) ;
#1821 = VERTEX_POINT ( 'NONE', #220 ) ;
#1822 = DIRECTION ( 'NONE',  ( 0.000000000000000000, 1.000000000000000000, 0.000000000000000000 ) ) ;
#1823 = VECTOR ( 'NONE', #2022, 1000.000000000000000 ) ;
#1824 = PLANE ( 'NONE',  #2727 ) ;
#1825 = VERTEX_POINT ( 'NONE', #855 ) ;
#1826 = CARTESIAN_POINT ( 'NONE',  ( 0.5000000000000000000, 0.000000000000000000, 0.5009999999999998899 ) ) ;
#1827 = ORIENTED_EDGE ( 'NONE', *, *, #1067, .T. ) ;
#1828 = DIRECTION ( 'NONE',  ( 3.614007241618347785E-16, 0.000000000000000000, 1.000000000000000000 ) ) ;
#1829 = EDGE_CURVE ( 'NONE', #2211, #2421, #1520, .T. ) ;
#1830 = ORIENTED_EDGE ( 'NONE', *, *, #2631, .T. ) ;
#1831 = CARTESIAN_POINT ( 'NONE',  ( 1.355252715606881775E-17, -0.02000000000000000042, -0.1000000000000001027 ) ) ;
#1832 = LINE ( 'NONE', #1407, #1994 ) ;
#1833 = EDGE_CURVE ( 'NONE', #2404, #2223, #7, .T. ) ;
#1834 = VECTOR ( 'NONE', #1583, 1000.000000000000000 ) ;
#1835 = EDGE_CURVE ( 'NONE', #2531, #2417, #1984, .T. ) ;
#1836 = CARTESIAN_POINT ( 'NONE',  ( 0.09999999999999993616, 0.1069999999999999979, -0.8009999999999999343 ) ) ;
#1837 = PLANE ( 'NONE',  #728 ) ;
#1838 = LINE ( 'NONE', #1000, #683 ) ;
#1839 = ORIENTED_EDGE ( 'NONE', *, *, #1652, .F. ) ;
#1840 = EDGE_CURVE ( 'NONE', #2585, #2531, #469, .T. ) ;
#1841 = STYLED_ITEM ( 'NONE', ( #1591 ), #527 ) ;
#1842 = ORIENTED_EDGE ( 'NONE', *, *, #2760, .T. ) ;
#1843 = DIRECTION ( 'NONE',  ( 0.000000000000000000, 1.000000000000000000, 0.000000000000000000 ) ) ;
#1844 = PRODUCT_RELATED_PRODUCT_CATEGORY ( 'part', '', ( #1452 ) ) ;
#1845 = ORIENTED_EDGE ( 'NONE', *, *, #2363, .F. ) ;
#1846 = DIRECTION ( 'NONE',  ( 0.000000000000000000, -1.000000000000000000, 0.000000000000000000 ) ) ;
#1847 = VERTEX_POINT ( 'NONE', #415 ) ;
#1848 = DIRECTION ( 'NONE',  ( -0.000000000000000000, -1.000000000000000000, -0.000000000000000000 ) ) ;
#1849 = EDGE_LOOP ( 'NONE', ( #1556, #1475, #297, #566 ) ) ;
#1850 = ADVANCED_FACE ( 'NONE', ( #1287 ), #897, .F. ) ;
#1851 = LINE ( 'NONE', #1882, #2546 ) ;
#1852 = CARTESIAN_POINT ( 'NONE',  ( 0.8000000000000002665, 0.3299999999999999600, 0.7999999999999999334 ) ) ;
#1853 = LINE ( 'NONE', #373, #309 ) ;
#1854 = DIRECTION ( 'NONE',  ( 0.000000000000000000, 1.000000000000000000, 0.000000000000000000 ) ) ;
#1855 = DIRECTION ( 'NONE',  ( 0.000000000000000000, -1.000000000000000000, 0.000000000000000000 ) ) ;
#1856 = VECTOR ( 'NONE', #2765, 1000.000000000000000 ) ;
#1857 = ORIENTED_EDGE ( 'NONE', *, *, #1362, .F. ) ;
#1858 = EDGE_CURVE ( 'NONE', #248, #230, #2808, .T. ) ;
#1859 = ORIENTED_EDGE ( 'NONE', *, *, #2696, .F. ) ;
#1860 = FACE_OUTER_BOUND ( 'NONE', #1313, .T. ) ;
#1861 = ORIENTED_EDGE ( 'NONE', *, *, #1438, .F. ) ;
#1862 = ADVANCED_FACE ( 'NONE', ( #646 ), #2391, .T. ) ;
#1863 = CARTESIAN_POINT ( 'NONE',  ( 0.09999999999999993616, 0.1069999999999999979, 0.8009999999999999343 ) ) ;
#1864 = ORIENTED_EDGE ( 'NONE', *, *, #461, .T. ) ;
#1865 = VECTOR ( 'NONE', #707, 1000.000000000000000 ) ;
#1866 = LINE ( 'NONE', #574, #1770 ) ;
#1867 = VECTOR ( 'NONE', #1157, 1000.000000000000000 ) ;
#1868 = VECTOR ( 'NONE', #120, 1000.000000000000000 ) ;
#1869 = ORIENTED_EDGE ( 'NONE', *, *, #2195, .T. ) ;
#1870 = CARTESIAN_POINT ( 'NONE',  ( 0.09999999999999993616, 0.1069999999999999979, -0.8009999999999999343 ) ) ;
#1871 = LINE ( 'NONE', #606, #1117 ) ;
#1872 = CARTESIAN_POINT ( 'NONE',  ( -0.7000000000000000666, -0.000000000000000000, 0.000000000000000000 ) ) ;
#1873 = CARTESIAN_POINT ( 'NONE',  ( 0.3000000000000001554, 0.000000000000000000, 0.5009999999999998899 ) ) ;
#1874 = EDGE_CURVE ( 'NONE', #737, #1429, #2069, .T. ) ;
#1875 = ORIENTED_EDGE ( 'NONE', *, *, #968, .T. ) ;
#1876 = CARTESIAN_POINT ( 'NONE',  ( 0.8000000000000002665, 0.000000000000000000, 0.7999999999999999334 ) ) ;
#1877 = ORIENTED_EDGE ( 'NONE', *, *, #1243, .F. ) ;
#1878 = LINE ( 'NONE', #2489, #442 ) ;
#1879 = VERTEX_POINT ( 'NONE', #2033 ) ;
#1880 = CARTESIAN_POINT ( 'NONE',  ( -0.7000000000000000666, 0.1069999999999999979, 0.8009999999999999343 ) ) ;
#1881 = ORIENTED_EDGE ( 'NONE', *, *, #1423, .T. ) ;
#1882 = CARTESIAN_POINT ( 'NONE',  ( 0.3000000000000003220, 0.000000000000000000, -1.084202172485505420E-16 ) ) ;
#1883 = PLANE ( 'NONE',  #1032 ) ;
#1884 = CARTESIAN_POINT ( 'NONE',  ( -0.7999999999999998224, 0.3299999999999999600, -0.1000000000000000472 ) ) ;
#1885 = DIRECTION ( 'NONE',  ( 0.000000000000000000, -0.000000000000000000, -1.000000000000000000 ) ) ;
#1886 = LINE ( 'NONE', #2318, #2119 ) ;
#1887 = LINE ( 'NONE', #747, #177 ) ;
#1888 = VERTEX_POINT ( 'NONE', #1616 ) ;
#1889 = VECTOR ( 'NONE', #2431, 1000.000000000000000 ) ;
#1890 = SURFACE_STYLE_USAGE ( .BOTH. , #2787 ) ;
#1891 = VERTEX_POINT ( 'NONE', #307 ) ;
#1892 = FACE_BOUND ( 'NONE', #785, .T. ) ;
#1893 = ORIENTED_EDGE ( 'NONE', *, *, #834, .F. ) ;
#1894 = EDGE_CURVE ( 'NONE', #2812, #2737, #105, .T. ) ;
#1895 = DIRECTION ( 'NONE',  ( 0.000000000000000000, 1.000000000000000000, -0.000000000000000000 ) ) ;
#1896 = EDGE_CURVE ( 'NONE', #151, #1811, #1180, .T. ) ;
#1897 = DIRECTION ( 'NONE',  ( 1.000000000000000000, 0.000000000000000000, 0.000000000000000000 ) ) ;
#1898 = DIRECTION ( 'NONE',  ( 0.000000000000000000, -1.000000000000000000, 0.000000000000000000 ) ) ;
#1899 = DIRECTION ( 'NONE',  ( 0.000000000000000000, 0.000000000000000000, 1.000000000000000000 ) ) ;
#1900 = ORIENTED_EDGE ( 'NONE', *, *, #345, .F. ) ;
#1901 = AXIS2_PLACEMENT_3D ( 'NONE', #406, #1505, #1290 ) ;
#1902 = LINE ( 'NONE', #862, #810 ) ;
#1903 = VECTOR ( 'NONE', #624, 1000.000000000000000 ) ;
#1904 = EDGE_LOOP ( 'NONE', ( #16, #1650, #825, #1845, #889, #468 ) ) ;
#1905 = CARTESIAN_POINT ( 'NONE',  ( 0.000000000000000000, 0.3299999999999999600, 0.000000000000000000 ) ) ;
#1906 = ORIENTED_EDGE ( 'NONE', *, *, #1479, .T. ) ;
#1907 = CARTESIAN_POINT ( 'NONE',  ( 0.3009999999999998233, 0.000000000000000000, 0.2999999999999999889 ) ) ;
#1908 = LINE ( 'NONE', #643, #2088 ) ;
#1909 = VECTOR ( 'NONE', #735, 1000.000000000000000 ) ;
#1910 = VECTOR ( 'NONE', #2820, 1000.000000000000000 ) ;
#1911 = DIRECTION ( 'NONE',  ( 0.000000000000000000, -1.000000000000000000, 0.000000000000000000 ) ) ;
#1912 = DIRECTION ( 'NONE',  ( 1.000000000000000000, 0.000000000000000000, 0.000000000000000000 ) ) ;
#1913 = AXIS2_PLACEMENT_3D ( 'NONE', #970, #295, #2580 ) ;
#1914 = CARTESIAN_POINT ( 'NONE',  ( 0.7000000000000000666, -0.02000000000000000042, -0.8009999999999999343 ) ) ;
#1915 = CARTESIAN_POINT ( 'NONE',  ( 0.000000000000000000, -0.02000000000000000042, 0.000000000000000000 ) ) ;
#1916 = ORIENTED_EDGE ( 'NONE', *, *, #247, .F. ) ;
#1917 = FACE_OUTER_BOUND ( 'NONE', #581, .T. ) ;
#1918 = ORIENTED_EDGE ( 'NONE', *, *, #1245, .T. ) ;
#1919 = PLANE ( 'NONE',  #494 ) ;
#1920 = DIRECTION ( 'NONE',  ( 1.000000000000000000, 0.000000000000000000, -3.614007241618347785E-16 ) ) ;
#1921 = EDGE_CURVE ( 'NONE', #943, #389, #1780, .T. ) ;
#1922 = PLANE ( 'NONE',  #2675 ) ;
#1923 = CARTESIAN_POINT ( 'NONE',  ( 0.3009999999999998233, 0.000000000000000000, 0.000000000000000000 ) ) ;
#1924 = DIRECTION ( 'NONE',  ( 3.614007241618347785E-16, 0.000000000000000000, 1.000000000000000000 ) ) ;
#1925 = AXIS2_PLACEMENT_3D ( 'NONE', #2532, #1630, #2700 ) ;
#1926 = EDGE_CURVE ( 'NONE', #552, #1304, #77, .T. ) ;
#1927 =( NAMED_UNIT ( * ) SI_UNIT ( $, .STERADIAN. ) SOLID_ANGLE_UNIT ( ) );
#1928 = ORIENTED_EDGE ( 'NONE', *, *, #1478, .F. ) ;
#1929 = EDGE_CURVE ( 'NONE', #1847, #2572, #2495, .T. ) ;
#1930 = LINE ( 'NONE', #174, #1360 ) ;
#1931 = ORIENTED_EDGE ( 'NONE', *, *, #1513, .T. ) ;
#1932 = FILL_AREA_STYLE ('',( #2792 ) ) ;
#1933 = LINE ( 'NONE', #215, #1532 ) ;
#1934 = FACE_OUTER_BOUND ( 'NONE', #836, .T. ) ;
#1935 = DIRECTION ( 'NONE',  ( 0.000000000000000000, 0.000000000000000000, 1.000000000000000000 ) ) ;
#1936 = LINE ( 'NONE', #2628, #1364 ) ;
#1937 = ORIENTED_EDGE ( 'NONE', *, *, #2630, .F. ) ;
#1938 = EDGE_CURVE ( 'NONE', #1995, #2737, #481, .T. ) ;
#1939 = CARTESIAN_POINT ( 'NONE',  ( 0.000000000000000000, 0.1069999999999999979, 0.000000000000000000 ) ) ;
#1940 = ORIENTED_EDGE ( 'NONE', *, *, #2171, .T. ) ;
#1941 = CARTESIAN_POINT ( 'NONE',  ( 0.000000000000000000, -0.02000000000000000042, 0.000000000000000000 ) ) ;
#1942 = EDGE_CURVE ( 'NONE', #486, #2716, #2288, .T. ) ;
#1943 = VERTEX_POINT ( 'NONE', #2671 ) ;
#1944 = FACE_OUTER_BOUND ( 'NONE', #849, .T. ) ;
#1945 = ADVANCED_FACE ( 'NONE', ( #1572 ), #2224, .F. ) ;
#1946 = EDGE_CURVE ( 'NONE', #2249, #734, #1803, .T. ) ;
#1947 = CARTESIAN_POINT ( 'NONE',  ( 0.5000000000000000000, 0.1069999999999999979, -0.8009999999999999343 ) ) ;
#1948 = CARTESIAN_POINT ( 'NONE',  ( 0.000000000000000000, -0.02000000000000000042, 0.000000000000000000 ) ) ;
#1949 = VECTOR ( 'NONE', #542, 1000.000000000000000 ) ;
#1950 = VECTOR ( 'NONE', #939, 1000.000000000000000 ) ;
#1951 = COLOUR_RGB ( '',0.2509803921568627416, 0.2509803921568627416, 0.2509803921568627416 ) ;
#1952 = AXIS2_PLACEMENT_3D ( 'NONE', #2257, #1484, #1269 ) ;
#1953 = LINE ( 'NONE', #619, #1316 ) ;
#1954 = ORIENTED_EDGE ( 'NONE', *, *, #2662, .F. ) ;
#1955 = EDGE_CURVE ( 'NONE', #1034, #1339, #2020, .T. ) ;
#1956 = ORIENTED_EDGE ( 'NONE', *, *, #34, .F. ) ;
#1957 = VECTOR ( 'NONE', #2806, 1000.000000000000000 ) ;
#1958 = EDGE_CURVE ( 'NONE', #10, #2076, #91, .T. ) ;
#1959 = DIRECTION ( 'NONE',  ( 0.000000000000000000, 1.000000000000000000, 0.000000000000000000 ) ) ;
#1960 = EDGE_CURVE ( 'NONE', #1626, #2003, #292, .T. ) ;
#1961 = FACE_OUTER_BOUND ( 'NONE', #476, .T. ) ;
#1962 = VERTEX_POINT ( 'NONE', #1817 ) ;
#1963 = CARTESIAN_POINT ( 'NONE',  ( 0.5000000000000000000, -0.02000000000000000042, 0.8009999999999999343 ) ) ;
#1964 = ORIENTED_EDGE ( 'NONE', *, *, #972, .T. ) ;
#1965 = LINE ( 'NONE', #2804, #2629 ) ;
#1966 = CARTESIAN_POINT ( 'NONE',  ( 0.5000000000000000000, 0.1069999999999999979, -0.8009999999999999343 ) ) ;
#1967 = ADVANCED_FACE ( 'NONE', ( #966 ), #52, .F. ) ;
#1968 = LINE ( 'NONE', #203, #1910 ) ;
#1969 = AXIS2_PLACEMENT_3D ( 'NONE', #1948, #22, #1737 ) ;
#1970 = CARTESIAN_POINT ( 'NONE',  ( 0.09999999999999993616, 0.3299999999999999600, -0.8000000000000001554 ) ) ;
#1971 = CARTESIAN_POINT ( 'NONE',  ( 0.8000000000000002665, 0.000000000000000000, -0.1000000000000000472 ) ) ;
#1972 = VERTEX_POINT ( 'NONE', #1419 ) ;
#1973 = EDGE_LOOP ( 'NONE', ( #916, #142, #965, #121 ) ) ;
#1974 = DIRECTION ( 'NONE',  ( -1.000000000000000000, 0.000000000000000000, -1.355252715606880543E-16 ) ) ;
#1975 = CARTESIAN_POINT ( 'NONE',  ( -0.09999999999999999167, 0.1069999999999999979, 0.8009999999999999343 ) ) ;
#1976 = ORIENTED_EDGE ( 'NONE', *, *, #1457, .T. ) ;
#1977 = CARTESIAN_POINT ( 'NONE',  ( 0.5000000000000000000, -0.02000000000000000042, 0.5009999999999998899 ) ) ;
#1978 = VERTEX_POINT ( 'NONE', #1907 ) ;
#1979 =( NAMED_UNIT ( * ) PLANE_ANGLE_UNIT ( ) SI_UNIT ( $, .RADIAN. ) );
#1980 = VECTOR ( 'NONE', #1169, 1000.000000000000000 ) ;
#1981 = EDGE_CURVE ( 'NONE', #2534, #943, #2125, .T. ) ;
#1982 = AXIS2_PLACEMENT_3D ( 'NONE', #251, #742, #1366 ) ;
#1983 = ORIENTED_EDGE ( 'NONE', *, *, #2351, .T. ) ;
#1984 = LINE ( 'NONE', #2597, #141 ) ;
#1985 = EDGE_CURVE ( 'NONE', #698, #501, #2567, .T. ) ;
#1986 = EDGE_CURVE ( 'NONE', #1680, #569, #157, .T. ) ;
#1987 = CARTESIAN_POINT ( 'NONE',  ( 0.7000000000000001776, 0.000000000000000000, -0.5009999999999998899 ) ) ;
#1988 = ORIENTED_EDGE ( 'NONE', *, *, #1332, .T. ) ;
#1989 = LINE ( 'NONE', #1141, #1223 ) ;
#1990 = VECTOR ( 'NONE', #2536, 1000.000000000000000 ) ;
#1991 = PLANE ( 'NONE',  #337 ) ;
#1992 = ORIENTED_EDGE ( 'NONE', *, *, #671, .T. ) ;
#1993 = CARTESIAN_POINT ( 'NONE',  ( -3.252606517456512686E-17, 0.000000000000000000, 0.2999999999999999334 ) ) ;
#1994 = VECTOR ( 'NONE', #1617, 1000.000000000000000 ) ;
#1995 = VERTEX_POINT ( 'NONE', #144 ) ;
#1996 = CARTESIAN_POINT ( 'NONE',  ( -0.5999999999999998668, 0.3199999999999998956, -0.7000000000000002887 ) ) ;
#1997 = FACE_OUTER_BOUND ( 'NONE', #2371, .T. ) ;
#1998 = AXIS2_PLACEMENT_3D ( 'NONE', #1450, #826, #1206 ) ;
#1999 = VECTOR ( 'NONE', #1413, 1000.000000000000000 ) ;
#2000 = CARTESIAN_POINT ( 'NONE',  ( -0.7000000000000000666, -0.02000000000000000042, -0.5009999999999998899 ) ) ;
#2001 = ORIENTED_EDGE ( 'NONE', *, *, #2259, .F. ) ;
#2002 = LINE ( 'NONE', #517, #361 ) ;
#2003 = VERTEX_POINT ( 'NONE', #2551 ) ;
#2004 = VECTOR ( 'NONE', #2659, 1000.000000000000000 ) ;
#2005 = LINE ( 'NONE', #893, #471 ) ;
#2006 = VERTEX_POINT ( 'NONE', #2113 ) ;
#2007 = DIRECTION ( 'NONE',  ( -1.084202172485504434E-16, 0.000000000000000000, 1.000000000000000000 ) ) ;
#2008 = ORIENTED_EDGE ( 'NONE', *, *, #209, .F. ) ;
#2009 = DIRECTION ( 'NONE',  ( 3.614007241618347785E-16, 0.000000000000000000, 1.000000000000000000 ) ) ;
#2010 = PLANE ( 'NONE',  #483 ) ;
#2011 = CARTESIAN_POINT ( 'NONE',  ( 0.5000000000000001110, 0.3299999999999999600, -0.8000000000000001554 ) ) ;
#2012 = ORIENTED_EDGE ( 'NONE', *, *, #828, .F. ) ;
#2013 = VERTEX_POINT ( 'NONE', #1009 ) ;
#2014 = CARTESIAN_POINT ( 'NONE',  ( -0.7999999999999998224, 0.3299999999999999600, 0.1000000000000000472 ) ) ;
#2015 = EDGE_CURVE ( 'NONE', #299, #2446, #1851, .T. ) ;
#2016 = CARTESIAN_POINT ( 'NONE',  ( -0.7000000000000000666, 0.3299999999999999600, 0.7999999999999999334 ) ) ;
#2017 = ORIENTED_EDGE ( 'NONE', *, *, #2287, .T. ) ;
#2018 = CARTESIAN_POINT ( 'NONE',  ( 0.000000000000000000, -0.02000000000000000042, 0.000000000000000000 ) ) ;
#2019 = ORIENTED_EDGE ( 'NONE', *, *, #1247, .T. ) ;
#2020 = LINE ( 'NONE', #2641, #404 ) ;
#2021 = CARTESIAN_POINT ( 'NONE',  ( 0.000000000000000000, 0.1069999999999999979, 0.000000000000000000 ) ) ;
#2022 = DIRECTION ( 'NONE',  ( 0.000000000000000000, -1.000000000000000000, 0.000000000000000000 ) ) ;
#2023 = DIRECTION ( 'NONE',  ( -1.000000000000000000, 0.000000000000000000, -0.000000000000000000 ) ) ;
#2024 = DIRECTION ( 'NONE',  ( 1.000000000000000000, 0.000000000000000000, 0.000000000000000000 ) ) ;
#2025 = CARTESIAN_POINT ( 'NONE',  ( -0.7999999999999998224, 0.000000000000000000, -0.8000000000000001554 ) ) ;
#2026 = EDGE_LOOP ( 'NONE', ( #680, #1179, #1363, #1609, #2286, #2231 ) ) ;
#2027 = DIRECTION ( 'NONE',  ( -1.000000000000000000, 0.000000000000000000, -0.000000000000000000 ) ) ;
#2028 = ORIENTED_EDGE ( 'NONE', *, *, #1829, .T. ) ;
#2029 = LINE ( 'NONE', #72, #1585 ) ;
#2030 = EDGE_CURVE ( 'NONE', #567, #2575, #615, .T. ) ;
#2031 = EDGE_LOOP ( 'NONE', ( #37, #1190, #2265, #95, #2625, #384 ) ) ;
#2032 = ADVANCED_FACE ( 'NONE', ( #1483 ), #788, .T. ) ;
#2033 = CARTESIAN_POINT ( 'NONE',  ( 0.8000000000000002665, 0.1069999999999999979, 0.1000000000000000472 ) ) ;
#2034 =( GEOMETRIC_REPRESENTATION_CONTEXT ( 3 ) GLOBAL_UNCERTAINTY_ASSIGNED_CONTEXT ( ( #395 ) ) GLOBAL_UNIT_ASSIGNED_CONTEXT ( ( #2121, #2811, #1927 ) ) REPRESENTATION_CONTEXT ( 'NONE', 'WORKASPACE' ) );
#2035 = ADVANCED_FACE ( 'NONE', ( #1638 ), #1220, .F. ) ;
#2036 = VECTOR ( 'NONE', #813, 1000.000000000000000 ) ;
#2037 = CARTESIAN_POINT ( 'NONE',  ( -0.7000000000000000666, -0.000000000000000000, 0.5009999999999998899 ) ) ;
#2038 = CARTESIAN_POINT ( 'NONE',  ( -0.3000000000000000444, 0.3299999999999999600, 0.7999999999999999334 ) ) ;
#2039 = CARTESIAN_POINT ( 'NONE',  ( 0.7000000000000001776, -0.02000000000000000042, 0.5009999999999998899 ) ) ;
#2040 = ORIENTED_EDGE ( 'NONE', *, *, #143, .T. ) ;
#2041 = ORIENTED_EDGE ( 'NONE', *, *, #558, .F. ) ;
#2042 = DIRECTION ( 'NONE',  ( 0.000000000000000000, 1.000000000000000000, 0.000000000000000000 ) ) ;
#2043 = ADVANCED_FACE ( 'NONE', ( #1022 ), #605, .F. ) ;
#2044 = COLOUR_RGB ( '',0.2509803921568627416, 0.2509803921568627416, 0.2509803921568627416 ) ;
#2045 = VECTOR ( 'NONE', #656, 1000.000000000000000 ) ;
#2046 = VERTEX_POINT ( 'NONE', #1090 ) ;
#2047 = CARTESIAN_POINT ( 'NONE',  ( -0.7000000000000000666, 0.1069999999999999979, 0.8009999999999999343 ) ) ;
#2048 = ORIENTED_EDGE ( 'NONE', *, *, #2373, .F. ) ;
#2049 = EDGE_CURVE ( 'NONE', #230, #1449, #1965, .T. ) ;
#2050 = ADVANCED_FACE ( 'NONE', ( #189 ), #1919, .F. ) ;
#2051 = EDGE_CURVE ( 'NONE', #1825, #2634, #1762, .T. ) ;
#2052 = DIRECTION ( 'NONE',  ( -1.000000000000000000, 0.000000000000000000, 0.000000000000000000 ) ) ;
#2053 = AXIS2_PLACEMENT_3D ( 'NONE', #843, #1078, #1899 ) ;
#2054 = ORIENTED_EDGE ( 'NONE', *, *, #2373, .T. ) ;
#2055 = DIRECTION ( 'NONE',  ( 1.000000000000000000, 0.000000000000000000, 0.000000000000000000 ) ) ;
#2056 = VECTOR ( 'NONE', #499, 1000.000000000000000 ) ;
#2057 = PLANE ( 'NONE',  #119 ) ;
#2058 = ADVANCED_FACE ( 'NONE', ( #880 ), #2592, .F. ) ;
#2059 = DIRECTION ( 'NONE',  ( 1.000000000000000000, 0.000000000000000000, 0.000000000000000000 ) ) ;
#2060 = EDGE_LOOP ( 'NONE', ( #1599, #2435, #462, #1323 ) ) ;
#2061 = CARTESIAN_POINT ( 'NONE',  ( 0.3000000000000000444, -0.02000000000000000042, -0.8009999999999999343 ) ) ;
#2062 = LINE ( 'NONE', #2334, #780 ) ;
#2063 = ORIENTED_EDGE ( 'NONE', *, *, #2455, .F. ) ;
#2064 = EDGE_CURVE ( 'NONE', #1250, #2190, #234, .T. ) ;
#2065 = CARTESIAN_POINT ( 'NONE',  ( 0.000000000000000000, -0.02000000000000000042, 0.000000000000000000 ) ) ;
#2066 = VERTEX_POINT ( 'NONE', #666 ) ;
#2067 = CARTESIAN_POINT ( 'NONE',  ( -0.7999999999999998224, 0.1069999999999999979, -0.8000000000000001554 ) ) ;
#2068 = VERTEX_POINT ( 'NONE', #895 ) ;
#2069 = LINE ( 'NONE', #756, #592 ) ;
#2070 = DIRECTION ( 'NONE',  ( -3.614007241618347785E-16, 0.000000000000000000, 1.000000000000000000 ) ) ;
#2071 = VECTOR ( 'NONE', #928, 1000.000000000000000 ) ;
#2072 = ADVANCED_FACE ( 'NONE', ( #1944 ), #1546, .T. ) ;
#2073 = CARTESIAN_POINT ( 'NONE',  ( -0.7000000000000000666, 0.1069999999999999979, 0.8009999999999999343 ) ) ;
#2074 = CARTESIAN_POINT ( 'NONE',  ( 0.8000000000000002665, 0.1069999999999999979, -0.3000000000000001554 ) ) ;
#2075 = EDGE_CURVE ( 'NONE', #520, #2590, #2183, .T. ) ;
#2076 = VERTEX_POINT ( 'NONE', #1344 ) ;
#2077 = FACE_OUTER_BOUND ( 'NONE', #1331, .T. ) ;
#2078 =( NAMED_UNIT ( * ) PLANE_ANGLE_UNIT ( ) SI_UNIT ( $, .RADIAN. ) );
#2079 = ORIENTED_EDGE ( 'NONE', *, *, #1139, .F. ) ;
#2080 = CARTESIAN_POINT ( 'NONE',  ( -0.3000000000000000999, 0.1069999999999999979, 0.5009999999999998899 ) ) ;
#2081 = VERTEX_POINT ( 'NONE', #259 ) ;
#2082 = DIRECTION ( 'NONE',  ( 0.000000000000000000, 0.000000000000000000, -1.000000000000000000 ) ) ;
#2083 = ORIENTED_EDGE ( 'NONE', *, *, #766, .T. ) ;
#2084 = PLANE ( 'NONE',  #1804 ) ;
#2085 = CARTESIAN_POINT ( 'NONE',  ( 0.09999999999999993616, -0.02000000000000000042, 0.8009999999999999343 ) ) ;
#2086 = CARTESIAN_POINT ( 'NONE',  ( 0.8009999999999998233, -0.02000000000000000042, 0.3000000000000000444 ) ) ;
#2087 = CARTESIAN_POINT ( 'NONE',  ( -0.3000000000000000999, -0.02000000000000000042, 0.8009999999999999343 ) ) ;
#2088 = VECTOR ( 'NONE', #2358, 1000.000000000000000 ) ;
#2089 = ORIENTED_EDGE ( 'NONE', *, *, #2260, .F. ) ;
#2090 = EDGE_LOOP ( 'NONE', ( #1940, #1140 ) ) ;
#2091 = CARTESIAN_POINT ( 'NONE',  ( 0.7000000000000001776, 0.1069999999999999979, -0.5009999999999998899 ) ) ;
#2092 = ORIENTED_EDGE ( 'NONE', *, *, #2463, .T. ) ;
#2093 = DIRECTION ( 'NONE',  ( 1.000000000000000000, 0.000000000000000000, 0.000000000000000000 ) ) ;
#2094 = ORIENTED_EDGE ( 'NONE', *, *, #1749, .T. ) ;
#2095 = VECTOR ( 'NONE', #642, 1000.000000000000000 ) ;
#2096 = MECHANICAL_DESIGN_GEOMETRIC_PRESENTATION_REPRESENTATION (  '', ( #2548 ), #594 ) ;
#2097 = VECTOR ( 'NONE', #1828, 1000.000000000000000 ) ;
#2098 = ORIENTED_EDGE ( 'NONE', *, *, #1176, .F. ) ;
#2099 = CARTESIAN_POINT ( 'NONE',  ( -0.8009999999999998233, -0.02000000000000000042, -0.3000000000000000444 ) ) ;
#2100 = CARTESIAN_POINT ( 'NONE',  ( -0.7999999999999998224, 0.000000000000000000, 0.3000000000000000444 ) ) ;
#2101 = CARTESIAN_POINT ( 'NONE',  ( -0.8009999999999998233, 0.1069999999999999979, -0.3000000000000000444 ) ) ;
#2102 = AXIS2_PLACEMENT_3D ( 'NONE', #1026, #2316, #1456 ) ;
#2103 = CARTESIAN_POINT ( 'NONE',  ( 0.7000000000000001776, 0.3299999999999999600, -0.8000000000000001554 ) ) ;
#2104 = DIRECTION ( 'NONE',  ( -1.000000000000000000, 0.000000000000000000, 1.084202172485504434E-16 ) ) ;
#2105 = DIRECTION ( 'NONE',  ( 0.000000000000000000, 0.000000000000000000, -1.000000000000000000 ) ) ;
#2106 = EDGE_LOOP ( 'NONE', ( #1518, #2560, #480, #2079 ) ) ;
#2107 = CARTESIAN_POINT ( 'NONE',  ( -0.3000000000000000999, 0.1069999999999999979, 0.8009999999999999343 ) ) ;
#2108 = VECTOR ( 'NONE', #147, 1000.000000000000000 ) ;
#2109 = ORIENTED_EDGE ( 'NONE', *, *, #1686, .T. ) ;
#2110 = ADVANCED_FACE ( 'NONE', ( #906 ), #1131, .T. ) ;
#2111 = FACE_OUTER_BOUND ( 'NONE', #554, .T. ) ;
#2112 = ORIENTED_EDGE ( 'NONE', *, *, #726, .T. ) ;
#2113 = CARTESIAN_POINT ( 'NONE',  ( 0.7000000000000001776, 0.000000000000000000, 0.5009999999999998899 ) ) ;
#2114 = CARTESIAN_POINT ( 'NONE',  ( -0.3000000000000000999, 0.1069999999999999979, 0.8009999999999999343 ) ) ;
#2115 = DIRECTION ( 'NONE',  ( 3.614007241618347785E-16, 0.000000000000000000, -1.000000000000000000 ) ) ;
#2116 = DIRECTION ( 'NONE',  ( 0.000000000000000000, -1.000000000000000000, 0.000000000000000000 ) ) ;
#2117 = DIRECTION ( 'NONE',  ( 0.000000000000000000, -1.000000000000000000, 0.000000000000000000 ) ) ;
#2118 = ORIENTED_EDGE ( 'NONE', *, *, #1021, .F. ) ;
#2119 = VECTOR ( 'NONE', #804, 1000.000000000000000 ) ;
#2120 = APPLICATION_CONTEXT ( 'automotive_design' ) ;
#2121 =( LENGTH_UNIT ( ) NAMED_UNIT ( * ) SI_UNIT ( .MILLI., .METRE. ) );
#2122 = ORIENTED_EDGE ( 'NONE', *, *, #209, .T. ) ;
#2123 =( NAMED_UNIT ( * ) SI_UNIT ( $, .STERADIAN. ) SOLID_ANGLE_UNIT ( ) );
#2124 = ORIENTED_EDGE ( 'NONE', *, *, #621, .T. ) ;
#2125 = LINE ( 'NONE', #2719, #2372 ) ;
#2126 = CARTESIAN_POINT ( 'NONE',  ( 0.000000000000000000, 0.000000000000000000, -0.5009999999999998899 ) ) ;
#2127 = FACE_OUTER_BOUND ( 'NONE', #2470, .T. ) ;
#2128 = LINE ( 'NONE', #1242, #1736 ) ;
#2129 = CARTESIAN_POINT ( 'NONE',  ( 0.8009999999999998233, -0.02000000000000000042, 0.3000000000000000444 ) ) ;
#2130 = VECTOR ( 'NONE', #386, 1000.000000000000000 ) ;
#2131 = DIRECTION ( 'NONE',  ( 1.000000000000000000, 0.000000000000000000, -2.710505431213760592E-16 ) ) ;
#2132 = ORIENTED_EDGE ( 'NONE', *, *, #2734, .T. ) ;
#2133 = EDGE_CURVE ( 'NONE', #2572, #2215, #2267, .T. ) ;
#2134 = DIRECTION ( 'NONE',  ( 0.000000000000000000, -1.000000000000000000, 0.000000000000000000 ) ) ;
#2135 = LINE ( 'NONE', #2790, #444 ) ;
#2136 = EDGE_LOOP ( 'NONE', ( #516, #1153, #450, #370 ) ) ;
#2137 = VECTOR ( 'NONE', #325, 1000.000000000000000 ) ;
#2138 = EDGE_CURVE ( 'NONE', #496, #2006, #917, .T. ) ;
#2139 = CARTESIAN_POINT ( 'NONE',  ( -0.7999999999999998224, 0.3299999999999999600, 0.7999999999999999334 ) ) ;
#2140 = DIRECTION ( 'NONE',  ( -1.000000000000000000, 0.000000000000000000, 0.000000000000000000 ) ) ;
#2141 = PLANE ( 'NONE',  #1913 ) ;
#2142 = VECTOR ( 'NONE', #1417, 1000.000000000000000 ) ;
#2143 = DIRECTION ( 'NONE',  ( 0.000000000000000000, 0.000000000000000000, -1.000000000000000000 ) ) ;
#2144 = PLANE ( 'NONE',  #1469 ) ;
#2145 = ADVANCED_FACE ( 'NONE', ( #946 ), #1112, .T. ) ;
#2146 = AXIS2_PLACEMENT_3D ( 'NONE', #2202, #2023, #457 ) ;
#2147 = DIRECTION ( 'NONE',  ( 0.000000000000000000, 0.000000000000000000, 1.000000000000000000 ) ) ;
#2148 = ORIENTED_EDGE ( 'NONE', *, *, #1455, .F. ) ;
#2149 = DIRECTION ( 'NONE',  ( 0.000000000000000000, -0.000000000000000000, 1.000000000000000000 ) ) ;
#2150 = EDGE_LOOP ( 'NONE', ( #3, #1096, #1467, #1379, #911, #2682 ) ) ;
#2151 = LINE ( 'NONE', #2802, #1170 ) ;
#2152 = ORIENTED_EDGE ( 'NONE', *, *, #840, .F. ) ;
#2153 = DIRECTION ( 'NONE',  ( 1.000000000000000000, 0.000000000000000000, 0.000000000000000000 ) ) ;
#2154 = LINE ( 'NONE', #1064, #1091 ) ;
#2155 = CARTESIAN_POINT ( 'NONE',  ( 0.8009999999999998233, -0.02000000000000000042, -0.3000000000000000444 ) ) ;
#2156 = DIRECTION ( 'NONE',  ( 0.000000000000000000, 0.000000000000000000, -1.000000000000000000 ) ) ;
#2157 = EDGE_CURVE ( 'NONE', #1626, #1978, #1787, .T. ) ;
#2158 = EDGE_CURVE ( 'NONE', #874, #419, #2250, .T. ) ;
#2159 = DIRECTION ( 'NONE',  ( -1.000000000000000000, 0.000000000000000000, 2.710505431213760592E-16 ) ) ;
#2160 = VERTEX_POINT ( 'NONE', #522 ) ;
#2161 = FACE_OUTER_BOUND ( 'NONE', #2326, .T. ) ;
#2162 = ORIENTED_EDGE ( 'NONE', *, *, #1942, .T. ) ;
#2163 = FACE_OUTER_BOUND ( 'NONE', #1552, .T. ) ;
#2164 = CARTESIAN_POINT ( 'NONE',  ( -0.5000000000000000000, 0.1069999999999999979, -0.8009999999999999343 ) ) ;
#2165 = ADVANCED_FACE ( 'NONE', ( #493 ), #716, .F. ) ;
#2166 = ORIENTED_EDGE ( 'NONE', *, *, #762, .T. ) ;
#2167 = DIRECTION ( 'NONE',  ( -1.000000000000000000, 0.000000000000000000, 1.084202172485504434E-16 ) ) ;
#2168 = DIRECTION ( 'NONE',  ( 1.000000000000000000, 0.000000000000000000, -2.710505431213761085E-16 ) ) ;
#2169 = LINE ( 'NONE', #1947, #261 ) ;
#2170 = CARTESIAN_POINT ( 'NONE',  ( 0.7000000000000000666, 0.1069999999999999979, -0.8009999999999999343 ) ) ;
#2171 = EDGE_CURVE ( 'NONE', #2619, #2404, #133, .T. ) ;
#2172 = UNCERTAINTY_MEASURE_WITH_UNIT (LENGTH_MEASURE( 1.000000000000000082E-05 ), #1074, 'distance_accuracy_value', 'NONE');
#2173 = EDGE_CURVE ( 'NONE', #520, #1891, #2029, .T. ) ;
#2174 = CARTESIAN_POINT ( 'NONE',  ( 0.7000000000000000666, 0.1069999999999999979, -0.8009999999999999343 ) ) ;
#2175 = ORIENTED_EDGE ( 'NONE', *, *, #2784, .T. ) ;
#2176 = LINE ( 'NONE', #2193, #1394 ) ;
#2177 = VECTOR ( 'NONE', #1612, 1000.000000000000000 ) ;
#2178 = SURFACE_STYLE_FILL_AREA ( #187 ) ;
#2179 = VECTOR ( 'NONE', #2194, 1000.000000000000000 ) ;
#2180 = CARTESIAN_POINT ( 'NONE',  ( -2.710505431213767248E-17, -0.000000000000000000, -0.1000000000000002137 ) ) ;
#2181 = ORIENTED_EDGE ( 'NONE', *, *, #250, .F. ) ;
#2182 = PRODUCT_DEFINITION ( 'UNKNOWN', '', #2722, #2364 ) ;
#2183 = LINE ( 'NONE', #2411, #2225 ) ;
#2184 = LINE ( 'NONE', #913, #2770 ) ;
#2185 = CARTESIAN_POINT ( 'NONE',  ( 0.000000000000000000, -0.02000000000000000042, 0.000000000000000000 ) ) ;
#2186 = VECTOR ( 'NONE', #2479, 1000.000000000000000 ) ;
#2187 = VECTOR ( 'NONE', #2398, 1000.000000000000000 ) ;
#2188 = VECTOR ( 'NONE', #2710, 1000.000000000000000 ) ;
#2189 = DIRECTION ( 'NONE',  ( 0.000000000000000000, -0.000000000000000000, 1.000000000000000000 ) ) ;
#2190 = VERTEX_POINT ( 'NONE', #2668 ) ;
#2191 = ORIENTED_EDGE ( 'NONE', *, *, #1147, .F. ) ;
#2192 = AXIS2_PLACEMENT_3D ( 'NONE', #266, #2658, #1792 ) ;
#2193 = CARTESIAN_POINT ( 'NONE',  ( -0.8009999999999998233, 0.1069999999999999979, 0.3000000000000000444 ) ) ;
#2194 = DIRECTION ( 'NONE',  ( 1.000000000000000000, 0.000000000000000000, 0.000000000000000000 ) ) ;
#2195 = EDGE_CURVE ( 'NONE', #2619, #990, #507, .T. ) ;
#2196 = FACE_OUTER_BOUND ( 'NONE', #2282, .T. ) ;
#2197 = ORIENTED_EDGE ( 'NONE', *, *, #762, .F. ) ;
#2198 = EDGE_CURVE ( 'NONE', #2046, #224, #704, .T. ) ;
#2199 = CARTESIAN_POINT ( 'NONE',  ( -0.5999999999999998668, 0.3199999999999998956, -0.6000000000000001998 ) ) ;
#2200 = STYLED_ITEM ( 'NONE', ( #1806 ), #1521 ) ;
#2201 = DIRECTION ( 'NONE',  ( 0.000000000000000000, -1.000000000000000000, 0.000000000000000000 ) ) ;
#2202 = CARTESIAN_POINT ( 'NONE',  ( -0.8009999999999998233, 0.1069999999999999979, 0.3000000000000000444 ) ) ;
#2203 = ORIENTED_EDGE ( 'NONE', *, *, #745, .T. ) ;
#2204 = VERTEX_POINT ( 'NONE', #1161 ) ;
#2205 = DIRECTION ( 'NONE',  ( -1.000000000000000000, -0.000000000000000000, -0.000000000000000000 ) ) ;
#2206 = VECTOR ( 'NONE', #2311, 1000.000000000000000 ) ;
#2207 = CARTESIAN_POINT ( 'NONE',  ( 0.5000000000000000000, 0.1069999999999999979, 0.5009999999999998899 ) ) ;
#2208 = ORIENTED_EDGE ( 'NONE', *, *, #1835, .F. ) ;
#2209 = CARTESIAN_POINT ( 'NONE',  ( 0.3009999999999997677, 0.000000000000000000, 8.158621347953418401E-17 ) ) ;
#2210 = VECTOR ( 'NONE', #599, 1000.000000000000000 ) ;
#2211 = VERTEX_POINT ( 'NONE', #2433 ) ;
#2212 = CARTESIAN_POINT ( 'NONE',  ( 0.3009999999999998233, 0.1069999999999999979, 0.2999999999999999889 ) ) ;
#2213 = CARTESIAN_POINT ( 'NONE',  ( -0.5000000000000000000, -0.02000000000000000042, 0.8009999999999999343 ) ) ;
#2214 = CARTESIAN_POINT ( 'NONE',  ( 0.7000000000000001776, -0.02000000000000000042, -0.5009999999999998899 ) ) ;
#2215 = VERTEX_POINT ( 'NONE', #1146 ) ;
#2216 = ORIENTED_EDGE ( 'NONE', *, *, #1136, .F. ) ;
#2217 = LINE ( 'NONE', #256, #1178 ) ;
#2218 = EDGE_LOOP ( 'NONE', ( #1030, #1976, #445, #288 ) ) ;
#2219 = LINE ( 'NONE', #2, #1253 ) ;
#2220 = ORIENTED_EDGE ( 'NONE', *, *, #1955, .T. ) ;
#2221 = CARTESIAN_POINT ( 'NONE',  ( 0.7000000000000003997, 0.000000000000000000, 2.529805069132844830E-16 ) ) ;
#2222 = AXIS2_PLACEMENT_3D ( 'NONE', #2604, #616, #2646 ) ;
#2223 = VERTEX_POINT ( 'NONE', #62 ) ;
#2224 = PLANE ( 'NONE',  #2815 ) ;
#2225 = VECTOR ( 'NONE', #2462, 1000.000000000000000 ) ;
#2226 = EDGE_CURVE ( 'NONE', #1637, #2076, #2702, .T. ) ;
#2227 = VECTOR ( 'NONE', #1911, 1000.000000000000000 ) ;
#2228 = FACE_OUTER_BOUND ( 'NONE', #1282, .T. ) ;
#2229 = LINE ( 'NONE', #936, #1408 ) ;
#2230 = AXIS2_PLACEMENT_3D ( 'NONE', #1667, #2082, #2547 ) ;
#2231 = ORIENTED_EDGE ( 'NONE', *, *, #2816, .T. ) ;
#2232 = FACE_OUTER_BOUND ( 'NONE', #636, .T. ) ;
#2233 = PRODUCT_CONTEXT ( 'NONE', #270, 'mechanical' ) ;
#2234 = ORIENTED_EDGE ( 'NONE', *, *, #1749, .F. ) ;
#2235 = DIRECTION ( 'NONE',  ( -1.000000000000000000, 0.000000000000000000, -0.000000000000000000 ) ) ;
#2236 = ORIENTED_EDGE ( 'NONE', *, *, #2251, .T. ) ;
#2237 = CARTESIAN_POINT ( 'NONE',  ( -0.5000000000000000000, -0.02000000000000000042, -0.8009999999999999343 ) ) ;
#2238 = VERTEX_POINT ( 'NONE', #1602 ) ;
#2239 = CARTESIAN_POINT ( 'NONE',  ( -0.09999999999999993616, 0.3299999999999999600, 0.7999999999999999334 ) ) ;
#2240 = DIRECTION ( 'NONE',  ( 0.000000000000000000, -1.000000000000000000, 0.000000000000000000 ) ) ;
#2241 = PLANE ( 'NONE',  #2192 ) ;
#2242 = DIRECTION ( 'NONE',  ( 0.000000000000000000, 0.000000000000000000, 1.000000000000000000 ) ) ;
#2243 = EDGE_CURVE ( 'NONE', #473, #567, #1800, .T. ) ;
#2244 = ORIENTED_EDGE ( 'NONE', *, *, #1686, .F. ) ;
#2245 = LINE ( 'NONE', #2025, #817 ) ;
#2246 = ORIENTED_EDGE ( 'NONE', *, *, #2195, .F. ) ;
#2247 = ADVANCED_FACE ( 'NONE', ( #1814 ), #1614, .F. ) ;
#2248 = CARTESIAN_POINT ( 'NONE',  ( -0.3009999999999998233, 0.1069999999999999979, -0.2000000000000001499 ) ) ;
#2249 = VERTEX_POINT ( 'NONE', #2493 ) ;
#2250 = LINE ( 'NONE', #2237, #2097 ) ;
#2251 = EDGE_CURVE ( 'NONE', #2190, #1110, #2639, .T. ) ;
#2252 = ORIENTED_EDGE ( 'NONE', *, *, #75, .F. ) ;
#2253 =( LENGTH_UNIT ( ) NAMED_UNIT ( * ) SI_UNIT ( .MILLI., .METRE. ) );
#2254 =( NAMED_UNIT ( * ) PLANE_ANGLE_UNIT ( ) SI_UNIT ( $, .RADIAN. ) );
#2255 = EDGE_CURVE ( 'NONE', #2501, #2081, #2717, .T. ) ;
#2256 = CARTESIAN_POINT ( 'NONE',  ( 0.09999999999999993616, 0.1069999999999999979, -0.5009999999999998899 ) ) ;
#2257 = CARTESIAN_POINT ( 'NONE',  ( 0.000000000000000000, 0.1069999999999999979, 0.000000000000000000 ) ) ;
#2258 = ORIENTED_EDGE ( 'NONE', *, *, #1946, .T. ) ;
#2259 = EDGE_CURVE ( 'NONE', #734, #1821, #2761, .T. ) ;
#2260 = EDGE_CURVE ( 'NONE', #1774, #473, #1448, .T. ) ;
#2261 = EDGE_LOOP ( 'NONE', ( #1346, #199, #2252, #2407, #769, #282 ) ) ;
#2262 = CARTESIAN_POINT ( 'NONE',  ( 0.8000000000000002665, 0.000000000000000000, -0.8000000000000001554 ) ) ;
#2263 = EDGE_LOOP ( 'NONE', ( #772, #1369, #2643, #1395, #1343, #1864 ) ) ;
#2264 = DIRECTION ( 'NONE',  ( 0.000000000000000000, -1.000000000000000000, 0.000000000000000000 ) ) ;
#2265 = ORIENTED_EDGE ( 'NONE', *, *, #1139, .T. ) ;
#2266 = ADVANCED_FACE ( 'NONE', ( #2111 ), #586, .T. ) ;
#2267 = LINE ( 'NONE', #2477, #311 ) ;
#2268 = EDGE_LOOP ( 'NONE', ( #1547, #58, #1900, #1694 ) ) ;
#2269 = DIRECTION ( 'NONE',  ( 0.000000000000000000, -1.000000000000000000, 0.000000000000000000 ) ) ;
#2270 = VECTOR ( 'NONE', #1759, 1000.000000000000000 ) ;
#2271 = FACE_OUTER_BOUND ( 'NONE', #675, .T. ) ;
#2272 = LINE ( 'NONE', #2038, #2056 ) ;
#2273 = LINE ( 'NONE', #313, #454 ) ;
#2274 = ORIENTED_EDGE ( 'NONE', *, *, #1633, .T. ) ;
#2275 = VECTOR ( 'NONE', #2753, 1000.000000000000000 ) ;
#2276 = LINE ( 'NONE', #2680, #1155 ) ;
#2277 = LINE ( 'NONE', #2530, #1356 ) ;
#2278 = SURFACE_STYLE_USAGE ( .BOTH. , #1647 ) ;
#2279 = PRESENTATION_LAYER_ASSIGNMENT (  '', '', ( #79 ) ) ;
#2280 = EDGE_LOOP ( 'NONE', ( #1252, #1988, #2427, #2638 ) ) ;
#2281 = DIRECTION ( 'NONE',  ( 0.000000000000000000, 0.000000000000000000, 1.000000000000000000 ) ) ;
#2282 = EDGE_LOOP ( 'NONE', ( #242, #984, #114, #2731 ) ) ;
#2283 = CARTESIAN_POINT ( 'NONE',  ( -0.7999999999999998224, 0.1069999999999999979, 0.7999999999999999334 ) ) ;
#2284 = EDGE_CURVE ( 'NONE', #1127, #923, #1866, .T. ) ;
#2285 = AXIS2_PLACEMENT_3D ( 'NONE', #1643, #1920, #2741 ) ;
#2286 = ORIENTED_EDGE ( 'NONE', *, *, #1461, .F. ) ;
#2287 = EDGE_CURVE ( 'NONE', #2076, #68, #601, .T. ) ;
#2288 = LINE ( 'NONE', #1589, #1865 ) ;
#2289 = DIRECTION ( 'NONE',  ( -1.000000000000000000, 0.000000000000000000, -3.614007241618347785E-16 ) ) ;
#2290 = LINE ( 'NONE', #1872, #1508 ) ;
#2291 = DIRECTION ( 'NONE',  ( 1.000000000000000000, 0.000000000000000000, -2.710505431213760592E-16 ) ) ;
#2292 = PLANE ( 'NONE',  #2736 ) ;
#2293 = ORIENTED_EDGE ( 'NONE', *, *, #2750, .F. ) ;
#2294 = DIRECTION ( 'NONE',  ( 0.000000000000000000, 0.000000000000000000, -1.000000000000000000 ) ) ;
#2295 = CARTESIAN_POINT ( 'NONE',  ( -0.09999999999999988065, 0.000000000000000000, -0.5009999999999998899 ) ) ;
#2296 = DIRECTION ( 'NONE',  ( 0.000000000000000000, 0.000000000000000000, 1.000000000000000000 ) ) ;
#2297 = ORIENTED_EDGE ( 'NONE', *, *, #2360, .F. ) ;
#2298 = LINE ( 'NONE', #319, #2206 ) ;
#2299 = ORIENTED_EDGE ( 'NONE', *, *, #107, .T. ) ;
#2300 = CARTESIAN_POINT ( 'NONE',  ( -0.5000000000000000000, 0.1069999999999999979, -0.8000000000000001554 ) ) ;
#2301 = ORIENTED_EDGE ( 'NONE', *, *, #8, .T. ) ;
#2302 = SURFACE_STYLE_USAGE ( .BOTH. , #396 ) ;
#2303 = LINE ( 'NONE', #1420, #2036 ) ;
#2304 = VECTOR ( 'NONE', #1100, 1000.000000000000000 ) ;
#2305 = DIRECTION ( 'NONE',  ( 0.000000000000000000, 1.000000000000000000, 0.000000000000000000 ) ) ;
#2306 = CARTESIAN_POINT ( 'NONE',  ( -0.3009999999999998233, -0.02000000000000000042, -0.2000000000000001499 ) ) ;
#2307 = CARTESIAN_POINT ( 'NONE',  ( -0.7999999999999998224, 0.000000000000000000, -0.8000000000000001554 ) ) ;
#2308 = LINE ( 'NONE', #937, #1980 ) ;
#2309 = DIRECTION ( 'NONE',  ( -1.000000000000000000, 0.000000000000000000, -3.614007241618347785E-16 ) ) ;
#2310 = VERTEX_POINT ( 'NONE', #1651 ) ;
#2311 = DIRECTION ( 'NONE',  ( 0.000000000000000000, -1.000000000000000000, 0.000000000000000000 ) ) ;
#2312 = VERTEX_POINT ( 'NONE', #2300 ) ;
#2313 = VERTEX_POINT ( 'NONE', #155 ) ;
#2314 = LINE ( 'NONE', #2114, #1856 ) ;
#2315 = FILL_AREA_STYLE_COLOUR ( '', #996 ) ;
#2316 = DIRECTION ( 'NONE',  ( -2.710505431213761578E-16, 0.000000000000000000, -1.000000000000000000 ) ) ;
#2317 = EDGE_CURVE ( 'NONE', #1729, #1811, #1018, .T. ) ;
#2318 = CARTESIAN_POINT ( 'NONE',  ( 0.3009999999999998233, -0.02000000000000000042, 0.2999999999999999889 ) ) ;
#2319 = FACE_OUTER_BOUND ( 'NONE', #1276, .T. ) ;
#2320 = ORIENTED_EDGE ( 'NONE', *, *, #434, .F. ) ;
#2321 = FACE_OUTER_BOUND ( 'NONE', #1611, .T. ) ;
#2322 = EDGE_LOOP ( 'NONE', ( #1964, #1608, #2181, #892, #694, #2464, #781, #1551, #575, #718, #2578, #70 ) ) ;
#2323 = DIRECTION ( 'NONE',  ( -1.000000000000000000, 0.000000000000000000, 0.000000000000000000 ) ) ;
#2324 = VECTOR ( 'NONE', #2143, 1000.000000000000000 ) ;
#2325 = VECTOR ( 'NONE', #479, 1000.000000000000000 ) ;
#2326 = EDGE_LOOP ( 'NONE', ( #1666, #524, #2749, #918 ) ) ;
#2327 = VECTOR ( 'NONE', #2147, 1000.000000000000000 ) ;
#2328 = DIRECTION ( 'NONE',  ( 1.000000000000000000, 0.000000000000000000, -0.000000000000000000 ) ) ;
#2329 = LINE ( 'NONE', #124, #168 ) ;
#2330 = CARTESIAN_POINT ( 'NONE',  ( 0.5000000000000000000, -0.02000000000000000042, -0.8009999999999999343 ) ) ;
#2331 = AXIS2_PLACEMENT_3D ( 'NONE', #1406, #1604, #2688 ) ;
#2332 = LINE ( 'NONE', #374, #2554 ) ;
#2333 = LINE ( 'NONE', #1673, #2755 ) ;
#2334 = CARTESIAN_POINT ( 'NONE',  ( -0.3000000000000000999, -0.02000000000000000042, -0.8009999999999999343 ) ) ;
#2335 = ORIENTED_EDGE ( 'NONE', *, *, #2445, .T. ) ;
#2336 = CARTESIAN_POINT ( 'NONE',  ( -0.4999999999999998890, -0.02000000000000000042, -0.5009999999999998899 ) ) ;
#2337 = VECTOR ( 'NONE', #2201, 1000.000000000000000 ) ;
#2338 = EDGE_LOOP ( 'NONE', ( #1019, #1702, #2274, #1374 ) ) ;
#2339 = FACE_OUTER_BOUND ( 'NONE', #2060, .T. ) ;
#2340 = ADVANCED_FACE ( 'NONE', ( #2776 ), #1693, .T. ) ;
#2341 = VERTEX_POINT ( 'NONE', #823 ) ;
#2342 = UNCERTAINTY_MEASURE_WITH_UNIT (LENGTH_MEASURE( 1.000000000000000082E-05 ), #2253, 'distance_accuracy_value', 'NONE');
#2343 = FILL_AREA_STYLE ('',( #1468 ) ) ;
#2344 = DIRECTION ( 'NONE',  ( 0.000000000000000000, -1.000000000000000000, 0.000000000000000000 ) ) ;
#2345 = DIRECTION ( 'NONE',  ( -1.000000000000000000, 0.000000000000000000, 1.355252715606880543E-16 ) ) ;
#2346 = ADVANCED_FACE ( 'NONE', ( #1892, #2339 ), #1218, .F. ) ;
#2347 = LINE ( 'NONE', #2174, #1132 ) ;
#2348 = EDGE_CURVE ( 'NONE', #779, #1995, #138, .T. ) ;
#2349 = ORIENTED_EDGE ( 'NONE', *, *, #2158, .F. ) ;
#2350 = VECTOR ( 'NONE', #2539, 1000.000000000000000 ) ;
#2351 = EDGE_CURVE ( 'NONE', #587, #1847, #1204, .T. ) ;
#2352 = ORIENTED_EDGE ( 'NONE', *, *, #1534, .F. ) ;
#2353 = LINE ( 'NONE', #1263, #301 ) ;
#2354 = CARTESIAN_POINT ( 'NONE',  ( 0.5000000000000000000, 0.000000000000000000, -0.5009999999999998899 ) ) ;
#2355 = EDGE_LOOP ( 'NONE', ( #134, #1741, #2392, #32, #1337, #407 ) ) ;
#2356 = ADVANCED_FACE ( 'NONE', ( #2747 ), #797, .T. ) ;
#2357 = DIRECTION ( 'NONE',  ( 0.000000000000000000, -1.000000000000000000, 0.000000000000000000 ) ) ;
#2358 = DIRECTION ( 'NONE',  ( 3.614007241618347785E-16, 0.000000000000000000, -1.000000000000000000 ) ) ;
#2359 = LINE ( 'NONE', #2307, #2679 ) ;
#2360 = EDGE_CURVE ( 'NONE', #2634, #1167, #2610, .T. ) ;
#2361 = CARTESIAN_POINT ( 'NONE',  ( -0.7999999999999998224, 0.1069999999999999979, -0.8000000000000001554 ) ) ;
#2362 = CARTESIAN_POINT ( 'NONE',  ( 0.09999999999999993616, -0.02000000000000000042, 0.8009999999999999343 ) ) ;
#2363 = EDGE_CURVE ( 'NONE', #1101, #2341, #1930, .T. ) ;
#2364 = PRODUCT_DEFINITION_CONTEXT ( 'detailed design', #2120, 'design' ) ;
#2365 = CARTESIAN_POINT ( 'NONE',  ( 0.5000000000000001110, 0.000000000000000000, -0.8000000000000001554 ) ) ;
#2366 = VECTOR ( 'NONE', #1895, 1000.000000000000000 ) ;
#2367 = VERTEX_POINT ( 'NONE', #662 ) ;
#2368 = FACE_OUTER_BOUND ( 'NONE', #2106, .T. ) ;
#2369 = ORIENTED_EDGE ( 'NONE', *, *, #44, .F. ) ;
#2370 = DIRECTION ( 'NONE',  ( 0.000000000000000000, -1.000000000000000000, 0.000000000000000000 ) ) ;
#2371 = EDGE_LOOP ( 'NONE', ( #1875, #2220, #1540, #1631 ) ) ;
#2372 = VECTOR ( 'NONE', #576, 1000.000000000000000 ) ;
#2373 = EDGE_CURVE ( 'NONE', #1717, #1191, #1757, .T. ) ;
#2374 =( NAMED_UNIT ( * ) SI_UNIT ( $, .STERADIAN. ) SOLID_ANGLE_UNIT ( ) );
#2375 = LINE ( 'NONE', #1966, #255 ) ;
#2376 = DIRECTION ( 'NONE',  ( 1.000000000000000000, 0.000000000000000000, 0.000000000000000000 ) ) ;
#2377 = VECTOR ( 'NONE', #1403, 1000.000000000000000 ) ;
#2378 = EDGE_CURVE ( 'NONE', #2404, #2619, #1083, .T. ) ;
#2379 = CARTESIAN_POINT ( 'NONE',  ( -0.7999999999999998224, 0.1069999999999999979, 0.3000000000000000444 ) ) ;
#2380 = FACE_OUTER_BOUND ( 'NONE', #2394, .T. ) ;
#2381 = VECTOR ( 'NONE', #43, 1000.000000000000000 ) ;
#2382 = ORIENTED_EDGE ( 'NONE', *, *, #1652, .T. ) ;
#2383 = DIRECTION ( 'NONE',  ( 0.000000000000000000, 0.000000000000000000, -1.000000000000000000 ) ) ;
#2384 = VERTEX_POINT ( 'NONE', #837 ) ;
#2385 = CARTESIAN_POINT ( 'NONE',  ( 0.5000000000000001110, 0.3299999999999999600, 0.7999999999999999334 ) ) ;
#2386 = ORIENTED_EDGE ( 'NONE', *, *, #2360, .T. ) ;
#2387 = EDGE_CURVE ( 'NONE', #1995, #746, #1525, .T. ) ;
#2388 = CARTESIAN_POINT ( 'NONE',  ( 0.8000000000000002665, 0.3299999999999999600, 0.7999999999999999334 ) ) ;
#2389 = FACE_OUTER_BOUND ( 'NONE', #2031, .T. ) ;
#2390 = CARTESIAN_POINT ( 'NONE',  ( 0.7000000000000000666, 0.1069999999999999979, 0.8009999999999999343 ) ) ;
#2391 = PLANE ( 'NONE',  #2331 ) ;
#2392 = ORIENTED_EDGE ( 'NONE', *, *, #968, .F. ) ;
#2393 = SURFACE_STYLE_USAGE ( .BOTH. , #310 ) ;
#2394 = EDGE_LOOP ( 'NONE', ( #236, #2382, #2733, #2714 ) ) ;
#2395 = DIRECTION ( 'NONE',  ( -0.000000000000000000, 1.000000000000000000, -0.000000000000000000 ) ) ;
#2396 = ORIENTED_EDGE ( 'NONE', *, *, #41, .T. ) ;
#2397 = APPLICATION_PROTOCOL_DEFINITION ( 'draft international standard', 'automotive_design', 1998, #270 ) ;
#2398 = DIRECTION ( 'NONE',  ( -1.000000000000000000, 0.000000000000000000, 0.000000000000000000 ) ) ;
#2399 = DIRECTION ( 'NONE',  ( 1.355252715606880789E-16, 0.000000000000000000, 1.000000000000000000 ) ) ;
#2400 = EDGE_CURVE ( 'NONE', #1494, #2066, #2176, .T. ) ;
#2401 = PLANE ( 'NONE',  #2550 ) ;
#2402 = ORIENTED_EDGE ( 'NONE', *, *, #1523, .F. ) ;
#2403 = EDGE_CURVE ( 'NONE', #1191, #419, #638, .T. ) ;
#2404 = VERTEX_POINT ( 'NONE', #890 ) ;
#2405 = DIRECTION ( 'NONE',  ( 0.000000000000000000, -1.000000000000000000, 0.000000000000000000 ) ) ;
#2406 = AXIS2_PLACEMENT_3D ( 'NONE', #1939, #2773, #2149 ) ;
#2407 = ORIENTED_EDGE ( 'NONE', *, *, #227, .F. ) ;
#2408 = VECTOR ( 'NONE', #827, 1000.000000000000000 ) ;
#2409 = DIRECTION ( 'NONE',  ( 0.000000000000000000, 0.000000000000000000, -1.000000000000000000 ) ) ;
#2410 = VERTEX_POINT ( 'NONE', #1507 ) ;
#2411 = CARTESIAN_POINT ( 'NONE',  ( -0.7000000000000000666, 0.1069999999999999979, 0.5009999999999998899 ) ) ;
#2412 = DIRECTION ( 'NONE',  ( -1.000000000000000000, 0.000000000000000000, -0.000000000000000000 ) ) ;
#2413 = VECTOR ( 'NONE', #1610, 1000.000000000000000 ) ;
#2414 = VECTOR ( 'NONE', #782, 1000.000000000000000 ) ;
#2415 = CARTESIAN_POINT ( 'NONE',  ( 0.5000000000000000000, 0.1069999999999999979, 0.8009999999999999343 ) ) ;
#2416 = ORIENTED_EDGE ( 'NONE', *, *, #2363, .T. ) ;
#2417 = VERTEX_POINT ( 'NONE', #1048 ) ;
#2418 = DIRECTION ( 'NONE',  ( -1.000000000000000000, 0.000000000000000000, -0.000000000000000000 ) ) ;
#2419 = LINE ( 'NONE', #460, #1763 ) ;
#2420 = CARTESIAN_POINT ( 'NONE',  ( 1.355252715606881775E-17, 0.1069999999999999979, -0.1000000000000001027 ) ) ;
#2421 = VERTEX_POINT ( 'NONE', #1292 ) ;
#2422 = ORIENTED_EDGE ( 'NONE', *, *, #660, .F. ) ;
#2423 = FACE_OUTER_BOUND ( 'NONE', #1318, .T. ) ;
#2424 = CARTESIAN_POINT ( 'NONE',  ( 0.8000000000000002665, 0.000000000000000000, -0.2999999999999999334 ) ) ;
#2425 = ORIENTED_EDGE ( 'NONE', *, *, #1154, .F. ) ;
#2426 = PRODUCT_DEFINITION_SHAPE ( 'NONE', 'NONE',  #2182 ) ;
#2427 = ORIENTED_EDGE ( 'NONE', *, *, #801, .T. ) ;
#2428 = CARTESIAN_POINT ( 'NONE',  ( -0.7999999999999998224, 0.000000000000000000, -0.8000000000000001554 ) ) ;
#2429 = AXIS2_PLACEMENT_3D ( 'NONE', #136, #2507, #2745 ) ;
#2430 = ADVANCED_FACE ( 'NONE', ( #2163 ), #1072, .T. ) ;
#2431 = DIRECTION ( 'NONE',  ( 0.000000000000000000, -1.000000000000000000, 0.000000000000000000 ) ) ;
#2432 = ORIENTED_EDGE ( 'NONE', *, *, #1267, .T. ) ;
#2433 = CARTESIAN_POINT ( 'NONE',  ( 0.09999999999999993616, 0.000000000000000000, -0.8000000000000001554 ) ) ;
#2434 = EDGE_CURVE ( 'NONE', #746, #1584, #1084, .T. ) ;
#2435 = ORIENTED_EDGE ( 'NONE', *, *, #831, .T. ) ;
#2436 = SURFACE_SIDE_STYLE ('',( #1377 ) ) ;
#2437 = CARTESIAN_POINT ( 'NONE',  ( 0.3000000000000000444, 0.1069999999999999979, -0.8009999999999999343 ) ) ;
#2438 = CARTESIAN_POINT ( 'NONE',  ( -0.5000000000000000000, 0.3299999999999999600, 0.7999999999999999334 ) ) ;
#2439 = ORIENTED_EDGE ( 'NONE', *, *, #1055, .F. ) ;
#2440 = LINE ( 'NONE', #488, #948 ) ;
#2441 = PLANE ( 'NONE',  #1788 ) ;
#2442 = ORIENTED_EDGE ( 'NONE', *, *, #1143, .T. ) ;
#2443 = CARTESIAN_POINT ( 'NONE',  ( 0.8009999999999998233, 0.1069999999999999979, 0.3000000000000000444 ) ) ;
#2444 = VECTOR ( 'NONE', #2793, 1000.000000000000000 ) ;
#2445 = EDGE_CURVE ( 'NONE', #941, #486, #2151, .T. ) ;
#2446 = VERTEX_POINT ( 'NONE', #2789 ) ;
#2447 = CARTESIAN_POINT ( 'NONE',  ( -0.5000000000000000000, 0.1069999999999999979, 0.8009999999999999343 ) ) ;
#2448 = EDGE_CURVE ( 'NONE', #365, #1339, #612, .T. ) ;
#2449 = CARTESIAN_POINT ( 'NONE',  ( -0.3000000000000000999, 0.1069999999999999979, 0.8009999999999999343 ) ) ;
#2450 = VECTOR ( 'NONE', #2807, 1000.000000000000000 ) ;
#2451 = DIRECTION ( 'NONE',  ( 0.000000000000000000, -0.000000000000000000, -1.000000000000000000 ) ) ;
#2452 = CARTESIAN_POINT ( 'NONE',  ( -0.3000000000000000999, -0.000000000000000000, 0.000000000000000000 ) ) ;
#2453 = ADVANCED_FACE ( 'NONE', ( #1917 ), #226, .T. ) ;
#2454 = AXIS2_PLACEMENT_3D ( 'NONE', #1361, #33, #50 ) ;
#2455 = EDGE_CURVE ( 'NONE', #900, #2687, #208, .T. ) ;
#2456 = VERTEX_POINT ( 'NONE', #2825 ) ;
#2457 = CARTESIAN_POINT ( 'NONE',  ( -3.252606517456512686E-17, -0.02000000000000000042, -0.2999999999999999334 ) ) ;
#2458 = EDGE_LOOP ( 'NONE', ( #2098, #1712, #2684, #1881, #1567, #2048 ) ) ;
#2459 = DIRECTION ( 'NONE',  ( -0.000000000000000000, 1.000000000000000000, -0.000000000000000000 ) ) ;
#2460 = ORIENTED_EDGE ( 'NONE', *, *, #2064, .T. ) ;
#2461 =( GEOMETRIC_REPRESENTATION_CONTEXT ( 3 ) GLOBAL_UNCERTAINTY_ASSIGNED_CONTEXT ( ( #604 ) ) GLOBAL_UNIT_ASSIGNED_CONTEXT ( ( #1184, #969, #2499 ) ) REPRESENTATION_CONTEXT ( 'NONE', 'WORKASPACE' ) );
#2462 = DIRECTION ( 'NONE',  ( 0.000000000000000000, -1.000000000000000000, 0.000000000000000000 ) ) ;
#2463 = EDGE_CURVE ( 'NONE', #324, #1774, #876, .T. ) ;
#2464 = ORIENTED_EDGE ( 'NONE', *, *, #1537, .T. ) ;
#2465 = DIRECTION ( 'NONE',  ( 0.000000000000000000, -1.000000000000000000, 0.000000000000000000 ) ) ;
#2466 = EDGE_CURVE ( 'NONE', #2744, #1003, #448, .T. ) ;
#2467 = VECTOR ( 'NONE', #1486, 1000.000000000000000 ) ;
#2468 = DIRECTION ( 'NONE',  ( 0.000000000000000000, -0.000000000000000000, -1.000000000000000000 ) ) ;
#2469 = DIRECTION ( 'NONE',  ( 0.000000000000000000, 0.000000000000000000, -1.000000000000000000 ) ) ;
#2470 = EDGE_LOOP ( 'NONE', ( #76, #1588, #1577, #1138 ) ) ;
#2471 = ORIENTED_EDGE ( 'NONE', *, *, #2030, .F. ) ;
#2472 = LINE ( 'NONE', #1340, #861 ) ;
#2473 =( LENGTH_UNIT ( ) NAMED_UNIT ( * ) SI_UNIT ( .MILLI., .METRE. ) );
#2474 = ORIENTED_EDGE ( 'NONE', *, *, #1929, .F. ) ;
#2475 = CARTESIAN_POINT ( 'NONE',  ( 0.09999999999999993616, 0.1069999999999999979, 0.8009999999999999343 ) ) ;
#2476 = ORIENTED_EDGE ( 'NONE', *, *, #2317, .T. ) ;
#2477 = CARTESIAN_POINT ( 'NONE',  ( -0.7999999999999998224, 0.1069999999999999979, 0.7999999999999999334 ) ) ;
#2478 = ORIENTED_EDGE ( 'NONE', *, *, #426, .F. ) ;
#2479 = DIRECTION ( 'NONE',  ( -2.710505431213762071E-16, 0.000000000000000000, 1.000000000000000000 ) ) ;
#2480 = CARTESIAN_POINT ( 'NONE',  ( -0.7999999999999998224, 0.000000000000000000, -0.2999999999999999334 ) ) ;
#2481 = CARTESIAN_POINT ( 'NONE',  ( 0.8009999999999998233, 0.1069999999999999979, -0.3000000000000000444 ) ) ;
#2482 = DIRECTION ( 'NONE',  ( -1.000000000000000000, 0.000000000000000000, 1.355252715606880789E-16 ) ) ;
#2483 = ORIENTED_EDGE ( 'NONE', *, *, #2692, .F. ) ;
#2484 = EDGE_CURVE ( 'NONE', #501, #1811, #2353, .T. ) ;
#2485 = CARTESIAN_POINT ( 'NONE',  ( -0.3000000000000000999, 0.1069999999999999979, -0.8009999999999999343 ) ) ;
#2486 = PLANE ( 'NONE',  #1724 ) ;
#2487 = ORIENTED_EDGE ( 'NONE', *, *, #2491, .F. ) ;
#2488 = EDGE_CURVE ( 'NONE', #201, #2590, #408, .T. ) ;
#2489 = CARTESIAN_POINT ( 'NONE',  ( -0.4999999999999996669, -0.000000000000000000, -1.807003620809172660E-16 ) ) ;
#2490 = EDGE_LOOP ( 'NONE', ( #610, #1266, #763, #1463 ) ) ;
#2491 = EDGE_CURVE ( 'NONE', #2249, #749, #1517, .T. ) ;
#2492 = MANIFOLD_SOLID_BREP ( 'Cut-Extrude1', #521 ) ;
#2493 = CARTESIAN_POINT ( 'NONE',  ( -0.09999999999999993616, 0.000000000000000000, 0.7999999999999999334 ) ) ;
#2494 = ORIENTED_EDGE ( 'NONE', *, *, #2543, .T. ) ;
#2495 = LINE ( 'NONE', #2447, #1949 ) ;
#2496 = VECTOR ( 'NONE', #2513, 1000.000000000000000 ) ;
#2497 = DIRECTION ( 'NONE',  ( -0.000000000000000000, 0.000000000000000000, 1.000000000000000000 ) ) ;
#2498 = PLANE ( 'NONE',  #308 ) ;
#2499 =( NAMED_UNIT ( * ) SI_UNIT ( $, .STERADIAN. ) SOLID_ANGLE_UNIT ( ) );
#2500 = LINE ( 'NONE', #1607, #951 ) ;
#2501 = VERTEX_POINT ( 'NONE', #1264 ) ;
#2502 = COLOUR_RGB ( '',0.2509803921568627416, 0.2509803921568627416, 0.2509803921568627416 ) ;
#2503 = CARTESIAN_POINT ( 'NONE',  ( 0.3000000000000000444, 0.1069999999999999979, 0.8009999999999999343 ) ) ;
#2504 = CARTESIAN_POINT ( 'NONE',  ( 0.000000000000000000, 0.1069999999999999979, 0.000000000000000000 ) ) ;
#2505 = VECTOR ( 'NONE', #1778, 1000.000000000000000 ) ;
#2506 = ORIENTED_EDGE ( 'NONE', *, *, #1592, .F. ) ;
#2507 = DIRECTION ( 'NONE',  ( 1.000000000000000000, 0.000000000000000000, -0.000000000000000000 ) ) ;
#2508 = ORIENTED_EDGE ( 'NONE', *, *, #2559, .F. ) ;
#2509 = CARTESIAN_POINT ( 'NONE',  ( 0.8009999999999998233, -0.02000000000000000042, -0.3000000000000000444 ) ) ;
#2510 = VECTOR ( 'NONE', #609, 999.9999999999998863 ) ;
#2511 = ORIENTED_EDGE ( 'NONE', *, *, #1300, .T. ) ;
#2512 = FILL_AREA_STYLE ('',( #122 ) ) ;
#2513 = DIRECTION ( 'NONE',  ( 1.000000000000000000, 0.000000000000000000, 0.000000000000000000 ) ) ;
#2514 = DIRECTION ( 'NONE',  ( 1.000000000000000000, 0.000000000000000000, -0.000000000000000000 ) ) ;
#2515 = FACE_OUTER_BOUND ( 'NONE', #2533, .T. ) ;
#2516 = LINE ( 'NONE', #1185, #88 ) ;
#2517 = EDGE_LOOP ( 'NONE', ( #51, #2152, #1129, #730 ) ) ;
#2518 = CARTESIAN_POINT ( 'NONE',  ( -0.8009999999999998233, 0.1069999999999999979, 0.3000000000000000444 ) ) ;
#2519 = DIRECTION ( 'NONE',  ( -3.614007241618347785E-16, 0.000000000000000000, 1.000000000000000000 ) ) ;
#2520 =( NAMED_UNIT ( * ) SI_UNIT ( $, .STERADIAN. ) SOLID_ANGLE_UNIT ( ) );
#2521 = ORIENTED_EDGE ( 'NONE', *, *, #2748, .T. ) ;
#2522 = DIRECTION ( 'NONE',  ( 3.614007241618347785E-16, 0.000000000000000000, -1.000000000000000000 ) ) ;
#2523 = VERTEX_POINT ( 'NONE', #2354 ) ;
#2524 = ORIENTED_EDGE ( 'NONE', *, *, #828, .T. ) ;
#2525 = DIRECTION ( 'NONE',  ( 0.000000000000000000, 0.000000000000000000, 1.000000000000000000 ) ) ;
#2526 = EDGE_CURVE ( 'NONE', #201, #506, #2135, .T. ) ;
#2527 = LINE ( 'NONE', #342, #1039 ) ;
#2528 = FACE_OUTER_BOUND ( 'NONE', #1973, .T. ) ;
#2529 = CARTESIAN_POINT ( 'NONE',  ( -0.3000000000000000999, 0.1069999999999999979, 0.8009999999999999343 ) ) ;
#2530 = CARTESIAN_POINT ( 'NONE',  ( 0.5000000000000000000, 0.000000000000000000, 0.000000000000000000 ) ) ;
#2531 = VERTEX_POINT ( 'NONE', #1281 ) ;
#2532 = CARTESIAN_POINT ( 'NONE',  ( -0.3009999999999998233, 0.1069999999999999979, 0.3000000000000000444 ) ) ;
#2533 = EDGE_LOOP ( 'NONE', ( #381, #2511, #2474, #1692, #302, #1156 ) ) ;
#2534 = VERTEX_POINT ( 'NONE', #2589 ) ;
#2535 = LINE ( 'NONE', #1023, #1716 ) ;
#2536 = DIRECTION ( 'NONE',  ( 0.000000000000000000, 0.000000000000000000, 1.000000000000000000 ) ) ;
#2537 = ADVANCED_FACE ( 'NONE', ( #1961 ), #1293, .T. ) ;
#2538 = CIRCLE ( 'NONE', #2720, 0.1000000000000001582 ) ;
#2539 = DIRECTION ( 'NONE',  ( 1.000000000000000000, 0.000000000000000000, 0.000000000000000000 ) ) ;
#2540 = EDGE_CURVE ( 'NONE', #2313, #2312, #639, .T. ) ;
#2541 = PLANE ( 'NONE',  #1539 ) ;
#2542 = VERTEX_POINT ( 'NONE', #1744 ) ;
#2543 = EDGE_CURVE ( 'NONE', #1888, #1595, #891, .T. ) ;
#2544 = DIRECTION ( 'NONE',  ( 1.000000000000000000, 0.000000000000000000, 0.000000000000000000 ) ) ;
#2545 = ORIENTED_EDGE ( 'NONE', *, *, #1657, .F. ) ;
#2546 = VECTOR ( 'NONE', #993, 1000.000000000000000 ) ;
#2547 = DIRECTION ( 'NONE',  ( -1.000000000000000000, 0.000000000000000000, -0.000000000000000000 ) ) ;
#2548 = STYLED_ITEM ( 'NONE', ( #802 ), #677 ) ;
#2549 = EDGE_LOOP ( 'NONE', ( #1545, #2162, #744, #838 ) ) ;
#2550 = AXIS2_PLACEMENT_3D ( 'NONE', #1299, #818, #1514 ) ;
#2551 = CARTESIAN_POINT ( 'NONE',  ( 0.8000000000000002665, 0.1069999999999999979, 0.3000000000000000444 ) ) ;
#2552 = FACE_OUTER_BOUND ( 'NONE', #1401, .T. ) ;
#2553 = CARTESIAN_POINT ( 'NONE',  ( -3.252606517456512686E-17, 0.1069999999999999979, -0.2999999999999999334 ) ) ;
#2554 = VECTOR ( 'NONE', #2754, 1000.000000000000000 ) ;
#2555 = EDGE_CURVE ( 'NONE', #2695, #755, #2623, .T. ) ;
#2556 = EDGE_CURVE ( 'NONE', #626, #1236, #2419, .T. ) ;
#2557 = ADVANCED_FACE ( 'NONE', ( #13 ), #228, .F. ) ;
#2558 = CARTESIAN_POINT ( 'NONE',  ( 0.5000000000000000000, 0.1069999999999999979, 0.7999999999999999334 ) ) ;
#2559 = EDGE_CURVE ( 'NONE', #2313, #874, #2751, .T. ) ;
#2560 = ORIENTED_EDGE ( 'NONE', *, *, #1523, .T. ) ;
#2561 = DIRECTION ( 'NONE',  ( 0.000000000000000000, -0.000000000000000000, -1.000000000000000000 ) ) ;
#2562 = VECTOR ( 'NONE', #1912, 1000.000000000000000 ) ;
#2563 = ORIENTED_EDGE ( 'NONE', *, *, #143, .F. ) ;
#2564 = DIRECTION ( 'NONE',  ( 0.000000000000000000, -0.000000000000000000, -1.000000000000000000 ) ) ;
#2565 = CARTESIAN_POINT ( 'NONE',  ( -0.7999999999999998224, 0.000000000000000000, 0.7999999999999999334 ) ) ;
#2566 = ORIENTED_EDGE ( 'NONE', *, *, #671, .F. ) ;
#2567 = LINE ( 'NONE', #2099, #1222 ) ;
#2568 = ADVANCED_FACE ( 'NONE', ( #1671 ), #2084, .F. ) ;
#2569 =( NAMED_UNIT ( * ) SI_UNIT ( $, .STERADIAN. ) SOLID_ANGLE_UNIT ( ) );
#2570 = LINE ( 'NONE', #2362, #2108 ) ;
#2571 = VECTOR ( 'NONE', #274, 1000.000000000000000 ) ;
#2572 = VERTEX_POINT ( 'NONE', #2721 ) ;
#2573 = ADVANCED_FACE ( 'NONE', ( #2552 ), #1883, .T. ) ;
#2574 = CARTESIAN_POINT ( 'NONE',  ( 0.09999999999999993616, 0.1069999999999999979, -0.5009999999999998899 ) ) ;
#2575 = VERTEX_POINT ( 'NONE', #2705 ) ;
#2576 = CARTESIAN_POINT ( 'NONE',  ( 1.355252715606881775E-17, 0.1069999999999999979, -0.1000000000000001027 ) ) ;
#2577 = EDGE_CURVE ( 'NONE', #2310, #698, #2329, .T. ) ;
#2578 = ORIENTED_EDGE ( 'NONE', *, *, #729, .F. ) ;
#2579 = DIRECTION ( 'NONE',  ( 1.000000000000000000, 0.000000000000000000, 0.000000000000000000 ) ) ;
#2580 = DIRECTION ( 'NONE',  ( -0.7071067811865473507, 0.000000000000000000, -0.7071067811865477948 ) ) ;
#2581 = DIRECTION ( 'NONE',  ( -3.614007241618347785E-16, 0.000000000000000000, 1.000000000000000000 ) ) ;
#2582 = AXIS2_PLACEMENT_3D ( 'NONE', #53, #64, #1562 ) ;
#2583 = CARTESIAN_POINT ( 'NONE',  ( 0.3009999999999998788, 0.1069999999999999979, -0.2999999999999999889 ) ) ;
#2584 = VECTOR ( 'NONE', #1063, 1000.000000000000000 ) ;
#2585 = VERTEX_POINT ( 'NONE', #789 ) ;
#2586 = LINE ( 'NONE', #2107, #1443 ) ;
#2587 = ORIENTED_EDGE ( 'NONE', *, *, #1332, .F. ) ;
#2588 = CARTESIAN_POINT ( 'NONE',  ( -0.7000000000000000666, 0.1069999999999999979, -0.5009999999999998899 ) ) ;
#2589 = CARTESIAN_POINT ( 'NONE',  ( -0.3000000000000000999, 0.000000000000000000, -0.5009999999999998899 ) ) ;
#2590 = VERTEX_POINT ( 'NONE', #800 ) ;
#2591 = AXIS2_PLACEMENT_3D ( 'NONE', #2139, #1238, #1655 ) ;
#2592 = PLANE ( 'NONE',  #360 ) ;
#2593 = PLANE ( 'NONE',  #2222 ) ;
#2594 = PLANE ( 'NONE',  #221 ) ;
#2595 = VECTOR ( 'NONE', #1959, 1000.000000000000000 ) ;
#2596 = CARTESIAN_POINT ( 'NONE',  ( -0.3000000000000000444, 0.3299999999999999600, -0.8000000000000001554 ) ) ;
#2597 = CARTESIAN_POINT ( 'NONE',  ( -0.4999999999999996669, -0.000000000000000000, 1.807003620809172660E-16 ) ) ;
#2598 = CARTESIAN_POINT ( 'NONE',  ( -0.8009999999999998233, 0.1069999999999999979, -0.09999999999999999167 ) ) ;
#2599 = LINE ( 'NONE', #952, #243 ) ;
#2600 = EDGE_LOOP ( 'NONE', ( #1333, #391, #583, #116 ) ) ;
#2601 = CARTESIAN_POINT ( 'NONE',  ( -0.3000000000000000999, 0.1069999999999999979, -0.8009999999999999343 ) ) ;
#2602 = ORIENTED_EDGE ( 'NONE', *, *, #2555, .F. ) ;
#2603 = SURFACE_STYLE_USAGE ( .BOTH. , #1255 ) ;
#2604 = CARTESIAN_POINT ( 'NONE',  ( 0.3000000000000000444, 0.1069999999999999979, -0.8009999999999999343 ) ) ;
#2605 = CARTESIAN_POINT ( 'NONE',  ( 0.8009999999999998233, 0.1069999999999999979, 0.3000000000000000444 ) ) ;
#2606 = CARTESIAN_POINT ( 'NONE',  ( -0.3009999999999998233, 0.1069999999999999979, 0.3000000000000000444 ) ) ;
#2607 = EDGE_CURVE ( 'NONE', #1262, #367, #1639, .T. ) ;
#2608 = CARTESIAN_POINT ( 'NONE',  ( -0.8009999999999998233, 0.1069999999999999979, -0.3000000000000000444 ) ) ;
#2609 = ORIENTED_EDGE ( 'NONE', *, *, #944, .T. ) ;
#2610 = LINE ( 'NONE', #2385, #2595 ) ;
#2611 = CARTESIAN_POINT ( 'NONE',  ( 0.000000000000000000, -0.02000000000000000042, 0.000000000000000000 ) ) ;
#2612 = CARTESIAN_POINT ( 'NONE',  ( -0.3009999999999998233, -0.000000000000000000, -0.1000000000000001305 ) ) ;
#2613 = EDGE_LOOP ( 'NONE', ( #2654, #2054, #1121, #1648 ) ) ;
#2614 = DIRECTION ( 'NONE',  ( -1.000000000000000000, 0.000000000000000000, 0.000000000000000000 ) ) ;
#2615 = CARTESIAN_POINT ( 'NONE',  ( 0.09999999999999993616, 0.000000000000000000, 0.7999999999999999334 ) ) ;
#2616 = PLANE ( 'NONE',  #1596 ) ;
#2617 = FACE_OUTER_BOUND ( 'NONE', #1442, .T. ) ;
#2618 = VERTEX_POINT ( 'NONE', #1256 ) ;
#2619 = VERTEX_POINT ( 'NONE', #92 ) ;
#2620 = STYLED_ITEM ( 'NONE', ( #175 ), #2492 ) ;
#2621 = DIRECTION ( 'NONE',  ( 1.000000000000000000, 0.000000000000000000, 0.000000000000000000 ) ) ;
#2622 = AXIS2_PLACEMENT_3D ( 'NONE', #1261, #1728, #845 ) ;
#2623 = LINE ( 'NONE', #678, #1265 ) ;
#2624 = DIRECTION ( 'NONE',  ( 1.000000000000000000, 0.000000000000000000, 0.000000000000000000 ) ) ;
#2625 = ORIENTED_EDGE ( 'NONE', *, *, #518, .F. ) ;
#2626 = AXIS2_PLACEMENT_3D ( 'NONE', #2101, #2514, #1684 ) ;
#2627 = ORIENTED_EDGE ( 'NONE', *, *, #2556, .T. ) ;
#2628 = CARTESIAN_POINT ( 'NONE',  ( 0.8009999999999998233, -0.02000000000000000042, 0.09999999999999999167 ) ) ;
#2629 = VECTOR ( 'NONE', #18, 1000.000000000000000 ) ;
#2630 = EDGE_CURVE ( 'NONE', #10, #2542, #2535, .T. ) ;
#2631 = EDGE_CURVE ( 'NONE', #2634, #248, #1832, .T. ) ;
#2632 = VECTOR ( 'NONE', #1563, 1000.000000000000000 ) ;
#2633 = LINE ( 'NONE', #513, #2632 ) ;
#2634 = VERTEX_POINT ( 'NONE', #1451 ) ;
#2635 = CARTESIAN_POINT ( 'NONE',  ( 0.09999999999999993616, 0.1069999999999999979, -0.8009999999999999343 ) ) ;
#2636 = EDGE_CURVE ( 'NONE', #2204, #1301, #1207, .T. ) ;
#2637 = CARTESIAN_POINT ( 'NONE',  ( -0.7999999999999998224, 0.1069999999999999979, -0.8000000000000001554 ) ) ;
#2638 = ORIENTED_EDGE ( 'NONE', *, *, #2636, .F. ) ;
#2639 = LINE ( 'NONE', #2209, #2505 ) ;
#2640 = ORIENTED_EDGE ( 'NONE', *, *, #73, .F. ) ;
#2641 = CARTESIAN_POINT ( 'NONE',  ( -0.7999999999999998224, 0.1069999999999999979, 0.7999999999999999334 ) ) ;
#2642 = DIRECTION ( 'NONE',  ( 0.000000000000000000, 1.000000000000000000, 0.000000000000000000 ) ) ;
#2643 = ORIENTED_EDGE ( 'NONE', *, *, #2030, .T. ) ;
#2644 = ORIENTED_EDGE ( 'NONE', *, *, #2260, .T. ) ;
#2645 = LINE ( 'NONE', #700, #452 ) ;
#2646 = DIRECTION ( 'NONE',  ( -3.614007241618347785E-16, 0.000000000000000000, -1.000000000000000000 ) ) ;
#2647 = AXIS2_PLACEMENT_3D ( 'NONE', #2080, #1415, #117 ) ;
#2648 = ADVANCED_FACE ( 'NONE', ( #757 ), #1193, .T. ) ;
#2649 = ORIENTED_EDGE ( 'NONE', *, *, #1894, .T. ) ;
#2650 = FACE_OUTER_BOUND ( 'NONE', #2150, .T. ) ;
#2651 = ORIENTED_EDGE ( 'NONE', *, *, #130, .T. ) ;
#2652 = DIRECTION ( 'NONE',  ( 0.000000000000000000, -0.000000000000000000, 1.000000000000000000 ) ) ;
#2653 = EDGE_CURVE ( 'NONE', #1250, #1447, #2738, .T. ) ;
#2654 = ORIENTED_EDGE ( 'NONE', *, *, #2734, .F. ) ;
#2655 = FILL_AREA_STYLE ('',( #1163 ) ) ;
#2656 = EDGE_CURVE ( 'NONE', #365, #26, #1240, .T. ) ;
#2657 = DIRECTION ( 'NONE',  ( 0.000000000000000000, 0.000000000000000000, -1.000000000000000000 ) ) ;
#2658 = DIRECTION ( 'NONE',  ( 1.000000000000000000, 0.000000000000000000, -3.614007241618347785E-16 ) ) ;
#2659 = DIRECTION ( 'NONE',  ( 0.000000000000000000, -1.000000000000000000, 0.000000000000000000 ) ) ;
#2660 = ORIENTED_EDGE ( 'NONE', *, *, #73, .T. ) ;
#2661 = LINE ( 'NONE', #2457, #1950 ) ;
#2662 = EDGE_CURVE ( 'NONE', #1783, #1569, #2314, .T. ) ;
#2663 = ORIENTED_EDGE ( 'NONE', *, *, #2540, .F. ) ;
#2664 = CARTESIAN_POINT ( 'NONE',  ( 0.09999999999999993616, -0.02000000000000000042, -0.8009999999999999343 ) ) ;
#2665 = ORIENTED_EDGE ( 'NONE', *, *, #1235, .F. ) ;
#2666 = EDGE_CURVE ( 'NONE', #1680, #2003, #2303, .T. ) ;
#2667 = COLOUR_RGB ( '',0.2509803921568627416, 0.2509803921568627416, 0.2509803921568627416 ) ;
#2668 = CARTESIAN_POINT ( 'NONE',  ( 0.3009999999999998788, 0.000000000000000000, -0.2999999999999999889 ) ) ;
#2669 = AXIS2_PLACEMENT_3D ( 'NONE', #2611, #653, #2826 ) ;
#2670 = EDGE_LOOP ( 'NONE', ( #1044, #987, #2649, #188 ) ) ;
#2671 = CARTESIAN_POINT ( 'NONE',  ( 0.3009999999999998233, 0.000000000000000000, 0.1000000000000000611 ) ) ;
#2672 = VECTOR ( 'NONE', #545, 1000.000000000000000 ) ;
#2673 = CARTESIAN_POINT ( 'NONE',  ( -0.3000000000000000999, -0.02000000000000000042, -0.8009999999999999343 ) ) ;
#2674 = AXIS2_PLACEMENT_3D ( 'NONE', #411, #465, #436 ) ;
#2675 = AXIS2_PLACEMENT_3D ( 'NONE', #882, #645, #1709 ) ;
#2676 = DIRECTION ( 'NONE',  ( 3.614007241618347785E-16, 0.000000000000000000, -1.000000000000000000 ) ) ;
#2677 = ORIENTED_EDGE ( 'NONE', *, *, #644, .T. ) ;
#2678 = VECTOR ( 'NONE', #753, 1000.000000000000000 ) ;
#2679 = VECTOR ( 'NONE', #2725, 1000.000000000000000 ) ;
#2680 = CARTESIAN_POINT ( 'NONE',  ( 0.09999999999999993616, 0.1069999999999999979, -0.8009999999999999343 ) ) ;
#2681 = CARTESIAN_POINT ( 'NONE',  ( 0.000000000000000000, 0.1069999999999999979, 0.000000000000000000 ) ) ;
#2682 = ORIENTED_EDGE ( 'NONE', *, *, #2434, .T. ) ;
#2683 = PLANE ( 'NONE',  #2429 ) ;
#2684 = ORIENTED_EDGE ( 'NONE', *, *, #1247, .F. ) ;
#2685 = PRESENTATION_LAYER_ASSIGNMENT (  '', '', ( #2200 ) ) ;
#2686 = CARTESIAN_POINT ( 'NONE',  ( -0.8009999999999998233, 0.1069999999999999979, 0.3000000000000000444 ) ) ;
#2687 = VERTEX_POINT ( 'NONE', #994 ) ;
#2688 = DIRECTION ( 'NONE',  ( -1.000000000000000000, 0.000000000000000000, -0.000000000000000000 ) ) ;
#2689 = EDGE_CURVE ( 'NONE', #2712, #389, #1871, .T. ) ;
#2690 = COLOUR_RGB ( '',0.2509803921568627416, 0.2509803921568627416, 0.2509803921568627416 ) ;
#2691 = CARTESIAN_POINT ( 'NONE',  ( 0.7000000000000001776, 0.000000000000000000, 0.7999999999999999334 ) ) ;
#2692 = EDGE_CURVE ( 'NONE', #990, #2223, #2538, .T. ) ;
#2693 = CARTESIAN_POINT ( 'NONE',  ( -0.7999999999999998224, 0.1069999999999999979, -0.3000000000000000444 ) ) ;
#2694 = CARTESIAN_POINT ( 'NONE',  ( 0.8009999999999998233, -0.02000000000000000042, -0.3000000000000000444 ) ) ;
#2695 = VERTEX_POINT ( 'NONE', #2100 ) ;
#2696 = EDGE_CURVE ( 'NONE', #1145, #1888, #1656, .T. ) ;
#2697 = CARTESIAN_POINT ( 'NONE',  ( -0.3009999999999998233, -0.000000000000000000, 0.000000000000000000 ) ) ;
#2698 = LINE ( 'NONE', #1200, #2413 ) ;
#2699 = ORIENTED_EDGE ( 'NONE', *, *, #135, .F. ) ;
#2700 = DIRECTION ( 'NONE',  ( -0.000000000000000000, 0.000000000000000000, 1.000000000000000000 ) ) ;
#2701 = ORIENTED_EDGE ( 'NONE', *, *, #2133, .T. ) ;
#2702 = LINE ( 'NONE', #930, #2678 ) ;
#2703 = ORIENTED_EDGE ( 'NONE', *, *, #1858, .T. ) ;
#2704 = CARTESIAN_POINT ( 'NONE',  ( -0.09999999999999999167, 0.1069999999999999979, -0.8009999999999999343 ) ) ;
#2705 = CARTESIAN_POINT ( 'NONE',  ( -0.4009999999999997455, -0.02000000000000000042, -0.3000000000000001554 ) ) ;
#2706 = VECTOR ( 'NONE', #376, 1000.000000000000000 ) ;
#2707 = PRESENTATION_LAYER_ASSIGNMENT (  '', '', ( #1841 ) ) ;
#2708 = CARTESIAN_POINT ( 'NONE',  ( 0.5000000000000000000, -0.02000000000000000042, -0.8009999999999999343 ) ) ;
#2709 = LINE ( 'NONE', #1620, #508 ) ;
#2710 = DIRECTION ( 'NONE',  ( 1.000000000000000000, 0.000000000000000000, 0.000000000000000000 ) ) ;
#2711 = UNCERTAINTY_MEASURE_WITH_UNIT (LENGTH_MEASURE( 1.000000000000000082E-05 ), #1706, 'distance_accuracy_value', 'NONE');
#2712 = VERTEX_POINT ( 'NONE', #412 ) ;
#2713 = CARTESIAN_POINT ( 'NONE',  ( 0.09999999999999993616, 0.1069999999999999979, -0.8009999999999999343 ) ) ;
#2714 = ORIENTED_EDGE ( 'NONE', *, *, #103, .F. ) ;
#2715 = LINE ( 'NONE', #961, #1061 ) ;
#2716 = VERTEX_POINT ( 'NONE', #2805 ) ;
#2717 = LINE ( 'NONE', #786, #2142 ) ;
#2718 = EDGE_LOOP ( 'NONE', ( #2166, #2299, #1916, #161 ) ) ;
#2719 = CARTESIAN_POINT ( 'NONE',  ( 0.000000000000000000, 0.000000000000000000, -0.5009999999999998899 ) ) ;
#2720 = AXIS2_PLACEMENT_3D ( 'NONE', #1470, #1221, #2525 ) ;
#2721 = CARTESIAN_POINT ( 'NONE',  ( -0.4999999999999997780, 0.1069999999999999979, 0.7999999999999999334 ) ) ;
#2722 = PRODUCT_DEFINITION_FORMATION_WITH_SPECIFIED_SOURCE ( 'ANY', '', #1452, .NOT_KNOWN. ) ;
#2723 = CARTESIAN_POINT ( 'NONE',  ( -0.4009999999999997455, -0.000000000000000000, -0.3000000000000001554 ) ) ;
#2724 = LINE ( 'NONE', #921, #1229 ) ;
#2725 = DIRECTION ( 'NONE',  ( -1.000000000000000000, -0.000000000000000000, -0.000000000000000000 ) ) ;
#2726 =( GEOMETRIC_REPRESENTATION_CONTEXT ( 3 ) GLOBAL_UNCERTAINTY_ASSIGNED_CONTEXT ( ( #2711 ) ) GLOBAL_UNIT_ASSIGNED_CONTEXT ( ( #1706, #453, #4 ) ) REPRESENTATION_CONTEXT ( 'NONE', 'WORKASPACE' ) );
#2727 = AXIS2_PLACEMENT_3D ( 'NONE', #1398, #2309, #2519 ) ;
#2728 = LINE ( 'NONE', #2518, #289 ) ;
#2729 = LINE ( 'NONE', #1228, #2414 ) ;
#2730 = AXIS2_PLACEMENT_3D ( 'NONE', #2443, #2007, #693 ) ;
#2731 = ORIENTED_EDGE ( 'NONE', *, *, #1921, .F. ) ;
#2732 = PLANE ( 'NONE',  #1307 ) ;
#2733 = ORIENTED_EDGE ( 'NONE', *, *, #1734, .T. ) ;
#2734 = EDGE_CURVE ( 'NONE', #1717, #2417, #628, .T. ) ;
#2735 = SURFACE_SIDE_STYLE ('',( #557 ) ) ;
#2736 = AXIS2_PLACEMENT_3D ( 'NONE', #580, #1166, #1052 ) ;
#2737 = VERTEX_POINT ( 'NONE', #1051 ) ;
#2738 = LINE ( 'NONE', #356, #2366 ) ;
#2739 = DIRECTION ( 'NONE',  ( 0.000000000000000000, 0.000000000000000000, -1.000000000000000000 ) ) ;
#2740 = CARTESIAN_POINT ( 'NONE',  ( -0.09999999999999993616, 0.000000000000000000, -0.8000000000000001554 ) ) ;
#2741 = DIRECTION ( 'NONE',  ( -3.614007241618347785E-16, 0.000000000000000000, -1.000000000000000000 ) ) ;
#2742 = LINE ( 'NONE', #792, #1750 ) ;
#2743 = CARTESIAN_POINT ( 'NONE',  ( -0.09999999999999988065, -0.02000000000000000042, 0.5009999999999998899 ) ) ;
#2744 = VERTEX_POINT ( 'NONE', #397 ) ;
#2745 = DIRECTION ( 'NONE',  ( -0.000000000000000000, 0.000000000000000000, -1.000000000000000000 ) ) ;
#2746 = ORIENTED_EDGE ( 'NONE', *, *, #1981, .T. ) ;
#2747 = FACE_OUTER_BOUND ( 'NONE', #2600, .T. ) ;
#2748 = EDGE_CURVE ( 'NONE', #296, #1779, #2375, .T. ) ;
#2749 = ORIENTED_EDGE ( 'NONE', *, *, #1554, .F. ) ;
#2750 = EDGE_CURVE ( 'NONE', #324, #1962, #1495, .T. ) ;
#2751 = LINE ( 'NONE', #326, #938 ) ;
#2752 = ADVANCED_FACE ( 'NONE', ( #2389 ), #2593, .T. ) ;
#2753 = DIRECTION ( 'NONE',  ( 3.614007241618347785E-16, 0.000000000000000000, -1.000000000000000000 ) ) ;
#2754 = DIRECTION ( 'NONE',  ( 0.000000000000000000, -1.000000000000000000, 0.000000000000000000 ) ) ;
#2755 = VECTOR ( 'NONE', #2104, 1000.000000000000000 ) ;
#2756 = EDGE_CURVE ( 'NONE', #2531, #2312, #1510, .T. ) ;
#2757 = CARTESIAN_POINT ( 'NONE',  ( 0.000000000000000000, -0.000000000000000000, 0.3000000000000000444 ) ) ;
#2758 = LINE ( 'NONE', #380, #1676 ) ;
#2759 = ORIENTED_EDGE ( 'NONE', *, *, #726, .F. ) ;
#2760 = EDGE_CURVE ( 'NONE', #2367, #1167, #489, .T. ) ;
#2761 = LINE ( 'NONE', #2283, #1501 ) ;
#2762 = EDGE_CURVE ( 'NONE', #1704, #2160, #2184, .T. ) ;
#2763 = ORIENTED_EDGE ( 'NONE', *, *, #801, .F. ) ;
#2764 =( NAMED_UNIT ( * ) SI_UNIT ( $, .STERADIAN. ) SOLID_ANGLE_UNIT ( ) );
#2765 = DIRECTION ( 'NONE',  ( 0.000000000000000000, -1.000000000000000000, 0.000000000000000000 ) ) ;
#2766 = CARTESIAN_POINT ( 'NONE',  ( -0.09999999999999999167, 0.1069999999999999979, 0.8009999999999999343 ) ) ;
#2767 = EDGE_CURVE ( 'NONE', #1353, #2791, #5, .T. ) ;
#2768 = DIRECTION ( 'NONE',  ( 0.000000000000000000, 0.000000000000000000, -1.000000000000000000 ) ) ;
#2769 = MECHANICAL_DESIGN_GEOMETRIC_PRESENTATION_REPRESENTATION (  '', ( #1531 ), #2034 ) ;
#2770 = VECTOR ( 'NONE', #2140, 1000.000000000000000 ) ;
#2771 = LINE ( 'NONE', #1711, #1086 ) ;
#2772 = ORIENTED_EDGE ( 'NONE', *, *, #1348, .T. ) ;
#2773 = DIRECTION ( 'NONE',  ( -0.000000000000000000, 1.000000000000000000, 0.000000000000000000 ) ) ;
#2774 = ORIENTED_EDGE ( 'NONE', *, *, #2767, .F. ) ;
#2775 = COLOUR_RGB ( '',0.2509803921568627416, 0.2509803921568627416, 0.2509803921568627416 ) ;
#2776 = FACE_OUTER_BOUND ( 'NONE', #2517, .T. ) ;
#2777 = VECTOR ( 'NONE', #1286, 1000.000000000000000 ) ;
#2778 = EDGE_LOOP ( 'NONE', ( #711, #2203, #2191, #1732, #99, #2506 ) ) ;
#2779 = AXIS2_PLACEMENT_3D ( 'NONE', #1027, #2785, #2189 ) ;
#2780 =( NAMED_UNIT ( * ) PLANE_ANGLE_UNIT ( ) SI_UNIT ( $, .RADIAN. ) );
#2781 = CARTESIAN_POINT ( 'NONE',  ( 0.7000000000000000666, -0.02000000000000000042, -0.8009999999999999343 ) ) ;
#2782 = LINE ( 'NONE', #343, #231 ) ;
#2783 = EDGE_CURVE ( 'NONE', #640, #734, #1933, .T. ) ;
#2784 = EDGE_CURVE ( 'NONE', #819, #2367, #1908, .T. ) ;
#2785 = DIRECTION ( 'NONE',  ( 0.000000000000000000, 1.000000000000000000, 0.000000000000000000 ) ) ;
#2786 = ORIENTED_EDGE ( 'NONE', *, *, #20, .F. ) ;
#2787 = SURFACE_SIDE_STYLE ('',( #1489 ) ) ;
#2788 = ORIENTED_EDGE ( 'NONE', *, *, #113, .T. ) ;
#2789 = CARTESIAN_POINT ( 'NONE',  ( 0.3000000000000001554, 0.000000000000000000, -0.5009999999999998899 ) ) ;
#2790 = CARTESIAN_POINT ( 'NONE',  ( -0.7000000000000000666, -0.02000000000000000042, 0.8009999999999999343 ) ) ;
#2791 = VERTEX_POINT ( 'NONE', #423 ) ;
#2792 = FILL_AREA_STYLE_COLOUR ( '', #2775 ) ;
#2793 = DIRECTION ( 'NONE',  ( 0.000000000000000000, 0.000000000000000000, -1.000000000000000000 ) ) ;
#2794 = LINE ( 'NONE', #839, #1504 ) ;
#2795 = DIRECTION ( 'NONE',  ( 0.000000000000000000, 0.000000000000000000, 1.000000000000000000 ) ) ;
#2796 = DIRECTION ( 'NONE',  ( 0.000000000000000000, -1.000000000000000000, 0.000000000000000000 ) ) ;
#2797 = VECTOR ( 'NONE', #1330, 1000.000000000000000 ) ;
#2798 = CARTESIAN_POINT ( 'NONE',  ( 0.3000000000000001554, 0.1069999999999999979, -0.5009999999999998899 ) ) ;
#2799 = ORIENTED_EDGE ( 'NONE', *, *, #1338, .F. ) ;
#2800 = CARTESIAN_POINT ( 'NONE',  ( -0.09999999999999988065, -0.02000000000000000042, -0.5009999999999998899 ) ) ;
#2801 = ORIENTED_EDGE ( 'NONE', *, *, #54, .F. ) ;
#2802 = CARTESIAN_POINT ( 'NONE',  ( -0.3000000000000000999, -0.000000000000000000, 0.000000000000000000 ) ) ;
#2803 = ORIENTED_EDGE ( 'NONE', *, *, #1801, .F. ) ;
#2804 = CARTESIAN_POINT ( 'NONE',  ( 0.5000000000000000000, -0.02000000000000000042, 0.5009999999999998899 ) ) ;
#2805 = CARTESIAN_POINT ( 'NONE',  ( -0.09999999999999988065, -0.000000000000000000, 0.5009999999999998899 ) ) ;
#2806 = DIRECTION ( 'NONE',  ( 3.614007241618347785E-16, 0.000000000000000000, 1.000000000000000000 ) ) ;
#2807 = DIRECTION ( 'NONE',  ( 0.000000000000000000, 0.000000000000000000, 1.000000000000000000 ) ) ;
#2808 = LINE ( 'NONE', #1765, #369 ) ;
#2809 = PLANE ( 'NONE',  #2779 ) ;
#2810 = EDGE_LOOP ( 'NONE', ( #2471, #858, #478, #1761 ) ) ;
#2811 =( NAMED_UNIT ( * ) PLANE_ANGLE_UNIT ( ) SI_UNIT ( $, .RADIAN. ) );
#2812 = VERTEX_POINT ( 'NONE', #1296 ) ;
#2813 = DIRECTION ( 'NONE',  ( 0.000000000000000000, 0.000000000000000000, -1.000000000000000000 ) ) ;
#2814 = ORIENTED_EDGE ( 'NONE', *, *, #934, .F. ) ;
#2815 = AXIS2_PLACEMENT_3D ( 'NONE', #1192, #2269, #1134 ) ;
#2816 = EDGE_CURVE ( 'NONE', #587, #2215, #202, .T. ) ;
#2817 = AXIS2_PLACEMENT_3D ( 'NONE', #959, #2042, #1326 ) ;
#2818 = AXIS2_PLACEMENT_3D ( 'NONE', #368, #1007, #1679 ) ;
#2819 = VECTOR ( 'NONE', #1336, 1000.000000000000000 ) ;
#2820 = DIRECTION ( 'NONE',  ( 0.000000000000000000, -1.000000000000000000, 0.000000000000000000 ) ) ;
#2821 = PLANE ( 'NONE',  #375 ) ;
#2822 = AXIS2_PLACEMENT_3D ( 'NONE', #1298, #632, #2581 ) ;
#2823 = PLANE ( 'NONE',  #551 ) ;
#2824 = VERTEX_POINT ( 'NONE', #179 ) ;
#2825 = CARTESIAN_POINT ( 'NONE',  ( -0.7999999999999998224, 0.000000000000000000, 0.7999999999999999334 ) ) ;
#2826 = DIRECTION ( 'NONE',  ( 0.000000000000000000, -0.000000000000000000, -1.000000000000000000 ) ) ;
ENDSEC;
END-ISO-10303-21;
