ISO-10303-21;
HEADER;
FILE_DESCRIPTION(('STEP AP203'),'1');
FILE_NAME('skrpade010.stp','2020-11-07T05:47:52',('TraceParts'),('TraceParts S.A.'),'Spatial InterOp 3D',' ',' ');
FILE_SCHEMA(('CONFIG_CONTROL_DESIGN'));
ENDSEC;
DATA;
#1=DESIGN_CONTEXT('',#27,'design');
#2=APPLICATION_PROTOCOL_DEFINITION('INTERNATIONAL STANDARD','config_control_design',1994,#27);
#3=PRODUCT_CATEGORY_RELATIONSHIP('NONE','NONE',#28,#29);
#4=DATE_AND_TIME(#30,#31);
#5=DATE_TIME_ROLE('creation_date');
#6=DATE_TIME_ROLE('classification_date');
#7=PERSON_AND_ORGANIZATION_ROLE('creator');
#8=PERSON_AND_ORGANIZATION_ROLE('design_supplier');
#9=PERSON_AND_ORGANIZATION_ROLE('classification_officer');
#10=PERSON_AND_ORGANIZATION_ROLE('design_owner');
#11=APPROVAL_PERSON_ORGANIZATION(#32,#33,#34);
#12=APPROVAL_DATE_TIME(#4,#33);
#13=CC_DESIGN_APPROVAL(#33,(#35,#36,#37));
#14=CC_DESIGN_DATE_AND_TIME_ASSIGNMENT(#4,#5,(#37));
#15=CC_DESIGN_DATE_AND_TIME_ASSIGNMENT(#4,#6,(#35));
#16=CC_DESIGN_PERSON_AND_ORGANIZATION_ASSIGNMENT(#32,#10,(#38));
#17=CC_DESIGN_PERSON_AND_ORGANIZATION_ASSIGNMENT(#32,#7,(#37));
#18=CC_DESIGN_PERSON_AND_ORGANIZATION_ASSIGNMENT(#32,#7,(#36));
#19=CC_DESIGN_PERSON_AND_ORGANIZATION_ASSIGNMENT(#32,#8,(#36));
#20=CC_DESIGN_SECURITY_CLASSIFICATION(#35,(#36));
#21=CC_DESIGN_PERSON_AND_ORGANIZATION_ASSIGNMENT(#32,#9,(#35));
#22=SHAPE_DEFINITION_REPRESENTATION(#39,#40);
#23= (GEOMETRIC_REPRESENTATION_CONTEXT(3)GLOBAL_UNCERTAINTY_ASSIGNED_CONTEXT((#43))GLOBAL_UNIT_ASSIGNED_CONTEXT((#45,#46,#47))REPRESENTATION_CONTEXT('NONE','WORKSPACE'));
#27=APPLICATION_CONTEXT('CONFIGURATION CONTROLLED 3D DESIGNS OF MECHANICAL PARTS AND ASSEMBLIES');
#28=PRODUCT_CATEGORY('part','NONE');
#29=PRODUCT_RELATED_PRODUCT_CATEGORY('detail',' ',(#38));
#30=CALENDAR_DATE(2020,7,10);
#31=LOCAL_TIME(6,47,52.0,#49);
#32=PERSON_AND_ORGANIZATION(#50,#51);
#33=APPROVAL(#52,'SOLID MODEL');
#34=APPROVAL_ROLE('APPROVED');
#35=SECURITY_CLASSIFICATION('','',#53);
#36=PRODUCT_DEFINITION_FORMATION_WITH_SPECIFIED_SOURCE(' ','NONE',#38,.NOT_KNOWN.);
#37=PRODUCT_DEFINITION('','NONE',#36,#1);
#38=PRODUCT('1','','PART--DESC',(#54));
#39=PRODUCT_DEFINITION_SHAPE('NONE','NONE',#37);
#40=ADVANCED_BREP_SHAPE_REPRESENTATION('1',(#55,#56),#23);
#43=UNCERTAINTY_MEASURE_WITH_UNIT(LENGTH_MEASURE(1.0E-06),#45,'','');
#45= (CONVERSION_BASED_UNIT('MILLIMETRE',#59)LENGTH_UNIT()NAMED_UNIT(#62));
#46= (NAMED_UNIT(#64)PLANE_ANGLE_UNIT()SI_UNIT($,.RADIAN.));
#47= (NAMED_UNIT(#64)SOLID_ANGLE_UNIT()SI_UNIT($,.STERADIAN.));
#49=COORDINATED_UNIVERSAL_TIME_OFFSET(1,0,.AHEAD.);
#50=PERSON('','UNSPECIFIED',$,$,$,$);
#51=ORGANIZATION('UNSPECIFIED','UNSPECIFIED','UNSPECIFIED');
#52=APPROVAL_STATUS('approved');
#53=SECURITY_CLASSIFICATION_LEVEL('unclassified');
#54=MECHANICAL_CONTEXT('',#27,'mechanical');
#55=MANIFOLD_SOLID_BREP('1',#70);
#56=AXIS2_PLACEMENT_3D('',#71,#72,#73);
#59=LENGTH_MEASURE_WITH_UNIT(LENGTH_MEASURE(1.0),#74);
#62=DIMENSIONAL_EXPONENTS(1.0,0.0,0.0,0.0,0.0,0.0,0.0);
#64=DIMENSIONAL_EXPONENTS(0.0,0.0,0.0,0.0,0.0,0.0,0.0);
#70=CLOSED_SHELL('',(#75,#76,#77,#78,#79,#80,#81,#82,#83,#84,#85,#86,#87,#88,#89,#90,#91,#92,#93,#94,#95,#96,#97,#98,#99,#100,#101,#102,#103,#104,#105,#106,#107,#108,#109,#110,#111,#112,#113,#114,#115,#116,#117,#118,#119,#120,#121,#122,#123,#124,#125,#126,#127,#128,#129,#130,#131,#132,#133,#134,#135,#136,#137,#138,#139,#140,#141,#142,#143,#144,#145,#146,#147,#148,#149,#150,#151,#152,#153,#154,#155,#156,#157,#158,#159,#160,#161,#162,#163,#164,#165,#166,#167,#168,#169,#170,#171,#172,#173,#174,#175,#176,#177,#178,#179,#180,#181,#182,#183,#184,#185,#186,#187,#188,#189,#190,#191,#192,#193,#194,#195,#196,#197,#198,#199,#200,#201,#202,#203,#204,#205,#206,#207,#208,#209,#210,#211,#212,#213,#214,#215,#216,#217,#218,#219,#220,#221,#222,#223,#224,#225,#226,#227,#228,#229,#230,#231,#232,#233,#234,#235,#236,#237,#238,#239,#240,#241,#242,#243,#244,#245,#246,#247,#248,#249,#250,#251,#252,#253,#254,#255,#256,#257,#258,#259,#260,#261,#262,#263,#264,#265,#266,#267,#268,#269,#270,#271,#272,#273,#274,#275,#276,#277,#278,#279,#280,#281,#282,#283,#284,#285,#286,#287,#288,#289,#290,#291,#292,#293,#294,#295,#296,#297,#298,#299,#300,#301,#302,#303,#304,#305,#306,#307,#308,#309,#310,#311,#312,#313,#314,#315,#316,#317,#318,#319,#320,#321,#322,#323,#324,#325,#326,#327,#328,#329,#330,#331,#332,#333,#334,#335,#336,#337,#338,#339,#340,#341,#342,#343,#344,#345,#346,#347,#348,#349,#350,#351,#352,#353,#354,#355,#356,#357,#358,#359,#360,#361,#362,#363,#364,#365,#366,#367,#368,#369,#370,#371,#372,#373,#374,#375,#376,#377,#378,#379,#380,#381));
#71=CARTESIAN_POINT('',(0.0,0.0,0.0));
#72=DIRECTION('',(0.0,0.0,1.0));
#73=DIRECTION('',(1.0,0.0,0.0));
#74= (NAMED_UNIT(#62)LENGTH_UNIT()SI_UNIT(.MILLI.,.METRE.));
#75=ADVANCED_FACE('',(#383),#384,.T.);
#76=ADVANCED_FACE('',(#385),#386,.T.);
#77=ADVANCED_FACE('',(#387),#388,.T.);
#78=ADVANCED_FACE('',(#389),#390,.T.);
#79=ADVANCED_FACE('',(#391),#392,.T.);
#80=ADVANCED_FACE('',(#393),#394,.T.);
#81=ADVANCED_FACE('',(#395),#396,.T.);
#82=ADVANCED_FACE('',(#397),#398,.T.);
#83=ADVANCED_FACE('',(#399),#400,.T.);
#84=ADVANCED_FACE('',(#401),#402,.T.);
#85=ADVANCED_FACE('',(#403),#404,.T.);
#86=ADVANCED_FACE('',(#405),#406,.T.);
#87=ADVANCED_FACE('',(#407),#408,.F.);
#88=ADVANCED_FACE('',(#409),#410,.F.);
#89=ADVANCED_FACE('',(#411,#412),#413,.F.);
#90=ADVANCED_FACE('',(#414,#415),#416,.F.);
#91=ADVANCED_FACE('',(#417),#418,.T.);
#92=ADVANCED_FACE('',(#419),#420,.T.);
#93=ADVANCED_FACE('',(#421),#422,.F.);
#94=ADVANCED_FACE('',(#423),#424,.F.);
#95=ADVANCED_FACE('',(#425),#426,.F.);
#96=ADVANCED_FACE('',(#427),#428,.F.);
#97=ADVANCED_FACE('',(#429),#430,.F.);
#98=ADVANCED_FACE('',(#431),#432,.F.);
#99=ADVANCED_FACE('',(#433),#434,.F.);
#100=ADVANCED_FACE('',(#435),#436,.F.);
#101=ADVANCED_FACE('',(#437),#438,.F.);
#102=ADVANCED_FACE('',(#439),#440,.F.);
#103=ADVANCED_FACE('',(#441),#442,.F.);
#104=ADVANCED_FACE('',(#443),#444,.F.);
#105=ADVANCED_FACE('',(#445),#446,.F.);
#106=ADVANCED_FACE('',(#447),#448,.F.);
#107=ADVANCED_FACE('',(#449),#450,.F.);
#108=ADVANCED_FACE('',(#451),#452,.F.);
#109=ADVANCED_FACE('',(#453),#454,.F.);
#110=ADVANCED_FACE('',(#455),#456,.F.);
#111=ADVANCED_FACE('',(#457),#458,.F.);
#112=ADVANCED_FACE('',(#459),#460,.F.);
#113=ADVANCED_FACE('',(#461),#462,.F.);
#114=ADVANCED_FACE('',(#463),#464,.F.);
#115=ADVANCED_FACE('',(#465),#466,.F.);
#116=ADVANCED_FACE('',(#467),#468,.T.);
#117=ADVANCED_FACE('',(#469),#470,.F.);
#118=ADVANCED_FACE('',(#471),#472,.F.);
#119=ADVANCED_FACE('',(#473),#474,.T.);
#120=ADVANCED_FACE('',(#475),#476,.F.);
#121=ADVANCED_FACE('',(#477),#478,.F.);
#122=ADVANCED_FACE('',(#479),#480,.T.);
#123=ADVANCED_FACE('',(#481),#482,.F.);
#124=ADVANCED_FACE('',(#483),#484,.F.);
#125=ADVANCED_FACE('',(#485),#486,.T.);
#126=ADVANCED_FACE('',(#487),#488,.F.);
#127=ADVANCED_FACE('',(#489),#490,.F.);
#128=ADVANCED_FACE('',(#491),#492,.T.);
#129=ADVANCED_FACE('',(#493),#494,.T.);
#130=ADVANCED_FACE('',(#495),#496,.T.);
#131=ADVANCED_FACE('',(#497),#498,.T.);
#132=ADVANCED_FACE('',(#499),#500,.T.);
#133=ADVANCED_FACE('',(#501),#502,.F.);
#134=ADVANCED_FACE('',(#503),#504,.T.);
#135=ADVANCED_FACE('',(#505),#506,.F.);
#136=ADVANCED_FACE('',(#507,#508),#509,.F.);
#137=ADVANCED_FACE('',(#510),#511,.F.);
#138=ADVANCED_FACE('',(#512),#513,.F.);
#139=ADVANCED_FACE('',(#514),#515,.F.);
#140=ADVANCED_FACE('',(#516),#517,.F.);
#141=ADVANCED_FACE('',(#518,#519),#520,.F.);
#142=ADVANCED_FACE('',(#521,#522),#523,.F.);
#143=ADVANCED_FACE('',(#524,#525),#526,.F.);
#144=ADVANCED_FACE('',(#527,#528),#529,.F.);
#145=ADVANCED_FACE('',(#530),#531,.T.);
#146=ADVANCED_FACE('',(#532),#533,.F.);
#147=ADVANCED_FACE('',(#534),#535,.T.);
#148=ADVANCED_FACE('',(#536),#537,.F.);
#149=ADVANCED_FACE('',(#538),#539,.T.);
#150=ADVANCED_FACE('',(#540),#541,.F.);
#151=ADVANCED_FACE('',(#542),#543,.T.);
#152=ADVANCED_FACE('',(#544),#545,.T.);
#153=ADVANCED_FACE('',(#546),#547,.F.);
#154=ADVANCED_FACE('',(#548),#549,.T.);
#155=ADVANCED_FACE('',(#550),#551,.T.);
#156=ADVANCED_FACE('',(#552),#553,.F.);
#157=ADVANCED_FACE('',(#554),#555,.F.);
#158=ADVANCED_FACE('',(#556),#557,.F.);
#159=ADVANCED_FACE('',(#558),#559,.F.);
#160=ADVANCED_FACE('',(#560),#561,.T.);
#161=ADVANCED_FACE('',(#562),#563,.F.);
#162=ADVANCED_FACE('',(#564),#565,.F.);
#163=ADVANCED_FACE('',(#566),#567,.T.);
#164=ADVANCED_FACE('',(#568),#569,.F.);
#165=ADVANCED_FACE('',(#570),#571,.T.);
#166=ADVANCED_FACE('',(#572),#573,.F.);
#167=ADVANCED_FACE('',(#574),#575,.T.);
#168=ADVANCED_FACE('',(#576),#577,.F.);
#169=ADVANCED_FACE('',(#578),#579,.T.);
#170=ADVANCED_FACE('',(#580),#581,.T.);
#171=ADVANCED_FACE('',(#582),#583,.T.);
#172=ADVANCED_FACE('',(#584),#585,.T.);
#173=ADVANCED_FACE('',(#586),#587,.T.);
#174=ADVANCED_FACE('',(#588),#589,.T.);
#175=ADVANCED_FACE('',(#590),#591,.T.);
#176=ADVANCED_FACE('',(#592),#593,.T.);
#177=ADVANCED_FACE('',(#594),#595,.T.);
#178=ADVANCED_FACE('',(#596),#597,.T.);
#179=ADVANCED_FACE('',(#598),#599,.T.);
#180=ADVANCED_FACE('',(#600),#601,.T.);
#181=ADVANCED_FACE('',(#602),#603,.T.);
#182=ADVANCED_FACE('',(#604),#605,.T.);
#183=ADVANCED_FACE('',(#606),#607,.T.);
#184=ADVANCED_FACE('',(#608),#609,.T.);
#185=ADVANCED_FACE('',(#610),#611,.T.);
#186=ADVANCED_FACE('',(#612),#613,.T.);
#187=ADVANCED_FACE('',(#614),#615,.T.);
#188=ADVANCED_FACE('',(#616),#617,.T.);
#189=ADVANCED_FACE('',(#618),#619,.T.);
#190=ADVANCED_FACE('',(#620),#621,.T.);
#191=ADVANCED_FACE('',(#622),#623,.T.);
#192=ADVANCED_FACE('',(#624),#625,.F.);
#193=ADVANCED_FACE('',(#626),#627,.T.);
#194=ADVANCED_FACE('',(#628),#629,.T.);
#195=ADVANCED_FACE('',(#630),#631,.T.);
#196=ADVANCED_FACE('',(#632),#633,.T.);
#197=ADVANCED_FACE('',(#634),#635,.F.);
#198=ADVANCED_FACE('',(#636),#637,.T.);
#199=ADVANCED_FACE('',(#638),#639,.T.);
#200=ADVANCED_FACE('',(#640),#641,.T.);
#201=ADVANCED_FACE('',(#642),#643,.F.);
#202=ADVANCED_FACE('',(#644),#645,.T.);
#203=ADVANCED_FACE('',(#646),#647,.F.);
#204=ADVANCED_FACE('',(#648),#649,.T.);
#205=ADVANCED_FACE('',(#650),#651,.F.);
#206=ADVANCED_FACE('',(#652),#653,.T.);
#207=ADVANCED_FACE('',(#654),#655,.T.);
#208=ADVANCED_FACE('',(#656),#657,.F.);
#209=ADVANCED_FACE('',(#658),#659,.T.);
#210=ADVANCED_FACE('',(#660),#661,.F.);
#211=ADVANCED_FACE('',(#662),#663,.F.);
#212=ADVANCED_FACE('',(#664),#665,.F.);
#213=ADVANCED_FACE('',(#666),#667,.F.);
#214=ADVANCED_FACE('',(#668),#669,.T.);
#215=ADVANCED_FACE('',(#670),#671,.F.);
#216=ADVANCED_FACE('',(#672),#673,.T.);
#217=ADVANCED_FACE('',(#674),#675,.F.);
#218=ADVANCED_FACE('',(#676),#677,.T.);
#219=ADVANCED_FACE('',(#678),#679,.F.);
#220=ADVANCED_FACE('',(#680),#681,.T.);
#221=ADVANCED_FACE('',(#682),#683,.F.);
#222=ADVANCED_FACE('',(#684),#685,.T.);
#223=ADVANCED_FACE('',(#686),#687,.T.);
#224=ADVANCED_FACE('',(#688),#689,.T.);
#225=ADVANCED_FACE('',(#690),#691,.T.);
#226=ADVANCED_FACE('',(#692),#693,.T.);
#227=ADVANCED_FACE('',(#694),#695,.T.);
#228=ADVANCED_FACE('',(#696),#697,.T.);
#229=ADVANCED_FACE('',(#698),#699,.T.);
#230=ADVANCED_FACE('',(#700),#701,.T.);
#231=ADVANCED_FACE('',(#702),#703,.T.);
#232=ADVANCED_FACE('',(#704),#705,.T.);
#233=ADVANCED_FACE('',(#706),#707,.T.);
#234=ADVANCED_FACE('',(#708),#709,.T.);
#235=ADVANCED_FACE('',(#710),#711,.T.);
#236=ADVANCED_FACE('',(#712),#713,.T.);
#237=ADVANCED_FACE('',(#714),#715,.T.);
#238=ADVANCED_FACE('',(#716),#717,.T.);
#239=ADVANCED_FACE('',(#718),#719,.T.);
#240=ADVANCED_FACE('',(#720),#721,.T.);
#241=ADVANCED_FACE('',(#722),#723,.T.);
#242=ADVANCED_FACE('',(#724),#725,.T.);
#243=ADVANCED_FACE('',(#726),#727,.T.);
#244=ADVANCED_FACE('',(#728),#729,.T.);
#245=ADVANCED_FACE('',(#730),#731,.F.);
#246=ADVANCED_FACE('',(#732),#733,.T.);
#247=ADVANCED_FACE('',(#734),#735,.T.);
#248=ADVANCED_FACE('',(#736),#737,.T.);
#249=ADVANCED_FACE('',(#738),#739,.T.);
#250=ADVANCED_FACE('',(#740),#741,.F.);
#251=ADVANCED_FACE('',(#742),#743,.T.);
#252=ADVANCED_FACE('',(#744),#745,.T.);
#253=ADVANCED_FACE('',(#746),#747,.T.);
#254=ADVANCED_FACE('',(#748),#749,.F.);
#255=ADVANCED_FACE('',(#750),#751,.T.);
#256=ADVANCED_FACE('',(#752),#753,.F.);
#257=ADVANCED_FACE('',(#754),#755,.T.);
#258=ADVANCED_FACE('',(#756),#757,.F.);
#259=ADVANCED_FACE('',(#758),#759,.T.);
#260=ADVANCED_FACE('',(#760),#761,.T.);
#261=ADVANCED_FACE('',(#762),#763,.T.);
#262=ADVANCED_FACE('',(#764),#765,.F.);
#263=ADVANCED_FACE('',(#766),#767,.F.);
#264=ADVANCED_FACE('',(#768),#769,.F.);
#265=ADVANCED_FACE('',(#770),#771,.T.);
#266=ADVANCED_FACE('',(#772),#773,.F.);
#267=ADVANCED_FACE('',(#774),#775,.T.);
#268=ADVANCED_FACE('',(#776),#777,.F.);
#269=ADVANCED_FACE('',(#778),#779,.T.);
#270=ADVANCED_FACE('',(#780),#781,.F.);
#271=ADVANCED_FACE('',(#782),#783,.T.);
#272=ADVANCED_FACE('',(#784),#785,.F.);
#273=ADVANCED_FACE('',(#786),#787,.T.);
#274=ADVANCED_FACE('',(#788),#789,.T.);
#275=ADVANCED_FACE('',(#790),#791,.T.);
#276=ADVANCED_FACE('',(#792),#793,.T.);
#277=ADVANCED_FACE('',(#794),#795,.T.);
#278=ADVANCED_FACE('',(#796),#797,.T.);
#279=ADVANCED_FACE('',(#798),#799,.T.);
#280=ADVANCED_FACE('',(#800),#801,.T.);
#281=ADVANCED_FACE('',(#802),#803,.T.);
#282=ADVANCED_FACE('',(#804),#805,.T.);
#283=ADVANCED_FACE('',(#806),#807,.T.);
#284=ADVANCED_FACE('',(#808),#809,.T.);
#285=ADVANCED_FACE('',(#810),#811,.T.);
#286=ADVANCED_FACE('',(#812),#813,.T.);
#287=ADVANCED_FACE('',(#814),#815,.T.);
#288=ADVANCED_FACE('',(#816),#817,.T.);
#289=ADVANCED_FACE('',(#818),#819,.T.);
#290=ADVANCED_FACE('',(#820),#821,.T.);
#291=ADVANCED_FACE('',(#822),#823,.T.);
#292=ADVANCED_FACE('',(#824),#825,.T.);
#293=ADVANCED_FACE('',(#826),#827,.T.);
#294=ADVANCED_FACE('',(#828),#829,.T.);
#295=ADVANCED_FACE('',(#830),#831,.T.);
#296=ADVANCED_FACE('',(#832),#833,.F.);
#297=ADVANCED_FACE('',(#834),#835,.T.);
#298=ADVANCED_FACE('',(#836),#837,.T.);
#299=ADVANCED_FACE('',(#838),#839,.T.);
#300=ADVANCED_FACE('',(#840),#841,.T.);
#301=ADVANCED_FACE('',(#842),#843,.F.);
#302=ADVANCED_FACE('',(#844),#845,.T.);
#303=ADVANCED_FACE('',(#846),#847,.T.);
#304=ADVANCED_FACE('',(#848),#849,.T.);
#305=ADVANCED_FACE('',(#850),#851,.F.);
#306=ADVANCED_FACE('',(#852),#853,.T.);
#307=ADVANCED_FACE('',(#854),#855,.F.);
#308=ADVANCED_FACE('',(#856),#857,.T.);
#309=ADVANCED_FACE('',(#858),#859,.F.);
#310=ADVANCED_FACE('',(#860),#861,.T.);
#311=ADVANCED_FACE('',(#862),#863,.T.);
#312=ADVANCED_FACE('',(#864),#865,.T.);
#313=ADVANCED_FACE('',(#866),#867,.F.);
#314=ADVANCED_FACE('',(#868),#869,.F.);
#315=ADVANCED_FACE('',(#870),#871,.F.);
#316=ADVANCED_FACE('',(#872),#873,.T.);
#317=ADVANCED_FACE('',(#874),#875,.T.);
#318=ADVANCED_FACE('',(#876),#877,.F.);
#319=ADVANCED_FACE('',(#878),#879,.T.);
#320=ADVANCED_FACE('',(#880),#881,.F.);
#321=ADVANCED_FACE('',(#882),#883,.T.);
#322=ADVANCED_FACE('',(#884),#885,.F.);
#323=ADVANCED_FACE('',(#886),#887,.T.);
#324=ADVANCED_FACE('',(#888),#889,.T.);
#325=ADVANCED_FACE('',(#890),#891,.T.);
#326=ADVANCED_FACE('',(#892),#893,.T.);
#327=ADVANCED_FACE('',(#894),#895,.T.);
#328=ADVANCED_FACE('',(#896),#897,.T.);
#329=ADVANCED_FACE('',(#898),#899,.T.);
#330=ADVANCED_FACE('',(#900),#901,.T.);
#331=ADVANCED_FACE('',(#902),#903,.T.);
#332=ADVANCED_FACE('',(#904),#905,.T.);
#333=ADVANCED_FACE('',(#906),#907,.T.);
#334=ADVANCED_FACE('',(#908),#909,.T.);
#335=ADVANCED_FACE('',(#910),#911,.T.);
#336=ADVANCED_FACE('',(#912),#913,.T.);
#337=ADVANCED_FACE('',(#914),#915,.T.);
#338=ADVANCED_FACE('',(#916),#917,.T.);
#339=ADVANCED_FACE('',(#918),#919,.T.);
#340=ADVANCED_FACE('',(#920),#921,.T.);
#341=ADVANCED_FACE('',(#922),#923,.T.);
#342=ADVANCED_FACE('',(#924),#925,.T.);
#343=ADVANCED_FACE('',(#926),#927,.T.);
#344=ADVANCED_FACE('',(#928),#929,.T.);
#345=ADVANCED_FACE('',(#930),#931,.T.);
#346=ADVANCED_FACE('',(#932),#933,.F.);
#347=ADVANCED_FACE('',(#934),#935,.T.);
#348=ADVANCED_FACE('',(#936),#937,.T.);
#349=ADVANCED_FACE('',(#938),#939,.T.);
#350=ADVANCED_FACE('',(#940),#941,.T.);
#351=ADVANCED_FACE('',(#942),#943,.F.);
#352=ADVANCED_FACE('',(#944),#945,.T.);
#353=ADVANCED_FACE('',(#946),#947,.T.);
#354=ADVANCED_FACE('',(#948),#949,.F.);
#355=ADVANCED_FACE('',(#950),#951,.F.);
#356=ADVANCED_FACE('',(#952),#953,.F.);
#357=ADVANCED_FACE('',(#954),#955,.T.);
#358=ADVANCED_FACE('',(#956),#957,.F.);
#359=ADVANCED_FACE('',(#958),#959,.T.);
#360=ADVANCED_FACE('',(#960),#961,.F.);
#361=ADVANCED_FACE('',(#962),#963,.F.);
#362=ADVANCED_FACE('',(#964),#965,.F.);
#363=ADVANCED_FACE('',(#966),#967,.F.);
#364=ADVANCED_FACE('',(#968),#969,.T.);
#365=ADVANCED_FACE('',(#970),#971,.F.);
#366=ADVANCED_FACE('',(#972),#973,.T.);
#367=ADVANCED_FACE('',(#974),#975,.F.);
#368=ADVANCED_FACE('',(#976),#977,.F.);
#369=ADVANCED_FACE('',(#978),#979,.F.);
#370=ADVANCED_FACE('',(#980),#981,.F.);
#371=ADVANCED_FACE('',(#982),#983,.T.);
#372=ADVANCED_FACE('',(#984),#985,.F.);
#373=ADVANCED_FACE('',(#986),#987,.T.);
#374=ADVANCED_FACE('',(#988),#989,.F.);
#375=ADVANCED_FACE('',(#990),#991,.F.);
#376=ADVANCED_FACE('',(#992),#993,.F.);
#377=ADVANCED_FACE('',(#994),#995,.F.);
#378=ADVANCED_FACE('',(#996),#997,.T.);
#379=ADVANCED_FACE('',(#998),#999,.F.);
#380=ADVANCED_FACE('',(#1000),#1001,.T.);
#381=ADVANCED_FACE('',(#1002),#1003,.F.);
#383=FACE_OUTER_BOUND('',#1004,.T.);
#384=SPHERICAL_SURFACE('',#1005,0.1);
#385=FACE_OUTER_BOUND('',#1006,.T.);
#386=SPHERICAL_SURFACE('',#1007,0.1);
#387=FACE_OUTER_BOUND('',#1008,.T.);
#388=CYLINDRICAL_SURFACE('',#1009,0.1);
#389=FACE_OUTER_BOUND('',#1010,.T.);
#390=SPHERICAL_SURFACE('',#1011,0.1);
#391=FACE_OUTER_BOUND('',#1012,.T.);
#392=SPHERICAL_SURFACE('',#1013,0.1);
#393=FACE_OUTER_BOUND('',#1014,.T.);
#394=CYLINDRICAL_SURFACE('',#1015,0.1);
#395=FACE_OUTER_BOUND('',#1016,.T.);
#396=SPHERICAL_SURFACE('',#1017,0.1);
#397=FACE_OUTER_BOUND('',#1018,.T.);
#398=SPHERICAL_SURFACE('',#1019,0.1);
#399=FACE_OUTER_BOUND('',#1020,.T.);
#400=CYLINDRICAL_SURFACE('',#1021,0.1);
#401=FACE_OUTER_BOUND('',#1022,.T.);
#402=SPHERICAL_SURFACE('',#1023,0.1);
#403=FACE_OUTER_BOUND('',#1024,.T.);
#404=SPHERICAL_SURFACE('',#1025,0.1);
#405=FACE_OUTER_BOUND('',#1026,.T.);
#406=CYLINDRICAL_SURFACE('',#1027,0.1);
#407=FACE_OUTER_BOUND('',#1028,.T.);
#408=PLANE('',#1029);
#409=FACE_OUTER_BOUND('',#1030,.T.);
#410=PLANE('',#1031);
#411=FACE_OUTER_BOUND('',#1032,.T.);
#412=FACE_BOUND('',#1033,.T.);
#413=PLANE('',#1034);
#414=FACE_OUTER_BOUND('',#1035,.T.);
#415=FACE_BOUND('',#1036,.T.);
#416=PLANE('',#1037);
#417=FACE_OUTER_BOUND('',#1038,.T.);
#418=PLANE('',#1039);
#419=FACE_OUTER_BOUND('',#1040,.T.);
#420=PLANE('',#1041);
#421=FACE_OUTER_BOUND('',#1042,.T.);
#422=PLANE('',#1043);
#423=FACE_OUTER_BOUND('',#1044,.T.);
#424=CYLINDRICAL_SURFACE('',#1045,0.1);
#425=FACE_OUTER_BOUND('',#1046,.T.);
#426=PLANE('',#1047);
#427=FACE_OUTER_BOUND('',#1048,.T.);
#428=CYLINDRICAL_SURFACE('',#1049,0.0999999999999999);
#429=FACE_OUTER_BOUND('',#1050,.T.);
#430=PLANE('',#1051);
#431=FACE_OUTER_BOUND('',#1052,.T.);
#432=PLANE('',#1053);
#433=FACE_OUTER_BOUND('',#1054,.T.);
#434=PLANE('',#1055);
#435=FACE_OUTER_BOUND('',#1056,.T.);
#436=CYLINDRICAL_SURFACE('',#1057,0.1);
#437=FACE_OUTER_BOUND('',#1058,.T.);
#438=PLANE('',#1059);
#439=FACE_OUTER_BOUND('',#1060,.T.);
#440=CYLINDRICAL_SURFACE('',#1061,0.1);
#441=FACE_OUTER_BOUND('',#1062,.T.);
#442=PLANE('',#1063);
#443=FACE_OUTER_BOUND('',#1064,.T.);
#444=PLANE('',#1065);
#445=FACE_OUTER_BOUND('',#1066,.T.);
#446=CYLINDRICAL_SURFACE('',#1067,0.1);
#447=FACE_OUTER_BOUND('',#1068,.T.);
#448=PLANE('',#1069);
#449=FACE_OUTER_BOUND('',#1070,.T.);
#450=CYLINDRICAL_SURFACE('',#1071,0.1);
#451=FACE_OUTER_BOUND('',#1072,.T.);
#452=PLANE('',#1073);
#453=FACE_OUTER_BOUND('',#1074,.T.);
#454=PLANE('',#1075);
#455=FACE_OUTER_BOUND('',#1076,.T.);
#456=PLANE('',#1077);
#457=FACE_OUTER_BOUND('',#1078,.T.);
#458=CYLINDRICAL_SURFACE('',#1079,0.0999999999999999);
#459=FACE_OUTER_BOUND('',#1080,.T.);
#460=PLANE('',#1081);
#461=FACE_OUTER_BOUND('',#1082,.T.);
#462=CYLINDRICAL_SURFACE('',#1083,0.1);
#463=FACE_OUTER_BOUND('',#1084,.T.);
#464=PLANE('',#1085);
#465=FACE_OUTER_BOUND('',#1086,.T.);
#466=CYLINDRICAL_SURFACE('',#1087,1.26);
#467=FACE_OUTER_BOUND('',#1088,.T.);
#468=PLANE('',#1089);
#469=FACE_OUTER_BOUND('',#1090,.T.);
#470=CYLINDRICAL_SURFACE('',#1091,1.26);
#471=FACE_OUTER_BOUND('',#1092,.T.);
#472=CYLINDRICAL_SURFACE('',#1093,0.0999999999999999);
#473=FACE_OUTER_BOUND('',#1094,.T.);
#474=PLANE('',#1095);
#475=FACE_OUTER_BOUND('',#1096,.T.);
#476=CYLINDRICAL_SURFACE('',#1097,0.0999999999999998);
#477=FACE_OUTER_BOUND('',#1098,.T.);
#478=CYLINDRICAL_SURFACE('',#1099,1.26);
#479=FACE_OUTER_BOUND('',#1100,.T.);
#480=PLANE('',#1101);
#481=FACE_OUTER_BOUND('',#1102,.T.);
#482=CYLINDRICAL_SURFACE('',#1103,1.26);
#483=FACE_OUTER_BOUND('',#1104,.T.);
#484=CYLINDRICAL_SURFACE('',#1105,0.0999999999999998);
#485=FACE_OUTER_BOUND('',#1106,.T.);
#486=PLANE('',#1107);
#487=FACE_OUTER_BOUND('',#1108,.T.);
#488=CYLINDRICAL_SURFACE('',#1109,0.0999999999999999);
#489=FACE_OUTER_BOUND('',#1110,.T.);
#490=PLANE('',#1111);
#491=FACE_OUTER_BOUND('',#1112,.T.);
#492=TOROIDAL_SURFACE('',#1113,1.0,0.1);
#493=FACE_OUTER_BOUND('',#1114,.T.);
#494=CYLINDRICAL_SURFACE('',#1115,0.1);
#495=FACE_OUTER_BOUND('',#1116,.T.);
#496=TOROIDAL_SURFACE('',#1117,1.0,0.1);
#497=FACE_OUTER_BOUND('',#1118,.T.);
#498=CYLINDRICAL_SURFACE('',#1119,0.1);
#499=FACE_OUTER_BOUND('',#1120,.T.);
#500=CYLINDRICAL_SURFACE('',#1121,1.1);
#501=FACE_OUTER_BOUND('',#1122,.T.);
#502=PLANE('',#1123);
#503=FACE_OUTER_BOUND('',#1124,.T.);
#504=CYLINDRICAL_SURFACE('',#1125,1.1);
#505=FACE_OUTER_BOUND('',#1126,.T.);
#506=PLANE('',#1127);
#507=FACE_OUTER_BOUND('',#1128,.T.);
#508=FACE_BOUND('',#1129,.T.);
#509=PLANE('',#1130);
#510=FACE_OUTER_BOUND('',#1131,.T.);
#511=PLANE('',#1132);
#512=FACE_OUTER_BOUND('',#1133,.T.);
#513=PLANE('',#1134);
#514=FACE_OUTER_BOUND('',#1135,.T.);
#515=PLANE('',#1136);
#516=FACE_OUTER_BOUND('',#1137,.T.);
#517=PLANE('',#1138);
#518=FACE_OUTER_BOUND('',#1139,.T.);
#519=FACE_BOUND('',#1140,.T.);
#520=PLANE('',#1141);
#521=FACE_OUTER_BOUND('',#1142,.T.);
#522=FACE_BOUND('',#1143,.T.);
#523=PLANE('',#1144);
#524=FACE_OUTER_BOUND('',#1145,.T.);
#525=FACE_BOUND('',#1146,.T.);
#526=PLANE('',#1147);
#527=FACE_OUTER_BOUND('',#1148,.T.);
#528=FACE_BOUND('',#1149,.T.);
#529=PLANE('',#1150);
#530=FACE_OUTER_BOUND('',#1151,.T.);
#531=CYLINDRICAL_SURFACE('',#1152,0.2);
#532=FACE_OUTER_BOUND('',#1153,.T.);
#533=PLANE('',#1154);
#534=FACE_OUTER_BOUND('',#1155,.T.);
#535=CYLINDRICAL_SURFACE('',#1156,0.2);
#536=FACE_OUTER_BOUND('',#1157,.T.);
#537=PLANE('',#1158);
#538=FACE_OUTER_BOUND('',#1159,.T.);
#539=CYLINDRICAL_SURFACE('',#1160,0.0999999999999998);
#540=FACE_OUTER_BOUND('',#1161,.T.);
#541=PLANE('',#1162);
#542=FACE_OUTER_BOUND('',#1163,.T.);
#543=CYLINDRICAL_SURFACE('',#1164,0.1);
#544=FACE_OUTER_BOUND('',#1165,.T.);
#545=PLANE('',#1166);
#546=FACE_OUTER_BOUND('',#1167,.T.);
#547=PLANE('',#1168);
#548=FACE_OUTER_BOUND('',#1169,.T.);
#549=CYLINDRICAL_SURFACE('',#1170,0.0999999999999998);
#550=FACE_OUTER_BOUND('',#1171,.T.);
#551=PLANE('',#1172);
#552=FACE_OUTER_BOUND('',#1173,.T.);
#553=PLANE('',#1174);
#554=FACE_OUTER_BOUND('',#1175,.T.);
#555=PLANE('',#1176);
#556=FACE_OUTER_BOUND('',#1177,.T.);
#557=CYLINDRICAL_SURFACE('',#1178,0.1);
#558=FACE_OUTER_BOUND('',#1179,.T.);
#559=PLANE('',#1180);
#560=FACE_OUTER_BOUND('',#1181,.T.);
#561=CYLINDRICAL_SURFACE('',#1182,0.1);
#562=FACE_OUTER_BOUND('',#1183,.T.);
#563=PLANE('',#1184);
#564=FACE_OUTER_BOUND('',#1185,.T.);
#565=PLANE('',#1186);
#566=FACE_OUTER_BOUND('',#1187,.T.);
#567=CYLINDRICAL_SURFACE('',#1188,0.1);
#568=FACE_OUTER_BOUND('',#1189,.T.);
#569=PLANE('',#1190);
#570=FACE_OUTER_BOUND('',#1191,.T.);
#571=CYLINDRICAL_SURFACE('',#1192,0.1);
#572=FACE_OUTER_BOUND('',#1193,.T.);
#573=PLANE('',#1194);
#574=FACE_OUTER_BOUND('',#1195,.T.);
#575=CYLINDRICAL_SURFACE('',#1196,0.1);
#576=FACE_OUTER_BOUND('',#1197,.T.);
#577=PLANE('',#1198);
#578=FACE_OUTER_BOUND('',#1199,.T.);
#579=CYLINDRICAL_SURFACE('',#1200,0.1);
#580=FACE_OUTER_BOUND('',#1201,.T.);
#581=PLANE('',#1202);
#582=FACE_OUTER_BOUND('',#1203,.T.);
#583=CYLINDRICAL_SURFACE('',#1204,0.1);
#584=FACE_OUTER_BOUND('',#1205,.T.);
#585=SPHERICAL_SURFACE('',#1206,0.1);
#586=FACE_OUTER_BOUND('',#1207,.T.);
#587=CYLINDRICAL_SURFACE('',#1208,0.1);
#588=FACE_OUTER_BOUND('',#1209,.T.);
#589=SPHERICAL_SURFACE('',#1210,0.1);
#590=FACE_OUTER_BOUND('',#1211,.T.);
#591=CYLINDRICAL_SURFACE('',#1212,0.1);
#592=FACE_OUTER_BOUND('',#1213,.T.);
#593=SPHERICAL_SURFACE('',#1214,0.1);
#594=FACE_OUTER_BOUND('',#1215,.T.);
#595=CYLINDRICAL_SURFACE('',#1216,0.1);
#596=FACE_OUTER_BOUND('',#1217,.T.);
#597=SPHERICAL_SURFACE('',#1218,0.1);
#598=FACE_OUTER_BOUND('',#1219,.T.);
#599=CYLINDRICAL_SURFACE('',#1220,0.1);
#600=FACE_OUTER_BOUND('',#1221,.T.);
#601=CYLINDRICAL_SURFACE('',#1222,0.1);
#602=FACE_OUTER_BOUND('',#1223,.T.);
#603=SPHERICAL_SURFACE('',#1224,0.1);
#604=FACE_OUTER_BOUND('',#1225,.T.);
#605=CYLINDRICAL_SURFACE('',#1226,0.1);
#606=FACE_OUTER_BOUND('',#1227,.T.);
#607=SPHERICAL_SURFACE('',#1228,0.1);
#608=FACE_OUTER_BOUND('',#1229,.T.);
#609=CYLINDRICAL_SURFACE('',#1230,0.1);
#610=FACE_OUTER_BOUND('',#1231,.T.);
#611=SPHERICAL_SURFACE('',#1232,0.1);
#612=FACE_OUTER_BOUND('',#1233,.T.);
#613=CYLINDRICAL_SURFACE('',#1234,0.0999999999999999);
#614=FACE_OUTER_BOUND('',#1235,.T.);
#615=SPHERICAL_SURFACE('',#1236,0.1);
#616=FACE_OUTER_BOUND('',#1237,.T.);
#617=CYLINDRICAL_SURFACE('',#1238,0.1);
#618=FACE_OUTER_BOUND('',#1239,.T.);
#619=CYLINDRICAL_SURFACE('',#1240,0.1);
#620=FACE_OUTER_BOUND('',#1241,.T.);
#621=CYLINDRICAL_SURFACE('',#1242,0.1);
#622=FACE_OUTER_BOUND('',#1243,.T.);
#623=(B_SPLINE_SURFACE(3,2,((#1245,#1246,#1247,#1248,#1249),(#1250,#1251,#1252,#1253,#1254),(#1255,#1256,#1257,#1258,#1259),(#1260,#1261,#1262,#1263,#1264),(#1265,#1266,#1267,#1268,#1269),(#1270,#1271,#1272,#1273,#1274),(#1275,#1276,#1277,#1278,#1279)),.UNSPECIFIED.,.F.,.F.,.F.)B_SPLINE_SURFACE_WITH_KNOTS((4,3,4),(3,2,3),(0.000266899829402749,0.000275877768698362,0.00031546621551461),(0.0,1.0,1.03563878997376),.UNSPECIFIED.)RATIONAL_B_SPLINE_SURFACE(((1.0,0.980880587184466,1.0,1.0,1.0),(1.0,0.980880587184466,1.0,1.0,1.0),(1.0,0.980880587184466,1.0,1.0,1.0),(1.0,0.980880587184466,1.0,1.0,1.0),(1.0,0.993789690476557,1.0,1.0,1.0),(1.0,1.00003715382465,1.0,1.0,1.0),(1.0,1.0,1.0,1.0,1.0)))BOUNDED_SURFACE()REPRESENTATION_ITEM('')GEOMETRIC_REPRESENTATION_ITEM()SURFACE());
#624=FACE_OUTER_BOUND('',#1286,.T.);
#625=B_SPLINE_SURFACE_WITH_KNOTS('',3,3,((#1287,#1288,#1289,#1290,#1291,#1292,#1293,#1294,#1295,#1296,#1297,#1298,#1299,#1300,#1301,#1302,#1303,#1304,#1305,#1306,#1307,#1308,#1309,#1310,#1311,#1312),(#1313,#1314,#1315,#1316,#1317,#1318,#1319,#1320,#1321,#1322,#1323,#1324,#1325,#1326,#1327,#1328,#1329,#1330,#1331,#1332,#1333,#1334,#1335,#1336,#1337,#1338),(#1339,#1340,#1341,#1342,#1343,#1344,#1345,#1346,#1347,#1348,#1349,#1350,#1351,#1352,#1353,#1354,#1355,#1356,#1357,#1358,#1359,#1360,#1361,#1362,#1363,#1364),(#1365,#1366,#1367,#1368,#1369,#1370,#1371,#1372,#1373,#1374,#1375,#1376,#1377,#1378,#1379,#1380,#1381,#1382,#1383,#1384,#1385,#1386,#1387,#1388,#1389,#1390),(#1391,#1392,#1393,#1394,#1395,#1396,#1397,#1398,#1399,#1400,#1401,#1402,#1403,#1404,#1405,#1406,#1407,#1408,#1409,#1410,#1411,#1412,#1413,#1414,#1415,#1416),(#1417,#1418,#1419,#1420,#1421,#1422,#1423,#1424,#1425,#1426,#1427,#1428,#1429,#1430,#1431,#1432,#1433,#1434,#1435,#1436,#1437,#1438,#1439,#1440,#1441,#1442),(#1443,#1444,#1445,#1446,#1447,#1448,#1449,#1450,#1451,#1452,#1453,#1454,#1455,#1456,#1457,#1458,#1459,#1460,#1461,#1462,#1463,#1464,#1465,#1466,#1467,#1468),(#1469,#1470,#1471,#1472,#1473,#1474,#1475,#1476,#1477,#1478,#1479,#1480,#1481,#1482,#1483,#1484,#1485,#1486,#1487,#1488,#1489,#1490,#1491,#1492,#1493,#1494),(#1495,#1496,#1497,#1498,#1499,#1500,#1501,#1502,#1503,#1504,#1505,#1506,#1507,#1508,#1509,#1510,#1511,#1512,#1513,#1514,#1515,#1516,#1517,#1518,#1519,#1520),(#1521,#1522,#1523,#1524,#1525,#1526,#1527,#1528,#1529,#1530,#1531,#1532,#1533,#1534,#1535,#1536,#1537,#1538,#1539,#1540,#1541,#1542,#1543,#1544,#1545,#1546),(#1547,#1548,#1549,#1550,#1551,#1552,#1553,#1554,#1555,#1556,#1557,#1558,#1559,#1560,#1561,#1562,#1563,#1564,#1565,#1566,#1567,#1568,#1569,#1570,#1571,#1572),(#1573,#1574,#1575,#1576,#1577,#1578,#1579,#1580,#1581,#1582,#1583,#1584,#1585,#1586,#1587,#1588,#1589,#1590,#1591,#1592,#1593,#1594,#1595,#1596,#1597,#1598),(#1599,#1600,#1601,#1602,#1603,#1604,#1605,#1606,#1607,#1608,#1609,#1610,#1611,#1612,#1613,#1614,#1615,#1616,#1617,#1618,#1619,#1620,#1621,#1622,#1623,#1624),(#1625,#1626,#1627,#1628,#1629,#1630,#1631,#1632,#1633,#1634,#1635,#1636,#1637,#1638,#1639,#1640,#1641,#1642,#1643,#1644,#1645,#1646,#1647,#1648,#1649,#1650),(#1651,#1652,#1653,#1654,#1655,#1656,#1657,#1658,#1659,#1660,#1661,#1662,#1663,#1664,#1665,#1666,#1667,#1668,#1669,#1670,#1671,#1672,#1673,#1674,#1675,#1676),(#1677,#1678,#1679,#1680,#1681,#1682,#1683,#1684,#1685,#1686,#1687,#1688,#1689,#1690,#1691,#1692,#1693,#1694,#1695,#1696,#1697,#1698,#1699,#1700,#1701,#1702),(#1703,#1704,#1705,#1706,#1707,#1708,#1709,#1710,#1711,#1712,#1713,#1714,#1715,#1716,#1717,#1718,#1719,#1720,#1721,#1722,#1723,#1724,#1725,#1726,#1727,#1728),(#1729,#1730,#1731,#1732,#1733,#1734,#1735,#1736,#1737,#1738,#1739,#1740,#1741,#1742,#1743,#1744,#1745,#1746,#1747,#1748,#1749,#1750,#1751,#1752,#1753,#1754)),.UNSPECIFIED.,.F.,.F.,.F.,(4,2,2,2,2,2,2,2,4),(4,2,2,2,2,2,2,2,2,2,2,2,4),(0.0,0.132564305020225,0.277504972200016,0.419905451461636,0.43643447425,0.453742541395348,0.608932886067324,0.796787425931031,1.0),(0.0,0.168137082309226,0.184770773153487,0.249931989791762,0.338273395708176,0.369907749819927,0.416649802367138,0.513785754689958,0.555223184745314,0.674098103502261,0.818696493794825,0.837613477198249,1.0),.UNSPECIFIED.);
#626=FACE_OUTER_BOUND('',#1755,.T.);
#627=CYLINDRICAL_SURFACE('',#1756,0.1);
#628=FACE_OUTER_BOUND('',#1757,.T.);
#629=SPHERICAL_SURFACE('',#1758,0.1);
#630=FACE_OUTER_BOUND('',#1759,.T.);
#631=(B_SPLINE_SURFACE(3,2,((#1761,#1762,#1763),(#1764,#1765,#1766),(#1767,#1768,#1769),(#1770,#1771,#1772)),.UNSPECIFIED.,.F.,.F.,.F.)B_SPLINE_SURFACE_WITH_KNOTS((4,4),(3,3),(0.000275877768698479,0.00031546621551446),(0.0,1.0),.UNSPECIFIED.)RATIONAL_B_SPLINE_SURFACE(((1.0,0.980880587184727,1.0),(1.0,0.993789690476642,1.0),(1.0,1.00003715382465,1.0),(1.0,1.0,1.0)))BOUNDED_SURFACE()REPRESENTATION_ITEM('')GEOMETRIC_REPRESENTATION_ITEM()SURFACE());
#632=FACE_OUTER_BOUND('',#1779,.T.);
#633=CYLINDRICAL_SURFACE('',#1780,0.1);
#634=FACE_OUTER_BOUND('',#1781,.T.);
#635=B_SPLINE_SURFACE_WITH_KNOTS('',3,3,((#1782,#1783,#1784,#1785,#1786,#1787,#1788,#1789,#1790,#1791,#1792,#1793,#1794,#1795,#1796,#1797),(#1798,#1799,#1800,#1801,#1802,#1803,#1804,#1805,#1806,#1807,#1808,#1809,#1810,#1811,#1812,#1813),(#1814,#1815,#1816,#1817,#1818,#1819,#1820,#1821,#1822,#1823,#1824,#1825,#1826,#1827,#1828,#1829),(#1830,#1831,#1832,#1833,#1834,#1835,#1836,#1837,#1838,#1839,#1840,#1841,#1842,#1843,#1844,#1845),(#1846,#1847,#1848,#1849,#1850,#1851,#1852,#1853,#1854,#1855,#1856,#1857,#1858,#1859,#1860,#1861),(#1862,#1863,#1864,#1865,#1866,#1867,#1868,#1869,#1870,#1871,#1872,#1873,#1874,#1875,#1876,#1877),(#1878,#1879,#1880,#1881,#1882,#1883,#1884,#1885,#1886,#1887,#1888,#1889,#1890,#1891,#1892,#1893),(#1894,#1895,#1896,#1897,#1898,#1899,#1900,#1901,#1902,#1903,#1904,#1905,#1906,#1907,#1908,#1909),(#1910,#1911,#1912,#1913,#1914,#1915,#1916,#1917,#1918,#1919,#1920,#1921,#1922,#1923,#1924,#1925),(#1926,#1927,#1928,#1929,#1930,#1931,#1932,#1933,#1934,#1935,#1936,#1937,#1938,#1939,#1940,#1941),(#1942,#1943,#1944,#1945,#1946,#1947,#1948,#1949,#1950,#1951,#1952,#1953,#1954,#1955,#1956,#1957),(#1958,#1959,#1960,#1961,#1962,#1963,#1964,#1965,#1966,#1967,#1968,#1969,#1970,#1971,#1972,#1973),(#1974,#1975,#1976,#1977,#1978,#1979,#1980,#1981,#1982,#1983,#1984,#1985,#1986,#1987,#1988,#1989),(#1990,#1991,#1992,#1993,#1994,#1995,#1996,#1997,#1998,#1999,#2000,#2001,#2002,#2003,#2004,#2005),(#2006,#2007,#2008,#2009,#2010,#2011,#2012,#2013,#2014,#2015,#2016,#2017,#2018,#2019,#2020,#2021),(#2022,#2023,#2024,#2025,#2026,#2027,#2028,#2029,#2030,#2031,#2032,#2033,#2034,#2035,#2036,#2037),(#2038,#2039,#2040,#2041,#2042,#2043,#2044,#2045,#2046,#2047,#2048,#2049,#2050,#2051,#2052,#2053),(#2054,#2055,#2056,#2057,#2058,#2059,#2060,#2061,#2062,#2063,#2064,#2065,#2066,#2067,#2068,#2069)),.UNSPECIFIED.,.F.,.F.,.F.,(4,2,2,2,2,2,2,2,4),(4,2,2,2,2,2,2,4),(0.0,0.132150201753716,0.276851992875712,0.419905451461423,0.43642855996591,0.45374245712742,0.608302665909794,0.796400825080487,1.0),(0.0,0.169327021025934,0.3,0.340114303106339,0.507061896385327,0.675655770997371,0.837392988778472,1.0),.UNSPECIFIED.);
#636=FACE_OUTER_BOUND('',#2070,.T.);
#637=SPHERICAL_SURFACE('',#2071,0.1);
#638=FACE_OUTER_BOUND('',#2072,.T.);
#639=CYLINDRICAL_SURFACE('',#2073,0.0999999999999999);
#640=FACE_OUTER_BOUND('',#2074,.T.);
#641=CYLINDRICAL_SURFACE('',#2075,0.2);
#642=FACE_OUTER_BOUND('',#2076,.T.);
#643=PLANE('',#2077);
#644=FACE_OUTER_BOUND('',#2078,.T.);
#645=CYLINDRICAL_SURFACE('',#2079,0.2);
#646=FACE_OUTER_BOUND('',#2080,.T.);
#647=PLANE('',#2081);
#648=FACE_OUTER_BOUND('',#2082,.T.);
#649=CYLINDRICAL_SURFACE('',#2083,0.0999999999999998);
#650=FACE_OUTER_BOUND('',#2084,.T.);
#651=PLANE('',#2085);
#652=FACE_OUTER_BOUND('',#2086,.T.);
#653=CYLINDRICAL_SURFACE('',#2087,0.1);
#654=FACE_OUTER_BOUND('',#2088,.T.);
#655=PLANE('',#2089);
#656=FACE_OUTER_BOUND('',#2090,.T.);
#657=PLANE('',#2091);
#658=FACE_OUTER_BOUND('',#2092,.T.);
#659=CYLINDRICAL_SURFACE('',#2093,0.0999999999999998);
#660=FACE_OUTER_BOUND('',#2094,.T.);
#661=PLANE('',#2095);
#662=FACE_OUTER_BOUND('',#2096,.T.);
#663=PLANE('',#2097);
#664=FACE_OUTER_BOUND('',#2098,.T.);
#665=CYLINDRICAL_SURFACE('',#2099,0.1);
#666=FACE_OUTER_BOUND('',#2100,.T.);
#667=PLANE('',#2101);
#668=FACE_OUTER_BOUND('',#2102,.T.);
#669=CYLINDRICAL_SURFACE('',#2103,0.1);
#670=FACE_OUTER_BOUND('',#2104,.T.);
#671=PLANE('',#2105);
#672=FACE_OUTER_BOUND('',#2106,.T.);
#673=CYLINDRICAL_SURFACE('',#2107,0.1);
#674=FACE_OUTER_BOUND('',#2108,.T.);
#675=PLANE('',#2109);
#676=FACE_OUTER_BOUND('',#2110,.T.);
#677=CYLINDRICAL_SURFACE('',#2111,0.1);
#678=FACE_OUTER_BOUND('',#2112,.T.);
#679=PLANE('',#2113);
#680=FACE_OUTER_BOUND('',#2114,.T.);
#681=CYLINDRICAL_SURFACE('',#2115,0.1);
#682=FACE_OUTER_BOUND('',#2116,.T.);
#683=PLANE('',#2117);
#684=FACE_OUTER_BOUND('',#2118,.T.);
#685=CYLINDRICAL_SURFACE('',#2119,0.1);
#686=FACE_OUTER_BOUND('',#2120,.T.);
#687=PLANE('',#2121);
#688=FACE_OUTER_BOUND('',#2122,.T.);
#689=CYLINDRICAL_SURFACE('',#2123,0.1);
#690=FACE_OUTER_BOUND('',#2124,.T.);
#691=SPHERICAL_SURFACE('',#2125,0.1);
#692=FACE_OUTER_BOUND('',#2126,.T.);
#693=CYLINDRICAL_SURFACE('',#2127,0.1);
#694=FACE_OUTER_BOUND('',#2128,.T.);
#695=SPHERICAL_SURFACE('',#2129,0.1);
#696=FACE_OUTER_BOUND('',#2130,.T.);
#697=CYLINDRICAL_SURFACE('',#2131,0.1);
#698=FACE_OUTER_BOUND('',#2132,.T.);
#699=SPHERICAL_SURFACE('',#2133,0.1);
#700=FACE_OUTER_BOUND('',#2134,.T.);
#701=CYLINDRICAL_SURFACE('',#2135,0.1);
#702=FACE_OUTER_BOUND('',#2136,.T.);
#703=SPHERICAL_SURFACE('',#2137,0.1);
#704=FACE_OUTER_BOUND('',#2138,.T.);
#705=CYLINDRICAL_SURFACE('',#2139,0.1);
#706=FACE_OUTER_BOUND('',#2140,.T.);
#707=CYLINDRICAL_SURFACE('',#2141,0.1);
#708=FACE_OUTER_BOUND('',#2142,.T.);
#709=SPHERICAL_SURFACE('',#2143,0.1);
#710=FACE_OUTER_BOUND('',#2144,.T.);
#711=CYLINDRICAL_SURFACE('',#2145,0.1);
#712=FACE_OUTER_BOUND('',#2146,.T.);
#713=SPHERICAL_SURFACE('',#2147,0.1);
#714=FACE_OUTER_BOUND('',#2148,.T.);
#715=CYLINDRICAL_SURFACE('',#2149,0.1);
#716=FACE_OUTER_BOUND('',#2150,.T.);
#717=SPHERICAL_SURFACE('',#2151,0.1);
#718=FACE_OUTER_BOUND('',#2152,.T.);
#719=CYLINDRICAL_SURFACE('',#2153,0.0999999999999999);
#720=FACE_OUTER_BOUND('',#2154,.T.);
#721=SPHERICAL_SURFACE('',#2155,0.1);
#722=FACE_OUTER_BOUND('',#2156,.T.);
#723=CYLINDRICAL_SURFACE('',#2157,0.1);
#724=FACE_OUTER_BOUND('',#2158,.T.);
#725=CYLINDRICAL_SURFACE('',#2159,0.1);
#726=FACE_OUTER_BOUND('',#2160,.T.);
#727=CYLINDRICAL_SURFACE('',#2161,0.1);
#728=FACE_OUTER_BOUND('',#2162,.T.);
#729=(B_SPLINE_SURFACE(3,2,((#2164,#2165,#2166),(#2167,#2168,#2169),(#2170,#2171,#2172),(#2173,#2174,#2175)),.UNSPECIFIED.,.F.,.F.,.F.)B_SPLINE_SURFACE_WITH_KNOTS((4,4),(3,3),(0.000275877768698362,0.00031546621551461),(0.0,1.0),.UNSPECIFIED.)RATIONAL_B_SPLINE_SURFACE(((1.0,0.980880587184466,1.0),(1.0,0.993789690476556,1.0),(1.0,1.00003715382465,1.0),(1.0,1.0,1.0)))BOUNDED_SURFACE()REPRESENTATION_ITEM('')GEOMETRIC_REPRESENTATION_ITEM()SURFACE());
#730=FACE_OUTER_BOUND('',#2182,.T.);
#731=B_SPLINE_SURFACE_WITH_KNOTS('',3,3,((#2183,#2184,#2185,#2186,#2187,#2188,#2189,#2190,#2191,#2192,#2193,#2194,#2195,#2196,#2197,#2198),(#2199,#2200,#2201,#2202,#2203,#2204,#2205,#2206,#2207,#2208,#2209,#2210,#2211,#2212,#2213,#2214),(#2215,#2216,#2217,#2218,#2219,#2220,#2221,#2222,#2223,#2224,#2225,#2226,#2227,#2228,#2229,#2230),(#2231,#2232,#2233,#2234,#2235,#2236,#2237,#2238,#2239,#2240,#2241,#2242,#2243,#2244,#2245,#2246),(#2247,#2248,#2249,#2250,#2251,#2252,#2253,#2254,#2255,#2256,#2257,#2258,#2259,#2260,#2261,#2262),(#2263,#2264,#2265,#2266,#2267,#2268,#2269,#2270,#2271,#2272,#2273,#2274,#2275,#2276,#2277,#2278),(#2279,#2280,#2281,#2282,#2283,#2284,#2285,#2286,#2287,#2288,#2289,#2290,#2291,#2292,#2293,#2294),(#2295,#2296,#2297,#2298,#2299,#2300,#2301,#2302,#2303,#2304,#2305,#2306,#2307,#2308,#2309,#2310),(#2311,#2312,#2313,#2314,#2315,#2316,#2317,#2318,#2319,#2320,#2321,#2322,#2323,#2324,#2325,#2326),(#2327,#2328,#2329,#2330,#2331,#2332,#2333,#2334,#2335,#2336,#2337,#2338,#2339,#2340,#2341,#2342),(#2343,#2344,#2345,#2346,#2347,#2348,#2349,#2350,#2351,#2352,#2353,#2354,#2355,#2356,#2357,#2358),(#2359,#2360,#2361,#2362,#2363,#2364,#2365,#2366,#2367,#2368,#2369,#2370,#2371,#2372,#2373,#2374),(#2375,#2376,#2377,#2378,#2379,#2380,#2381,#2382,#2383,#2384,#2385,#2386,#2387,#2388,#2389,#2390),(#2391,#2392,#2393,#2394,#2395,#2396,#2397,#2398,#2399,#2400,#2401,#2402,#2403,#2404,#2405,#2406),(#2407,#2408,#2409,#2410,#2411,#2412,#2413,#2414,#2415,#2416,#2417,#2418,#2419,#2420,#2421,#2422),(#2423,#2424,#2425,#2426,#2427,#2428,#2429,#2430,#2431,#2432,#2433,#2434,#2435,#2436,#2437,#2438),(#2439,#2440,#2441,#2442,#2443,#2444,#2445,#2446,#2447,#2448,#2449,#2450,#2451,#2452,#2453,#2454),(#2455,#2456,#2457,#2458,#2459,#2460,#2461,#2462,#2463,#2464,#2465,#2466,#2467,#2468,#2469,#2470)),.UNSPECIFIED.,.F.,.F.,.F.,(4,2,2,2,2,2,2,2,4),(4,2,2,2,2,2,2,4),(0.0,0.132357431022887,0.277178442561395,0.419905451461511,0.436428520313279,0.453742541395237,0.608617040533777,0.79659343291863,1.0),(0.0,0.165856438034077,0.333130661611312,0.496636613854468,0.516962937621421,0.668692093684293,0.835315463080794,1.0),.UNSPECIFIED.);
#732=FACE_OUTER_BOUND('',#2471,.T.);
#733=CYLINDRICAL_SURFACE('',#2472,0.1);
#734=FACE_OUTER_BOUND('',#2473,.T.);
#735=SPHERICAL_SURFACE('',#2474,0.1);
#736=FACE_OUTER_BOUND('',#2475,.T.);
#737=(B_SPLINE_SURFACE(3,2,((#2477,#2478,#2479,#2480,#2481),(#2482,#2483,#2484,#2485,#2486),(#2487,#2488,#2489,#2490,#2491),(#2492,#2493,#2494,#2495,#2496),(#2497,#2498,#2499,#2500,#2501),(#2502,#2503,#2504,#2505,#2506),(#2507,#2508,#2509,#2510,#2511)),.UNSPECIFIED.,.F.,.F.,.F.)B_SPLINE_SURFACE_WITH_KNOTS((4,3,4),(3,2,3),(0.000266899829402866,0.000275877768698479,0.00031546621551446),(0.0,1.0,1.03563878997255),.UNSPECIFIED.)RATIONAL_B_SPLINE_SURFACE(((1.0,0.980880587184727,1.0,1.0,1.0),(1.0,0.980880587184727,1.0,1.0,1.0),(1.0,0.980880587184727,1.0,1.0,1.0),(1.0,0.980880587184727,1.0,1.0,1.0),(1.0,0.993789690476642,1.0,1.0,1.0),(1.0,1.00003715382465,1.0,1.0,1.0),(1.0,1.0,1.0,1.0,1.0)))BOUNDED_SURFACE()REPRESENTATION_ITEM('')GEOMETRIC_REPRESENTATION_ITEM()SURFACE());
#738=FACE_OUTER_BOUND('',#2518,.T.);
#739=CYLINDRICAL_SURFACE('',#2519,0.1);
#740=FACE_OUTER_BOUND('',#2520,.T.);
#741=B_SPLINE_SURFACE_WITH_KNOTS('',3,3,((#2521,#2522,#2523,#2524,#2525,#2526,#2527,#2528,#2529,#2530,#2531,#2532,#2533,#2534,#2535,#2536,#2537,#2538,#2539,#2540,#2541,#2542,#2543,#2544),(#2545,#2546,#2547,#2548,#2549,#2550,#2551,#2552,#2553,#2554,#2555,#2556,#2557,#2558,#2559,#2560,#2561,#2562,#2563,#2564,#2565,#2566,#2567,#2568),(#2569,#2570,#2571,#2572,#2573,#2574,#2575,#2576,#2577,#2578,#2579,#2580,#2581,#2582,#2583,#2584,#2585,#2586,#2587,#2588,#2589,#2590,#2591,#2592),(#2593,#2594,#2595,#2596,#2597,#2598,#2599,#2600,#2601,#2602,#2603,#2604,#2605,#2606,#2607,#2608,#2609,#2610,#2611,#2612,#2613,#2614,#2615,#2616),(#2617,#2618,#2619,#2620,#2621,#2622,#2623,#2624,#2625,#2626,#2627,#2628,#2629,#2630,#2631,#2632,#2633,#2634,#2635,#2636,#2637,#2638,#2639,#2640),(#2641,#2642,#2643,#2644,#2645,#2646,#2647,#2648,#2649,#2650,#2651,#2652,#2653,#2654,#2655,#2656,#2657,#2658,#2659,#2660,#2661,#2662,#2663,#2664),(#2665,#2666,#2667,#2668,#2669,#2670,#2671,#2672,#2673,#2674,#2675,#2676,#2677,#2678,#2679,#2680,#2681,#2682,#2683,#2684,#2685,#2686,#2687,#2688),(#2689,#2690,#2691,#2692,#2693,#2694,#2695,#2696,#2697,#2698,#2699,#2700,#2701,#2702,#2703,#2704,#2705,#2706,#2707,#2708,#2709,#2710,#2711,#2712),(#2713,#2714,#2715,#2716,#2717,#2718,#2719,#2720,#2721,#2722,#2723,#2724,#2725,#2726,#2727,#2728,#2729,#2730,#2731,#2732,#2733,#2734,#2735,#2736),(#2737,#2738,#2739,#2740,#2741,#2742,#2743,#2744,#2745,#2746,#2747,#2748,#2749,#2750,#2751,#2752,#2753,#2754,#2755,#2756,#2757,#2758,#2759,#2760),(#2761,#2762,#2763,#2764,#2765,#2766,#2767,#2768,#2769,#2770,#2771,#2772,#2773,#2774,#2775,#2776,#2777,#2778,#2779,#2780,#2781,#2782,#2783,#2784),(#2785,#2786,#2787,#2788,#2789,#2790,#2791,#2792,#2793,#2794,#2795,#2796,#2797,#2798,#2799,#2800,#2801,#2802,#2803,#2804,#2805,#2806,#2807,#2808),(#2809,#2810,#2811,#2812,#2813,#2814,#2815,#2816,#2817,#2818,#2819,#2820,#2821,#2822,#2823,#2824,#2825,#2826,#2827,#2828,#2829,#2830,#2831,#2832),(#2833,#2834,#2835,#2836,#2837,#2838,#2839,#2840,#2841,#2842,#2843,#2844,#2845,#2846,#2847,#2848,#2849,#2850,#2851,#2852,#2853,#2854,#2855,#2856),(#2857,#2858,#2859,#2860,#2861,#2862,#2863,#2864,#2865,#2866,#2867,#2868,#2869,#2870,#2871,#2872,#2873,#2874,#2875,#2876,#2877,#2878,#2879,#2880),(#2881,#2882,#2883,#2884,#2885,#2886,#2887,#2888,#2889,#2890,#2891,#2892,#2893,#2894,#2895,#2896,#2897,#2898,#2899,#2900,#2901,#2902,#2903,#2904),(#2905,#2906,#2907,#2908,#2909,#2910,#2911,#2912,#2913,#2914,#2915,#2916,#2917,#2918,#2919,#2920,#2921,#2922,#2923,#2924,#2925,#2926,#2927,#2928),(#2929,#2930,#2931,#2932,#2933,#2934,#2935,#2936,#2937,#2938,#2939,#2940,#2941,#2942,#2943,#2944,#2945,#2946,#2947,#2948,#2949,#2950,#2951,#2952)),.UNSPECIFIED.,.F.,.F.,.F.,(4,2,2,2,2,2,2,2,4),(4,2,2,2,2,2,2,2,2,2,2,4),(0.0,0.132357431043691,0.277178442578445,0.419905451461606,0.4364345777014,0.453742541395272,0.608617040542604,0.7965934329229,1.0),(0.0,0.164684536919276,0.183037062378644,0.332858387372569,0.408324483595146,0.503363386097668,0.633570806314167,0.666869338388733,0.750067770285152,0.816962937621811,0.834143561965948,1.0),.UNSPECIFIED.);
#742=FACE_OUTER_BOUND('',#2953,.T.);
#743=SPHERICAL_SURFACE('',#2954,0.1);
#744=FACE_OUTER_BOUND('',#2955,.T.);
#745=CYLINDRICAL_SURFACE('',#2956,0.0999999999999999);
#746=FACE_OUTER_BOUND('',#2957,.T.);
#747=CYLINDRICAL_SURFACE('',#2958,0.2);
#748=FACE_OUTER_BOUND('',#2959,.T.);
#749=PLANE('',#2960);
#750=FACE_OUTER_BOUND('',#2961,.T.);
#751=CYLINDRICAL_SURFACE('',#2962,0.2);
#752=FACE_OUTER_BOUND('',#2963,.T.);
#753=PLANE('',#2964);
#754=FACE_OUTER_BOUND('',#2965,.T.);
#755=CYLINDRICAL_SURFACE('',#2966,0.0999999999999998);
#756=FACE_OUTER_BOUND('',#2967,.T.);
#757=PLANE('',#2968);
#758=FACE_OUTER_BOUND('',#2969,.T.);
#759=CYLINDRICAL_SURFACE('',#2970,0.1);
#760=FACE_OUTER_BOUND('',#2971,.T.);
#761=PLANE('',#2972);
#762=FACE_OUTER_BOUND('',#2973,.T.);
#763=CYLINDRICAL_SURFACE('',#2974,0.0999999999999998);
#764=FACE_OUTER_BOUND('',#2975,.T.);
#765=PLANE('',#2976);
#766=FACE_OUTER_BOUND('',#2977,.T.);
#767=CYLINDRICAL_SURFACE('',#2978,0.1);
#768=FACE_OUTER_BOUND('',#2979,.T.);
#769=PLANE('',#2980);
#770=FACE_OUTER_BOUND('',#2981,.T.);
#771=CYLINDRICAL_SURFACE('',#2982,0.1);
#772=FACE_OUTER_BOUND('',#2983,.T.);
#773=PLANE('',#2984);
#774=FACE_OUTER_BOUND('',#2985,.T.);
#775=CYLINDRICAL_SURFACE('',#2986,0.1);
#776=FACE_OUTER_BOUND('',#2987,.T.);
#777=PLANE('',#2988);
#778=FACE_OUTER_BOUND('',#2989,.T.);
#779=CYLINDRICAL_SURFACE('',#2990,0.1);
#780=FACE_OUTER_BOUND('',#2991,.T.);
#781=PLANE('',#2992);
#782=FACE_OUTER_BOUND('',#2993,.T.);
#783=CYLINDRICAL_SURFACE('',#2994,0.1);
#784=FACE_OUTER_BOUND('',#2995,.T.);
#785=PLANE('',#2996);
#786=FACE_OUTER_BOUND('',#2997,.T.);
#787=CYLINDRICAL_SURFACE('',#2998,0.1);
#788=FACE_OUTER_BOUND('',#2999,.T.);
#789=PLANE('',#3000);
#790=FACE_OUTER_BOUND('',#3001,.T.);
#791=CYLINDRICAL_SURFACE('',#3002,0.1);
#792=FACE_OUTER_BOUND('',#3003,.T.);
#793=SPHERICAL_SURFACE('',#3004,0.1);
#794=FACE_OUTER_BOUND('',#3005,.T.);
#795=CYLINDRICAL_SURFACE('',#3006,0.1);
#796=FACE_OUTER_BOUND('',#3007,.T.);
#797=SPHERICAL_SURFACE('',#3008,0.1);
#798=FACE_OUTER_BOUND('',#3009,.T.);
#799=CYLINDRICAL_SURFACE('',#3010,0.1);
#800=FACE_OUTER_BOUND('',#3011,.T.);
#801=SPHERICAL_SURFACE('',#3012,0.1);
#802=FACE_OUTER_BOUND('',#3013,.T.);
#803=CYLINDRICAL_SURFACE('',#3014,0.1);
#804=FACE_OUTER_BOUND('',#3015,.T.);
#805=SPHERICAL_SURFACE('',#3016,0.1);
#806=FACE_OUTER_BOUND('',#3017,.T.);
#807=CYLINDRICAL_SURFACE('',#3018,0.1);
#808=FACE_OUTER_BOUND('',#3019,.T.);
#809=CYLINDRICAL_SURFACE('',#3020,0.1);
#810=FACE_OUTER_BOUND('',#3021,.T.);
#811=SPHERICAL_SURFACE('',#3022,0.1);
#812=FACE_OUTER_BOUND('',#3023,.T.);
#813=CYLINDRICAL_SURFACE('',#3024,0.1);
#814=FACE_OUTER_BOUND('',#3025,.T.);
#815=SPHERICAL_SURFACE('',#3026,0.1);
#816=FACE_OUTER_BOUND('',#3027,.T.);
#817=CYLINDRICAL_SURFACE('',#3028,0.1);
#818=FACE_OUTER_BOUND('',#3029,.T.);
#819=SPHERICAL_SURFACE('',#3030,0.1);
#820=FACE_OUTER_BOUND('',#3031,.T.);
#821=CYLINDRICAL_SURFACE('',#3032,0.0999999999999999);
#822=FACE_OUTER_BOUND('',#3033,.T.);
#823=SPHERICAL_SURFACE('',#3034,0.1);
#824=FACE_OUTER_BOUND('',#3035,.T.);
#825=CYLINDRICAL_SURFACE('',#3036,0.1);
#826=FACE_OUTER_BOUND('',#3037,.T.);
#827=CYLINDRICAL_SURFACE('',#3038,0.1);
#828=FACE_OUTER_BOUND('',#3039,.T.);
#829=CYLINDRICAL_SURFACE('',#3040,0.1);
#830=FACE_OUTER_BOUND('',#3041,.T.);
#831=(B_SPLINE_SURFACE(3,2,((#3043,#3044,#3045),(#3046,#3047,#3048),(#3049,#3050,#3051),(#3052,#3053,#3054)),.UNSPECIFIED.,.F.,.F.,.F.)B_SPLINE_SURFACE_WITH_KNOTS((4,4),(3,3),(0.000275877768698362,0.00031546621551461),(0.0,1.0),.UNSPECIFIED.)RATIONAL_B_SPLINE_SURFACE(((1.0,0.980880587184466,1.0),(1.0,0.993789690476556,1.0),(1.0,1.00003715382465,1.0),(1.0,1.0,1.0)))BOUNDED_SURFACE()REPRESENTATION_ITEM('')GEOMETRIC_REPRESENTATION_ITEM()SURFACE());
#832=FACE_OUTER_BOUND('',#3061,.T.);
#833=B_SPLINE_SURFACE_WITH_KNOTS('',3,3,((#3062,#3063,#3064,#3065,#3066,#3067,#3068,#3069,#3070,#3071,#3072,#3073,#3074,#3075,#3076,#3077),(#3078,#3079,#3080,#3081,#3082,#3083,#3084,#3085,#3086,#3087,#3088,#3089,#3090,#3091,#3092,#3093),(#3094,#3095,#3096,#3097,#3098,#3099,#3100,#3101,#3102,#3103,#3104,#3105,#3106,#3107,#3108,#3109),(#3110,#3111,#3112,#3113,#3114,#3115,#3116,#3117,#3118,#3119,#3120,#3121,#3122,#3123,#3124,#3125),(#3126,#3127,#3128,#3129,#3130,#3131,#3132,#3133,#3134,#3135,#3136,#3137,#3138,#3139,#3140,#3141),(#3142,#3143,#3144,#3145,#3146,#3147,#3148,#3149,#3150,#3151,#3152,#3153,#3154,#3155,#3156,#3157),(#3158,#3159,#3160,#3161,#3162,#3163,#3164,#3165,#3166,#3167,#3168,#3169,#3170,#3171,#3172,#3173),(#3174,#3175,#3176,#3177,#3178,#3179,#3180,#3181,#3182,#3183,#3184,#3185,#3186,#3187,#3188,#3189),(#3190,#3191,#3192,#3193,#3194,#3195,#3196,#3197,#3198,#3199,#3200,#3201,#3202,#3203,#3204,#3205),(#3206,#3207,#3208,#3209,#3210,#3211,#3212,#3213,#3214,#3215,#3216,#3217,#3218,#3219,#3220,#3221),(#3222,#3223,#3224,#3225,#3226,#3227,#3228,#3229,#3230,#3231,#3232,#3233,#3234,#3235,#3236,#3237),(#3238,#3239,#3240,#3241,#3242,#3243,#3244,#3245,#3246,#3247,#3248,#3249,#3250,#3251,#3252,#3253),(#3254,#3255,#3256,#3257,#3258,#3259,#3260,#3261,#3262,#3263,#3264,#3265,#3266,#3267,#3268,#3269),(#3270,#3271,#3272,#3273,#3274,#3275,#3276,#3277,#3278,#3279,#3280,#3281,#3282,#3283,#3284,#3285),(#3286,#3287,#3288,#3289,#3290,#3291,#3292,#3293,#3294,#3295,#3296,#3297,#3298,#3299,#3300,#3301),(#3302,#3303,#3304,#3305,#3306,#3307,#3308,#3309,#3310,#3311,#3312,#3313,#3314,#3315,#3316,#3317),(#3318,#3319,#3320,#3321,#3322,#3323,#3324,#3325,#3326,#3327,#3328,#3329,#3330,#3331,#3332,#3333),(#3334,#3335,#3336,#3337,#3338,#3339,#3340,#3341,#3342,#3343,#3344,#3345,#3346,#3347,#3348,#3349)),.UNSPECIFIED.,.F.,.F.,.F.,(4,2,2,2,2,2,2,2,4),(4,2,2,2,2,2,2,4),(0.0,0.132357417272081,0.277178421667486,0.41990545146151,0.436428506871201,0.45374245712839,0.608617021552064,0.796593421558491,1.0),(0.0,0.165856475471342,0.333130693457551,0.496636588743073,0.516962938232151,0.668692110032977,0.835315471011131,1.0),.UNSPECIFIED.);
#834=FACE_OUTER_BOUND('',#3350,.T.);
#835=CYLINDRICAL_SURFACE('',#3351,0.1);
#836=FACE_OUTER_BOUND('',#3352,.T.);
#837=SPHERICAL_SURFACE('',#3353,0.1);
#838=FACE_OUTER_BOUND('',#3354,.T.);
#839=(B_SPLINE_SURFACE(3,2,((#3356,#3357,#3358,#3359,#3360),(#3361,#3362,#3363,#3364,#3365),(#3366,#3367,#3368,#3369,#3370),(#3371,#3372,#3373,#3374,#3375),(#3376,#3377,#3378,#3379,#3380),(#3381,#3382,#3383,#3384,#3385),(#3386,#3387,#3388,#3389,#3390)),.UNSPECIFIED.,.F.,.F.,.F.)B_SPLINE_SURFACE_WITH_KNOTS((4,3,4),(3,2,3),(0.000266899829402866,0.000275877768698479,0.00031546621551446),(0.0,1.0,1.03563878997255),.UNSPECIFIED.)RATIONAL_B_SPLINE_SURFACE(((1.0,0.980880587184727,1.0,1.0,1.0),(1.0,0.980880587184727,1.0,1.0,1.0),(1.0,0.980880587184727,1.0,1.0,1.0),(1.0,0.980880587184727,1.0,1.0,1.0),(1.0,0.993789690476642,1.0,1.0,1.0),(1.0,1.00003715382465,1.0,1.0,1.0),(1.0,1.0,1.0,1.0,1.0)))BOUNDED_SURFACE()REPRESENTATION_ITEM('')GEOMETRIC_REPRESENTATION_ITEM()SURFACE());
#840=FACE_OUTER_BOUND('',#3397,.T.);
#841=CYLINDRICAL_SURFACE('',#3398,0.1);
#842=FACE_OUTER_BOUND('',#3399,.T.);
#843=B_SPLINE_SURFACE_WITH_KNOTS('',3,3,((#3400,#3401,#3402,#3403,#3404,#3405,#3406,#3407,#3408,#3409,#3410,#3411,#3412,#3413,#3414,#3415,#3416,#3417,#3418,#3419,#3420,#3421,#3422,#3423),(#3424,#3425,#3426,#3427,#3428,#3429,#3430,#3431,#3432,#3433,#3434,#3435,#3436,#3437,#3438,#3439,#3440,#3441,#3442,#3443,#3444,#3445,#3446,#3447),(#3448,#3449,#3450,#3451,#3452,#3453,#3454,#3455,#3456,#3457,#3458,#3459,#3460,#3461,#3462,#3463,#3464,#3465,#3466,#3467,#3468,#3469,#3470,#3471),(#3472,#3473,#3474,#3475,#3476,#3477,#3478,#3479,#3480,#3481,#3482,#3483,#3484,#3485,#3486,#3487,#3488,#3489,#3490,#3491,#3492,#3493,#3494,#3495),(#3496,#3497,#3498,#3499,#3500,#3501,#3502,#3503,#3504,#3505,#3506,#3507,#3508,#3509,#3510,#3511,#3512,#3513,#3514,#3515,#3516,#3517,#3518,#3519),(#3520,#3521,#3522,#3523,#3524,#3525,#3526,#3527,#3528,#3529,#3530,#3531,#3532,#3533,#3534,#3535,#3536,#3537,#3538,#3539,#3540,#3541,#3542,#3543),(#3544,#3545,#3546,#3547,#3548,#3549,#3550,#3551,#3552,#3553,#3554,#3555,#3556,#3557,#3558,#3559,#3560,#3561,#3562,#3563,#3564,#3565,#3566,#3567),(#3568,#3569,#3570,#3571,#3572,#3573,#3574,#3575,#3576,#3577,#3578,#3579,#3580,#3581,#3582,#3583,#3584,#3585,#3586,#3587,#3588,#3589,#3590,#3591),(#3592,#3593,#3594,#3595,#3596,#3597,#3598,#3599,#3600,#3601,#3602,#3603,#3604,#3605,#3606,#3607,#3608,#3609,#3610,#3611,#3612,#3613,#3614,#3615),(#3616,#3617,#3618,#3619,#3620,#3621,#3622,#3623,#3624,#3625,#3626,#3627,#3628,#3629,#3630,#3631,#3632,#3633,#3634,#3635,#3636,#3637,#3638,#3639),(#3640,#3641,#3642,#3643,#3644,#3645,#3646,#3647,#3648,#3649,#3650,#3651,#3652,#3653,#3654,#3655,#3656,#3657,#3658,#3659,#3660,#3661,#3662,#3663),(#3664,#3665,#3666,#3667,#3668,#3669,#3670,#3671,#3672,#3673,#3674,#3675,#3676,#3677,#3678,#3679,#3680,#3681,#3682,#3683,#3684,#3685,#3686,#3687),(#3688,#3689,#3690,#3691,#3692,#3693,#3694,#3695,#3696,#3697,#3698,#3699,#3700,#3701,#3702,#3703,#3704,#3705,#3706,#3707,#3708,#3709,#3710,#3711),(#3712,#3713,#3714,#3715,#3716,#3717,#3718,#3719,#3720,#3721,#3722,#3723,#3724,#3725,#3726,#3727,#3728,#3729,#3730,#3731,#3732,#3733,#3734,#3735),(#3736,#3737,#3738,#3739,#3740,#3741,#3742,#3743,#3744,#3745,#3746,#3747,#3748,#3749,#3750,#3751,#3752,#3753,#3754,#3755,#3756,#3757,#3758,#3759),(#3760,#3761,#3762,#3763,#3764,#3765,#3766,#3767,#3768,#3769,#3770,#3771,#3772,#3773,#3774,#3775,#3776,#3777,#3778,#3779,#3780,#3781,#3782,#3783),(#3784,#3785,#3786,#3787,#3788,#3789,#3790,#3791,#3792,#3793,#3794,#3795,#3796,#3797,#3798,#3799,#3800,#3801,#3802,#3803,#3804,#3805,#3806,#3807),(#3808,#3809,#3810,#3811,#3812,#3813,#3814,#3815,#3816,#3817,#3818,#3819,#3820,#3821,#3822,#3823,#3824,#3825,#3826,#3827,#3828,#3829,#3830,#3831)),.UNSPECIFIED.,.F.,.F.,.F.,(4,2,2,2,2,2,2,2,4),(4,2,2,2,2,2,2,2,2,2,2,4),(0.0,0.132357431043691,0.277178442578445,0.419905451461605,0.436434577701401,0.453742541395272,0.608617040542604,0.7965934329229,1.0),(0.0,0.164684536919272,0.183037062378644,0.332858387372569,0.408324483595146,0.503363386097659,0.633570806314167,0.66686933838873,0.750067770285152,0.816962937621811,0.834143561965946,1.0),.UNSPECIFIED.);
#844=FACE_OUTER_BOUND('',#3832,.T.);
#845=SPHERICAL_SURFACE('',#3833,0.1);
#846=FACE_OUTER_BOUND('',#3834,.T.);
#847=CYLINDRICAL_SURFACE('',#3835,0.0999999999999999);
#848=FACE_OUTER_BOUND('',#3836,.T.);
#849=CYLINDRICAL_SURFACE('',#3837,0.2);
#850=FACE_OUTER_BOUND('',#3838,.T.);
#851=PLANE('',#3839);
#852=FACE_OUTER_BOUND('',#3840,.T.);
#853=CYLINDRICAL_SURFACE('',#3841,0.2);
#854=FACE_OUTER_BOUND('',#3842,.T.);
#855=PLANE('',#3843);
#856=FACE_OUTER_BOUND('',#3844,.T.);
#857=CYLINDRICAL_SURFACE('',#3845,0.0999999999999998);
#858=FACE_OUTER_BOUND('',#3846,.T.);
#859=PLANE('',#3847);
#860=FACE_OUTER_BOUND('',#3848,.T.);
#861=CYLINDRICAL_SURFACE('',#3849,0.1);
#862=FACE_OUTER_BOUND('',#3850,.T.);
#863=PLANE('',#3851);
#864=FACE_OUTER_BOUND('',#3852,.T.);
#865=CYLINDRICAL_SURFACE('',#3853,0.0999999999999998);
#866=FACE_OUTER_BOUND('',#3854,.T.);
#867=PLANE('',#3855);
#868=FACE_OUTER_BOUND('',#3856,.T.);
#869=CYLINDRICAL_SURFACE('',#3857,0.1);
#870=FACE_OUTER_BOUND('',#3858,.T.);
#871=PLANE('',#3859);
#872=FACE_OUTER_BOUND('',#3860,.T.);
#873=CYLINDRICAL_SURFACE('',#3861,0.1);
#874=FACE_OUTER_BOUND('',#3862,.T.);
#875=CYLINDRICAL_SURFACE('',#3863,0.1);
#876=FACE_OUTER_BOUND('',#3864,.T.);
#877=PLANE('',#3865);
#878=FACE_OUTER_BOUND('',#3866,.T.);
#879=CYLINDRICAL_SURFACE('',#3867,0.1);
#880=FACE_OUTER_BOUND('',#3868,.T.);
#881=PLANE('',#3869);
#882=FACE_OUTER_BOUND('',#3870,.T.);
#883=CYLINDRICAL_SURFACE('',#3871,0.1);
#884=FACE_OUTER_BOUND('',#3872,.T.);
#885=PLANE('',#3873);
#886=FACE_OUTER_BOUND('',#3874,.T.);
#887=CYLINDRICAL_SURFACE('',#3875,0.1);
#888=FACE_OUTER_BOUND('',#3876,.T.);
#889=PLANE('',#3877);
#890=FACE_OUTER_BOUND('',#3878,.T.);
#891=CYLINDRICAL_SURFACE('',#3879,0.1);
#892=FACE_OUTER_BOUND('',#3880,.T.);
#893=SPHERICAL_SURFACE('',#3881,0.1);
#894=FACE_OUTER_BOUND('',#3882,.T.);
#895=CYLINDRICAL_SURFACE('',#3883,0.1);
#896=FACE_OUTER_BOUND('',#3884,.T.);
#897=SPHERICAL_SURFACE('',#3885,0.1);
#898=FACE_OUTER_BOUND('',#3886,.T.);
#899=CYLINDRICAL_SURFACE('',#3887,0.1);
#900=FACE_OUTER_BOUND('',#3888,.T.);
#901=SPHERICAL_SURFACE('',#3889,0.1);
#902=FACE_OUTER_BOUND('',#3890,.T.);
#903=CYLINDRICAL_SURFACE('',#3891,0.1);
#904=FACE_OUTER_BOUND('',#3892,.T.);
#905=SPHERICAL_SURFACE('',#3893,0.1);
#906=FACE_OUTER_BOUND('',#3894,.T.);
#907=CYLINDRICAL_SURFACE('',#3895,0.1);
#908=FACE_OUTER_BOUND('',#3896,.T.);
#909=CYLINDRICAL_SURFACE('',#3897,0.1);
#910=FACE_OUTER_BOUND('',#3898,.T.);
#911=SPHERICAL_SURFACE('',#3899,0.1);
#912=FACE_OUTER_BOUND('',#3900,.T.);
#913=CYLINDRICAL_SURFACE('',#3901,0.1);
#914=FACE_OUTER_BOUND('',#3902,.T.);
#915=SPHERICAL_SURFACE('',#3903,0.1);
#916=FACE_OUTER_BOUND('',#3904,.T.);
#917=CYLINDRICAL_SURFACE('',#3905,0.1);
#918=FACE_OUTER_BOUND('',#3906,.T.);
#919=SPHERICAL_SURFACE('',#3907,0.1);
#920=FACE_OUTER_BOUND('',#3908,.T.);
#921=CYLINDRICAL_SURFACE('',#3909,0.0999999999999999);
#922=FACE_OUTER_BOUND('',#3910,.T.);
#923=SPHERICAL_SURFACE('',#3911,0.1);
#924=FACE_OUTER_BOUND('',#3912,.T.);
#925=CYLINDRICAL_SURFACE('',#3913,0.1);
#926=FACE_OUTER_BOUND('',#3914,.T.);
#927=CYLINDRICAL_SURFACE('',#3915,0.1);
#928=FACE_OUTER_BOUND('',#3916,.T.);
#929=CYLINDRICAL_SURFACE('',#3917,0.1);
#930=FACE_OUTER_BOUND('',#3918,.T.);
#931=(B_SPLINE_SURFACE(3,2,((#3920,#3921,#3922,#3923,#3924),(#3925,#3926,#3927,#3928,#3929),(#3930,#3931,#3932,#3933,#3934),(#3935,#3936,#3937,#3938,#3939),(#3940,#3941,#3942,#3943,#3944),(#3945,#3946,#3947,#3948,#3949),(#3950,#3951,#3952,#3953,#3954)),.UNSPECIFIED.,.F.,.F.,.F.)B_SPLINE_SURFACE_WITH_KNOTS((4,3,4),(3,2,3),(0.000266899829402749,0.000275877768698362,0.00031546621551461),(0.0,1.0,1.03563878997376),.UNSPECIFIED.)RATIONAL_B_SPLINE_SURFACE(((1.0,0.980880587184466,1.0,1.0,1.0),(1.0,0.980880587184466,1.0,1.0,1.0),(1.0,0.980880587184466,1.0,1.0,1.0),(1.0,0.980880587184466,1.0,1.0,1.0),(1.0,0.993789690476557,1.0,1.0,1.0),(1.0,1.00003715382465,1.0,1.0,1.0),(1.0,1.0,1.0,1.0,1.0)))BOUNDED_SURFACE()REPRESENTATION_ITEM('')GEOMETRIC_REPRESENTATION_ITEM()SURFACE());
#932=FACE_OUTER_BOUND('',#3961,.T.);
#933=B_SPLINE_SURFACE_WITH_KNOTS('',3,3,((#3962,#3963,#3964,#3965,#3966,#3967,#3968,#3969,#3970,#3971,#3972,#3973,#3974,#3975,#3976,#3977,#3978,#3979,#3980,#3981,#3982,#3983,#3984,#3985,#3986,#3987),(#3988,#3989,#3990,#3991,#3992,#3993,#3994,#3995,#3996,#3997,#3998,#3999,#4000,#4001,#4002,#4003,#4004,#4005,#4006,#4007,#4008,#4009,#4010,#4011,#4012,#4013),(#4014,#4015,#4016,#4017,#4018,#4019,#4020,#4021,#4022,#4023,#4024,#4025,#4026,#4027,#4028,#4029,#4030,#4031,#4032,#4033,#4034,#4035,#4036,#4037,#4038,#4039),(#4040,#4041,#4042,#4043,#4044,#4045,#4046,#4047,#4048,#4049,#4050,#4051,#4052,#4053,#4054,#4055,#4056,#4057,#4058,#4059,#4060,#4061,#4062,#4063,#4064,#4065),(#4066,#4067,#4068,#4069,#4070,#4071,#4072,#4073,#4074,#4075,#4076,#4077,#4078,#4079,#4080,#4081,#4082,#4083,#4084,#4085,#4086,#4087,#4088,#4089,#4090,#4091),(#4092,#4093,#4094,#4095,#4096,#4097,#4098,#4099,#4100,#4101,#4102,#4103,#4104,#4105,#4106,#4107,#4108,#4109,#4110,#4111,#4112,#4113,#4114,#4115,#4116,#4117),(#4118,#4119,#4120,#4121,#4122,#4123,#4124,#4125,#4126,#4127,#4128,#4129,#4130,#4131,#4132,#4133,#4134,#4135,#4136,#4137,#4138,#4139,#4140,#4141,#4142,#4143),(#4144,#4145,#4146,#4147,#4148,#4149,#4150,#4151,#4152,#4153,#4154,#4155,#4156,#4157,#4158,#4159,#4160,#4161,#4162,#4163,#4164,#4165,#4166,#4167,#4168,#4169),(#4170,#4171,#4172,#4173,#4174,#4175,#4176,#4177,#4178,#4179,#4180,#4181,#4182,#4183,#4184,#4185,#4186,#4187,#4188,#4189,#4190,#4191,#4192,#4193,#4194,#4195),(#4196,#4197,#4198,#4199,#4200,#4201,#4202,#4203,#4204,#4205,#4206,#4207,#4208,#4209,#4210,#4211,#4212,#4213,#4214,#4215,#4216,#4217,#4218,#4219,#4220,#4221),(#4222,#4223,#4224,#4225,#4226,#4227,#4228,#4229,#4230,#4231,#4232,#4233,#4234,#4235,#4236,#4237,#4238,#4239,#4240,#4241,#4242,#4243,#4244,#4245,#4246,#4247),(#4248,#4249,#4250,#4251,#4252,#4253,#4254,#4255,#4256,#4257,#4258,#4259,#4260,#4261,#4262,#4263,#4264,#4265,#4266,#4267,#4268,#4269,#4270,#4271,#4272,#4273),(#4274,#4275,#4276,#4277,#4278,#4279,#4280,#4281,#4282,#4283,#4284,#4285,#4286,#4287,#4288,#4289,#4290,#4291,#4292,#4293,#4294,#4295,#4296,#4297,#4298,#4299),(#4300,#4301,#4302,#4303,#4304,#4305,#4306,#4307,#4308,#4309,#4310,#4311,#4312,#4313,#4314,#4315,#4316,#4317,#4318,#4319,#4320,#4321,#4322,#4323,#4324,#4325),(#4326,#4327,#4328,#4329,#4330,#4331,#4332,#4333,#4334,#4335,#4336,#4337,#4338,#4339,#4340,#4341,#4342,#4343,#4344,#4345,#4346,#4347,#4348,#4349,#4350,#4351),(#4352,#4353,#4354,#4355,#4356,#4357,#4358,#4359,#4360,#4361,#4362,#4363,#4364,#4365,#4366,#4367,#4368,#4369,#4370,#4371,#4372,#4373,#4374,#4375,#4376,#4377),(#4378,#4379,#4380,#4381,#4382,#4383,#4384,#4385,#4386,#4387,#4388,#4389,#4390,#4391,#4392,#4393,#4394,#4395,#4396,#4397,#4398,#4399,#4400,#4401,#4402,#4403),(#4404,#4405,#4406,#4407,#4408,#4409,#4410,#4411,#4412,#4413,#4414,#4415,#4416,#4417,#4418,#4419,#4420,#4421,#4422,#4423,#4424,#4425,#4426,#4427,#4428,#4429)),.UNSPECIFIED.,.F.,.F.,.F.,(4,2,2,2,2,2,2,2,4),(4,2,2,2,2,2,2,2,2,2,2,2,4),(0.0,0.132564305020225,0.277504972200016,0.419905451461636,0.43643447425,0.453742541395348,0.608932886067324,0.796787425931031,1.0),(0.0,0.168137082309236,0.184770773153487,0.249931989791762,0.338273395708184,0.369907749819927,0.416649802367138,0.513785754689969,0.555223184745314,0.674098103502261,0.818696493794825,0.837613477198251,1.0),.UNSPECIFIED.);
#934=FACE_OUTER_BOUND('',#4430,.T.);
#935=CYLINDRICAL_SURFACE('',#4431,0.1);
#936=FACE_OUTER_BOUND('',#4432,.T.);
#937=SPHERICAL_SURFACE('',#4433,0.1);
#938=FACE_OUTER_BOUND('',#4434,.T.);
#939=(B_SPLINE_SURFACE(3,2,((#4436,#4437,#4438),(#4439,#4440,#4441),(#4442,#4443,#4444),(#4445,#4446,#4447)),.UNSPECIFIED.,.F.,.F.,.F.)B_SPLINE_SURFACE_WITH_KNOTS((4,4),(3,3),(0.000275877768698479,0.00031546621551446),(0.0,1.0),.UNSPECIFIED.)RATIONAL_B_SPLINE_SURFACE(((1.0,0.980880587184727,1.0),(1.0,0.993789690476642,1.0),(1.0,1.00003715382465,1.0),(1.0,1.0,1.0)))BOUNDED_SURFACE()REPRESENTATION_ITEM('')GEOMETRIC_REPRESENTATION_ITEM()SURFACE());
#940=FACE_OUTER_BOUND('',#4454,.T.);
#941=CYLINDRICAL_SURFACE('',#4455,0.1);
#942=FACE_OUTER_BOUND('',#4456,.T.);
#943=B_SPLINE_SURFACE_WITH_KNOTS('',3,3,((#4457,#4458,#4459,#4460,#4461,#4462,#4463,#4464,#4465,#4466,#4467,#4468,#4469,#4470,#4471,#4472),(#4473,#4474,#4475,#4476,#4477,#4478,#4479,#4480,#4481,#4482,#4483,#4484,#4485,#4486,#4487,#4488),(#4489,#4490,#4491,#4492,#4493,#4494,#4495,#4496,#4497,#4498,#4499,#4500,#4501,#4502,#4503,#4504),(#4505,#4506,#4507,#4508,#4509,#4510,#4511,#4512,#4513,#4514,#4515,#4516,#4517,#4518,#4519,#4520),(#4521,#4522,#4523,#4524,#4525,#4526,#4527,#4528,#4529,#4530,#4531,#4532,#4533,#4534,#4535,#4536),(#4537,#4538,#4539,#4540,#4541,#4542,#4543,#4544,#4545,#4546,#4547,#4548,#4549,#4550,#4551,#4552),(#4553,#4554,#4555,#4556,#4557,#4558,#4559,#4560,#4561,#4562,#4563,#4564,#4565,#4566,#4567,#4568),(#4569,#4570,#4571,#4572,#4573,#4574,#4575,#4576,#4577,#4578,#4579,#4580,#4581,#4582,#4583,#4584),(#4585,#4586,#4587,#4588,#4589,#4590,#4591,#4592,#4593,#4594,#4595,#4596,#4597,#4598,#4599,#4600),(#4601,#4602,#4603,#4604,#4605,#4606,#4607,#4608,#4609,#4610,#4611,#4612,#4613,#4614,#4615,#4616),(#4617,#4618,#4619,#4620,#4621,#4622,#4623,#4624,#4625,#4626,#4627,#4628,#4629,#4630,#4631,#4632),(#4633,#4634,#4635,#4636,#4637,#4638,#4639,#4640,#4641,#4642,#4643,#4644,#4645,#4646,#4647,#4648),(#4649,#4650,#4651,#4652,#4653,#4654,#4655,#4656,#4657,#4658,#4659,#4660,#4661,#4662,#4663,#4664),(#4665,#4666,#4667,#4668,#4669,#4670,#4671,#4672,#4673,#4674,#4675,#4676,#4677,#4678,#4679,#4680),(#4681,#4682,#4683,#4684,#4685,#4686,#4687,#4688,#4689,#4690,#4691,#4692,#4693,#4694,#4695,#4696),(#4697,#4698,#4699,#4700,#4701,#4702,#4703,#4704,#4705,#4706,#4707,#4708,#4709,#4710,#4711,#4712),(#4713,#4714,#4715,#4716,#4717,#4718,#4719,#4720,#4721,#4722,#4723,#4724,#4725,#4726,#4727,#4728),(#4729,#4730,#4731,#4732,#4733,#4734,#4735,#4736,#4737,#4738,#4739,#4740,#4741,#4742,#4743,#4744)),.UNSPECIFIED.,.F.,.F.,.F.,(4,2,2,2,2,2,2,2,4),(4,2,2,2,2,2,2,4),(0.0,0.132150201753715,0.276851992875712,0.419905451461424,0.436428559965909,0.45374245712742,0.608302665909793,0.796400825080487,1.0),(0.0,0.169327021025932,0.3,0.340114303106336,0.507061896385319,0.675655770997358,0.837392988778472,1.0),.UNSPECIFIED.);
#944=FACE_OUTER_BOUND('',#4745,.T.);
#945=SPHERICAL_SURFACE('',#4746,0.1);
#946=FACE_OUTER_BOUND('',#4747,.T.);
#947=CYLINDRICAL_SURFACE('',#4748,0.0999999999999999);
#948=FACE_OUTER_BOUND('',#4749,.T.);
#949=PLANE('',#4750);
#950=FACE_OUTER_BOUND('',#4751,.T.);
#951=PLANE('',#4752);
#952=FACE_OUTER_BOUND('',#4753,.T.);
#953=PLANE('',#4754);
#954=FACE_OUTER_BOUND('',#4755,.T.);
#955=CYLINDRICAL_SURFACE('',#4756,0.110000001469985);
#956=FACE_OUTER_BOUND('',#4757,.T.);
#957=PLANE('',#4758);
#958=FACE_OUTER_BOUND('',#4759,.T.);
#959=PLANE('',#4760);
#960=FACE_OUTER_BOUND('',#4761,.T.);
#961=CYLINDRICAL_SURFACE('',#4762,0.0100000014699852);
#962=FACE_OUTER_BOUND('',#4763,.T.);
#963=PLANE('',#4764);
#964=FACE_OUTER_BOUND('',#4765,.T.);
#965=PLANE('',#4766);
#966=FACE_OUTER_BOUND('',#4767,.T.);
#967=CYLINDRICAL_SURFACE('',#4768,0.0100000014699852);
#968=FACE_OUTER_BOUND('',#4769,.T.);
#969=CYLINDRICAL_SURFACE('',#4770,0.110000001469985);
#970=FACE_OUTER_BOUND('',#4771,.T.);
#971=PLANE('',#4772);
#972=FACE_OUTER_BOUND('',#4773,.T.);
#973=PLANE('',#4774);
#974=FACE_OUTER_BOUND('',#4775,.T.);
#975=PLANE('',#4776);
#976=FACE_OUTER_BOUND('',#4777,.T.);
#977=PLANE('',#4778);
#978=FACE_OUTER_BOUND('',#4779,.T.);
#979=PLANE('',#4780);
#980=FACE_OUTER_BOUND('',#4781,.T.);
#981=PLANE('',#4782);
#982=FACE_OUTER_BOUND('',#4783,.T.);
#983=CYLINDRICAL_SURFACE('',#4784,0.110000001469985);
#984=FACE_OUTER_BOUND('',#4785,.T.);
#985=PLANE('',#4786);
#986=FACE_OUTER_BOUND('',#4787,.T.);
#987=PLANE('',#4788);
#988=FACE_OUTER_BOUND('',#4789,.T.);
#989=CYLINDRICAL_SURFACE('',#4790,0.0100000014699852);
#990=FACE_OUTER_BOUND('',#4791,.T.);
#991=PLANE('',#4792);
#992=FACE_OUTER_BOUND('',#4793,.T.);
#993=PLANE('',#4794);
#994=FACE_OUTER_BOUND('',#4795,.T.);
#995=CYLINDRICAL_SURFACE('',#4796,0.0100000014699852);
#996=FACE_OUTER_BOUND('',#4797,.T.);
#997=CYLINDRICAL_SURFACE('',#4798,0.110000001469985);
#998=FACE_OUTER_BOUND('',#4799,.T.);
#999=PLANE('',#4800);
#1000=FACE_OUTER_BOUND('',#4801,.T.);
#1001=PLANE('',#4802);
#1002=FACE_OUTER_BOUND('',#4803,.T.);
#1003=PLANE('',#4804);
#1004=EDGE_LOOP('',(#4805,#4806,#4807));
#1005=AXIS2_PLACEMENT_3D('',#4808,#4809,#4810);
#1006=EDGE_LOOP('',(#4811,#4812,#4813));
#1007=AXIS2_PLACEMENT_3D('',#4814,#4815,#4816);
#1008=EDGE_LOOP('',(#4817,#4818,#4819,#4820));
#1009=AXIS2_PLACEMENT_3D('',#4821,#4822,#4823);
#1010=EDGE_LOOP('',(#4824,#4825,#4826));
#1011=AXIS2_PLACEMENT_3D('',#4827,#4828,#4829);
#1012=EDGE_LOOP('',(#4830,#4831,#4832));
#1013=AXIS2_PLACEMENT_3D('',#4833,#4834,#4835);
#1014=EDGE_LOOP('',(#4836,#4837,#4838,#4839));
#1015=AXIS2_PLACEMENT_3D('',#4840,#4841,#4842);
#1016=EDGE_LOOP('',(#4843,#4844,#4845));
#1017=AXIS2_PLACEMENT_3D('',#4846,#4847,#4848);
#1018=EDGE_LOOP('',(#4849,#4850,#4851));
#1019=AXIS2_PLACEMENT_3D('',#4852,#4853,#4854);
#1020=EDGE_LOOP('',(#4855,#4856,#4857,#4858));
#1021=AXIS2_PLACEMENT_3D('',#4859,#4860,#4861);
#1022=EDGE_LOOP('',(#4862,#4863,#4864));
#1023=AXIS2_PLACEMENT_3D('',#4865,#4866,#4867);
#1024=EDGE_LOOP('',(#4868,#4869,#4870));
#1025=AXIS2_PLACEMENT_3D('',#4871,#4872,#4873);
#1026=EDGE_LOOP('',(#4874,#4875,#4876,#4877));
#1027=AXIS2_PLACEMENT_3D('',#4878,#4879,#4880);
#1028=EDGE_LOOP('',(#4881,#4882,#4883,#4884,#4885,#4886,#4887,#4888));
#1029=AXIS2_PLACEMENT_3D('',#4889,#4890,#4891);
#1030=EDGE_LOOP('',(#4892,#4893,#4894,#4895,#4896,#4897,#4898,#4899));
#1031=AXIS2_PLACEMENT_3D('',#4900,#4901,#4902);
#1032=EDGE_LOOP('',(#4903,#4904,#4905,#4906,#4907,#4908,#4909,#4910,#4911,#4912,#4913,#4914,#4915,#4916,#4917,#4918));
#1033=EDGE_LOOP('',(#4919,#4920,#4921,#4922,#4923,#4924,#4925,#4926,#4927,#4928,#4929,#4930,#4931,#4932,#4933,#4934,#4935,#4936,#4937,#4938));
#1034=AXIS2_PLACEMENT_3D('',#4939,#4940,#4941);
#1035=EDGE_LOOP('',(#4942,#4943,#4944,#4945,#4946,#4947,#4948,#4949,#4950,#4951,#4952,#4953,#4954,#4955,#4956,#4957,#4958,#4959,#4960,#4961,#4962,#4963,#4964,#4965,#4966,#4967,#4968,#4969,#4970,#4971,#4972,#4973));
#1036=EDGE_LOOP('',(#4974,#4975,#4976,#4977,#4978,#4979,#4980,#4981,#4982,#4983,#4984,#4985));
#1037=AXIS2_PLACEMENT_3D('',#4986,#4987,#4988);
#1038=EDGE_LOOP('',(#4989,#4990,#4991,#4992));
#1039=AXIS2_PLACEMENT_3D('',#4993,#4994,#4995);
#1040=EDGE_LOOP('',(#4996,#4997,#4998,#4999));
#1041=AXIS2_PLACEMENT_3D('',#5000,#5001,#5002);
#1042=EDGE_LOOP('',(#5003,#5004,#5005,#5006,#5007));
#1043=AXIS2_PLACEMENT_3D('',#5008,#5009,#5010);
#1044=EDGE_LOOP('',(#5011,#5012,#5013,#5014));
#1045=AXIS2_PLACEMENT_3D('',#5015,#5016,#5017);
#1046=EDGE_LOOP('',(#5018,#5019,#5020,#5021));
#1047=AXIS2_PLACEMENT_3D('',#5022,#5023,#5024);
#1048=EDGE_LOOP('',(#5025,#5026,#5027,#5028));
#1049=AXIS2_PLACEMENT_3D('',#5029,#5030,#5031);
#1050=EDGE_LOOP('',(#5032,#5033,#5034,#5035,#5036,#5037));
#1051=AXIS2_PLACEMENT_3D('',#5038,#5039,#5040);
#1052=EDGE_LOOP('',(#5041,#5042,#5043,#5044));
#1053=AXIS2_PLACEMENT_3D('',#5045,#5046,#5047);
#1054=EDGE_LOOP('',(#5048,#5049,#5050,#5051,#5052,#5053));
#1055=AXIS2_PLACEMENT_3D('',#5054,#5055,#5056);
#1056=EDGE_LOOP('',(#5057,#5058,#5059,#5060));
#1057=AXIS2_PLACEMENT_3D('',#5061,#5062,#5063);
#1058=EDGE_LOOP('',(#5064,#5065,#5066,#5067));
#1059=AXIS2_PLACEMENT_3D('',#5068,#5069,#5070);
#1060=EDGE_LOOP('',(#5071,#5072,#5073,#5074));
#1061=AXIS2_PLACEMENT_3D('',#5075,#5076,#5077);
#1062=EDGE_LOOP('',(#5078,#5079,#5080,#5081,#5082));
#1063=AXIS2_PLACEMENT_3D('',#5083,#5084,#5085);
#1064=EDGE_LOOP('',(#5086,#5087,#5088,#5089,#5090));
#1065=AXIS2_PLACEMENT_3D('',#5091,#5092,#5093);
#1066=EDGE_LOOP('',(#5094,#5095,#5096,#5097));
#1067=AXIS2_PLACEMENT_3D('',#5098,#5099,#5100);
#1068=EDGE_LOOP('',(#5101,#5102,#5103,#5104));
#1069=AXIS2_PLACEMENT_3D('',#5105,#5106,#5107);
#1070=EDGE_LOOP('',(#5108,#5109,#5110,#5111));
#1071=AXIS2_PLACEMENT_3D('',#5112,#5113,#5114);
#1072=EDGE_LOOP('',(#5115,#5116,#5117,#5118,#5119,#5120));
#1073=AXIS2_PLACEMENT_3D('',#5121,#5122,#5123);
#1074=EDGE_LOOP('',(#5124,#5125,#5126,#5127));
#1075=AXIS2_PLACEMENT_3D('',#5128,#5129,#5130);
#1076=EDGE_LOOP('',(#5131,#5132,#5133,#5134,#5135,#5136));
#1077=AXIS2_PLACEMENT_3D('',#5137,#5138,#5139);
#1078=EDGE_LOOP('',(#5140,#5141,#5142,#5143));
#1079=AXIS2_PLACEMENT_3D('',#5144,#5145,#5146);
#1080=EDGE_LOOP('',(#5147,#5148,#5149,#5150));
#1081=AXIS2_PLACEMENT_3D('',#5151,#5152,#5153);
#1082=EDGE_LOOP('',(#5154,#5155,#5156,#5157));
#1083=AXIS2_PLACEMENT_3D('',#5158,#5159,#5160);
#1084=EDGE_LOOP('',(#5161,#5162,#5163,#5164,#5165));
#1085=AXIS2_PLACEMENT_3D('',#5166,#5167,#5168);
#1086=EDGE_LOOP('',(#5169,#5170,#5171,#5172));
#1087=AXIS2_PLACEMENT_3D('',#5173,#5174,#5175);
#1088=EDGE_LOOP('',(#5176,#5177,#5178,#5179));
#1089=AXIS2_PLACEMENT_3D('',#5180,#5181,#5182);
#1090=EDGE_LOOP('',(#5183,#5184,#5185,#5186));
#1091=AXIS2_PLACEMENT_3D('',#5187,#5188,#5189);
#1092=EDGE_LOOP('',(#5190,#5191,#5192,#5193));
#1093=AXIS2_PLACEMENT_3D('',#5194,#5195,#5196);
#1094=EDGE_LOOP('',(#5197,#5198,#5199,#5200));
#1095=AXIS2_PLACEMENT_3D('',#5201,#5202,#5203);
#1096=EDGE_LOOP('',(#5204,#5205,#5206,#5207));
#1097=AXIS2_PLACEMENT_3D('',#5208,#5209,#5210);
#1098=EDGE_LOOP('',(#5211,#5212,#5213,#5214));
#1099=AXIS2_PLACEMENT_3D('',#5215,#5216,#5217);
#1100=EDGE_LOOP('',(#5218,#5219,#5220,#5221));
#1101=AXIS2_PLACEMENT_3D('',#5222,#5223,#5224);
#1102=EDGE_LOOP('',(#5225,#5226,#5227,#5228));
#1103=AXIS2_PLACEMENT_3D('',#5229,#5230,#5231);
#1104=EDGE_LOOP('',(#5232,#5233,#5234,#5235));
#1105=AXIS2_PLACEMENT_3D('',#5236,#5237,#5238);
#1106=EDGE_LOOP('',(#5239,#5240,#5241,#5242));
#1107=AXIS2_PLACEMENT_3D('',#5243,#5244,#5245);
#1108=EDGE_LOOP('',(#5246,#5247,#5248,#5249));
#1109=AXIS2_PLACEMENT_3D('',#5250,#5251,#5252);
#1110=EDGE_LOOP('',(#5253,#5254,#5255,#5256));
#1111=AXIS2_PLACEMENT_3D('',#5257,#5258,#5259);
#1112=EDGE_LOOP('',(#5260,#5261,#5262,#5263));
#1113=AXIS2_PLACEMENT_3D('',#5264,#5265,#5266);
#1114=EDGE_LOOP('',(#5267,#5268,#5269,#5270));
#1115=AXIS2_PLACEMENT_3D('',#5271,#5272,#5273);
#1116=EDGE_LOOP('',(#5274,#5275,#5276,#5277));
#1117=AXIS2_PLACEMENT_3D('',#5278,#5279,#5280);
#1118=EDGE_LOOP('',(#5281,#5282,#5283,#5284));
#1119=AXIS2_PLACEMENT_3D('',#5285,#5286,#5287);
#1120=EDGE_LOOP('',(#5288,#5289,#5290,#5291));
#1121=AXIS2_PLACEMENT_3D('',#5292,#5293,#5294);
#1122=EDGE_LOOP('',(#5295,#5296,#5297,#5298));
#1123=AXIS2_PLACEMENT_3D('',#5299,#5300,#5301);
#1124=EDGE_LOOP('',(#5302,#5303,#5304,#5305));
#1125=AXIS2_PLACEMENT_3D('',#5306,#5307,#5308);
#1126=EDGE_LOOP('',(#5309,#5310,#5311,#5312));
#1127=AXIS2_PLACEMENT_3D('',#5313,#5314,#5315);
#1128=EDGE_LOOP('',(#5316,#5317,#5318,#5319,#5320,#5321,#5322,#5323,#5324,#5325,#5326,#5327));
#1129=EDGE_LOOP('',(#5328,#5329,#5330,#5331));
#1130=AXIS2_PLACEMENT_3D('',#5332,#5333,#5334);
#1131=EDGE_LOOP('',(#5335,#5336,#5337,#5338,#5339,#5340,#5341,#5342,#5343,#5344));
#1132=AXIS2_PLACEMENT_3D('',#5345,#5346,#5347);
#1133=EDGE_LOOP('',(#5348,#5349,#5350,#5351,#5352,#5353,#5354,#5355,#5356,#5357));
#1134=AXIS2_PLACEMENT_3D('',#5358,#5359,#5360);
#1135=EDGE_LOOP('',(#5361,#5362,#5363,#5364,#5365,#5366,#5367,#5368,#5369,#5370));
#1136=AXIS2_PLACEMENT_3D('',#5371,#5372,#5373);
#1137=EDGE_LOOP('',(#5374,#5375,#5376,#5377,#5378,#5379,#5380,#5381,#5382,#5383));
#1138=AXIS2_PLACEMENT_3D('',#5384,#5385,#5386);
#1139=EDGE_LOOP('',(#5387,#5388,#5389,#5390,#5391,#5392,#5393,#5394));
#1140=EDGE_LOOP('',(#5395,#5396,#5397,#5398,#5399,#5400,#5401,#5402,#5403,#5404,#5405));
#1141=AXIS2_PLACEMENT_3D('',#5406,#5407,#5408);
#1142=EDGE_LOOP('',(#5409,#5410,#5411,#5412,#5413,#5414,#5415,#5416));
#1143=EDGE_LOOP('',(#5417,#5418,#5419,#5420,#5421,#5422,#5423,#5424,#5425,#5426,#5427));
#1144=AXIS2_PLACEMENT_3D('',#5428,#5429,#5430);
#1145=EDGE_LOOP('',(#5431,#5432,#5433,#5434,#5435,#5436,#5437,#5438));
#1146=EDGE_LOOP('',(#5439,#5440,#5441,#5442,#5443,#5444,#5445,#5446,#5447,#5448,#5449));
#1147=AXIS2_PLACEMENT_3D('',#5450,#5451,#5452);
#1148=EDGE_LOOP('',(#5453,#5454,#5455,#5456,#5457,#5458,#5459,#5460));
#1149=EDGE_LOOP('',(#5461,#5462,#5463,#5464,#5465,#5466,#5467,#5468,#5469,#5470,#5471));
#1150=AXIS2_PLACEMENT_3D('',#5472,#5473,#5474);
#1151=EDGE_LOOP('',(#5475,#5476,#5477));
#1152=AXIS2_PLACEMENT_3D('',#5478,#5479,#5480);
#1153=EDGE_LOOP('',(#5481,#5482,#5483,#5484,#5485,#5486,#5487));
#1154=AXIS2_PLACEMENT_3D('',#5488,#5489,#5490);
#1155=EDGE_LOOP('',(#5491,#5492,#5493));
#1156=AXIS2_PLACEMENT_3D('',#5494,#5495,#5496);
#1157=EDGE_LOOP('',(#5497,#5498,#5499,#5500,#5501,#5502,#5503));
#1158=AXIS2_PLACEMENT_3D('',#5504,#5505,#5506);
#1159=EDGE_LOOP('',(#5507,#5508,#5509,#5510));
#1160=AXIS2_PLACEMENT_3D('',#5511,#5512,#5513);
#1161=EDGE_LOOP('',(#5514,#5515,#5516,#5517));
#1162=AXIS2_PLACEMENT_3D('',#5518,#5519,#5520);
#1163=EDGE_LOOP('',(#5521,#5522,#5523,#5524));
#1164=AXIS2_PLACEMENT_3D('',#5525,#5526,#5527);
#1165=EDGE_LOOP('',(#5528,#5529,#5530,#5531,#5532,#5533,#5534));
#1166=AXIS2_PLACEMENT_3D('',#5535,#5536,#5537);
#1167=EDGE_LOOP('',(#5538,#5539,#5540,#5541,#5542,#5543,#5544,#5545,#5546,#5547,#5548,#5549));
#1168=AXIS2_PLACEMENT_3D('',#5550,#5551,#5552);
#1169=EDGE_LOOP('',(#5553,#5554,#5555,#5556,#5557));
#1170=AXIS2_PLACEMENT_3D('',#5558,#5559,#5560);
#1171=EDGE_LOOP('',(#5561,#5562,#5563,#5564,#5565,#5566,#5567,#5568,#5569,#5570,#5571,#5572,#5573,#5574,#5575,#5576,#5577,#5578,#5579,#5580));
#1172=AXIS2_PLACEMENT_3D('',#5581,#5582,#5583);
#1173=EDGE_LOOP('',(#5584,#5585,#5586,#5587));
#1174=AXIS2_PLACEMENT_3D('',#5588,#5589,#5590);
#1175=EDGE_LOOP('',(#5591,#5592,#5593,#5594));
#1176=AXIS2_PLACEMENT_3D('',#5595,#5596,#5597);
#1177=EDGE_LOOP('',(#5598,#5599,#5600,#5601));
#1178=AXIS2_PLACEMENT_3D('',#5602,#5603,#5604);
#1179=EDGE_LOOP('',(#5605,#5606,#5607,#5608));
#1180=AXIS2_PLACEMENT_3D('',#5609,#5610,#5611);
#1181=EDGE_LOOP('',(#5612,#5613,#5614,#5615));
#1182=AXIS2_PLACEMENT_3D('',#5616,#5617,#5618);
#1183=EDGE_LOOP('',(#5619,#5620,#5621,#5622));
#1184=AXIS2_PLACEMENT_3D('',#5623,#5624,#5625);
#1185=EDGE_LOOP('',(#5626,#5627,#5628,#5629,#5630,#5631));
#1186=AXIS2_PLACEMENT_3D('',#5632,#5633,#5634);
#1187=EDGE_LOOP('',(#5635,#5636,#5637,#5638));
#1188=AXIS2_PLACEMENT_3D('',#5639,#5640,#5641);
#1189=EDGE_LOOP('',(#5642,#5643,#5644,#5645));
#1190=AXIS2_PLACEMENT_3D('',#5646,#5647,#5648);
#1191=EDGE_LOOP('',(#5649,#5650,#5651,#5652,#5653,#5654));
#1192=AXIS2_PLACEMENT_3D('',#5655,#5656,#5657);
#1193=EDGE_LOOP('',(#5658,#5659,#5660,#5661));
#1194=AXIS2_PLACEMENT_3D('',#5662,#5663,#5664);
#1195=EDGE_LOOP('',(#5665,#5666,#5667,#5668));
#1196=AXIS2_PLACEMENT_3D('',#5669,#5670,#5671);
#1197=EDGE_LOOP('',(#5672,#5673,#5674,#5675));
#1198=AXIS2_PLACEMENT_3D('',#5676,#5677,#5678);
#1199=EDGE_LOOP('',(#5679,#5680,#5681,#5682));
#1200=AXIS2_PLACEMENT_3D('',#5683,#5684,#5685);
#1201=EDGE_LOOP('',(#5686,#5687,#5688,#5689,#5690,#5691));
#1202=AXIS2_PLACEMENT_3D('',#5692,#5693,#5694);
#1203=EDGE_LOOP('',(#5695,#5696,#5697,#5698,#5699));
#1204=AXIS2_PLACEMENT_3D('',#5700,#5701,#5702);
#1205=EDGE_LOOP('',(#5703,#5704,#5705));
#1206=AXIS2_PLACEMENT_3D('',#5706,#5707,#5708);
#1207=EDGE_LOOP('',(#5709,#5710,#5711,#5712));
#1208=AXIS2_PLACEMENT_3D('',#5713,#5714,#5715);
#1209=EDGE_LOOP('',(#5716,#5717,#5718,#5719));
#1210=AXIS2_PLACEMENT_3D('',#5720,#5721,#5722);
#1211=EDGE_LOOP('',(#5723,#5724,#5725,#5726));
#1212=AXIS2_PLACEMENT_3D('',#5727,#5728,#5729);
#1213=EDGE_LOOP('',(#5730,#5731,#5732));
#1214=AXIS2_PLACEMENT_3D('',#5733,#5734,#5735);
#1215=EDGE_LOOP('',(#5736,#5737,#5738,#5739));
#1216=AXIS2_PLACEMENT_3D('',#5740,#5741,#5742);
#1217=EDGE_LOOP('',(#5743,#5744,#5745));
#1218=AXIS2_PLACEMENT_3D('',#5746,#5747,#5748);
#1219=EDGE_LOOP('',(#5749,#5750,#5751,#5752,#5753));
#1220=AXIS2_PLACEMENT_3D('',#5754,#5755,#5756);
#1221=EDGE_LOOP('',(#5757,#5758,#5759,#5760));
#1222=AXIS2_PLACEMENT_3D('',#5761,#5762,#5763);
#1223=EDGE_LOOP('',(#5764,#5765,#5766));
#1224=AXIS2_PLACEMENT_3D('',#5767,#5768,#5769);
#1225=EDGE_LOOP('',(#5770,#5771,#5772,#5773));
#1226=AXIS2_PLACEMENT_3D('',#5774,#5775,#5776);
#1227=EDGE_LOOP('',(#5777,#5778,#5779));
#1228=AXIS2_PLACEMENT_3D('',#5780,#5781,#5782);
#1229=EDGE_LOOP('',(#5783,#5784,#5785,#5786));
#1230=AXIS2_PLACEMENT_3D('',#5787,#5788,#5789);
#1231=EDGE_LOOP('',(#5790,#5791,#5792,#5793));
#1232=AXIS2_PLACEMENT_3D('',#5794,#5795,#5796);
#1233=EDGE_LOOP('',(#5797,#5798,#5799,#5800));
#1234=AXIS2_PLACEMENT_3D('',#5801,#5802,#5803);
#1235=EDGE_LOOP('',(#5804,#5805,#5806));
#1236=AXIS2_PLACEMENT_3D('',#5807,#5808,#5809);
#1237=EDGE_LOOP('',(#5810,#5811,#5812,#5813));
#1238=AXIS2_PLACEMENT_3D('',#5814,#5815,#5816);
#1239=EDGE_LOOP('',(#5817,#5818,#5819,#5820));
#1240=AXIS2_PLACEMENT_3D('',#5821,#5822,#5823);
#1241=EDGE_LOOP('',(#5824,#5825,#5826,#5827));
#1242=AXIS2_PLACEMENT_3D('',#5828,#5829,#5830);
#1243=EDGE_LOOP('',(#5831,#5832,#5833));
#1245=CARTESIAN_POINT('',(1.93068813112819,1.4835613529779,-1.4782608623247));
#1246=CARTESIAN_POINT('',(1.92115856534141,1.46748955382762,-1.49423029907167));
#1247=CARTESIAN_POINT('',(1.90529782215728,1.45,-1.50090971061271));
#1248=CARTESIAN_POINT('',(1.9047419951359,1.44939304492835,-1.50114396451936));
#1249=CARTESIAN_POINT('',(1.90418616811452,1.4487860898567,-1.50137821842601));
#1250=CARTESIAN_POINT('',(1.93256397883137,1.4814609877338,-1.4772266180422));
#1251=CARTESIAN_POINT('',(1.92368244699071,1.46638192477397,-1.49215023756413));
#1252=CARTESIAN_POINT('',(1.90905390876077,1.45,-1.49883876840128));
#1253=CARTESIAN_POINT('',(1.90854161532459,1.44943028668751,-1.49907308807341));
#1254=CARTESIAN_POINT('',(1.90802932188842,1.44886057337502,-1.49930740774555));
#1255=CARTESIAN_POINT('',(1.93443982653455,1.47936062248971,-1.47619237375969));
#1256=CARTESIAN_POINT('',(1.92620632864001,1.46527429572032,-1.49007017605659));
#1257=CARTESIAN_POINT('',(1.91280999536426,1.45,-1.49676782618984));
#1258=CARTESIAN_POINT('',(1.91234123551329,1.44946752844667,-1.49700221162747));
#1259=CARTESIAN_POINT('',(1.91187247566232,1.44893505689333,-1.4972365970651));
#1260=CARTESIAN_POINT('',(1.93631567423772,1.47726025724562,-1.47515812947719));
#1261=CARTESIAN_POINT('',(1.92873021028931,1.46416666666667,-1.48799011454905));
#1262=CARTESIAN_POINT('',(1.91656608196776,1.45,-1.49469688397841));
#1263=CARTESIAN_POINT('',(1.91614085570199,1.44950477020582,-1.49493133518153));
#1264=CARTESIAN_POINT('',(1.91571562943623,1.44900954041165,-1.49516578638464));
#1265=CARTESIAN_POINT('',(1.94458727138127,1.46799864441637,-1.47059760356753));
#1266=CARTESIAN_POINT('',(1.93971476451213,1.45934599236844,-1.47893717483506));
#1267=CARTESIAN_POINT('',(1.93312863934798,1.45,-1.48556501274413));
#1268=CARTESIAN_POINT('',(1.93289537550987,1.44966898866991,-1.4857997539418));
#1269=CARTESIAN_POINT('',(1.93266211167177,1.44933797733981,-1.48603449513946));
#1270=CARTESIAN_POINT('',(1.9529263647752,1.45884341112143,-1.46592695578312));
#1271=CARTESIAN_POINT('',(1.95068181500543,1.45442768730743,-1.46994104670957));
#1272=CARTESIAN_POINT('',(1.94843550327921,1.44999987706328,-1.47396136692366));
#1273=CARTESIAN_POINT('',(1.94835544447301,1.44984206940101,-1.47410465159478));
#1274=CARTESIAN_POINT('',(1.9482753856668,1.44968426173873,-1.47424793626589));
#1275=CARTESIAN_POINT('',(1.96142135623731,1.45,-1.46097546470558));
#1276=CARTESIAN_POINT('',(1.96142135623731,1.45,-1.46097546470558));
#1277=CARTESIAN_POINT('',(1.96142135623731,1.45,-1.46097546470558));
#1278=CARTESIAN_POINT('',(1.96142135623731,1.45,-1.46097546470558));
#1279=CARTESIAN_POINT('',(1.96142135623731,1.45,-1.46097546470558));
#1286=EDGE_LOOP('',(#5834,#5835,#5836,#5837));
#1287=CARTESIAN_POINT('',(1.93631567423774,1.4772602572456,-1.47515812947718));
#1288=CARTESIAN_POINT('',(1.9354847617692,1.47582598404307,-1.47656374638668));
#1289=CARTESIAN_POINT('',(1.93460540398585,1.47437196690368,-1.47792159258875));
#1290=CARTESIAN_POINT('',(1.93358696051158,1.4727545679292,-1.47935896549024));
#1291=CARTESIAN_POINT('',(1.93349481281333,1.47260879020465,-1.4794878744973));
#1292=CARTESIAN_POINT('',(1.93303940650454,1.47189109262126,-1.48011936435597));
#1293=CARTESIAN_POINT('',(1.93266950152381,1.47131669667972,-1.4806149189298));
#1294=CARTESIAN_POINT('',(1.93178142180846,1.46995749941503,-1.48176439062238));
#1295=CARTESIAN_POINT('',(1.93125731098793,1.46917053430948,-1.48241193551188));
#1296=CARTESIAN_POINT('',(1.93052792982866,1.46809557850811,-1.48327201684712));
#1297=CARTESIAN_POINT('',(1.93033395102032,1.46781155817792,-1.48349697002532));
#1298=CARTESIAN_POINT('',(1.9298492422995,1.46710644710393,-1.48404975377494));
#1299=CARTESIAN_POINT('',(1.92955654591415,1.46668466965233,-1.48437541226689));
#1300=CARTESIAN_POINT('',(1.92864449443238,1.46538264393787,-1.48536530502088));
#1301=CARTESIAN_POINT('',(1.92801314890854,1.46449831920539,-1.48601607043311));
#1302=CARTESIAN_POINT('',(1.9270903442937,1.46322961103632,-1.48691880053804));
#1303=CARTESIAN_POINT('',(1.92681157316087,1.46284931707144,-1.48718547280113));
#1304=CARTESIAN_POINT('',(1.92572230786642,1.46137479756871,-1.48820424302425));
#1305=CARTESIAN_POINT('',(1.92489169323407,1.46027450430383,-1.488932170306));
#1306=CARTESIAN_POINT('',(1.92300251680225,1.4578244843921,-1.49048113205346));
#1307=CARTESIAN_POINT('',(1.92193352822863,1.45647231868704,-1.49128820834381));
#1308=CARTESIAN_POINT('',(1.92069090314487,1.45493834938542,-1.49214955622418));
#1309=CARTESIAN_POINT('',(1.92054663389997,1.45476081151726,-1.49224842882248));
#1310=CARTESIAN_POINT('',(1.91915909050089,1.45305861903323,-1.49318855625301));
#1311=CARTESIAN_POINT('',(1.91787902977591,1.45152909386164,-1.49397298186317));
#1312=CARTESIAN_POINT('',(1.9165660819678,1.45000000000003,-1.49469688397839));
#1313=CARTESIAN_POINT('',(1.93360888629742,1.48029095900582,-1.47665053388319));
#1314=CARTESIAN_POINT('',(1.93269799327096,1.47882521095169,-1.47815731909533));
#1315=CARTESIAN_POINT('',(1.93171498800889,1.47735411910059,-1.47961650922014));
#1316=CARTESIAN_POINT('',(1.93057037093711,1.47572331273751,-1.4811602562744));
#1317=CARTESIAN_POINT('',(1.93046675536732,1.47557637573929,-1.4812986969519));
#1318=CARTESIAN_POINT('',(1.92995447872625,1.47485316674689,-1.48197681681212));
#1319=CARTESIAN_POINT('',(1.92953777690874,1.47427497073692,-1.48250876585454));
#1320=CARTESIAN_POINT('',(1.92853765638009,1.47290690649947,-1.48374155219008));
#1321=CARTESIAN_POINT('',(1.92794766132189,1.47211490472188,-1.48443515597579));
#1322=CARTESIAN_POINT('',(1.92712935834662,1.4710313222683,-1.48535429398074));
#1323=CARTESIAN_POINT('',(1.92691198567366,1.47074485865463,-1.48559448875416));
#1324=CARTESIAN_POINT('',(1.92636965305126,1.47003311909155,-1.48618413903534));
#1325=CARTESIAN_POINT('',(1.92604288713855,1.46960688179333,-1.48653099473726));
#1326=CARTESIAN_POINT('',(1.92502770355774,1.46828893827372,-1.48758339363928));
#1327=CARTESIAN_POINT('',(1.92432916952359,1.46739079466867,-1.48827251222675));
#1328=CARTESIAN_POINT('',(1.92331743169701,1.46609536933502,-1.4892231706144));
#1329=CARTESIAN_POINT('',(1.92301006962719,1.46570836019117,-1.48950488980721));
#1330=CARTESIAN_POINT('',(1.92180372347152,1.46421200047362,-1.49058381791805));
#1331=CARTESIAN_POINT('',(1.92087253017551,1.46310431769935,-1.49136049020732));
#1332=CARTESIAN_POINT('',(1.918746955288,1.460646756484,-1.49301554639519));
#1333=CARTESIAN_POINT('',(1.91753923066244,1.45929635117618,-1.49387955154955));
#1334=CARTESIAN_POINT('',(1.9161451768678,1.45776123679994,-1.49479360491363));
#1335=CARTESIAN_POINT('',(1.91598347153481,1.457583518999,-1.49489839833264));
#1336=CARTESIAN_POINT('',(1.91442990603375,1.45587896104533,-1.49589338529522));
#1337=CARTESIAN_POINT('',(1.91300951282371,1.45434238915941,-1.49671244136357));
#1338=CARTESIAN_POINT('',(1.91158417703776,1.45278903799106,-1.49744368891185));
#1339=CARTESIAN_POINT('',(1.9310445922282,1.48356776372849,-1.4779018324764));
#1340=CARTESIAN_POINT('',(1.9300402828441,1.48209009106813,-1.47951029928283));
#1341=CARTESIAN_POINT('',(1.92894906889952,1.48060911781492,-1.4810699597299));
#1342=CARTESIAN_POINT('',(1.92767597967385,1.47896807502695,-1.48271885942985));
#1343=CARTESIAN_POINT('',(1.92756071340778,1.47882022205023,-1.48286671935518));
#1344=CARTESIAN_POINT('',(1.92699075457707,1.478092528276,-1.48359091078213));
#1345=CARTESIAN_POINT('',(1.9265268816388,1.47751082079889,-1.48415879172378));
#1346=CARTESIAN_POINT('',(1.92541357989906,1.47613441195267,-1.48547393888604));
#1347=CARTESIAN_POINT('',(1.92475684284239,1.47533755157032,-1.48621315878963));
#1348=CARTESIAN_POINT('',(1.92384687901154,1.4742469805579,-1.48719114134399));
#1349=CARTESIAN_POINT('',(1.92360524146543,1.47395863734233,-1.48744655834606));
#1350=CARTESIAN_POINT('',(1.92300265215524,1.47324212475879,-1.48807314005072));
#1351=CARTESIAN_POINT('',(1.92263982847251,1.4728129389145,-1.48844133094643));
#1352=CARTESIAN_POINT('',(1.92151367463873,1.47148549863149,-1.48955706004924));
#1353=CARTESIAN_POINT('',(1.92074025281313,1.47058035702907,-1.49028564643098));
#1354=CARTESIAN_POINT('',(1.91962338004281,1.4692736889526,-1.49128697676892));
#1355=CARTESIAN_POINT('',(1.91928360694961,1.46888366577361,-1.4915839501886));
#1356=CARTESIAN_POINT('',(1.9179486089534,1.46737680052176,-1.49272185886856));
#1357=CARTESIAN_POINT('',(1.91691507989892,1.46626378444546,-1.4935421917196));
#1358=CARTESIAN_POINT('',(1.91455413790812,1.46379727929808,-1.49528806824506));
#1359=CARTESIAN_POINT('',(1.91321152221758,1.4624438846026,-1.49619791683179));
#1360=CARTESIAN_POINT('',(1.91166514681619,1.46090521745033,-1.49715534621233));
#1361=CARTESIAN_POINT('',(1.91148582281431,1.46072708601253,-1.49726502976897));
#1362=CARTESIAN_POINT('',(1.90976355610784,1.45901849425166,-1.49830558377046));
#1363=CARTESIAN_POINT('',(1.90819329716233,1.45747777613647,-1.49915549202604));
#1364=CARTESIAN_POINT('',(1.90662683115436,1.45591680726835,-1.49989913715602));
#1365=CARTESIAN_POINT('',(1.92589830186739,1.49072954663824,-1.48017844052271));
#1366=CARTESIAN_POINT('',(1.92468483815423,1.48925145501481,-1.48199761476843));
#1367=CARTESIAN_POINT('',(1.92336674277538,1.48776454567785,-1.48375922566798));
#1368=CARTESIAN_POINT('',(1.92182865902784,1.48611424830125,-1.48561662593227));
#1369=CARTESIAN_POINT('',(1.92168939731418,1.4859655378557,-1.4857831358111));
#1370=CARTESIAN_POINT('',(1.92100076959122,1.48523352014924,-1.48659843347065));
#1371=CARTESIAN_POINT('',(1.9204402607485,1.48464803442703,-1.48723700945014));
#1372=CARTESIAN_POINT('',(1.91909477560116,1.48326231276384,-1.48871384086011));
#1373=CARTESIAN_POINT('',(1.91830087897074,1.48245977212601,-1.4895423234063));
#1374=CARTESIAN_POINT('',(1.9172004064584,1.481361581878,-1.49063576179044));
#1375=CARTESIAN_POINT('',(1.91690813673167,1.4810712384405,-1.49092107592509));
#1376=CARTESIAN_POINT('',(1.91617916691567,1.4803498408537,-1.4916203311341));
#1377=CARTESIAN_POINT('',(1.91574014892221,1.47991780501544,-1.49203062984321));
#1378=CARTESIAN_POINT('',(1.91437713160014,1.47858196101454,-1.49327199906092));
#1379=CARTESIAN_POINT('',(1.91344053966686,1.4776716746774,-1.49407982848456));
#1380=CARTESIAN_POINT('',(1.91208713464104,1.47635920719655,-1.49518541312777));
#1381=CARTESIAN_POINT('',(1.91167580040914,1.4759673930015,-1.49551286541286));
#1382=CARTESIAN_POINT('',(1.91006092687406,1.47445347308075,-1.49676567036359));
#1383=CARTESIAN_POINT('',(1.9088134333566,1.47333495729295,-1.49766477455282));
#1384=CARTESIAN_POINT('',(1.90596673314322,1.47085697478428,-1.49956662745603));
#1385=CARTESIAN_POINT('',(1.90434980159758,1.46949775286643,-1.50054956875275));
#1386=CARTESIAN_POINT('',(1.90248819854802,1.46795427646162,-1.50157548657359));
#1387=CARTESIAN_POINT('',(1.90227233013712,1.46777561555818,-1.50169287942407));
#1388=CARTESIAN_POINT('',(1.90019915971318,1.46606223123311,-1.50280527054883));
#1389=CARTESIAN_POINT('',(1.89830959689937,1.46451938993601,-1.50370387885959));
#1390=CARTESIAN_POINT('',(1.89642093234818,1.46296001664231,-1.50447018563409));
#1391=CARTESIAN_POINT('',(1.92333694295048,1.49461962561302,-1.48118106874692));
#1392=CARTESIAN_POINT('',(1.92200647153955,1.49315533104745,-1.48310906821707));
#1393=CARTESIAN_POINT('',(1.92056967979602,1.49167621338649,-1.48497037886373));
#1394=CARTESIAN_POINT('',(1.91889545690589,1.49003168561583,-1.48692856498863));
#1395=CARTESIAN_POINT('',(1.91874388857883,1.48988346968609,-1.48710406952513));
#1396=CARTESIAN_POINT('',(1.91799447536178,1.48915377638869,-1.4879632195098));
#1397=CARTESIAN_POINT('',(1.91738470471553,1.48856980846668,-1.48863554932486));
#1398=CARTESIAN_POINT('',(1.91592067458029,1.48718732194749,-1.4901893103211));
#1399=CARTESIAN_POINT('',(1.91505660717593,1.48638637822996,-1.49106004911352));
#1400=CARTESIAN_POINT('',(1.91385742474805,1.48529063378983,-1.49220839759861));
#1401=CARTESIAN_POINT('',(1.91353880543802,1.48500096125821,-1.49250795571942));
#1402=CARTESIAN_POINT('',(1.91274369508451,1.48428134677955,-1.49324194630691));
#1403=CARTESIAN_POINT('',(1.91226447717221,1.48385048157907,-1.49367247093454));
#1404=CARTESIAN_POINT('',(1.91077514877255,1.48251878200387,-1.49497470186302));
#1405=CARTESIAN_POINT('',(1.90974968012539,1.48161206045784,-1.49582165782323));
#1406=CARTESIAN_POINT('',(1.9082633422908,1.4803066921432,-1.49698065486771));
#1407=CARTESIAN_POINT('',(1.90781257162378,1.47991646228129,-1.49732318150054));
#1408=CARTESIAN_POINT('',(1.90604591555631,1.47840695931646,-1.49863099880753));
#1409=CARTESIAN_POINT('',(1.90468754643613,1.47728807500661,-1.49956385907976));
#1410=CARTESIAN_POINT('',(1.90159309396502,1.47480623931876,-1.50152719995806));
#1411=CARTESIAN_POINT('',(1.89983883250467,1.47344287318471,-1.50253493091027));
#1412=CARTESIAN_POINT('',(1.89781596968619,1.4718970748114,-1.50358356250291));
#1413=CARTESIAN_POINT('',(1.89758135505679,1.47171818104484,-1.50370350281256));
#1414=CARTESIAN_POINT('',(1.89532757033231,1.47000299632582,-1.50483963253748));
#1415=CARTESIAN_POINT('',(1.89326897509941,1.46846186055454,-1.50575438197868));
#1416=CARTESIAN_POINT('',(1.89119674369349,1.46691333829318,-1.50653064556692));
#1417=CARTESIAN_POINT('',(1.91842372402025,1.50266380368721,-1.48287103505347));
#1418=CARTESIAN_POINT('',(1.91686387115045,1.50123436951587,-1.48500835504813));
#1419=CARTESIAN_POINT('',(1.91519589636752,1.49977215980499,-1.48706123770754));
#1420=CARTESIAN_POINT('',(1.91325698166923,1.49813774125475,-1.48921184489225));
#1421=CARTESIAN_POINT('',(1.9130814899142,1.49799035992817,-1.48940451017088));
#1422=CARTESIAN_POINT('',(1.91221392774115,1.49726444598742,-1.49034726130012));
#1423=CARTESIAN_POINT('',(1.91150845294391,1.49668247715132,-1.49108373921229));
#1424=CARTESIAN_POINT('',(1.90981408877869,1.4953036735725,-1.49278308083331));
#1425=CARTESIAN_POINT('',(1.90881365663334,1.49450404969544,-1.49373328346736));
#1426=CARTESIAN_POINT('',(1.90742242838505,1.49341095397327,-1.49498399943723));
#1427=CARTESIAN_POINT('',(1.90705252446928,1.49312206044202,-1.49531002428557));
#1428=CARTESIAN_POINT('',(1.9061286174757,1.49240474354133,-1.49610831990664));
#1429=CARTESIAN_POINT('',(1.90557105973851,1.49197557361358,-1.49657607658581));
#1430=CARTESIAN_POINT('',(1.90383534144768,1.49065074026192,-1.49798961370309));
#1431=CARTESIAN_POINT('',(1.90263617240953,1.4897509791161,-1.49890708074589));
#1432=CARTESIAN_POINT('',(1.90088930258389,1.48846161996211,-1.50016054296185));
#1433=CARTESIAN_POINT('',(1.90036114451254,1.48807536843472,-1.50052935007573));
#1434=CARTESIAN_POINT('',(1.898296383755,1.48657866564343,-1.50193164333224));
#1435=CARTESIAN_POINT('',(1.89671970378105,1.48546375943663,-1.50291924544916));
#1436=CARTESIAN_POINT('',(1.89313785217298,1.4829858373366,-1.50497562306546));
#1437=CARTESIAN_POINT('',(1.89111370617152,1.48162134145891,-1.50601543037274));
#1438=CARTESIAN_POINT('',(1.88877549184623,1.48007733036046,-1.50708857883263));
#1439=CARTESIAN_POINT('',(1.88850424077721,1.4798986897128,-1.50721117792381));
#1440=CARTESIAN_POINT('',(1.88589771390921,1.47818650401142,-1.50837127490126));
#1441=CARTESIAN_POINT('',(1.88351081913443,1.47665246251113,-1.50929597918846));
#1442=CARTESIAN_POINT('',(1.88108572364642,1.47512390948836,-1.51007109148712));
#1443=CARTESIAN_POINT('',(1.91606831837737,1.50675058248099,-1.48358889359733));
#1444=CARTESIAN_POINT('',(1.91439604647243,1.50534208006155,-1.48582682145419));
#1445=CARTESIAN_POINT('',(1.91261558371934,1.50389554054686,-1.48796897617659));
#1446=CARTESIAN_POINT('',(1.91054813030596,1.50227521343595,-1.49020734574019));
#1447=CARTESIAN_POINT('',(1.91036102312833,1.50212907279492,-1.49040781941448));
#1448=CARTESIAN_POINT('',(1.90943610485553,1.50140913328638,-1.4913885245087));
#1449=CARTESIAN_POINT('',(1.90868419519451,1.50083152970981,-1.49215385464181));
#1450=CARTESIAN_POINT('',(1.90687805906647,1.49946239278466,-1.49391819588903));
#1451=CARTESIAN_POINT('',(1.90581144235803,1.49866785134632,-1.49490349007044));
#1452=CARTESIAN_POINT('',(1.90432688405335,1.49758145043574,-1.49619912232229));
#1453=CARTESIAN_POINT('',(1.90393204600163,1.49729430244584,-1.49653673130221));
#1454=CARTESIAN_POINT('',(1.90294548297764,1.49658130080618,-1.49736312175102));
#1455=CARTESIAN_POINT('',(1.9023497835088,1.49615469655437,-1.49784709962287));
#1456=CARTESIAN_POINT('',(1.90049397296497,1.49483788413278,-1.4993090748098));
#1457=CARTESIAN_POINT('',(1.8992099602382,1.4939437164435,-1.50025714665856));
#1458=CARTESIAN_POINT('',(1.89733543858507,1.4926632333674,-1.5015518618504));
#1459=CARTESIAN_POINT('',(1.89676958293943,1.49227908316773,-1.50193185158791));
#1460=CARTESIAN_POINT('',(1.89456034304406,1.49078872502642,-1.50337325056235));
#1461=CARTESIAN_POINT('',(1.89287942960721,1.48967472591172,-1.50438100524677));
#1462=CARTESIAN_POINT('',(1.88906668035894,1.48719520069038,-1.50646657926354));
#1463=CARTESIAN_POINT('',(1.88691588473287,1.48582741098048,-1.50751204434918));
#1464=CARTESIAN_POINT('',(1.88442929124751,1.4842813771568,-1.50858547852049));
#1465=CARTESIAN_POINT('',(1.88414079623772,1.48410252824718,-1.50870801830355));
#1466=CARTESIAN_POINT('',(1.88136815363597,1.48238867752669,-1.50986676910611));
#1467=CARTESIAN_POINT('',(1.87882597775775,1.48085569041828,-1.51078434239658));
#1468=CARTESIAN_POINT('',(1.8762313913397,1.47933628263789,-1.51154871271128));
#1469=CARTESIAN_POINT('',(1.91349952274635,1.51143566823834,-1.48428040421297));
#1470=CARTESIAN_POINT('',(1.91171278605226,1.51004378099877,-1.48662499758993));
#1471=CARTESIAN_POINT('',(1.90980961101905,1.50861629852283,-1.48886319759872));
#1472=CARTESIAN_POINT('',(1.9075992049149,1.50701608104491,-1.4911954838719));
#1473=CARTESIAN_POINT('',(1.90739915648825,1.50687174332363,-1.4914043086305));
#1474=CARTESIAN_POINT('',(1.90641024968017,1.50616061761532,-1.49242557048941));
#1475=CARTESIAN_POINT('',(1.90560626904985,1.50558987359707,-1.49322162111134));
#1476=CARTESIAN_POINT('',(1.90367500154904,1.50423607174957,-1.49505459995836));
#1477=CARTESIAN_POINT('',(1.90253444732996,1.50344971271828,-1.49607648376733));
#1478=CARTESIAN_POINT('',(1.90094702369683,1.50237291417979,-1.49741786654768));
#1479=CARTESIAN_POINT('',(1.90052483134099,1.50208815547256,-1.49776716648972));
#1480=CARTESIAN_POINT('',(1.8994699367977,1.50138066724576,-1.49862160153055));
#1481=CARTESIAN_POINT('',(1.89883299311501,1.50095699323157,-1.49912149332027));
#1482=CARTESIAN_POINT('',(1.89684876673166,1.49964788474494,-1.50062996386383));
#1483=CARTESIAN_POINT('',(1.89547600820822,1.49875707335806,-1.50160593235527));
#1484=CARTESIAN_POINT('',(1.8934721945427,1.49747786163226,-1.50293548266503));
#1485=CARTESIAN_POINT('',(1.89286726472831,1.49709415174038,-1.50332505055486));
#1486=CARTESIAN_POINT('',(1.89050546106582,1.49560566427953,-1.5048002812131));
#1487=CARTESIAN_POINT('',(1.88870845186525,1.4944934079176,-1.50582626403708));
#1488=CARTESIAN_POINT('',(1.88463452965743,1.49201765167423,-1.50793731333156));
#1489=CARTESIAN_POINT('',(1.88233781901791,1.49065186756318,-1.50898678745048));
#1490=CARTESIAN_POINT('',(1.87968591779585,1.48910722546588,-1.5100541257738));
#1491=CARTESIAN_POINT('',(1.87937829386313,1.48892852429897,-1.51017579948909));
#1492=CARTESIAN_POINT('',(1.87642232229248,1.4872159471855,-1.51132472071119));
#1493=CARTESIAN_POINT('',(1.87371599341828,1.48568300625514,-1.51222174580967));
#1494=CARTESIAN_POINT('',(1.87096032488944,1.4841615404842,-1.5129536112229));
#1495=CARTESIAN_POINT('',(1.91323310573427,1.51192719597214,-1.48434986908862));
#1496=CARTESIAN_POINT('',(1.91143459727706,1.51053695530826,-1.48670548806927));
#1497=CARTESIAN_POINT('',(1.90951869205924,1.50911117684661,-1.48895375466725));
#1498=CARTESIAN_POINT('',(1.90729342166486,1.50751266474025,-1.49129593870413));
#1499=CARTESIAN_POINT('',(1.90709202731318,1.50736847905296,-1.4915056441181));
#1500=CARTESIAN_POINT('',(1.90609646446858,1.50665809262718,-1.49253118505088));
#1501=CARTESIAN_POINT('',(1.90528706417651,1.50608791155457,-1.49333048389376));
#1502=CARTESIAN_POINT('',(1.90334277525062,1.50473534564968,-1.49517072268695));
#1503=CARTESIAN_POINT('',(1.90219452886985,1.50394962753009,-1.496196478773));
#1504=CARTESIAN_POINT('',(1.90059642069139,1.50287356218415,-1.49754268551322));
#1505=CARTESIAN_POINT('',(1.90017138864747,1.50258898384215,-1.49789321633227));
#1506=CARTESIAN_POINT('',(1.89910940559024,1.50188190691521,-1.49875059759302));
#1507=CARTESIAN_POINT('',(1.89846818778399,1.50145844685478,-1.49925215535754));
#1508=CARTESIAN_POINT('',(1.89647067203629,1.50014988648319,-1.5007654672066));
#1509=CARTESIAN_POINT('',(1.89508875485535,1.49925929022541,-1.50174430181523));
#1510=CARTESIAN_POINT('',(1.89307165360331,1.49798010648121,-1.5030773397732));
#1511=CARTESIAN_POINT('',(1.89246269319146,1.49759642233281,-1.50346786939917));
#1512=CARTESIAN_POINT('',(1.89008510616106,1.49610808738425,-1.5049465045918));
#1513=CARTESIAN_POINT('',(1.88827598934523,1.49499605667349,-1.50597433926792));
#1514=CARTESIAN_POINT('',(1.88417476363005,1.49252085668426,-1.50808797284772));
#1515=CARTESIAN_POINT('',(1.88186275561776,1.49115541530107,-1.50913785000148));
#1516=CARTESIAN_POINT('',(1.8791936005674,1.48961102581103,-1.51020449045318));
#1517=CARTESIAN_POINT('',(1.87888398122974,1.48943235182534,-1.51032606597369));
#1518=CARTESIAN_POINT('',(1.87590889944274,1.48772001228011,-1.51147387866212));
#1519=CARTESIAN_POINT('',(1.87318556267281,1.48618710775772,-1.51236862433145));
#1520=CARTESIAN_POINT('',(1.87041348025448,1.48466527989127,-1.51309686149313));
#1521=CARTESIAN_POINT('',(1.9126891199854,1.51293806128034,-1.48448880733272));
#1522=CARTESIAN_POINT('',(1.91086681263375,1.5115509936003,-1.48686685217346));
#1523=CARTESIAN_POINT('',(1.90892491807508,1.51012855782334,-1.48913571234066));
#1524=CARTESIAN_POINT('',(1.90666922338544,1.50853338383996,-1.49149817024303));
#1525=CARTESIAN_POINT('',(1.90646507353632,1.50838949567608,-1.4917096797876));
#1526=CARTESIAN_POINT('',(1.90545588147095,1.50768055535638,-1.49274398768332));
#1527=CARTESIAN_POINT('',(1.90463537618535,1.50711147343778,-1.49354994386971));
#1528=CARTESIAN_POINT('',(1.90266441183038,1.50576130719097,-1.49540505293733));
#1529=CARTESIAN_POINT('',(1.90150041181135,1.50497682210708,-1.4964387328586));
#1530=CARTESIAN_POINT('',(1.89988046042557,1.5039021368473,-1.49779477820602));
#1531=CARTESIAN_POINT('',(1.8994496265906,1.50361789459111,-1.4981478160793));
#1532=CARTESIAN_POINT('',(1.89837317245838,1.50291157361679,-1.49901118774635));
#1533=CARTESIAN_POINT('',(1.89772323917887,1.50248849678173,-1.49951612331825));
#1534=CARTESIAN_POINT('',(1.89569866645011,1.50118087651948,-1.50103921236805));
#1535=CARTESIAN_POINT('',(1.89429816017825,1.50029057892627,-1.50202377779982));
#1536=CARTESIAN_POINT('',(1.89225421623963,1.49901121128125,-1.50336366415549));
#1537=CARTESIAN_POINT('',(1.8916370930552,1.4986275187529,-1.50375608584552));
#1538=CARTESIAN_POINT('',(1.88922747949783,1.49713929479918,-1.50524142636291));
#1539=CARTESIAN_POINT('',(1.88739366443052,1.49602765147445,-1.5062729256402));
#1540=CARTESIAN_POINT('',(1.88323667102072,1.49355348694992,-1.5083916226364));
#1541=CARTESIAN_POINT('',(1.88089337139432,1.49218873191759,-1.50944223671424));
#1542=CARTESIAN_POINT('',(1.87818904647082,1.49064479358536,-1.51050725377656));
#1543=CARTESIAN_POINT('',(1.87787536161499,1.49046616687518,-1.51062860430583));
#1544=CARTESIAN_POINT('',(1.87486136527602,1.48875422458438,-1.51177390147712));
#1545=CARTESIAN_POINT('',(1.8721035590483,1.4872212465266,-1.51266363266256));
#1546=CARTESIAN_POINT('',(1.86929863255668,1.48569834152756,-1.51338390901586));
#1547=CARTESIAN_POINT('',(1.91241158680168,1.5134566340548,-1.48455855159874));
#1548=CARTESIAN_POINT('',(1.91057718871307,1.51207113912581,-1.48694801960219));
#1549=CARTESIAN_POINT('',(1.90862205115403,1.51065044373071,-1.48922734280944));
#1550=CARTESIAN_POINT('',(1.90635084227108,1.50905703426799,-1.49160007583548));
#1551=CARTESIAN_POINT('',(1.90614528722667,1.50891330363525,-1.49181249949494));
#1552=CARTESIAN_POINT('',(1.90512914448948,1.50820513005799,-1.49285124822617));
#1553=CARTESIAN_POINT('',(1.90430297496645,1.50763663431662,-1.49366057278655));
#1554=CARTESIAN_POINT('',(1.90231840541605,1.50628774934825,-1.49552319810268));
#1555=CARTESIAN_POINT('',(1.90114637098046,1.50550392379656,-1.49656087717568));
#1556=CARTESIAN_POINT('',(1.89951528488594,1.5044299690703,-1.49792188166483));
#1557=CARTESIAN_POINT('',(1.89908149410364,1.5041459038607,-1.49827618252689));
#1558=CARTESIAN_POINT('',(1.89799766677706,1.50343997811426,-1.49914257020337));
#1559=CARTESIAN_POINT('',(1.89734329485285,1.50301709877207,-1.49964920469762));
#1560=CARTESIAN_POINT('',(1.8953049499969,1.50170994873619,-1.50117720690322));
#1561=CARTESIAN_POINT('',(1.89389499032796,1.50081977465734,-1.50216464671664));
#1562=CARTESIAN_POINT('',(1.89183740904921,1.49954022117526,-1.50350796460317));
#1563=CARTESIAN_POINT('',(1.89121613760399,1.49915649991091,-1.50390133127833));
#1564=CARTESIAN_POINT('',(1.88879025300062,1.49766825044191,-1.50539000505494));
#1565=CARTESIAN_POINT('',(1.88694389246204,1.49655676752836,-1.50642329310918));
#1566=CARTESIAN_POINT('',(1.88275856795324,1.49408305719996,-1.50854437800433));
#1567=CARTESIAN_POINT('',(1.88039937093875,1.49271861804128,-1.50959524871465));
#1568=CARTESIAN_POINT('',(1.87767719582943,1.4911748501716,-1.51065928516424));
#1569=CARTESIAN_POINT('',(1.87736144757418,1.4909962402579,-1.51078050306341));
#1570=CARTESIAN_POINT('',(1.87432770047865,1.48928442564653,-1.51192434378472));
#1571=CARTESIAN_POINT('',(1.8715524218658,1.48775131548341,-1.51281134135));
#1572=CARTESIAN_POINT('',(1.86873089332897,1.48622769972999,-1.51352740381547));
#1573=CARTESIAN_POINT('',(1.90965280326934,1.51864012170184,-1.48524034354735));
#1574=CARTESIAN_POINT('',(1.90769868672128,1.51726986840567,-1.48774318384625));
#1575=CARTESIAN_POINT('',(1.90561205734033,1.5158667383697,-1.490126130892));
#1576=CARTESIAN_POINT('',(1.90318670080789,1.51429133586834,-1.4926003992921));
#1577=CARTESIAN_POINT('',(1.90296718303139,1.51414921476751,-1.4928218537191));
#1578=CARTESIAN_POINT('',(1.90188197207838,1.51344888283949,-1.49390446375163));
#1579=CARTESIAN_POINT('',(1.9009995094172,1.51288640649185,-1.49474702236065));
#1580=CARTESIAN_POINT('',(1.89887973511663,1.51155068330848,-1.49668373591219));
#1581=CARTESIAN_POINT('',(1.89762785997675,1.51077363523797,-1.49776077890174));
#1582=CARTESIAN_POINT('',(1.89588617388596,1.50970711437208,-1.4991705322727));
#1583=CARTESIAN_POINT('',(1.89542301707172,1.50942484248134,-1.4995372415191));
#1584=CARTESIAN_POINT('',(1.89426598486221,1.5087228918661,-1.5004332418683));
#1585=CARTESIAN_POINT('',(1.89356756218946,1.50830197176145,-1.50095653969497));
#1586=CARTESIAN_POINT('',(1.89139260706839,1.50699935312124,-1.50253268309981));
#1587=CARTESIAN_POINT('',(1.88988895427441,1.50611011958942,-1.50354822729126));
#1588=CARTESIAN_POINT('',(1.88769633424585,1.50482787937492,-1.50492504425414));
#1589=CARTESIAN_POINT('',(1.88703397181252,1.50444365175402,-1.50532760877347));
#1590=CARTESIAN_POINT('',(1.88444694624939,1.50295441720904,-1.50684858270754));
#1591=CARTESIAN_POINT('',(1.88247634349759,1.50184421984199,-1.50789890354086));
#1592=CARTESIAN_POINT('',(1.87801039224016,1.4993744279585,-1.51004192802227));
#1593=CARTESIAN_POINT('',(1.87549371046935,1.49801286733712,-1.51109425892629));
#1594=CARTESIAN_POINT('',(1.87259488223538,1.49647029486031,-1.51214713598645));
#1595=CARTESIAN_POINT('',(1.87225871407456,1.4962917901738,-1.51226686994382));
#1596=CARTESIAN_POINT('',(1.8690295090061,1.4945806066167,-1.51339462443127));
#1597=CARTESIAN_POINT('',(1.86608154675603,1.49304534447194,-1.51425279776087));
#1598=CARTESIAN_POINT('',(1.86309642316666,1.49151317187108,-1.51492548542811));
#1599=CARTESIAN_POINT('',(1.90722954479242,1.52343119308493,-1.48574384922126));
#1600=CARTESIAN_POINT('',(1.90517403153996,1.52207115948514,-1.48834485426814));
#1601=CARTESIAN_POINT('',(1.90297302156721,1.52068507148547,-1.49081601875611));
#1602=CARTESIAN_POINT('',(1.90041271098046,1.51912847327911,-1.49337501613577));
#1603=CARTESIAN_POINT('',(1.90018096212202,1.51898804581626,-1.4936039898779));
#1604=CARTESIAN_POINT('',(1.89903522539134,1.5182960150523,-1.4947230381816));
#1605=CARTESIAN_POINT('',(1.89810336472273,1.5177400695721,-1.49559294215213));
#1606=CARTESIAN_POINT('',(1.89586501497994,1.5164186030789,-1.49759006221009));
#1607=CARTESIAN_POINT('',(1.89454314529382,1.51564886667898,-1.49869876162885));
#1608=CARTESIAN_POINT('',(1.89270490594787,1.5145897428348,-1.5001471878538));
#1609=CARTESIAN_POINT('',(1.89221615428498,1.5143091840503,-1.50052368349794));
#1610=CARTESIAN_POINT('',(1.89099548065,1.51361079330231,-1.50144288361665));
#1611=CARTESIAN_POINT('',(1.89025891316838,1.5131913974125,-1.50197908867726));
#1612=CARTESIAN_POINT('',(1.88796623433871,1.51189117480073,-1.50359210474783));
#1613=CARTESIAN_POINT('',(1.88638248793708,1.51100026556325,-1.50462864578529));
#1614=CARTESIAN_POINT('',(1.88407544406236,1.50970887562256,-1.50602994753131));
#1615=CARTESIAN_POINT('',(1.88337810686916,1.5093224501987,-1.50643903531888));
#1616=CARTESIAN_POINT('',(1.8806540701878,1.50782666179887,-1.50798181979246));
#1617=CARTESIAN_POINT('',(1.87857758352837,1.50671548266364,-1.50904135156328));
#1618=CARTESIAN_POINT('',(1.87387180526486,1.50424536892204,-1.51118993342719));
#1619=CARTESIAN_POINT('',(1.87122024655432,1.50288493804417,-1.51223527510158));
#1620=CARTESIAN_POINT('',(1.86817169092018,1.50134007507819,-1.51326746567763));
#1621=CARTESIAN_POINT('',(1.86781822044168,1.50116124230775,-1.51338461761584));
#1622=CARTESIAN_POINT('',(1.86442342696004,1.49944618582981,-1.51448579428815));
#1623=CARTESIAN_POINT('',(1.86133120817996,1.49790274226098,-1.51530567007523));
#1624=CARTESIAN_POINT('',(1.85821396390795,1.49635098741587,-1.51592822174563));
#1625=CARTESIAN_POINT('',(1.90199719778083,1.53425166113524,-1.48664050131025));
#1626=CARTESIAN_POINT('',(1.89972481158867,1.53291737157659,-1.48945044425245));
#1627=CARTESIAN_POINT('',(1.89727824041748,1.53156756457658,-1.49210909072963));
#1628=CARTESIAN_POINT('',(1.89442788315825,1.53004860673862,-1.49484646697582));
#1629=CARTESIAN_POINT('',(1.89416984463399,1.52991154832009,-1.49509125426344));
#1630=CARTESIAN_POINT('',(1.89289400522367,1.52923593192724,-1.49628684521422));
#1631=CARTESIAN_POINT('',(1.89185594274898,1.52869259415097,-1.49721390405));
#1632=CARTESIAN_POINT('',(1.88936265156476,1.52739797514456,-1.49933648659726));
#1633=CARTESIAN_POINT('',(1.88789025491189,1.52664142592208,-1.50051029461237));
#1634=CARTESIAN_POINT('',(1.88584441656481,1.52559469215216,-1.50203716583259));
#1635=CARTESIAN_POINT('',(1.88530064131682,1.52531688467564,-1.5024333950378));
#1636=CARTESIAN_POINT('',(1.88394320725925,1.52462386950667,-1.50339904088903));
#1637=CARTESIAN_POINT('',(1.88312472688632,1.52420642253273,-1.50396077173603));
#1638=CARTESIAN_POINT('',(1.8805794361862,1.52290748143643,-1.50564565525193));
#1639=CARTESIAN_POINT('',(1.87882394450753,1.52201060476433,-1.50672164102219));
#1640=CARTESIAN_POINT('',(1.87627142181274,1.5206968971721,-1.50816646425081));
#1641=CARTESIAN_POINT('',(1.87549911001262,1.52030486213877,-1.5085868015667));
#1642=CARTESIAN_POINT('',(1.87248218524069,1.5187914536722,-1.51016526638757));
#1643=CARTESIAN_POINT('',(1.87018052827935,1.51767510189467,-1.51123554075081));
#1644=CARTESIAN_POINT('',(1.864965433099,1.51519597503436,-1.51337456094276));
#1645=CARTESIAN_POINT('',(1.86202804064626,1.51383243677662,-1.51439202092156));
#1646=CARTESIAN_POINT('',(1.85866327708317,1.51227570725165,-1.51536265013653));
#1647=CARTESIAN_POINT('',(1.85827326377863,1.51209534836835,-1.51547223929349));
#1648=CARTESIAN_POINT('',(1.85452867303922,1.51036391561953,-1.51649664031705));
#1649=CARTESIAN_POINT('',(1.85113302770901,1.50879497526295,-1.5172135279077));
#1650=CARTESIAN_POINT('',(1.84773987232148,1.50719273816729,-1.51770643891958));
#1651=CARTESIAN_POINT('',(1.89921379269845,1.5403239259178,-1.48699078728318));
#1652=CARTESIAN_POINT('',(1.89682745882144,1.53900582447331,-1.48990980836028));
#1653=CARTESIAN_POINT('',(1.89425128670404,1.53767554938021,-1.49266585393498));
#1654=CARTESIAN_POINT('',(1.89124764844033,1.53617546700569,-1.49549458643905));
#1655=CARTESIAN_POINT('',(1.8909757151546,1.53604008504394,-1.49574745938801));
#1656=CARTESIAN_POINT('',(1.88963110835199,1.53537257544766,-1.49698211867197));
#1657=CARTESIAN_POINT('',(1.88853690021354,1.53483527368333,-1.49793812823));
#1658=CARTESIAN_POINT('',(1.88590881914686,1.53355307938887,-1.50012367553806));
#1659=CARTESIAN_POINT('',(1.88435681219375,1.53280225354689,-1.50132968254514));
#1660=CARTESIAN_POINT('',(1.88220120274374,1.53176025343983,-1.50289456695543));
#1661=CARTESIAN_POINT('',(1.88162833769124,1.53148341107844,-1.50330027372356));
#1662=CARTESIAN_POINT('',(1.88019863706306,1.53079202311484,-1.50428798522759));
#1663=CARTESIAN_POINT('',(1.87933690985606,1.53037488255257,-1.5048616148988));
#1664=CARTESIAN_POINT('',(1.8766583724368,1.52907445137369,-1.50657923793557));
#1665=CARTESIAN_POINT('',(1.8748123607944,1.52817300201445,-1.50767211062342));
#1666=CARTESIAN_POINT('',(1.87213035173719,1.52684568609622,-1.50913373914535));
#1667=CARTESIAN_POINT('',(1.87131856252692,1.52645005058629,-1.50955812818679));
#1668=CARTESIAN_POINT('',(1.86814807688867,1.52492470051692,-1.51114777345358));
#1669=CARTESIAN_POINT('',(1.86572937395588,1.52380315743575,-1.51221746675616));
#1670=CARTESIAN_POINT('',(1.86025018206289,1.52131258575119,-1.51433652851661));
#1671=CARTESIAN_POINT('',(1.85716510620931,1.51994295192448,-1.5153303165976));
#1672=CARTESIAN_POINT('',(1.85363763358283,1.51837455357384,-1.51625657973782));
#1673=CARTESIAN_POINT('',(1.85322881358959,1.51819275326416,-1.51636077969652));
#1674=CARTESIAN_POINT('',(1.8493041314614,1.51644647530133,-1.51733102173184));
#1675=CARTESIAN_POINT('',(1.84575303915549,1.51485819092209,-1.51797924777063));
#1676=CARTESIAN_POINT('',(1.84221949019806,1.51322353919219,-1.518388693735));
#1677=CARTESIAN_POINT('',(1.8935904650468,1.55315540642337,-1.48747261970388));
#1678=CARTESIAN_POINT('',(1.89096577542074,1.55189352012796,-1.49060829934749));
#1679=CARTESIAN_POINT('',(1.8881275868146,1.55060480539688,-1.49355811842481));
#1680=CARTESIAN_POINT('',(1.884816392768,1.54913679086626,-1.49656756801591));
#1681=CARTESIAN_POINT('',(1.88451659897283,1.54900417508611,-1.49683642461736));
#1682=CARTESIAN_POINT('',(1.88303417104246,1.54834968901687,-1.49814825184081));
#1683=CARTESIAN_POINT('',(1.8818276356285,1.54782096507293,-1.49916125123038));
#1684=CARTESIAN_POINT('',(1.87892958491508,1.54655502405387,-1.50147001408349));
#1685=CARTESIAN_POINT('',(1.87721791295442,1.54581042048571,-1.50273840252223));
#1686=CARTESIAN_POINT('',(1.87484073501354,1.5447731035307,-1.50437563408009));
#1687=CARTESIAN_POINT('',(1.87420901908541,1.54449714710769,-1.50479923859946));
#1688=CARTESIAN_POINT('',(1.87263266880588,1.54380718155272,-1.50582823038691));
#1689=CARTESIAN_POINT('',(1.87168278005713,1.54339022436829,-1.5064237571183));
#1690=CARTESIAN_POINT('',(1.86873100125649,1.54208843995495,-1.5082002646496));
#1691=CARTESIAN_POINT('',(1.86669723185167,1.5411831216761,-1.50932135153047));
#1692=CARTESIAN_POINT('',(1.86374230869119,1.53984595304374,-1.51080649945506));
#1693=CARTESIAN_POINT('',(1.86284846238771,1.53944677981101,-1.51123578781192));
#1694=CARTESIAN_POINT('',(1.85936185933518,1.53790664289352,-1.51283488628945));
#1695=CARTESIAN_POINT('',(1.8567091660193,1.53677081574684,-1.51389257334731));
#1696=CARTESIAN_POINT('',(1.85070882281451,1.53423925494769,-1.51594480598974));
#1697=CARTESIAN_POINT('',(1.84733669437829,1.53284114787323,-1.51687462752723));
#1698=CARTESIAN_POINT('',(1.84348931680706,1.53123616305536,-1.51769231765386));
#1699=CARTESIAN_POINT('',(1.84304347523195,1.53105003042549,-1.51778342542128));
#1700=CARTESIAN_POINT('',(1.83876371153097,1.52926121829156,-1.51862301404686));
#1701=CARTESIAN_POINT('',(1.83490065984051,1.52763030003384,-1.51911291743054));
#1702=CARTESIAN_POINT('',(1.8310684689372,1.52595009813335,-1.51933224870177));
#1703=CARTESIAN_POINT('',(1.89076273593602,1.55992767701673,-1.48758674168699));
#1704=CARTESIAN_POINT('',(1.88801354466952,1.55870765850627,-1.49082915025373));
#1705=CARTESIAN_POINT('',(1.88504376717531,1.55744131293297,-1.49387431168821));
#1706=CARTESIAN_POINT('',(1.88157952332725,1.55598629500586,-1.49697190881147));
#1707=CARTESIAN_POINT('',(1.88126587685637,1.55585474624004,-1.49724855344286));
#1708=CARTESIAN_POINT('',(1.87971496186461,1.55520504482618,-1.49859793640696));
#1709=CARTESIAN_POINT('',(1.87845272912736,1.55467869365936,-1.49963853219095));
#1710=CARTESIAN_POINT('',(1.87542063326086,1.55341616774792,-1.50200648874167));
#1711=CARTESIAN_POINT('',(1.87362955662593,1.55267181398819,-1.50330443885505));
#1712=CARTESIAN_POINT('',(1.87114133620583,1.55163428577622,-1.50497515792954));
#1713=CARTESIAN_POINT('',(1.87048004589616,1.5513582244423,-1.50540695929927));
#1714=CARTESIAN_POINT('',(1.86882973195395,1.550668046881,-1.50645461440352));
#1715=CARTESIAN_POINT('',(1.86783513998255,1.550251011932,-1.50705981273669));
#1716=CARTESIAN_POINT('',(1.86474385820939,1.54894972153399,-1.5088614689257));
#1717=CARTESIAN_POINT('',(1.86261297040305,1.54804565812454,-1.50999321646687));
#1718=CARTESIAN_POINT('',(1.8595143451951,1.54671375564778,-1.51148414117244));
#1719=CARTESIAN_POINT('',(1.85857792874596,1.54631497450148,-1.51191398453101));
#1720=CARTESIAN_POINT('',(1.85492905514206,1.54477285674098,-1.51351020062912));
#1721=CARTESIAN_POINT('',(1.85216019960491,1.54362772236896,-1.51455553692029));
#1722=CARTESIAN_POINT('',(1.84590511968833,1.541065404672,-1.51655871489768));
#1723=CARTESIAN_POINT('',(1.84239527336113,1.53964375810378,-1.51744696197877));
#1724=CARTESIAN_POINT('',(1.83839222304265,1.53801297565391,-1.51819904267412));
#1725=CARTESIAN_POINT('',(1.83792833894559,1.53782385743832,-1.51828228559209));
#1726=CARTESIAN_POINT('',(1.83347518986741,1.53600653755223,-1.51904383460554));
#1727=CARTESIAN_POINT('',(1.82945656692677,1.53435222491096,-1.51944276442842));
#1728=CARTESIAN_POINT('',(1.82546560630119,1.53266068029051,-1.51955410846827));
#1729=CARTESIAN_POINT('',(1.88803263325384,1.56674111499932,-1.48758674172211));
#1730=CARTESIAN_POINT('',(1.8851515071676,1.5655866655166,-1.49093044860775));
#1731=CARTESIAN_POINT('',(1.88205369163678,1.56434538990766,-1.49406582230876));
#1732=CARTESIAN_POINT('',(1.87844377599273,1.56289891893653,-1.49724660499014));
#1733=CARTESIAN_POINT('',(1.87811697141712,1.56276797035532,-1.49753059620526));
#1734=CARTESIAN_POINT('',(1.87650109484635,1.5621204985629,-1.49891539052865));
#1735=CARTESIAN_POINT('',(1.87518630710212,1.56159367120936,-1.49998196540315));
#1736=CARTESIAN_POINT('',(1.87202735759389,1.5603278995921,-1.50240539579745));
#1737=CARTESIAN_POINT('',(1.87016089806913,1.55958002075294,-1.50373080370736));
#1738=CARTESIAN_POINT('',(1.86756541313609,1.55854002592152,-1.50543207001976));
#1739=CARTESIAN_POINT('',(1.86687537859936,1.55826353333142,-1.50587128920146));
#1740=CARTESIAN_POINT('',(1.86515256650532,1.55757321313325,-1.50693568849891));
#1741=CARTESIAN_POINT('',(1.86411360824434,1.55715690895528,-1.50754943287223));
#1742=CARTESIAN_POINT('',(1.86088172675329,1.55586191394158,-1.50937273604012));
#1743=CARTESIAN_POINT('',(1.85865025568888,1.55496777722596,-1.51051256171326));
#1744=CARTESIAN_POINT('',(1.85539774867315,1.55366451769151,-1.51200474262738));
#1745=CARTESIAN_POINT('',(1.85441693759864,1.55327151273313,-1.51243354052348));
#1746=CARTESIAN_POINT('',(1.85060151549762,1.55174269659006,-1.51402034218855));
#1747=CARTESIAN_POINT('',(1.84772023233455,1.55058818416762,-1.51504727458866));
#1748=CARTESIAN_POINT('',(1.84122610764772,1.54798602839206,-1.51698607844187));
#1749=CARTESIAN_POINT('',(1.83759183812561,1.54652979897194,-1.51782325194341));
#1750=CARTESIAN_POINT('',(1.83344251788818,1.54486719190152,-1.51850136566286));
#1751=CARTESIAN_POINT('',(1.83296162763386,1.54467450213762,-1.51857580602708));
#1752=CARTESIAN_POINT('',(1.82834442995355,1.54282441945671,-1.51925066850593));
#1753=CARTESIAN_POINT('',(1.82417073467626,1.54115204545791,-1.51955410846827));
#1754=CARTESIAN_POINT('',(1.82,1.53948085775372,-1.51955410846827));
#1755=EDGE_LOOP('',(#5838,#5839,#5840,#5841));
#1756=AXIS2_PLACEMENT_3D('',#5842,#5843,#5844);
#1757=EDGE_LOOP('',(#5845,#5846,#5847));
#1758=AXIS2_PLACEMENT_3D('',#5848,#5849,#5850);
#1759=EDGE_LOOP('',(#5851,#5852,#5853));
#1761=CARTESIAN_POINT('',(1.99514277550996,1.45,-1.41612019043637));
#1762=CARTESIAN_POINT('',(1.9884360060806,1.46416666666658,-1.4282843187578));
#1763=CARTESIAN_POINT('',(1.97560402100882,1.47726025724543,-1.43586978270616));
#1764=CARTESIAN_POINT('',(1.98601090427588,1.45,-1.43268274781613));
#1765=CARTESIAN_POINT('',(1.97938306635039,1.4593459923597,-1.4392688730003));
#1766=CARTESIAN_POINT('',(1.97104349506691,1.4679986443507,-1.4441413799082));
#1767=CARTESIAN_POINT('',(1.97440725845572,1.44999987706027,-1.44798961174836));
#1768=CARTESIAN_POINT('',(1.97038693793488,1.45442768805951,-1.45023592350213));
#1769=CARTESIAN_POINT('',(1.9663728465653,1.45884341201727,-1.45248047363405));
#1770=CARTESIAN_POINT('',(1.96142135623731,1.45,-1.46097546470558));
#1771=CARTESIAN_POINT('',(1.96142135623731,1.45,-1.46097546470558));
#1772=CARTESIAN_POINT('',(1.96142135623731,1.45,-1.46097546470558));
#1779=EDGE_LOOP('',(#5854,#5855,#5856,#5857));
#1780=AXIS2_PLACEMENT_3D('',#5858,#5859,#5860);
#1781=EDGE_LOOP('',(#5861,#5862,#5863,#5864));
#1782=CARTESIAN_POINT('',(1.99514277333396,1.4500000091927,-1.416120194383));
#1783=CARTESIAN_POINT('',(1.99439268600891,1.45158441390747,-1.41748063454279));
#1784=CARTESIAN_POINT('',(1.99357535094456,1.45317399339316,-1.41880979182808));
#1785=CARTESIAN_POINT('',(1.99201310439668,1.45598688139875,-1.42109793631686));
#1786=CARTESIAN_POINT('',(1.991294285236,1.45721095905871,-1.42207217079193));
#1787=CARTESIAN_POINT('',(1.99030716773153,1.45880502433921,-1.42331274031004));
#1788=CARTESIAN_POINT('',(1.9900718838589,1.45917901966076,-1.42360176543854));
#1789=CARTESIAN_POINT('',(1.9888400179271,1.46110687217364,-1.42508112197462));
#1790=CARTESIAN_POINT('',(1.98778839568679,1.46265237246546,-1.42623174950506));
#1791=CARTESIAN_POINT('',(1.98556822555536,1.46572752278418,-1.42845078873224));
#1792=CARTESIAN_POINT('',(1.98439868314455,1.46725692704835,-1.42951837747969));
#1793=CARTESIAN_POINT('',(1.98200839136389,1.47021695359231,-1.43151471877066));
#1794=CARTESIAN_POINT('',(1.9807916605564,1.47164906625562,-1.43244735570722));
#1795=CARTESIAN_POINT('',(1.97826505921435,1.47448170351452,-1.4342259082851));
#1796=CARTESIAN_POINT('',(1.97695472360175,1.4758820178969,-1.43507133213392));
#1797=CARTESIAN_POINT('',(1.97560402100882,1.47726025724543,-1.43586978270616));
#1798=CARTESIAN_POINT('',(1.9978810484779,1.45278038706122,-1.41115376053867));
#1799=CARTESIAN_POINT('',(1.99712310317342,1.45439115158203,-1.41263211336417));
#1800=CARTESIAN_POINT('',(1.99626953878252,1.45598880936811,-1.41410745973559));
#1801=CARTESIAN_POINT('',(1.99461607625035,1.45880636255343,-1.41666906518767));
#1802=CARTESIAN_POINT('',(1.99384844034393,1.46002922938311,-1.41776727177035));
#1803=CARTESIAN_POINT('',(1.99279352477374,1.46162518437633,-1.41916413669568));
#1804=CARTESIAN_POINT('',(1.99254202849059,1.46199987391286,-1.4194894588549));
#1805=CARTESIAN_POINT('',(1.99122589052374,1.46393348310859,-1.42115265851442));
#1806=CARTESIAN_POINT('',(1.99010435312578,1.46549091735771,-1.42243971909351));
#1807=CARTESIAN_POINT('',(1.98776497139905,1.4686294370906,-1.42487051241854));
#1808=CARTESIAN_POINT('',(1.98652146030887,1.47017543719934,-1.42605966568165));
#1809=CARTESIAN_POINT('',(1.98396787167225,1.47315871961063,-1.42829773197418));
#1810=CARTESIAN_POINT('',(1.98266255969961,1.4745978689334,-1.4293503854277));
#1811=CARTESIAN_POINT('',(1.97994933245436,1.4774545160457,-1.43134929450173));
#1812=CARTESIAN_POINT('',(1.97854090377219,1.47887185685541,-1.4322949490419));
#1813=CARTESIAN_POINT('',(1.97709179143592,1.48028154854824,-1.43317139945711));
#1814=CARTESIAN_POINT('',(2.0003297767653,1.45589739872821,-1.40621173427268));
#1815=CARTESIAN_POINT('',(1.99955849012774,1.4575173891599,-1.40783787828922));
#1816=CARTESIAN_POINT('',(1.99867231854117,1.45912016256424,-1.40946946440747));
#1817=CARTESIAN_POINT('',(1.99694242216841,1.46194507083741,-1.41230913133504));
#1818=CARTESIAN_POINT('',(1.99613519208535,1.46317056796988,-1.41352886816205));
#1819=CARTESIAN_POINT('',(1.99502336313724,1.46477115553057,-1.41507998836718));
#1820=CARTESIAN_POINT('',(1.99475812668361,1.46514701934135,-1.41544121143002));
#1821=CARTESIAN_POINT('',(1.99336949825312,1.46708735728069,-1.41728743577188));
#1822=CARTESIAN_POINT('',(1.99218428792406,1.46865245481341,-1.41871438910434));
#1823=CARTESIAN_POINT('',(1.9897196170726,1.47181709973885,-1.42139543272311));
#1824=CARTESIAN_POINT('',(1.98840132821132,1.47337343424582,-1.42271425182747));
#1825=CARTESIAN_POINT('',(1.98568477843821,1.47637523473722,-1.42520154634051));
#1826=CARTESIAN_POINT('',(1.98429195347447,1.47782264029703,-1.42637396293396));
#1827=CARTESIAN_POINT('',(1.98139384199394,1.48069765951946,-1.4285972752063));
#1828=CARTESIAN_POINT('',(1.97988799139524,1.48212512627496,-1.42964748597566));
#1829=CARTESIAN_POINT('',(1.97833994540827,1.4835474269705,-1.43061462811004));
#1830=CARTESIAN_POINT('',(2.00489366262976,1.46292109138266,-1.39602862428059));
#1831=CARTESIAN_POINT('',(2.00409758993301,1.46454212514811,-1.39799217604864));
#1832=CARTESIAN_POINT('',(2.00315923983618,1.46614873671901,-1.39995700235707));
#1833=CARTESIAN_POINT('',(2.00130734354836,1.46898285839412,-1.40337570921192));
#1834=CARTESIAN_POINT('',(2.00043695710171,1.4702131823469,-1.40484382197551));
#1835=CARTESIAN_POINT('',(1.99922957679074,1.47182044033498,-1.40671181924755));
#1836=CARTESIAN_POINT('',(1.99894095934895,1.47219789707395,-1.40714691160606));
#1837=CARTESIAN_POINT('',(1.99742682536956,1.47414651351673,-1.40937124670698));
#1838=CARTESIAN_POINT('',(1.99612434658678,1.47571847030337,-1.41109237694932));
#1839=CARTESIAN_POINT('',(1.99340169229527,1.47889499284927,-1.41433719953657));
#1840=CARTESIAN_POINT('',(1.99193535713416,1.48046055174241,-1.41593154474927));
#1841=CARTESIAN_POINT('',(1.98889816393021,1.48348171837658,-1.41893717837749));
#1842=CARTESIAN_POINT('',(1.98733398953157,1.48493921949353,-1.42035329532094));
#1843=CARTESIAN_POINT('',(1.98406853364338,1.48783129404846,-1.42303963069545));
#1844=CARTESIAN_POINT('',(1.98236655994081,1.48926570433129,-1.42430902888575));
#1845=CARTESIAN_POINT('',(1.98061337363297,1.49069058792039,-1.4254789792755));
#1846=CARTESIAN_POINT('',(2.00695300065314,1.46686621677176,-1.39081210571644));
#1847=CARTESIAN_POINT('',(2.00614578372363,1.46847733127845,-1.39296791336077));
#1848=CARTESIAN_POINT('',(2.00518962205857,1.47008293453271,-1.39510937728663));
#1849=CARTESIAN_POINT('',(2.00329631784013,1.4729205033186,-1.39882654717346));
#1850=CARTESIAN_POINT('',(2.00240452791625,1.47415408967743,-1.40041978000288));
#1851=CARTESIAN_POINT('',(2.00116109078781,1.47576444363942,-1.40244845184109));
#1852=CARTESIAN_POINT('',(2.00086342146455,1.47614254340982,-1.40292107745211));
#1853=CARTESIAN_POINT('',(1.99929914399064,1.47809364907249,-1.40533849667667));
#1854=CARTESIAN_POINT('',(1.99794482233788,1.47966482522645,-1.40721311658441));
#1855=CARTESIAN_POINT('',(1.99508990063978,1.48282302992711,-1.41077522046459));
#1856=CARTESIAN_POINT('',(1.99355220675828,1.48438361196847,-1.41251577710273));
#1857=CARTESIAN_POINT('',(1.99036211804919,1.48739685410619,-1.41579011727692));
#1858=CARTESIAN_POINT('',(1.98871694181106,1.48885133764166,-1.41732946068981));
#1859=CARTESIAN_POINT('',(1.98527363919184,1.49173337841411,-1.4202536989969));
#1860=CARTESIAN_POINT('',(1.98347473736458,1.49316075170069,-1.42163772603319));
#1861=CARTESIAN_POINT('',(1.98161554609224,1.49457334555633,-1.42292100973893));
#1862=CARTESIAN_POINT('',(2.01050350070142,1.47508542528182,-1.38068415323258));
#1863=CARTESIAN_POINT('',(2.00969598136487,1.47667795039678,-1.38321053233053));
#1864=CARTESIAN_POINT('',(2.00872738119444,1.47827754167013,-1.38569594061127));
#1865=CARTESIAN_POINT('',(2.00678982172951,1.48111116893333,-1.38999763385814));
#1866=CARTESIAN_POINT('',(2.00587119373526,1.48234529681819,-1.39183709672928));
#1867=CARTESIAN_POINT('',(2.00457530218575,1.48395421167276,-1.39418263977017));
#1868=CARTESIAN_POINT('',(2.00426405928593,1.48433181873887,-1.39472933511819));
#1869=CARTESIAN_POINT('',(2.00262240962387,1.48627900144772,-1.39752793925676));
#1870=CARTESIAN_POINT('',(2.00118128354382,1.48784238063983,-1.39970606029802));
#1871=CARTESIAN_POINT('',(1.9980899175286,1.49095921693802,-1.40389281111921));
#1872=CARTESIAN_POINT('',(1.99642074239373,1.49251233278645,-1.40591947942128));
#1873=CARTESIAN_POINT('',(1.99294370589645,1.49551637034235,-1.40971825950409));
#1874=CARTESIAN_POINT('',(1.99114426103749,1.49696890216121,-1.41149741569511));
#1875=CARTESIAN_POINT('',(1.98735999888939,1.49983367433288,-1.41488530978922));
#1876=CARTESIAN_POINT('',(1.98537423562929,1.50124565995275,-1.41649309023101));
#1877=CARTESIAN_POINT('',(1.98331067323006,1.50262618543761,-1.41799915924464));
#1878=CARTESIAN_POINT('',(2.0119889943232,1.4793169694746,-1.37580660348042));
#1879=CARTESIAN_POINT('',(2.01119206781004,1.48090081151463,-1.37851143200579));
#1880=CARTESIAN_POINT('',(2.01022991186956,1.48249969455236,-1.38116014030233));
#1881=CARTESIAN_POINT('',(2.00829221719069,1.48533608630658,-1.38573834319473));
#1882=CARTESIAN_POINT('',(2.00736960944681,1.48657277053535,-1.38769393175319));
#1883=CARTESIAN_POINT('',(2.00605904643347,1.48818343924443,-1.39018973224857));
#1884=CARTESIAN_POINT('',(2.00574367463091,1.48856134385157,-1.3907716105674));
#1885=CARTESIAN_POINT('',(2.00407669770069,1.49050908913316,-1.39375173182887));
#1886=CARTESIAN_POINT('',(2.00260172025005,1.49206965431654,-1.39607590809342));
#1887=CARTESIAN_POINT('',(1.99940587450182,1.49516349634587,-1.40057009634363));
#1888=CARTESIAN_POINT('',(1.99767937443946,1.49670701700487,-1.4027366357022));
#1889=CARTESIAN_POINT('',(1.99407561036232,1.49969144944397,-1.40679105036899));
#1890=CARTESIAN_POINT('',(1.99220735086546,1.50113400700171,-1.40868672499556));
#1891=CARTESIAN_POINT('',(1.98826708364819,1.50397391148272,-1.41230027530365));
#1892=CARTESIAN_POINT('',(1.98619403287355,1.50537097792456,-1.41401715175696));
#1893=CARTESIAN_POINT('',(1.98403203105176,1.50673181167471,-1.41563270226944));
#1894=CARTESIAN_POINT('',(2.01339959930124,1.48416190649411,-1.37051406470126));
#1895=CARTESIAN_POINT('',(2.01263636910541,1.4857485800633,-1.37338800253581));
#1896=CARTESIAN_POINT('',(2.01169486996552,1.48734780508766,-1.37620886243194));
#1897=CARTESIAN_POINT('',(2.00977117102452,1.49018229862572,-1.38109167922043));
#1898=CARTESIAN_POINT('',(2.00884705376844,1.49141731454022,-1.38317981732642));
#1899=CARTESIAN_POINT('',(2.0075241152484,1.49302536522185,-1.38584658706147));
#1900=CARTESIAN_POINT('',(2.00720508662264,1.49340262336906,-1.38646845870819));
#1901=CARTESIAN_POINT('',(2.00551531081386,1.49534694472417,-1.38965393343358));
#1902=CARTESIAN_POINT('',(2.00400879606433,1.49690445688766,-1.39214004387978));
#1903=CARTESIAN_POINT('',(2.00072261286526,1.49999369586519,-1.39694593812564));
#1904=CARTESIAN_POINT('',(1.99894058089475,1.5015269946466,-1.39926299902047));
#1905=CARTESIAN_POINT('',(1.99520738396625,1.50448333296276,-1.40359913947303));
#1906=CARTESIAN_POINT('',(1.99326606287237,1.50590834695351,-1.40562655626778));
#1907=CARTESIAN_POINT('',(1.98915917394611,1.50871220540172,-1.40949076804114));
#1908=CARTESIAN_POINT('',(1.98699245488076,1.51009076481861,-1.41132649130232));
#1909=CARTESIAN_POINT('',(1.98472634520036,1.51143601619726,-1.41305344233397));
#1910=CARTESIAN_POINT('',(2.01354279777023,1.48466546823155,-1.36996741471297));
#1911=CARTESIAN_POINT('',(2.01278331828294,1.48625258469142,-1.37285850450078));
#1912=CARTESIAN_POINT('',(2.01184410935831,1.48785181297226,-1.37569711635276));
#1913=CARTESIAN_POINT('',(2.00992200579357,1.49068594253832,-1.38061153781889));
#1914=CARTESIAN_POINT('',(2.0089977553436,1.49192067564236,-1.38271349357507));
#1915=CARTESIAN_POINT('',(2.00767356893732,1.49352833384915,-1.38539807406564));
#1916=CARTESIAN_POINT('',(2.00735416978364,1.49390549816555,-1.38602411115094));
#1917=CARTESIAN_POINT('',(2.00566208277832,1.49584934263766,-1.38923095842533));
#1918=CARTESIAN_POINT('',(2.00415236752052,1.49740649529223,-1.39173386944882));
#1919=CARTESIAN_POINT('',(2.00085714393077,1.50049550936872,-1.39657166517529));
#1920=CARTESIAN_POINT('',(1.99906933018448,1.50202808047707,-1.39890424797559));
#1921=CARTESIAN_POINT('',(1.99532253254875,1.50498227330767,-1.40326952393774));
#1922=CARTESIAN_POINT('',(1.99337348496031,1.50640589879133,-1.40531060634066));
#1923=CARTESIAN_POINT('',(1.98924910261686,1.50920673373698,-1.40920076533665));
#1924=CARTESIAN_POINT('',(1.98707260587633,1.51058365687786,-1.41104876238928));
#1925=CARTESIAN_POINT('',(1.98479578469789,1.51192737115179,-1.41278711993159));
#1926=CARTESIAN_POINT('',(2.01382984546469,1.48569853098764,-1.36885256681053));
#1927=CARTESIAN_POINT('',(2.01307861077073,1.48728689464714,-1.37177798132443));
#1928=CARTESIAN_POINT('',(2.01214445914171,1.48888627671965,-1.37465257961194));
#1929=CARTESIAN_POINT('',(2.01022603256733,1.49171980112825,-1.3796313845556));
#1930=CARTESIAN_POINT('',(2.00930160784475,1.49295397562964,-1.38176159454046));
#1931=CARTESIAN_POINT('',(2.00797499610888,1.49456087742109,-1.38448259159789));
#1932=CARTESIAN_POINT('',(2.00765486884486,1.49493786217301,-1.38511714530056));
#1933=CARTESIAN_POINT('',(2.00595821969406,1.49688081101432,-1.38836767355052));
#1934=CARTESIAN_POINT('',(2.00444212898774,1.49843734639182,-1.39090486338889));
#1935=CARTESIAN_POINT('',(2.00112906678682,1.50152648258182,-1.39580714511302));
#1936=CARTESIAN_POINT('',(1.99932954341454,1.50305777835888,-1.39817137215405));
#1937=CARTESIAN_POINT('',(1.99555497870598,1.50600792705777,-1.40259623700812));
#1938=CARTESIAN_POINT('',(1.99359006986312,1.5074288465893,-1.40466536218304));
#1939=CARTESIAN_POINT('',(1.98942983938985,1.51022376967019,-1.40860864503648));
#1940=CARTESIAN_POINT('',(1.98723333404582,1.51159748428797,-1.41048170643611));
#1941=CARTESIAN_POINT('',(1.98493472301996,1.51293823702729,-1.41224313387744));
#1942=CARTESIAN_POINT('',(2.01397338784278,1.48622806929064,-1.36828463594962));
#1943=CARTESIAN_POINT('',(2.01322652264068,1.4878172344911,-1.3712274068574));
#1944=CARTESIAN_POINT('',(2.01229513526813,1.48941679187489,-1.37412025656799));
#1945=CARTESIAN_POINT('',(2.01037887152984,1.49225012508717,-1.37913174852914));
#1946=CARTESIAN_POINT('',(2.00945447055894,1.49348404731556,-1.38127631334331));
#1947=CARTESIAN_POINT('',(2.00812675253033,1.49509060771067,-1.38401581991868));
#1948=CARTESIAN_POINT('',(2.00780628341519,1.49546751144333,-1.38465470296723));
#1949=CARTESIAN_POINT('',(2.00610745409471,1.49741006117537,-1.38792743717295));
#1950=CARTESIAN_POINT('',(2.00458821379586,1.4989663357852,-1.39048204933122));
#1951=CARTESIAN_POINT('',(2.00126618813891,1.50205575641359,-1.39541710717237));
#1952=CARTESIAN_POINT('',(1.99946077674853,1.50358640155702,-1.39779744927852));
#1953=CARTESIAN_POINT('',(1.99567220672161,1.50653440736937,-1.40225269464397));
#1954=CARTESIAN_POINT('',(1.99369927930602,1.50795387041407,-1.40433613499975));
#1955=CARTESIAN_POINT('',(1.98952087016578,1.51074566523218,-1.40830652218513));
#1956=CARTESIAN_POINT('',(1.98731420004161,1.51211770406348,-1.4101923568896));
#1957=CARTESIAN_POINT('',(1.98500449049385,1.51345698623035,-1.41196550679199));
#1958=CARTESIAN_POINT('',(2.01536639085502,1.49149442969904,-1.36267056452464));
#1959=CARTESIAN_POINT('',(2.01466435881563,1.49309305092573,-1.36578368713696));
#1960=CARTESIAN_POINT('',(2.0137620604973,1.49469520116632,-1.36885624031799));
#1961=CARTESIAN_POINT('',(2.01186986377055,1.49752763984534,-1.3741899121285));
#1962=CARTESIAN_POINT('',(2.01094672917581,1.49875932148051,-1.37647607285217));
#1963=CARTESIAN_POINT('',(2.00960926076922,1.5003628568019,-1.3793982247956));
#1964=CARTESIAN_POINT('',(2.00928567911062,1.50073904322549,-1.38007983345504));
#1965=CARTESIAN_POINT('',(2.00756662147425,1.50267811092133,-1.38357172123563));
#1966=CARTESIAN_POINT('',(2.0060171595098,1.50423225941593,-1.38629822685875));
#1967=CARTESIAN_POINT('',(2.00260776064084,1.50732651396725,-1.39155658449883));
#1968=CARTESIAN_POINT('',(2.00074486156044,1.50885079653174,-1.39409616845288));
#1969=CARTESIAN_POINT('',(1.99681911577214,1.51177706220021,-1.39885193529693));
#1970=CARTESIAN_POINT('',(1.99476746600893,1.51318153372194,-1.4010771448475));
#1971=CARTESIAN_POINT('',(1.99041009031444,1.5159415157457,-1.40531582750097));
#1972=CARTESIAN_POINT('',(1.98810318950875,1.51729666819019,-1.40732796335725));
#1973=CARTESIAN_POINT('',(1.98568380710675,1.51862173316253,-1.40921670788441));
#1974=CARTESIAN_POINT('',(2.0163660471459,1.49631224022545,-1.35780722785107));
#1975=CARTESIAN_POINT('',(2.01571603196027,1.49793139980021,-1.36105793369972));
#1976=CARTESIAN_POINT('',(2.01485274694709,1.499542241677,-1.36428083747374));
#1977=CARTESIAN_POINT('',(2.013002144578,1.5023807890041,-1.36988719062192));
#1978=CARTESIAN_POINT('',(2.01208795807233,1.503611979364,-1.37229417646774));
#1979=CARTESIAN_POINT('',(2.01075105698945,1.50521500957562,-1.37537265369448));
#1980=CARTESIAN_POINT('',(2.01042680619858,1.50559108812568,-1.37609086723476));
#1981=CARTESIAN_POINT('',(2.00870029774981,1.50753009414132,-1.37977051296519));
#1982=CARTESIAN_POINT('',(2.00713167280318,1.50908557305726,-1.38264370419228));
#1983=CARTESIAN_POINT('',(2.00365659900223,1.5122003127793,-1.38817620120053));
#1984=CARTESIAN_POINT('',(2.00174944097337,1.51372021984067,-1.39085317171432));
#1985=CARTESIAN_POINT('',(1.99771448156161,1.51662465896424,-1.39587079455059));
#1986=CARTESIAN_POINT('',(1.99559863769965,1.51801226096566,-1.39822087900556));
#1987=CARTESIAN_POINT('',(1.99109158621649,1.52073897089732,-1.40269481235179));
#1988=CARTESIAN_POINT('',(1.98869969885146,1.52207745715258,-1.40481657694515));
#1989=CARTESIAN_POINT('',(1.98618571797918,1.5233927964406,-1.40680306133345));
#1990=CARTESIAN_POINT('',(2.01814581909248,1.50714053706778,-1.34734239142294));
#1991=CARTESIAN_POINT('',(2.01763085852527,1.50881243859347,-1.35088118779288));
#1992=CARTESIAN_POINT('',(2.01687317751438,1.51045016528825,-1.35442155178523));
#1993=CARTESIAN_POINT('',(2.01514456703823,1.51331484548895,-1.36060553263907));
#1994=CARTESIAN_POINT('',(2.0142618785647,1.51455010545376,-1.36326902280961));
#1995=CARTESIAN_POINT('',(2.01294053101474,1.51615800007566,-1.36668039541575));
#1996=CARTESIAN_POINT('',(2.01261808645154,1.51653519103905,-1.36747663573608));
#1997=CARTESIAN_POINT('',(2.01089181183242,1.51848068502274,-1.37155684152044));
#1998=CARTESIAN_POINT('',(2.00929363440097,1.52004306378856,-1.37474351580963));
#1999=CARTESIAN_POINT('',(2.00569766596432,1.5232083320614,-1.38086624088257));
#2000=CARTESIAN_POINT('',(2.00370326541052,1.52472369396385,-1.3838389471813));
#2001=CARTESIAN_POINT('',(1.99944518139681,1.5275904382999,-1.38942096244091));
#2002=CARTESIAN_POINT('',(1.99719512032778,1.528946187566,-1.39204063407759));
#2003=CARTESIAN_POINT('',(1.99237140597219,1.53160606087008,-1.3970221357533));
#2004=CARTESIAN_POINT('',(1.98979861958884,1.53290875673783,-1.39937973046985));
#2005=CARTESIAN_POINT('',(1.98708305829348,1.53419920573158,-1.40157565935487));
#2006=CARTESIAN_POINT('',(2.01883028016813,1.51317862188069,-1.3418139375286));
#2007=CARTESIAN_POINT('',(2.01840263939337,1.51488429121049,-1.34549956753386));
#2008=CARTESIAN_POINT('',(2.01771581291296,1.51654233246774,-1.34920312398024));
#2009=CARTESIAN_POINT('',(2.0160743369513,1.51943087544756,-1.35568509336131));
#2010=CARTESIAN_POINT('',(2.01521687167765,1.52067239046021,-1.35848121523934));
#2011=CARTESIAN_POINT('',(2.0139137827619,1.52228763744002,-1.36206549780404));
#2012=CARTESIAN_POINT('',(2.01359456620629,1.52266649787568,-1.36290232395922));
#2013=CARTESIAN_POINT('',(2.01187980011241,1.52462073738402,-1.3671911581741));
#2014=CARTESIAN_POINT('',(2.01027415270043,1.52618999855687,-1.37054162608416));
#2015=CARTESIAN_POINT('',(2.00662832550445,1.52938641970803,-1.37697663471397));
#2016=CARTESIAN_POINT('',(2.00459361365332,1.53090209231621,-1.38010571254244));
#2017=CARTESIAN_POINT('',(2.00022654515252,1.5337536432404,-1.38598661359224));
#2018=CARTESIAN_POINT('',(1.99790870271524,1.53509462149467,-1.38874933287147));
#2019=CARTESIAN_POINT('',(1.99292206728068,1.53772084609648,-1.39399997542271));
#2020=CARTESIAN_POINT('',(1.99025528906762,1.53900407536726,-1.39648215222279));
#2021=CARTESIAN_POINT('',(1.98743451285153,1.54027863748966,-1.3987882139244));
#2022=CARTESIAN_POINT('',(2.01977731229492,1.52592481192516,-1.33064370290037));
#2023=CARTESIAN_POINT('',(2.01954845468435,1.52767786049507,-1.33464146825671));
#2024=CARTESIAN_POINT('',(2.01902513735925,1.52938053870176,-1.33867260640364));
#2025=CARTESIAN_POINT('',(2.01759448958417,1.53233807011976,-1.34574301300045));
#2026=CARTESIAN_POINT('',(2.01680265396765,1.53360613380402,-1.34879790473256));
#2027=CARTESIAN_POINT('',(2.01555432182833,1.53525079942384,-1.35272171291311));
#2028=CARTESIAN_POINT('',(2.01524572967499,1.53563619224706,-1.35363838924594));
#2029=CARTESIAN_POINT('',(2.01357480061317,1.53762194937585,-1.35833926634759));
#2030=CARTESIAN_POINT('',(2.0119685183011,1.53920819787394,-1.36201891109698));
#2031=CARTESIAN_POINT('',(2.00824665601871,1.54242468855794,-1.36911241617332));
#2032=CARTESIAN_POINT('',(2.00613850417866,1.54394132488729,-1.37256158739416));
#2033=CARTESIAN_POINT('',(2.00156255272589,1.54677561283813,-1.37904644040954));
#2034=CARTESIAN_POINT('',(1.99911134100046,1.54809930012216,-1.38209435870374));
#2035=CARTESIAN_POINT('',(1.99380204821946,1.55066813735723,-1.38788476670133));
#2036=CARTESIAN_POINT('',(1.99094792772237,1.55191016426327,-1.39061888135292));
#2037=CARTESIAN_POINT('',(1.98791805399038,1.55312989463033,-1.39315525317869));
#2038=CARTESIAN_POINT('',(2.02,1.53264782434638,-1.32503002181293));
#2039=CARTESIAN_POINT('',(2.01988400240124,1.53441259395608,-1.32919361363707));
#2040=CARTESIAN_POINT('',(2.0194547145254,1.53613970116927,-1.33338813981544));
#2041=CARTESIAN_POINT('',(2.01815032188147,1.53914374617866,-1.34074636995354));
#2042=CARTESIAN_POINT('',(2.01740004558742,1.54043311286109,-1.34392597431439));
#2043=CARTESIAN_POINT('',(2.01618967751594,1.54210088231717,-1.34801471748716));
#2044=CARTESIAN_POINT('',(2.0158888231291,1.54249136139066,-1.34897027643753));
#2045=CARTESIAN_POINT('',(2.01425195639268,1.54450084852729,-1.35387273511889));
#2046=CARTESIAN_POINT('',(2.01265379658892,1.54609733745919,-1.35771678992408));
#2047=CARTESIAN_POINT('',(2.00890804823385,1.54929905257727,-1.36515718317567));
#2048=CARTESIAN_POINT('',(2.00676797159581,1.55081606517883,-1.36876940234679));
#2049=CARTESIAN_POINT('',(2.00209448265145,1.5536486874251,-1.37555723976133));
#2050=CARTESIAN_POINT('',(1.99957884941499,1.55497049428001,-1.37874592597604));
#2051=CARTESIAN_POINT('',(1.99411203035672,1.55751588492326,-1.38480471165509));
#2052=CARTESIAN_POINT('',(1.99116556520666,1.55873583954772,-1.38766536208105));
#2053=CARTESIAN_POINT('',(1.98803263321866,1.55991483273087,-1.39032199103061));
#2054=CARTESIAN_POINT('',(2.02,1.53948085775372,-1.31955410846827));
#2055=CARTESIAN_POINT('',(2.02,1.54122436553393,-1.32390533026043));
#2056=CARTESIAN_POINT('',(2.01966921980288,1.5429702466372,-1.32826247508606));
#2057=CARTESIAN_POINT('',(2.01850492363058,1.54602817410673,-1.33589405596869));
#2058=CARTESIAN_POINT('',(2.01780409616926,1.54734794212778,-1.33918776273558));
#2059=CARTESIAN_POINT('',(2.01664206219811,1.54904744705121,-1.34342916787445));
#2060=CARTESIAN_POINT('',(2.01635138556049,1.54944480338722,-1.34442083855589));
#2061=CARTESIAN_POINT('',(2.01476085626544,1.55148486370551,-1.34951215791504));
#2062=CARTESIAN_POINT('',(2.01317925922196,1.55308947400969,-1.35351673730536));
#2063=CARTESIAN_POINT('',(2.00942125443946,1.55621958950251,-1.36132847574367));
#2064=CARTESIAN_POINT('',(2.00725331469846,1.55773248304161,-1.36510416026384));
#2065=CARTESIAN_POINT('',(2.0024898625965,1.56056993603669,-1.37218550939606));
#2066=CARTESIAN_POINT('',(1.99991356779704,1.56190016800917,-1.37550533074296));
#2067=CARTESIAN_POINT('',(1.99429824983269,1.56442986228413,-1.38181861536465));
#2068=CARTESIAN_POINT('',(1.99126380294753,1.56562552014934,-1.38480258401573));
#2069=CARTESIAN_POINT('',(1.98803263325384,1.56674111499932,-1.38758674172211));
#2070=EDGE_LOOP('',(#5865,#5866,#5867));
#2071=AXIS2_PLACEMENT_3D('',#5868,#5869,#5870);
#2072=EDGE_LOOP('',(#5871,#5872,#5873,#5874));
#2073=AXIS2_PLACEMENT_3D('',#5875,#5876,#5877);
#2074=EDGE_LOOP('',(#5878,#5879,#5880));
#2075=AXIS2_PLACEMENT_3D('',#5881,#5882,#5883);
#2076=EDGE_LOOP('',(#5884,#5885,#5886,#5887,#5888,#5889,#5890));
#2077=AXIS2_PLACEMENT_3D('',#5891,#5892,#5893);
#2078=EDGE_LOOP('',(#5894,#5895,#5896));
#2079=AXIS2_PLACEMENT_3D('',#5897,#5898,#5899);
#2080=EDGE_LOOP('',(#5900,#5901,#5902,#5903,#5904,#5905,#5906));
#2081=AXIS2_PLACEMENT_3D('',#5907,#5908,#5909);
#2082=EDGE_LOOP('',(#5910,#5911,#5912,#5913));
#2083=AXIS2_PLACEMENT_3D('',#5914,#5915,#5916);
#2084=EDGE_LOOP('',(#5917,#5918,#5919,#5920));
#2085=AXIS2_PLACEMENT_3D('',#5921,#5922,#5923);
#2086=EDGE_LOOP('',(#5924,#5925,#5926,#5927));
#2087=AXIS2_PLACEMENT_3D('',#5928,#5929,#5930);
#2088=EDGE_LOOP('',(#5931,#5932,#5933,#5934,#5935,#5936,#5937));
#2089=AXIS2_PLACEMENT_3D('',#5938,#5939,#5940);
#2090=EDGE_LOOP('',(#5941,#5942,#5943,#5944,#5945,#5946,#5947,#5948,#5949,#5950,#5951,#5952));
#2091=AXIS2_PLACEMENT_3D('',#5953,#5954,#5955);
#2092=EDGE_LOOP('',(#5956,#5957,#5958,#5959,#5960));
#2093=AXIS2_PLACEMENT_3D('',#5961,#5962,#5963);
#2094=EDGE_LOOP('',(#5964,#5965,#5966,#5967));
#2095=AXIS2_PLACEMENT_3D('',#5968,#5969,#5970);
#2096=EDGE_LOOP('',(#5971,#5972,#5973,#5974));
#2097=AXIS2_PLACEMENT_3D('',#5975,#5976,#5977);
#2098=EDGE_LOOP('',(#5978,#5979,#5980,#5981));
#2099=AXIS2_PLACEMENT_3D('',#5982,#5983,#5984);
#2100=EDGE_LOOP('',(#5985,#5986,#5987,#5988));
#2101=AXIS2_PLACEMENT_3D('',#5989,#5990,#5991);
#2102=EDGE_LOOP('',(#5992,#5993,#5994,#5995));
#2103=AXIS2_PLACEMENT_3D('',#5996,#5997,#5998);
#2104=EDGE_LOOP('',(#5999,#6000,#6001,#6002,#6003,#6004));
#2105=AXIS2_PLACEMENT_3D('',#6005,#6006,#6007);
#2106=EDGE_LOOP('',(#6008,#6009,#6010,#6011));
#2107=AXIS2_PLACEMENT_3D('',#6012,#6013,#6014);
#2108=EDGE_LOOP('',(#6015,#6016,#6017,#6018));
#2109=AXIS2_PLACEMENT_3D('',#6019,#6020,#6021);
#2110=EDGE_LOOP('',(#6022,#6023,#6024,#6025,#6026,#6027));
#2111=AXIS2_PLACEMENT_3D('',#6028,#6029,#6030);
#2112=EDGE_LOOP('',(#6031,#6032,#6033,#6034));
#2113=AXIS2_PLACEMENT_3D('',#6035,#6036,#6037);
#2114=EDGE_LOOP('',(#6038,#6039,#6040,#6041));
#2115=AXIS2_PLACEMENT_3D('',#6042,#6043,#6044);
#2116=EDGE_LOOP('',(#6045,#6046,#6047,#6048));
#2117=AXIS2_PLACEMENT_3D('',#6049,#6050,#6051);
#2118=EDGE_LOOP('',(#6052,#6053,#6054,#6055));
#2119=AXIS2_PLACEMENT_3D('',#6056,#6057,#6058);
#2120=EDGE_LOOP('',(#6059,#6060,#6061,#6062,#6063,#6064));
#2121=AXIS2_PLACEMENT_3D('',#6065,#6066,#6067);
#2122=EDGE_LOOP('',(#6068,#6069,#6070,#6071,#6072));
#2123=AXIS2_PLACEMENT_3D('',#6073,#6074,#6075);
#2124=EDGE_LOOP('',(#6076,#6077,#6078));
#2125=AXIS2_PLACEMENT_3D('',#6079,#6080,#6081);
#2126=EDGE_LOOP('',(#6082,#6083,#6084,#6085));
#2127=AXIS2_PLACEMENT_3D('',#6086,#6087,#6088);
#2128=EDGE_LOOP('',(#6089,#6090,#6091,#6092));
#2129=AXIS2_PLACEMENT_3D('',#6093,#6094,#6095);
#2130=EDGE_LOOP('',(#6096,#6097,#6098,#6099));
#2131=AXIS2_PLACEMENT_3D('',#6100,#6101,#6102);
#2132=EDGE_LOOP('',(#6103,#6104,#6105));
#2133=AXIS2_PLACEMENT_3D('',#6106,#6107,#6108);
#2134=EDGE_LOOP('',(#6109,#6110,#6111,#6112));
#2135=AXIS2_PLACEMENT_3D('',#6113,#6114,#6115);
#2136=EDGE_LOOP('',(#6116,#6117,#6118));
#2137=AXIS2_PLACEMENT_3D('',#6119,#6120,#6121);
#2138=EDGE_LOOP('',(#6122,#6123,#6124,#6125,#6126));
#2139=AXIS2_PLACEMENT_3D('',#6127,#6128,#6129);
#2140=EDGE_LOOP('',(#6130,#6131,#6132,#6133));
#2141=AXIS2_PLACEMENT_3D('',#6134,#6135,#6136);
#2142=EDGE_LOOP('',(#6137,#6138,#6139));
#2143=AXIS2_PLACEMENT_3D('',#6140,#6141,#6142);
#2144=EDGE_LOOP('',(#6143,#6144,#6145,#6146));
#2145=AXIS2_PLACEMENT_3D('',#6147,#6148,#6149);
#2146=EDGE_LOOP('',(#6150,#6151,#6152));
#2147=AXIS2_PLACEMENT_3D('',#6153,#6154,#6155);
#2148=EDGE_LOOP('',(#6156,#6157,#6158,#6159));
#2149=AXIS2_PLACEMENT_3D('',#6160,#6161,#6162);
#2150=EDGE_LOOP('',(#6163,#6164,#6165,#6166));
#2151=AXIS2_PLACEMENT_3D('',#6167,#6168,#6169);
#2152=EDGE_LOOP('',(#6170,#6171,#6172,#6173));
#2153=AXIS2_PLACEMENT_3D('',#6174,#6175,#6176);
#2154=EDGE_LOOP('',(#6177,#6178,#6179));
#2155=AXIS2_PLACEMENT_3D('',#6180,#6181,#6182);
#2156=EDGE_LOOP('',(#6183,#6184,#6185,#6186));
#2157=AXIS2_PLACEMENT_3D('',#6187,#6188,#6189);
#2158=EDGE_LOOP('',(#6190,#6191,#6192,#6193));
#2159=AXIS2_PLACEMENT_3D('',#6194,#6195,#6196);
#2160=EDGE_LOOP('',(#6197,#6198,#6199,#6200));
#2161=AXIS2_PLACEMENT_3D('',#6201,#6202,#6203);
#2162=EDGE_LOOP('',(#6204,#6205,#6206));
#2164=CARTESIAN_POINT('',(-1.91656608196776,1.45,-1.49469688397841));
#2165=CARTESIAN_POINT('',(-1.92873021028931,1.46416666666667,-1.48799011454905));
#2166=CARTESIAN_POINT('',(-1.93631567423772,1.47726025724562,-1.47515812947719));
#2167=CARTESIAN_POINT('',(-1.93312863934765,1.45,-1.48556501274431));
#2168=CARTESIAN_POINT('',(-1.93971476453189,1.45934599235977,-1.47893717481878));
#2169=CARTESIAN_POINT('',(-1.94458727143982,1.46799864435081,-1.47059760353525));
#2170=CARTESIAN_POINT('',(-1.94843550328,1.44999987706027,-1.47396136692408));
#2171=CARTESIAN_POINT('',(-1.95068181503179,1.45442768805879,-1.4699410464012));
#2172=CARTESIAN_POINT('',(-1.95292636516577,1.45884341201742,-1.46592695503353));
#2173=CARTESIAN_POINT('',(-1.96142135623731,1.45,-1.46097546470558));
#2174=CARTESIAN_POINT('',(-1.96142135623731,1.45,-1.46097546470558));
#2175=CARTESIAN_POINT('',(-1.96142135623731,1.45,-1.46097546470558));
#2182=EDGE_LOOP('',(#6207,#6208,#6209,#6210));
#2183=CARTESIAN_POINT('',(-1.91656608196776,1.45000000000001,-1.49469688397841));
#2184=CARTESIAN_POINT('',(-1.91789876021082,1.45155207244977,-1.49396210336254));
#2185=CARTESIAN_POINT('',(-1.91920142166724,1.45310911152916,-1.49316279504619));
#2186=CARTESIAN_POINT('',(-1.92174544611384,1.45623300249117,-1.49143307348078));
#2187=CARTESIAN_POINT('',(-1.92298617544809,1.45779980948428,-1.4905016021236));
#2188=CARTESIAN_POINT('',(-1.92535634982977,1.4608809523484,-1.48854337782587));
#2189=CARTESIAN_POINT('',(-1.92648766545504,1.46239566202349,-1.48751925846659));
#2190=CARTESIAN_POINT('',(-1.92770960577382,1.46408229975117,-1.48631036303334));
#2191=CARTESIAN_POINT('',(-1.92784402992203,1.46426856728244,-1.48617590652925));
#2192=CARTESIAN_POINT('',(-1.92897605817759,1.46584331774356,-1.48503115184536));
#2193=CARTESIAN_POINT('',(-1.92993597741562,1.46721923728293,-1.48397801738327));
#2194=CARTESIAN_POINT('',(-1.93186745487771,1.47007472868489,-1.48168236623373));
#2195=CARTESIAN_POINT('',(-1.93283090390035,1.47155121495822,-1.48043140787492));
#2196=CARTESIAN_POINT('',(-1.93465010561254,1.47444578073778,-1.47785277088933));
#2197=CARTESIAN_POINT('',(-1.93550698329646,1.47586434156244,-1.47652615523758));
#2198=CARTESIAN_POINT('',(-1.93631567423772,1.47726025724562,-1.47515812947719));
#2199=CARTESIAN_POINT('',(-1.9115918573955,1.45278473826835,-1.49743945429781));
#2200=CARTESIAN_POINT('',(-1.91304009498431,1.45436259358305,-1.49669684537342));
#2201=CARTESIAN_POINT('',(-1.91448621756899,1.45592743099258,-1.49586197376891));
#2202=CARTESIAN_POINT('',(-1.91733472089523,1.45905624917423,-1.49403108920504));
#2203=CARTESIAN_POINT('',(-1.91873660757649,1.46062009328174,-1.49303376397684));
#2204=CARTESIAN_POINT('',(-1.92140171121885,1.46371026602751,-1.49094177464508));
#2205=CARTESIAN_POINT('',(-1.92266733389781,1.46523663305989,-1.48984982388854));
#2206=CARTESIAN_POINT('',(-1.92400607569281,1.46695808043945,-1.4885766713247));
#2207=CARTESIAN_POINT('',(-1.9241536313633,1.4671479788738,-1.48843490391644));
#2208=CARTESIAN_POINT('',(-1.92539845658019,1.46875176848164,-1.48722659004327));
#2209=CARTESIAN_POINT('',(-1.92646866302959,1.47014213721299,-1.48610637995837));
#2210=CARTESIAN_POINT('',(-1.92863443892344,1.47302000213864,-1.48365395862561));
#2211=CARTESIAN_POINT('',(-1.92972218363034,1.47450363301027,-1.48231173170111));
#2212=CARTESIAN_POINT('',(-1.93176699797537,1.47742274340672,-1.47954220279482));
#2213=CARTESIAN_POINT('',(-1.93272544315959,1.47885858395037,-1.47811607336202));
#2214=CARTESIAN_POINT('',(-1.93361305922046,1.48028628672064,-1.47664823311606));
#2215=CARTESIAN_POINT('',(-1.90664211571222,1.45590716301849,-1.4998915674437));
#2216=CARTESIAN_POINT('',(-1.90823529582613,1.45749399370348,-1.49913582515089));
#2217=CARTESIAN_POINT('',(-1.90983470962733,1.4590637541573,-1.4982690482292));
#2218=CARTESIAN_POINT('',(-1.91299272666695,1.46220056285733,-1.49635370494759));
#2219=CARTESIAN_POINT('',(-1.91455083693679,1.46376745911537,-1.49530360172238));
#2220=CARTESIAN_POINT('',(-1.91750953384589,1.46686823823753,-1.49309688325898));
#2221=CARTESIAN_POINT('',(-1.91891288106516,1.46840205632864,-1.49194325400571));
#2222=CARTESIAN_POINT('',(-1.92038968271306,1.47013780017793,-1.49060239209859));
#2223=CARTESIAN_POINT('',(-1.92055255845919,1.47032923984555,-1.49045296591774));
#2224=CARTESIAN_POINT('',(-1.92192743577741,1.47194576787785,-1.48917841664741));
#2225=CARTESIAN_POINT('',(-1.92311478861395,1.47334534571028,-1.48799054762703));
#2226=CARTESIAN_POINT('',(-1.92552206539556,1.47624106310955,-1.48538184622364));
#2227=CARTESIAN_POINT('',(-1.92673374996512,1.47773319580072,-1.48394959759022));
#2228=CARTESIAN_POINT('',(-1.92900838568199,1.48067110269814,-1.48099113981242));
#2229=CARTESIAN_POINT('',(-1.93007290542281,1.48211721496863,-1.47946622044368));
#2230=CARTESIAN_POINT('',(-1.93105249971191,1.48355766626796,-1.47789797098295));
#2231=CARTESIAN_POINT('',(-1.89644752302285,1.4629406815749,-1.50445906481543));
#2232=CARTESIAN_POINT('',(-1.89837152669178,1.46452840905775,-1.50367904169546));
#2233=CARTESIAN_POINT('',(-1.90029771779072,1.46610178174994,-1.50276144028508));
#2234=CARTESIAN_POINT('',(-1.90409990427838,1.46924854043158,-1.50071201198989));
#2235=CARTESIAN_POINT('',(-1.90597526534567,1.47082180008796,-1.49957822754283));
#2236=CARTESIAN_POINT('',(-1.90954018911446,1.47393556199364,-1.49717374154798));
#2237=CARTESIAN_POINT('',(-1.9112330158201,1.47547598989691,-1.49590686781029));
#2238=CARTESIAN_POINT('',(-1.91302066507158,1.47721816110287,-1.49442665488267));
#2239=CARTESIAN_POINT('',(-1.91321779749934,1.47741035876441,-1.49426155211452));
#2240=CARTESIAN_POINT('',(-1.91488163850547,1.47903366601347,-1.4928520765582));
#2241=CARTESIAN_POINT('',(-1.91631719689389,1.48044161329255,-1.49153057571648));
#2242=CARTESIAN_POINT('',(-1.91922655137364,1.4833560291829,-1.48861486029187));
#2243=CARTESIAN_POINT('',(-1.92069029193096,1.48485861056707,-1.48700663022896));
#2244=CARTESIAN_POINT('',(-1.92343913526738,1.487813974131,-1.4836731138663));
#2245=CARTESIAN_POINT('',(-1.92472611960796,1.48926713024861,-1.48194941471707));
#2246=CARTESIAN_POINT('',(-1.92591148945827,1.49071020634074,-1.48017300246997));
#2247=CARTESIAN_POINT('',(-1.89122713913044,1.46688993874108,-1.50651896878586));
#2248=CARTESIAN_POINT('',(-1.89333959360611,1.46846790216168,-1.50572810166939));
#2249=CARTESIAN_POINT('',(-1.89543888707238,1.47004025939975,-1.50479331242913));
#2250=CARTESIAN_POINT('',(-1.89957287442203,1.47319081639012,-1.50269889032381));
#2251=CARTESIAN_POINT('',(-1.90160677273303,1.47476894150557,-1.50153710975706));
#2252=CARTESIAN_POINT('',(-1.90548107693577,1.4778866532929,-1.49905418186962));
#2253=CARTESIAN_POINT('',(-1.90732485848769,1.47942629298737,-1.49773746054471));
#2254=CARTESIAN_POINT('',(-1.90928734146852,1.48115838106383,-1.49618583604312));
#2255=CARTESIAN_POINT('',(-1.90950361501205,1.48134952540459,-1.49601276477972));
#2256=CARTESIAN_POINT('',(-1.91132792877157,1.48296439013233,-1.49453520164375));
#2257=CARTESIAN_POINT('',(-1.91289480470558,1.48436800994934,-1.49314948405573));
#2258=CARTESIAN_POINT('',(-1.91606435633423,1.48727496274687,-1.49008759830841));
#2259=CARTESIAN_POINT('',(-1.91765548500199,1.48877457262129,-1.48839630269673));
#2260=CARTESIAN_POINT('',(-1.92064801307149,1.49171986446646,-1.48488129960797));
#2261=CARTESIAN_POINT('',(-1.92205140525113,1.49316596693967,-1.4830593724929));
#2262=CARTESIAN_POINT('',(-1.92335181145998,1.49459665245956,-1.48117540543856));
#2263=CARTESIAN_POINT('',(-1.88110760067504,1.4751048886232,-1.51006444292691));
#2264=CARTESIAN_POINT('',(-1.88358267868142,1.47666463242266,-1.50927350316923));
#2265=CARTESIAN_POINT('',(-1.8860185379506,1.47823101782076,-1.50832716434292));
#2266=CARTESIAN_POINT('',(-1.89080139722886,1.48137702761165,-1.50618582633721));
#2267=CARTESIAN_POINT('',(-1.89314732731318,1.48295664401294,-1.50498830929341));
#2268=CARTESIAN_POINT('',(-1.89763143652545,1.48606799396656,-1.50238552072219));
#2269=CARTESIAN_POINT('',(-1.89977318542116,1.48759998963445,-1.50098591355392));
#2270=CARTESIAN_POINT('',(-1.90207916417198,1.48930952089987,-1.49930728605096));
#2271=CARTESIAN_POINT('',(-1.90233302106686,1.48949836105796,-1.49911998596762));
#2272=CARTESIAN_POINT('',(-1.90447223811481,1.49109517904343,-1.49752037640937));
#2273=CARTESIAN_POINT('',(-1.90629558564966,1.49249247919046,-1.49601650355134));
#2274=CARTESIAN_POINT('',(-1.90997223066474,1.49539080058454,-1.49268114186548));
#2275=CARTESIAN_POINT('',(-1.91181095748041,1.49688856208351,-1.49083203305635));
#2276=CARTESIAN_POINT('',(-1.91527779771774,1.49981629308414,-1.48696982850833));
#2277=CARTESIAN_POINT('',(-1.91690811240917,1.50124684153475,-1.48495890737429));
#2278=CARTESIAN_POINT('',(-1.91843425521424,1.50264521997497,-1.48286795023855));
#2279=CARTESIAN_POINT('',(-1.87624164612657,1.47932687585319,-1.5115459948836));
#2280=CARTESIAN_POINT('',(-1.87889106390787,1.48087814721513,-1.51076551620668));
#2281=CARTESIAN_POINT('',(-1.88148639122937,1.48244389266349,-1.5098258214081));
#2282=CARTESIAN_POINT('',(-1.88657549927392,1.48559312755286,-1.50768551240392));
#2283=CARTESIAN_POINT('',(-1.88906807293944,1.48717664875695,-1.50648220780019));
#2284=CARTESIAN_POINT('',(-1.89384186103445,1.49028912669246,-1.50384099546606));
#2285=CARTESIAN_POINT('',(-1.89612666465151,1.49181849381445,-1.50240941215837));
#2286=CARTESIAN_POINT('',(-1.89860135812846,1.49351558807199,-1.50067497941062));
#2287=CARTESIAN_POINT('',(-1.8988736622484,1.49370308099347,-1.50048143691421));
#2288=CARTESIAN_POINT('',(-1.90116734554956,1.49528869766555,-1.49882834362943));
#2289=CARTESIAN_POINT('',(-1.90311583578457,1.49667745396481,-1.49727308086692));
#2290=CARTESIAN_POINT('',(-1.90703932054613,1.49955716160068,-1.49381731689032));
#2291=CARTESIAN_POINT('',(-1.90899820911814,1.50104478934216,-1.49189796791916));
#2292=CARTESIAN_POINT('',(-1.91269561667653,1.5039473228499,-1.48787713463303));
#2293=CARTESIAN_POINT('',(-1.91443643378777,1.50536286504644,-1.48577804780486));
#2294=CARTESIAN_POINT('',(-1.91607331547692,1.50674143838907,-1.4835875604791));
#2295=CARTESIAN_POINT('',(-1.87095993469796,1.48416189991168,-1.51295371343882));
#2296=CARTESIAN_POINT('',(-1.87377469139986,1.4857159121713,-1.51220619453716));
#2297=CARTESIAN_POINT('',(-1.87653828258496,1.48728195806986,-1.51128702076124));
#2298=CARTESIAN_POINT('',(-1.88196501504956,1.49042907474123,-1.50916343701328));
#2299=CARTESIAN_POINT('',(-1.88462694266157,1.49201015427097,-1.50795611270351));
#2300=CARTESIAN_POINT('',(-1.88972852330079,1.49511732845668,-1.50528076467821));
#2301=CARTESIAN_POINT('',(-1.89217192818637,1.49664384415578,-1.50381966664107));
#2302=CARTESIAN_POINT('',(-1.89481765256076,1.49833866906899,-1.50203750201653));
#2303=CARTESIAN_POINT('',(-1.89510878223543,1.49852579977966,-1.50183853207637));
#2304=CARTESIAN_POINT('',(-1.89756108458752,1.50010746116148,-1.50013822604167));
#2305=CARTESIAN_POINT('',(-1.89964463141379,1.50148687548933,-1.49853296255445));
#2306=CARTESIAN_POINT('',(-1.9038402456501,1.50434013494582,-1.49495429859089));
#2307=CARTESIAN_POINT('',(-1.90593510553677,1.50580998512269,-1.49296028586915));
#2308=CARTESIAN_POINT('',(-1.90988866242716,1.50867619120174,-1.4887698991744));
#2309=CARTESIAN_POINT('',(-1.91174982283034,1.51007319465555,-1.48657616862238));
#2310=CARTESIAN_POINT('',(-1.91349933259925,1.51143601853033,-1.48428045400023));
#2311=CARTESIAN_POINT('',(-1.87041328575977,1.4846654601177,-1.51309691157102));
#2312=CARTESIAN_POINT('',(-1.87324484674343,1.48621990323012,-1.5123530681224));
#2313=CARTESIAN_POINT('',(-1.87602582640828,1.48778594705545,-1.51143617129379));
#2314=CARTESIAN_POINT('',(-1.88148766409019,1.49093265372882,-1.50931448412637));
#2315=CARTESIAN_POINT('',(-1.88416730977626,1.49251332187862,-1.5081067557822));
#2316=CARTESIAN_POINT('',(-1.88930307774128,1.49561974711526,-1.50542794543306));
#2317=CARTESIAN_POINT('',(-1.89176297116644,1.49714592378814,-1.50396384971629));
#2318=CARTESIAN_POINT('',(-1.89442623415214,1.49884065266688,-1.50217690721951));
#2319=CARTESIAN_POINT('',(-1.89471929600517,1.49902776402478,-1.501977390778));
#2320=CARTESIAN_POINT('',(-1.8971878915475,1.50060919112387,-1.50027230590637));
#2321=CARTESIAN_POINT('',(-1.89928539832927,1.50198793497641,-1.49866182187617));
#2322=CARTESIAN_POINT('',(-1.90350921341852,1.50483917151985,-1.49507022205832));
#2323=CARTESIAN_POINT('',(-1.90561820736567,1.50630760881849,-1.49306829951685));
#2324=CARTESIAN_POINT('',(-1.90959833331824,1.50917075095454,-1.48886008247541));
#2325=CARTESIAN_POINT('',(-1.91147194657506,1.51056610629174,-1.48665645588969));
#2326=CARTESIAN_POINT('',(-1.91323301083119,1.51192737232644,-1.48434989332761));
#2327=CARTESIAN_POINT('',(-1.8692984346366,1.48569852492808,-1.5133839599757));
#2328=CARTESIAN_POINT('',(-1.87216362559445,1.48725418323161,-1.51264819427358));
#2329=CARTESIAN_POINT('',(-1.87497985487231,1.48882036731841,-1.51173632012786));
#2330=CARTESIAN_POINT('',(-1.8805132045829,1.49196639195281,-1.50961897249595));
#2331=CARTESIAN_POINT('',(-1.88322911876657,1.49354622956367,-1.50841051186243));
#2332=CARTESIAN_POINT('',(-1.8884347521452,1.49665125452247,-1.50572488778158));
#2333=CARTESIAN_POINT('',(-1.89092828426458,1.49817685600277,-1.50425483149714));
#2334=CARTESIAN_POINT('',(-1.89362699721608,1.49987171073028,-1.50245848044409));
#2335=CARTESIAN_POINT('',(-1.89392396835614,1.5000588169527,-1.50225788341184));
#2336=CARTESIAN_POINT('',(-1.89642555937182,1.5016400470387,-1.50054331499517));
#2337=CARTESIAN_POINT('',(-1.89855153610343,1.50301760640985,-1.49892225130302));
#2338=CARTESIAN_POINT('',(-1.90283302929444,1.50586503229238,-1.49530424737054));
#2339=CARTESIAN_POINT('',(-1.90497102952114,1.50733071330353,-1.49328608747685));
#2340=CARTESIAN_POINT('',(-1.90900555163008,1.51018785827531,-1.4890413351376));
#2341=CARTESIAN_POINT('',(-1.91090459291688,1.51157997874762,-1.48681746005392));
#2342=CARTESIAN_POINT('',(-1.91268902341117,1.51293824074009,-1.48448883199854));
#2343=CARTESIAN_POINT('',(-1.86873049957341,1.48622806686866,-1.51352750333482));
#2344=CARTESIAN_POINT('',(-1.87161269431388,1.48778450686896,-1.51279601803968));
#2345=CARTESIAN_POINT('',(-1.87444679978969,1.48935085782811,-1.51188688687992));
#2346=CARTESIAN_POINT('',(-1.88001645285713,1.49249666672002,-1.50977207297226));
#2347=CARTESIAN_POINT('',(-1.88275079695216,1.49407611669279,-1.50856337883997));
#2348=CARTESIAN_POINT('',(-1.88799194576546,1.49718052223633,-1.50587451693391));
#2349=CARTESIAN_POINT('',(-1.89050257386358,1.49870588447737,-1.50440152267899));
#2350=CARTESIAN_POINT('',(-1.89321930473706,1.50040092627765,-1.50260044915638));
#2351=CARTESIAN_POINT('',(-1.89351826358891,1.50058804200592,-1.50239930948328));
#2352=CARTESIAN_POINT('',(-1.89603663555834,1.50216926200938,-1.50067997733339));
#2353=CARTESIAN_POINT('',(-1.89817710969184,1.50354621281718,-1.49905359587801));
#2354=CARTESIAN_POINT('',(-1.90248800800757,1.50639161989357,-1.49542227859809));
#2355=CARTESIAN_POINT('',(-1.90464081583403,1.50785581754891,-1.49339591044477));
#2356=CARTESIAN_POINT('',(-1.90870309077765,1.51070979084598,-1.48913263058493));
#2357=CARTESIAN_POINT('',(-1.91061509050372,1.51210022300398,-1.48689846792596));
#2358=CARTESIAN_POINT('',(-1.9124113943394,1.51345699367512,-1.48455859996337));
#2359=CARTESIAN_POINT('',(-1.86310615747608,1.49150406044173,-1.51492305379284));
#2360=CARTESIAN_POINT('',(-1.86615553410018,1.49306974446753,-1.51423556256237));
#2361=CARTESIAN_POINT('',(-1.86916595542156,1.49463859445623,-1.51335532791178));
#2362=CARTESIAN_POINT('',(-1.87509406051389,1.49778338620638,-1.5112686063731));
#2363=CARTESIAN_POINT('',(-1.87801056510708,1.49935926235436,-1.51005887523478));
#2364=CARTESIAN_POINT('',(-1.88360284368099,1.50245829602554,-1.50734009634076));
#2365=CARTESIAN_POINT('',(-1.88628244377038,1.50398174206636,-1.50583892346247));
#2366=CARTESIAN_POINT('',(-1.88917722303155,1.50567975792995,-1.50399178325966));
#2367=CARTESIAN_POINT('',(-1.8894958309788,1.50586707948232,-1.50378534704206));
#2368=CARTESIAN_POINT('',(-1.89218012502549,1.50744904114723,-1.50201949871465));
#2369=CARTESIAN_POINT('',(-1.89446410526464,1.50881998959062,-1.50034112171477));
#2370=CARTESIAN_POINT('',(-1.89906639394109,1.5116448833257,-1.49657921315748));
#2371=CARTESIAN_POINT('',(-1.90136611938901,1.51309378717852,-1.49447211882154));
#2372=CARTESIAN_POINT('',(-1.90570360246098,1.51591546052475,-1.49002610457861));
#2373=CARTESIAN_POINT('',(-1.90774396498014,1.51728885876682,-1.48769030816643));
#2374=CARTESIAN_POINT('',(-1.90965756704529,1.51863118890695,-1.4852391590873));
#2375=CARTESIAN_POINT('',(-1.85823329814104,1.49633184517875,-1.51592423577048));
#2376=CARTESIAN_POINT('',(-1.86141758803548,1.4979176709306,-1.51528778204522));
#2377=CARTESIAN_POINT('',(-1.86457543396746,1.49949503427411,-1.51444617215814));
#2378=CARTESIAN_POINT('',(-1.8708067809956,1.50264668302561,-1.51240699069393));
#2379=CARTESIAN_POINT('',(-1.87387910370555,1.50422078625017,-1.51120602900523));
#2380=CARTESIAN_POINT('',(-1.87977214758604,1.5073200415547,-1.50847771151394));
#2381=CARTESIAN_POINT('',(-1.88259589218403,1.50884501478121,-1.50695918901671));
#2382=CARTESIAN_POINT('',(-1.88564164099288,1.5105546653709,-1.50507784272313));
#2383=CARTESIAN_POINT('',(-1.88597696757025,1.5107430755092,-1.50486744332873));
#2384=CARTESIAN_POINT('',(-1.88880274884232,1.51233260936785,-1.50306660368284));
#2385=CARTESIAN_POINT('',(-1.89121046128557,1.51369908945019,-1.50134835155276));
#2386=CARTESIAN_POINT('',(-1.89606658219955,1.51650343277636,-1.49748283860945));
#2387=CARTESIAN_POINT('',(-1.89849577536606,1.51793513155666,-1.49530996022649));
#2388=CARTESIAN_POINT('',(-1.90307454845284,1.52072309383657,-1.49071111168402));
#2389=CARTESIAN_POINT('',(-1.9052263237953,1.52207974167842,-1.48828907699059));
#2390=CARTESIAN_POINT('',(-1.90723913337123,1.52341222680952,-1.48574186031222));
#2391=CARTESIAN_POINT('',(-1.84776390526997,1.50716681064304,-1.51770320802649));
#2392=CARTESIAN_POINT('',(-1.85123017287167,1.50880426172288,-1.51719908836638));
#2393=CARTESIAN_POINT('',(-1.85469871374152,1.5104079299272,-1.51646173937224));
#2394=CARTESIAN_POINT('',(-1.86157123856622,1.51358878342885,-1.51456097084687));
#2395=CARTESIAN_POINT('',(-1.86497401251362,1.51516549869429,-1.5133938825064));
#2396=CARTESIAN_POINT('',(-1.87150758814332,1.51827594482808,-1.51067142969793));
#2397=CARTESIAN_POINT('',(-1.87463883864722,1.51980822661804,-1.50912731959906));
#2398=CARTESIAN_POINT('',(-1.87800911675094,1.52154651422143,-1.50718398292156));
#2399=CARTESIAN_POINT('',(-1.87838040488289,1.52173769809667,-1.50696629573683));
#2400=CARTESIAN_POINT('',(-1.88151055952431,1.52334736705569,-1.50510036402955));
#2401=CARTESIAN_POINT('',(-1.88418400960353,1.52470860188798,-1.50330375686281));
#2402=CARTESIAN_POINT('',(-1.8895862751773,1.52747782712927,-1.49922751202402));
#2403=CARTESIAN_POINT('',(-1.89229456202992,1.52887720902706,-1.49691742055661));
#2404=CARTESIAN_POINT('',(-1.89739309017457,1.53159758278087,-1.49199584687138));
#2405=CARTESIAN_POINT('',(-1.89978416898045,1.53291829171104,-1.48939052476528));
#2406=CARTESIAN_POINT('',(-1.90200929328996,1.53422560612482,-1.48663884588336));
#2407=CARTESIAN_POINT('',(-1.84223952534955,1.51320122018218,-1.51838655604709));
#2408=CARTESIAN_POINT('',(-1.84584929138309,1.51487165888872,-1.51796786882618));
#2409=CARTESIAN_POINT('',(-1.84947728179915,1.51649518134178,-1.51730027926161));
#2410=CARTESIAN_POINT('',(-1.85668003980429,1.5197026339996,-1.51549777995497));
#2411=CARTESIAN_POINT('',(-1.86025355514391,1.5212859191979,-1.5143590786674));
#2412=CARTESIAN_POINT('',(-1.8671202461999,1.5244108575061,-1.5116580978663));
#2413=CARTESIAN_POINT('',(-1.87041192100307,1.52595021558253,-1.51010860111326));
#2414=CARTESIAN_POINT('',(-1.87395369053751,1.52770612120361,-1.50814041530216));
#2415=CARTESIAN_POINT('',(-1.87434399660766,1.52789905910105,-1.50791972535512));
#2416=CARTESIAN_POINT('',(-1.87763513510313,1.52952186705291,-1.50602640688544));
#2417=CARTESIAN_POINT('',(-1.88044879332337,1.53088273434848,-1.50419372293352));
#2418=CARTESIAN_POINT('',(-1.88613986565723,1.53363805516322,-1.50001508481018));
#2419=CARTESIAN_POINT('',(-1.88899608578082,1.53502255579481,-1.49763584966296));
#2420=CARTESIAN_POINT('',(-1.89436986484594,1.53770897386892,-1.4925484895211));
#2421=CARTESIAN_POINT('',(-1.89688721596267,1.5390101537608,-1.48984803093354));
#2422=CARTESIAN_POINT('',(-1.89922388632618,1.54030142079683,-1.48698971131886));
#2423=CARTESIAN_POINT('',(-1.83107896717399,1.52593752650018,-1.5193318376914));
#2424=CARTESIAN_POINT('',(-1.83499388165095,1.52765420179721,-1.51910769094654));
#2425=CARTESIAN_POINT('',(-1.83894184411578,1.52932137883119,-1.51860103696418));
#2426=CARTESIAN_POINT('',(-1.84679636412299,1.53260569593574,-1.51703587203363));
#2427=CARTESIAN_POINT('',(-1.85070152607957,1.53422199198415,-1.51597324245647));
#2428=CARTESIAN_POINT('',(-1.85822572621265,1.53739840413882,-1.51334876092658));
#2429=CARTESIAN_POINT('',(-1.86183966912678,1.53895512834028,-1.51180265301887));
#2430=CARTESIAN_POINT('',(-1.86574297559741,1.54072319718092,-1.50979794066187));
#2431=CARTESIAN_POINT('',(-1.86617321424133,1.54091739251496,-1.50957264280229));
#2432=CARTESIAN_POINT('',(-1.86980125610289,1.54254980031546,-1.50763586340591));
#2433=CARTESIAN_POINT('',(-1.87290160841356,1.54391103151912,-1.50573731716282));
#2434=CARTESIAN_POINT('',(-1.87917621018253,1.54665132525537,-1.50136297469079));
#2435=CARTESIAN_POINT('',(-1.8823272594526,1.54801878920365,-1.49884789390837));
#2436=CARTESIAN_POINT('',(-1.88825306635877,1.55064725629524,-1.49343249530339));
#2437=CARTESIAN_POINT('',(-1.89102582095204,1.55190692588754,-1.4905425581461));
#2438=CARTESIAN_POINT('',(-1.89359577486646,1.55314272190961,-1.48747239249078));
#2439=CARTESIAN_POINT('',(-1.82547072880449,1.53265428824914,-1.51955410846827));
#2440=CARTESIAN_POINT('',(-1.82954781637678,1.53438236997522,-1.51944043753924));
#2441=CARTESIAN_POINT('',(-1.83365532464595,1.53607345021471,-1.51902630468732));
#2442=CARTESIAN_POINT('',(-1.84182845954742,1.53940956255386,-1.51760304407823));
#2443=CARTESIAN_POINT('',(-1.84589258500806,1.54105373966111,-1.51658958779789));
#2444=CARTESIAN_POINT('',(-1.8537382436498,1.54426865173327,-1.51402289364204));
#2445=CARTESIAN_POINT('',(-1.85751307528636,1.54583579707086,-1.51248681544969));
#2446=CARTESIAN_POINT('',(-1.86160679476672,1.54759639845371,-1.51047167432545));
#2447=CARTESIAN_POINT('',(-1.86205797262595,1.54778989649624,-1.51024491089288));
#2448=CARTESIAN_POINT('',(-1.8658620270682,1.54941724025484,-1.50829324553147));
#2449=CARTESIAN_POINT('',(-1.86910824137522,1.55077902393124,-1.50636597615502));
#2450=CARTESIAN_POINT('',(-1.87567558747783,1.5535186146235,-1.50190056442681));
#2451=CARTESIAN_POINT('',(-1.87897211649297,1.5548846013651,-1.49931996828481));
#2452=CARTESIAN_POINT('',(-1.88517244350472,1.55748938305574,-1.49374454597015));
#2453=CARTESIAN_POINT('',(-1.88807351828069,1.55872672962745,-1.49076127627031));
#2454=CARTESIAN_POINT('',(-1.89076529465947,1.5599212912849,-1.48758674168696));
#2455=CARTESIAN_POINT('',(-1.82,1.53948085775372,-1.51955410846827));
#2456=CARTESIAN_POINT('',(-1.82426078963454,1.5411881299252,-1.51955410846827));
#2457=CARTESIAN_POINT('',(-1.82852713461324,1.54289762808888,-1.51923698688609));
#2458=CARTESIAN_POINT('',(-1.83700275641084,1.546293757556,-1.51797115442569));
#2459=CARTESIAN_POINT('',(-1.84121039063293,1.54797973068101,-1.51701779511668));
#2460=CARTESIAN_POINT('',(-1.84935699861176,1.55124402633679,-1.51452846227077));
#2461=CARTESIAN_POINT('',(-1.85328888414585,1.5528195086604,-1.51301058283096));
#2462=CARTESIAN_POINT('',(-1.85758641814542,1.55454150407269,-1.51099124536159));
#2463=CARTESIAN_POINT('',(-1.85805980435378,1.55473118701159,-1.51076370263172));
#2464=CARTESIAN_POINT('',(-1.86204920643588,1.55632971586183,-1.50880282449817));
#2465=CARTESIAN_POINT('',(-1.86544150269446,1.55768898808516,-1.5068502082583));
#2466=CARTESIAN_POINT('',(-1.87229260793311,1.5604341837698,-1.5023009114854));
#2467=CARTESIAN_POINT('',(-1.8757245814477,1.56180935442531,-1.49965876324002));
#2468=CARTESIAN_POINT('',(-1.88218541977117,1.56439817256002,-1.49393268153872));
#2469=CARTESIAN_POINT('',(-1.88521166377559,1.56561076989902,-1.49086063352215));
#2470=CARTESIAN_POINT('',(-1.88803263325384,1.56674111499932,-1.48758674172211));
#2471=EDGE_LOOP('',(#6211,#6212,#6213,#6214));
#2472=AXIS2_PLACEMENT_3D('',#6215,#6216,#6217);
#2473=EDGE_LOOP('',(#6218,#6219,#6220));
#2474=AXIS2_PLACEMENT_3D('',#6221,#6222,#6223);
#2475=EDGE_LOOP('',(#6224,#6225,#6226));
#2477=CARTESIAN_POINT('',(-1.97870675385634,1.4835613529777,-1.43024223959663));
#2478=CARTESIAN_POINT('',(-1.99467619060322,1.46748955382753,-1.4207126738099));
#2479=CARTESIAN_POINT('',(-2.00135560214427,1.45,-1.40485193062589));
#2480=CARTESIAN_POINT('',(-2.00158985605092,1.44939304492837,-1.40429610360454));
#2481=CARTESIAN_POINT('',(-2.00182410995756,1.44878608985675,-1.40374027658318));
#2482=CARTESIAN_POINT('',(-1.97767250957383,1.48146098773361,-1.43211808729981));
#2483=CARTESIAN_POINT('',(-1.99259612909568,1.46638192477388,-1.4232365554592));
#2484=CARTESIAN_POINT('',(-1.99928465993283,1.45,-1.40860801722938));
#2485=CARTESIAN_POINT('',(-1.99951897960496,1.44943028668753,-1.40809572379323));
#2486=CARTESIAN_POINT('',(-1.9997532992771,1.44886057337506,-1.40758343035708));
#2487=CARTESIAN_POINT('',(-1.97663826529133,1.47936062248952,-1.43399393500298));
#2488=CARTESIAN_POINT('',(-1.99051606758814,1.46527429572023,-1.4257604371085));
#2489=CARTESIAN_POINT('',(-1.9972137177214,1.45,-1.41236410383288));
#2490=CARTESIAN_POINT('',(-1.99744810315901,1.44946752844669,-1.41189534398193));
#2491=CARTESIAN_POINT('',(-1.99768248859663,1.44893505689337,-1.41142658413097));
#2492=CARTESIAN_POINT('',(-1.97560402100882,1.47726025724543,-1.43586978270616));
#2493=CARTESIAN_POINT('',(-1.9884360060806,1.46416666666658,-1.4282843187578));
#2494=CARTESIAN_POINT('',(-1.99514277550996,1.45,-1.41612019043637));
#2495=CARTESIAN_POINT('',(-1.99537722671306,1.44950477020584,-1.41569496417062));
#2496=CARTESIAN_POINT('',(-1.99561167791617,1.44900954041169,-1.41526973790487));
#2497=CARTESIAN_POINT('',(-1.97104349509919,1.46799864441625,-1.44414137984966));
#2498=CARTESIAN_POINT('',(-1.97938306636666,1.45934599236836,-1.43926887298057));
#2499=CARTESIAN_POINT('',(-1.9860109042757,1.45,-1.43268274781646));
#2500=CARTESIAN_POINT('',(-1.98624564547336,1.44966898866992,-1.43244948397836));
#2501=CARTESIAN_POINT('',(-1.98648038667101,1.44933797733984,-1.43221622014027));
#2502=CARTESIAN_POINT('',(-1.96637284731481,1.45884341112137,-1.45248047324353));
#2503=CARTESIAN_POINT('',(-1.970386938243,1.45442768730851,-1.45023592347568));
#2504=CARTESIAN_POINT('',(-1.97440725845531,1.44999987706328,-1.44798961174757));
#2505=CARTESIAN_POINT('',(-1.97455054312635,1.44984206940097,-1.4479095529413));
#2506=CARTESIAN_POINT('',(-1.9746938277974,1.44968426173867,-1.44782949413503));
#2507=CARTESIAN_POINT('',(-1.96142135623731,1.45,-1.46097546470558));
#2508=CARTESIAN_POINT('',(-1.96142135623731,1.45,-1.46097546470558));
#2509=CARTESIAN_POINT('',(-1.96142135623731,1.45,-1.46097546470558));
#2510=CARTESIAN_POINT('',(-1.96142135623731,1.45,-1.46097546470558));
#2511=CARTESIAN_POINT('',(-1.96142135623731,1.45,-1.46097546470558));
#2518=EDGE_LOOP('',(#6227,#6228,#6229,#6230));
#2519=AXIS2_PLACEMENT_3D('',#6231,#6232,#6233);
#2520=EDGE_LOOP('',(#6234,#6235,#6236,#6237));
#2521=CARTESIAN_POINT('',(-1.97560402100881,1.47726025724541,-1.43586978270617));
#2522=CARTESIAN_POINT('',(-1.97698058810277,1.47585562609662,-1.43505604266477));
#2523=CARTESIAN_POINT('',(-1.9783113295105,1.47443206908229,-1.43419584567558));
#2524=CARTESIAN_POINT('',(-1.97973729166982,1.47283083426316,-1.43318920928645));
#2525=CARTESIAN_POINT('',(-1.97987967502867,1.47267007099394,-1.43308771193875));
#2526=CARTESIAN_POINT('',(-1.98117894907502,1.47119498467018,-1.432152469554));
#2527=CARTESIAN_POINT('',(-1.98229677568733,1.46986682111003,-1.4312816895355));
#2528=CARTESIAN_POINT('',(-1.98391625719818,1.46784977678462,-1.42991618311567));
#2529=CARTESIAN_POINT('',(-1.98444838414026,1.46717075688916,-1.42944929856489));
#2530=CARTESIAN_POINT('',(-1.98562681320057,1.46562931175385,-1.4283731277663));
#2531=CARTESIAN_POINT('',(-1.98626693324638,1.46476499551733,-1.42775831570253));
#2532=CARTESIAN_POINT('',(-1.9877434437348,1.46270498419229,-1.42626587256656));
#2533=CARTESIAN_POINT('',(-1.98856480389331,1.4615049813947,-1.4253751312724));
#2534=CARTESIAN_POINT('',(-1.98955315357716,1.4599895048635,-1.42422323518215));
#2535=CARTESIAN_POINT('',(-1.9897521928845,1.45968042609787,-1.42398691149039));
#2536=CARTESIAN_POINT('',(-1.99044058812328,1.45859767017611,-1.42315413655088));
#2537=CARTESIAN_POINT('',(-1.99091801745931,1.45782185871521,-1.42254871979559));
#2538=CARTESIAN_POINT('',(-1.99175285918731,1.45641877112597,-1.4214380243629));
#2539=CARTESIAN_POINT('',(-1.99211545875336,1.45579217735723,-1.42093636957013));
#2540=CARTESIAN_POINT('',(-1.99255898865342,1.45500348510308,-1.42029783992614));
#2541=CARTESIAN_POINT('',(-1.9926489825778,1.4548422569669,-1.42016693683765));
#2542=CARTESIAN_POINT('',(-1.99360089409651,1.45312398565679,-1.41876788779791));
#2543=CARTESIAN_POINT('',(-1.99440340725662,1.45156176288711,-1.41746118931893));
#2544=CARTESIAN_POINT('',(-1.99514277550983,1.45,-1.41612019043659));
#2545=CARTESIAN_POINT('',(-1.97709409594449,1.48028622843136,-1.43316721974819));
#2546=CARTESIAN_POINT('',(-1.97856960502065,1.47885070013662,-1.43227506994007));
#2547=CARTESIAN_POINT('',(-1.97999944271247,1.47741033080712,-1.43131360119518));
#2548=CARTESIAN_POINT('',(-1.98153072271853,1.4757957291691,-1.43018246203076));
#2549=CARTESIAN_POINT('',(-1.98168361207476,1.47563368508688,-1.43006834772499));
#2550=CARTESIAN_POINT('',(-1.9830786074218,1.47414728869304,-1.42901642006202));
#2551=CARTESIAN_POINT('',(-1.98427770450497,1.47281215250605,-1.42803391068588));
#2552=CARTESIAN_POINT('',(-1.98600828420988,1.47077876119744,-1.42650241662946));
#2553=CARTESIAN_POINT('',(-1.98657575209484,1.47009327630928,-1.4259802709833));
#2554=CARTESIAN_POINT('',(-1.9878288173583,1.46853296790744,-1.42478264965992));
#2555=CARTESIAN_POINT('',(-1.98850688097073,1.46765514942859,-1.42410253105692));
#2556=CARTESIAN_POINT('',(-1.99006260234749,1.4655518198305,-1.42246649027549));
#2557=CARTESIAN_POINT('',(-1.99093647304649,1.46433902035602,-1.42147342501068));
#2558=CARTESIAN_POINT('',(-1.99199132361428,1.46281526782394,-1.42018089147519));
#2559=CARTESIAN_POINT('',(-1.9922039352963,1.46250490950371,-1.41991529393639));
#2560=CARTESIAN_POINT('',(-1.99293954952622,1.46141874366992,-1.41897845381487));
#2561=CARTESIAN_POINT('',(-1.99345022866407,1.46064240034992,-1.41829577485687));
#2562=CARTESIAN_POINT('',(-1.99434124923369,1.45923894533289,-1.41704492549207));
#2563=CARTESIAN_POINT('',(-1.99472752350276,1.45861239997571,-1.416480529768));
#2564=CARTESIAN_POINT('',(-1.99519802529321,1.45782300614358,-1.41576444234107));
#2565=CARTESIAN_POINT('',(-1.99529338477213,1.45766159462849,-1.41561775862413));
#2566=CARTESIAN_POINT('',(-1.9963007495468,1.4559407955858,-1.41405154874848));
#2567=CARTESIAN_POINT('',(-1.99713855515786,1.45437126063499,-1.41260178714867));
#2568=CARTESIAN_POINT('',(-1.99788529299907,1.45278468462586,-1.41114606168291));
#2569=CARTESIAN_POINT('',(-1.9783438143201,1.4835575397037,-1.43060670708828));
#2570=CARTESIAN_POINT('',(-1.9799187179678,1.48211029651569,-1.42962317937173));
#2571=CARTESIAN_POINT('',(-1.98144685575722,1.48066023700426,-1.42855602016295));
#2572=CARTESIAN_POINT('',(-1.9830823499611,1.47903549273654,-1.42729809655382));
#2573=CARTESIAN_POINT('',(-1.98324563205565,1.4788724386922,-1.42717116581205));
#2574=CARTESIAN_POINT('',(-1.98473530282378,1.47737683133759,-1.42600091289987));
#2575=CARTESIAN_POINT('',(-1.9860146846252,1.47603381141633,-1.42490658526476));
#2576=CARTESIAN_POINT('',(-1.9878561031533,1.47398728010706,-1.42320383868059));
#2577=CARTESIAN_POINT('',(-1.98845902950578,1.47329717679264,-1.42262380161626));
#2578=CARTESIAN_POINT('',(-1.98978773175417,1.47172561175493,-1.42129546936637));
#2579=CARTESIAN_POINT('',(-1.99050481351869,1.4708409416874,-1.42054255367034));
#2580=CARTESIAN_POINT('',(-1.99214405644719,1.46871931392995,-1.41873678778985));
#2581=CARTESIAN_POINT('',(-1.99306709711956,1.46749927189351,-1.41763611975075));
#2582=CARTESIAN_POINT('',(-1.99418067393996,1.46596879192518,-1.41620142015719));
#2583=CARTESIAN_POINT('',(-1.99440508832432,1.46565718686077,-1.41590650322285));
#2584=CARTESIAN_POINT('',(-1.99518125341827,1.46456700616397,-1.41486603216097));
#2585=CARTESIAN_POINT('',(-1.99571956025154,1.46378841450956,-1.41410745756817));
#2586=CARTESIAN_POINT('',(-1.9966568593739,1.46238134222817,-1.41271823154837));
#2587=CARTESIAN_POINT('',(-1.99706248301716,1.46175334213098,-1.41209164075244));
#2588=CARTESIAN_POINT('',(-1.99755528454454,1.46096207255024,-1.41129743521031));
#2589=CARTESIAN_POINT('',(-1.99765509495615,1.46080027523681,-1.41113479094938));
#2590=CARTESIAN_POINT('',(-1.99870869052884,1.45907530433337,-1.4093986722795));
#2591=CARTESIAN_POINT('',(-1.9995780357012,1.45750145008636,-1.40779609697767));
#2592=CARTESIAN_POINT('',(-2.00033736517114,1.45590704293248,-1.40619641404736));
#2593=CARTESIAN_POINT('',(-1.98061881810762,1.49070994043037,-1.42546578036926));
#2594=CARTESIAN_POINT('',(-1.98239973740687,1.48926225896065,-1.42427774818763));
#2595=CARTESIAN_POINT('',(-1.9841256153325,1.48780641649253,-1.42298896905913));
#2596=CARTESIAN_POINT('',(-1.98596797663043,1.48617255298987,-1.4214694673604));
#2597=CARTESIAN_POINT('',(-1.98615185590956,1.48600855449823,-1.42131613827872));
#2598=CARTESIAN_POINT('',(-1.98782890837202,1.48450404866307,-1.41990245549427));
#2599=CARTESIAN_POINT('',(-1.98926533681317,1.48315133581118,-1.41858016572622));
#2600=CARTESIAN_POINT('',(-1.99132459031629,1.48109054440123,-1.41652121189897));
#2601=CARTESIAN_POINT('',(-1.99199739005372,1.4803957175251,-1.41581958676596));
#2602=CARTESIAN_POINT('',(-1.99347637011774,1.47881419340602,-1.41421211402688));
#2603=CARTESIAN_POINT('',(-1.99427188930783,1.47792447219976,-1.41330049699947));
#2604=CARTESIAN_POINT('',(-1.99608306106389,1.47579331205479,-1.41111266267948));
#2605=CARTESIAN_POINT('',(-1.99709865116866,1.47456717988957,-1.40978284481906));
#2606=CARTESIAN_POINT('',(-1.99831666492611,1.47302926553585,-1.4080519665439));
#2607=CARTESIAN_POINT('',(-1.9985617349734,1.47271615762205,-1.40769629332509));
#2608=CARTESIAN_POINT('',(-1.99940787260876,1.47162080309861,-1.40644182387346));
#2609=CARTESIAN_POINT('',(-1.99999203418914,1.47083866591731,-1.405527843001));
#2610=CARTESIAN_POINT('',(-2.00100457074027,1.4694258329943,-1.40385469905344));
#2611=CARTESIAN_POINT('',(-2.00144104503739,1.46879549375298,-1.40310029479481));
#2612=CARTESIAN_POINT('',(-2.00196924332717,1.46800170431911,-1.4021442493473));
#2613=CARTESIAN_POINT('',(-2.00207610976746,1.46783941410376,-1.4019484706175));
#2614=CARTESIAN_POINT('',(-2.00320299014239,1.46610944604421,-1.39985873476555));
#2615=CARTESIAN_POINT('',(-2.00412234552616,1.46453328782344,-1.39793040407009));
#2616=CARTESIAN_POINT('',(-2.00490480298938,1.46294041876228,-1.39600199512202));
#2617=CARTESIAN_POINT('',(-1.9816212139076,1.49459631608129,-1.42290613777565));
#2618=CARTESIAN_POINT('',(-1.98350855342225,1.49316218012192,-1.42160374132325));
#2619=CARTESIAN_POINT('',(-1.98533210822054,1.49171407457449,-1.4201990187826));
#2620=CARTESIAN_POINT('',(-1.98727455738265,1.49008606012042,-1.41854511295485));
#2621=CARTESIAN_POINT('',(-1.98746837714424,1.48992261735554,-1.41837824554395));
#2622=CARTESIAN_POINT('',(-1.9892356680409,1.48842296090432,-1.41683988778513));
#2623=CARTESIAN_POINT('',(-1.99074630385474,1.48707280695707,-1.41540205804052));
#2624=CARTESIAN_POINT('',(-1.99290933779759,1.485016758104,-1.41315840215483));
#2625=CARTESIAN_POINT('',(-1.99361558066745,1.48432367087783,-1.41239305434397));
#2626=CARTESIAN_POINT('',(-1.9951674688095,1.4827471141947,-1.41063665522078));
#2627=CARTESIAN_POINT('',(-1.99600176640105,1.48186088931914,-1.40963854955464));
#2628=CARTESIAN_POINT('',(-1.99790106489588,1.47974120570471,-1.40723586369647));
#2629=CARTESIAN_POINT('',(-1.9989589141445,1.47851651004455,-1.40578471061519));
#2630=CARTESIAN_POINT('',(-2.0002206345727,1.47697745785411,-1.40390102242669));
#2631=CARTESIAN_POINT('',(-2.00047411836131,1.4766639650662,-1.40351420605058));
#2632=CARTESIAN_POINT('',(-2.00134806053678,1.47556689596652,-1.40215051399743));
#2633=CARTESIAN_POINT('',(-2.00194914990754,1.47478287722961,-1.40115804902806));
#2634=CARTESIAN_POINT('',(-2.00298829839178,1.47336681730009,-1.39934117085541));
#2635=CARTESIAN_POINT('',(-2.00343522690345,1.47273510016621,-1.39852193752673));
#2636=CARTESIAN_POINT('',(-2.00397529851095,1.47194014506618,-1.39748298958181));
#2637=CARTESIAN_POINT('',(-2.00408452483062,1.47177764634551,-1.39727019528078));
#2638=CARTESIAN_POINT('',(-2.00523591181722,1.47004584392774,-1.39499831961317));
#2639=CARTESIAN_POINT('',(-2.00617200193265,1.46847140990006,-1.39289743297053));
#2640=CARTESIAN_POINT('',(-2.00696469057112,1.46688959920967,-1.39078168895594));
#2641=CARTESIAN_POINT('',(-1.9833137570492,1.50264475934331,-1.41798863297586));
#2642=CARTESIAN_POINT('',(-1.98540615054558,1.50124490197342,-1.41646164649721));
#2643=CARTESIAN_POINT('',(-1.98741775936092,1.49981351404033,-1.41483079014096));
#2644=CARTESIAN_POINT('',(-1.98955172266433,1.49819568687901,-1.4129152217468));
#2645=CARTESIAN_POINT('',(-1.98976454889902,1.49803317175963,-1.41272200260629));
#2646=CARTESIAN_POINT('',(-1.99170423396696,1.49654127713322,-1.41094100477829));
#2647=CARTESIAN_POINT('',(-1.9933555771809,1.4951926761657,-1.40927855631461));
#2648=CARTESIAN_POINT('',(-1.9957126349087,1.49314184660745,-1.40667500670461));
#2649=CARTESIAN_POINT('',(-1.9964809021241,1.49245099441677,-1.40578536525515));
#2650=CARTESIAN_POINT('',(-1.99816663900944,1.49088271474234,-1.40373796335593));
#2651=CARTESIAN_POINT('',(-1.99907113264082,1.49000336820104,-1.40257050845996));
#2652=CARTESIAN_POINT('',(-2.00112711687891,1.48790982539074,-1.39974586590627));
#2653=CARTESIAN_POINT('',(-2.00225643899494,1.48669234812831,-1.39805554503635));
#2654=CARTESIAN_POINT('',(-2.00358783710601,1.48515770288131,-1.39587067249684));
#2655=CARTESIAN_POINT('',(-2.00385446586527,1.48484486511261,-1.39542247494503));
#2656=CARTESIAN_POINT('',(-2.00477092460979,1.48374948527159,-1.39384356890231));
#2657=CARTESIAN_POINT('',(-2.00539615245114,1.48296559762967,-1.39269656036854));
#2658=CARTESIAN_POINT('',(-2.00647037950523,1.48154981839854,-1.39059719239762));
#2659=CARTESIAN_POINT('',(-2.00692990859764,1.48091824280925,-1.38965073627922));
#2660=CARTESIAN_POINT('',(-2.00748302145625,1.48012420541243,-1.38844945697889));
#2661=CARTESIAN_POINT('',(-2.00759476606321,1.47996193302195,-1.3882033630287));
#2662=CARTESIAN_POINT('',(-2.00877156659635,1.47823305887798,-1.38557525171865));
#2663=CARTESIAN_POINT('',(-2.00971843816779,1.47666580281812,-1.3831387298111));
#2664=CARTESIAN_POINT('',(-2.0105101549948,1.47510441980916,-1.38066226387882));
#2665=CARTESIAN_POINT('',(-1.98403336285892,1.50674094833871,-1.41562770945727));
#2666=CARTESIAN_POINT('',(-1.98622448045854,1.50536171728917,-1.41399046129344));
#2667=CARTESIAN_POINT('',(-1.98832386491857,1.50394581598917,-1.41224942872989));
#2668=CARTESIAN_POINT('',(-1.99054534062775,1.50234210745535,-1.41020663606695));
#2669=CARTESIAN_POINT('',(-1.99076682899589,1.50218097338823,-1.41000060715675));
#2670=CARTESIAN_POINT('',(-1.99278488683493,1.500701444672,-1.40810167893446));
#2671=CARTESIAN_POINT('',(-1.9944987620957,1.49936175960553,-1.40633019309443));
#2672=CARTESIAN_POINT('',(-1.9969412047089,1.49732369089652,-1.40355148992456));
#2673=CARTESIAN_POINT('',(-1.99773661263792,1.49663700431204,-1.40260128620465));
#2674=CARTESIAN_POINT('',(-1.99948084366718,1.49507838276477,-1.40041181090312));
#2675=CARTESIAN_POINT('',(-2.00041595850475,1.49420459241922,-1.39916148539797));
#2676=CARTESIAN_POINT('',(-2.00254076625739,1.49212566539076,-1.39612967059908));
#2677=CARTESIAN_POINT('',(-2.00369866088252,1.49091128229965,-1.39432401749379));
#2678=CARTESIAN_POINT('',(-2.00505475597447,1.48937722203791,-1.39199541832767));
#2679=CARTESIAN_POINT('',(-2.00532583208571,1.48906433154941,-1.39151800784236));
#2680=CARTESIAN_POINT('',(-2.00625594889993,1.48796832600487,-1.38983689322857));
#2681=CARTESIAN_POINT('',(-2.00688752614728,1.48718320393849,-1.38861687739268));
#2682=CARTESIAN_POINT('',(-2.00796867184795,1.48576506614981,-1.38638426388635));
#2683=CARTESIAN_POINT('',(-2.00842965945973,1.48513239245748,-1.38537787117928));
#2684=CARTESIAN_POINT('',(-2.00898315142663,1.48433738307956,-1.38410002528082));
#2685=CARTESIAN_POINT('',(-2.00909489721962,1.48417493347771,-1.38383822028901));
#2686=CARTESIAN_POINT('',(-2.01027098250708,1.48244446670555,-1.38104195908945));
#2687=CARTESIAN_POINT('',(-2.01121089324686,1.48087835165245,-1.37844635479883));
#2688=CARTESIAN_POINT('',(-2.01199171486997,1.47932636006473,-1.3757963395008));
#2689=CARTESIAN_POINT('',(-1.98472629487961,1.51143566215181,-1.41305363451856));
#2690=CARTESIAN_POINT('',(-1.98702210116623,1.51007273550643,-1.41130407432197));
#2691=CARTESIAN_POINT('',(-1.98921587209744,1.50867567685252,-1.40944288877629));
#2692=CARTESIAN_POINT('',(-1.99153093621925,1.50709216570965,-1.40725866910428));
#2693=CARTESIAN_POINT('',(-1.99176168189695,1.50693304844182,-1.40703837165261));
#2694=CARTESIAN_POINT('',(-1.99386341244671,1.50547188319524,-1.40500789466095));
#2695=CARTESIAN_POINT('',(-1.99564341696558,1.50414770381618,-1.40311340920743));
#2696=CARTESIAN_POINT('',(-1.99817281781201,1.50212800082114,-1.40014180954089));
#2697=CARTESIAN_POINT('',(-1.99899524829429,1.50144663106709,-1.39912564977278));
#2698=CARTESIAN_POINT('',(-2.00079581283422,1.49989743318251,-1.39678428632244));
#2699=CARTESIAN_POINT('',(-2.00175901460305,1.49902707814053,-1.39544728440769));
#2700=CARTESIAN_POINT('',(-2.00394260938599,1.49695051633887,-1.39220559770241));
#2701=CARTESIAN_POINT('',(-2.0051262561804,1.49573802767144,-1.39027450157087));
#2702=CARTESIAN_POINT('',(-2.00650451897919,1.4942063967044,-1.38778519320239));
#2703=CARTESIAN_POINT('',(-2.00677957997036,1.49389400358318,-1.38727488785779));
#2704=CARTESIAN_POINT('',(-2.00772179301857,1.49279971892119,-1.38547820125634));
#2705=CARTESIAN_POINT('',(-2.0083587139699,1.49201579157625,-1.38417477724773));
#2706=CARTESIAN_POINT('',(-2.00944373037321,1.49059951937808,-1.3817909022283));
#2707=CARTESIAN_POINT('',(-2.00990437566117,1.48996757338346,-1.38071681098679));
#2708=CARTESIAN_POINT('',(-2.01045490370787,1.48917326569229,-1.37935380750769));
#2709=CARTESIAN_POINT('',(-2.01056591086561,1.48901094830191,-1.3790745970476));
#2710=CARTESIAN_POINT('',(-2.01173271973708,1.48728175919426,-1.37609290382026));
#2711=CARTESIAN_POINT('',(-2.0126519268179,1.48571565719958,-1.37332927987925));
#2712=CARTESIAN_POINT('',(-2.01339950097851,1.48416153423902,-1.37051444013772));
#2713=CARTESIAN_POINT('',(-1.98479576019917,1.51192719290779,-1.41278721585158));
#2714=CARTESIAN_POINT('',(-1.98710236634847,1.510565877829,-1.41102612767726));
#2715=CARTESIAN_POINT('',(-1.98930601199459,1.5091704964579,-1.40915250291939));
#2716=CARTESIAN_POINT('',(-1.99163092196266,1.50758869055335,-1.40695360794133));
#2717=CARTESIAN_POINT('',(-1.99186264222996,1.50742974248789,-1.40673182954743));
#2718=CARTESIAN_POINT('',(-1.99397318668837,1.505970108779,-1.40468769669864));
#2719=CARTESIAN_POINT('',(-1.99576019411882,1.5046471560156,-1.40278042605054));
#2720=CARTESIAN_POINT('',(-1.99829874723128,1.50262885215038,-1.39978883247983));
#2721=CARTESIAN_POINT('',(-1.99912401096057,1.50194787593033,-1.39876584549484));
#2722=CARTESIAN_POINT('',(-2.00093043233339,1.50039935179696,-1.39640879546382));
#2723=CARTESIAN_POINT('',(-2.00189651647989,1.49952922110751,-1.39506286637603));
#2724=CARTESIAN_POINT('',(-2.00408599630423,1.49745273719719,-1.39179965309088));
#2725=CARTESIAN_POINT('',(-2.00527224819921,1.49624045446492,-1.38985554773315));
#2726=CARTESIAN_POINT('',(-2.00665275805197,1.49470914894877,-1.38734950244134));
#2727=CARTESIAN_POINT('',(-2.00692822331995,1.49439682558885,-1.38683576769508));
#2728=CARTESIAN_POINT('',(-2.00787166303969,1.49330279087842,-1.3850270245266));
#2729=CARTESIAN_POINT('',(-2.00850912494006,1.49251905254423,-1.38371488550243));
#2730=CARTESIAN_POINT('',(-2.00959450993245,1.49110308967446,-1.38131521725926));
#2731=CARTESIAN_POINT('',(-2.01005510187106,1.49047127020335,-1.38023406171875));
#2732=CARTESIAN_POINT('',(-2.01060528842351,1.48967708895469,-1.37886219034937));
#2733=CARTESIAN_POINT('',(-2.01071621139488,1.48951479569266,-1.37858116832664));
#2734=CARTESIAN_POINT('',(-2.01188196979571,1.48778584279626,-1.37558018740022));
#2735=CARTESIAN_POINT('',(-2.0127988822376,1.48621977250925,-1.37279919244893));
#2736=CARTESIAN_POINT('',(-2.01354275215466,1.48466527675975,-1.36996759210248));
#2737=CARTESIAN_POINT('',(-1.98493469843585,1.51293805816204,-1.41224323013175));
#2738=CARTESIAN_POINT('',(-1.98726327276459,1.5115798464233,-1.41045883324512));
#2739=CARTESIAN_POINT('',(-1.98948712046995,1.5101877520257,-1.40855981331928));
#2740=CARTESIAN_POINT('',(-1.99183219917199,1.50860928086657,-1.4063308817157));
#2741=CARTESIAN_POINT('',(-1.99206591616385,1.5084506636059,-1.40610607140769));
#2742=CARTESIAN_POINT('',(-1.99419452006126,1.50699402265736,-1.40403397585357));
#2743=CARTESIAN_POINT('',(-1.99599588815828,1.5056734554942,-1.40210048726789));
#2744=CARTESIAN_POINT('',(-1.99855310941275,1.50365778459293,-1.39906802166349));
#2745=CARTESIAN_POINT('',(-1.99938413281816,1.50297752933906,-1.39803109917915));
#2746=CARTESIAN_POINT('',(-2.00120238894139,1.50143016810152,-1.39564211115578));
#2747=CARTESIAN_POINT('',(-2.00217424252705,1.50056035847385,-1.39427806216386));
#2748=CARTESIAN_POINT('',(-2.00437530379626,1.4984836459814,-1.39097135879615));
#2749=CARTESIAN_POINT('',(-2.00556671804557,1.49727166714257,-1.38900077344607));
#2750=CARTESIAN_POINT('',(-2.00695166639437,1.49574094006001,-1.3864605734801));
#2751=CARTESIAN_POINT('',(-2.00722792912028,1.49542874475084,-1.38593983599998));
#2752=CARTESIAN_POINT('',(-2.00817378077572,1.49433517755481,-1.38410646515973));
#2753=CARTESIAN_POINT('',(-2.00881229066766,1.4935518079376,-1.3827765091175));
#2754=CARTESIAN_POINT('',(-2.00989830454816,1.49213644164615,-1.38034457777629));
#2755=CARTESIAN_POINT('',(-2.01035872462824,1.49150486347964,-1.37924899975296));
#2756=CARTESIAN_POINT('',(-2.01090811067324,1.49071090701144,-1.37785905336499));
#2757=CARTESIAN_POINT('',(-2.01101883938701,1.49054865556283,-1.37757434047579));
#2758=CARTESIAN_POINT('',(-2.01218219907843,1.48882009740773,-1.3745340822318));
#2759=CARTESIAN_POINT('',(-2.01309405871553,1.48725394108133,-1.37171788187934));
#2760=CARTESIAN_POINT('',(-2.01382979966206,1.4856983383409,-1.36885274446419));
#2761=CARTESIAN_POINT('',(-1.9850044422901,1.51345662780618,-1.4119656986141));
#2762=CARTESIAN_POINT('',(-1.98734420565185,1.51209995464197,-1.41016946033194));
#2763=CARTESIAN_POINT('',(-1.98957831678206,1.51070957218374,-1.40825750028458));
#2764=CARTESIAN_POINT('',(-1.99193361744804,1.5091328642506,-1.40601325213275));
#2765=CARTESIAN_POINT('',(-1.99216834612566,1.50897442222578,-1.4057868956491));
#2766=CARTESIAN_POINT('',(-1.99430609756584,1.50751936902343,-1.40370053935661));
#2767=CARTESIAN_POINT('',(-1.99611471967017,1.50620008528571,-1.4017536750772));
#2768=CARTESIAN_POINT('',(-1.99868135303285,1.50418580797636,-1.39870037484065));
#2769=CARTESIAN_POINT('',(-1.99951527644432,1.50350592931161,-1.39765635214749));
#2770=CARTESIAN_POINT('',(-2.00133948312567,1.50195915124732,-1.39525110728929));
#2771=CARTESIAN_POINT('',(-2.0023142325278,1.50108947803088,-1.39387784405999));
#2772=CARTESIAN_POINT('',(-2.00452110376405,1.49901250074248,-1.39054904544462));
#2773=CARTESIAN_POINT('',(-2.00571507131279,1.49780062849206,-1.38856501371369));
#2774=CARTESIAN_POINT('',(-2.00710217324268,1.49627014437298,-1.38600745630811));
#2775=CARTESIAN_POINT('',(-2.00737881956819,1.49595800431984,-1.38548315955768));
#2776=CARTESIAN_POINT('',(-2.00832581641598,1.49486464381991,-1.38363727673647));
#2777=CARTESIAN_POINT('',(-2.00896479559886,1.49408144256378,-1.38229827080639));
#2778=CARTESIAN_POINT('',(-2.01005100539566,1.49266633763836,-1.37984994970827));
#2779=CARTESIAN_POINT('',(-2.01051127859641,1.49203486249498,-1.37874704851509));
#2780=CARTESIAN_POINT('',(-2.01106017797678,1.49124099014422,-1.37734792778171));
#2781=CARTESIAN_POINT('',(-2.01117079141516,1.49107875343787,-1.37706134153384));
#2782=CARTESIAN_POINT('',(-2.01233275318873,1.48935032211156,-1.37400114729781));
#2783=CARTESIAN_POINT('',(-2.01324185612907,1.48778402564525,-1.37116709969184));
#2784=CARTESIAN_POINT('',(-2.01397329361794,1.48622769335082,-1.36828500863918));
#2785=CARTESIAN_POINT('',(-1.98568498560395,1.51863062100893,-1.40921196808188));
#2786=CARTESIAN_POINT('',(-1.98813558612792,1.51728883446229,-1.40729869666259));
#2787=CARTESIAN_POINT('',(-1.99047115309239,1.51591570326005,-1.40525848705974));
#2788=CARTESIAN_POINT('',(-1.99292728187189,1.51435696019449,-1.40286233162089));
#2789=CARTESIAN_POINT('',(-1.99317198702893,1.51420030597172,-1.40262063933736));
#2790=CARTESIAN_POINT('',(-1.99539992051586,1.51276146856987,-1.40039283105237));
#2791=CARTESIAN_POINT('',(-1.9972798769771,1.51145541988136,-1.39831324948271));
#2792=CARTESIAN_POINT('',(-1.99993888772255,1.50945529777754,-1.39505337854789));
#2793=CARTESIAN_POINT('',(-2.00080123464309,1.50877919617267,-1.39393899043963));
#2794=CARTESIAN_POINT('',(-2.00268367488411,1.50723804439878,-1.39137277969092));
#2795=CARTESIAN_POINT('',(-2.0036867069351,1.50636945190582,-1.38990836502671));
#2796=CARTESIAN_POINT('',(-2.00595026037265,1.50428849852949,-1.386361172023));
#2797=CARTESIAN_POINT('',(-2.00716881093542,1.50307726757004,-1.38424426808593));
#2798=CARTESIAN_POINT('',(-2.00857625897951,1.50154876134342,-1.38151504395087));
#2799=CARTESIAN_POINT('',(-2.00885649770442,1.5012370869542,-1.38095554040664));
#2800=CARTESIAN_POINT('',(-2.00981407372687,1.5001455214436,-1.37898594399493));
#2801=CARTESIAN_POINT('',(-2.01045711096916,1.49936383768359,-1.37755747130394));
#2802=CARTESIAN_POINT('',(-2.01154411780425,1.49795098058807,-1.37494710181278));
#2803=CARTESIAN_POINT('',(-2.01200238881451,1.49732036486198,-1.37377182825371));
#2804=CARTESIAN_POINT('',(-2.01254573509238,1.49652707111815,-1.37228207573529));
#2805=CARTESIAN_POINT('',(-2.01265505489895,1.49636492505342,-1.37197698319641));
#2806=CARTESIAN_POINT('',(-2.01380152989055,1.49463711758507,-1.36871984832358));
#2807=CARTESIAN_POINT('',(-2.01468159838652,1.49306857731769,-1.3657097173497));
#2808=CARTESIAN_POINT('',(-2.01536881483621,1.49150348430337,-1.36266085850057));
#2809=CARTESIAN_POINT('',(-1.9861876979505,1.52341166740352,-1.40679351988349));
#2810=CARTESIAN_POINT('',(-1.9887341857376,1.52207989564366,-1.40478115303319));
#2811=CARTESIAN_POINT('',(-1.99115607456311,1.52072352672397,-1.40262940120704));
#2812=CARTESIAN_POINT('',(-1.99369636042033,1.51918356206614,-1.40010026263815));
#2813=CARTESIAN_POINT('',(-1.99394937264504,1.51902879249866,-1.39984513633922));
#2814=CARTESIAN_POINT('',(-1.99625221533002,1.51760716026023,-1.39749336510885));
#2815=CARTESIAN_POINT('',(-1.99819006166207,1.51631597521902,-1.39529711118837));
#2816=CARTESIAN_POINT('',(-2.00092255667624,1.51432993825539,-1.3918569301662));
#2817=CARTESIAN_POINT('',(-2.00180718890986,1.51365718415195,-1.39068138114097));
#2818=CARTESIAN_POINT('',(-2.00373451251118,1.51211916870903,-1.38797644676242));
#2819=CARTESIAN_POINT('',(-2.00475884433056,1.51124914765812,-1.38643415644816));
#2820=CARTESIAN_POINT('',(-2.00706439743443,1.50915381771088,-1.38270189315948));
#2821=CARTESIAN_POINT('',(-2.00829871281223,1.50794009174097,-1.38047229604235));
#2822=CARTESIAN_POINT('',(-2.00971621788447,1.50641038797972,-1.37759607380247));
#2823=CARTESIAN_POINT('',(-2.00999798278475,1.50609857909454,-1.37700636927831));
#2824=CARTESIAN_POINT('',(-2.01095888015982,1.50500697920274,-1.37493102380447));
#2825=CARTESIAN_POINT('',(-2.01160093782311,1.50422575974387,-1.37342614981963));
#2826=CARTESIAN_POINT('',(-2.01267990356275,1.50281275103203,-1.37067723624759));
#2827=CARTESIAN_POINT('',(-2.01313224862623,1.50218187201374,-1.36944035570609));
#2828=CARTESIAN_POINT('',(-2.01366513983242,1.50138736565161,-1.3678737686124));
#2829=CARTESIAN_POINT('',(-2.01377216775103,1.50122491941122,-1.36755299113985));
#2830=CARTESIAN_POINT('',(-2.0148925527805,1.49949325740307,-1.36412896581063));
#2831=CARTESIAN_POINT('',(-2.0157339232715,1.49791634874538,-1.36097162221639));
#2832=CARTESIAN_POINT('',(-2.01637001891501,1.49633127849794,-1.35778796942095));
#2833=CARTESIAN_POINT('',(-1.9870847057725,1.53422511508516,-1.4015636301574));
#2834=CARTESIAN_POINT('',(-1.98983553356171,1.53291859613748,-1.39933903739837));
#2835=CARTESIAN_POINT('',(-1.99244115331557,1.53159798099228,-1.39694746015013));
#2836=CARTESIAN_POINT('',(-1.99515897570214,1.53009572215273,-1.39413206012137));
#2837=CARTESIAN_POINT('',(-1.99542949268346,1.52994471096091,-1.39384801242096));
#2838=CARTESIAN_POINT('',(-1.99788998758338,1.52855716545069,-1.3912293486014));
#2839=CARTESIAN_POINT('',(-1.99994818833066,1.52729380262953,-1.38878177440151));
#2840=CARTESIAN_POINT('',(-2.00283030299454,1.52533158192083,-1.38495327780738));
#2841=CARTESIAN_POINT('',(-2.00375964086976,1.52466383597756,-1.38364607524675));
#2842=CARTESIAN_POINT('',(-2.00577507202907,1.52312806513343,-1.38064297250835));
#2843=CARTESIAN_POINT('',(-2.00683981455229,1.52225272309214,-1.37893346951294));
#2844=CARTESIAN_POINT('',(-2.0092213562951,1.52012226119164,-1.37480352872059));
#2845=CARTESIAN_POINT('',(-2.01048022469544,1.51890039924039,-1.37233371851613));
#2846=CARTESIAN_POINT('',(-2.01190690879476,1.51736333788855,-1.36914397929132));
#2847=CARTESIAN_POINT('',(-2.01218937172267,1.5170502048995,-1.36848987082678));
#2848=CARTESIAN_POINT('',(-2.01314803881396,1.51595490157141,-1.36618955357648));
#2849=CARTESIAN_POINT('',(-2.01378090443389,1.51517183853752,-1.3645225055832));
#2850=CARTESIAN_POINT('',(-2.01482885188585,1.5137527078227,-1.36147942934186));
#2851=CARTESIAN_POINT('',(-2.0152619217432,1.5131185681297,-1.36011204459406));
#2852=CARTESIAN_POINT('',(-2.01576352958202,1.51231788270478,-1.35838290066889));
#2853=CARTESIAN_POINT('',(-2.01586380152759,1.51215404650797,-1.35802893696168));
#2854=CARTESIAN_POINT('',(-2.01690828672766,1.51040599613736,-1.35425174191929));
#2855=CARTESIAN_POINT('',(-2.01764530588309,1.50880298198827,-1.35078414384796));
#2856=CARTESIAN_POINT('',(-2.0181490367228,1.50716631451584,-1.34731847461807));
#2857=CARTESIAN_POINT('',(-1.98743558289771,1.54030099896343,-1.39877818377338));
#2858=CARTESIAN_POINT('',(-1.99029316876172,1.53901037692681,-1.39644198765981));
#2859=CARTESIAN_POINT('',(-1.99299434012365,1.53770904865644,-1.3939236952548));
#2860=CARTESIAN_POINT('',(-1.99580324415539,1.53622576567226,-1.39095682986011));
#2861=CARTESIAN_POINT('',(-1.99608272591894,1.5360766299552,-1.39065747740922));
#2862=CARTESIAN_POINT('',(-1.99862380620578,1.53470595545191,-1.38789756620645));
#2863=CARTESIAN_POINT('',(-2.00074237543164,1.53345534940729,-1.38531690857523));
#2864=CARTESIAN_POINT('',(-2.00369730357764,1.53150238094161,-1.3812828189134));
#2865=CARTESIAN_POINT('',(-2.00464791374203,1.5308361094586,-1.37990595155616));
#2866=CARTESIAN_POINT('',(-2.00670388900333,1.52929900942523,-1.37674536159386));
#2867=CARTESIAN_POINT('',(-2.00778620709796,1.52841950831416,-1.37494764628156));
#2868=CARTESIAN_POINT('',(-2.01019810702657,1.52626758441624,-1.37060766709584));
#2869=CARTESIAN_POINT('',(-2.01146348169651,1.52503923423068,-1.36801260757944));
#2870=CARTESIAN_POINT('',(-2.01288636030172,1.52349447164006,-1.3646594325745));
#2871=CARTESIAN_POINT('',(-2.01316739331293,1.52317981168759,-1.36397176451002));
#2872=CARTESIAN_POINT('',(-2.01411835412486,1.52207962866683,-1.36155461498107));
#2873=CARTESIAN_POINT('',(-2.01474142023851,1.52129329284322,-1.35980363589027));
#2874=CARTESIAN_POINT('',(-2.01576341021609,1.51986632004562,-1.35660826145708));
#2875=CARTESIAN_POINT('',(-2.0161817455887,1.51922832714225,-1.35517352175381));
#2876=CARTESIAN_POINT('',(-2.01666070466669,1.51842159724262,-1.3533606000992));
#2877=CARTESIAN_POINT('',(-2.01675613673158,1.51825644987408,-1.35298953034286));
#2878=CARTESIAN_POINT('',(-2.01774676569084,1.51649349775155,-1.34903023122008));
#2879=CARTESIAN_POINT('',(-2.01841402345694,1.51487065772091,-1.34540340600977));
#2880=CARTESIAN_POINT('',(-2.01883240726373,1.51320079440868,-1.34179401556137));
#2881=CARTESIAN_POINT('',(-1.98791827952313,1.5531424842715,-1.39314998305424));
#2882=CARTESIAN_POINT('',(-1.9909880032591,1.55190698238115,-1.39058035212103));
#2883=CARTESIAN_POINT('',(-1.99387941541235,1.55064669751374,-1.38780585767003));
#2884=CARTESIAN_POINT('',(-1.99686868104359,1.54919578645261,-1.38453504218863));
#2885=CARTESIAN_POINT('',(-1.9971659019668,1.54904974911507,-1.38420500080807));
#2886=CARTESIAN_POINT('',(-1.99986630182665,1.54770615178952,-1.38116200272622));
#2887=CARTESIAN_POINT('',(-2.00210319845675,1.54647013541457,-1.3783156282018));
#2888=CARTESIAN_POINT('',(-2.00519703058947,1.54452692561442,-1.37386638422082));
#2889=CARTESIAN_POINT('',(-2.00618743363214,1.54386195582424,-1.37234804022063));
#2890=CARTESIAN_POINT('',(-2.00831686091711,1.54232421826356,-1.36886442536303));
#2891=CARTESIAN_POINT('',(-2.00942901004609,1.54144159556029,-1.36688364993623));
#2892=CARTESIAN_POINT('',(-2.01188546252853,1.5392750523015,-1.3621008858264));
#2893=CARTESIAN_POINT('',(-2.01315307705162,1.53803491048888,-1.35925145492353));
#2894=CARTESIAN_POINT('',(-2.01455265606987,1.53646759967279,-1.35557320190529));
#2895=CARTESIAN_POINT('',(-2.01482752998486,1.53614797604538,-1.35481911453225));
#2896=CARTESIAN_POINT('',(-2.01575128722936,1.5350300765676,-1.3521712609732));
#2897=CARTESIAN_POINT('',(-2.01634574960369,1.53422939953908,-1.35025585382297));
#2898=CARTESIAN_POINT('',(-2.01729871863897,1.53277269491223,-1.34676246296972));
#2899=CARTESIAN_POINT('',(-2.0176797054909,1.53212065076998,-1.34519586015697));
#2900=CARTESIAN_POINT('',(-2.0181032016094,1.53129511462605,-1.34321807249406));
#2901=CARTESIAN_POINT('',(-2.0181868615245,1.53112604167714,-1.34281330220014));
#2902=CARTESIAN_POINT('',(-2.01904733827259,1.52932034109752,-1.33849473804929));
#2903=CARTESIAN_POINT('',(-2.01955368351338,1.52765384637418,-1.33454828507194));
#2904=CARTESIAN_POINT('',(-2.019777720889,1.52593728716462,-1.33063327601075));
#2905=CARTESIAN_POINT('',(-1.98803263321869,1.55992117063759,-1.39031945147038));
#2906=CARTESIAN_POINT('',(-1.99120690427228,1.55872669962583,-1.38762790148082));
#2907=CARTESIAN_POINT('',(-1.99419198756252,1.55748851620568,-1.38472474134316));
#2908=CARTESIAN_POINT('',(-1.99726931773749,1.55605082236836,-1.38130266955814));
#2909=CARTESIAN_POINT('',(-1.99757519019943,1.55590598371243,-1.38095737066809));
#2910=CARTESIAN_POINT('',(-2.00035319099202,1.55457232492955,-1.37777371777392));
#2911=CARTESIAN_POINT('',(-2.00264698302392,1.55333757046617,-1.37479593827372));
#2912=CARTESIAN_POINT('',(-2.00580529482152,1.55139459662555,-1.37013855770323));
#2913=CARTESIAN_POINT('',(-2.00681367940788,1.55072946125296,-1.3685488041175));
#2914=CARTESIAN_POINT('',(-2.00897482047951,1.54919285400766,-1.36490024085688));
#2915=CARTESIAN_POINT('',(-2.01009856888982,1.54831181400601,-1.3628247322466));
#2916=CARTESIAN_POINT('',(-2.01256768436657,1.5461545814019,-1.35780877284448));
#2917=CARTESIAN_POINT('',(-2.01383006919325,1.54490933092715,-1.35483073999698));
#2918=CARTESIAN_POINT('',(-2.01520882680454,1.54332673805895,-1.35099208226049));
#2919=CARTESIAN_POINT('',(-2.01547869599172,1.54300355320319,-1.35020541634272));
#2920=CARTESIAN_POINT('',(-2.01638198701054,1.54187227769902,-1.34744471236551));
#2921=CARTESIAN_POINT('',(-2.01695692927611,1.54105997975598,-1.3454496484948));
#2922=CARTESIAN_POINT('',(-2.01786552830491,1.53958040327639,-1.34181209273861));
#2923=CARTESIAN_POINT('',(-2.01822331909923,1.53891771900739,-1.34018166349561));
#2924=CARTESIAN_POINT('',(-2.01861327888986,1.53807897204713,-1.33812356604485));
#2925=CARTESIAN_POINT('',(-2.01868985931767,1.53790719889288,-1.33770235715872));
#2926=CARTESIAN_POINT('',(-2.01947247714403,1.53607281763704,-1.33320825075419));
#2927=CARTESIAN_POINT('',(-2.01988632847004,1.53438238632474,-1.32910236411639));
#2928=CARTESIAN_POINT('',(-2.02,1.53265416747551,-1.32502493405931));
#2929=CARTESIAN_POINT('',(-1.98803263325384,1.56674111499932,-1.38758674172211));
#2930=CARTESIAN_POINT('',(-1.99130626198383,1.56561086072668,-1.38476599891983));
#2931=CARTESIAN_POINT('',(-1.99438012472108,1.56439742685561,-1.38173766720658));
#2932=CARTESIAN_POINT('',(-1.99754069087096,1.56296855275228,-1.37817166755506));
#2933=CARTESIAN_POINT('',(-1.99785473664029,1.5628243896076,-1.37781188377671));
#2934=CARTESIAN_POINT('',(-2.00070601113724,1.56149529470102,-1.37449490017219));
#2935=CARTESIAN_POINT('',(-2.00305327993364,1.56025277935605,-1.37139399066812));
#2936=CARTESIAN_POINT('',(-2.00627051154306,1.55830599944636,-1.36653546851887));
#2937=CARTESIAN_POINT('',(-2.00729500628826,1.55764091602801,-1.36487563912415));
#2938=CARTESIAN_POINT('',(-2.00948363229495,1.55611234914096,-1.36106083908417));
#2939=CARTESIAN_POINT('',(-2.0106164436347,1.55524135243767,-1.35888711787727));
#2940=CARTESIAN_POINT('',(-2.01309070087157,1.55313142298039,-1.35362142813465));
#2941=CARTESIAN_POINT('',(-2.01434214944647,1.55188645409055,-1.35051439538983));
#2942=CARTESIAN_POINT('',(-2.01569090739456,1.55028710057476,-1.34652293521383));
#2943=CARTESIAN_POINT('',(-2.01595381986474,1.54995961102714,-1.34570562904952));
#2944=CARTESIAN_POINT('',(-2.0168298643101,1.54881094298885,-1.34283893154645));
#2945=CARTESIAN_POINT('',(-2.01738015879614,1.5479820621014,-1.34077031755944));
#2946=CARTESIAN_POINT('',(-2.0182353800112,1.54647138377969,-1.33700016149308));
#2947=CARTESIAN_POINT('',(-2.01856618716303,1.5457944129168,-1.33531066494785));
#2948=CARTESIAN_POINT('',(-2.01891838189354,1.54493946580017,-1.33317699822881));
#2949=CARTESIAN_POINT('',(-2.01898704302847,1.54476447433518,-1.33274027710573));
#2950=CARTESIAN_POINT('',(-2.01968316118277,1.54289711661242,-1.32807996660455));
#2951=CARTESIAN_POINT('',(-2.02,1.54118826712227,-1.32381524050157));
#2952=CARTESIAN_POINT('',(-2.02,1.53948085775372,-1.31955410846827));
#2953=EDGE_LOOP('',(#6238,#6239,#6240));
#2954=AXIS2_PLACEMENT_3D('',#6241,#6242,#6243);
#2955=EDGE_LOOP('',(#6244,#6245,#6246,#6247));
#2956=AXIS2_PLACEMENT_3D('',#6248,#6249,#6250);
#2957=EDGE_LOOP('',(#6251,#6252,#6253));
#2958=AXIS2_PLACEMENT_3D('',#6254,#6255,#6256);
#2959=EDGE_LOOP('',(#6257,#6258,#6259,#6260,#6261,#6262,#6263));
#2960=AXIS2_PLACEMENT_3D('',#6264,#6265,#6266);
#2961=EDGE_LOOP('',(#6267,#6268,#6269));
#2962=AXIS2_PLACEMENT_3D('',#6270,#6271,#6272);
#2963=EDGE_LOOP('',(#6273,#6274,#6275,#6276,#6277,#6278,#6279));
#2964=AXIS2_PLACEMENT_3D('',#6280,#6281,#6282);
#2965=EDGE_LOOP('',(#6283,#6284,#6285,#6286));
#2966=AXIS2_PLACEMENT_3D('',#6287,#6288,#6289);
#2967=EDGE_LOOP('',(#6290,#6291,#6292,#6293));
#2968=AXIS2_PLACEMENT_3D('',#6294,#6295,#6296);
#2969=EDGE_LOOP('',(#6297,#6298,#6299,#6300));
#2970=AXIS2_PLACEMENT_3D('',#6301,#6302,#6303);
#2971=EDGE_LOOP('',(#6304,#6305,#6306,#6307,#6308,#6309,#6310));
#2972=AXIS2_PLACEMENT_3D('',#6311,#6312,#6313);
#2973=EDGE_LOOP('',(#6314,#6315,#6316,#6317,#6318));
#2974=AXIS2_PLACEMENT_3D('',#6319,#6320,#6321);
#2975=EDGE_LOOP('',(#6322,#6323,#6324,#6325));
#2976=AXIS2_PLACEMENT_3D('',#6326,#6327,#6328);
#2977=EDGE_LOOP('',(#6329,#6330,#6331,#6332));
#2978=AXIS2_PLACEMENT_3D('',#6333,#6334,#6335);
#2979=EDGE_LOOP('',(#6336,#6337,#6338,#6339));
#2980=AXIS2_PLACEMENT_3D('',#6340,#6341,#6342);
#2981=EDGE_LOOP('',(#6343,#6344,#6345,#6346));
#2982=AXIS2_PLACEMENT_3D('',#6347,#6348,#6349);
#2983=EDGE_LOOP('',(#6350,#6351,#6352,#6353));
#2984=AXIS2_PLACEMENT_3D('',#6354,#6355,#6356);
#2985=EDGE_LOOP('',(#6357,#6358,#6359,#6360));
#2986=AXIS2_PLACEMENT_3D('',#6361,#6362,#6363);
#2987=EDGE_LOOP('',(#6364,#6365,#6366,#6367));
#2988=AXIS2_PLACEMENT_3D('',#6368,#6369,#6370);
#2989=EDGE_LOOP('',(#6371,#6372,#6373,#6374,#6375,#6376));
#2990=AXIS2_PLACEMENT_3D('',#6377,#6378,#6379);
#2991=EDGE_LOOP('',(#6380,#6381,#6382,#6383));
#2992=AXIS2_PLACEMENT_3D('',#6384,#6385,#6386);
#2993=EDGE_LOOP('',(#6387,#6388,#6389,#6390));
#2994=AXIS2_PLACEMENT_3D('',#6391,#6392,#6393);
#2995=EDGE_LOOP('',(#6394,#6395,#6396,#6397));
#2996=AXIS2_PLACEMENT_3D('',#6398,#6399,#6400);
#2997=EDGE_LOOP('',(#6401,#6402,#6403,#6404));
#2998=AXIS2_PLACEMENT_3D('',#6405,#6406,#6407);
#2999=EDGE_LOOP('',(#6408,#6409,#6410,#6411,#6412,#6413));
#3000=AXIS2_PLACEMENT_3D('',#6414,#6415,#6416);
#3001=EDGE_LOOP('',(#6417,#6418,#6419,#6420,#6421));
#3002=AXIS2_PLACEMENT_3D('',#6422,#6423,#6424);
#3003=EDGE_LOOP('',(#6425,#6426,#6427));
#3004=AXIS2_PLACEMENT_3D('',#6428,#6429,#6430);
#3005=EDGE_LOOP('',(#6431,#6432,#6433,#6434));
#3006=AXIS2_PLACEMENT_3D('',#6435,#6436,#6437);
#3007=EDGE_LOOP('',(#6438,#6439,#6440,#6441));
#3008=AXIS2_PLACEMENT_3D('',#6442,#6443,#6444);
#3009=EDGE_LOOP('',(#6445,#6446,#6447,#6448));
#3010=AXIS2_PLACEMENT_3D('',#6449,#6450,#6451);
#3011=EDGE_LOOP('',(#6452,#6453,#6454));
#3012=AXIS2_PLACEMENT_3D('',#6455,#6456,#6457);
#3013=EDGE_LOOP('',(#6458,#6459,#6460,#6461));
#3014=AXIS2_PLACEMENT_3D('',#6462,#6463,#6464);
#3015=EDGE_LOOP('',(#6465,#6466,#6467));
#3016=AXIS2_PLACEMENT_3D('',#6468,#6469,#6470);
#3017=EDGE_LOOP('',(#6471,#6472,#6473,#6474,#6475));
#3018=AXIS2_PLACEMENT_3D('',#6476,#6477,#6478);
#3019=EDGE_LOOP('',(#6479,#6480,#6481,#6482));
#3020=AXIS2_PLACEMENT_3D('',#6483,#6484,#6485);
#3021=EDGE_LOOP('',(#6486,#6487,#6488));
#3022=AXIS2_PLACEMENT_3D('',#6489,#6490,#6491);
#3023=EDGE_LOOP('',(#6492,#6493,#6494,#6495));
#3024=AXIS2_PLACEMENT_3D('',#6496,#6497,#6498);
#3025=EDGE_LOOP('',(#6499,#6500,#6501));
#3026=AXIS2_PLACEMENT_3D('',#6502,#6503,#6504);
#3027=EDGE_LOOP('',(#6505,#6506,#6507,#6508));
#3028=AXIS2_PLACEMENT_3D('',#6509,#6510,#6511);
#3029=EDGE_LOOP('',(#6512,#6513,#6514,#6515));
#3030=AXIS2_PLACEMENT_3D('',#6516,#6517,#6518);
#3031=EDGE_LOOP('',(#6519,#6520,#6521,#6522));
#3032=AXIS2_PLACEMENT_3D('',#6523,#6524,#6525);
#3033=EDGE_LOOP('',(#6526,#6527,#6528));
#3034=AXIS2_PLACEMENT_3D('',#6529,#6530,#6531);
#3035=EDGE_LOOP('',(#6532,#6533,#6534,#6535));
#3036=AXIS2_PLACEMENT_3D('',#6536,#6537,#6538);
#3037=EDGE_LOOP('',(#6539,#6540,#6541,#6542));
#3038=AXIS2_PLACEMENT_3D('',#6543,#6544,#6545);
#3039=EDGE_LOOP('',(#6546,#6547,#6548,#6549));
#3040=AXIS2_PLACEMENT_3D('',#6550,#6551,#6552);
#3041=EDGE_LOOP('',(#6553,#6554,#6555));
#3043=CARTESIAN_POINT('',(1.91656608196776,1.45,1.49469688397841));
#3044=CARTESIAN_POINT('',(1.92873021028931,1.46416666666667,1.48799011454905));
#3045=CARTESIAN_POINT('',(1.93631567423772,1.47726025724562,1.47515812947719));
#3046=CARTESIAN_POINT('',(1.93312863934765,1.45,1.48556501274431));
#3047=CARTESIAN_POINT('',(1.93971476453189,1.45934599235977,1.47893717481878));
#3048=CARTESIAN_POINT('',(1.94458727143982,1.46799864435081,1.47059760353525));
#3049=CARTESIAN_POINT('',(1.94843550328,1.44999987706027,1.47396136692408));
#3050=CARTESIAN_POINT('',(1.95068181503179,1.45442768805879,1.4699410464012));
#3051=CARTESIAN_POINT('',(1.95292636516577,1.45884341201742,1.46592695503353));
#3052=CARTESIAN_POINT('',(1.96142135623731,1.45,1.46097546470558));
#3053=CARTESIAN_POINT('',(1.96142135623731,1.45,1.46097546470558));
#3054=CARTESIAN_POINT('',(1.96142135623731,1.45,1.46097546470558));
#3061=EDGE_LOOP('',(#6556,#6557,#6558,#6559));
#3062=CARTESIAN_POINT('',(1.91656608591437,1.45000000919265,1.49469688180242));
#3063=CARTESIAN_POINT('',(1.91789876623132,1.45155208405772,1.4939621000431));
#3064=CARTESIAN_POINT('',(1.91920142922065,1.45310912453806,1.49316279062101));
#3065=CARTESIAN_POINT('',(1.92174545552266,1.45623301673828,1.49143306712102));
#3066=CARTESIAN_POINT('',(1.92298618518992,1.4577998235585,1.49050159496874));
#3067=CARTESIAN_POINT('',(1.92535635931238,1.46088096533578,1.48854336966214));
#3068=CARTESIAN_POINT('',(1.92648767438289,1.46239567410732,1.48751925011987));
#3069=CARTESIAN_POINT('',(1.92770961426015,1.46408231149455,1.4863103545772));
#3070=CARTESIAN_POINT('',(1.92784403854439,1.46426857924513,1.48617589787446));
#3071=CARTESIAN_POINT('',(1.92897606671873,1.46584332986214,1.4850311427267));
#3072=CARTESIAN_POINT('',(1.92993598535988,1.46721924880394,1.48397800839554));
#3073=CARTESIAN_POINT('',(1.93186746100039,1.47007473798237,1.48168235845763));
#3074=CARTESIAN_POINT('',(1.93283090877368,1.47155122256363,1.48043140126903));
#3075=CARTESIAN_POINT('',(1.93465010798161,1.47444578465415,1.47785276723296));
#3076=CARTESIAN_POINT('',(1.93550698441106,1.4758643434864,1.47652615335207));
#3077=CARTESIAN_POINT('',(1.93631567423772,1.47726025724562,1.47515812947719));
#3078=CARTESIAN_POINT('',(1.91159186371147,1.45278474724809,1.49743945110778));
#3079=CARTESIAN_POINT('',(1.91304010334643,1.45436260489978,1.49669684097187));
#3080=CARTESIAN_POINT('',(1.91448622731445,1.45592744366179,1.49586196830384));
#3081=CARTESIAN_POINT('',(1.91733473206145,1.45905626300997,1.49403108200516));
#3082=CARTESIAN_POINT('',(1.91873661878552,1.46062010692442,1.49303375614809));
#3083=CARTESIAN_POINT('',(1.92140172162834,1.46371027852004,1.49094176613315));
#3084=CARTESIAN_POINT('',(1.92266734350788,1.4652366446017,1.48984981535467));
#3085=CARTESIAN_POINT('',(1.92400608477555,1.46695809153545,1.4885766627511));
#3086=CARTESIAN_POINT('',(1.92415364059185,1.46714799018451,1.48843489514025));
#3087=CARTESIAN_POINT('',(1.92539846570015,1.46875177989173,1.48722658082386));
#3088=CARTESIAN_POINT('',(1.92646867152499,1.47014214807781,1.48610637084775));
#3089=CARTESIAN_POINT('',(1.92863444552034,1.47302001096621,1.48365395066723));
#3090=CARTESIAN_POINT('',(1.92972218892816,1.4745036402889,1.48231172487602));
#3091=CARTESIAN_POINT('',(1.93176700065435,1.47742274718452,1.47954219891233));
#3092=CARTESIAN_POINT('',(1.93272544451939,1.47885858578199,1.47811607127958));
#3093=CARTESIAN_POINT('',(1.93361305938571,1.48028628653562,1.47664823302495));
#3094=CARTESIAN_POINT('',(1.90664212701125,1.45590717674273,1.49989156218119));
#3095=CARTESIAN_POINT('',(1.9082353089871,1.45749400960718,1.49913581868079));
#3096=CARTESIAN_POINT('',(1.90983472365274,1.4590637708095,1.49826904089482));
#3097=CARTESIAN_POINT('',(1.91299274088676,1.46220057908814,1.49635369641334));
#3098=CARTESIAN_POINT('',(1.91455085048932,1.46376747416836,1.49530359290118));
#3099=CARTESIAN_POINT('',(1.91750954540789,1.4668682506091,1.49309687435228));
#3100=CARTESIAN_POINT('',(1.91891289134643,1.46840206719095,1.49194324533824));
#3101=CARTESIAN_POINT('',(1.92038969234575,1.47013781054751,1.49060238347937));
#3102=CARTESIAN_POINT('',(1.9205525682466,1.47032925042768,1.49045295709395));
#3103=CARTESIAN_POINT('',(1.92192744540169,1.47194577853413,1.48917840742362));
#3104=CARTESIAN_POINT('',(1.92311479756448,1.47334535584262,1.4879905385278));
#3105=CARTESIAN_POINT('',(1.9255220723417,1.47624107130441,1.48538183828077));
#3106=CARTESIAN_POINT('',(1.92673375555788,1.4777332025307,1.48394959076744));
#3107=CARTESIAN_POINT('',(1.92900838856688,1.48067110610225,1.48099113589666));
#3108=CARTESIAN_POINT('',(1.93007290695348,1.4821172165173,1.47946621830578));
#3109=CARTESIAN_POINT('',(1.93105250002452,1.48355766586941,1.47789797083004));
#3110=CARTESIAN_POINT('',(1.89644754122689,1.46294069931943,1.5044590575445));
#3111=CARTESIAN_POINT('',(1.89837154622816,1.46452842854403,1.5036790332976));
#3112=CARTESIAN_POINT('',(1.90029773738659,1.466101801378,1.50276143124948));
#3113=CARTESIAN_POINT('',(1.90409992243328,1.46924855808517,1.50071200227491));
#3114=CARTESIAN_POINT('',(1.90597528200375,1.4708218156194,1.4995782178431));
#3115=CARTESIAN_POINT('',(1.90954020233262,1.47393557342911,1.49717373234762));
#3116=CARTESIAN_POINT('',(1.91123302713987,1.4754759993391,1.49590685914286));
#3117=CARTESIAN_POINT('',(1.9130206754612,1.47721816999126,1.49442664644922));
#3118=CARTESIAN_POINT('',(1.91321780806254,1.47741036786067,1.49426154347341));
#3119=CARTESIAN_POINT('',(1.91488164877389,1.47903367514595,1.49285206761659));
#3120=CARTESIAN_POINT('',(1.91631720638447,1.48044162191878,1.49153056695331));
#3121=CARTESIAN_POINT('',(1.91922655866316,1.48335603601815,1.48861485271835));
#3122=CARTESIAN_POINT('',(1.92069029778392,1.48485861607649,1.48700662374937));
#3123=CARTESIAN_POINT('',(1.92343913831139,1.48781397669983,1.48367311015462));
#3124=CARTESIAN_POINT('',(1.92472612127893,1.48926713120674,1.48194941267153));
#3125=CARTESIAN_POINT('',(1.92591148992694,1.49071020564889,1.48017300227851));
#3126=CARTESIAN_POINT('',(1.8912271569249,1.46688995185462,1.50651896226451));
#3127=CARTESIAN_POINT('',(1.89333961237479,1.46846791672554,1.50572809410488));
#3128=CARTESIAN_POINT('',(1.89543890586729,1.47004027453947,1.50479330418022));
#3129=CARTESIAN_POINT('',(1.89957289206019,1.47319083076008,1.50269888117453));
#3130=CARTESIAN_POINT('',(1.90160678919746,1.47476895452915,1.50153710044993));
#3131=CARTESIAN_POINT('',(1.90548109039823,1.47788666349321,1.49905417283818));
#3132=CARTESIAN_POINT('',(1.90732487017287,1.4794263016966,1.49773745200041));
#3133=CARTESIAN_POINT('',(1.90928735206116,1.48115838920713,1.49618582783119));
#3134=CARTESIAN_POINT('',(1.90950362578824,1.48134953375297,1.49601275635925));
#3135=CARTESIAN_POINT('',(1.91132793917449,1.48296439850355,1.49453519298084));
#3136=CARTESIAN_POINT('',(1.91289481427509,1.48436801780676,1.49314947561252));
#3137=CARTESIAN_POINT('',(1.91606436361249,1.48727496885252,1.49008759108881));
#3138=CARTESIAN_POINT('',(1.91765549081638,1.48877457745265,1.48839629655941));
#3139=CARTESIAN_POINT('',(1.92064801607102,1.49171986656889,1.48488129613099));
#3140=CARTESIAN_POINT('',(1.92205140689832,1.49316596759012,1.48305937058731));
#3141=CARTESIAN_POINT('',(1.92335181195052,1.49459665170065,1.48117540525212));
#3142=CARTESIAN_POINT('',(1.88110762225883,1.47510490497259,1.51006443612369));
#3143=CARTESIAN_POINT('',(1.88358270060278,1.47666464959298,1.5092734954789));
#3144=CARTESIAN_POINT('',(1.88601855924492,1.4782310350923,1.50832715612965));
#3145=CARTESIAN_POINT('',(1.89080141626475,1.48137704303174,1.50618581747239));
#3146=CARTESIAN_POINT('',(1.89314734473329,1.4829566574829,1.50498830036299));
#3147=CARTESIAN_POINT('',(1.89763145012366,1.48606800374585,1.50238551227896));
#3148=CARTESIAN_POINT('',(1.89977319686554,1.48759999765058,1.50098590573208));
#3149=CARTESIAN_POINT('',(1.90207917423831,1.48930952826089,1.49930727871211));
#3150=CARTESIAN_POINT('',(1.90233303134039,1.48949836861197,1.4991199784156));
#3151=CARTESIAN_POINT('',(1.90447224789805,1.49109518654792,1.49752036869074));
#3152=CARTESIAN_POINT('',(1.90629559454342,1.49249248617202,1.49601649609132));
#3153=CARTESIAN_POINT('',(1.90997223721634,1.49539080593364,1.49268113561132));
#3154=CARTESIAN_POINT('',(1.91181096258937,1.49688856629896,1.49083202782036));
#3155=CARTESIAN_POINT('',(1.91527780012452,1.49981629502458,1.48696982566531));
#3156=CARTESIAN_POINT('',(1.91690811355404,1.50124684233418,1.48495890590129));
#3157=CARTESIAN_POINT('',(1.91843425530746,1.50264521977908,1.48286795022382));
#3158=CARTESIAN_POINT('',(1.87624166350184,1.47932688476748,1.51154598981963));
#3159=CARTESIAN_POINT('',(1.87889108133938,1.48087815661335,1.51076551033213));
#3160=CARTESIAN_POINT('',(1.88148640835308,1.48244390297078,1.50982581490294));
#3161=CARTESIAN_POINT('',(1.886575515272,1.48559313831029,1.50768550486761));
#3162=CARTESIAN_POINT('',(1.88906808814223,1.48717665906514,1.50648219992788));
#3163=CARTESIAN_POINT('',(1.8938418736483,1.4902891356855,1.50384098767576));
#3164=CARTESIAN_POINT('',(1.89612667553288,1.49181850193273,1.50240940486024));
#3165=CARTESIAN_POINT('',(1.89860136750792,1.49351559545852,1.50067497265099));
#3166=CARTESIAN_POINT('',(1.89887367184863,1.49370308856348,1.50048142993812));
#3167=CARTESIAN_POINT('',(1.90116735462012,1.49528870512455,1.49882833650863));
#3168=CARTESIAN_POINT('',(1.90311584396377,1.49667746089511,1.49727307400653));
#3169=CARTESIAN_POINT('',(1.90703932641924,1.49955716697064,1.4938173111918));
#3170=CARTESIAN_POINT('',(1.90899821359522,1.50104479366441,1.49189796318959));
#3171=CARTESIAN_POINT('',(1.91269561856682,1.50394732513445,1.48787713214159));
#3172=CARTESIAN_POINT('',(1.9144364344846,1.50536286634049,1.48577804657859));
#3173=CARTESIAN_POINT('',(1.91607331518105,1.50674143886061,1.48358756058603));
#3174=CARTESIAN_POINT('',(1.87095995275306,1.48416190969939,1.51295370868113));
#3175=CARTESIAN_POINT('',(1.87377470929913,1.48571592208764,1.51220618900518));
#3176=CARTESIAN_POINT('',(1.87653830003547,1.48728196869631,1.51128701462668));
#3177=CARTESIAN_POINT('',(1.88196503114159,1.49042908553832,1.50916342988052));
#3178=CARTESIAN_POINT('',(1.88462695786706,1.49201016454057,1.50795610524591));
#3179=CARTESIAN_POINT('',(1.88972853569552,1.49511733725815,1.50528075733336));
#3180=CARTESIAN_POINT('',(1.89217193872023,1.49664385200755,1.50381965981588));
#3181=CARTESIAN_POINT('',(1.89481766145244,1.49833867602154,1.50203749576487));
#3182=CARTESIAN_POINT('',(1.89510879136076,1.49852580689904,1.50183852560336));
#3183=CARTESIAN_POINT('',(1.89756109313943,1.50010746805052,1.50013821942112));
#3184=CARTESIAN_POINT('',(1.89964463909162,1.50148688187443,1.49853295615295));
#3185=CARTESIAN_POINT('',(1.90384025110835,1.50434013995599,1.49495429322799));
#3186=CARTESIAN_POINT('',(1.90593510967731,1.50580998925987,1.49296028139194));
#3187=CARTESIAN_POINT('',(1.90988866411992,1.50867619361951,1.48876989678476));
#3188=CARTESIAN_POINT('',(1.9117498233905,1.51007319622669,1.48657616743042));
#3189=CARTESIAN_POINT('',(1.91349933216996,1.51143601932118,1.48428045411263));
#3190=CARTESIAN_POINT('',(1.87041330450992,1.48466546983877,1.51309690668516));
#3191=CARTESIAN_POINT('',(1.87324486530309,1.48621991304269,1.51235306246204));
#3192=CARTESIAN_POINT('',(1.87602584447305,1.4877859575262,1.51143616503587));
#3193=CARTESIAN_POINT('',(1.88148768069544,1.49093266425916,1.50931447688388));
#3194=CARTESIAN_POINT('',(1.88416732543994,1.49251333182243,1.5081067482242));
#3195=CARTESIAN_POINT('',(1.88930309049412,1.49561975549461,1.50542793800609));
#3196=CARTESIAN_POINT('',(1.89176298201328,1.49714593118,1.50396384281874));
#3197=CARTESIAN_POINT('',(1.89442624332754,1.4988406591411,1.50217690090267));
#3198=CARTESIAN_POINT('',(1.89471930541391,1.49902777066403,1.50197738423972));
#3199=CARTESIAN_POINT('',(1.89718790036464,1.50060919751992,1.50027229922381));
#3200=CARTESIAN_POINT('',(1.89928540626256,1.50198794087189,1.49866181541224));
#3201=CARTESIAN_POINT('',(1.90350921911787,1.50483917606216,1.49507021663037));
#3202=CARTESIAN_POINT('',(1.90561821174371,1.50630761250773,1.49306829497245));
#3203=CARTESIAN_POINT('',(1.90959833524052,1.50917075296002,1.48886008001856));
#3204=CARTESIAN_POINT('',(1.91147194736033,1.51056610746637,1.48665645463259));
#3205=CARTESIAN_POINT('',(1.91323301061693,1.5119273727246,1.48434989338234));
#3206=CARTESIAN_POINT('',(1.86929845657691,1.4856985326232,1.51338395438749));
#3207=CARTESIAN_POINT('',(1.87216364722163,1.48725419094011,1.51264818789454));
#3208=CARTESIAN_POINT('',(1.87497987586379,1.48882037559486,1.51173631314868));
#3209=CARTESIAN_POINT('',(1.88051322381626,1.49196640010911,1.50961896454347));
#3210=CARTESIAN_POINT('',(1.88322913690032,1.49354623704421,1.50841050360994));
#3211=CARTESIAN_POINT('',(1.88843476707021,1.4966512602894,1.50572487970079));
#3212=CARTESIAN_POINT('',(1.89092829714373,1.4981768607216,1.50425482397239));
#3213=CARTESIAN_POINT('',(1.8936270083058,1.49987171449071,1.50245847352897));
#3214=CARTESIAN_POINT('',(1.8939239796721,1.50005882087428,1.5022578762768));
#3215=CARTESIAN_POINT('',(1.89642557000477,1.50164005068915,1.50054330773699));
#3216=CARTESIAN_POINT('',(1.89855154578588,1.50301760956874,1.49892224427899));
#3217=CARTESIAN_POINT('',(1.90283303661884,1.5058650341502,1.49530424141931));
#3218=CARTESIAN_POINT('',(1.90497103546914,1.50733071435483,1.49328608243143));
#3219=CARTESIAN_POINT('',(1.9090055550156,1.51018785772563,1.4890413322416));
#3220=CARTESIAN_POINT('',(1.91090459511373,1.51157997740345,1.48681745839706));
#3221=CARTESIAN_POINT('',(1.91268902454786,1.51293823862781,1.48448883170822));
#3222=CARTESIAN_POINT('',(1.86873052396959,1.48622807256473,1.51352749719863));
#3223=CARTESIAN_POINT('',(1.87161271831046,1.48778451253841,1.51279601109669));
#3224=CARTESIAN_POINT('',(1.87444682305893,1.48935086403043,1.51188687932799));
#3225=CARTESIAN_POINT('',(1.88001647417843,1.4924966727411,1.50977206444134));
#3226=CARTESIAN_POINT('',(1.88275081707559,1.49407612201234,1.50856337001304));
#3227=CARTESIAN_POINT('',(1.8879919624906,1.49718052579715,1.5058745082975));
#3228=CARTESIAN_POINT('',(1.89050258845171,1.49870588697064,1.50440151461399));
#3229=CARTESIAN_POINT('',(1.89321931744886,1.50040092779194,1.50260044172234));
#3230=CARTESIAN_POINT('',(1.89351827652036,1.50058804367943,1.50239930183087));
#3231=CARTESIAN_POINT('',(1.89603664773501,1.50216926339796,1.50067996957545));
#3232=CARTESIAN_POINT('',(1.89817712086159,1.50354621371996,1.49905358837007));
#3233=CARTESIAN_POINT('',(1.90248801670971,1.50639161952516,1.49542227220198));
#3234=CARTESIAN_POINT('',(1.90464082310792,1.50785581639997,1.49339590497852));
#3235=CARTESIAN_POINT('',(1.90870309539033,1.51070978814314,1.48913262732831));
#3236=CARTESIAN_POINT('',(1.91061509388083,1.5121002195278,1.48689846594444));
#3237=CARTESIAN_POINT('',(1.91241139660731,1.51345698943751,1.48455859939345));
#3238=CARTESIAN_POINT('',(1.86310618279393,1.49150406685808,1.51492304825265));
#3239=CARTESIAN_POINT('',(1.86615555887254,1.49306975050717,1.51423555622563));
#3240=CARTESIAN_POINT('',(1.86916597933921,1.49463860076363,1.51335532097061));
#3241=CARTESIAN_POINT('',(1.87509408220298,1.49778339192045,1.51126859845397));
#3242=CARTESIAN_POINT('',(1.87801058544443,1.4993592672222,1.51005886702389));
#3243=CARTESIAN_POINT('',(1.88360286029962,1.50245829886218,1.507340088332));
#3244=CARTESIAN_POINT('',(1.88628245808815,1.5039817437075,1.50583891604066));
#3245=CARTESIAN_POINT('',(1.88917723535459,1.50567975840432,1.50399177648291));
#3246=CARTESIAN_POINT('',(1.88949584353789,1.50586708009817,1.50378534003985));
#3247=CARTESIAN_POINT('',(1.89218013680822,1.50744904134753,1.50201949158383));
#3248=CARTESIAN_POINT('',(1.89446411607145,1.50881998933868,1.50034111477376));
#3249=CARTESIAN_POINT('',(1.89906640238463,1.51164488201468,1.49657920717424));
#3250=CARTESIAN_POINT('',(1.90136612648597,1.51309378528087,1.49447211367413));
#3251=CARTESIAN_POINT('',(1.90570360703584,1.51591545740543,1.490026101486));
#3252=CARTESIAN_POINT('',(1.9077439683776,1.5172888550133,1.48769030628729));
#3253=CARTESIAN_POINT('',(1.90965756933194,1.51863118439962,1.48523915860671));
#3254=CARTESIAN_POINT('',(1.85823331948649,1.49633185077346,1.51592423170293));
#3255=CARTESIAN_POINT('',(1.86141760891921,1.4979176760262,1.51528777723533));
#3256=CARTESIAN_POINT('',(1.86457545426412,1.49949503980796,1.51444616671734));
#3257=CARTESIAN_POINT('',(1.87080679963648,1.50264668862444,1.51240698415708));
#3258=CARTESIAN_POINT('',(1.87387912129993,1.50422079149439,1.51120602209255));
#3259=CARTESIAN_POINT('',(1.87977216193412,1.50732004552332,1.50847770464593));
#3260=CARTESIAN_POINT('',(1.88259590440217,1.50884501782332,1.50695918267005));
#3261=CARTESIAN_POINT('',(1.88564165128712,1.51055466719709,1.50507783699097));
#3262=CARTESIAN_POINT('',(1.88597697813274,1.51074307747403,1.50486743736144));
#3263=CARTESIAN_POINT('',(1.8888027587584,1.5123326108908,1.50306659753416));
#3264=CARTESIAN_POINT('',(1.89121047034025,1.51369909055932,1.50134834552827));
#3265=CARTESIAN_POINT('',(1.89606658911905,1.51650343296566,1.4974828333816));
#3266=CARTESIAN_POINT('',(1.89849578105613,1.51793513126852,1.49530995573812));
#3267=CARTESIAN_POINT('',(1.90307455183412,1.52072309252125,1.49071110905002));
#3268=CARTESIAN_POINT('',(1.90522632609527,1.52207973981435,1.48828907546643));
#3269=CARTESIAN_POINT('',(1.90723913463231,1.52341222422033,1.48574186008861));
#3270=CARTESIAN_POINT('',(1.84776392106463,1.50716681549572,1.51770320587729));
#3271=CARTESIAN_POINT('',(1.85123018852239,1.50880426605021,1.51719908561557));
#3272=CARTESIAN_POINT('',(1.8546987292416,1.51040793471682,1.51646173601299));
#3273=CARTESIAN_POINT('',(1.86157125312287,1.51358878868073,1.51456096633974));
#3274=CARTESIAN_POINT('',(1.8649740262985,1.51516550396935,1.51339387756751));
#3275=CARTESIAN_POINT('',(1.87150759912345,1.51827594941754,1.51067142464944));
#3276=CARTESIAN_POINT('',(1.87463884766727,1.51980823049888,1.50912731499245));
#3277=CARTESIAN_POINT('',(1.87800912407316,1.52154651693178,1.50718397885388));
#3278=CARTESIAN_POINT('',(1.87838041254983,1.52173770095537,1.50696629141434));
#3279=CARTESIAN_POINT('',(1.88151056687706,1.52334736953439,1.50510035941435));
#3280=CARTESIAN_POINT('',(1.88418401633594,1.52470860406019,1.5033037522559));
#3281=CARTESIAN_POINT('',(1.88958628020346,1.52747782865344,1.4992275079365));
#3282=CARTESIAN_POINT('',(1.89229456601855,1.52887721024921,1.49691741704673));
#3283=CARTESIAN_POINT('',(1.89739309220856,1.53159758330446,1.49199584485208));
#3284=CARTESIAN_POINT('',(1.899784170095,1.532918291839,1.48939052365541));
#3285=CARTESIAN_POINT('',(1.90200929351901,1.53422560562909,1.48663884585296));
#3286=CARTESIAN_POINT('',(1.8422395386261,1.51320122394643,1.51838655464007));
#3287=CARTESIAN_POINT('',(1.84584930479904,1.51487166227481,1.51796786690456));
#3288=CARTESIAN_POINT('',(1.84947729533343,1.51649518516728,1.51730027676168));
#3289=CARTESIAN_POINT('',(1.85668005275912,1.51970263833321,1.51549777632375));
#3290=CARTESIAN_POINT('',(1.86025356742109,1.52128592362437,1.51435907460187));
#3291=CARTESIAN_POINT('',(1.86712025584949,1.52441086137595,1.51165809363966));
#3292=CARTESIAN_POINT('',(1.87041192877564,1.52595021880571,1.5101085972905));
#3293=CARTESIAN_POINT('',(1.8739536968017,1.5277061233837,1.50814041196187));
#3294=CARTESIAN_POINT('',(1.87434400326405,1.52789906144539,1.50791972174932));
#3295=CARTESIAN_POINT('',(1.87763514167516,1.52952186912993,1.5060264029206));
#3296=CARTESIAN_POINT('',(1.88044879941481,1.53088273618923,1.5041937189249));
#3297=CARTESIAN_POINT('',(1.88613987025911,1.53363805647188,1.50001508120405));
#3298=CARTESIAN_POINT('',(1.88899608942155,1.53502255684802,1.49763584657019));
#3299=CARTESIAN_POINT('',(1.89436986667791,1.5377089743276,1.49254848775126));
#3300=CARTESIAN_POINT('',(1.89688721694439,1.53901015388104,1.48984802997083));
#3301=CARTESIAN_POINT('',(1.89922388651578,1.54030142037485,1.48698971129834));
#3302=CARTESIAN_POINT('',(1.83107897443275,1.5259375282988,1.51933183738231));
#3303=CARTESIAN_POINT('',(1.83499388966557,1.52765420363508,1.51910769034439));
#3304=CARTESIAN_POINT('',(1.83894185283427,1.52932138109431,1.51860103591475));
#3305=CARTESIAN_POINT('',(1.84679637311821,1.53260569872158,1.51703587001776));
#3306=CARTESIAN_POINT('',(1.85070153466836,1.53422199488911,1.51597324006257));
#3307=CARTESIAN_POINT('',(1.85822573267705,1.53739840658757,1.51334875836065));
#3308=CARTESIAN_POINT('',(1.86183967394329,1.53895513022454,1.51180265081364));
#3309=CARTESIAN_POINT('',(1.86574297932342,1.54072319836719,1.50979793883806));
#3310=CARTESIAN_POINT('',(1.86617321846153,1.54091739390339,1.50957264069466));
#3311=CARTESIAN_POINT('',(1.86980126074128,1.54254980172933,1.5076358608184));
#3312=CARTESIAN_POINT('',(1.87290161289421,1.5439110328509,1.50573731442721));
#3313=CARTESIAN_POINT('',(1.87917621370253,1.54665132626857,1.50136297211112));
#3314=CARTESIAN_POINT('',(1.88232726221721,1.54801879001559,1.49884789170127));
#3315=CARTESIAN_POINT('',(1.88825306770138,1.5506472566623,1.49343249405671));
#3316=CARTESIAN_POINT('',(1.89102582162502,1.55190692601079,1.49054255748686));
#3317=CARTESIAN_POINT('',(1.89359577496183,1.5531427216805,1.48747239248721));
#3318=CARTESIAN_POINT('',(1.82547073250658,1.53265428917466,1.51955410846827));
#3319=CARTESIAN_POINT('',(1.82954782116995,1.53438237121887,1.51944043738417));
#3320=CARTESIAN_POINT('',(1.83365533046194,1.5360734518967,1.51902630419184));
#3321=CARTESIAN_POINT('',(1.84182846614126,1.53940956472532,1.5176030427762));
#3322=CARTESIAN_POINT('',(1.84589259137931,1.54105374190156,1.51658958618225));
#3323=CARTESIAN_POINT('',(1.85373824823452,1.54426865347986,1.51402289190383));
#3324=CARTESIAN_POINT('',(1.85751307837416,1.54583579827102,1.51248681407035));
#3325=CARTESIAN_POINT('',(1.86160679699418,1.54759639917971,1.51047167328457));
#3326=CARTESIAN_POINT('',(1.86205797540236,1.54778989744678,1.51024490956094));
#3327=CARTESIAN_POINT('',(1.8658620305372,1.54941724141521,1.50829324366695));
#3328=CARTESIAN_POINT('',(1.86910824487179,1.55077902509402,1.50636597409084));
#3329=CARTESIAN_POINT('',(1.87567559033145,1.55351861556299,1.50190056238942));
#3330=CARTESIAN_POINT('',(1.87897211872391,1.55488460210761,1.49931996654321));
#3331=CARTESIAN_POINT('',(1.88517244456057,1.55748938339361,1.49374454499365));
#3332=CARTESIAN_POINT('',(1.88807351878102,1.55872672975695,1.49076127576364));
#3333=CARTESIAN_POINT('',(1.89076529470482,1.55992129117174,1.48758674168696));
#3334=CARTESIAN_POINT('',(1.82,1.53948085775372,1.51955410846827));
#3335=CARTESIAN_POINT('',(1.82426079091801,1.54118813043948,1.51955410846827));
#3336=CARTESIAN_POINT('',(1.82852713718248,1.54289762911836,1.51923698669271));
#3337=CARTESIAN_POINT('',(1.83700276030312,1.54629375911561,1.51797115365242));
#3338=CARTESIAN_POINT('',(1.84121039458968,1.54797973226645,1.51701779411887));
#3339=CARTESIAN_POINT('',(1.84935700125541,1.55124402739608,1.51452846125648));
#3340=CARTESIAN_POINT('',(1.8532888854748,1.5528195091929,1.51301058220651));
#3341=CARTESIAN_POINT('',(1.85758641874705,1.55454150431377,1.51099124507889));
#3342=CARTESIAN_POINT('',(1.85805980555109,1.55473118749135,1.51076370205619));
#3343=CARTESIAN_POINT('',(1.86204920852877,1.55632971670043,1.50880282337264));
#3344=CARTESIAN_POINT('',(1.86544150499428,1.55768898900669,1.50685020688047));
#3345=CARTESIAN_POINT('',(1.87229260995337,1.56043418457931,1.50230090997995));
#3346=CARTESIAN_POINT('',(1.87572458303433,1.56180935506106,1.49965876192905));
#3347=CARTESIAN_POINT('',(1.88218542052297,1.56439817286126,1.4939326807783));
#3348=CARTESIAN_POINT('',(1.88521166412349,1.56561077003842,1.4908606331184));
#3349=CARTESIAN_POINT('',(1.88803263325384,1.56674111499932,1.48758674172211));
#3350=EDGE_LOOP('',(#6560,#6561,#6562,#6563));
#3351=AXIS2_PLACEMENT_3D('',#6564,#6565,#6566);
#3352=EDGE_LOOP('',(#6567,#6568,#6569));
#3353=AXIS2_PLACEMENT_3D('',#6570,#6571,#6572);
#3354=EDGE_LOOP('',(#6573,#6574,#6575));
#3356=CARTESIAN_POINT('',(1.97870675385634,1.4835613529777,1.43024223959663));
#3357=CARTESIAN_POINT('',(1.99467619060322,1.46748955382753,1.4207126738099));
#3358=CARTESIAN_POINT('',(2.00135560214427,1.45,1.40485193062589));
#3359=CARTESIAN_POINT('',(2.00158985605092,1.44939304492837,1.40429610360454));
#3360=CARTESIAN_POINT('',(2.00182410995756,1.44878608985675,1.40374027658318));
#3361=CARTESIAN_POINT('',(1.97767250957383,1.48146098773361,1.43211808729981));
#3362=CARTESIAN_POINT('',(1.99259612909568,1.46638192477388,1.4232365554592));
#3363=CARTESIAN_POINT('',(1.99928465993283,1.45,1.40860801722938));
#3364=CARTESIAN_POINT('',(1.99951897960496,1.44943028668753,1.40809572379323));
#3365=CARTESIAN_POINT('',(1.9997532992771,1.44886057337506,1.40758343035708));
#3366=CARTESIAN_POINT('',(1.97663826529133,1.47936062248952,1.43399393500298));
#3367=CARTESIAN_POINT('',(1.99051606758814,1.46527429572023,1.4257604371085));
#3368=CARTESIAN_POINT('',(1.9972137177214,1.45,1.41236410383288));
#3369=CARTESIAN_POINT('',(1.99744810315901,1.44946752844669,1.41189534398193));
#3370=CARTESIAN_POINT('',(1.99768248859663,1.44893505689337,1.41142658413097));
#3371=CARTESIAN_POINT('',(1.97560402100882,1.47726025724543,1.43586978270616));
#3372=CARTESIAN_POINT('',(1.9884360060806,1.46416666666658,1.4282843187578));
#3373=CARTESIAN_POINT('',(1.99514277550996,1.45,1.41612019043637));
#3374=CARTESIAN_POINT('',(1.99537722671306,1.44950477020584,1.41569496417062));
#3375=CARTESIAN_POINT('',(1.99561167791617,1.44900954041169,1.41526973790487));
#3376=CARTESIAN_POINT('',(1.97104349509919,1.46799864441625,1.44414137984966));
#3377=CARTESIAN_POINT('',(1.97938306636666,1.45934599236836,1.43926887298057));
#3378=CARTESIAN_POINT('',(1.9860109042757,1.45,1.43268274781646));
#3379=CARTESIAN_POINT('',(1.98624564547336,1.44966898866992,1.43244948397836));
#3380=CARTESIAN_POINT('',(1.98648038667101,1.44933797733984,1.43221622014027));
#3381=CARTESIAN_POINT('',(1.96637284731481,1.45884341112137,1.45248047324353));
#3382=CARTESIAN_POINT('',(1.970386938243,1.45442768730851,1.45023592347568));
#3383=CARTESIAN_POINT('',(1.97440725845531,1.44999987706328,1.44798961174757));
#3384=CARTESIAN_POINT('',(1.97455054312635,1.44984206940097,1.4479095529413));
#3385=CARTESIAN_POINT('',(1.9746938277974,1.44968426173867,1.44782949413503));
#3386=CARTESIAN_POINT('',(1.96142135623731,1.45,1.46097546470558));
#3387=CARTESIAN_POINT('',(1.96142135623731,1.45,1.46097546470558));
#3388=CARTESIAN_POINT('',(1.96142135623731,1.45,1.46097546470558));
#3389=CARTESIAN_POINT('',(1.96142135623731,1.45,1.46097546470558));
#3390=CARTESIAN_POINT('',(1.96142135623731,1.45,1.46097546470558));
#3397=EDGE_LOOP('',(#6576,#6577,#6578,#6579));
#3398=AXIS2_PLACEMENT_3D('',#6580,#6581,#6582);
#3399=EDGE_LOOP('',(#6583,#6584,#6585,#6586));
#3400=CARTESIAN_POINT('',(1.97560402100881,1.47726025724541,1.43586978270617));
#3401=CARTESIAN_POINT('',(1.97698058810277,1.47585562609662,1.43505604266477));
#3402=CARTESIAN_POINT('',(1.9783113295105,1.47443206908229,1.43419584567558));
#3403=CARTESIAN_POINT('',(1.97973729166982,1.47283083426316,1.43318920928645));
#3404=CARTESIAN_POINT('',(1.97987967502867,1.47267007099394,1.43308771193875));
#3405=CARTESIAN_POINT('',(1.98117894907501,1.47119498467018,1.43215246955399));
#3406=CARTESIAN_POINT('',(1.98229677568733,1.46986682111003,1.4312816895355));
#3407=CARTESIAN_POINT('',(1.98391625719818,1.46784977678462,1.42991618311567));
#3408=CARTESIAN_POINT('',(1.98444838414026,1.46717075688916,1.42944929856489));
#3409=CARTESIAN_POINT('',(1.98562681320057,1.46562931175385,1.4283731277663));
#3410=CARTESIAN_POINT('',(1.98626693324638,1.46476499551733,1.42775831570253));
#3411=CARTESIAN_POINT('',(1.9877434437348,1.46270498419229,1.42626587256656));
#3412=CARTESIAN_POINT('',(1.98856480389331,1.46150498139469,1.4253751312724));
#3413=CARTESIAN_POINT('',(1.98955315357716,1.4599895048635,1.42422323518215));
#3414=CARTESIAN_POINT('',(1.9897521928845,1.45968042609787,1.42398691149039));
#3415=CARTESIAN_POINT('',(1.99044058812328,1.45859767017611,1.42315413655088));
#3416=CARTESIAN_POINT('',(1.99091801745931,1.45782185871521,1.42254871979559));
#3417=CARTESIAN_POINT('',(1.99175285918731,1.45641877112597,1.4214380243629));
#3418=CARTESIAN_POINT('',(1.99211545875336,1.45579217735723,1.42093636957013));
#3419=CARTESIAN_POINT('',(1.99255898865342,1.45500348510308,1.42029783992614));
#3420=CARTESIAN_POINT('',(1.9926489825778,1.4548422569669,1.42016693683765));
#3421=CARTESIAN_POINT('',(1.99360089409651,1.4531239856568,1.4187678877979));
#3422=CARTESIAN_POINT('',(1.99440340725662,1.45156176288711,1.41746118931893));
#3423=CARTESIAN_POINT('',(1.99514277550983,1.45,1.41612019043659));
#3424=CARTESIAN_POINT('',(1.97709409594449,1.48028622843136,1.43316721974818));
#3425=CARTESIAN_POINT('',(1.97856960502065,1.47885070013662,1.43227506994007));
#3426=CARTESIAN_POINT('',(1.97999944271248,1.47741033080712,1.43131360119518));
#3427=CARTESIAN_POINT('',(1.98153072271853,1.4757957291691,1.43018246203076));
#3428=CARTESIAN_POINT('',(1.98168361207476,1.47563368508688,1.43006834772499));
#3429=CARTESIAN_POINT('',(1.9830786074218,1.47414728869303,1.42901642006201));
#3430=CARTESIAN_POINT('',(1.98427770450497,1.47281215250605,1.42803391068587));
#3431=CARTESIAN_POINT('',(1.98600828420988,1.47077876119743,1.42650241662946));
#3432=CARTESIAN_POINT('',(1.98657575209484,1.47009327630929,1.4259802709833));
#3433=CARTESIAN_POINT('',(1.9878288173583,1.46853296790743,1.42478264965992));
#3434=CARTESIAN_POINT('',(1.98850688097073,1.46765514942859,1.42410253105692));
#3435=CARTESIAN_POINT('',(1.99006260234749,1.4655518198305,1.42246649027549));
#3436=CARTESIAN_POINT('',(1.99093647304649,1.46433902035602,1.42147342501068));
#3437=CARTESIAN_POINT('',(1.99199132361428,1.46281526782394,1.42018089147519));
#3438=CARTESIAN_POINT('',(1.9922039352963,1.46250490950371,1.41991529393639));
#3439=CARTESIAN_POINT('',(1.99293954952622,1.46141874366992,1.41897845381487));
#3440=CARTESIAN_POINT('',(1.99345022866407,1.46064240034992,1.41829577485687));
#3441=CARTESIAN_POINT('',(1.99434124923369,1.45923894533289,1.41704492549207));
#3442=CARTESIAN_POINT('',(1.99472752350276,1.45861239997571,1.416480529768));
#3443=CARTESIAN_POINT('',(1.99519802529321,1.45782300614358,1.41576444234108));
#3444=CARTESIAN_POINT('',(1.99529338477213,1.45766159462849,1.41561775862413));
#3445=CARTESIAN_POINT('',(1.9963007495468,1.4559407955858,1.41405154874848));
#3446=CARTESIAN_POINT('',(1.99713855515786,1.45437126063498,1.41260178714867));
#3447=CARTESIAN_POINT('',(1.99788529299907,1.45278468462586,1.41114606168291));
#3448=CARTESIAN_POINT('',(1.9783438143201,1.4835575397037,1.43060670708828));
#3449=CARTESIAN_POINT('',(1.9799187179678,1.48211029651569,1.42962317937173));
#3450=CARTESIAN_POINT('',(1.98144685575723,1.48066023700427,1.42855602016295));
#3451=CARTESIAN_POINT('',(1.9830823499611,1.47903549273654,1.42729809655381));
#3452=CARTESIAN_POINT('',(1.98324563205566,1.4788724386922,1.42717116581205));
#3453=CARTESIAN_POINT('',(1.98473530282378,1.47737683133759,1.42600091289987));
#3454=CARTESIAN_POINT('',(1.9860146846252,1.47603381141633,1.42490658526476));
#3455=CARTESIAN_POINT('',(1.9878561031533,1.47398728010706,1.42320383868059));
#3456=CARTESIAN_POINT('',(1.98845902950578,1.47329717679265,1.42262380161626));
#3457=CARTESIAN_POINT('',(1.98978773175417,1.47172561175493,1.42129546936637));
#3458=CARTESIAN_POINT('',(1.99050481351869,1.4708409416874,1.42054255367034));
#3459=CARTESIAN_POINT('',(1.99214405644719,1.46871931392995,1.41873678778985));
#3460=CARTESIAN_POINT('',(1.99306709711956,1.46749927189351,1.41763611975075));
#3461=CARTESIAN_POINT('',(1.99418067393997,1.46596879192518,1.41620142015719));
#3462=CARTESIAN_POINT('',(1.99440508832432,1.46565718686077,1.41590650322285));
#3463=CARTESIAN_POINT('',(1.99518125341827,1.46456700616397,1.41486603216097));
#3464=CARTESIAN_POINT('',(1.99571956025154,1.46378841450957,1.41410745756817));
#3465=CARTESIAN_POINT('',(1.9966568593739,1.46238134222818,1.41271823154837));
#3466=CARTESIAN_POINT('',(1.99706248301717,1.46175334213099,1.41209164075244));
#3467=CARTESIAN_POINT('',(1.99755528454454,1.46096207255024,1.41129743521031));
#3468=CARTESIAN_POINT('',(1.99765509495616,1.46080027523681,1.41113479094938));
#3469=CARTESIAN_POINT('',(1.99870869052884,1.45907530433338,1.4093986722795));
#3470=CARTESIAN_POINT('',(1.9995780357012,1.45750145008636,1.40779609697767));
#3471=CARTESIAN_POINT('',(2.00033736517114,1.45590704293248,1.40619641404736));
#3472=CARTESIAN_POINT('',(1.98061881810762,1.49070994043037,1.42546578036926));
#3473=CARTESIAN_POINT('',(1.98239973740687,1.48926225896065,1.42427774818763));
#3474=CARTESIAN_POINT('',(1.9841256153325,1.48780641649254,1.42298896905913));
#3475=CARTESIAN_POINT('',(1.98596797663044,1.48617255298987,1.4214694673604));
#3476=CARTESIAN_POINT('',(1.98615185590956,1.48600855449823,1.42131613827872));
#3477=CARTESIAN_POINT('',(1.98782890837202,1.48450404866307,1.41990245549426));
#3478=CARTESIAN_POINT('',(1.98926533681317,1.48315133581118,1.41858016572622));
#3479=CARTESIAN_POINT('',(1.99132459031629,1.48109054440123,1.41652121189897));
#3480=CARTESIAN_POINT('',(1.99199739005372,1.4803957175251,1.41581958676596));
#3481=CARTESIAN_POINT('',(1.99347637011774,1.47881419340602,1.41421211402688));
#3482=CARTESIAN_POINT('',(1.99427188930783,1.47792447219976,1.41330049699947));
#3483=CARTESIAN_POINT('',(1.9960830610639,1.47579331205479,1.41111266267948));
#3484=CARTESIAN_POINT('',(1.99709865116866,1.47456717988957,1.40978284481906));
#3485=CARTESIAN_POINT('',(1.99831666492611,1.47302926553585,1.4080519665439));
#3486=CARTESIAN_POINT('',(1.9985617349734,1.47271615762205,1.40769629332509));
#3487=CARTESIAN_POINT('',(1.99940787260876,1.47162080309861,1.40644182387346));
#3488=CARTESIAN_POINT('',(1.99999203418914,1.47083866591731,1.405527843001));
#3489=CARTESIAN_POINT('',(2.00100457074027,1.4694258329943,1.40385469905344));
#3490=CARTESIAN_POINT('',(2.0014410450374,1.46879549375298,1.40310029479481));
#3491=CARTESIAN_POINT('',(2.00196924332718,1.46800170431911,1.4021442493473));
#3492=CARTESIAN_POINT('',(2.00207610976746,1.46783941410376,1.4019484706175));
#3493=CARTESIAN_POINT('',(2.0032029901424,1.46610944604421,1.39985873476555));
#3494=CARTESIAN_POINT('',(2.00412234552616,1.46453328782344,1.39793040407009));
#3495=CARTESIAN_POINT('',(2.00490480298938,1.46294041876228,1.39600199512202));
#3496=CARTESIAN_POINT('',(1.9816212139076,1.49459631608129,1.42290613777565));
#3497=CARTESIAN_POINT('',(1.98350855342225,1.49316218012192,1.42160374132325));
#3498=CARTESIAN_POINT('',(1.98533210822054,1.4917140745745,1.4201990187826));
#3499=CARTESIAN_POINT('',(1.98727455738265,1.49008606012042,1.41854511295485));
#3500=CARTESIAN_POINT('',(1.98746837714424,1.48992261735554,1.41837824554395));
#3501=CARTESIAN_POINT('',(1.9892356680409,1.48842296090432,1.41683988778512));
#3502=CARTESIAN_POINT('',(1.99074630385474,1.48707280695708,1.41540205804052));
#3503=CARTESIAN_POINT('',(1.99290933779759,1.485016758104,1.41315840215483));
#3504=CARTESIAN_POINT('',(1.99361558066745,1.48432367087783,1.41239305434397));
#3505=CARTESIAN_POINT('',(1.9951674688095,1.48274711419469,1.41063665522078));
#3506=CARTESIAN_POINT('',(1.99600176640105,1.48186088931914,1.40963854955464));
#3507=CARTESIAN_POINT('',(1.99790106489588,1.47974120570471,1.40723586369647));
#3508=CARTESIAN_POINT('',(1.9989589141445,1.47851651004455,1.40578471061519));
#3509=CARTESIAN_POINT('',(2.0002206345727,1.47697745785411,1.40390102242669));
#3510=CARTESIAN_POINT('',(2.00047411836131,1.4766639650662,1.40351420605058));
#3511=CARTESIAN_POINT('',(2.00134806053678,1.47556689596652,1.40215051399743));
#3512=CARTESIAN_POINT('',(2.00194914990754,1.47478287722961,1.40115804902806));
#3513=CARTESIAN_POINT('',(2.00298829839178,1.47336681730009,1.39934117085541));
#3514=CARTESIAN_POINT('',(2.00343522690345,1.47273510016621,1.39852193752673));
#3515=CARTESIAN_POINT('',(2.00397529851095,1.47194014506618,1.39748298958181));
#3516=CARTESIAN_POINT('',(2.00408452483062,1.47177764634551,1.39727019528078));
#3517=CARTESIAN_POINT('',(2.00523591181723,1.47004584392774,1.39499831961317));
#3518=CARTESIAN_POINT('',(2.00617200193265,1.46847140990006,1.39289743297053));
#3519=CARTESIAN_POINT('',(2.00696469057112,1.46688959920967,1.39078168895594));
#3520=CARTESIAN_POINT('',(1.9833137570492,1.50264475934332,1.41798863297586));
#3521=CARTESIAN_POINT('',(1.98540615054558,1.50124490197343,1.4164616464972));
#3522=CARTESIAN_POINT('',(1.98741775936092,1.49981351404033,1.41483079014095));
#3523=CARTESIAN_POINT('',(1.98955172266433,1.49819568687901,1.41291522174679));
#3524=CARTESIAN_POINT('',(1.98976454889902,1.49803317175964,1.41272200260628));
#3525=CARTESIAN_POINT('',(1.99170423396696,1.49654127713322,1.41094100477829));
#3526=CARTESIAN_POINT('',(1.9933555771809,1.4951926761657,1.40927855631461));
#3527=CARTESIAN_POINT('',(1.9957126349087,1.49314184660745,1.40667500670461));
#3528=CARTESIAN_POINT('',(1.9964809021241,1.49245099441677,1.40578536525515));
#3529=CARTESIAN_POINT('',(1.99816663900944,1.49088271474233,1.40373796335593));
#3530=CARTESIAN_POINT('',(1.99907113264082,1.49000336820104,1.40257050845996));
#3531=CARTESIAN_POINT('',(2.00112711687891,1.48790982539074,1.39974586590627));
#3532=CARTESIAN_POINT('',(2.00225643899494,1.48669234812831,1.39805554503635));
#3533=CARTESIAN_POINT('',(2.00358783710601,1.48515770288131,1.39587067249684));
#3534=CARTESIAN_POINT('',(2.00385446586528,1.48484486511261,1.39542247494503));
#3535=CARTESIAN_POINT('',(2.00477092460979,1.48374948527159,1.39384356890231));
#3536=CARTESIAN_POINT('',(2.00539615245114,1.48296559762967,1.39269656036854));
#3537=CARTESIAN_POINT('',(2.00647037950523,1.48154981839854,1.39059719239762));
#3538=CARTESIAN_POINT('',(2.00692990859764,1.48091824280925,1.38965073627923));
#3539=CARTESIAN_POINT('',(2.00748302145625,1.48012420541243,1.38844945697889));
#3540=CARTESIAN_POINT('',(2.00759476606321,1.47996193302195,1.3882033630287));
#3541=CARTESIAN_POINT('',(2.00877156659635,1.47823305887798,1.38557525171865));
#3542=CARTESIAN_POINT('',(2.00971843816779,1.47666580281812,1.3831387298111));
#3543=CARTESIAN_POINT('',(2.0105101549948,1.47510441980916,1.38066226387882));
#3544=CARTESIAN_POINT('',(1.9840333628589,1.50674094833872,1.41562770945726));
#3545=CARTESIAN_POINT('',(1.98622448045853,1.50536171728917,1.41399046129342));
#3546=CARTESIAN_POINT('',(1.98832386491856,1.50394581598918,1.41224942872988));
#3547=CARTESIAN_POINT('',(1.99054534062773,1.50234210745535,1.41020663606694));
#3548=CARTESIAN_POINT('',(1.99076682899588,1.50218097338823,1.41000060715674));
#3549=CARTESIAN_POINT('',(1.99278488683492,1.500701444672,1.40810167893445));
#3550=CARTESIAN_POINT('',(1.99449876209569,1.49936175960553,1.40633019309442));
#3551=CARTESIAN_POINT('',(1.9969412047089,1.49732369089652,1.40355148992456));
#3552=CARTESIAN_POINT('',(1.99773661263792,1.49663700431204,1.40260128620464));
#3553=CARTESIAN_POINT('',(1.99948084366718,1.49507838276477,1.40041181090311));
#3554=CARTESIAN_POINT('',(2.00041595850475,1.49420459241922,1.39916148539797));
#3555=CARTESIAN_POINT('',(2.00254076625739,1.49212566539076,1.39612967059908));
#3556=CARTESIAN_POINT('',(2.00369866088252,1.49091128229965,1.39432401749379));
#3557=CARTESIAN_POINT('',(2.00505475597447,1.48937722203791,1.39199541832767));
#3558=CARTESIAN_POINT('',(2.00532583208571,1.48906433154941,1.39151800784236));
#3559=CARTESIAN_POINT('',(2.00625594889993,1.48796832600487,1.38983689322857));
#3560=CARTESIAN_POINT('',(2.00688752614729,1.48718320393849,1.38861687739268));
#3561=CARTESIAN_POINT('',(2.00796867184795,1.48576506614981,1.38638426388635));
#3562=CARTESIAN_POINT('',(2.00842965945973,1.48513239245748,1.38537787117928));
#3563=CARTESIAN_POINT('',(2.00898315142663,1.48433738307956,1.38410002528082));
#3564=CARTESIAN_POINT('',(2.00909489721962,1.4841749334777,1.38383822028901));
#3565=CARTESIAN_POINT('',(2.01027098250708,1.48244446670555,1.38104195908945));
#3566=CARTESIAN_POINT('',(2.01121089324687,1.48087835165245,1.37844635479883));
#3567=CARTESIAN_POINT('',(2.01199171486997,1.47932636006473,1.3757963395008));
#3568=CARTESIAN_POINT('',(1.98472629487961,1.51143566215181,1.41305363451855));
#3569=CARTESIAN_POINT('',(1.98702210116624,1.51007273550644,1.41130407432196));
#3570=CARTESIAN_POINT('',(1.98921587209745,1.50867567685253,1.40944288877629));
#3571=CARTESIAN_POINT('',(1.99153093621925,1.50709216570966,1.40725866910428));
#3572=CARTESIAN_POINT('',(1.99176168189696,1.50693304844182,1.40703837165261));
#3573=CARTESIAN_POINT('',(1.99386341244671,1.50547188319524,1.40500789466095));
#3574=CARTESIAN_POINT('',(1.99564341696558,1.50414770381618,1.40311340920743));
#3575=CARTESIAN_POINT('',(1.99817281781201,1.50212800082114,1.40014180954089));
#3576=CARTESIAN_POINT('',(1.99899524829429,1.50144663106709,1.39912564977278));
#3577=CARTESIAN_POINT('',(2.00079581283422,1.49989743318251,1.39678428632244));
#3578=CARTESIAN_POINT('',(2.00175901460305,1.49902707814053,1.39544728440769));
#3579=CARTESIAN_POINT('',(2.00394260938599,1.49695051633887,1.39220559770241));
#3580=CARTESIAN_POINT('',(2.0051262561804,1.49573802767144,1.39027450157087));
#3581=CARTESIAN_POINT('',(2.00650451897919,1.4942063967044,1.38778519320239));
#3582=CARTESIAN_POINT('',(2.00677957997036,1.49389400358318,1.38727488785779));
#3583=CARTESIAN_POINT('',(2.00772179301857,1.49279971892119,1.38547820125634));
#3584=CARTESIAN_POINT('',(2.0083587139699,1.49201579157625,1.38417477724773));
#3585=CARTESIAN_POINT('',(2.00944373037321,1.49059951937808,1.3817909022283));
#3586=CARTESIAN_POINT('',(2.00990437566118,1.48996757338346,1.38071681098679));
#3587=CARTESIAN_POINT('',(2.01045490370787,1.48917326569229,1.37935380750769));
#3588=CARTESIAN_POINT('',(2.01056591086561,1.48901094830191,1.3790745970476));
#3589=CARTESIAN_POINT('',(2.01173271973708,1.48728175919426,1.37609290382026));
#3590=CARTESIAN_POINT('',(2.0126519268179,1.48571565719958,1.37332927987925));
#3591=CARTESIAN_POINT('',(2.01339950097851,1.48416153423902,1.37051444013772));
#3592=CARTESIAN_POINT('',(1.98479576019917,1.5119271929078,1.41278721585158));
#3593=CARTESIAN_POINT('',(1.98710236634848,1.51056587782901,1.41102612767726));
#3594=CARTESIAN_POINT('',(1.98930601199459,1.50917049645791,1.40915250291938));
#3595=CARTESIAN_POINT('',(1.99163092196266,1.50758869055335,1.40695360794133));
#3596=CARTESIAN_POINT('',(1.99186264222996,1.50742974248789,1.40673182954743));
#3597=CARTESIAN_POINT('',(1.99397318668837,1.505970108779,1.40468769669864));
#3598=CARTESIAN_POINT('',(1.99576019411883,1.5046471560156,1.40278042605054));
#3599=CARTESIAN_POINT('',(1.99829874723128,1.50262885215038,1.39978883247983));
#3600=CARTESIAN_POINT('',(1.99912401096057,1.50194787593033,1.39876584549484));
#3601=CARTESIAN_POINT('',(2.00093043233339,1.50039935179696,1.39640879546382));
#3602=CARTESIAN_POINT('',(2.00189651647989,1.49952922110751,1.39506286637603));
#3603=CARTESIAN_POINT('',(2.00408599630424,1.49745273719719,1.39179965309088));
#3604=CARTESIAN_POINT('',(2.00527224819921,1.49624045446492,1.38985554773315));
#3605=CARTESIAN_POINT('',(2.00665275805197,1.49470914894877,1.38734950244134));
#3606=CARTESIAN_POINT('',(2.00692822331995,1.49439682558885,1.38683576769508));
#3607=CARTESIAN_POINT('',(2.00787166303969,1.49330279087842,1.3850270245266));
#3608=CARTESIAN_POINT('',(2.00850912494006,1.49251905254423,1.38371488550243));
#3609=CARTESIAN_POINT('',(2.00959450993244,1.49110308967446,1.38131521725926));
#3610=CARTESIAN_POINT('',(2.01005510187106,1.49047127020335,1.38023406171875));
#3611=CARTESIAN_POINT('',(2.01060528842351,1.48967708895469,1.37886219034937));
#3612=CARTESIAN_POINT('',(2.01071621139488,1.48951479569266,1.37858116832664));
#3613=CARTESIAN_POINT('',(2.01188196979571,1.48778584279626,1.37558018740021));
#3614=CARTESIAN_POINT('',(2.0127988822376,1.48621977250925,1.37279919244893));
#3615=CARTESIAN_POINT('',(2.01354275215466,1.48466527675975,1.36996759210248));
#3616=CARTESIAN_POINT('',(1.98493469843585,1.51293805816205,1.41224323013175));
#3617=CARTESIAN_POINT('',(1.98726327276459,1.51157984642331,1.41045883324512));
#3618=CARTESIAN_POINT('',(1.98948712046995,1.51018775202571,1.40855981331927));
#3619=CARTESIAN_POINT('',(1.99183219917199,1.50860928086657,1.4063308817157));
#3620=CARTESIAN_POINT('',(1.99206591616385,1.50845066360591,1.40610607140769));
#3621=CARTESIAN_POINT('',(1.99419452006126,1.50699402265736,1.40403397585357));
#3622=CARTESIAN_POINT('',(1.99599588815828,1.5056734554942,1.40210048726788));
#3623=CARTESIAN_POINT('',(1.99855310941275,1.50365778459293,1.39906802166349));
#3624=CARTESIAN_POINT('',(1.99938413281816,1.50297752933906,1.39803109917915));
#3625=CARTESIAN_POINT('',(2.0012023889414,1.50143016810152,1.39564211115578));
#3626=CARTESIAN_POINT('',(2.00217424252705,1.50056035847385,1.39427806216386));
#3627=CARTESIAN_POINT('',(2.00437530379626,1.4984836459814,1.39097135879615));
#3628=CARTESIAN_POINT('',(2.00556671804557,1.49727166714257,1.38900077344607));
#3629=CARTESIAN_POINT('',(2.00695166639437,1.49574094006,1.3864605734801));
#3630=CARTESIAN_POINT('',(2.00722792912029,1.49542874475084,1.38593983599998));
#3631=CARTESIAN_POINT('',(2.00817378077572,1.49433517755481,1.38410646515973));
#3632=CARTESIAN_POINT('',(2.00881229066766,1.49355180793759,1.3827765091175));
#3633=CARTESIAN_POINT('',(2.00989830454816,1.49213644164615,1.38034457777629));
#3634=CARTESIAN_POINT('',(2.01035872462824,1.49150486347964,1.37924899975296));
#3635=CARTESIAN_POINT('',(2.01090811067324,1.49071090701144,1.37785905336499));
#3636=CARTESIAN_POINT('',(2.011018839387,1.49054865556283,1.37757434047579));
#3637=CARTESIAN_POINT('',(2.01218219907843,1.48882009740773,1.3745340822318));
#3638=CARTESIAN_POINT('',(2.01309405871553,1.48725394108133,1.37171788187934));
#3639=CARTESIAN_POINT('',(2.01382979966206,1.4856983383409,1.36885274446419));
#3640=CARTESIAN_POINT('',(1.9850044422901,1.51345662780618,1.4119656986141));
#3641=CARTESIAN_POINT('',(1.98734420565185,1.51209995464197,1.41016946033194));
#3642=CARTESIAN_POINT('',(1.98957831678206,1.51070957218375,1.40825750028457));
#3643=CARTESIAN_POINT('',(1.99193361744804,1.5091328642506,1.40601325213275));
#3644=CARTESIAN_POINT('',(1.99216834612567,1.50897442222579,1.4057868956491));
#3645=CARTESIAN_POINT('',(1.99430609756584,1.50751936902344,1.40370053935661));
#3646=CARTESIAN_POINT('',(1.99611471967017,1.50620008528571,1.4017536750772));
#3647=CARTESIAN_POINT('',(1.99868135303285,1.50418580797636,1.39870037484065));
#3648=CARTESIAN_POINT('',(1.99951527644432,1.50350592931161,1.39765635214749));
#3649=CARTESIAN_POINT('',(2.00133948312567,1.50195915124732,1.39525110728929));
#3650=CARTESIAN_POINT('',(2.0023142325278,1.50108947803088,1.39387784405999));
#3651=CARTESIAN_POINT('',(2.00452110376405,1.49901250074248,1.39054904544462));
#3652=CARTESIAN_POINT('',(2.00571507131279,1.49780062849206,1.38856501371369));
#3653=CARTESIAN_POINT('',(2.00710217324268,1.49627014437298,1.38600745630811));
#3654=CARTESIAN_POINT('',(2.00737881956819,1.49595800431984,1.38548315955768));
#3655=CARTESIAN_POINT('',(2.00832581641598,1.49486464381991,1.38363727673647));
#3656=CARTESIAN_POINT('',(2.00896479559886,1.49408144256378,1.38229827080639));
#3657=CARTESIAN_POINT('',(2.01005100539566,1.49266633763836,1.37984994970827));
#3658=CARTESIAN_POINT('',(2.01051127859641,1.49203486249498,1.37874704851509));
#3659=CARTESIAN_POINT('',(2.01106017797678,1.49124099014422,1.37734792778171));
#3660=CARTESIAN_POINT('',(2.01117079141516,1.49107875343787,1.37706134153384));
#3661=CARTESIAN_POINT('',(2.01233275318872,1.48935032211156,1.3740011472978));
#3662=CARTESIAN_POINT('',(2.01324185612907,1.48778402564525,1.37116709969184));
#3663=CARTESIAN_POINT('',(2.01397329361794,1.48622769335082,1.36828500863918));
#3664=CARTESIAN_POINT('',(1.98568498560394,1.51863062100894,1.40921196808188));
#3665=CARTESIAN_POINT('',(1.98813558612792,1.5172888344623,1.40729869666259));
#3666=CARTESIAN_POINT('',(1.99047115309239,1.51591570326006,1.40525848705974));
#3667=CARTESIAN_POINT('',(1.99292728187189,1.51435696019449,1.40286233162088));
#3668=CARTESIAN_POINT('',(1.99317198702893,1.51420030597172,1.40262063933735));
#3669=CARTESIAN_POINT('',(1.99539992051586,1.51276146856988,1.40039283105237));
#3670=CARTESIAN_POINT('',(1.9972798769771,1.51145541988136,1.39831324948271));
#3671=CARTESIAN_POINT('',(1.99993888772255,1.50945529777754,1.39505337854789));
#3672=CARTESIAN_POINT('',(2.0008012346431,1.50877919617267,1.39393899043963));
#3673=CARTESIAN_POINT('',(2.00268367488411,1.50723804439878,1.39137277969092));
#3674=CARTESIAN_POINT('',(2.0036867069351,1.50636945190582,1.38990836502671));
#3675=CARTESIAN_POINT('',(2.00595026037266,1.50428849852949,1.386361172023));
#3676=CARTESIAN_POINT('',(2.00716881093542,1.50307726757004,1.38424426808593));
#3677=CARTESIAN_POINT('',(2.00857625897951,1.50154876134342,1.38151504395087));
#3678=CARTESIAN_POINT('',(2.00885649770442,1.5012370869542,1.38095554040664));
#3679=CARTESIAN_POINT('',(2.00981407372687,1.5001455214436,1.37898594399493));
#3680=CARTESIAN_POINT('',(2.01045711096916,1.49936383768359,1.37755747130394));
#3681=CARTESIAN_POINT('',(2.01154411780425,1.49795098058807,1.37494710181278));
#3682=CARTESIAN_POINT('',(2.0120023888145,1.49732036486197,1.37377182825371));
#3683=CARTESIAN_POINT('',(2.01254573509237,1.49652707111814,1.37228207573529));
#3684=CARTESIAN_POINT('',(2.01265505489895,1.49636492505342,1.37197698319641));
#3685=CARTESIAN_POINT('',(2.01380152989055,1.49463711758507,1.36871984832358));
#3686=CARTESIAN_POINT('',(2.01468159838652,1.49306857731769,1.3657097173497));
#3687=CARTESIAN_POINT('',(2.01536881483621,1.49150348430337,1.36266085850057));
#3688=CARTESIAN_POINT('',(1.9861876979505,1.52341166740353,1.40679351988349));
#3689=CARTESIAN_POINT('',(1.9887341857376,1.52207989564366,1.40478115303319));
#3690=CARTESIAN_POINT('',(1.99115607456311,1.52072352672398,1.40262940120704));
#3691=CARTESIAN_POINT('',(1.99369636042033,1.51918356206615,1.40010026263814));
#3692=CARTESIAN_POINT('',(1.99394937264504,1.51902879249867,1.39984513633921));
#3693=CARTESIAN_POINT('',(1.99625221533002,1.51760716026023,1.39749336510885));
#3694=CARTESIAN_POINT('',(1.99819006166206,1.51631597521902,1.39529711118837));
#3695=CARTESIAN_POINT('',(2.00092255667623,1.51432993825539,1.3918569301662));
#3696=CARTESIAN_POINT('',(2.00180718890986,1.51365718415195,1.39068138114097));
#3697=CARTESIAN_POINT('',(2.00373451251118,1.51211916870903,1.38797644676242));
#3698=CARTESIAN_POINT('',(2.00475884433056,1.51124914765812,1.38643415644816));
#3699=CARTESIAN_POINT('',(2.00706439743443,1.50915381771088,1.38270189315948));
#3700=CARTESIAN_POINT('',(2.00829871281223,1.50794009174096,1.38047229604235));
#3701=CARTESIAN_POINT('',(2.00971621788447,1.50641038797972,1.37759607380247));
#3702=CARTESIAN_POINT('',(2.00999798278475,1.50609857909454,1.37700636927831));
#3703=CARTESIAN_POINT('',(2.01095888015982,1.50500697920274,1.37493102380447));
#3704=CARTESIAN_POINT('',(2.01160093782311,1.50422575974387,1.37342614981963));
#3705=CARTESIAN_POINT('',(2.01267990356274,1.50281275103203,1.37067723624759));
#3706=CARTESIAN_POINT('',(2.01313224862623,1.50218187201374,1.36944035570609));
#3707=CARTESIAN_POINT('',(2.01366513983242,1.50138736565161,1.3678737686124));
#3708=CARTESIAN_POINT('',(2.01377216775103,1.50122491941122,1.36755299113985));
#3709=CARTESIAN_POINT('',(2.0148925527805,1.49949325740307,1.36412896581063));
#3710=CARTESIAN_POINT('',(2.01573392327151,1.49791634874538,1.36097162221639));
#3711=CARTESIAN_POINT('',(2.01637001891501,1.49633127849795,1.35778796942096));
#3712=CARTESIAN_POINT('',(1.9870847057725,1.53422511508516,1.40156363015739));
#3713=CARTESIAN_POINT('',(1.98983553356171,1.53291859613749,1.39933903739837));
#3714=CARTESIAN_POINT('',(1.99244115331557,1.53159798099228,1.39694746015012));
#3715=CARTESIAN_POINT('',(1.99515897570214,1.53009572215273,1.39413206012136));
#3716=CARTESIAN_POINT('',(1.99542949268346,1.52994471096091,1.39384801242096));
#3717=CARTESIAN_POINT('',(1.99788998758338,1.5285571654507,1.3912293486014));
#3718=CARTESIAN_POINT('',(1.99994818833066,1.52729380262953,1.38878177440151));
#3719=CARTESIAN_POINT('',(2.00283030299454,1.52533158192083,1.38495327780738));
#3720=CARTESIAN_POINT('',(2.00375964086976,1.52466383597756,1.38364607524674));
#3721=CARTESIAN_POINT('',(2.00577507202908,1.52312806513343,1.38064297250835));
#3722=CARTESIAN_POINT('',(2.00683981455229,1.52225272309213,1.37893346951294));
#3723=CARTESIAN_POINT('',(2.00922135629511,1.52012226119164,1.37480352872059));
#3724=CARTESIAN_POINT('',(2.01048022469544,1.51890039924039,1.37233371851613));
#3725=CARTESIAN_POINT('',(2.01190690879476,1.51736333788855,1.36914397929132));
#3726=CARTESIAN_POINT('',(2.01218937172267,1.5170502048995,1.36848987082678));
#3727=CARTESIAN_POINT('',(2.01314803881395,1.5159549015714,1.36618955357647));
#3728=CARTESIAN_POINT('',(2.01378090443388,1.51517183853751,1.3645225055832));
#3729=CARTESIAN_POINT('',(2.01482885188584,1.5137527078227,1.36147942934186));
#3730=CARTESIAN_POINT('',(2.0152619217432,1.5131185681297,1.36011204459405));
#3731=CARTESIAN_POINT('',(2.01576352958202,1.51231788270477,1.35838290066889));
#3732=CARTESIAN_POINT('',(2.01586380152758,1.51215404650797,1.35802893696168));
#3733=CARTESIAN_POINT('',(2.01690828672766,1.51040599613736,1.35425174191929));
#3734=CARTESIAN_POINT('',(2.01764530588309,1.50880298198827,1.35078414384796));
#3735=CARTESIAN_POINT('',(2.0181490367228,1.50716631451584,1.34731847461806));
#3736=CARTESIAN_POINT('',(1.98743558289771,1.54030099896343,1.39877818377338));
#3737=CARTESIAN_POINT('',(1.99029316876173,1.53901037692681,1.39644198765981));
#3738=CARTESIAN_POINT('',(1.99299434012365,1.53770904865645,1.3939236952548));
#3739=CARTESIAN_POINT('',(1.9958032441554,1.53622576567226,1.39095682986011));
#3740=CARTESIAN_POINT('',(1.99608272591894,1.5360766299552,1.39065747740922));
#3741=CARTESIAN_POINT('',(1.99862380620578,1.53470595545192,1.38789756620645));
#3742=CARTESIAN_POINT('',(2.00074237543164,1.53345534940729,1.38531690857523));
#3743=CARTESIAN_POINT('',(2.00369730357764,1.53150238094161,1.3812828189134));
#3744=CARTESIAN_POINT('',(2.00464791374203,1.5308361094586,1.37990595155616));
#3745=CARTESIAN_POINT('',(2.00670388900333,1.52929900942523,1.37674536159386));
#3746=CARTESIAN_POINT('',(2.00778620709796,1.52841950831416,1.37494764628156));
#3747=CARTESIAN_POINT('',(2.01019810702657,1.52626758441624,1.37060766709584));
#3748=CARTESIAN_POINT('',(2.01146348169651,1.52503923423068,1.36801260757944));
#3749=CARTESIAN_POINT('',(2.01288636030171,1.52349447164006,1.36465943257449));
#3750=CARTESIAN_POINT('',(2.01316739331293,1.52317981168759,1.36397176451002));
#3751=CARTESIAN_POINT('',(2.01411835412486,1.52207962866683,1.36155461498107));
#3752=CARTESIAN_POINT('',(2.01474142023851,1.52129329284322,1.35980363589027));
#3753=CARTESIAN_POINT('',(2.01576341021609,1.51986632004562,1.35660826145708));
#3754=CARTESIAN_POINT('',(2.0161817455887,1.51922832714225,1.35517352175381));
#3755=CARTESIAN_POINT('',(2.01666070466669,1.51842159724263,1.3533606000992));
#3756=CARTESIAN_POINT('',(2.01675613673157,1.51825644987409,1.35298953034286));
#3757=CARTESIAN_POINT('',(2.01774676569084,1.51649349775156,1.34903023122008));
#3758=CARTESIAN_POINT('',(2.01841402345694,1.51487065772092,1.34540340600977));
#3759=CARTESIAN_POINT('',(2.01883240726373,1.51320079440868,1.34179401556137));
#3760=CARTESIAN_POINT('',(1.98791827952312,1.55314248427151,1.39314998305424));
#3761=CARTESIAN_POINT('',(1.99098800325909,1.55190698238116,1.39058035212102));
#3762=CARTESIAN_POINT('',(1.99387941541235,1.55064669751375,1.38780585767002));
#3763=CARTESIAN_POINT('',(1.99686868104359,1.54919578645262,1.38453504218863));
#3764=CARTESIAN_POINT('',(1.9971659019668,1.54904974911508,1.38420500080806));
#3765=CARTESIAN_POINT('',(1.99986630182664,1.54770615178952,1.38116200272621));
#3766=CARTESIAN_POINT('',(2.00210319845675,1.54647013541458,1.3783156282018));
#3767=CARTESIAN_POINT('',(2.00519703058947,1.54452692561442,1.37386638422081));
#3768=CARTESIAN_POINT('',(2.00618743363214,1.54386195582424,1.37234804022063));
#3769=CARTESIAN_POINT('',(2.00831686091711,1.54232421826356,1.36886442536303));
#3770=CARTESIAN_POINT('',(2.00942901004609,1.54144159556029,1.36688364993623));
#3771=CARTESIAN_POINT('',(2.01188546252853,1.5392750523015,1.3621008858264));
#3772=CARTESIAN_POINT('',(2.01315307705162,1.53803491048888,1.35925145492353));
#3773=CARTESIAN_POINT('',(2.01455265606987,1.53646759967279,1.35557320190529));
#3774=CARTESIAN_POINT('',(2.01482752998486,1.53614797604538,1.35481911453225));
#3775=CARTESIAN_POINT('',(2.01575128722936,1.5350300765676,1.3521712609732));
#3776=CARTESIAN_POINT('',(2.01634574960369,1.53422939953908,1.35025585382297));
#3777=CARTESIAN_POINT('',(2.01729871863897,1.53277269491222,1.34676246296972));
#3778=CARTESIAN_POINT('',(2.0176797054909,1.53212065076998,1.34519586015697));
#3779=CARTESIAN_POINT('',(2.0181032016094,1.53129511462604,1.34321807249406));
#3780=CARTESIAN_POINT('',(2.0181868615245,1.53112604167713,1.34281330220014));
#3781=CARTESIAN_POINT('',(2.01904733827259,1.52932034109752,1.33849473804929));
#3782=CARTESIAN_POINT('',(2.01955368351338,1.52765384637417,1.33454828507194));
#3783=CARTESIAN_POINT('',(2.019777720889,1.52593728716461,1.33063327601075));
#3784=CARTESIAN_POINT('',(1.98803263321869,1.55992117063759,1.39031945147038));
#3785=CARTESIAN_POINT('',(1.99120690427228,1.55872669962584,1.38762790148082));
#3786=CARTESIAN_POINT('',(1.99419198756252,1.55748851620568,1.38472474134316));
#3787=CARTESIAN_POINT('',(1.99726931773749,1.55605082236836,1.38130266955814));
#3788=CARTESIAN_POINT('',(1.99757519019943,1.55590598371243,1.38095737066809));
#3789=CARTESIAN_POINT('',(2.00035319099202,1.55457232492956,1.37777371777392));
#3790=CARTESIAN_POINT('',(2.00264698302392,1.55333757046617,1.37479593827372));
#3791=CARTESIAN_POINT('',(2.00580529482152,1.55139459662555,1.37013855770322));
#3792=CARTESIAN_POINT('',(2.00681367940788,1.55072946125296,1.3685488041175));
#3793=CARTESIAN_POINT('',(2.00897482047951,1.54919285400766,1.36490024085688));
#3794=CARTESIAN_POINT('',(2.01009856888982,1.54831181400601,1.3628247322466));
#3795=CARTESIAN_POINT('',(2.01256768436657,1.5461545814019,1.35780877284448));
#3796=CARTESIAN_POINT('',(2.01383006919324,1.54490933092715,1.35483073999698));
#3797=CARTESIAN_POINT('',(2.01520882680454,1.54332673805895,1.35099208226049));
#3798=CARTESIAN_POINT('',(2.01547869599173,1.54300355320319,1.35020541634272));
#3799=CARTESIAN_POINT('',(2.01638198701054,1.54187227769902,1.34744471236551));
#3800=CARTESIAN_POINT('',(2.01695692927611,1.54105997975598,1.3454496484948));
#3801=CARTESIAN_POINT('',(2.0178655283049,1.53958040327639,1.34181209273861));
#3802=CARTESIAN_POINT('',(2.01822331909923,1.53891771900739,1.34018166349561));
#3803=CARTESIAN_POINT('',(2.01861327888987,1.53807897204713,1.33812356604485));
#3804=CARTESIAN_POINT('',(2.01868985931767,1.53790719889288,1.33770235715872));
#3805=CARTESIAN_POINT('',(2.01947247714403,1.53607281763704,1.33320825075419));
#3806=CARTESIAN_POINT('',(2.01988632847004,1.53438238632474,1.32910236411639));
#3807=CARTESIAN_POINT('',(2.02,1.53265416747551,1.32502493405931));
#3808=CARTESIAN_POINT('',(1.98803263325384,1.56674111499932,1.38758674172211));
#3809=CARTESIAN_POINT('',(1.99130626198383,1.56561086072668,1.38476599891983));
#3810=CARTESIAN_POINT('',(1.99438012472108,1.56439742685561,1.38173766720658));
#3811=CARTESIAN_POINT('',(1.99754069087096,1.56296855275228,1.37817166755506));
#3812=CARTESIAN_POINT('',(1.99785473664029,1.5628243896076,1.37781188377671));
#3813=CARTESIAN_POINT('',(2.00070601113724,1.56149529470102,1.3744949001722));
#3814=CARTESIAN_POINT('',(2.00305327993364,1.56025277935605,1.37139399066812));
#3815=CARTESIAN_POINT('',(2.00627051154306,1.55830599944636,1.36653546851887));
#3816=CARTESIAN_POINT('',(2.00729500628826,1.55764091602802,1.36487563912415));
#3817=CARTESIAN_POINT('',(2.00948363229495,1.55611234914096,1.36106083908416));
#3818=CARTESIAN_POINT('',(2.0106164436347,1.55524135243767,1.35888711787727));
#3819=CARTESIAN_POINT('',(2.01309070087157,1.55313142298039,1.35362142813465));
#3820=CARTESIAN_POINT('',(2.01434214944646,1.55188645409055,1.35051439538983));
#3821=CARTESIAN_POINT('',(2.01569090739456,1.55028710057476,1.34652293521383));
#3822=CARTESIAN_POINT('',(2.01595381986474,1.54995961102714,1.34570562904952));
#3823=CARTESIAN_POINT('',(2.0168298643101,1.54881094298885,1.34283893154645));
#3824=CARTESIAN_POINT('',(2.01738015879614,1.5479820621014,1.34077031755945));
#3825=CARTESIAN_POINT('',(2.0182353800112,1.54647138377969,1.33700016149308));
#3826=CARTESIAN_POINT('',(2.01856618716303,1.5457944129168,1.33531066494785));
#3827=CARTESIAN_POINT('',(2.01891838189354,1.54493946580017,1.33317699822881));
#3828=CARTESIAN_POINT('',(2.01898704302847,1.54476447433518,1.33274027710573));
#3829=CARTESIAN_POINT('',(2.01968316118277,1.54289711661242,1.32807996660455));
#3830=CARTESIAN_POINT('',(2.02,1.54118826712227,1.32381524050157));
#3831=CARTESIAN_POINT('',(2.02,1.53948085775372,1.31955410846827));
#3832=EDGE_LOOP('',(#6587,#6588,#6589));
#3833=AXIS2_PLACEMENT_3D('',#6590,#6591,#6592);
#3834=EDGE_LOOP('',(#6593,#6594,#6595,#6596));
#3835=AXIS2_PLACEMENT_3D('',#6597,#6598,#6599);
#3836=EDGE_LOOP('',(#6600,#6601,#6602));
#3837=AXIS2_PLACEMENT_3D('',#6603,#6604,#6605);
#3838=EDGE_LOOP('',(#6606,#6607,#6608,#6609,#6610,#6611,#6612));
#3839=AXIS2_PLACEMENT_3D('',#6613,#6614,#6615);
#3840=EDGE_LOOP('',(#6616,#6617,#6618));
#3841=AXIS2_PLACEMENT_3D('',#6619,#6620,#6621);
#3842=EDGE_LOOP('',(#6622,#6623,#6624,#6625,#6626,#6627,#6628));
#3843=AXIS2_PLACEMENT_3D('',#6629,#6630,#6631);
#3844=EDGE_LOOP('',(#6632,#6633,#6634,#6635));
#3845=AXIS2_PLACEMENT_3D('',#6636,#6637,#6638);
#3846=EDGE_LOOP('',(#6639,#6640,#6641,#6642));
#3847=AXIS2_PLACEMENT_3D('',#6643,#6644,#6645);
#3848=EDGE_LOOP('',(#6646,#6647,#6648,#6649));
#3849=AXIS2_PLACEMENT_3D('',#6650,#6651,#6652);
#3850=EDGE_LOOP('',(#6653,#6654,#6655,#6656,#6657,#6658,#6659));
#3851=AXIS2_PLACEMENT_3D('',#6660,#6661,#6662);
#3852=EDGE_LOOP('',(#6663,#6664,#6665,#6666,#6667));
#3853=AXIS2_PLACEMENT_3D('',#6668,#6669,#6670);
#3854=EDGE_LOOP('',(#6671,#6672,#6673,#6674));
#3855=AXIS2_PLACEMENT_3D('',#6675,#6676,#6677);
#3856=EDGE_LOOP('',(#6678,#6679,#6680,#6681));
#3857=AXIS2_PLACEMENT_3D('',#6682,#6683,#6684);
#3858=EDGE_LOOP('',(#6685,#6686,#6687,#6688));
#3859=AXIS2_PLACEMENT_3D('',#6689,#6690,#6691);
#3860=EDGE_LOOP('',(#6692,#6693,#6694,#6695));
#3861=AXIS2_PLACEMENT_3D('',#6696,#6697,#6698);
#3862=EDGE_LOOP('',(#6699,#6700,#6701,#6702));
#3863=AXIS2_PLACEMENT_3D('',#6703,#6704,#6705);
#3864=EDGE_LOOP('',(#6706,#6707,#6708,#6709));
#3865=AXIS2_PLACEMENT_3D('',#6710,#6711,#6712);
#3866=EDGE_LOOP('',(#6713,#6714,#6715,#6716,#6717,#6718));
#3867=AXIS2_PLACEMENT_3D('',#6719,#6720,#6721);
#3868=EDGE_LOOP('',(#6722,#6723,#6724,#6725));
#3869=AXIS2_PLACEMENT_3D('',#6726,#6727,#6728);
#3870=EDGE_LOOP('',(#6729,#6730,#6731,#6732));
#3871=AXIS2_PLACEMENT_3D('',#6733,#6734,#6735);
#3872=EDGE_LOOP('',(#6736,#6737,#6738,#6739));
#3873=AXIS2_PLACEMENT_3D('',#6740,#6741,#6742);
#3874=EDGE_LOOP('',(#6743,#6744,#6745,#6746));
#3875=AXIS2_PLACEMENT_3D('',#6747,#6748,#6749);
#3876=EDGE_LOOP('',(#6750,#6751,#6752,#6753,#6754,#6755));
#3877=AXIS2_PLACEMENT_3D('',#6756,#6757,#6758);
#3878=EDGE_LOOP('',(#6759,#6760,#6761,#6762,#6763));
#3879=AXIS2_PLACEMENT_3D('',#6764,#6765,#6766);
#3880=EDGE_LOOP('',(#6767,#6768,#6769));
#3881=AXIS2_PLACEMENT_3D('',#6770,#6771,#6772);
#3882=EDGE_LOOP('',(#6773,#6774,#6775,#6776));
#3883=AXIS2_PLACEMENT_3D('',#6777,#6778,#6779);
#3884=EDGE_LOOP('',(#6780,#6781,#6782,#6783));
#3885=AXIS2_PLACEMENT_3D('',#6784,#6785,#6786);
#3886=EDGE_LOOP('',(#6787,#6788,#6789,#6790));
#3887=AXIS2_PLACEMENT_3D('',#6791,#6792,#6793);
#3888=EDGE_LOOP('',(#6794,#6795,#6796));
#3889=AXIS2_PLACEMENT_3D('',#6797,#6798,#6799);
#3890=EDGE_LOOP('',(#6800,#6801,#6802,#6803));
#3891=AXIS2_PLACEMENT_3D('',#6804,#6805,#6806);
#3892=EDGE_LOOP('',(#6807,#6808,#6809));
#3893=AXIS2_PLACEMENT_3D('',#6810,#6811,#6812);
#3894=EDGE_LOOP('',(#6813,#6814,#6815,#6816,#6817));
#3895=AXIS2_PLACEMENT_3D('',#6818,#6819,#6820);
#3896=EDGE_LOOP('',(#6821,#6822,#6823,#6824));
#3897=AXIS2_PLACEMENT_3D('',#6825,#6826,#6827);
#3898=EDGE_LOOP('',(#6828,#6829,#6830));
#3899=AXIS2_PLACEMENT_3D('',#6831,#6832,#6833);
#3900=EDGE_LOOP('',(#6834,#6835,#6836,#6837));
#3901=AXIS2_PLACEMENT_3D('',#6838,#6839,#6840);
#3902=EDGE_LOOP('',(#6841,#6842,#6843));
#3903=AXIS2_PLACEMENT_3D('',#6844,#6845,#6846);
#3904=EDGE_LOOP('',(#6847,#6848,#6849,#6850));
#3905=AXIS2_PLACEMENT_3D('',#6851,#6852,#6853);
#3906=EDGE_LOOP('',(#6854,#6855,#6856,#6857));
#3907=AXIS2_PLACEMENT_3D('',#6858,#6859,#6860);
#3908=EDGE_LOOP('',(#6861,#6862,#6863,#6864));
#3909=AXIS2_PLACEMENT_3D('',#6865,#6866,#6867);
#3910=EDGE_LOOP('',(#6868,#6869,#6870));
#3911=AXIS2_PLACEMENT_3D('',#6871,#6872,#6873);
#3912=EDGE_LOOP('',(#6874,#6875,#6876,#6877));
#3913=AXIS2_PLACEMENT_3D('',#6878,#6879,#6880);
#3914=EDGE_LOOP('',(#6881,#6882,#6883,#6884));
#3915=AXIS2_PLACEMENT_3D('',#6885,#6886,#6887);
#3916=EDGE_LOOP('',(#6888,#6889,#6890,#6891));
#3917=AXIS2_PLACEMENT_3D('',#6892,#6893,#6894);
#3918=EDGE_LOOP('',(#6895,#6896,#6897));
#3920=CARTESIAN_POINT('',(-1.93068813112819,1.4835613529779,1.4782608623247));
#3921=CARTESIAN_POINT('',(-1.92115856534141,1.46748955382762,1.49423029907167));
#3922=CARTESIAN_POINT('',(-1.90529782215728,1.45,1.50090971061271));
#3923=CARTESIAN_POINT('',(-1.9047419951359,1.44939304492835,1.50114396451936));
#3924=CARTESIAN_POINT('',(-1.90418616811452,1.4487860898567,1.50137821842601));
#3925=CARTESIAN_POINT('',(-1.93256397883137,1.4814609877338,1.4772266180422));
#3926=CARTESIAN_POINT('',(-1.92368244699071,1.46638192477397,1.49215023756413));
#3927=CARTESIAN_POINT('',(-1.90905390876077,1.45,1.49883876840128));
#3928=CARTESIAN_POINT('',(-1.90854161532459,1.44943028668751,1.49907308807341));
#3929=CARTESIAN_POINT('',(-1.90802932188842,1.44886057337502,1.49930740774555));
#3930=CARTESIAN_POINT('',(-1.93443982653455,1.47936062248971,1.47619237375969));
#3931=CARTESIAN_POINT('',(-1.92620632864001,1.46527429572032,1.49007017605659));
#3932=CARTESIAN_POINT('',(-1.91280999536426,1.45,1.49676782618984));
#3933=CARTESIAN_POINT('',(-1.91234123551329,1.44946752844667,1.49700221162747));
#3934=CARTESIAN_POINT('',(-1.91187247566232,1.44893505689333,1.4972365970651));
#3935=CARTESIAN_POINT('',(-1.93631567423772,1.47726025724562,1.47515812947719));
#3936=CARTESIAN_POINT('',(-1.92873021028931,1.46416666666667,1.48799011454905));
#3937=CARTESIAN_POINT('',(-1.91656608196776,1.45,1.49469688397841));
#3938=CARTESIAN_POINT('',(-1.91614085570199,1.44950477020582,1.49493133518153));
#3939=CARTESIAN_POINT('',(-1.91571562943623,1.44900954041165,1.49516578638464));
#3940=CARTESIAN_POINT('',(-1.94458727138127,1.46799864441637,1.47059760356753));
#3941=CARTESIAN_POINT('',(-1.93971476451213,1.45934599236844,1.47893717483506));
#3942=CARTESIAN_POINT('',(-1.93312863934798,1.45,1.48556501274413));
#3943=CARTESIAN_POINT('',(-1.93289537550987,1.44966898866991,1.4857997539418));
#3944=CARTESIAN_POINT('',(-1.93266211167177,1.44933797733981,1.48603449513946));
#3945=CARTESIAN_POINT('',(-1.9529263647752,1.45884341112143,1.46592695578312));
#3946=CARTESIAN_POINT('',(-1.95068181500543,1.45442768730743,1.46994104670957));
#3947=CARTESIAN_POINT('',(-1.94843550327921,1.44999987706328,1.47396136692366));
#3948=CARTESIAN_POINT('',(-1.94835544447301,1.44984206940101,1.47410465159478));
#3949=CARTESIAN_POINT('',(-1.9482753856668,1.44968426173873,1.47424793626589));
#3950=CARTESIAN_POINT('',(-1.96142135623731,1.45,1.46097546470558));
#3951=CARTESIAN_POINT('',(-1.96142135623731,1.45,1.46097546470558));
#3952=CARTESIAN_POINT('',(-1.96142135623731,1.45,1.46097546470558));
#3953=CARTESIAN_POINT('',(-1.96142135623731,1.45,1.46097546470558));
#3954=CARTESIAN_POINT('',(-1.96142135623731,1.45,1.46097546470558));
#3961=EDGE_LOOP('',(#6898,#6899,#6900,#6901));
#3962=CARTESIAN_POINT('',(-1.93631567423774,1.4772602572456,1.47515812947718));
#3963=CARTESIAN_POINT('',(-1.9354847617692,1.47582598404307,1.47656374638668));
#3964=CARTESIAN_POINT('',(-1.93460540398585,1.47437196690368,1.47792159258875));
#3965=CARTESIAN_POINT('',(-1.93358696051158,1.4727545679292,1.47935896549024));
#3966=CARTESIAN_POINT('',(-1.93349481281333,1.47260879020465,1.47948787449731));
#3967=CARTESIAN_POINT('',(-1.93303940650454,1.47189109262126,1.48011936435597));
#3968=CARTESIAN_POINT('',(-1.93266950152381,1.47131669667972,1.4806149189298));
#3969=CARTESIAN_POINT('',(-1.93178142180846,1.46995749941503,1.48176439062238));
#3970=CARTESIAN_POINT('',(-1.93125731098793,1.46917053430949,1.48241193551188));
#3971=CARTESIAN_POINT('',(-1.93052792982866,1.46809557850811,1.48327201684712));
#3972=CARTESIAN_POINT('',(-1.93033395102032,1.46781155817792,1.48349697002532));
#3973=CARTESIAN_POINT('',(-1.9298492422995,1.46710644710393,1.48404975377494));
#3974=CARTESIAN_POINT('',(-1.92955654591415,1.46668466965233,1.48437541226689));
#3975=CARTESIAN_POINT('',(-1.92864449443238,1.46538264393787,1.48536530502087));
#3976=CARTESIAN_POINT('',(-1.92801314890854,1.46449831920539,1.48601607043311));
#3977=CARTESIAN_POINT('',(-1.9270903442937,1.46322961103632,1.48691880053804));
#3978=CARTESIAN_POINT('',(-1.92681157316087,1.46284931707144,1.48718547280113));
#3979=CARTESIAN_POINT('',(-1.92572230786642,1.46137479756871,1.48820424302425));
#3980=CARTESIAN_POINT('',(-1.92489169323407,1.46027450430383,1.488932170306));
#3981=CARTESIAN_POINT('',(-1.92300251680225,1.4578244843921,1.49048113205346));
#3982=CARTESIAN_POINT('',(-1.92193352822863,1.45647231868704,1.49128820834381));
#3983=CARTESIAN_POINT('',(-1.92069090314487,1.45493834938542,1.49214955622418));
#3984=CARTESIAN_POINT('',(-1.92054663389997,1.45476081151726,1.49224842882248));
#3985=CARTESIAN_POINT('',(-1.91915909050088,1.45305861903323,1.49318855625301));
#3986=CARTESIAN_POINT('',(-1.91787902977591,1.45152909386164,1.49397298186317));
#3987=CARTESIAN_POINT('',(-1.9165660819678,1.45000000000003,1.49469688397839));
#3988=CARTESIAN_POINT('',(-1.93360888629742,1.48029095900582,1.47665053388319));
#3989=CARTESIAN_POINT('',(-1.93269799327096,1.47882521095169,1.47815731909533));
#3990=CARTESIAN_POINT('',(-1.93171498800889,1.47735411910059,1.47961650922014));
#3991=CARTESIAN_POINT('',(-1.93057037093711,1.47572331273751,1.4811602562744));
#3992=CARTESIAN_POINT('',(-1.93046675536732,1.47557637573929,1.4812986969519));
#3993=CARTESIAN_POINT('',(-1.92995447872625,1.47485316674689,1.48197681681212));
#3994=CARTESIAN_POINT('',(-1.92953777690874,1.47427497073692,1.48250876585454));
#3995=CARTESIAN_POINT('',(-1.92853765638009,1.47290690649947,1.48374155219008));
#3996=CARTESIAN_POINT('',(-1.92794766132189,1.47211490472188,1.48443515597579));
#3997=CARTESIAN_POINT('',(-1.92712935834662,1.4710313222683,1.48535429398074));
#3998=CARTESIAN_POINT('',(-1.92691198567366,1.47074485865463,1.48559448875416));
#3999=CARTESIAN_POINT('',(-1.92636965305126,1.47003311909155,1.48618413903534));
#4000=CARTESIAN_POINT('',(-1.92604288713855,1.46960688179333,1.48653099473727));
#4001=CARTESIAN_POINT('',(-1.92502770355774,1.46828893827372,1.48758339363927));
#4002=CARTESIAN_POINT('',(-1.92432916952359,1.46739079466867,1.48827251222675));
#4003=CARTESIAN_POINT('',(-1.92331743169701,1.46609536933502,1.4892231706144));
#4004=CARTESIAN_POINT('',(-1.92301006962719,1.46570836019117,1.48950488980721));
#4005=CARTESIAN_POINT('',(-1.92180372347153,1.46421200047362,1.49058381791806));
#4006=CARTESIAN_POINT('',(-1.92087253017551,1.46310431769935,1.49136049020732));
#4007=CARTESIAN_POINT('',(-1.918746955288,1.460646756484,1.49301554639519));
#4008=CARTESIAN_POINT('',(-1.91753923066243,1.45929635117618,1.49387955154955));
#4009=CARTESIAN_POINT('',(-1.9161451768678,1.45776123679994,1.49479360491363));
#4010=CARTESIAN_POINT('',(-1.91598347153481,1.457583518999,1.49489839833264));
#4011=CARTESIAN_POINT('',(-1.91442990603374,1.45587896104533,1.49589338529522));
#4012=CARTESIAN_POINT('',(-1.91300951282371,1.45434238915941,1.49671244136357));
#4013=CARTESIAN_POINT('',(-1.91158417703776,1.45278903799106,1.49744368891185));
#4014=CARTESIAN_POINT('',(-1.9310445922282,1.48356776372849,1.4779018324764));
#4015=CARTESIAN_POINT('',(-1.9300402828441,1.48209009106813,1.47951029928283));
#4016=CARTESIAN_POINT('',(-1.92894906889952,1.48060911781492,1.4810699597299));
#4017=CARTESIAN_POINT('',(-1.92767597967385,1.47896807502695,1.48271885942985));
#4018=CARTESIAN_POINT('',(-1.92756071340778,1.47882022205023,1.48286671935517));
#4019=CARTESIAN_POINT('',(-1.92699075457707,1.478092528276,1.48359091078213));
#4020=CARTESIAN_POINT('',(-1.9265268816388,1.47751082079889,1.48415879172378));
#4021=CARTESIAN_POINT('',(-1.92541357989906,1.47613441195267,1.48547393888604));
#4022=CARTESIAN_POINT('',(-1.92475684284239,1.47533755157032,1.48621315878963));
#4023=CARTESIAN_POINT('',(-1.92384687901154,1.4742469805579,1.48719114134399));
#4024=CARTESIAN_POINT('',(-1.92360524146543,1.47395863734233,1.48744655834606));
#4025=CARTESIAN_POINT('',(-1.92300265215524,1.47324212475879,1.48807314005072));
#4026=CARTESIAN_POINT('',(-1.92263982847251,1.4728129389145,1.48844133094643));
#4027=CARTESIAN_POINT('',(-1.92151367463873,1.47148549863148,1.48955706004924));
#4028=CARTESIAN_POINT('',(-1.92074025281313,1.47058035702907,1.49028564643098));
#4029=CARTESIAN_POINT('',(-1.91962338004281,1.4692736889526,1.49128697676892));
#4030=CARTESIAN_POINT('',(-1.91928360694961,1.46888366577361,1.4915839501886));
#4031=CARTESIAN_POINT('',(-1.9179486089534,1.46737680052176,1.49272185886856));
#4032=CARTESIAN_POINT('',(-1.91691507989892,1.46626378444546,1.4935421917196));
#4033=CARTESIAN_POINT('',(-1.91455413790812,1.46379727929808,1.49528806824506));
#4034=CARTESIAN_POINT('',(-1.91321152221758,1.4624438846026,1.49619791683178));
#4035=CARTESIAN_POINT('',(-1.91166514681619,1.46090521745033,1.49715534621233));
#4036=CARTESIAN_POINT('',(-1.91148582281431,1.46072708601253,1.49726502976897));
#4037=CARTESIAN_POINT('',(-1.90976355610783,1.45901849425166,1.49830558377046));
#4038=CARTESIAN_POINT('',(-1.90819329716233,1.45747777613647,1.49915549202604));
#4039=CARTESIAN_POINT('',(-1.90662683115436,1.45591680726835,1.49989913715602));
#4040=CARTESIAN_POINT('',(-1.92589830186739,1.49072954663825,1.48017844052272));
#4041=CARTESIAN_POINT('',(-1.92468483815424,1.48925145501481,1.48199761476843));
#4042=CARTESIAN_POINT('',(-1.92336674277538,1.48776454567785,1.48375922566798));
#4043=CARTESIAN_POINT('',(-1.92182865902784,1.48611424830125,1.48561662593227));
#4044=CARTESIAN_POINT('',(-1.92168939731418,1.4859655378557,1.48578313581111));
#4045=CARTESIAN_POINT('',(-1.92100076959123,1.48523352014924,1.48659843347065));
#4046=CARTESIAN_POINT('',(-1.9204402607485,1.48464803442703,1.48723700945014));
#4047=CARTESIAN_POINT('',(-1.91909477560117,1.48326231276384,1.48871384086012));
#4048=CARTESIAN_POINT('',(-1.91830087897074,1.48245977212601,1.4895423234063));
#4049=CARTESIAN_POINT('',(-1.9172004064584,1.481361581878,1.49063576179044));
#4050=CARTESIAN_POINT('',(-1.91690813673167,1.4810712384405,1.49092107592509));
#4051=CARTESIAN_POINT('',(-1.91617916691568,1.4803498408537,1.4916203311341));
#4052=CARTESIAN_POINT('',(-1.91574014892221,1.47991780501544,1.49203062984321));
#4053=CARTESIAN_POINT('',(-1.91437713160014,1.47858196101454,1.49327199906092));
#4054=CARTESIAN_POINT('',(-1.91344053966686,1.4776716746774,1.49407982848456));
#4055=CARTESIAN_POINT('',(-1.91208713464105,1.47635920719655,1.49518541312777));
#4056=CARTESIAN_POINT('',(-1.91167580040914,1.4759673930015,1.49551286541286));
#4057=CARTESIAN_POINT('',(-1.91006092687407,1.47445347308075,1.49676567036359));
#4058=CARTESIAN_POINT('',(-1.90881343335661,1.47333495729295,1.49766477455282));
#4059=CARTESIAN_POINT('',(-1.90596673314322,1.47085697478427,1.49956662745602));
#4060=CARTESIAN_POINT('',(-1.90434980159757,1.46949775286643,1.50054956875275));
#4061=CARTESIAN_POINT('',(-1.90248819854802,1.46795427646162,1.50157548657359));
#4062=CARTESIAN_POINT('',(-1.90227233013712,1.46777561555818,1.50169287942407));
#4063=CARTESIAN_POINT('',(-1.90019915971317,1.46606223123311,1.50280527054883));
#4064=CARTESIAN_POINT('',(-1.89830959689937,1.46451938993601,1.50370387885959));
#4065=CARTESIAN_POINT('',(-1.89642093234818,1.46296001664231,1.50447018563409));
#4066=CARTESIAN_POINT('',(-1.92333694295049,1.49461962561302,1.48118106874692));
#4067=CARTESIAN_POINT('',(-1.92200647153955,1.49315533104745,1.48310906821707));
#4068=CARTESIAN_POINT('',(-1.92056967979602,1.49167621338649,1.48497037886373));
#4069=CARTESIAN_POINT('',(-1.91889545690589,1.49003168561583,1.48692856498863));
#4070=CARTESIAN_POINT('',(-1.91874388857884,1.48988346968609,1.48710406952513));
#4071=CARTESIAN_POINT('',(-1.91799447536178,1.48915377638869,1.4879632195098));
#4072=CARTESIAN_POINT('',(-1.91738470471554,1.48856980846668,1.48863554932486));
#4073=CARTESIAN_POINT('',(-1.9159206745803,1.48718732194749,1.4901893103211));
#4074=CARTESIAN_POINT('',(-1.91505660717594,1.48638637822996,1.49106004911352));
#4075=CARTESIAN_POINT('',(-1.91385742474805,1.48529063378983,1.49220839759861));
#4076=CARTESIAN_POINT('',(-1.91353880543802,1.48500096125821,1.49250795571942));
#4077=CARTESIAN_POINT('',(-1.91274369508451,1.48428134677955,1.49324194630691));
#4078=CARTESIAN_POINT('',(-1.91226447717221,1.48385048157907,1.49367247093454));
#4079=CARTESIAN_POINT('',(-1.91077514877255,1.48251878200387,1.49497470186302));
#4080=CARTESIAN_POINT('',(-1.90974968012539,1.48161206045784,1.49582165782323));
#4081=CARTESIAN_POINT('',(-1.9082633422908,1.4803066921432,1.49698065486771));
#4082=CARTESIAN_POINT('',(-1.90781257162378,1.47991646228129,1.49732318150054));
#4083=CARTESIAN_POINT('',(-1.90604591555631,1.47840695931646,1.49863099880753));
#4084=CARTESIAN_POINT('',(-1.90468754643613,1.47728807500661,1.49956385907976));
#4085=CARTESIAN_POINT('',(-1.90159309396502,1.47480623931876,1.50152719995806));
#4086=CARTESIAN_POINT('',(-1.89983883250467,1.47344287318471,1.50253493091027));
#4087=CARTESIAN_POINT('',(-1.89781596968619,1.4718970748114,1.50358356250291));
#4088=CARTESIAN_POINT('',(-1.89758135505679,1.47171818104484,1.50370350281256));
#4089=CARTESIAN_POINT('',(-1.89532757033231,1.47000299632582,1.50483963253748));
#4090=CARTESIAN_POINT('',(-1.89326897509941,1.46846186055454,1.50575438197868));
#4091=CARTESIAN_POINT('',(-1.89119674369349,1.46691333829318,1.50653064556692));
#4092=CARTESIAN_POINT('',(-1.91842372402025,1.50266380368721,1.48287103505347));
#4093=CARTESIAN_POINT('',(-1.91686387115045,1.50123436951587,1.48500835504813));
#4094=CARTESIAN_POINT('',(-1.91519589636751,1.49977215980499,1.48706123770754));
#4095=CARTESIAN_POINT('',(-1.91325698166923,1.49813774125476,1.48921184489225));
#4096=CARTESIAN_POINT('',(-1.91308148991419,1.49799035992817,1.48940451017088));
#4097=CARTESIAN_POINT('',(-1.91221392774115,1.49726444598742,1.49034726130012));
#4098=CARTESIAN_POINT('',(-1.91150845294391,1.49668247715132,1.49108373921229));
#4099=CARTESIAN_POINT('',(-1.90981408877869,1.4953036735725,1.49278308083331));
#4100=CARTESIAN_POINT('',(-1.90881365663334,1.49450404969544,1.49373328346736));
#4101=CARTESIAN_POINT('',(-1.90742242838505,1.49341095397327,1.49498399943723));
#4102=CARTESIAN_POINT('',(-1.90705252446928,1.49312206044202,1.49531002428557));
#4103=CARTESIAN_POINT('',(-1.9061286174757,1.49240474354133,1.49610831990664));
#4104=CARTESIAN_POINT('',(-1.90557105973851,1.49197557361358,1.49657607658582));
#4105=CARTESIAN_POINT('',(-1.90383534144768,1.49065074026192,1.49798961370309));
#4106=CARTESIAN_POINT('',(-1.90263617240953,1.48975097911609,1.49890708074589));
#4107=CARTESIAN_POINT('',(-1.90088930258389,1.48846161996211,1.50016054296185));
#4108=CARTESIAN_POINT('',(-1.90036114451254,1.48807536843472,1.50052935007573));
#4109=CARTESIAN_POINT('',(-1.898296383755,1.48657866564343,1.50193164333224));
#4110=CARTESIAN_POINT('',(-1.89671970378105,1.48546375943663,1.50291924544916));
#4111=CARTESIAN_POINT('',(-1.89313785217298,1.4829858373366,1.50497562306546));
#4112=CARTESIAN_POINT('',(-1.89111370617152,1.48162134145891,1.50601543037274));
#4113=CARTESIAN_POINT('',(-1.88877549184623,1.48007733036046,1.50708857883263));
#4114=CARTESIAN_POINT('',(-1.88850424077721,1.4798986897128,1.50721117792381));
#4115=CARTESIAN_POINT('',(-1.8858977139092,1.47818650401142,1.50837127490126));
#4116=CARTESIAN_POINT('',(-1.88351081913443,1.47665246251113,1.50929597918846));
#4117=CARTESIAN_POINT('',(-1.88108572364642,1.47512390948836,1.51007109148712));
#4118=CARTESIAN_POINT('',(-1.91606831837737,1.50675058248098,1.48358889359733));
#4119=CARTESIAN_POINT('',(-1.91439604647243,1.50534208006154,1.48582682145419));
#4120=CARTESIAN_POINT('',(-1.91261558371934,1.50389554054686,1.48796897617659));
#4121=CARTESIAN_POINT('',(-1.91054813030596,1.50227521343595,1.4902073457402));
#4122=CARTESIAN_POINT('',(-1.91036102312833,1.50212907279492,1.49040781941448));
#4123=CARTESIAN_POINT('',(-1.90943610485553,1.50140913328638,1.4913885245087));
#4124=CARTESIAN_POINT('',(-1.90868419519452,1.50083152970981,1.49215385464181));
#4125=CARTESIAN_POINT('',(-1.90687805906647,1.49946239278466,1.49391819588903));
#4126=CARTESIAN_POINT('',(-1.90581144235803,1.49866785134631,1.49490349007045));
#4127=CARTESIAN_POINT('',(-1.90432688405336,1.49758145043574,1.49619912232229));
#4128=CARTESIAN_POINT('',(-1.90393204600163,1.49729430244583,1.49653673130221));
#4129=CARTESIAN_POINT('',(-1.90294548297764,1.49658130080618,1.49736312175102));
#4130=CARTESIAN_POINT('',(-1.9023497835088,1.49615469655437,1.49784709962287));
#4131=CARTESIAN_POINT('',(-1.90049397296497,1.49483788413279,1.4993090748098));
#4132=CARTESIAN_POINT('',(-1.8992099602382,1.4939437164435,1.50025714665856));
#4133=CARTESIAN_POINT('',(-1.89733543858507,1.4926632333674,1.5015518618504));
#4134=CARTESIAN_POINT('',(-1.89676958293943,1.49227908316773,1.50193185158791));
#4135=CARTESIAN_POINT('',(-1.89456034304406,1.49078872502642,1.50337325056235));
#4136=CARTESIAN_POINT('',(-1.89287942960721,1.48967472591172,1.50438100524677));
#4137=CARTESIAN_POINT('',(-1.88906668035894,1.48719520069038,1.50646657926354));
#4138=CARTESIAN_POINT('',(-1.88691588473287,1.48582741098048,1.50751204434918));
#4139=CARTESIAN_POINT('',(-1.88442929124751,1.4842813771568,1.50858547852049));
#4140=CARTESIAN_POINT('',(-1.88414079623772,1.48410252824718,1.50870801830355));
#4141=CARTESIAN_POINT('',(-1.88136815363597,1.48238867752669,1.50986676910611));
#4142=CARTESIAN_POINT('',(-1.87882597775775,1.48085569041828,1.51078434239658));
#4143=CARTESIAN_POINT('',(-1.8762313913397,1.47933628263789,1.51154871271128));
#4144=CARTESIAN_POINT('',(-1.91349952274635,1.51143566823834,1.48428040421297));
#4145=CARTESIAN_POINT('',(-1.91171278605226,1.51004378099877,1.48662499758993));
#4146=CARTESIAN_POINT('',(-1.90980961101905,1.50861629852283,1.48886319759872));
#4147=CARTESIAN_POINT('',(-1.9075992049149,1.50701608104491,1.4911954838719));
#4148=CARTESIAN_POINT('',(-1.90739915648825,1.50687174332363,1.4914043086305));
#4149=CARTESIAN_POINT('',(-1.90641024968018,1.50616061761532,1.49242557048941));
#4150=CARTESIAN_POINT('',(-1.90560626904985,1.50558987359707,1.49322162111134));
#4151=CARTESIAN_POINT('',(-1.90367500154904,1.50423607174957,1.49505459995836));
#4152=CARTESIAN_POINT('',(-1.90253444732996,1.50344971271828,1.49607648376733));
#4153=CARTESIAN_POINT('',(-1.90094702369683,1.50237291417979,1.49741786654768));
#4154=CARTESIAN_POINT('',(-1.90052483134099,1.50208815547256,1.49776716648972));
#4155=CARTESIAN_POINT('',(-1.8994699367977,1.50138066724576,1.49862160153055));
#4156=CARTESIAN_POINT('',(-1.89883299311501,1.50095699323157,1.49912149332027));
#4157=CARTESIAN_POINT('',(-1.89684876673167,1.49964788474494,1.50062996386383));
#4158=CARTESIAN_POINT('',(-1.89547600820822,1.49875707335806,1.50160593235527));
#4159=CARTESIAN_POINT('',(-1.8934721945427,1.49747786163226,1.50293548266503));
#4160=CARTESIAN_POINT('',(-1.89286726472831,1.49709415174038,1.50332505055486));
#4161=CARTESIAN_POINT('',(-1.89050546106582,1.49560566427953,1.5048002812131));
#4162=CARTESIAN_POINT('',(-1.88870845186525,1.4944934079176,1.50582626403708));
#4163=CARTESIAN_POINT('',(-1.88463452965743,1.49201765167423,1.50793731333156));
#4164=CARTESIAN_POINT('',(-1.88233781901791,1.49065186756318,1.50898678745048));
#4165=CARTESIAN_POINT('',(-1.87968591779585,1.48910722546588,1.5100541257738));
#4166=CARTESIAN_POINT('',(-1.87937829386313,1.48892852429897,1.51017579948909));
#4167=CARTESIAN_POINT('',(-1.87642232229248,1.4872159471855,1.51132472071119));
#4168=CARTESIAN_POINT('',(-1.87371599341828,1.48568300625514,1.51222174580967));
#4169=CARTESIAN_POINT('',(-1.87096032488944,1.4841615404842,1.5129536112229));
#4170=CARTESIAN_POINT('',(-1.91323310573427,1.51192719597213,1.48434986908862));
#4171=CARTESIAN_POINT('',(-1.91143459727706,1.51053695530826,1.48670548806927));
#4172=CARTESIAN_POINT('',(-1.90951869205925,1.5091111768466,1.48895375466725));
#4173=CARTESIAN_POINT('',(-1.90729342166486,1.50751266474025,1.49129593870413));
#4174=CARTESIAN_POINT('',(-1.90709202731318,1.50736847905296,1.4915056441181));
#4175=CARTESIAN_POINT('',(-1.90609646446858,1.50665809262718,1.49253118505088));
#4176=CARTESIAN_POINT('',(-1.90528706417651,1.50608791155457,1.49333048389376));
#4177=CARTESIAN_POINT('',(-1.90334277525062,1.50473534564968,1.49517072268695));
#4178=CARTESIAN_POINT('',(-1.90219452886985,1.50394962753009,1.496196478773));
#4179=CARTESIAN_POINT('',(-1.90059642069139,1.50287356218415,1.49754268551322));
#4180=CARTESIAN_POINT('',(-1.90017138864747,1.50258898384215,1.49789321633227));
#4181=CARTESIAN_POINT('',(-1.89910940559024,1.50188190691521,1.49875059759302));
#4182=CARTESIAN_POINT('',(-1.89846818778399,1.50145844685478,1.49925215535754));
#4183=CARTESIAN_POINT('',(-1.89647067203629,1.50014988648318,1.5007654672066));
#4184=CARTESIAN_POINT('',(-1.89508875485535,1.49925929022541,1.50174430181523));
#4185=CARTESIAN_POINT('',(-1.89307165360331,1.49798010648121,1.5030773397732));
#4186=CARTESIAN_POINT('',(-1.89246269319146,1.49759642233281,1.50346786939917));
#4187=CARTESIAN_POINT('',(-1.89008510616106,1.49610808738425,1.5049465045918));
#4188=CARTESIAN_POINT('',(-1.88827598934523,1.49499605667349,1.50597433926792));
#4189=CARTESIAN_POINT('',(-1.88417476363005,1.49252085668426,1.50808797284772));
#4190=CARTESIAN_POINT('',(-1.88186275561776,1.49115541530107,1.50913785000148));
#4191=CARTESIAN_POINT('',(-1.8791936005674,1.48961102581103,1.51020449045318));
#4192=CARTESIAN_POINT('',(-1.87888398122974,1.48943235182534,1.51032606597369));
#4193=CARTESIAN_POINT('',(-1.87590889944274,1.48772001228011,1.51147387866212));
#4194=CARTESIAN_POINT('',(-1.87318556267281,1.48618710775772,1.51236862433145));
#4195=CARTESIAN_POINT('',(-1.87041348025448,1.48466527989127,1.51309686149313));
#4196=CARTESIAN_POINT('',(-1.91268911998541,1.51293806128034,1.48448880733272));
#4197=CARTESIAN_POINT('',(-1.91086681263375,1.5115509936003,1.48686685217346));
#4198=CARTESIAN_POINT('',(-1.90892491807508,1.51012855782334,1.48913571234066));
#4199=CARTESIAN_POINT('',(-1.90666922338545,1.50853338383996,1.49149817024303));
#4200=CARTESIAN_POINT('',(-1.90646507353633,1.50838949567608,1.4917096797876));
#4201=CARTESIAN_POINT('',(-1.90545588147095,1.50768055535638,1.49274398768332));
#4202=CARTESIAN_POINT('',(-1.90463537618535,1.50711147343778,1.49354994386971));
#4203=CARTESIAN_POINT('',(-1.90266441183039,1.50576130719097,1.49540505293733));
#4204=CARTESIAN_POINT('',(-1.90150041181135,1.50497682210708,1.4964387328586));
#4205=CARTESIAN_POINT('',(-1.89988046042557,1.5039021368473,1.49779477820602));
#4206=CARTESIAN_POINT('',(-1.8994496265906,1.5036178945911,1.4981478160793));
#4207=CARTESIAN_POINT('',(-1.89837317245838,1.50291157361679,1.49901118774635));
#4208=CARTESIAN_POINT('',(-1.89772323917887,1.50248849678173,1.49951612331825));
#4209=CARTESIAN_POINT('',(-1.89569866645011,1.50118087651948,1.50103921236805));
#4210=CARTESIAN_POINT('',(-1.89429816017825,1.50029057892627,1.50202377779982));
#4211=CARTESIAN_POINT('',(-1.89225421623963,1.49901121128125,1.50336366415549));
#4212=CARTESIAN_POINT('',(-1.8916370930552,1.4986275187529,1.50375608584552));
#4213=CARTESIAN_POINT('',(-1.88922747949783,1.49713929479918,1.50524142636291));
#4214=CARTESIAN_POINT('',(-1.88739366443052,1.49602765147445,1.5062729256402));
#4215=CARTESIAN_POINT('',(-1.88323667102072,1.49355348694992,1.5083916226364));
#4216=CARTESIAN_POINT('',(-1.88089337139432,1.49218873191759,1.50944223671424));
#4217=CARTESIAN_POINT('',(-1.87818904647082,1.49064479358536,1.51050725377656));
#4218=CARTESIAN_POINT('',(-1.87787536161499,1.49046616687518,1.51062860430583));
#4219=CARTESIAN_POINT('',(-1.87486136527602,1.48875422458438,1.51177390147712));
#4220=CARTESIAN_POINT('',(-1.8721035590483,1.4872212465266,1.51266363266256));
#4221=CARTESIAN_POINT('',(-1.86929863255668,1.48569834152756,1.51338390901586));
#4222=CARTESIAN_POINT('',(-1.91241158680168,1.5134566340548,1.48455855159874));
#4223=CARTESIAN_POINT('',(-1.91057718871307,1.51207113912581,1.48694801960219));
#4224=CARTESIAN_POINT('',(-1.90862205115403,1.51065044373071,1.48922734280944));
#4225=CARTESIAN_POINT('',(-1.90635084227109,1.50905703426799,1.49160007583549));
#4226=CARTESIAN_POINT('',(-1.90614528722667,1.50891330363525,1.49181249949493));
#4227=CARTESIAN_POINT('',(-1.90512914448948,1.50820513005799,1.49285124822616));
#4228=CARTESIAN_POINT('',(-1.90430297496645,1.50763663431663,1.49366057278655));
#4229=CARTESIAN_POINT('',(-1.90231840541605,1.50628774934826,1.49552319810268));
#4230=CARTESIAN_POINT('',(-1.90114637098047,1.50550392379656,1.49656087717568));
#4231=CARTESIAN_POINT('',(-1.89951528488594,1.5044299690703,1.49792188166483));
#4232=CARTESIAN_POINT('',(-1.89908149410364,1.5041459038607,1.49827618252689));
#4233=CARTESIAN_POINT('',(-1.89799766677706,1.50343997811426,1.49914257020337));
#4234=CARTESIAN_POINT('',(-1.89734329485285,1.50301709877207,1.49964920469762));
#4235=CARTESIAN_POINT('',(-1.8953049499969,1.50170994873619,1.50117720690322));
#4236=CARTESIAN_POINT('',(-1.89389499032796,1.50081977465734,1.50216464671664));
#4237=CARTESIAN_POINT('',(-1.89183740904921,1.49954022117526,1.50350796460317));
#4238=CARTESIAN_POINT('',(-1.89121613760399,1.49915649991091,1.50390133127833));
#4239=CARTESIAN_POINT('',(-1.88879025300062,1.49766825044191,1.50539000505494));
#4240=CARTESIAN_POINT('',(-1.88694389246204,1.49655676752836,1.50642329310918));
#4241=CARTESIAN_POINT('',(-1.88275856795324,1.49408305719996,1.50854437800433));
#4242=CARTESIAN_POINT('',(-1.88039937093875,1.49271861804128,1.50959524871465));
#4243=CARTESIAN_POINT('',(-1.87767719582943,1.49117485017159,1.51065928516424));
#4244=CARTESIAN_POINT('',(-1.87736144757418,1.4909962402579,1.51078050306341));
#4245=CARTESIAN_POINT('',(-1.87432770047865,1.48928442564653,1.51192434378472));
#4246=CARTESIAN_POINT('',(-1.8715524218658,1.48775131548341,1.51281134135));
#4247=CARTESIAN_POINT('',(-1.86873089332897,1.48622769972999,1.51352740381547));
#4248=CARTESIAN_POINT('',(-1.90965280326934,1.51864012170184,1.48524034354735));
#4249=CARTESIAN_POINT('',(-1.90769868672128,1.51726986840567,1.48774318384625));
#4250=CARTESIAN_POINT('',(-1.90561205734033,1.5158667383697,1.490126130892));
#4251=CARTESIAN_POINT('',(-1.90318670080789,1.51429133586834,1.4926003992921));
#4252=CARTESIAN_POINT('',(-1.90296718303139,1.51414921476751,1.4928218537191));
#4253=CARTESIAN_POINT('',(-1.90188197207838,1.51344888283949,1.49390446375163));
#4254=CARTESIAN_POINT('',(-1.90099950941721,1.51288640649186,1.49474702236065));
#4255=CARTESIAN_POINT('',(-1.89887973511663,1.51155068330848,1.49668373591219));
#4256=CARTESIAN_POINT('',(-1.89762785997675,1.51077363523797,1.49776077890174));
#4257=CARTESIAN_POINT('',(-1.89588617388596,1.50970711437208,1.4991705322727));
#4258=CARTESIAN_POINT('',(-1.89542301707172,1.50942484248134,1.4995372415191));
#4259=CARTESIAN_POINT('',(-1.89426598486221,1.5087228918661,1.5004332418683));
#4260=CARTESIAN_POINT('',(-1.89356756218946,1.50830197176145,1.50095653969497));
#4261=CARTESIAN_POINT('',(-1.89139260706839,1.50699935312124,1.50253268309981));
#4262=CARTESIAN_POINT('',(-1.88988895427441,1.50611011958942,1.50354822729126));
#4263=CARTESIAN_POINT('',(-1.88769633424585,1.50482787937492,1.50492504425414));
#4264=CARTESIAN_POINT('',(-1.88703397181252,1.50444365175402,1.50532760877347));
#4265=CARTESIAN_POINT('',(-1.88444694624939,1.50295441720904,1.50684858270754));
#4266=CARTESIAN_POINT('',(-1.88247634349759,1.50184421984199,1.50789890354086));
#4267=CARTESIAN_POINT('',(-1.87801039224016,1.4993744279585,1.51004192802227));
#4268=CARTESIAN_POINT('',(-1.87549371046935,1.49801286733712,1.51109425892629));
#4269=CARTESIAN_POINT('',(-1.87259488223538,1.49647029486031,1.51214713598645));
#4270=CARTESIAN_POINT('',(-1.87225871407456,1.4962917901738,1.51226686994382));
#4271=CARTESIAN_POINT('',(-1.8690295090061,1.4945806066167,1.51339462443127));
#4272=CARTESIAN_POINT('',(-1.86608154675603,1.49304534447194,1.51425279776087));
#4273=CARTESIAN_POINT('',(-1.86309642316666,1.49151317187108,1.51492548542811));
#4274=CARTESIAN_POINT('',(-1.90722954479242,1.52343119308493,1.48574384922126));
#4275=CARTESIAN_POINT('',(-1.90517403153996,1.52207115948514,1.48834485426815));
#4276=CARTESIAN_POINT('',(-1.90297302156721,1.52068507148547,1.49081601875611));
#4277=CARTESIAN_POINT('',(-1.90041271098046,1.51912847327911,1.49337501613577));
#4278=CARTESIAN_POINT('',(-1.90018096212203,1.51898804581626,1.4936039898779));
#4279=CARTESIAN_POINT('',(-1.89903522539134,1.5182960150523,1.49472303818161));
#4280=CARTESIAN_POINT('',(-1.89810336472273,1.5177400695721,1.49559294215213));
#4281=CARTESIAN_POINT('',(-1.89586501497994,1.5164186030789,1.49759006221009));
#4282=CARTESIAN_POINT('',(-1.89454314529382,1.51564886667898,1.49869876162885));
#4283=CARTESIAN_POINT('',(-1.89270490594787,1.5145897428348,1.5001471878538));
#4284=CARTESIAN_POINT('',(-1.89221615428498,1.5143091840503,1.50052368349794));
#4285=CARTESIAN_POINT('',(-1.89099548065,1.51361079330231,1.50144288361665));
#4286=CARTESIAN_POINT('',(-1.89025891316838,1.5131913974125,1.50197908867727));
#4287=CARTESIAN_POINT('',(-1.88796623433871,1.51189117480073,1.50359210474783));
#4288=CARTESIAN_POINT('',(-1.88638248793708,1.51100026556325,1.50462864578528));
#4289=CARTESIAN_POINT('',(-1.88407544406236,1.50970887562256,1.50602994753131));
#4290=CARTESIAN_POINT('',(-1.88337810686916,1.50932245019869,1.50643903531888));
#4291=CARTESIAN_POINT('',(-1.8806540701878,1.50782666179887,1.50798181979246));
#4292=CARTESIAN_POINT('',(-1.87857758352837,1.50671548266364,1.50904135156328));
#4293=CARTESIAN_POINT('',(-1.87387180526486,1.50424536892204,1.51118993342719));
#4294=CARTESIAN_POINT('',(-1.87122024655432,1.50288493804417,1.51223527510158));
#4295=CARTESIAN_POINT('',(-1.86817169092018,1.50134007507819,1.51326746567763));
#4296=CARTESIAN_POINT('',(-1.86781822044168,1.50116124230776,1.51338461761584));
#4297=CARTESIAN_POINT('',(-1.86442342696004,1.49944618582982,1.51448579428815));
#4298=CARTESIAN_POINT('',(-1.86133120817996,1.49790274226098,1.51530567007523));
#4299=CARTESIAN_POINT('',(-1.85821396390795,1.49635098741587,1.51592822174563));
#4300=CARTESIAN_POINT('',(-1.90199719778083,1.53425166113524,1.48664050131024));
#4301=CARTESIAN_POINT('',(-1.89972481158868,1.5329173715766,1.48945044425244));
#4302=CARTESIAN_POINT('',(-1.89727824041749,1.53156756457658,1.49210909072963));
#4303=CARTESIAN_POINT('',(-1.89442788315825,1.53004860673862,1.49484646697582));
#4304=CARTESIAN_POINT('',(-1.89416984463399,1.52991154832009,1.49509125426344));
#4305=CARTESIAN_POINT('',(-1.89289400522368,1.52923593192724,1.49628684521422));
#4306=CARTESIAN_POINT('',(-1.89185594274899,1.52869259415097,1.49721390405));
#4307=CARTESIAN_POINT('',(-1.88936265156476,1.52739797514456,1.49933648659726));
#4308=CARTESIAN_POINT('',(-1.8878902549119,1.52664142592208,1.50051029461236));
#4309=CARTESIAN_POINT('',(-1.88584441656481,1.52559469215217,1.50203716583259));
#4310=CARTESIAN_POINT('',(-1.88530064131682,1.52531688467564,1.5024333950378));
#4311=CARTESIAN_POINT('',(-1.88394320725925,1.52462386950667,1.50339904088903));
#4312=CARTESIAN_POINT('',(-1.88312472688632,1.52420642253273,1.50396077173603));
#4313=CARTESIAN_POINT('',(-1.8805794361862,1.52290748143643,1.50564565525193));
#4314=CARTESIAN_POINT('',(-1.87882394450753,1.52201060476433,1.50672164102219));
#4315=CARTESIAN_POINT('',(-1.87627142181274,1.5206968971721,1.50816646425081));
#4316=CARTESIAN_POINT('',(-1.87549911001262,1.52030486213877,1.5085868015667));
#4317=CARTESIAN_POINT('',(-1.87248218524069,1.5187914536722,1.51016526638757));
#4318=CARTESIAN_POINT('',(-1.87018052827935,1.51767510189467,1.51123554075081));
#4319=CARTESIAN_POINT('',(-1.864965433099,1.51519597503435,1.51337456094276));
#4320=CARTESIAN_POINT('',(-1.86202804064626,1.51383243677662,1.51439202092156));
#4321=CARTESIAN_POINT('',(-1.85866327708317,1.51227570725164,1.51536265013653));
#4322=CARTESIAN_POINT('',(-1.85827326377863,1.51209534836835,1.51547223929349));
#4323=CARTESIAN_POINT('',(-1.85452867303922,1.51036391561953,1.51649664031705));
#4324=CARTESIAN_POINT('',(-1.85113302770901,1.50879497526295,1.5172135279077));
#4325=CARTESIAN_POINT('',(-1.84773987232148,1.50719273816729,1.51770643891958));
#4326=CARTESIAN_POINT('',(-1.89921379269845,1.54032392591781,1.48699078728318));
#4327=CARTESIAN_POINT('',(-1.89682745882144,1.53900582447332,1.48990980836028));
#4328=CARTESIAN_POINT('',(-1.89425128670404,1.53767554938022,1.49266585393498));
#4329=CARTESIAN_POINT('',(-1.89124764844033,1.5361754670057,1.49549458643905));
#4330=CARTESIAN_POINT('',(-1.8909757151546,1.53604008504394,1.49574745938801));
#4331=CARTESIAN_POINT('',(-1.88963110835199,1.53537257544766,1.49698211867198));
#4332=CARTESIAN_POINT('',(-1.88853690021354,1.53483527368333,1.49793812823));
#4333=CARTESIAN_POINT('',(-1.88590881914686,1.53355307938887,1.50012367553806));
#4334=CARTESIAN_POINT('',(-1.88435681219375,1.53280225354689,1.50132968254514));
#4335=CARTESIAN_POINT('',(-1.88220120274374,1.53176025343983,1.50289456695543));
#4336=CARTESIAN_POINT('',(-1.88162833769124,1.53148341107844,1.50330027372356));
#4337=CARTESIAN_POINT('',(-1.88019863706306,1.53079202311484,1.50428798522759));
#4338=CARTESIAN_POINT('',(-1.87933690985606,1.53037488255257,1.50486161489881));
#4339=CARTESIAN_POINT('',(-1.8766583724368,1.52907445137369,1.50657923793557));
#4340=CARTESIAN_POINT('',(-1.8748123607944,1.52817300201445,1.50767211062342));
#4341=CARTESIAN_POINT('',(-1.87213035173719,1.52684568609622,1.50913373914535));
#4342=CARTESIAN_POINT('',(-1.87131856252692,1.52645005058629,1.50955812818679));
#4343=CARTESIAN_POINT('',(-1.86814807688868,1.52492470051691,1.51114777345358));
#4344=CARTESIAN_POINT('',(-1.86572937395588,1.52380315743575,1.51221746675616));
#4345=CARTESIAN_POINT('',(-1.86025018206289,1.52131258575119,1.51433652851661));
#4346=CARTESIAN_POINT('',(-1.85716510620931,1.51994295192448,1.5153303165976));
#4347=CARTESIAN_POINT('',(-1.85363763358283,1.51837455357384,1.51625657973782));
#4348=CARTESIAN_POINT('',(-1.85322881358959,1.51819275326416,1.51636077969652));
#4349=CARTESIAN_POINT('',(-1.8493041314614,1.51644647530133,1.51733102173184));
#4350=CARTESIAN_POINT('',(-1.84575303915549,1.51485819092209,1.51797924777063));
#4351=CARTESIAN_POINT('',(-1.84221949019806,1.51322353919219,1.518388693735));
#4352=CARTESIAN_POINT('',(-1.8935904650468,1.55315540642336,1.48747261970388));
#4353=CARTESIAN_POINT('',(-1.89096577542074,1.55189352012795,1.4906082993475));
#4354=CARTESIAN_POINT('',(-1.8881275868146,1.55060480539687,1.49355811842481));
#4355=CARTESIAN_POINT('',(-1.884816392768,1.54913679086625,1.49656756801591));
#4356=CARTESIAN_POINT('',(-1.88451659897283,1.5490041750861,1.49683642461736));
#4357=CARTESIAN_POINT('',(-1.88303417104246,1.54834968901687,1.49814825184081));
#4358=CARTESIAN_POINT('',(-1.8818276356285,1.54782096507293,1.49916125123038));
#4359=CARTESIAN_POINT('',(-1.87892958491508,1.54655502405386,1.50147001408349));
#4360=CARTESIAN_POINT('',(-1.87721791295442,1.5458104204857,1.50273840252223));
#4361=CARTESIAN_POINT('',(-1.87484073501354,1.5447731035307,1.50437563408009));
#4362=CARTESIAN_POINT('',(-1.87420901908541,1.54449714710769,1.50479923859946));
#4363=CARTESIAN_POINT('',(-1.87263266880588,1.54380718155272,1.50582823038691));
#4364=CARTESIAN_POINT('',(-1.87168278005713,1.54339022436829,1.5064237571183));
#4365=CARTESIAN_POINT('',(-1.86873100125649,1.54208843995495,1.5082002646496));
#4366=CARTESIAN_POINT('',(-1.86669723185167,1.5411831216761,1.50932135153047));
#4367=CARTESIAN_POINT('',(-1.86374230869119,1.53984595304374,1.51080649945506));
#4368=CARTESIAN_POINT('',(-1.86284846238771,1.53944677981101,1.51123578781192));
#4369=CARTESIAN_POINT('',(-1.85936185933518,1.53790664289351,1.51283488628945));
#4370=CARTESIAN_POINT('',(-1.8567091660193,1.53677081574684,1.51389257334731));
#4371=CARTESIAN_POINT('',(-1.85070882281452,1.53423925494769,1.51594480598974));
#4372=CARTESIAN_POINT('',(-1.84733669437829,1.53284114787322,1.51687462752722));
#4373=CARTESIAN_POINT('',(-1.84348931680706,1.53123616305535,1.51769231765386));
#4374=CARTESIAN_POINT('',(-1.84304347523195,1.53105003042549,1.51778342542128));
#4375=CARTESIAN_POINT('',(-1.83876371153097,1.52926121829156,1.51862301404685));
#4376=CARTESIAN_POINT('',(-1.83490065984051,1.52763030003384,1.51911291743054));
#4377=CARTESIAN_POINT('',(-1.8310684689372,1.52595009813335,1.51933224870177));
#4378=CARTESIAN_POINT('',(-1.89076273593602,1.55992767701673,1.48758674168699));
#4379=CARTESIAN_POINT('',(-1.88801354466952,1.55870765850627,1.49082915025373));
#4380=CARTESIAN_POINT('',(-1.88504376717531,1.55744131293297,1.49387431168821));
#4381=CARTESIAN_POINT('',(-1.88157952332725,1.55598629500586,1.49697190881147));
#4382=CARTESIAN_POINT('',(-1.88126587685637,1.55585474624004,1.49724855344286));
#4383=CARTESIAN_POINT('',(-1.87971496186461,1.55520504482618,1.49859793640696));
#4384=CARTESIAN_POINT('',(-1.87845272912736,1.55467869365936,1.49963853219095));
#4385=CARTESIAN_POINT('',(-1.87542063326086,1.55341616774792,1.50200648874167));
#4386=CARTESIAN_POINT('',(-1.87362955662593,1.55267181398819,1.50330443885505));
#4387=CARTESIAN_POINT('',(-1.87114133620583,1.55163428577622,1.50497515792954));
#4388=CARTESIAN_POINT('',(-1.87048004589615,1.5513582244423,1.50540695929927));
#4389=CARTESIAN_POINT('',(-1.86882973195395,1.550668046881,1.50645461440352));
#4390=CARTESIAN_POINT('',(-1.86783513998255,1.550251011932,1.50705981273669));
#4391=CARTESIAN_POINT('',(-1.86474385820939,1.54894972153399,1.5088614689257));
#4392=CARTESIAN_POINT('',(-1.86261297040305,1.54804565812454,1.50999321646687));
#4393=CARTESIAN_POINT('',(-1.8595143451951,1.54671375564778,1.51148414117244));
#4394=CARTESIAN_POINT('',(-1.85857792874596,1.54631497450148,1.51191398453101));
#4395=CARTESIAN_POINT('',(-1.85492905514206,1.54477285674098,1.51351020062912));
#4396=CARTESIAN_POINT('',(-1.85216019960491,1.54362772236896,1.51455553692029));
#4397=CARTESIAN_POINT('',(-1.84590511968834,1.54106540467199,1.51655871489768));
#4398=CARTESIAN_POINT('',(-1.84239527336113,1.53964375810378,1.51744696197877));
#4399=CARTESIAN_POINT('',(-1.83839222304266,1.53801297565391,1.51819904267412));
#4400=CARTESIAN_POINT('',(-1.83792833894559,1.53782385743832,1.51828228559209));
#4401=CARTESIAN_POINT('',(-1.83347518986741,1.53600653755223,1.51904383460554));
#4402=CARTESIAN_POINT('',(-1.82945656692677,1.53435222491096,1.51944276442842));
#4403=CARTESIAN_POINT('',(-1.82546560630119,1.53266068029051,1.51955410846827));
#4404=CARTESIAN_POINT('',(-1.88803263325384,1.56674111499932,1.48758674172211));
#4405=CARTESIAN_POINT('',(-1.8851515071676,1.5655866655166,1.49093044860775));
#4406=CARTESIAN_POINT('',(-1.88205369163678,1.56434538990767,1.49406582230876));
#4407=CARTESIAN_POINT('',(-1.87844377599273,1.56289891893653,1.49724660499014));
#4408=CARTESIAN_POINT('',(-1.87811697141712,1.56276797035532,1.49753059620526));
#4409=CARTESIAN_POINT('',(-1.87650109484635,1.5621204985629,1.49891539052865));
#4410=CARTESIAN_POINT('',(-1.87518630710212,1.56159367120936,1.49998196540315));
#4411=CARTESIAN_POINT('',(-1.87202735759389,1.5603278995921,1.50240539579746));
#4412=CARTESIAN_POINT('',(-1.87016089806913,1.55958002075293,1.50373080370736));
#4413=CARTESIAN_POINT('',(-1.86756541313609,1.55854002592152,1.50543207001976));
#4414=CARTESIAN_POINT('',(-1.86687537859936,1.55826353333142,1.50587128920146));
#4415=CARTESIAN_POINT('',(-1.86515256650532,1.55757321313325,1.50693568849891));
#4416=CARTESIAN_POINT('',(-1.86411360824434,1.55715690895528,1.50754943287223));
#4417=CARTESIAN_POINT('',(-1.86088172675329,1.55586191394158,1.50937273604012));
#4418=CARTESIAN_POINT('',(-1.85865025568888,1.55496777722596,1.51051256171326));
#4419=CARTESIAN_POINT('',(-1.85539774867315,1.55366451769151,1.51200474262738));
#4420=CARTESIAN_POINT('',(-1.85441693759864,1.55327151273313,1.51243354052348));
#4421=CARTESIAN_POINT('',(-1.85060151549762,1.55174269659006,1.51402034218855));
#4422=CARTESIAN_POINT('',(-1.84772023233454,1.55058818416763,1.51504727458867));
#4423=CARTESIAN_POINT('',(-1.84122610764773,1.54798602839205,1.51698607844187));
#4424=CARTESIAN_POINT('',(-1.83759183812561,1.54652979897194,1.51782325194341));
#4425=CARTESIAN_POINT('',(-1.83344251788818,1.54486719190152,1.51850136566286));
#4426=CARTESIAN_POINT('',(-1.83296162763386,1.54467450213762,1.51857580602708));
#4427=CARTESIAN_POINT('',(-1.82834442995355,1.54282441945671,1.51925066850592));
#4428=CARTESIAN_POINT('',(-1.82417073467626,1.54115204545791,1.51955410846827));
#4429=CARTESIAN_POINT('',(-1.82,1.53948085775372,1.51955410846827));
#4430=EDGE_LOOP('',(#6902,#6903,#6904,#6905));
#4431=AXIS2_PLACEMENT_3D('',#6906,#6907,#6908);
#4432=EDGE_LOOP('',(#6909,#6910,#6911));
#4433=AXIS2_PLACEMENT_3D('',#6912,#6913,#6914);
#4434=EDGE_LOOP('',(#6915,#6916,#6917));
#4436=CARTESIAN_POINT('',(-1.99514277550996,1.45,1.41612019043637));
#4437=CARTESIAN_POINT('',(-1.9884360060806,1.46416666666658,1.4282843187578));
#4438=CARTESIAN_POINT('',(-1.97560402100882,1.47726025724543,1.43586978270616));
#4439=CARTESIAN_POINT('',(-1.98601090427588,1.45,1.43268274781613));
#4440=CARTESIAN_POINT('',(-1.97938306635039,1.4593459923597,1.4392688730003));
#4441=CARTESIAN_POINT('',(-1.97104349506691,1.4679986443507,1.4441413799082));
#4442=CARTESIAN_POINT('',(-1.97440725845572,1.44999987706027,1.44798961174836));
#4443=CARTESIAN_POINT('',(-1.97038693793488,1.45442768805951,1.45023592350213));
#4444=CARTESIAN_POINT('',(-1.9663728465653,1.45884341201727,1.45248047363405));
#4445=CARTESIAN_POINT('',(-1.96142135623731,1.45,1.46097546470558));
#4446=CARTESIAN_POINT('',(-1.96142135623731,1.45,1.46097546470558));
#4447=CARTESIAN_POINT('',(-1.96142135623731,1.45,1.46097546470558));
#4454=EDGE_LOOP('',(#6918,#6919,#6920,#6921));
#4455=AXIS2_PLACEMENT_3D('',#6922,#6923,#6924);
#4456=EDGE_LOOP('',(#6925,#6926,#6927,#6928));
#4457=CARTESIAN_POINT('',(-1.99514277333396,1.4500000091927,1.416120194383));
#4458=CARTESIAN_POINT('',(-1.99439268600891,1.45158441390747,1.41748063454279));
#4459=CARTESIAN_POINT('',(-1.99357535094456,1.45317399339316,1.41880979182808));
#4460=CARTESIAN_POINT('',(-1.99201310439668,1.45598688139875,1.42109793631686));
#4461=CARTESIAN_POINT('',(-1.991294285236,1.45721095905871,1.42207217079193));
#4462=CARTESIAN_POINT('',(-1.99030716773153,1.45880502433921,1.42331274031004));
#4463=CARTESIAN_POINT('',(-1.9900718838589,1.45917901966076,1.42360176543854));
#4464=CARTESIAN_POINT('',(-1.9888400179271,1.46110687217364,1.42508112197462));
#4465=CARTESIAN_POINT('',(-1.98778839568679,1.46265237246546,1.42623174950506));
#4466=CARTESIAN_POINT('',(-1.98556822555536,1.46572752278418,1.42845078873224));
#4467=CARTESIAN_POINT('',(-1.98439868314455,1.46725692704835,1.42951837747969));
#4468=CARTESIAN_POINT('',(-1.98200839136389,1.47021695359231,1.43151471877066));
#4469=CARTESIAN_POINT('',(-1.9807916605564,1.47164906625562,1.43244735570722));
#4470=CARTESIAN_POINT('',(-1.97826505921435,1.47448170351452,1.4342259082851));
#4471=CARTESIAN_POINT('',(-1.97695472360175,1.4758820178969,1.43507133213392));
#4472=CARTESIAN_POINT('',(-1.97560402100882,1.47726025724543,1.43586978270616));
#4473=CARTESIAN_POINT('',(-1.9978810484779,1.45278038706122,1.41115376053867));
#4474=CARTESIAN_POINT('',(-1.99712310317342,1.45439115158203,1.41263211336417));
#4475=CARTESIAN_POINT('',(-1.99626953878252,1.45598880936811,1.41410745973559));
#4476=CARTESIAN_POINT('',(-1.99461607625035,1.45880636255344,1.41666906518767));
#4477=CARTESIAN_POINT('',(-1.99384844034393,1.46002922938311,1.41776727177035));
#4478=CARTESIAN_POINT('',(-1.99279352477374,1.46162518437633,1.41916413669568));
#4479=CARTESIAN_POINT('',(-1.99254202849059,1.46199987391286,1.4194894588549));
#4480=CARTESIAN_POINT('',(-1.99122589052374,1.46393348310859,1.42115265851442));
#4481=CARTESIAN_POINT('',(-1.99010435312578,1.46549091735771,1.42243971909351));
#4482=CARTESIAN_POINT('',(-1.98776497139905,1.4686294370906,1.42487051241854));
#4483=CARTESIAN_POINT('',(-1.98652146030887,1.47017543719934,1.42605966568165));
#4484=CARTESIAN_POINT('',(-1.98396787167225,1.47315871961063,1.42829773197418));
#4485=CARTESIAN_POINT('',(-1.98266255969961,1.4745978689334,1.4293503854277));
#4486=CARTESIAN_POINT('',(-1.97994933245436,1.4774545160457,1.43134929450173));
#4487=CARTESIAN_POINT('',(-1.97854090377219,1.47887185685541,1.4322949490419));
#4488=CARTESIAN_POINT('',(-1.97709179143592,1.48028154854824,1.43317139945711));
#4489=CARTESIAN_POINT('',(-2.0003297767653,1.45589739872821,1.40621173427268));
#4490=CARTESIAN_POINT('',(-1.99955849012774,1.4575173891599,1.40783787828922));
#4491=CARTESIAN_POINT('',(-1.99867231854117,1.45912016256424,1.40946946440747));
#4492=CARTESIAN_POINT('',(-1.99694242216841,1.46194507083741,1.41230913133504));
#4493=CARTESIAN_POINT('',(-1.99613519208535,1.46317056796988,1.41352886816206));
#4494=CARTESIAN_POINT('',(-1.99502336313724,1.46477115553057,1.41507998836718));
#4495=CARTESIAN_POINT('',(-1.99475812668361,1.46514701934135,1.41544121143002));
#4496=CARTESIAN_POINT('',(-1.99336949825312,1.46708735728069,1.41728743577188));
#4497=CARTESIAN_POINT('',(-1.99218428792406,1.46865245481341,1.41871438910434));
#4498=CARTESIAN_POINT('',(-1.9897196170726,1.47181709973885,1.42139543272311));
#4499=CARTESIAN_POINT('',(-1.98840132821132,1.47337343424582,1.42271425182747));
#4500=CARTESIAN_POINT('',(-1.9856847784382,1.47637523473722,1.42520154634051));
#4501=CARTESIAN_POINT('',(-1.98429195347446,1.47782264029703,1.42637396293396));
#4502=CARTESIAN_POINT('',(-1.98139384199393,1.48069765951946,1.4285972752063));
#4503=CARTESIAN_POINT('',(-1.97988799139523,1.48212512627496,1.42964748597566));
#4504=CARTESIAN_POINT('',(-1.97833994540827,1.48354742697051,1.43061462811004));
#4505=CARTESIAN_POINT('',(-2.00489366262976,1.46292109138266,1.39602862428059));
#4506=CARTESIAN_POINT('',(-2.00409758993301,1.46454212514811,1.39799217604864));
#4507=CARTESIAN_POINT('',(-2.00315923983618,1.46614873671901,1.39995700235707));
#4508=CARTESIAN_POINT('',(-2.00130734354836,1.46898285839412,1.40337570921192));
#4509=CARTESIAN_POINT('',(-2.00043695710171,1.4702131823469,1.40484382197551));
#4510=CARTESIAN_POINT('',(-1.99922957679074,1.47182044033498,1.40671181924755));
#4511=CARTESIAN_POINT('',(-1.99894095934895,1.47219789707395,1.40714691160606));
#4512=CARTESIAN_POINT('',(-1.99742682536956,1.47414651351673,1.40937124670697));
#4513=CARTESIAN_POINT('',(-1.99612434658678,1.47571847030337,1.41109237694932));
#4514=CARTESIAN_POINT('',(-1.99340169229527,1.47889499284927,1.41433719953657));
#4515=CARTESIAN_POINT('',(-1.99193535713416,1.48046055174241,1.41593154474927));
#4516=CARTESIAN_POINT('',(-1.98889816393021,1.48348171837658,1.41893717837749));
#4517=CARTESIAN_POINT('',(-1.98733398953157,1.48493921949353,1.42035329532094));
#4518=CARTESIAN_POINT('',(-1.98406853364338,1.48783129404846,1.42303963069546));
#4519=CARTESIAN_POINT('',(-1.98236655994081,1.48926570433129,1.42430902888575));
#4520=CARTESIAN_POINT('',(-1.98061337363297,1.49069058792039,1.4254789792755));
#4521=CARTESIAN_POINT('',(-2.00695300065314,1.46686621677176,1.39081210571644));
#4522=CARTESIAN_POINT('',(-2.00614578372363,1.46847733127845,1.39296791336077));
#4523=CARTESIAN_POINT('',(-2.00518962205858,1.47008293453271,1.39510937728663));
#4524=CARTESIAN_POINT('',(-2.00329631784013,1.4729205033186,1.39882654717346));
#4525=CARTESIAN_POINT('',(-2.00240452791625,1.47415408967743,1.40041978000288));
#4526=CARTESIAN_POINT('',(-2.00116109078781,1.47576444363942,1.40244845184109));
#4527=CARTESIAN_POINT('',(-2.00086342146455,1.47614254340982,1.40292107745211));
#4528=CARTESIAN_POINT('',(-1.99929914399064,1.47809364907249,1.40533849667667));
#4529=CARTESIAN_POINT('',(-1.99794482233788,1.47966482522645,1.40721311658441));
#4530=CARTESIAN_POINT('',(-1.99508990063978,1.48282302992711,1.41077522046459));
#4531=CARTESIAN_POINT('',(-1.99355220675828,1.48438361196847,1.41251577710273));
#4532=CARTESIAN_POINT('',(-1.99036211804919,1.48739685410619,1.41579011727692));
#4533=CARTESIAN_POINT('',(-1.98871694181105,1.48885133764165,1.41732946068981));
#4534=CARTESIAN_POINT('',(-1.98527363919184,1.49173337841411,1.4202536989969));
#4535=CARTESIAN_POINT('',(-1.98347473736458,1.49316075170069,1.42163772603319));
#4536=CARTESIAN_POINT('',(-1.98161554609223,1.49457334555633,1.42292100973892));
#4537=CARTESIAN_POINT('',(-2.01050350070142,1.47508542528182,1.38068415323258));
#4538=CARTESIAN_POINT('',(-2.00969598136487,1.47667795039678,1.38321053233053));
#4539=CARTESIAN_POINT('',(-2.00872738119444,1.47827754167013,1.38569594061127));
#4540=CARTESIAN_POINT('',(-2.00678982172951,1.48111116893333,1.38999763385814));
#4541=CARTESIAN_POINT('',(-2.00587119373526,1.48234529681819,1.39183709672928));
#4542=CARTESIAN_POINT('',(-2.00457530218575,1.48395421167276,1.39418263977017));
#4543=CARTESIAN_POINT('',(-2.00426405928593,1.48433181873887,1.39472933511819));
#4544=CARTESIAN_POINT('',(-2.00262240962387,1.48627900144772,1.39752793925676));
#4545=CARTESIAN_POINT('',(-2.00118128354382,1.48784238063983,1.39970606029802));
#4546=CARTESIAN_POINT('',(-1.99808991752859,1.49095921693802,1.40389281111921));
#4547=CARTESIAN_POINT('',(-1.99642074239373,1.49251233278645,1.40591947942128));
#4548=CARTESIAN_POINT('',(-1.99294370589645,1.49551637034235,1.40971825950409));
#4549=CARTESIAN_POINT('',(-1.99114426103749,1.49696890216121,1.41149741569511));
#4550=CARTESIAN_POINT('',(-1.98735999888939,1.49983367433288,1.41488530978922));
#4551=CARTESIAN_POINT('',(-1.98537423562929,1.50124565995275,1.41649309023101));
#4552=CARTESIAN_POINT('',(-1.98331067323006,1.50262618543761,1.41799915924465));
#4553=CARTESIAN_POINT('',(-2.0119889943232,1.4793169694746,1.37580660348042));
#4554=CARTESIAN_POINT('',(-2.01119206781004,1.48090081151463,1.37851143200579));
#4555=CARTESIAN_POINT('',(-2.01022991186956,1.48249969455236,1.38116014030233));
#4556=CARTESIAN_POINT('',(-2.00829221719069,1.48533608630658,1.38573834319473));
#4557=CARTESIAN_POINT('',(-2.00736960944681,1.48657277053535,1.38769393175319));
#4558=CARTESIAN_POINT('',(-2.00605904643347,1.48818343924443,1.39018973224857));
#4559=CARTESIAN_POINT('',(-2.00574367463091,1.48856134385157,1.3907716105674));
#4560=CARTESIAN_POINT('',(-2.00407669770069,1.49050908913316,1.39375173182887));
#4561=CARTESIAN_POINT('',(-2.00260172025005,1.49206965431654,1.39607590809342));
#4562=CARTESIAN_POINT('',(-1.99940587450182,1.49516349634587,1.40057009634363));
#4563=CARTESIAN_POINT('',(-1.99767937443946,1.49670701700487,1.4027366357022));
#4564=CARTESIAN_POINT('',(-1.99407561036232,1.49969144944396,1.40679105036899));
#4565=CARTESIAN_POINT('',(-1.99220735086546,1.5011340070017,1.40868672499556));
#4566=CARTESIAN_POINT('',(-1.98826708364819,1.50397391148271,1.41230027530365));
#4567=CARTESIAN_POINT('',(-1.98619403287355,1.50537097792455,1.41401715175696));
#4568=CARTESIAN_POINT('',(-1.98403203105176,1.5067318116747,1.41563270226943));
#4569=CARTESIAN_POINT('',(-2.01339959930124,1.48416190649411,1.37051406470126));
#4570=CARTESIAN_POINT('',(-2.01263636910541,1.4857485800633,1.37338800253581));
#4571=CARTESIAN_POINT('',(-2.01169486996552,1.48734780508766,1.37620886243195));
#4572=CARTESIAN_POINT('',(-2.00977117102452,1.49018229862572,1.38109167922043));
#4573=CARTESIAN_POINT('',(-2.00884705376844,1.49141731454022,1.38317981732642));
#4574=CARTESIAN_POINT('',(-2.0075241152484,1.49302536522185,1.38584658706147));
#4575=CARTESIAN_POINT('',(-2.00720508662264,1.49340262336906,1.38646845870819));
#4576=CARTESIAN_POINT('',(-2.00551531081386,1.49534694472417,1.38965393343358));
#4577=CARTESIAN_POINT('',(-2.00400879606433,1.49690445688766,1.39214004387978));
#4578=CARTESIAN_POINT('',(-2.00072261286525,1.49999369586519,1.39694593812564));
#4579=CARTESIAN_POINT('',(-1.99894058089475,1.5015269946466,1.39926299902047));
#4580=CARTESIAN_POINT('',(-1.99520738396625,1.50448333296276,1.40359913947303));
#4581=CARTESIAN_POINT('',(-1.99326606287237,1.50590834695352,1.40562655626778));
#4582=CARTESIAN_POINT('',(-1.98915917394611,1.50871220540172,1.40949076804114));
#4583=CARTESIAN_POINT('',(-1.98699245488076,1.51009076481861,1.41132649130232));
#4584=CARTESIAN_POINT('',(-1.98472634520036,1.51143601619726,1.41305344233397));
#4585=CARTESIAN_POINT('',(-2.01354279777023,1.48466546823155,1.36996741471297));
#4586=CARTESIAN_POINT('',(-2.01278331828294,1.48625258469142,1.37285850450078));
#4587=CARTESIAN_POINT('',(-2.0118441093583,1.48785181297226,1.37569711635276));
#4588=CARTESIAN_POINT('',(-2.00992200579357,1.49068594253832,1.38061153781889));
#4589=CARTESIAN_POINT('',(-2.0089977553436,1.49192067564236,1.38271349357507));
#4590=CARTESIAN_POINT('',(-2.00767356893732,1.49352833384915,1.38539807406564));
#4591=CARTESIAN_POINT('',(-2.00735416978363,1.49390549816555,1.38602411115094));
#4592=CARTESIAN_POINT('',(-2.00566208277832,1.49584934263766,1.38923095842533));
#4593=CARTESIAN_POINT('',(-2.00415236752052,1.49740649529223,1.39173386944882));
#4594=CARTESIAN_POINT('',(-2.00085714393077,1.50049550936872,1.39657166517529));
#4595=CARTESIAN_POINT('',(-1.99906933018448,1.50202808047707,1.39890424797559));
#4596=CARTESIAN_POINT('',(-1.99532253254875,1.50498227330767,1.40326952393774));
#4597=CARTESIAN_POINT('',(-1.99337348496031,1.50640589879133,1.40531060634066));
#4598=CARTESIAN_POINT('',(-1.98924910261686,1.50920673373698,1.40920076533665));
#4599=CARTESIAN_POINT('',(-1.98707260587633,1.51058365687786,1.41104876238928));
#4600=CARTESIAN_POINT('',(-1.98479578469789,1.51192737115179,1.41278711993159));
#4601=CARTESIAN_POINT('',(-2.01382984546469,1.48569853098764,1.36885256681053));
#4602=CARTESIAN_POINT('',(-2.01307861077073,1.48728689464714,1.37177798132443));
#4603=CARTESIAN_POINT('',(-2.01214445914171,1.48888627671965,1.37465257961194));
#4604=CARTESIAN_POINT('',(-2.01022603256733,1.49171980112825,1.3796313845556));
#4605=CARTESIAN_POINT('',(-2.00930160784475,1.49295397562964,1.38176159454046));
#4606=CARTESIAN_POINT('',(-2.00797499610888,1.49456087742109,1.38448259159789));
#4607=CARTESIAN_POINT('',(-2.00765486884486,1.49493786217301,1.38511714530056));
#4608=CARTESIAN_POINT('',(-2.00595821969406,1.49688081101433,1.38836767355052));
#4609=CARTESIAN_POINT('',(-2.00444212898774,1.49843734639182,1.39090486338889));
#4610=CARTESIAN_POINT('',(-2.00112906678682,1.50152648258182,1.39580714511302));
#4611=CARTESIAN_POINT('',(-1.99932954341454,1.50305777835888,1.39817137215405));
#4612=CARTESIAN_POINT('',(-1.99555497870598,1.50600792705777,1.40259623700812));
#4613=CARTESIAN_POINT('',(-1.99359006986312,1.5074288465893,1.40466536218304));
#4614=CARTESIAN_POINT('',(-1.98942983938985,1.51022376967019,1.40860864503648));
#4615=CARTESIAN_POINT('',(-1.98723333404582,1.51159748428797,1.41048170643611));
#4616=CARTESIAN_POINT('',(-1.98493472301996,1.51293823702729,1.41224313387744));
#4617=CARTESIAN_POINT('',(-2.01397338784278,1.48622806929064,1.36828463594962));
#4618=CARTESIAN_POINT('',(-2.01322652264068,1.4878172344911,1.3712274068574));
#4619=CARTESIAN_POINT('',(-2.01229513526813,1.48941679187488,1.37412025656799));
#4620=CARTESIAN_POINT('',(-2.01037887152984,1.49225012508717,1.37913174852914));
#4621=CARTESIAN_POINT('',(-2.00945447055894,1.49348404731556,1.38127631334331));
#4622=CARTESIAN_POINT('',(-2.00812675253033,1.49509060771067,1.38401581991868));
#4623=CARTESIAN_POINT('',(-2.00780628341519,1.49546751144333,1.38465470296723));
#4624=CARTESIAN_POINT('',(-2.00610745409472,1.49741006117537,1.38792743717295));
#4625=CARTESIAN_POINT('',(-2.00458821379586,1.4989663357852,1.39048204933122));
#4626=CARTESIAN_POINT('',(-2.00126618813891,1.50205575641359,1.39541710717237));
#4627=CARTESIAN_POINT('',(-1.99946077674853,1.50358640155702,1.39779744927852));
#4628=CARTESIAN_POINT('',(-1.99567220672161,1.50653440736937,1.40225269464397));
#4629=CARTESIAN_POINT('',(-1.99369927930601,1.50795387041407,1.40433613499975));
#4630=CARTESIAN_POINT('',(-1.98952087016578,1.51074566523218,1.40830652218513));
#4631=CARTESIAN_POINT('',(-1.98731420004161,1.51211770406348,1.4101923568896));
#4632=CARTESIAN_POINT('',(-1.98500449049385,1.51345698623035,1.41196550679199));
#4633=CARTESIAN_POINT('',(-2.01536639085502,1.49149442969905,1.36267056452464));
#4634=CARTESIAN_POINT('',(-2.01466435881563,1.49309305092573,1.36578368713696));
#4635=CARTESIAN_POINT('',(-2.0137620604973,1.49469520116632,1.36885624031799));
#4636=CARTESIAN_POINT('',(-2.01186986377055,1.49752763984534,1.3741899121285));
#4637=CARTESIAN_POINT('',(-2.01094672917581,1.49875932148051,1.37647607285217));
#4638=CARTESIAN_POINT('',(-2.00960926076922,1.5003628568019,1.3793982247956));
#4639=CARTESIAN_POINT('',(-2.00928567911062,1.50073904322549,1.38007983345504));
#4640=CARTESIAN_POINT('',(-2.00756662147425,1.50267811092133,1.38357172123563));
#4641=CARTESIAN_POINT('',(-2.0060171595098,1.50423225941593,1.38629822685875));
#4642=CARTESIAN_POINT('',(-2.00260776064084,1.50732651396725,1.39155658449883));
#4643=CARTESIAN_POINT('',(-2.00074486156044,1.50885079653174,1.39409616845288));
#4644=CARTESIAN_POINT('',(-1.99681911577214,1.51177706220021,1.39885193529693));
#4645=CARTESIAN_POINT('',(-1.99476746600892,1.51318153372194,1.4010771448475));
#4646=CARTESIAN_POINT('',(-1.99041009031444,1.51594151574569,1.40531582750097));
#4647=CARTESIAN_POINT('',(-1.98810318950875,1.51729666819019,1.40732796335726));
#4648=CARTESIAN_POINT('',(-1.98568380710675,1.51862173316253,1.40921670788441));
#4649=CARTESIAN_POINT('',(-2.0163660471459,1.49631224022545,1.35780722785107));
#4650=CARTESIAN_POINT('',(-2.01571603196027,1.49793139980021,1.36105793369972));
#4651=CARTESIAN_POINT('',(-2.01485274694709,1.499542241677,1.36428083747374));
#4652=CARTESIAN_POINT('',(-2.013002144578,1.5023807890041,1.36988719062192));
#4653=CARTESIAN_POINT('',(-2.01208795807233,1.503611979364,1.37229417646774));
#4654=CARTESIAN_POINT('',(-2.01075105698945,1.50521500957562,1.37537265369448));
#4655=CARTESIAN_POINT('',(-2.01042680619858,1.50559108812568,1.37609086723476));
#4656=CARTESIAN_POINT('',(-2.00870029774981,1.50753009414132,1.37977051296519));
#4657=CARTESIAN_POINT('',(-2.00713167280318,1.50908557305726,1.38264370419228));
#4658=CARTESIAN_POINT('',(-2.00365659900223,1.5122003127793,1.38817620120053));
#4659=CARTESIAN_POINT('',(-2.00174944097337,1.51372021984067,1.39085317171431));
#4660=CARTESIAN_POINT('',(-1.99771448156161,1.51662465896424,1.39587079455059));
#4661=CARTESIAN_POINT('',(-1.99559863769965,1.51801226096566,1.39822087900556));
#4662=CARTESIAN_POINT('',(-1.99109158621649,1.52073897089732,1.40269481235179));
#4663=CARTESIAN_POINT('',(-1.98869969885146,1.52207745715258,1.40481657694515));
#4664=CARTESIAN_POINT('',(-1.98618571797918,1.5233927964406,1.40680306133345));
#4665=CARTESIAN_POINT('',(-2.01814581909248,1.50714053706778,1.34734239142294));
#4666=CARTESIAN_POINT('',(-2.01763085852527,1.50881243859347,1.35088118779288));
#4667=CARTESIAN_POINT('',(-2.01687317751438,1.51045016528825,1.35442155178523));
#4668=CARTESIAN_POINT('',(-2.01514456703823,1.51331484548895,1.36060553263907));
#4669=CARTESIAN_POINT('',(-2.0142618785647,1.51455010545376,1.36326902280961));
#4670=CARTESIAN_POINT('',(-2.01294053101474,1.51615800007567,1.36668039541575));
#4671=CARTESIAN_POINT('',(-2.01261808645154,1.51653519103905,1.36747663573608));
#4672=CARTESIAN_POINT('',(-2.01089181183242,1.51848068502274,1.37155684152044));
#4673=CARTESIAN_POINT('',(-2.00929363440097,1.52004306378856,1.37474351580963));
#4674=CARTESIAN_POINT('',(-2.00569766596431,1.5232083320614,1.38086624088257));
#4675=CARTESIAN_POINT('',(-2.00370326541052,1.52472369396385,1.3838389471813));
#4676=CARTESIAN_POINT('',(-1.99944518139681,1.52759043829991,1.38942096244092));
#4677=CARTESIAN_POINT('',(-1.99719512032778,1.528946187566,1.39204063407759));
#4678=CARTESIAN_POINT('',(-1.99237140597219,1.53160606087008,1.39702213575331));
#4679=CARTESIAN_POINT('',(-1.98979861958884,1.53290875673783,1.39937973046986));
#4680=CARTESIAN_POINT('',(-1.98708305829348,1.53419920573158,1.40157565935487));
#4681=CARTESIAN_POINT('',(-2.01883028016812,1.51317862188069,1.3418139375286));
#4682=CARTESIAN_POINT('',(-2.01840263939336,1.51488429121048,1.34549956753386));
#4683=CARTESIAN_POINT('',(-2.01771581291296,1.51654233246774,1.34920312398024));
#4684=CARTESIAN_POINT('',(-2.0160743369513,1.51943087544756,1.35568509336131));
#4685=CARTESIAN_POINT('',(-2.01521687167765,1.5206723904602,1.35848121523934));
#4686=CARTESIAN_POINT('',(-2.0139137827619,1.52228763744002,1.36206549780404));
#4687=CARTESIAN_POINT('',(-2.01359456620628,1.52266649787568,1.36290232395922));
#4688=CARTESIAN_POINT('',(-2.01187980011241,1.52462073738402,1.3671911581741));
#4689=CARTESIAN_POINT('',(-2.01027415270043,1.52618999855687,1.37054162608416));
#4690=CARTESIAN_POINT('',(-2.00662832550445,1.52938641970803,1.37697663471397));
#4691=CARTESIAN_POINT('',(-2.00459361365332,1.5309020923162,1.38010571254244));
#4692=CARTESIAN_POINT('',(-2.00022654515252,1.5337536432404,1.38598661359225));
#4693=CARTESIAN_POINT('',(-1.99790870271524,1.53509462149467,1.38874933287147));
#4694=CARTESIAN_POINT('',(-1.99292206728068,1.53772084609648,1.39399997542271));
#4695=CARTESIAN_POINT('',(-1.99025528906762,1.53900407536726,1.3964821522228));
#4696=CARTESIAN_POINT('',(-1.98743451285153,1.54027863748966,1.3987882139244));
#4697=CARTESIAN_POINT('',(-2.01977731229492,1.52592481192516,1.33064370290037));
#4698=CARTESIAN_POINT('',(-2.01954845468436,1.52767786049508,1.33464146825671));
#4699=CARTESIAN_POINT('',(-2.01902513735925,1.52938053870177,1.33867260640364));
#4700=CARTESIAN_POINT('',(-2.01759448958418,1.53233807011977,1.34574301300045));
#4701=CARTESIAN_POINT('',(-2.01680265396765,1.53360613380402,1.34879790473256));
#4702=CARTESIAN_POINT('',(-2.01555432182833,1.53525079942384,1.35272171291311));
#4703=CARTESIAN_POINT('',(-2.01524572967499,1.53563619224706,1.35363838924594));
#4704=CARTESIAN_POINT('',(-2.01357480061317,1.53762194937585,1.35833926634759));
#4705=CARTESIAN_POINT('',(-2.0119685183011,1.53920819787394,1.36201891109697));
#4706=CARTESIAN_POINT('',(-2.00824665601871,1.54242468855794,1.36911241617332));
#4707=CARTESIAN_POINT('',(-2.00613850417866,1.54394132488729,1.37256158739415));
#4708=CARTESIAN_POINT('',(-2.00156255272589,1.54677561283813,1.37904644040955));
#4709=CARTESIAN_POINT('',(-1.99911134100046,1.54809930012216,1.38209435870374));
#4710=CARTESIAN_POINT('',(-1.99380204821946,1.55066813735723,1.38788476670132));
#4711=CARTESIAN_POINT('',(-1.99094792772238,1.55191016426327,1.39061888135292));
#4712=CARTESIAN_POINT('',(-1.98791805399038,1.55312989463033,1.39315525317868));
#4713=CARTESIAN_POINT('',(-2.02,1.53264782434638,1.32503002181293));
#4714=CARTESIAN_POINT('',(-2.01988400240124,1.53441259395608,1.32919361363707));
#4715=CARTESIAN_POINT('',(-2.0194547145254,1.53613970116927,1.33338813981544));
#4716=CARTESIAN_POINT('',(-2.01815032188147,1.53914374617866,1.34074636995354));
#4717=CARTESIAN_POINT('',(-2.01740004558743,1.54043311286109,1.34392597431439));
#4718=CARTESIAN_POINT('',(-2.01618967751594,1.54210088231717,1.34801471748716));
#4719=CARTESIAN_POINT('',(-2.0158888231291,1.54249136139066,1.34897027643753));
#4720=CARTESIAN_POINT('',(-2.01425195639268,1.54450084852729,1.3538727351189));
#4721=CARTESIAN_POINT('',(-2.01265379658892,1.54609733745919,1.35771678992407));
#4722=CARTESIAN_POINT('',(-2.00890804823385,1.54929905257727,1.36515718317567));
#4723=CARTESIAN_POINT('',(-2.00676797159581,1.55081606517883,1.36876940234678));
#4724=CARTESIAN_POINT('',(-2.00209448265145,1.5536486874251,1.37555723976134));
#4725=CARTESIAN_POINT('',(-1.99957884941499,1.55497049428001,1.37874592597604));
#4726=CARTESIAN_POINT('',(-1.99411203035672,1.55751588492326,1.38480471165509));
#4727=CARTESIAN_POINT('',(-1.99116556520666,1.55873583954772,1.38766536208105));
#4728=CARTESIAN_POINT('',(-1.98803263321866,1.55991483273087,1.39032199103061));
#4729=CARTESIAN_POINT('',(-2.02,1.53948085775372,1.31955410846827));
#4730=CARTESIAN_POINT('',(-2.02,1.54122436553393,1.32390533026043));
#4731=CARTESIAN_POINT('',(-2.01966921980288,1.5429702466372,1.32826247508606));
#4732=CARTESIAN_POINT('',(-2.01850492363058,1.54602817410673,1.33589405596869));
#4733=CARTESIAN_POINT('',(-2.01780409616927,1.54734794212778,1.33918776273558));
#4734=CARTESIAN_POINT('',(-2.01664206219811,1.54904744705121,1.34342916787445));
#4735=CARTESIAN_POINT('',(-2.01635138556049,1.54944480338722,1.34442083855589));
#4736=CARTESIAN_POINT('',(-2.01476085626544,1.55148486370551,1.34951215791504));
#4737=CARTESIAN_POINT('',(-2.01317925922196,1.55308947400969,1.35351673730536));
#4738=CARTESIAN_POINT('',(-2.00942125443946,1.55621958950251,1.36132847574367));
#4739=CARTESIAN_POINT('',(-2.00725331469845,1.55773248304161,1.36510416026383));
#4740=CARTESIAN_POINT('',(-2.0024898625965,1.5605699360367,1.37218550939607));
#4741=CARTESIAN_POINT('',(-1.99991356779704,1.56190016800917,1.37550533074297));
#4742=CARTESIAN_POINT('',(-1.99429824983269,1.56442986228413,1.38181861536464));
#4743=CARTESIAN_POINT('',(-1.99126380294753,1.56562552014934,1.38480258401573));
#4744=CARTESIAN_POINT('',(-1.98803263325384,1.56674111499932,1.38758674172211));
#4745=EDGE_LOOP('',(#6929,#6930,#6931));
#4746=AXIS2_PLACEMENT_3D('',#6932,#6933,#6934);
#4747=EDGE_LOOP('',(#6935,#6936,#6937,#6938));
#4748=AXIS2_PLACEMENT_3D('',#6939,#6940,#6941);
#4749=EDGE_LOOP('',(#6942,#6943,#6944,#6945));
#4750=AXIS2_PLACEMENT_3D('',#6946,#6947,#6948);
#4751=EDGE_LOOP('',(#6949,#6950,#6951,#6952));
#4752=AXIS2_PLACEMENT_3D('',#6953,#6954,#6955);
#4753=EDGE_LOOP('',(#6956,#6957,#6958,#6959,#6960,#6961));
#4754=AXIS2_PLACEMENT_3D('',#6962,#6963,#6964);
#4755=EDGE_LOOP('',(#6965,#6966,#6967,#6968));
#4756=AXIS2_PLACEMENT_3D('',#6969,#6970,#6971);
#4757=EDGE_LOOP('',(#6972,#6973,#6974,#6975,#6976,#6977));
#4758=AXIS2_PLACEMENT_3D('',#6978,#6979,#6980);
#4759=EDGE_LOOP('',(#6981,#6982,#6983,#6984));
#4760=AXIS2_PLACEMENT_3D('',#6985,#6986,#6987);
#4761=EDGE_LOOP('',(#6988,#6989,#6990,#6991));
#4762=AXIS2_PLACEMENT_3D('',#6992,#6993,#6994);
#4763=EDGE_LOOP('',(#6995,#6996,#6997,#6998,#6999,#7000));
#4764=AXIS2_PLACEMENT_3D('',#7001,#7002,#7003);
#4765=EDGE_LOOP('',(#7004,#7005,#7006,#7007,#7008,#7009));
#4766=AXIS2_PLACEMENT_3D('',#7010,#7011,#7012);
#4767=EDGE_LOOP('',(#7013,#7014,#7015,#7016));
#4768=AXIS2_PLACEMENT_3D('',#7017,#7018,#7019);
#4769=EDGE_LOOP('',(#7020,#7021,#7022,#7023));
#4770=AXIS2_PLACEMENT_3D('',#7024,#7025,#7026);
#4771=EDGE_LOOP('',(#7027,#7028,#7029,#7030));
#4772=AXIS2_PLACEMENT_3D('',#7031,#7032,#7033);
#4773=EDGE_LOOP('',(#7034,#7035,#7036,#7037));
#4774=AXIS2_PLACEMENT_3D('',#7038,#7039,#7040);
#4775=EDGE_LOOP('',(#7041,#7042,#7043,#7044));
#4776=AXIS2_PLACEMENT_3D('',#7045,#7046,#7047);
#4777=EDGE_LOOP('',(#7048,#7049,#7050,#7051));
#4778=AXIS2_PLACEMENT_3D('',#7052,#7053,#7054);
#4779=EDGE_LOOP('',(#7055,#7056,#7057,#7058));
#4780=AXIS2_PLACEMENT_3D('',#7059,#7060,#7061);
#4781=EDGE_LOOP('',(#7062,#7063,#7064,#7065,#7066,#7067));
#4782=AXIS2_PLACEMENT_3D('',#7068,#7069,#7070);
#4783=EDGE_LOOP('',(#7071,#7072,#7073,#7074));
#4784=AXIS2_PLACEMENT_3D('',#7075,#7076,#7077);
#4785=EDGE_LOOP('',(#7078,#7079,#7080,#7081,#7082,#7083));
#4786=AXIS2_PLACEMENT_3D('',#7084,#7085,#7086);
#4787=EDGE_LOOP('',(#7087,#7088,#7089,#7090));
#4788=AXIS2_PLACEMENT_3D('',#7091,#7092,#7093);
#4789=EDGE_LOOP('',(#7094,#7095,#7096,#7097));
#4790=AXIS2_PLACEMENT_3D('',#7098,#7099,#7100);
#4791=EDGE_LOOP('',(#7101,#7102,#7103,#7104,#7105,#7106));
#4792=AXIS2_PLACEMENT_3D('',#7107,#7108,#7109);
#4793=EDGE_LOOP('',(#7110,#7111,#7112,#7113,#7114,#7115));
#4794=AXIS2_PLACEMENT_3D('',#7116,#7117,#7118);
#4795=EDGE_LOOP('',(#7119,#7120,#7121,#7122));
#4796=AXIS2_PLACEMENT_3D('',#7123,#7124,#7125);
#4797=EDGE_LOOP('',(#7126,#7127,#7128,#7129));
#4798=AXIS2_PLACEMENT_3D('',#7130,#7131,#7132);
#4799=EDGE_LOOP('',(#7133,#7134,#7135,#7136));
#4800=AXIS2_PLACEMENT_3D('',#7137,#7138,#7139);
#4801=EDGE_LOOP('',(#7140,#7141,#7142,#7143));
#4802=AXIS2_PLACEMENT_3D('',#7144,#7145,#7146);
#4803=EDGE_LOOP('',(#7147,#7148,#7149,#7150));
#4804=AXIS2_PLACEMENT_3D('',#7151,#7152,#7153);
#4805=ORIENTED_EDGE('',*,*,#7154,.F.);
#4806=ORIENTED_EDGE('',*,*,#7155,.T.);
#4807=ORIENTED_EDGE('',*,*,#7156,.F.);
#4808=CARTESIAN_POINT('',(-1.31088311754569,1.75,1.37612265096319));
#4809=DIRECTION('',(0.0,1.0,0.0));
#4810=DIRECTION('',(-1.0,0.0,0.0));
#4811=ORIENTED_EDGE('',*,*,#7157,.F.);
#4812=ORIENTED_EDGE('',*,*,#7158,.F.);
#4813=ORIENTED_EDGE('',*,*,#7159,.F.);
#4814=CARTESIAN_POINT('',(-1.31088311754569,1.65,1.37612265096319));
#4815=DIRECTION('',(0.0,1.0,0.0));
#4816=DIRECTION('',(-1.0,0.0,0.0));
#4817=ORIENTED_EDGE('',*,*,#7160,.F.);
#4818=ORIENTED_EDGE('',*,*,#7161,.T.);
#4819=ORIENTED_EDGE('',*,*,#7162,.F.);
#4820=ORIENTED_EDGE('',*,*,#7163,.T.);
#4821=CARTESIAN_POINT('',(-1.87656854249492,1.85,0.810437226013957));
#4822=DIRECTION('',(0.0,1.0,-0.0));
#4823=DIRECTION('',(0.0,0.0,1.0));
#4824=ORIENTED_EDGE('',*,*,#7164,.F.);
#4825=ORIENTED_EDGE('',*,*,#7165,.T.);
#4826=ORIENTED_EDGE('',*,*,#7166,.F.);
#4827=CARTESIAN_POINT('',(1.31088311754569,1.75,1.37612265096319));
#4828=DIRECTION('',(0.0,-1.0,0.0));
#4829=DIRECTION('',(1.0,0.0,0.0));
#4830=ORIENTED_EDGE('',*,*,#7167,.F.);
#4831=ORIENTED_EDGE('',*,*,#7168,.T.);
#4832=ORIENTED_EDGE('',*,*,#7169,.T.);
#4833=CARTESIAN_POINT('',(1.31088311754569,1.65,1.37612265096319));
#4834=DIRECTION('',(0.0,-1.0,0.0));
#4835=DIRECTION('',(1.0,0.0,0.0));
#4836=ORIENTED_EDGE('',*,*,#7170,.F.);
#4837=ORIENTED_EDGE('',*,*,#7171,.F.);
#4838=ORIENTED_EDGE('',*,*,#7172,.F.);
#4839=ORIENTED_EDGE('',*,*,#7173,.F.);
#4840=CARTESIAN_POINT('',(1.87656854249492,1.85,0.810437226013957));
#4841=DIRECTION('',(0.0,1.0,-0.0));
#4842=DIRECTION('',(0.0,0.0,1.0));
#4843=ORIENTED_EDGE('',*,*,#7174,.F.);
#4844=ORIENTED_EDGE('',*,*,#7175,.T.);
#4845=ORIENTED_EDGE('',*,*,#7176,.F.);
#4846=CARTESIAN_POINT('',(-1.31088311754569,1.75,-1.37612265096319));
#4847=DIRECTION('',(0.0,-1.0,0.0));
#4848=DIRECTION('',(-1.0,0.0,0.0));
#4849=ORIENTED_EDGE('',*,*,#7177,.F.);
#4850=ORIENTED_EDGE('',*,*,#7178,.T.);
#4851=ORIENTED_EDGE('',*,*,#7179,.T.);
#4852=CARTESIAN_POINT('',(-1.31088311754569,1.65,-1.37612265096319));
#4853=DIRECTION('',(0.0,-1.0,0.0));
#4854=DIRECTION('',(-1.0,0.0,0.0));
#4855=ORIENTED_EDGE('',*,*,#7180,.F.);
#4856=ORIENTED_EDGE('',*,*,#7181,.F.);
#4857=ORIENTED_EDGE('',*,*,#7182,.F.);
#4858=ORIENTED_EDGE('',*,*,#7183,.F.);
#4859=CARTESIAN_POINT('',(-1.87656854249492,1.85,-0.810437226013957));
#4860=DIRECTION('',(0.0,1.0,0.0));
#4861=DIRECTION('',(0.0,0.0,-1.0));
#4862=ORIENTED_EDGE('',*,*,#7184,.F.);
#4863=ORIENTED_EDGE('',*,*,#7185,.T.);
#4864=ORIENTED_EDGE('',*,*,#7186,.F.);
#4865=CARTESIAN_POINT('',(1.31088311754569,1.75,-1.37612265096319));
#4866=DIRECTION('',(0.0,1.0,0.0));
#4867=DIRECTION('',(1.0,0.0,0.0));
#4868=ORIENTED_EDGE('',*,*,#7187,.F.);
#4869=ORIENTED_EDGE('',*,*,#7188,.F.);
#4870=ORIENTED_EDGE('',*,*,#7189,.F.);
#4871=CARTESIAN_POINT('',(1.31088311754569,1.65,-1.37612265096319));
#4872=DIRECTION('',(0.0,1.0,0.0));
#4873=DIRECTION('',(1.0,0.0,0.0));
#4874=ORIENTED_EDGE('',*,*,#7190,.F.);
#4875=ORIENTED_EDGE('',*,*,#7191,.T.);
#4876=ORIENTED_EDGE('',*,*,#7192,.F.);
#4877=ORIENTED_EDGE('',*,*,#7193,.T.);
#4878=CARTESIAN_POINT('',(1.87656854249492,1.85,-0.810437226013957));
#4879=DIRECTION('',(0.0,1.0,0.0));
#4880=DIRECTION('',(0.0,0.0,-1.0));
#4881=ORIENTED_EDGE('',*,*,#7194,.T.);
#4882=ORIENTED_EDGE('',*,*,#7195,.F.);
#4883=ORIENTED_EDGE('',*,*,#7196,.T.);
#4884=ORIENTED_EDGE('',*,*,#7197,.T.);
#4885=ORIENTED_EDGE('',*,*,#7198,.F.);
#4886=ORIENTED_EDGE('',*,*,#7199,.F.);
#4887=ORIENTED_EDGE('',*,*,#7200,.F.);
#4888=ORIENTED_EDGE('',*,*,#7201,.F.);
#4889=CARTESIAN_POINT('',(-1.36,1.55,-1.6));
#4890=DIRECTION('',(0.0,0.0,1.0));
#4891=DIRECTION('',(1.0,-0.0,0.0));
#4892=ORIENTED_EDGE('',*,*,#7202,.T.);
#4893=ORIENTED_EDGE('',*,*,#7203,.T.);
#4894=ORIENTED_EDGE('',*,*,#7204,.T.);
#4895=ORIENTED_EDGE('',*,*,#7205,.F.);
#4896=ORIENTED_EDGE('',*,*,#7206,.F.);
#4897=ORIENTED_EDGE('',*,*,#7207,.T.);
#4898=ORIENTED_EDGE('',*,*,#7208,.F.);
#4899=ORIENTED_EDGE('',*,*,#7209,.F.);
#4900=CARTESIAN_POINT('',(-1.36,1.55,1.6));
#4901=DIRECTION('',(0.0,0.0,-1.0));
#4902=DIRECTION('',(0.0,-1.0,0.0));
#4903=ORIENTED_EDGE('',*,*,#7210,.T.);
#4904=ORIENTED_EDGE('',*,*,#7211,.T.);
#4905=ORIENTED_EDGE('',*,*,#7212,.T.);
#4906=ORIENTED_EDGE('',*,*,#7197,.F.);
#4907=ORIENTED_EDGE('',*,*,#7213,.F.);
#4908=ORIENTED_EDGE('',*,*,#7214,.F.);
#4909=ORIENTED_EDGE('',*,*,#7215,.F.);
#4910=ORIENTED_EDGE('',*,*,#7216,.F.);
#4911=ORIENTED_EDGE('',*,*,#7217,.F.);
#4912=ORIENTED_EDGE('',*,*,#7218,.F.);
#4913=ORIENTED_EDGE('',*,*,#7219,.T.);
#4914=ORIENTED_EDGE('',*,*,#7205,.T.);
#4915=ORIENTED_EDGE('',*,*,#7220,.F.);
#4916=ORIENTED_EDGE('',*,*,#7221,.T.);
#4917=ORIENTED_EDGE('',*,*,#7222,.T.);
#4918=ORIENTED_EDGE('',*,*,#7223,.T.);
#4919=ORIENTED_EDGE('',*,*,#7224,.T.);
#4920=ORIENTED_EDGE('',*,*,#7225,.T.);
#4921=ORIENTED_EDGE('',*,*,#7226,.F.);
#4922=ORIENTED_EDGE('',*,*,#7227,.F.);
#4923=ORIENTED_EDGE('',*,*,#7228,.F.);
#4924=ORIENTED_EDGE('',*,*,#7229,.F.);
#4925=ORIENTED_EDGE('',*,*,#7230,.F.);
#4926=ORIENTED_EDGE('',*,*,#7231,.T.);
#4927=ORIENTED_EDGE('',*,*,#7232,.T.);
#4928=ORIENTED_EDGE('',*,*,#7233,.T.);
#4929=ORIENTED_EDGE('',*,*,#7234,.T.);
#4930=ORIENTED_EDGE('',*,*,#7235,.T.);
#4931=ORIENTED_EDGE('',*,*,#7236,.T.);
#4932=ORIENTED_EDGE('',*,*,#7237,.F.);
#4933=ORIENTED_EDGE('',*,*,#7238,.F.);
#4934=ORIENTED_EDGE('',*,*,#7239,.F.);
#4935=ORIENTED_EDGE('',*,*,#7240,.F.);
#4936=ORIENTED_EDGE('',*,*,#7241,.F.);
#4937=ORIENTED_EDGE('',*,*,#7242,.T.);
#4938=ORIENTED_EDGE('',*,*,#7243,.T.);
#4939=CARTESIAN_POINT('',(1.31,0.0700000000000006,-0.84357864376269));
#4940=DIRECTION('',(0.0,1.0,0.0));
#4941=DIRECTION('',(1.0,0.0,-0.0));
#4942=ORIENTED_EDGE('',*,*,#7244,.T.);
#4943=ORIENTED_EDGE('',*,*,#7245,.T.);
#4944=ORIENTED_EDGE('',*,*,#7246,.T.);
#4945=ORIENTED_EDGE('',*,*,#7247,.T.);
#4946=ORIENTED_EDGE('',*,*,#7248,.T.);
#4947=ORIENTED_EDGE('',*,*,#7249,.T.);
#4948=ORIENTED_EDGE('',*,*,#7201,.T.);
#4949=ORIENTED_EDGE('',*,*,#7250,.T.);
#4950=ORIENTED_EDGE('',*,*,#7251,.F.);
#4951=ORIENTED_EDGE('',*,*,#7252,.F.);
#4952=ORIENTED_EDGE('',*,*,#7253,.F.);
#4953=ORIENTED_EDGE('',*,*,#7254,.F.);
#4954=ORIENTED_EDGE('',*,*,#7255,.F.);
#4955=ORIENTED_EDGE('',*,*,#7256,.T.);
#4956=ORIENTED_EDGE('',*,*,#7257,.T.);
#4957=ORIENTED_EDGE('',*,*,#7258,.T.);
#4958=ORIENTED_EDGE('',*,*,#7259,.T.);
#4959=ORIENTED_EDGE('',*,*,#7260,.T.);
#4960=ORIENTED_EDGE('',*,*,#7261,.T.);
#4961=ORIENTED_EDGE('',*,*,#7262,.T.);
#4962=ORIENTED_EDGE('',*,*,#7263,.T.);
#4963=ORIENTED_EDGE('',*,*,#7264,.T.);
#4964=ORIENTED_EDGE('',*,*,#7209,.T.);
#4965=ORIENTED_EDGE('',*,*,#7265,.T.);
#4966=ORIENTED_EDGE('',*,*,#7266,.F.);
#4967=ORIENTED_EDGE('',*,*,#7267,.F.);
#4968=ORIENTED_EDGE('',*,*,#7268,.F.);
#4969=ORIENTED_EDGE('',*,*,#7269,.F.);
#4970=ORIENTED_EDGE('',*,*,#7270,.F.);
#4971=ORIENTED_EDGE('',*,*,#7271,.T.);
#4972=ORIENTED_EDGE('',*,*,#7272,.T.);
#4973=ORIENTED_EDGE('',*,*,#7273,.T.);
#4974=ORIENTED_EDGE('',*,*,#7274,.F.);
#4975=ORIENTED_EDGE('',*,*,#7275,.F.);
#4976=ORIENTED_EDGE('',*,*,#7276,.F.);
#4977=ORIENTED_EDGE('',*,*,#7277,.F.);
#4978=ORIENTED_EDGE('',*,*,#7278,.F.);
#4979=ORIENTED_EDGE('',*,*,#7279,.F.);
#4980=ORIENTED_EDGE('',*,*,#7280,.F.);
#4981=ORIENTED_EDGE('',*,*,#7281,.F.);
#4982=ORIENTED_EDGE('',*,*,#7282,.F.);
#4983=ORIENTED_EDGE('',*,*,#7283,.F.);
#4984=ORIENTED_EDGE('',*,*,#7284,.F.);
#4985=ORIENTED_EDGE('',*,*,#7285,.F.);
#4986=CARTESIAN_POINT('',(1.46,1.55,1.41085353161738));
#4987=DIRECTION('',(0.0,-1.0,0.0));
#4988=DIRECTION('',(0.0,0.0,-1.0));
#4989=ORIENTED_EDGE('',*,*,#7286,.T.);
#4990=ORIENTED_EDGE('',*,*,#7287,.F.);
#4991=ORIENTED_EDGE('',*,*,#7288,.F.);
#4992=ORIENTED_EDGE('',*,*,#7289,.F.);
#4993=CARTESIAN_POINT('',(1.46,1.45,1.41085353161738));
#4994=DIRECTION('',(0.0,-1.0,0.0));
#4995=DIRECTION('',(0.0,0.0,-1.0));
#4996=ORIENTED_EDGE('',*,*,#7290,.F.);
#4997=ORIENTED_EDGE('',*,*,#7291,.F.);
#4998=ORIENTED_EDGE('',*,*,#7292,.F.);
#4999=ORIENTED_EDGE('',*,*,#7293,.F.);
#5000=CARTESIAN_POINT('',(1.46,1.45,1.41085353161738));
#5001=DIRECTION('',(0.0,-1.0,0.0));
#5002=DIRECTION('',(0.0,0.0,-1.0));
#5003=ORIENTED_EDGE('',*,*,#7294,.T.);
#5004=ORIENTED_EDGE('',*,*,#7295,.F.);
#5005=ORIENTED_EDGE('',*,*,#7296,.F.);
#5006=ORIENTED_EDGE('',*,*,#7265,.F.);
#5007=ORIENTED_EDGE('',*,*,#7208,.T.);
#5008=CARTESIAN_POINT('',(1.36,1.55,1.6));
#5009=DIRECTION('',(-1.0,0.0,0.0));
#5010=DIRECTION('',(0.0,0.0,1.0));
#5011=ORIENTED_EDGE('',*,*,#7297,.T.);
#5012=ORIENTED_EDGE('',*,*,#7298,.F.);
#5013=ORIENTED_EDGE('',*,*,#7299,.F.);
#5014=ORIENTED_EDGE('',*,*,#7295,.T.);
#5015=CARTESIAN_POINT('',(1.46,1.55,1.41085353161738));
#5016=DIRECTION('',(0.0,1.0,0.0));
#5017=DIRECTION('',(0.0,0.0,-1.0));
#5018=ORIENTED_EDGE('',*,*,#7300,.T.);
#5019=ORIENTED_EDGE('',*,*,#7301,.F.);
#5020=ORIENTED_EDGE('',*,*,#7302,.F.);
#5021=ORIENTED_EDGE('',*,*,#7298,.T.);
#5022=CARTESIAN_POINT('',(1.38928932188135,1.55,1.34014285349873));
#5023=DIRECTION('',(-0.707106781186546,0.0,-0.707106781186549));
#5024=DIRECTION('',(-0.707106781186549,0.0,0.707106781186546));
#5025=ORIENTED_EDGE('',*,*,#7303,.T.);
#5026=ORIENTED_EDGE('',*,*,#7304,.F.);
#5027=ORIENTED_EDGE('',*,*,#7305,.F.);
#5028=ORIENTED_EDGE('',*,*,#7301,.T.);
#5029=CARTESIAN_POINT('',(1.91085353161738,1.55,0.96));
#5030=DIRECTION('',(0.0,1.0,0.0));
#5031=DIRECTION('',(0.0,0.0,-1.0));
#5032=ORIENTED_EDGE('',*,*,#7306,.T.);
#5033=ORIENTED_EDGE('',*,*,#7289,.T.);
#5034=ORIENTED_EDGE('',*,*,#7307,.F.);
#5035=ORIENTED_EDGE('',*,*,#7271,.F.);
#5036=ORIENTED_EDGE('',*,*,#7308,.F.);
#5037=ORIENTED_EDGE('',*,*,#7304,.T.);
#5038=CARTESIAN_POINT('',(1.91085353161738,1.55,0.86));
#5039=DIRECTION('',(-5.7320772719495E-16,0.0,-1.0));
#5040=DIRECTION('',(-1.0,0.0,5.7320772719495E-16));
#5041=ORIENTED_EDGE('',*,*,#7288,.T.);
#5042=ORIENTED_EDGE('',*,*,#7309,.F.);
#5043=ORIENTED_EDGE('',*,*,#7272,.F.);
#5044=ORIENTED_EDGE('',*,*,#7307,.T.);
#5045=CARTESIAN_POINT('',(2.1,1.55,-0.86));
#5046=DIRECTION('',(-1.0,0.0,0.0));
#5047=DIRECTION('',(0.0,0.0,1.0));
#5048=ORIENTED_EDGE('',*,*,#7287,.T.);
#5049=ORIENTED_EDGE('',*,*,#7310,.F.);
#5050=ORIENTED_EDGE('',*,*,#7311,.F.);
#5051=ORIENTED_EDGE('',*,*,#7312,.F.);
#5052=ORIENTED_EDGE('',*,*,#7273,.F.);
#5053=ORIENTED_EDGE('',*,*,#7309,.T.);
#5054=CARTESIAN_POINT('',(1.91085353161738,1.55,-0.86));
#5055=DIRECTION('',(-1.88337199771395E-46,3.28567098516E-31,1.0));
#5056=DIRECTION('',(1.0,5.7320772719495E-16,0.0));
#5057=ORIENTED_EDGE('',*,*,#7313,.T.);
#5058=ORIENTED_EDGE('',*,*,#7314,.F.);
#5059=ORIENTED_EDGE('',*,*,#7315,.F.);
#5060=ORIENTED_EDGE('',*,*,#7311,.T.);
#5061=CARTESIAN_POINT('',(1.91085353161738,1.55,-0.96));
#5062=DIRECTION('',(0.0,1.0,0.0));
#5063=DIRECTION('',(0.0,0.0,-1.0));
#5064=ORIENTED_EDGE('',*,*,#7316,.T.);
#5065=ORIENTED_EDGE('',*,*,#7317,.F.);
#5066=ORIENTED_EDGE('',*,*,#7318,.F.);
#5067=ORIENTED_EDGE('',*,*,#7314,.T.);
#5068=CARTESIAN_POINT('',(1.38928932188135,1.55,-1.34014285349873));
#5069=DIRECTION('',(-0.707106781186546,0.0,0.707106781186549));
#5070=DIRECTION('',(0.0,1.0,0.0));
#5071=ORIENTED_EDGE('',*,*,#7319,.T.);
#5072=ORIENTED_EDGE('',*,*,#7320,.F.);
#5073=ORIENTED_EDGE('',*,*,#7321,.F.);
#5074=ORIENTED_EDGE('',*,*,#7317,.T.);
#5075=CARTESIAN_POINT('',(1.46,1.55,-1.41085353161738));
#5076=DIRECTION('',(0.0,1.0,0.0));
#5077=DIRECTION('',(0.0,0.0,-1.0));
#5078=ORIENTED_EDGE('',*,*,#7322,.T.);
#5079=ORIENTED_EDGE('',*,*,#7194,.F.);
#5080=ORIENTED_EDGE('',*,*,#7249,.F.);
#5081=ORIENTED_EDGE('',*,*,#7323,.F.);
#5082=ORIENTED_EDGE('',*,*,#7320,.T.);
#5083=CARTESIAN_POINT('',(1.36,1.55,-1.6));
#5084=DIRECTION('',(-1.0,0.0,0.0));
#5085=DIRECTION('',(0.0,0.0,1.0));
#5086=ORIENTED_EDGE('',*,*,#7324,.T.);
#5087=ORIENTED_EDGE('',*,*,#7325,.F.);
#5088=ORIENTED_EDGE('',*,*,#7326,.F.);
#5089=ORIENTED_EDGE('',*,*,#7250,.F.);
#5090=ORIENTED_EDGE('',*,*,#7200,.T.);
#5091=CARTESIAN_POINT('',(-1.36,1.55,-1.6));
#5092=DIRECTION('',(1.0,0.0,0.0));
#5093=DIRECTION('',(0.0,1.0,-0.0));
#5094=ORIENTED_EDGE('',*,*,#7327,.T.);
#5095=ORIENTED_EDGE('',*,*,#7328,.F.);
#5096=ORIENTED_EDGE('',*,*,#7329,.F.);
#5097=ORIENTED_EDGE('',*,*,#7325,.T.);
#5098=CARTESIAN_POINT('',(-1.46,1.55,-1.41085353161738));
#5099=DIRECTION('',(0.0,1.0,0.0));
#5100=DIRECTION('',(0.0,0.0,-1.0));
#5101=ORIENTED_EDGE('',*,*,#7330,.T.);
#5102=ORIENTED_EDGE('',*,*,#7331,.F.);
#5103=ORIENTED_EDGE('',*,*,#7332,.F.);
#5104=ORIENTED_EDGE('',*,*,#7328,.T.);
#5105=CARTESIAN_POINT('',(-1.38928932188135,1.55,-1.34014285349873));
#5106=DIRECTION('',(0.707106781186546,0.0,0.707106781186549));
#5107=DIRECTION('',(0.0,-1.0,0.0));
#5108=ORIENTED_EDGE('',*,*,#7333,.T.);
#5109=ORIENTED_EDGE('',*,*,#7334,.F.);
#5110=ORIENTED_EDGE('',*,*,#7335,.F.);
#5111=ORIENTED_EDGE('',*,*,#7331,.T.);
#5112=CARTESIAN_POINT('',(-1.91085353161738,1.55,-0.96));
#5113=DIRECTION('',(0.0,1.0,0.0));
#5114=DIRECTION('',(0.0,0.0,-1.0));
#5115=ORIENTED_EDGE('',*,*,#7336,.T.);
#5116=ORIENTED_EDGE('',*,*,#7293,.T.);
#5117=ORIENTED_EDGE('',*,*,#7337,.F.);
#5118=ORIENTED_EDGE('',*,*,#7256,.F.);
#5119=ORIENTED_EDGE('',*,*,#7338,.F.);
#5120=ORIENTED_EDGE('',*,*,#7334,.T.);
#5121=CARTESIAN_POINT('',(-1.91085353161738,1.55,-0.86));
#5122=DIRECTION('',(1.88337199771395E-46,3.28567098516E-31,1.0));
#5123=DIRECTION('',(1.0,-5.7320772719495E-16,0.0));
#5124=ORIENTED_EDGE('',*,*,#7292,.T.);
#5125=ORIENTED_EDGE('',*,*,#7339,.F.);
#5126=ORIENTED_EDGE('',*,*,#7257,.F.);
#5127=ORIENTED_EDGE('',*,*,#7337,.T.);
#5128=CARTESIAN_POINT('',(-2.1,1.55,-0.86));
#5129=DIRECTION('',(1.0,0.0,0.0));
#5130=DIRECTION('',(0.0,1.0,-0.0));
#5131=ORIENTED_EDGE('',*,*,#7291,.T.);
#5132=ORIENTED_EDGE('',*,*,#7340,.F.);
#5133=ORIENTED_EDGE('',*,*,#7341,.F.);
#5134=ORIENTED_EDGE('',*,*,#7342,.F.);
#5135=ORIENTED_EDGE('',*,*,#7258,.F.);
#5136=ORIENTED_EDGE('',*,*,#7339,.T.);
#5137=CARTESIAN_POINT('',(-1.91085353161738,1.55,0.86));
#5138=DIRECTION('',(5.7320772719495E-16,0.0,-1.0));
#5139=DIRECTION('',(0.0,-1.0,0.0));
#5140=ORIENTED_EDGE('',*,*,#7343,.T.);
#5141=ORIENTED_EDGE('',*,*,#7344,.F.);
#5142=ORIENTED_EDGE('',*,*,#7345,.F.);
#5143=ORIENTED_EDGE('',*,*,#7341,.T.);
#5144=CARTESIAN_POINT('',(-1.91085353161738,1.55,0.96));
#5145=DIRECTION('',(0.0,1.0,0.0));
#5146=DIRECTION('',(0.0,0.0,-1.0));
#5147=ORIENTED_EDGE('',*,*,#7346,.T.);
#5148=ORIENTED_EDGE('',*,*,#7347,.F.);
#5149=ORIENTED_EDGE('',*,*,#7348,.F.);
#5150=ORIENTED_EDGE('',*,*,#7344,.T.);
#5151=CARTESIAN_POINT('',(-1.38928932188135,1.55,1.34014285349873));
#5152=DIRECTION('',(0.707106781186546,0.0,-0.707106781186549));
#5153=DIRECTION('',(0.0,-1.0,0.0));
#5154=ORIENTED_EDGE('',*,*,#7349,.T.);
#5155=ORIENTED_EDGE('',*,*,#7350,.F.);
#5156=ORIENTED_EDGE('',*,*,#7351,.F.);
#5157=ORIENTED_EDGE('',*,*,#7347,.T.);
#5158=CARTESIAN_POINT('',(-1.46,1.55,1.41085353161738));
#5159=DIRECTION('',(0.0,1.0,0.0));
#5160=DIRECTION('',(0.0,0.0,-1.0));
#5161=ORIENTED_EDGE('',*,*,#7352,.T.);
#5162=ORIENTED_EDGE('',*,*,#7202,.F.);
#5163=ORIENTED_EDGE('',*,*,#7264,.F.);
#5164=ORIENTED_EDGE('',*,*,#7353,.F.);
#5165=ORIENTED_EDGE('',*,*,#7350,.T.);
#5166=CARTESIAN_POINT('',(-1.36,1.55,1.6));
#5167=DIRECTION('',(1.0,0.0,0.0));
#5168=DIRECTION('',(0.0,1.0,-0.0));
#5169=ORIENTED_EDGE('',*,*,#7354,.F.);
#5170=ORIENTED_EDGE('',*,*,#7355,.F.);
#5171=ORIENTED_EDGE('',*,*,#7274,.T.);
#5172=ORIENTED_EDGE('',*,*,#7356,.T.);
#5173=CARTESIAN_POINT('',(0.4,1.55,0.0));
#5174=DIRECTION('',(0.0,1.0,0.0));
#5175=DIRECTION('',(0.0,0.0,-1.0));
#5176=ORIENTED_EDGE('',*,*,#7357,.F.);
#5177=ORIENTED_EDGE('',*,*,#7356,.F.);
#5178=ORIENTED_EDGE('',*,*,#7285,.T.);
#5179=ORIENTED_EDGE('',*,*,#7358,.T.);
#5180=CARTESIAN_POINT('',(0.4,1.55,-1.26));
#5181=DIRECTION('',(0.0,0.0,1.0));
#5182=DIRECTION('',(1.0,-0.0,0.0));
#5183=ORIENTED_EDGE('',*,*,#7359,.F.);
#5184=ORIENTED_EDGE('',*,*,#7358,.F.);
#5185=ORIENTED_EDGE('',*,*,#7284,.T.);
#5186=ORIENTED_EDGE('',*,*,#7360,.T.);
#5187=CARTESIAN_POINT('',(-0.4,1.55,0.0));
#5188=DIRECTION('',(0.0,1.0,0.0));
#5189=DIRECTION('',(0.0,0.0,-1.0));
#5190=ORIENTED_EDGE('',*,*,#7361,.F.);
#5191=ORIENTED_EDGE('',*,*,#7360,.F.);
#5192=ORIENTED_EDGE('',*,*,#7283,.T.);
#5193=ORIENTED_EDGE('',*,*,#7362,.T.);
#5194=CARTESIAN_POINT('',(-1.54,1.55,-0.214476105895275));
#5195=DIRECTION('',(0.0,1.0,0.0));
#5196=DIRECTION('',(0.0,0.0,-1.0));
#5197=ORIENTED_EDGE('',*,*,#7363,.F.);
#5198=ORIENTED_EDGE('',*,*,#7362,.F.);
#5199=ORIENTED_EDGE('',*,*,#7282,.T.);
#5200=ORIENTED_EDGE('',*,*,#7364,.T.);
#5201=CARTESIAN_POINT('',(-1.64,1.55,-0.214476105895275));
#5202=DIRECTION('',(1.0,0.0,0.0));
#5203=DIRECTION('',(0.0,1.0,-0.0));
#5204=ORIENTED_EDGE('',*,*,#7365,.F.);
#5205=ORIENTED_EDGE('',*,*,#7364,.F.);
#5206=ORIENTED_EDGE('',*,*,#7281,.T.);
#5207=ORIENTED_EDGE('',*,*,#7366,.T.);
#5208=CARTESIAN_POINT('',(-1.54,1.55,0.214476105895275));
#5209=DIRECTION('',(0.0,1.0,0.0));
#5210=DIRECTION('',(0.0,0.0,-1.0));
#5211=ORIENTED_EDGE('',*,*,#7367,.F.);
#5212=ORIENTED_EDGE('',*,*,#7366,.F.);
#5213=ORIENTED_EDGE('',*,*,#7280,.T.);
#5214=ORIENTED_EDGE('',*,*,#7368,.T.);
#5215=CARTESIAN_POINT('',(-0.4,1.55,0.0));
#5216=DIRECTION('',(0.0,1.0,0.0));
#5217=DIRECTION('',(0.0,0.0,-1.0));
#5218=ORIENTED_EDGE('',*,*,#7369,.F.);
#5219=ORIENTED_EDGE('',*,*,#7368,.F.);
#5220=ORIENTED_EDGE('',*,*,#7279,.T.);
#5221=ORIENTED_EDGE('',*,*,#7370,.T.);
#5222=CARTESIAN_POINT('',(0.4,1.55,1.26));
#5223=DIRECTION('',(0.0,0.0,-1.0));
#5224=DIRECTION('',(0.0,-1.0,0.0));
#5225=ORIENTED_EDGE('',*,*,#7371,.F.);
#5226=ORIENTED_EDGE('',*,*,#7370,.F.);
#5227=ORIENTED_EDGE('',*,*,#7278,.T.);
#5228=ORIENTED_EDGE('',*,*,#7372,.T.);
#5229=CARTESIAN_POINT('',(0.4,1.55,0.0));
#5230=DIRECTION('',(0.0,1.0,0.0));
#5231=DIRECTION('',(0.0,0.0,-1.0));
#5232=ORIENTED_EDGE('',*,*,#7373,.F.);
#5233=ORIENTED_EDGE('',*,*,#7372,.F.);
#5234=ORIENTED_EDGE('',*,*,#7277,.T.);
#5235=ORIENTED_EDGE('',*,*,#7374,.T.);
#5236=CARTESIAN_POINT('',(1.54,1.55,0.214476105895275));
#5237=DIRECTION('',(0.0,1.0,0.0));
#5238=DIRECTION('',(0.0,0.0,-1.0));
#5239=ORIENTED_EDGE('',*,*,#7375,.F.);
#5240=ORIENTED_EDGE('',*,*,#7374,.F.);
#5241=ORIENTED_EDGE('',*,*,#7276,.T.);
#5242=ORIENTED_EDGE('',*,*,#7376,.T.);
#5243=CARTESIAN_POINT('',(1.64,1.55,-0.214476105895275));
#5244=DIRECTION('',(-1.0,0.0,0.0));
#5245=DIRECTION('',(0.0,0.0,1.0));
#5246=ORIENTED_EDGE('',*,*,#7377,.F.);
#5247=ORIENTED_EDGE('',*,*,#7376,.F.);
#5248=ORIENTED_EDGE('',*,*,#7275,.T.);
#5249=ORIENTED_EDGE('',*,*,#7355,.T.);
#5250=CARTESIAN_POINT('',(1.54,1.55,-0.214476105895275));
#5251=DIRECTION('',(0.0,1.0,0.0));
#5252=DIRECTION('',(0.0,0.0,-1.0));
#5253=ORIENTED_EDGE('',*,*,#7378,.T.);
#5254=ORIENTED_EDGE('',*,*,#7379,.T.);
#5255=ORIENTED_EDGE('',*,*,#7380,.T.);
#5256=ORIENTED_EDGE('',*,*,#7381,.T.);
#5257=CARTESIAN_POINT('',(0.4,2.5,0.0));
#5258=DIRECTION('',(0.0,-1.0,0.0));
#5259=DIRECTION('',(0.0,0.0,-1.0));
#5260=ORIENTED_EDGE('',*,*,#7382,.T.);
#5261=ORIENTED_EDGE('',*,*,#7383,.F.);
#5262=ORIENTED_EDGE('',*,*,#7384,.F.);
#5263=ORIENTED_EDGE('',*,*,#7378,.F.);
#5264=CARTESIAN_POINT('',(-0.4,2.4,0.0));
#5265=DIRECTION('',(0.0,-1.0,0.0));
#5266=DIRECTION('',(0.0,0.0,-1.0));
#5267=ORIENTED_EDGE('',*,*,#7384,.T.);
#5268=ORIENTED_EDGE('',*,*,#7385,.F.);
#5269=ORIENTED_EDGE('',*,*,#7386,.T.);
#5270=ORIENTED_EDGE('',*,*,#7379,.F.);
#5271=CARTESIAN_POINT('',(0.4,2.4,1.0));
#5272=DIRECTION('',(-1.0,0.0,-0.0));
#5273=DIRECTION('',(0.0,0.0,-1.0));
#5274=ORIENTED_EDGE('',*,*,#7387,.T.);
#5275=ORIENTED_EDGE('',*,*,#7380,.F.);
#5276=ORIENTED_EDGE('',*,*,#7386,.F.);
#5277=ORIENTED_EDGE('',*,*,#7388,.F.);
#5278=CARTESIAN_POINT('',(0.4,2.4,0.0));
#5279=DIRECTION('',(0.0,-1.0,0.0));
#5280=DIRECTION('',(0.0,0.0,-1.0));
#5281=ORIENTED_EDGE('',*,*,#7387,.F.);
#5282=ORIENTED_EDGE('',*,*,#7389,.F.);
#5283=ORIENTED_EDGE('',*,*,#7382,.F.);
#5284=ORIENTED_EDGE('',*,*,#7381,.F.);
#5285=CARTESIAN_POINT('',(0.4,2.4,-1.0));
#5286=DIRECTION('',(1.0,-0.0,0.0));
#5287=DIRECTION('',(0.0,0.0,1.0));
#5288=ORIENTED_EDGE('',*,*,#7390,.F.);
#5289=ORIENTED_EDGE('',*,*,#7383,.T.);
#5290=ORIENTED_EDGE('',*,*,#7391,.T.);
#5291=ORIENTED_EDGE('',*,*,#7392,.T.);
#5292=CARTESIAN_POINT('',(-0.4,2.5,0.0));
#5293=DIRECTION('',(0.0,1.0,0.0));
#5294=DIRECTION('',(0.0,0.0,-1.0));
#5295=ORIENTED_EDGE('',*,*,#7393,.F.);
#5296=ORIENTED_EDGE('',*,*,#7385,.T.);
#5297=ORIENTED_EDGE('',*,*,#7390,.T.);
#5298=ORIENTED_EDGE('',*,*,#7394,.T.);
#5299=CARTESIAN_POINT('',(0.4,2.5,1.1));
#5300=DIRECTION('',(0.0,0.0,-1.0));
#5301=DIRECTION('',(0.0,-1.0,0.0));
#5302=ORIENTED_EDGE('',*,*,#7395,.F.);
#5303=ORIENTED_EDGE('',*,*,#7388,.T.);
#5304=ORIENTED_EDGE('',*,*,#7393,.T.);
#5305=ORIENTED_EDGE('',*,*,#7396,.T.);
#5306=CARTESIAN_POINT('',(0.4,2.5,0.0));
#5307=DIRECTION('',(0.0,1.0,0.0));
#5308=DIRECTION('',(0.0,0.0,-1.0));
#5309=ORIENTED_EDGE('',*,*,#7391,.F.);
#5310=ORIENTED_EDGE('',*,*,#7389,.T.);
#5311=ORIENTED_EDGE('',*,*,#7395,.T.);
#5312=ORIENTED_EDGE('',*,*,#7397,.T.);
#5313=CARTESIAN_POINT('',(0.4,2.5,-1.1));
#5314=DIRECTION('',(0.0,0.0,1.0));
#5315=DIRECTION('',(1.0,-0.0,0.0));
#5316=ORIENTED_EDGE('',*,*,#7354,.T.);
#5317=ORIENTED_EDGE('',*,*,#7357,.T.);
#5318=ORIENTED_EDGE('',*,*,#7359,.T.);
#5319=ORIENTED_EDGE('',*,*,#7361,.T.);
#5320=ORIENTED_EDGE('',*,*,#7363,.T.);
#5321=ORIENTED_EDGE('',*,*,#7365,.T.);
#5322=ORIENTED_EDGE('',*,*,#7367,.T.);
#5323=ORIENTED_EDGE('',*,*,#7369,.T.);
#5324=ORIENTED_EDGE('',*,*,#7371,.T.);
#5325=ORIENTED_EDGE('',*,*,#7373,.T.);
#5326=ORIENTED_EDGE('',*,*,#7375,.T.);
#5327=ORIENTED_EDGE('',*,*,#7377,.T.);
#5328=ORIENTED_EDGE('',*,*,#7397,.F.);
#5329=ORIENTED_EDGE('',*,*,#7396,.F.);
#5330=ORIENTED_EDGE('',*,*,#7394,.F.);
#5331=ORIENTED_EDGE('',*,*,#7392,.F.);
#5332=CARTESIAN_POINT('',(1.02359956417322,1.45,-1.225));
#5333=DIRECTION('',(0.0,-1.0,0.0));
#5334=DIRECTION('',(0.0,0.0,-1.0));
#5335=ORIENTED_EDGE('',*,*,#7398,.F.);
#5336=ORIENTED_EDGE('',*,*,#7296,.T.);
#5337=ORIENTED_EDGE('',*,*,#7299,.T.);
#5338=ORIENTED_EDGE('',*,*,#7302,.T.);
#5339=ORIENTED_EDGE('',*,*,#7305,.T.);
#5340=ORIENTED_EDGE('',*,*,#7308,.T.);
#5341=ORIENTED_EDGE('',*,*,#7399,.F.);
#5342=ORIENTED_EDGE('',*,*,#7400,.F.);
#5343=ORIENTED_EDGE('',*,*,#7401,.F.);
#5344=ORIENTED_EDGE('',*,*,#7402,.F.);
#5345=CARTESIAN_POINT('',(1.82,1.55,1.31955410846827));
#5346=DIRECTION('',(0.0,1.0,0.0));
#5347=DIRECTION('',(1.0,0.0,-0.0));
#5348=ORIENTED_EDGE('',*,*,#7403,.T.);
#5349=ORIENTED_EDGE('',*,*,#7312,.T.);
#5350=ORIENTED_EDGE('',*,*,#7315,.T.);
#5351=ORIENTED_EDGE('',*,*,#7318,.T.);
#5352=ORIENTED_EDGE('',*,*,#7321,.T.);
#5353=ORIENTED_EDGE('',*,*,#7323,.T.);
#5354=ORIENTED_EDGE('',*,*,#7404,.T.);
#5355=ORIENTED_EDGE('',*,*,#7405,.T.);
#5356=ORIENTED_EDGE('',*,*,#7406,.T.);
#5357=ORIENTED_EDGE('',*,*,#7407,.T.);
#5358=CARTESIAN_POINT('',(1.82,1.55,-1.31955410846827));
#5359=DIRECTION('',(0.0,1.0,0.0));
#5360=DIRECTION('',(1.0,0.0,-0.0));
#5361=ORIENTED_EDGE('',*,*,#7408,.F.);
#5362=ORIENTED_EDGE('',*,*,#7326,.T.);
#5363=ORIENTED_EDGE('',*,*,#7329,.T.);
#5364=ORIENTED_EDGE('',*,*,#7332,.T.);
#5365=ORIENTED_EDGE('',*,*,#7335,.T.);
#5366=ORIENTED_EDGE('',*,*,#7338,.T.);
#5367=ORIENTED_EDGE('',*,*,#7409,.F.);
#5368=ORIENTED_EDGE('',*,*,#7410,.F.);
#5369=ORIENTED_EDGE('',*,*,#7411,.F.);
#5370=ORIENTED_EDGE('',*,*,#7412,.F.);
#5371=CARTESIAN_POINT('',(-1.82,1.55,-1.31955410846827));
#5372=DIRECTION('',(0.0,1.0,0.0));
#5373=DIRECTION('',(1.0,0.0,-0.0));
#5374=ORIENTED_EDGE('',*,*,#7413,.T.);
#5375=ORIENTED_EDGE('',*,*,#7342,.T.);
#5376=ORIENTED_EDGE('',*,*,#7345,.T.);
#5377=ORIENTED_EDGE('',*,*,#7348,.T.);
#5378=ORIENTED_EDGE('',*,*,#7351,.T.);
#5379=ORIENTED_EDGE('',*,*,#7353,.T.);
#5380=ORIENTED_EDGE('',*,*,#7414,.T.);
#5381=ORIENTED_EDGE('',*,*,#7415,.T.);
#5382=ORIENTED_EDGE('',*,*,#7416,.T.);
#5383=ORIENTED_EDGE('',*,*,#7417,.T.);
#5384=CARTESIAN_POINT('',(-1.82,1.55,1.31955410846827));
#5385=DIRECTION('',(0.0,1.0,0.0));
#5386=DIRECTION('',(1.0,0.0,-0.0));
#5387=ORIENTED_EDGE('',*,*,#7297,.F.);
#5388=ORIENTED_EDGE('',*,*,#7294,.F.);
#5389=ORIENTED_EDGE('',*,*,#7207,.F.);
#5390=ORIENTED_EDGE('',*,*,#7418,.F.);
#5391=ORIENTED_EDGE('',*,*,#7419,.T.);
#5392=ORIENTED_EDGE('',*,*,#7306,.F.);
#5393=ORIENTED_EDGE('',*,*,#7303,.F.);
#5394=ORIENTED_EDGE('',*,*,#7300,.F.);
#5395=ORIENTED_EDGE('',*,*,#7420,.T.);
#5396=ORIENTED_EDGE('',*,*,#7421,.T.);
#5397=ORIENTED_EDGE('',*,*,#7422,.T.);
#5398=ORIENTED_EDGE('',*,*,#7423,.F.);
#5399=ORIENTED_EDGE('',*,*,#7424,.T.);
#5400=ORIENTED_EDGE('',*,*,#7425,.T.);
#5401=ORIENTED_EDGE('',*,*,#7426,.T.);
#5402=ORIENTED_EDGE('',*,*,#7427,.F.);
#5403=ORIENTED_EDGE('',*,*,#7428,.T.);
#5404=ORIENTED_EDGE('',*,*,#7429,.T.);
#5405=ORIENTED_EDGE('',*,*,#7430,.T.);
#5406=CARTESIAN_POINT('',(1.02359956417322,1.45,-1.225));
#5407=DIRECTION('',(0.0,-1.0,0.0));
#5408=DIRECTION('',(0.0,0.0,-1.0));
#5409=ORIENTED_EDGE('',*,*,#7313,.F.);
#5410=ORIENTED_EDGE('',*,*,#7310,.T.);
#5411=ORIENTED_EDGE('',*,*,#7431,.T.);
#5412=ORIENTED_EDGE('',*,*,#7432,.T.);
#5413=ORIENTED_EDGE('',*,*,#7195,.T.);
#5414=ORIENTED_EDGE('',*,*,#7322,.F.);
#5415=ORIENTED_EDGE('',*,*,#7319,.F.);
#5416=ORIENTED_EDGE('',*,*,#7316,.F.);
#5417=ORIENTED_EDGE('',*,*,#7433,.F.);
#5418=ORIENTED_EDGE('',*,*,#7434,.F.);
#5419=ORIENTED_EDGE('',*,*,#7435,.F.);
#5420=ORIENTED_EDGE('',*,*,#7436,.F.);
#5421=ORIENTED_EDGE('',*,*,#7437,.T.);
#5422=ORIENTED_EDGE('',*,*,#7438,.F.);
#5423=ORIENTED_EDGE('',*,*,#7439,.F.);
#5424=ORIENTED_EDGE('',*,*,#7440,.F.);
#5425=ORIENTED_EDGE('',*,*,#7441,.T.);
#5426=ORIENTED_EDGE('',*,*,#7442,.F.);
#5427=ORIENTED_EDGE('',*,*,#7443,.F.);
#5428=CARTESIAN_POINT('',(1.02359956417322,1.45,-1.225));
#5429=DIRECTION('',(0.0,-1.0,0.0));
#5430=DIRECTION('',(0.0,0.0,-1.0));
#5431=ORIENTED_EDGE('',*,*,#7327,.F.);
#5432=ORIENTED_EDGE('',*,*,#7324,.F.);
#5433=ORIENTED_EDGE('',*,*,#7199,.T.);
#5434=ORIENTED_EDGE('',*,*,#7444,.F.);
#5435=ORIENTED_EDGE('',*,*,#7445,.F.);
#5436=ORIENTED_EDGE('',*,*,#7336,.F.);
#5437=ORIENTED_EDGE('',*,*,#7333,.F.);
#5438=ORIENTED_EDGE('',*,*,#7330,.F.);
#5439=ORIENTED_EDGE('',*,*,#7446,.T.);
#5440=ORIENTED_EDGE('',*,*,#7447,.T.);
#5441=ORIENTED_EDGE('',*,*,#7448,.T.);
#5442=ORIENTED_EDGE('',*,*,#7449,.F.);
#5443=ORIENTED_EDGE('',*,*,#7450,.T.);
#5444=ORIENTED_EDGE('',*,*,#7451,.T.);
#5445=ORIENTED_EDGE('',*,*,#7452,.T.);
#5446=ORIENTED_EDGE('',*,*,#7453,.F.);
#5447=ORIENTED_EDGE('',*,*,#7454,.T.);
#5448=ORIENTED_EDGE('',*,*,#7455,.T.);
#5449=ORIENTED_EDGE('',*,*,#7456,.T.);
#5450=CARTESIAN_POINT('',(1.02359956417322,1.45,-1.225));
#5451=DIRECTION('',(0.0,-1.0,0.0));
#5452=DIRECTION('',(0.0,0.0,-1.0));
#5453=ORIENTED_EDGE('',*,*,#7343,.F.);
#5454=ORIENTED_EDGE('',*,*,#7340,.T.);
#5455=ORIENTED_EDGE('',*,*,#7457,.F.);
#5456=ORIENTED_EDGE('',*,*,#7458,.T.);
#5457=ORIENTED_EDGE('',*,*,#7203,.F.);
#5458=ORIENTED_EDGE('',*,*,#7352,.F.);
#5459=ORIENTED_EDGE('',*,*,#7349,.F.);
#5460=ORIENTED_EDGE('',*,*,#7346,.F.);
#5461=ORIENTED_EDGE('',*,*,#7459,.F.);
#5462=ORIENTED_EDGE('',*,*,#7460,.F.);
#5463=ORIENTED_EDGE('',*,*,#7461,.F.);
#5464=ORIENTED_EDGE('',*,*,#7462,.F.);
#5465=ORIENTED_EDGE('',*,*,#7463,.T.);
#5466=ORIENTED_EDGE('',*,*,#7464,.F.);
#5467=ORIENTED_EDGE('',*,*,#7465,.F.);
#5468=ORIENTED_EDGE('',*,*,#7466,.F.);
#5469=ORIENTED_EDGE('',*,*,#7467,.T.);
#5470=ORIENTED_EDGE('',*,*,#7468,.F.);
#5471=ORIENTED_EDGE('',*,*,#7469,.F.);
#5472=CARTESIAN_POINT('',(1.02359956417322,1.45,-1.225));
#5473=DIRECTION('',(0.0,-1.0,0.0));
#5474=DIRECTION('',(0.0,0.0,-1.0));
#5475=ORIENTED_EDGE('',*,*,#7435,.T.);
#5476=ORIENTED_EDGE('',*,*,#7470,.T.);
#5477=ORIENTED_EDGE('',*,*,#7471,.T.);
#5478=CARTESIAN_POINT('',(1.82,2.05,-1.31955410846827));
#5479=DIRECTION('',(0.0,1.0,0.0));
#5480=DIRECTION('',(0.0,0.0,-1.0));
#5481=ORIENTED_EDGE('',*,*,#7471,.F.);
#5482=ORIENTED_EDGE('',*,*,#7472,.T.);
#5483=ORIENTED_EDGE('',*,*,#7473,.T.);
#5484=ORIENTED_EDGE('',*,*,#7474,.T.);
#5485=ORIENTED_EDGE('',*,*,#7475,.T.);
#5486=ORIENTED_EDGE('',*,*,#7476,.T.);
#5487=ORIENTED_EDGE('',*,*,#7436,.T.);
#5488=CARTESIAN_POINT('',(2.02,2.05,-1.31955410846827));
#5489=DIRECTION('',(-1.0,0.0,-9.86638187743173E-16));
#5490=DIRECTION('',(-9.86638187743173E-16,0.0,1.0));
#5491=ORIENTED_EDGE('',*,*,#7477,.F.);
#5492=ORIENTED_EDGE('',*,*,#7478,.T.);
#5493=ORIENTED_EDGE('',*,*,#7443,.T.);
#5494=CARTESIAN_POINT('',(1.82,2.05,-1.31955410846827));
#5495=DIRECTION('',(0.0,1.0,0.0));
#5496=DIRECTION('',(0.0,0.0,-1.0));
#5497=ORIENTED_EDGE('',*,*,#7479,.T.);
#5498=ORIENTED_EDGE('',*,*,#7480,.T.);
#5499=ORIENTED_EDGE('',*,*,#7477,.T.);
#5500=ORIENTED_EDGE('',*,*,#7442,.T.);
#5501=ORIENTED_EDGE('',*,*,#7481,.T.);
#5502=ORIENTED_EDGE('',*,*,#7482,.T.);
#5503=ORIENTED_EDGE('',*,*,#7483,.F.);
#5504=CARTESIAN_POINT('',(1.38,2.05,-1.51955410846827));
#5505=DIRECTION('',(1.19691353203039E-46,2.42870733640968E-31,1.0));
#5506=DIRECTION('',(1.0,-4.92819169311593E-16,0.0));
#5507=ORIENTED_EDGE('',*,*,#7405,.F.);
#5508=ORIENTED_EDGE('',*,*,#7484,.T.);
#5509=ORIENTED_EDGE('',*,*,#7440,.T.);
#5510=ORIENTED_EDGE('',*,*,#7485,.F.);
#5511=CARTESIAN_POINT('',(1.48,2.05,-1.41913780286484));
#5512=DIRECTION('',(0.0,1.0,0.0));
#5513=DIRECTION('',(0.0,0.0,-1.0));
#5514=ORIENTED_EDGE('',*,*,#7406,.F.);
#5515=ORIENTED_EDGE('',*,*,#7485,.T.);
#5516=ORIENTED_EDGE('',*,*,#7439,.T.);
#5517=ORIENTED_EDGE('',*,*,#7486,.F.);
#5518=CARTESIAN_POINT('',(1.84842712474619,2.05,-0.909289321881345));
#5519=DIRECTION('',(0.707106781186546,0.0,-0.707106781186549));
#5520=DIRECTION('',(0.0,-1.0,0.0));
#5521=ORIENTED_EDGE('',*,*,#7407,.F.);
#5522=ORIENTED_EDGE('',*,*,#7486,.T.);
#5523=ORIENTED_EDGE('',*,*,#7438,.T.);
#5524=ORIENTED_EDGE('',*,*,#7487,.F.);
#5525=CARTESIAN_POINT('',(1.91913780286485,2.05,-0.98));
#5526=DIRECTION('',(0.0,1.0,0.0));
#5527=DIRECTION('',(0.0,0.0,-1.0));
#5528=ORIENTED_EDGE('',*,*,#7488,.T.);
#5529=ORIENTED_EDGE('',*,*,#7489,.T.);
#5530=ORIENTED_EDGE('',*,*,#7490,.T.);
#5531=ORIENTED_EDGE('',*,*,#7491,.T.);
#5532=ORIENTED_EDGE('',*,*,#7492,.T.);
#5533=ORIENTED_EDGE('',*,*,#7493,.T.);
#5534=ORIENTED_EDGE('',*,*,#7494,.T.);
#5535=CARTESIAN_POINT('',(2.64099025766973,2.05,-0.540990257669731));
#5536=DIRECTION('',(0.680326332538423,0.272602572456024,-0.680326332538421));
#5537=DIRECTION('',(0.0,-0.928254434343264,-0.371945836274675));
#5538=ORIENTED_EDGE('',*,*,#7218,.T.);
#5539=ORIENTED_EDGE('',*,*,#7495,.F.);
#5540=ORIENTED_EDGE('',*,*,#7496,.T.);
#5541=ORIENTED_EDGE('',*,*,#7497,.F.);
#5542=ORIENTED_EDGE('',*,*,#7216,.T.);
#5543=ORIENTED_EDGE('',*,*,#7498,.F.);
#5544=ORIENTED_EDGE('',*,*,#7499,.T.);
#5545=ORIENTED_EDGE('',*,*,#7500,.F.);
#5546=ORIENTED_EDGE('',*,*,#7214,.T.);
#5547=ORIENTED_EDGE('',*,*,#7501,.F.);
#5548=ORIENTED_EDGE('',*,*,#7502,.T.);
#5549=ORIENTED_EDGE('',*,*,#7503,.T.);
#5550=CARTESIAN_POINT('',(2.1,1.45,0.0));
#5551=DIRECTION('',(-1.0,0.0,0.0));
#5552=DIRECTION('',(0.0,0.0,1.0));
#5553=ORIENTED_EDGE('',*,*,#7432,.F.);
#5554=ORIENTED_EDGE('',*,*,#7504,.T.);
#5555=ORIENTED_EDGE('',*,*,#7501,.T.);
#5556=ORIENTED_EDGE('',*,*,#7213,.T.);
#5557=ORIENTED_EDGE('',*,*,#7196,.F.);
#5558=CARTESIAN_POINT('',(2.0,1.45,-1.5));
#5559=DIRECTION('',(0.0,1.0,0.0));
#5560=DIRECTION('',(0.0,0.0,-1.0));
#5561=ORIENTED_EDGE('',*,*,#7505,.F.);
#5562=ORIENTED_EDGE('',*,*,#7506,.T.);
#5563=ORIENTED_EDGE('',*,*,#7507,.T.);
#5564=ORIENTED_EDGE('',*,*,#7508,.T.);
#5565=ORIENTED_EDGE('',*,*,#7509,.T.);
#5566=ORIENTED_EDGE('',*,*,#7510,.T.);
#5567=ORIENTED_EDGE('',*,*,#7511,.F.);
#5568=ORIENTED_EDGE('',*,*,#7512,.F.);
#5569=ORIENTED_EDGE('',*,*,#7513,.F.);
#5570=ORIENTED_EDGE('',*,*,#7514,.F.);
#5571=ORIENTED_EDGE('',*,*,#7515,.T.);
#5572=ORIENTED_EDGE('',*,*,#7516,.T.);
#5573=ORIENTED_EDGE('',*,*,#7517,.T.);
#5574=ORIENTED_EDGE('',*,*,#7518,.T.);
#5575=ORIENTED_EDGE('',*,*,#7519,.T.);
#5576=ORIENTED_EDGE('',*,*,#7520,.F.);
#5577=ORIENTED_EDGE('',*,*,#7521,.F.);
#5578=ORIENTED_EDGE('',*,*,#7522,.F.);
#5579=ORIENTED_EDGE('',*,*,#7523,.F.);
#5580=ORIENTED_EDGE('',*,*,#7524,.F.);
#5581=CARTESIAN_POINT('',(2.0,0.0,-1.5));
#5582=DIRECTION('',(0.0,-1.0,0.0));
#5583=DIRECTION('',(0.0,0.0,-1.0));
#5584=ORIENTED_EDGE('',*,*,#7505,.T.);
#5585=ORIENTED_EDGE('',*,*,#7525,.F.);
#5586=ORIENTED_EDGE('',*,*,#7231,.F.);
#5587=ORIENTED_EDGE('',*,*,#7526,.T.);
#5588=CARTESIAN_POINT('',(2.05,0.07,-0.55));
#5589=DIRECTION('',(-1.0,0.0,0.0));
#5590=DIRECTION('',(0.0,0.0,1.0));
#5591=ORIENTED_EDGE('',*,*,#7524,.T.);
#5592=ORIENTED_EDGE('',*,*,#7527,.F.);
#5593=ORIENTED_EDGE('',*,*,#7232,.F.);
#5594=ORIENTED_EDGE('',*,*,#7525,.T.);
#5595=CARTESIAN_POINT('',(1.6,0.07,-0.55));
#5596=DIRECTION('',(0.0,0.0,1.0));
#5597=DIRECTION('',(1.0,-0.0,0.0));
#5598=ORIENTED_EDGE('',*,*,#7523,.T.);
#5599=ORIENTED_EDGE('',*,*,#7528,.F.);
#5600=ORIENTED_EDGE('',*,*,#7233,.F.);
#5601=ORIENTED_EDGE('',*,*,#7527,.T.);
#5602=CARTESIAN_POINT('',(1.6,0.07,-0.65));
#5603=DIRECTION('',(0.0,1.0,0.0));
#5604=DIRECTION('',(0.0,0.0,-1.0));
#5605=ORIENTED_EDGE('',*,*,#7522,.T.);
#5606=ORIENTED_EDGE('',*,*,#7529,.F.);
#5607=ORIENTED_EDGE('',*,*,#7234,.F.);
#5608=ORIENTED_EDGE('',*,*,#7528,.T.);
#5609=CARTESIAN_POINT('',(1.5,0.07,-1.45));
#5610=DIRECTION('',(-1.0,0.0,2.71050543121377E-16));
#5611=DIRECTION('',(0.0,1.0,0.0));
#5612=ORIENTED_EDGE('',*,*,#7521,.T.);
#5613=ORIENTED_EDGE('',*,*,#7530,.F.);
#5614=ORIENTED_EDGE('',*,*,#7235,.F.);
#5615=ORIENTED_EDGE('',*,*,#7529,.T.);
#5616=CARTESIAN_POINT('',(1.4,0.07,-1.45));
#5617=DIRECTION('',(0.0,1.0,0.0));
#5618=DIRECTION('',(0.0,0.0,-1.0));
#5619=ORIENTED_EDGE('',*,*,#7520,.T.);
#5620=ORIENTED_EDGE('',*,*,#7531,.F.);
#5621=ORIENTED_EDGE('',*,*,#7236,.F.);
#5622=ORIENTED_EDGE('',*,*,#7530,.T.);
#5623=CARTESIAN_POINT('',(0.0,0.07,-1.55));
#5624=DIRECTION('',(0.0,0.0,1.0));
#5625=DIRECTION('',(1.0,-0.0,0.0));
#5626=ORIENTED_EDGE('',*,*,#7419,.F.);
#5627=ORIENTED_EDGE('',*,*,#7532,.T.);
#5628=ORIENTED_EDGE('',*,*,#7502,.F.);
#5629=ORIENTED_EDGE('',*,*,#7504,.F.);
#5630=ORIENTED_EDGE('',*,*,#7431,.F.);
#5631=ORIENTED_EDGE('',*,*,#7286,.F.);
#5632=CARTESIAN_POINT('',(2.05,1.45,-1.5));
#5633=DIRECTION('',(-0.707106781186544,-0.707106781186551,0.0));
#5634=DIRECTION('',(-0.707106781186551,0.707106781186544,0.0));
#5635=ORIENTED_EDGE('',*,*,#7483,.T.);
#5636=ORIENTED_EDGE('',*,*,#7533,.T.);
#5637=ORIENTED_EDGE('',*,*,#7534,.F.);
#5638=ORIENTED_EDGE('',*,*,#7535,.T.);
#5639=CARTESIAN_POINT('',(1.35431457505076,1.85,-1.41955410846827));
#5640=DIRECTION('',(0.0,1.0,0.0));
#5641=DIRECTION('',(0.0,0.0,-1.0));
#5642=ORIENTED_EDGE('',*,*,#7534,.T.);
#5643=ORIENTED_EDGE('',*,*,#7536,.T.);
#5644=ORIENTED_EDGE('',*,*,#7537,.F.);
#5645=ORIENTED_EDGE('',*,*,#7538,.T.);
#5646=CARTESIAN_POINT('',(1.24017243942703,1.85,-1.44683332908185));
#5647=DIRECTION('',(0.707106781186549,0.0,0.707106781186546));
#5648=DIRECTION('',(0.0,-1.0,0.0));
#5649=ORIENTED_EDGE('',*,*,#7537,.T.);
#5650=ORIENTED_EDGE('',*,*,#7188,.T.);
#5651=ORIENTED_EDGE('',*,*,#7539,.T.);
#5652=ORIENTED_EDGE('',*,*,#7540,.F.);
#5653=ORIENTED_EDGE('',*,*,#7541,.T.);
#5654=ORIENTED_EDGE('',*,*,#7186,.T.);
#5655=CARTESIAN_POINT('',(1.31088311754569,1.85,-1.37612265096319));
#5656=DIRECTION('',(0.0,1.0,0.0));
#5657=DIRECTION('',(0.0,0.0,-1.0));
#5658=ORIENTED_EDGE('',*,*,#7542,.F.);
#5659=ORIENTED_EDGE('',*,*,#7543,.T.);
#5660=ORIENTED_EDGE('',*,*,#7540,.T.);
#5661=ORIENTED_EDGE('',*,*,#7544,.T.);
#5662=CARTESIAN_POINT('',(1.80585786437627,1.85,-0.739726547895303));
#5663=DIRECTION('',(0.707106781186547,0.0,-0.707106781186548));
#5664=DIRECTION('',(0.0,-1.0,0.0));
#5665=ORIENTED_EDGE('',*,*,#7190,.T.);
#5666=ORIENTED_EDGE('',*,*,#7545,.T.);
#5667=ORIENTED_EDGE('',*,*,#7542,.T.);
#5668=ORIENTED_EDGE('',*,*,#7546,.T.);
#5669=CARTESIAN_POINT('',(1.87656854249492,1.85,-0.810437226013957));
#5670=DIRECTION('',(0.0,1.0,0.0));
#5671=DIRECTION('',(0.0,0.0,-1.0));
#5672=ORIENTED_EDGE('',*,*,#7192,.T.);
#5673=ORIENTED_EDGE('',*,*,#7547,.T.);
#5674=ORIENTED_EDGE('',*,*,#7548,.F.);
#5675=ORIENTED_EDGE('',*,*,#7549,.T.);
#5676=CARTESIAN_POINT('',(1.99071067811866,1.85,-0.783158005400379));
#5677=DIRECTION('',(-0.70710678118655,0.0,-0.707106781186545));
#5678=DIRECTION('',(-0.707106781186545,0.0,0.70710678118655));
#5679=ORIENTED_EDGE('',*,*,#7548,.T.);
#5680=ORIENTED_EDGE('',*,*,#7550,.T.);
#5681=ORIENTED_EDGE('',*,*,#7474,.F.);
#5682=ORIENTED_EDGE('',*,*,#7551,.T.);
#5683=CARTESIAN_POINT('',(1.92,1.85,-0.853868683519034));
#5684=DIRECTION('',(0.0,1.0,0.0));
#5685=DIRECTION('',(0.0,0.0,-1.0));
#5686=ORIENTED_EDGE('',*,*,#7552,.T.);
#5687=ORIENTED_EDGE('',*,*,#7553,.T.);
#5688=ORIENTED_EDGE('',*,*,#7554,.T.);
#5689=ORIENTED_EDGE('',*,*,#7555,.T.);
#5690=ORIENTED_EDGE('',*,*,#7556,.T.);
#5691=ORIENTED_EDGE('',*,*,#7557,.T.);
#5692=CARTESIAN_POINT('',(1.82,1.85,-1.31955410846827));
#5693=DIRECTION('',(0.0,1.0,0.0));
#5694=DIRECTION('',(1.0,0.0,-0.0));
#5695=ORIENTED_EDGE('',*,*,#7403,.F.);
#5696=ORIENTED_EDGE('',*,*,#7558,.T.);
#5697=ORIENTED_EDGE('',*,*,#7475,.F.);
#5698=ORIENTED_EDGE('',*,*,#7559,.F.);
#5699=ORIENTED_EDGE('',*,*,#7244,.F.);
#5700=CARTESIAN_POINT('',(1.92,1.65,-1.31955410846827));
#5701=DIRECTION('',(0.0,0.0,1.0));
#5702=DIRECTION('',(-1.0,0.0,0.0));
#5703=ORIENTED_EDGE('',*,*,#7559,.T.);
#5704=ORIENTED_EDGE('',*,*,#7550,.F.);
#5705=ORIENTED_EDGE('',*,*,#7560,.F.);
#5706=CARTESIAN_POINT('',(1.92,1.65,-0.853868683519034));
#5707=DIRECTION('',(0.0,1.0,0.0));
#5708=DIRECTION('',(1.0,0.0,0.0));
#5709=ORIENTED_EDGE('',*,*,#7560,.T.);
#5710=ORIENTED_EDGE('',*,*,#7547,.F.);
#5711=ORIENTED_EDGE('',*,*,#7561,.F.);
#5712=ORIENTED_EDGE('',*,*,#7245,.F.);
#5713=CARTESIAN_POINT('',(1.92,1.65,-0.853868683519033));
#5714=DIRECTION('',(-0.707106781186545,0.0,0.70710678118655));
#5715=DIRECTION('',(-0.70710678118655,0.0,-0.707106781186545));
#5716=ORIENTED_EDGE('',*,*,#7561,.T.);
#5717=ORIENTED_EDGE('',*,*,#7191,.F.);
#5718=ORIENTED_EDGE('',*,*,#7546,.F.);
#5719=ORIENTED_EDGE('',*,*,#7562,.F.);
#5720=CARTESIAN_POINT('',(1.87656854249492,1.65,-0.810437226013957));
#5721=DIRECTION('',(0.0,1.0,0.0));
#5722=DIRECTION('',(1.0,0.0,0.0));
#5723=ORIENTED_EDGE('',*,*,#7562,.T.);
#5724=ORIENTED_EDGE('',*,*,#7544,.F.);
#5725=ORIENTED_EDGE('',*,*,#7563,.F.);
#5726=ORIENTED_EDGE('',*,*,#7246,.F.);
#5727=CARTESIAN_POINT('',(1.87656854249492,1.65,-0.810437226013957));
#5728=DIRECTION('',(-0.707106781186547,0.0,-0.707106781186548));
#5729=DIRECTION('',(0.707106781186548,0.0,-0.707106781186547));
#5730=ORIENTED_EDGE('',*,*,#7187,.T.);
#5731=ORIENTED_EDGE('',*,*,#7563,.T.);
#5732=ORIENTED_EDGE('',*,*,#7539,.F.);
#5733=CARTESIAN_POINT('',(1.31088311754569,1.65,-1.37612265096319));
#5734=DIRECTION('',(0.0,1.0,0.0));
#5735=DIRECTION('',(1.0,0.0,0.0));
#5736=ORIENTED_EDGE('',*,*,#7189,.T.);
#5737=ORIENTED_EDGE('',*,*,#7536,.F.);
#5738=ORIENTED_EDGE('',*,*,#7564,.F.);
#5739=ORIENTED_EDGE('',*,*,#7247,.F.);
#5740=CARTESIAN_POINT('',(1.31088311754569,1.65,-1.37612265096319));
#5741=DIRECTION('',(0.707106781186546,0.0,-0.707106781186549));
#5742=DIRECTION('',(0.707106781186549,0.0,0.707106781186546));
#5743=ORIENTED_EDGE('',*,*,#7564,.T.);
#5744=ORIENTED_EDGE('',*,*,#7533,.F.);
#5745=ORIENTED_EDGE('',*,*,#7565,.F.);
#5746=CARTESIAN_POINT('',(1.35431457505076,1.65,-1.41955410846827));
#5747=DIRECTION('',(0.0,1.0,0.0));
#5748=DIRECTION('',(1.0,0.0,0.0));
#5749=ORIENTED_EDGE('',*,*,#7482,.F.);
#5750=ORIENTED_EDGE('',*,*,#7566,.T.);
#5751=ORIENTED_EDGE('',*,*,#7404,.F.);
#5752=ORIENTED_EDGE('',*,*,#7248,.F.);
#5753=ORIENTED_EDGE('',*,*,#7565,.T.);
#5754=CARTESIAN_POINT('',(1.38,1.65,-1.41955410846827));
#5755=DIRECTION('',(1.0,-0.0,0.0));
#5756=DIRECTION('',(0.0,0.0,1.0));
#5757=ORIENTED_EDGE('',*,*,#7554,.F.);
#5758=ORIENTED_EDGE('',*,*,#7567,.T.);
#5759=ORIENTED_EDGE('',*,*,#7479,.F.);
#5760=ORIENTED_EDGE('',*,*,#7568,.F.);
#5761=CARTESIAN_POINT('',(1.82,1.75,-1.41955410846827));
#5762=DIRECTION('',(-1.0,0.0,0.0));
#5763=DIRECTION('',(0.0,0.0,-1.0));
#5764=ORIENTED_EDGE('',*,*,#7568,.T.);
#5765=ORIENTED_EDGE('',*,*,#7535,.F.);
#5766=ORIENTED_EDGE('',*,*,#7569,.F.);
#5767=CARTESIAN_POINT('',(1.35431457505076,1.75,-1.41955410846827));
#5768=DIRECTION('',(0.0,1.0,0.0));
#5769=DIRECTION('',(1.0,0.0,0.0));
#5770=ORIENTED_EDGE('',*,*,#7569,.T.);
#5771=ORIENTED_EDGE('',*,*,#7538,.F.);
#5772=ORIENTED_EDGE('',*,*,#7185,.F.);
#5773=ORIENTED_EDGE('',*,*,#7555,.F.);
#5774=CARTESIAN_POINT('',(1.53715728752538,1.75,-1.60239682094289));
#5775=DIRECTION('',(-0.707106781186546,0.0,0.707106781186549));
#5776=DIRECTION('',(-0.707106781186549,0.0,-0.707106781186546));
#5777=ORIENTED_EDGE('',*,*,#7184,.T.);
#5778=ORIENTED_EDGE('',*,*,#7541,.F.);
#5779=ORIENTED_EDGE('',*,*,#7570,.F.);
#5780=CARTESIAN_POINT('',(1.31088311754569,1.75,-1.37612265096319));
#5781=DIRECTION('',(0.0,1.0,0.0));
#5782=DIRECTION('',(1.0,0.0,0.0));
#5783=ORIENTED_EDGE('',*,*,#7570,.T.);
#5784=ORIENTED_EDGE('',*,*,#7543,.F.);
#5785=ORIENTED_EDGE('',*,*,#7571,.F.);
#5786=ORIENTED_EDGE('',*,*,#7556,.F.);
#5787=CARTESIAN_POINT('',(1.5937258300203,1.75,-1.09327993848858));
#5788=DIRECTION('',(0.707106781186547,0.0,0.707106781186547));
#5789=DIRECTION('',(-0.707106781186547,0.0,0.707106781186547));
#5790=ORIENTED_EDGE('',*,*,#7571,.T.);
#5791=ORIENTED_EDGE('',*,*,#7545,.F.);
#5792=ORIENTED_EDGE('',*,*,#7193,.F.);
#5793=ORIENTED_EDGE('',*,*,#7572,.F.);
#5794=CARTESIAN_POINT('',(1.87656854249492,1.75,-0.810437226013957));
#5795=DIRECTION('',(0.0,1.0,0.0));
#5796=DIRECTION('',(1.0,0.0,0.0));
#5797=ORIENTED_EDGE('',*,*,#7572,.T.);
#5798=ORIENTED_EDGE('',*,*,#7549,.F.);
#5799=ORIENTED_EDGE('',*,*,#7573,.F.);
#5800=ORIENTED_EDGE('',*,*,#7557,.F.);
#5801=CARTESIAN_POINT('',(2.10284271247462,1.75,-1.03671139599365));
#5802=DIRECTION('',(0.707106781186546,0.0,-0.707106781186549));
#5803=DIRECTION('',(0.707106781186549,0.0,0.707106781186546));
#5804=ORIENTED_EDGE('',*,*,#7573,.T.);
#5805=ORIENTED_EDGE('',*,*,#7551,.F.);
#5806=ORIENTED_EDGE('',*,*,#7574,.F.);
#5807=CARTESIAN_POINT('',(1.92,1.75,-0.853868683519034));
#5808=DIRECTION('',(0.0,1.0,0.0));
#5809=DIRECTION('',(1.0,0.0,0.0));
#5810=ORIENTED_EDGE('',*,*,#7473,.F.);
#5811=ORIENTED_EDGE('',*,*,#7575,.T.);
#5812=ORIENTED_EDGE('',*,*,#7552,.F.);
#5813=ORIENTED_EDGE('',*,*,#7574,.T.);
#5814=CARTESIAN_POINT('',(1.92,1.75,-1.31955410846827));
#5815=DIRECTION('',(0.0,0.0,-1.0));
#5816=DIRECTION('',(1.0,0.0,0.0));
#5817=ORIENTED_EDGE('',*,*,#7566,.F.);
#5818=ORIENTED_EDGE('',*,*,#7481,.F.);
#5819=ORIENTED_EDGE('',*,*,#7441,.F.);
#5820=ORIENTED_EDGE('',*,*,#7484,.F.);
#5821=CARTESIAN_POINT('',(1.48,2.05,-1.41955410846827));
#5822=DIRECTION('',(0.0,1.0,0.0));
#5823=DIRECTION('',(0.0,0.0,-1.0));
#5824=ORIENTED_EDGE('',*,*,#7558,.F.);
#5825=ORIENTED_EDGE('',*,*,#7487,.T.);
#5826=ORIENTED_EDGE('',*,*,#7437,.F.);
#5827=ORIENTED_EDGE('',*,*,#7476,.F.);
#5828=CARTESIAN_POINT('',(1.92,2.05,-0.98));
#5829=DIRECTION('',(0.0,1.0,0.0));
#5830=DIRECTION('',(0.0,0.0,-1.0));
#5831=ORIENTED_EDGE('',*,*,#7493,.F.);
#5832=ORIENTED_EDGE('',*,*,#7433,.T.);
#5833=ORIENTED_EDGE('',*,*,#7576,.F.);
#5834=ORIENTED_EDGE('',*,*,#7576,.T.);
#5835=ORIENTED_EDGE('',*,*,#7478,.F.);
#5836=ORIENTED_EDGE('',*,*,#7577,.F.);
#5837=ORIENTED_EDGE('',*,*,#7494,.F.);
#5838=ORIENTED_EDGE('',*,*,#7577,.T.);
#5839=ORIENTED_EDGE('',*,*,#7480,.F.);
#5840=ORIENTED_EDGE('',*,*,#7578,.F.);
#5841=ORIENTED_EDGE('',*,*,#7488,.F.);
#5842=CARTESIAN_POINT('',(1.58286674085398,2.1312874539432,-1.41955410846827));
#5843=DIRECTION('',(0.371945836274674,-0.928254434343264,-2.09066274204748E-16));
#5844=DIRECTION('',(-0.928254434343264,-0.371945836274674,0.0));
#5845=ORIENTED_EDGE('',*,*,#7578,.T.);
#5846=ORIENTED_EDGE('',*,*,#7567,.F.);
#5847=ORIENTED_EDGE('',*,*,#7579,.F.);
#5848=CARTESIAN_POINT('',(1.73564627593725,1.75,-1.41955410846827));
#5849=DIRECTION('',(0.0,1.0,0.0));
#5850=DIRECTION('',(1.0,0.0,0.0));
#5851=ORIENTED_EDGE('',*,*,#7434,.T.);
#5852=ORIENTED_EDGE('',*,*,#7492,.F.);
#5853=ORIENTED_EDGE('',*,*,#7580,.F.);
#5854=ORIENTED_EDGE('',*,*,#7579,.T.);
#5855=ORIENTED_EDGE('',*,*,#7553,.F.);
#5856=ORIENTED_EDGE('',*,*,#7581,.F.);
#5857=ORIENTED_EDGE('',*,*,#7489,.F.);
#5858=CARTESIAN_POINT('',(2.62760019220276,1.75,-0.527600192202756));
#5859=DIRECTION('',(-0.707106781186546,0.0,-0.707106781186549));
#5860=DIRECTION('',(0.707106781186549,0.0,-0.707106781186546));
#5861=ORIENTED_EDGE('',*,*,#7580,.T.);
#5862=ORIENTED_EDGE('',*,*,#7491,.F.);
#5863=ORIENTED_EDGE('',*,*,#7582,.F.);
#5864=ORIENTED_EDGE('',*,*,#7470,.F.);
#5865=ORIENTED_EDGE('',*,*,#7581,.T.);
#5866=ORIENTED_EDGE('',*,*,#7575,.F.);
#5867=ORIENTED_EDGE('',*,*,#7583,.F.);
#5868=CARTESIAN_POINT('',(1.92,1.75,-1.23520038440552));
#5869=DIRECTION('',(0.0,1.0,0.0));
#5870=DIRECTION('',(1.0,0.0,0.0));
#5871=ORIENTED_EDGE('',*,*,#7582,.T.);
#5872=ORIENTED_EDGE('',*,*,#7490,.F.);
#5873=ORIENTED_EDGE('',*,*,#7583,.T.);
#5874=ORIENTED_EDGE('',*,*,#7472,.F.);
#5875=CARTESIAN_POINT('',(1.92,1.97937289032591,-1.14329207957596));
#5876=DIRECTION('',(-3.41211729697706E-16,0.928254434343264,0.371945836274675));
#5877=DIRECTION('',(0.0,0.371945836274675,-0.928254434343264));
#5878=ORIENTED_EDGE('',*,*,#7455,.F.);
#5879=ORIENTED_EDGE('',*,*,#7584,.F.);
#5880=ORIENTED_EDGE('',*,*,#7585,.F.);
#5881=CARTESIAN_POINT('',(-1.82,2.05,-1.31955410846827));
#5882=DIRECTION('',(0.0,1.0,0.0));
#5883=DIRECTION('',(0.0,0.0,-1.0));
#5884=ORIENTED_EDGE('',*,*,#7584,.T.);
#5885=ORIENTED_EDGE('',*,*,#7454,.F.);
#5886=ORIENTED_EDGE('',*,*,#7586,.F.);
#5887=ORIENTED_EDGE('',*,*,#7587,.F.);
#5888=ORIENTED_EDGE('',*,*,#7588,.F.);
#5889=ORIENTED_EDGE('',*,*,#7589,.F.);
#5890=ORIENTED_EDGE('',*,*,#7590,.F.);
#5891=CARTESIAN_POINT('',(-2.02,2.05,-1.31955410846827));
#5892=DIRECTION('',(1.0,0.0,-9.86638187743173E-16));
#5893=DIRECTION('',(0.0,1.0,0.0));
#5894=ORIENTED_EDGE('',*,*,#7591,.T.);
#5895=ORIENTED_EDGE('',*,*,#7447,.F.);
#5896=ORIENTED_EDGE('',*,*,#7592,.F.);
#5897=CARTESIAN_POINT('',(-1.82,2.05,-1.31955410846827));
#5898=DIRECTION('',(0.0,1.0,0.0));
#5899=DIRECTION('',(0.0,0.0,-1.0));
#5900=ORIENTED_EDGE('',*,*,#7593,.F.);
#5901=ORIENTED_EDGE('',*,*,#7594,.T.);
#5902=ORIENTED_EDGE('',*,*,#7595,.F.);
#5903=ORIENTED_EDGE('',*,*,#7596,.F.);
#5904=ORIENTED_EDGE('',*,*,#7448,.F.);
#5905=ORIENTED_EDGE('',*,*,#7591,.F.);
#5906=ORIENTED_EDGE('',*,*,#7597,.F.);
#5907=CARTESIAN_POINT('',(-1.38,2.05,-1.51955410846827));
#5908=DIRECTION('',(-1.19691353203039E-46,2.42870733640968E-31,1.0));
#5909=DIRECTION('',(1.0,4.92819169311593E-16,0.0));
#5910=ORIENTED_EDGE('',*,*,#7412,.T.);
#5911=ORIENTED_EDGE('',*,*,#7598,.T.);
#5912=ORIENTED_EDGE('',*,*,#7450,.F.);
#5913=ORIENTED_EDGE('',*,*,#7599,.F.);
#5914=CARTESIAN_POINT('',(-1.48,2.05,-1.41913780286484));
#5915=DIRECTION('',(0.0,1.0,0.0));
#5916=DIRECTION('',(0.0,0.0,-1.0));
#5917=ORIENTED_EDGE('',*,*,#7411,.T.);
#5918=ORIENTED_EDGE('',*,*,#7600,.T.);
#5919=ORIENTED_EDGE('',*,*,#7451,.F.);
#5920=ORIENTED_EDGE('',*,*,#7598,.F.);
#5921=CARTESIAN_POINT('',(-1.84842712474619,2.05,-0.909289321881345));
#5922=DIRECTION('',(-0.707106781186546,0.0,-0.707106781186549));
#5923=DIRECTION('',(-0.707106781186549,0.0,0.707106781186546));
#5924=ORIENTED_EDGE('',*,*,#7410,.T.);
#5925=ORIENTED_EDGE('',*,*,#7601,.F.);
#5926=ORIENTED_EDGE('',*,*,#7452,.F.);
#5927=ORIENTED_EDGE('',*,*,#7600,.F.);
#5928=CARTESIAN_POINT('',(-1.91913780286485,2.05,-0.98));
#5929=DIRECTION('',(0.0,1.0,0.0));
#5930=DIRECTION('',(0.0,0.0,-1.0));
#5931=ORIENTED_EDGE('',*,*,#7602,.F.);
#5932=ORIENTED_EDGE('',*,*,#7603,.F.);
#5933=ORIENTED_EDGE('',*,*,#7604,.F.);
#5934=ORIENTED_EDGE('',*,*,#7605,.F.);
#5935=ORIENTED_EDGE('',*,*,#7606,.F.);
#5936=ORIENTED_EDGE('',*,*,#7607,.F.);
#5937=ORIENTED_EDGE('',*,*,#7608,.F.);
#5938=CARTESIAN_POINT('',(-2.64099025766973,2.05,-0.540990257669731));
#5939=DIRECTION('',(-0.680326332538423,0.272602572456024,-0.680326332538421));
#5940=DIRECTION('',(-0.707106781186546,0.0,0.707106781186549));
#5941=ORIENTED_EDGE('',*,*,#7609,.F.);
#5942=ORIENTED_EDGE('',*,*,#7610,.T.);
#5943=ORIENTED_EDGE('',*,*,#7221,.F.);
#5944=ORIENTED_EDGE('',*,*,#7611,.F.);
#5945=ORIENTED_EDGE('',*,*,#7612,.F.);
#5946=ORIENTED_EDGE('',*,*,#7613,.T.);
#5947=ORIENTED_EDGE('',*,*,#7211,.F.);
#5948=ORIENTED_EDGE('',*,*,#7614,.T.);
#5949=ORIENTED_EDGE('',*,*,#7615,.F.);
#5950=ORIENTED_EDGE('',*,*,#7616,.T.);
#5951=ORIENTED_EDGE('',*,*,#7223,.F.);
#5952=ORIENTED_EDGE('',*,*,#7617,.T.);
#5953=CARTESIAN_POINT('',(-2.1,1.45,0.0));
#5954=DIRECTION('',(1.0,0.0,0.0));
#5955=DIRECTION('',(0.0,1.0,-0.0));
#5956=ORIENTED_EDGE('',*,*,#7444,.T.);
#5957=ORIENTED_EDGE('',*,*,#7198,.T.);
#5958=ORIENTED_EDGE('',*,*,#7212,.F.);
#5959=ORIENTED_EDGE('',*,*,#7613,.F.);
#5960=ORIENTED_EDGE('',*,*,#7618,.F.);
#5961=CARTESIAN_POINT('',(-2.0,1.45,-1.5));
#5962=DIRECTION('',(0.0,1.0,0.0));
#5963=DIRECTION('',(0.0,0.0,-1.0));
#5964=ORIENTED_EDGE('',*,*,#7515,.F.);
#5965=ORIENTED_EDGE('',*,*,#7619,.F.);
#5966=ORIENTED_EDGE('',*,*,#7241,.T.);
#5967=ORIENTED_EDGE('',*,*,#7620,.T.);
#5968=CARTESIAN_POINT('',(-2.05,0.07,-0.55));
#5969=DIRECTION('',(1.0,0.0,0.0));
#5970=DIRECTION('',(0.0,1.0,-0.0));
#5971=ORIENTED_EDGE('',*,*,#7516,.F.);
#5972=ORIENTED_EDGE('',*,*,#7620,.F.);
#5973=ORIENTED_EDGE('',*,*,#7240,.T.);
#5974=ORIENTED_EDGE('',*,*,#7621,.T.);
#5975=CARTESIAN_POINT('',(-1.6,0.07,-0.55));
#5976=DIRECTION('',(0.0,0.0,1.0));
#5977=DIRECTION('',(1.0,-0.0,0.0));
#5978=ORIENTED_EDGE('',*,*,#7517,.F.);
#5979=ORIENTED_EDGE('',*,*,#7621,.F.);
#5980=ORIENTED_EDGE('',*,*,#7239,.T.);
#5981=ORIENTED_EDGE('',*,*,#7622,.T.);
#5982=CARTESIAN_POINT('',(-1.6,0.07,-0.65));
#5983=DIRECTION('',(0.0,1.0,0.0));
#5984=DIRECTION('',(0.0,0.0,-1.0));
#5985=ORIENTED_EDGE('',*,*,#7518,.F.);
#5986=ORIENTED_EDGE('',*,*,#7622,.F.);
#5987=ORIENTED_EDGE('',*,*,#7238,.T.);
#5988=ORIENTED_EDGE('',*,*,#7623,.T.);
#5989=CARTESIAN_POINT('',(-1.5,0.07,-1.45));
#5990=DIRECTION('',(1.0,7.34683969263932E-32,1.99136488891558E-47));
#5991=DIRECTION('',(0.0,-2.71050543121377E-16,1.0));
#5992=ORIENTED_EDGE('',*,*,#7519,.F.);
#5993=ORIENTED_EDGE('',*,*,#7623,.F.);
#5994=ORIENTED_EDGE('',*,*,#7237,.T.);
#5995=ORIENTED_EDGE('',*,*,#7531,.T.);
#5996=CARTESIAN_POINT('',(-1.4,0.07,-1.45));
#5997=DIRECTION('',(0.0,1.0,0.0));
#5998=DIRECTION('',(0.0,0.0,-1.0));
#5999=ORIENTED_EDGE('',*,*,#7612,.T.);
#6000=ORIENTED_EDGE('',*,*,#7624,.F.);
#6001=ORIENTED_EDGE('',*,*,#7457,.T.);
#6002=ORIENTED_EDGE('',*,*,#7290,.T.);
#6003=ORIENTED_EDGE('',*,*,#7445,.T.);
#6004=ORIENTED_EDGE('',*,*,#7618,.T.);
#6005=CARTESIAN_POINT('',(-2.05,1.45,-1.5));
#6006=DIRECTION('',(0.707106781186544,-0.707106781186551,0.0));
#6007=DIRECTION('',(0.0,0.0,-1.0));
#6008=ORIENTED_EDGE('',*,*,#7594,.F.);
#6009=ORIENTED_EDGE('',*,*,#7625,.F.);
#6010=ORIENTED_EDGE('',*,*,#7626,.T.);
#6011=ORIENTED_EDGE('',*,*,#7627,.F.);
#6012=CARTESIAN_POINT('',(-1.35431457505076,1.85,-1.41955410846827));
#6013=DIRECTION('',(0.0,1.0,0.0));
#6014=DIRECTION('',(0.0,0.0,-1.0));
#6015=ORIENTED_EDGE('',*,*,#7626,.F.);
#6016=ORIENTED_EDGE('',*,*,#7628,.F.);
#6017=ORIENTED_EDGE('',*,*,#7629,.T.);
#6018=ORIENTED_EDGE('',*,*,#7630,.F.);
#6019=CARTESIAN_POINT('',(-1.24017243942703,1.85,-1.44683332908185));
#6020=DIRECTION('',(-0.707106781186549,0.0,0.707106781186546));
#6021=DIRECTION('',(0.0,1.0,0.0));
#6022=ORIENTED_EDGE('',*,*,#7629,.F.);
#6023=ORIENTED_EDGE('',*,*,#7175,.F.);
#6024=ORIENTED_EDGE('',*,*,#7631,.F.);
#6025=ORIENTED_EDGE('',*,*,#7632,.T.);
#6026=ORIENTED_EDGE('',*,*,#7633,.F.);
#6027=ORIENTED_EDGE('',*,*,#7179,.F.);
#6028=CARTESIAN_POINT('',(-1.31088311754569,1.85,-1.37612265096319));
#6029=DIRECTION('',(0.0,1.0,0.0));
#6030=DIRECTION('',(0.0,0.0,-1.0));
#6031=ORIENTED_EDGE('',*,*,#7182,.T.);
#6032=ORIENTED_EDGE('',*,*,#7634,.F.);
#6033=ORIENTED_EDGE('',*,*,#7632,.F.);
#6034=ORIENTED_EDGE('',*,*,#7635,.F.);
#6035=CARTESIAN_POINT('',(-1.80585786437627,1.85,-0.739726547895303));
#6036=DIRECTION('',(-0.707106781186547,0.0,-0.707106781186548));
#6037=DIRECTION('',(-0.707106781186548,0.0,0.707106781186547));
#6038=ORIENTED_EDGE('',*,*,#7180,.T.);
#6039=ORIENTED_EDGE('',*,*,#7636,.F.);
#6040=ORIENTED_EDGE('',*,*,#7637,.T.);
#6041=ORIENTED_EDGE('',*,*,#7638,.F.);
#6042=CARTESIAN_POINT('',(-1.87656854249492,1.85,-0.810437226013957));
#6043=DIRECTION('',(0.0,1.0,0.0));
#6044=DIRECTION('',(0.0,0.0,-1.0));
#6045=ORIENTED_EDGE('',*,*,#7637,.F.);
#6046=ORIENTED_EDGE('',*,*,#7639,.F.);
#6047=ORIENTED_EDGE('',*,*,#7640,.T.);
#6048=ORIENTED_EDGE('',*,*,#7641,.F.);
#6049=CARTESIAN_POINT('',(-1.99071067811866,1.85,-0.783158005400379));
#6050=DIRECTION('',(0.70710678118655,0.0,-0.707106781186545));
#6051=DIRECTION('',(0.0,-1.0,0.0));
#6052=ORIENTED_EDGE('',*,*,#7640,.F.);
#6053=ORIENTED_EDGE('',*,*,#7642,.F.);
#6054=ORIENTED_EDGE('',*,*,#7588,.T.);
#6055=ORIENTED_EDGE('',*,*,#7643,.F.);
#6056=CARTESIAN_POINT('',(-1.92,1.85,-0.853868683519034));
#6057=DIRECTION('',(0.0,1.0,0.0));
#6058=DIRECTION('',(0.0,0.0,-1.0));
#6059=ORIENTED_EDGE('',*,*,#7644,.F.);
#6060=ORIENTED_EDGE('',*,*,#7645,.F.);
#6061=ORIENTED_EDGE('',*,*,#7646,.F.);
#6062=ORIENTED_EDGE('',*,*,#7647,.F.);
#6063=ORIENTED_EDGE('',*,*,#7648,.F.);
#6064=ORIENTED_EDGE('',*,*,#7649,.F.);
#6065=CARTESIAN_POINT('',(-1.82,1.85,-1.31955410846827));
#6066=DIRECTION('',(0.0,1.0,0.0));
#6067=DIRECTION('',(1.0,0.0,-0.0));
#6068=ORIENTED_EDGE('',*,*,#7409,.T.);
#6069=ORIENTED_EDGE('',*,*,#7255,.T.);
#6070=ORIENTED_EDGE('',*,*,#7650,.T.);
#6071=ORIENTED_EDGE('',*,*,#7587,.T.);
#6072=ORIENTED_EDGE('',*,*,#7651,.F.);
#6073=CARTESIAN_POINT('',(-1.92,1.65,-1.31955410846827));
#6074=DIRECTION('',(0.0,-0.0,1.0));
#6075=DIRECTION('',(1.0,0.0,0.0));
#6076=ORIENTED_EDGE('',*,*,#7650,.F.);
#6077=ORIENTED_EDGE('',*,*,#7652,.T.);
#6078=ORIENTED_EDGE('',*,*,#7643,.T.);
#6079=CARTESIAN_POINT('',(-1.92,1.65,-0.853868683519034));
#6080=DIRECTION('',(0.0,-1.0,0.0));
#6081=DIRECTION('',(-1.0,0.0,0.0));
#6082=ORIENTED_EDGE('',*,*,#7652,.F.);
#6083=ORIENTED_EDGE('',*,*,#7254,.T.);
#6084=ORIENTED_EDGE('',*,*,#7653,.T.);
#6085=ORIENTED_EDGE('',*,*,#7641,.T.);
#6086=CARTESIAN_POINT('',(-1.92,1.65,-0.853868683519033));
#6087=DIRECTION('',(0.707106781186545,0.0,0.70710678118655));
#6088=DIRECTION('',(0.70710678118655,0.0,-0.707106781186545));
#6089=ORIENTED_EDGE('',*,*,#7653,.F.);
#6090=ORIENTED_EDGE('',*,*,#7654,.T.);
#6091=ORIENTED_EDGE('',*,*,#7181,.T.);
#6092=ORIENTED_EDGE('',*,*,#7638,.T.);
#6093=CARTESIAN_POINT('',(-1.87656854249492,1.65,-0.810437226013957));
#6094=DIRECTION('',(0.0,-1.0,0.0));
#6095=DIRECTION('',(-1.0,0.0,0.0));
#6096=ORIENTED_EDGE('',*,*,#7654,.F.);
#6097=ORIENTED_EDGE('',*,*,#7253,.T.);
#6098=ORIENTED_EDGE('',*,*,#7655,.T.);
#6099=ORIENTED_EDGE('',*,*,#7634,.T.);
#6100=CARTESIAN_POINT('',(-1.87656854249492,1.65,-0.810437226013957));
#6101=DIRECTION('',(0.707106781186547,0.0,-0.707106781186548));
#6102=DIRECTION('',(-0.707106781186548,0.0,-0.707106781186547));
#6103=ORIENTED_EDGE('',*,*,#7177,.T.);
#6104=ORIENTED_EDGE('',*,*,#7633,.T.);
#6105=ORIENTED_EDGE('',*,*,#7655,.F.);
#6106=CARTESIAN_POINT('',(-1.31088311754569,1.65,-1.37612265096319));
#6107=DIRECTION('',(0.0,-1.0,0.0));
#6108=DIRECTION('',(-1.0,0.0,0.0));
#6109=ORIENTED_EDGE('',*,*,#7178,.F.);
#6110=ORIENTED_EDGE('',*,*,#7252,.T.);
#6111=ORIENTED_EDGE('',*,*,#7656,.T.);
#6112=ORIENTED_EDGE('',*,*,#7630,.T.);
#6113=CARTESIAN_POINT('',(-1.31088311754569,1.65,-1.37612265096319));
#6114=DIRECTION('',(-0.707106781186546,0.0,-0.707106781186549));
#6115=DIRECTION('',(-0.707106781186549,0.0,0.707106781186546));
#6116=ORIENTED_EDGE('',*,*,#7656,.F.);
#6117=ORIENTED_EDGE('',*,*,#7657,.T.);
#6118=ORIENTED_EDGE('',*,*,#7627,.T.);
#6119=CARTESIAN_POINT('',(-1.35431457505076,1.65,-1.41955410846827));
#6120=DIRECTION('',(0.0,-1.0,0.0));
#6121=DIRECTION('',(-1.0,0.0,0.0));
#6122=ORIENTED_EDGE('',*,*,#7595,.T.);
#6123=ORIENTED_EDGE('',*,*,#7657,.F.);
#6124=ORIENTED_EDGE('',*,*,#7251,.T.);
#6125=ORIENTED_EDGE('',*,*,#7408,.T.);
#6126=ORIENTED_EDGE('',*,*,#7658,.F.);
#6127=CARTESIAN_POINT('',(-1.38,1.65,-1.41955410846827));
#6128=DIRECTION('',(-1.0,0.0,0.0));
#6129=DIRECTION('',(0.0,0.0,1.0));
#6130=ORIENTED_EDGE('',*,*,#7648,.T.);
#6131=ORIENTED_EDGE('',*,*,#7659,.T.);
#6132=ORIENTED_EDGE('',*,*,#7593,.T.);
#6133=ORIENTED_EDGE('',*,*,#7660,.F.);
#6134=CARTESIAN_POINT('',(-1.82,1.75,-1.41955410846827));
#6135=DIRECTION('',(1.0,0.0,0.0));
#6136=DIRECTION('',(0.0,0.0,-1.0));
#6137=ORIENTED_EDGE('',*,*,#7659,.F.);
#6138=ORIENTED_EDGE('',*,*,#7661,.T.);
#6139=ORIENTED_EDGE('',*,*,#7625,.T.);
#6140=CARTESIAN_POINT('',(-1.35431457505076,1.75,-1.41955410846827));
#6141=DIRECTION('',(0.0,-1.0,0.0));
#6142=DIRECTION('',(-1.0,0.0,0.0));
#6143=ORIENTED_EDGE('',*,*,#7661,.F.);
#6144=ORIENTED_EDGE('',*,*,#7647,.T.);
#6145=ORIENTED_EDGE('',*,*,#7176,.T.);
#6146=ORIENTED_EDGE('',*,*,#7628,.T.);
#6147=CARTESIAN_POINT('',(-1.53715728752538,1.75,-1.60239682094289));
#6148=DIRECTION('',(0.707106781186546,0.0,0.707106781186549));
#6149=DIRECTION('',(0.707106781186549,0.0,-0.707106781186546));
#6150=ORIENTED_EDGE('',*,*,#7174,.T.);
#6151=ORIENTED_EDGE('',*,*,#7662,.T.);
#6152=ORIENTED_EDGE('',*,*,#7631,.T.);
#6153=CARTESIAN_POINT('',(-1.31088311754569,1.75,-1.37612265096319));
#6154=DIRECTION('',(0.0,-1.0,0.0));
#6155=DIRECTION('',(-1.0,0.0,0.0));
#6156=ORIENTED_EDGE('',*,*,#7662,.F.);
#6157=ORIENTED_EDGE('',*,*,#7646,.T.);
#6158=ORIENTED_EDGE('',*,*,#7663,.T.);
#6159=ORIENTED_EDGE('',*,*,#7635,.T.);
#6160=CARTESIAN_POINT('',(-1.5937258300203,1.75,-1.09327993848858));
#6161=DIRECTION('',(-0.707106781186547,0.0,0.707106781186547));
#6162=DIRECTION('',(0.707106781186547,0.0,0.707106781186547));
#6163=ORIENTED_EDGE('',*,*,#7663,.F.);
#6164=ORIENTED_EDGE('',*,*,#7664,.T.);
#6165=ORIENTED_EDGE('',*,*,#7636,.T.);
#6166=ORIENTED_EDGE('',*,*,#7183,.T.);
#6167=CARTESIAN_POINT('',(-1.87656854249492,1.75,-0.810437226013957));
#6168=DIRECTION('',(0.0,-1.0,0.0));
#6169=DIRECTION('',(-1.0,0.0,0.0));
#6170=ORIENTED_EDGE('',*,*,#7664,.F.);
#6171=ORIENTED_EDGE('',*,*,#7645,.T.);
#6172=ORIENTED_EDGE('',*,*,#7665,.T.);
#6173=ORIENTED_EDGE('',*,*,#7639,.T.);
#6174=CARTESIAN_POINT('',(-2.10284271247462,1.75,-1.03671139599365));
#6175=DIRECTION('',(-0.707106781186546,0.0,-0.707106781186549));
#6176=DIRECTION('',(-0.707106781186549,0.0,0.707106781186546));
#6177=ORIENTED_EDGE('',*,*,#7665,.F.);
#6178=ORIENTED_EDGE('',*,*,#7666,.T.);
#6179=ORIENTED_EDGE('',*,*,#7642,.T.);
#6180=CARTESIAN_POINT('',(-1.92,1.75,-0.853868683519034));
#6181=DIRECTION('',(0.0,-1.0,0.0));
#6182=DIRECTION('',(-1.0,0.0,0.0));
#6183=ORIENTED_EDGE('',*,*,#7589,.T.);
#6184=ORIENTED_EDGE('',*,*,#7666,.F.);
#6185=ORIENTED_EDGE('',*,*,#7644,.T.);
#6186=ORIENTED_EDGE('',*,*,#7667,.F.);
#6187=CARTESIAN_POINT('',(-1.92,1.75,-1.31955410846827));
#6188=DIRECTION('',(-0.0,0.0,-1.0));
#6189=DIRECTION('',(-1.0,0.0,0.0));
#6190=ORIENTED_EDGE('',*,*,#7658,.T.);
#6191=ORIENTED_EDGE('',*,*,#7599,.T.);
#6192=ORIENTED_EDGE('',*,*,#7449,.T.);
#6193=ORIENTED_EDGE('',*,*,#7596,.T.);
#6194=CARTESIAN_POINT('',(-1.48,2.05,-1.41955410846827));
#6195=DIRECTION('',(0.0,1.0,0.0));
#6196=DIRECTION('',(0.0,0.0,-1.0));
#6197=ORIENTED_EDGE('',*,*,#7651,.T.);
#6198=ORIENTED_EDGE('',*,*,#7586,.T.);
#6199=ORIENTED_EDGE('',*,*,#7453,.T.);
#6200=ORIENTED_EDGE('',*,*,#7601,.T.);
#6201=CARTESIAN_POINT('',(-1.92,2.05,-0.98));
#6202=DIRECTION('',(0.0,1.0,0.0));
#6203=DIRECTION('',(0.0,0.0,-1.0));
#6204=ORIENTED_EDGE('',*,*,#7604,.T.);
#6205=ORIENTED_EDGE('',*,*,#7668,.T.);
#6206=ORIENTED_EDGE('',*,*,#7446,.F.);
#6207=ORIENTED_EDGE('',*,*,#7668,.F.);
#6208=ORIENTED_EDGE('',*,*,#7603,.T.);
#6209=ORIENTED_EDGE('',*,*,#7669,.T.);
#6210=ORIENTED_EDGE('',*,*,#7592,.T.);
#6211=ORIENTED_EDGE('',*,*,#7669,.F.);
#6212=ORIENTED_EDGE('',*,*,#7602,.T.);
#6213=ORIENTED_EDGE('',*,*,#7670,.T.);
#6214=ORIENTED_EDGE('',*,*,#7597,.T.);
#6215=CARTESIAN_POINT('',(-1.58286674085398,2.1312874539432,-1.41955410846827));
#6216=DIRECTION('',(-0.371945836274674,-0.928254434343264,-2.09066274204748E-16));
#6217=DIRECTION('',(0.928254434343264,-0.371945836274674,0.0));
#6218=ORIENTED_EDGE('',*,*,#7670,.F.);
#6219=ORIENTED_EDGE('',*,*,#7671,.T.);
#6220=ORIENTED_EDGE('',*,*,#7660,.T.);
#6221=CARTESIAN_POINT('',(-1.73564627593725,1.75,-1.41955410846827));
#6222=DIRECTION('',(0.0,-1.0,0.0));
#6223=DIRECTION('',(-1.0,0.0,0.0));
#6224=ORIENTED_EDGE('',*,*,#7456,.F.);
#6225=ORIENTED_EDGE('',*,*,#7672,.T.);
#6226=ORIENTED_EDGE('',*,*,#7605,.T.);
#6227=ORIENTED_EDGE('',*,*,#7671,.F.);
#6228=ORIENTED_EDGE('',*,*,#7608,.T.);
#6229=ORIENTED_EDGE('',*,*,#7673,.T.);
#6230=ORIENTED_EDGE('',*,*,#7649,.T.);
#6231=CARTESIAN_POINT('',(-2.62760019220276,1.75,-0.527600192202756));
#6232=DIRECTION('',(0.707106781186546,0.0,-0.707106781186549));
#6233=DIRECTION('',(-0.707106781186549,0.0,-0.707106781186546));
#6234=ORIENTED_EDGE('',*,*,#7672,.F.);
#6235=ORIENTED_EDGE('',*,*,#7585,.T.);
#6236=ORIENTED_EDGE('',*,*,#7674,.T.);
#6237=ORIENTED_EDGE('',*,*,#7606,.T.);
#6238=ORIENTED_EDGE('',*,*,#7673,.F.);
#6239=ORIENTED_EDGE('',*,*,#7675,.T.);
#6240=ORIENTED_EDGE('',*,*,#7667,.T.);
#6241=CARTESIAN_POINT('',(-1.92,1.75,-1.23520038440552));
#6242=DIRECTION('',(0.0,-1.0,0.0));
#6243=DIRECTION('',(-1.0,0.0,0.0));
#6244=ORIENTED_EDGE('',*,*,#7674,.F.);
#6245=ORIENTED_EDGE('',*,*,#7590,.T.);
#6246=ORIENTED_EDGE('',*,*,#7675,.F.);
#6247=ORIENTED_EDGE('',*,*,#7607,.T.);
#6248=CARTESIAN_POINT('',(-1.92,1.97937289032591,-1.14329207957596));
#6249=DIRECTION('',(3.41211729697706E-16,0.928254434343264,0.371945836274675));
#6250=DIRECTION('',(0.0,0.371945836274675,-0.928254434343264));
#6251=ORIENTED_EDGE('',*,*,#7429,.F.);
#6252=ORIENTED_EDGE('',*,*,#7676,.F.);
#6253=ORIENTED_EDGE('',*,*,#7677,.F.);
#6254=CARTESIAN_POINT('',(1.82,2.05,1.31955410846827));
#6255=DIRECTION('',(0.0,1.0,-0.0));
#6256=DIRECTION('',(0.0,0.0,1.0));
#6257=ORIENTED_EDGE('',*,*,#7676,.T.);
#6258=ORIENTED_EDGE('',*,*,#7428,.F.);
#6259=ORIENTED_EDGE('',*,*,#7678,.F.);
#6260=ORIENTED_EDGE('',*,*,#7679,.F.);
#6261=ORIENTED_EDGE('',*,*,#7680,.F.);
#6262=ORIENTED_EDGE('',*,*,#7681,.F.);
#6263=ORIENTED_EDGE('',*,*,#7682,.F.);
#6264=CARTESIAN_POINT('',(2.02,2.05,1.31955410846827));
#6265=DIRECTION('',(-1.0,0.0,9.86638187743173E-16));
#6266=DIRECTION('',(0.0,1.0,0.0));
#6267=ORIENTED_EDGE('',*,*,#7683,.T.);
#6268=ORIENTED_EDGE('',*,*,#7421,.F.);
#6269=ORIENTED_EDGE('',*,*,#7684,.F.);
#6270=CARTESIAN_POINT('',(1.82,2.05,1.31955410846827));
#6271=DIRECTION('',(0.0,1.0,-0.0));
#6272=DIRECTION('',(0.0,0.0,1.0));
#6273=ORIENTED_EDGE('',*,*,#7685,.F.);
#6274=ORIENTED_EDGE('',*,*,#7686,.T.);
#6275=ORIENTED_EDGE('',*,*,#7687,.F.);
#6276=ORIENTED_EDGE('',*,*,#7688,.F.);
#6277=ORIENTED_EDGE('',*,*,#7422,.F.);
#6278=ORIENTED_EDGE('',*,*,#7683,.F.);
#6279=ORIENTED_EDGE('',*,*,#7689,.F.);
#6280=CARTESIAN_POINT('',(1.38,2.05,1.51955410846827));
#6281=DIRECTION('',(4.92819169311593E-16,0.0,-1.0));
#6282=DIRECTION('',(0.0,-1.0,0.0));
#6283=ORIENTED_EDGE('',*,*,#7402,.T.);
#6284=ORIENTED_EDGE('',*,*,#7690,.T.);
#6285=ORIENTED_EDGE('',*,*,#7424,.F.);
#6286=ORIENTED_EDGE('',*,*,#7691,.F.);
#6287=CARTESIAN_POINT('',(1.48,2.05,1.41913780286484));
#6288=DIRECTION('',(0.0,1.0,-0.0));
#6289=DIRECTION('',(0.0,0.0,1.0));
#6290=ORIENTED_EDGE('',*,*,#7401,.T.);
#6291=ORIENTED_EDGE('',*,*,#7692,.T.);
#6292=ORIENTED_EDGE('',*,*,#7425,.F.);
#6293=ORIENTED_EDGE('',*,*,#7690,.F.);
#6294=CARTESIAN_POINT('',(1.84842712474619,2.05,0.909289321881345));
#6295=DIRECTION('',(0.707106781186546,0.0,0.707106781186549));
#6296=DIRECTION('',(0.0,-1.0,0.0));
#6297=ORIENTED_EDGE('',*,*,#7400,.T.);
#6298=ORIENTED_EDGE('',*,*,#7693,.F.);
#6299=ORIENTED_EDGE('',*,*,#7426,.F.);
#6300=ORIENTED_EDGE('',*,*,#7692,.F.);
#6301=CARTESIAN_POINT('',(1.91913780286485,2.05,0.98));
#6302=DIRECTION('',(0.0,1.0,-0.0));
#6303=DIRECTION('',(0.0,0.0,1.0));
#6304=ORIENTED_EDGE('',*,*,#7694,.F.);
#6305=ORIENTED_EDGE('',*,*,#7695,.F.);
#6306=ORIENTED_EDGE('',*,*,#7696,.F.);
#6307=ORIENTED_EDGE('',*,*,#7697,.F.);
#6308=ORIENTED_EDGE('',*,*,#7698,.F.);
#6309=ORIENTED_EDGE('',*,*,#7699,.F.);
#6310=ORIENTED_EDGE('',*,*,#7700,.F.);
#6311=CARTESIAN_POINT('',(2.64099025766973,2.05,0.540990257669731));
#6312=DIRECTION('',(0.680326332538423,0.272602572456024,0.680326332538421));
#6313=DIRECTION('',(0.0,-0.928254434343264,0.371945836274675));
#6314=ORIENTED_EDGE('',*,*,#7418,.T.);
#6315=ORIENTED_EDGE('',*,*,#7206,.T.);
#6316=ORIENTED_EDGE('',*,*,#7219,.F.);
#6317=ORIENTED_EDGE('',*,*,#7503,.F.);
#6318=ORIENTED_EDGE('',*,*,#7532,.F.);
#6319=CARTESIAN_POINT('',(2.0,1.45,1.5));
#6320=DIRECTION('',(0.0,1.0,-0.0));
#6321=DIRECTION('',(0.0,0.0,1.0));
#6322=ORIENTED_EDGE('',*,*,#7506,.F.);
#6323=ORIENTED_EDGE('',*,*,#7526,.F.);
#6324=ORIENTED_EDGE('',*,*,#7230,.T.);
#6325=ORIENTED_EDGE('',*,*,#7701,.T.);
#6326=CARTESIAN_POINT('',(1.6,0.07,0.55));
#6327=DIRECTION('',(0.0,0.0,-1.0));
#6328=DIRECTION('',(0.0,-1.0,0.0));
#6329=ORIENTED_EDGE('',*,*,#7507,.F.);
#6330=ORIENTED_EDGE('',*,*,#7701,.F.);
#6331=ORIENTED_EDGE('',*,*,#7229,.T.);
#6332=ORIENTED_EDGE('',*,*,#7702,.T.);
#6333=CARTESIAN_POINT('',(1.6,0.07,0.65));
#6334=DIRECTION('',(0.0,1.0,-0.0));
#6335=DIRECTION('',(0.0,0.0,1.0));
#6336=ORIENTED_EDGE('',*,*,#7508,.F.);
#6337=ORIENTED_EDGE('',*,*,#7702,.F.);
#6338=ORIENTED_EDGE('',*,*,#7228,.T.);
#6339=ORIENTED_EDGE('',*,*,#7703,.T.);
#6340=CARTESIAN_POINT('',(1.5,0.07,1.45));
#6341=DIRECTION('',(-1.0,0.0,-2.71050543121377E-16));
#6342=DIRECTION('',(-2.71050543121377E-16,0.0,1.0));
#6343=ORIENTED_EDGE('',*,*,#7509,.F.);
#6344=ORIENTED_EDGE('',*,*,#7703,.F.);
#6345=ORIENTED_EDGE('',*,*,#7227,.T.);
#6346=ORIENTED_EDGE('',*,*,#7704,.T.);
#6347=CARTESIAN_POINT('',(1.4,0.07,1.45));
#6348=DIRECTION('',(0.0,1.0,-0.0));
#6349=DIRECTION('',(0.0,0.0,1.0));
#6350=ORIENTED_EDGE('',*,*,#7510,.F.);
#6351=ORIENTED_EDGE('',*,*,#7704,.F.);
#6352=ORIENTED_EDGE('',*,*,#7226,.T.);
#6353=ORIENTED_EDGE('',*,*,#7705,.T.);
#6354=CARTESIAN_POINT('',(0.0,0.07,1.55));
#6355=DIRECTION('',(0.0,0.0,-1.0));
#6356=DIRECTION('',(0.0,-1.0,0.0));
#6357=ORIENTED_EDGE('',*,*,#7686,.F.);
#6358=ORIENTED_EDGE('',*,*,#7706,.F.);
#6359=ORIENTED_EDGE('',*,*,#7707,.T.);
#6360=ORIENTED_EDGE('',*,*,#7708,.F.);
#6361=CARTESIAN_POINT('',(1.35431457505076,1.85,1.41955410846827));
#6362=DIRECTION('',(0.0,1.0,-0.0));
#6363=DIRECTION('',(0.0,0.0,1.0));
#6364=ORIENTED_EDGE('',*,*,#7707,.F.);
#6365=ORIENTED_EDGE('',*,*,#7709,.F.);
#6366=ORIENTED_EDGE('',*,*,#7710,.T.);
#6367=ORIENTED_EDGE('',*,*,#7711,.F.);
#6368=CARTESIAN_POINT('',(1.24017243942703,1.85,1.44683332908185));
#6369=DIRECTION('',(0.707106781186549,0.0,-0.707106781186546));
#6370=DIRECTION('',(0.0,-1.0,0.0));
#6371=ORIENTED_EDGE('',*,*,#7710,.F.);
#6372=ORIENTED_EDGE('',*,*,#7165,.F.);
#6373=ORIENTED_EDGE('',*,*,#7712,.F.);
#6374=ORIENTED_EDGE('',*,*,#7713,.T.);
#6375=ORIENTED_EDGE('',*,*,#7714,.F.);
#6376=ORIENTED_EDGE('',*,*,#7169,.F.);
#6377=CARTESIAN_POINT('',(1.31088311754569,1.85,1.37612265096319));
#6378=DIRECTION('',(0.0,1.0,-0.0));
#6379=DIRECTION('',(0.0,0.0,1.0));
#6380=ORIENTED_EDGE('',*,*,#7172,.T.);
#6381=ORIENTED_EDGE('',*,*,#7715,.F.);
#6382=ORIENTED_EDGE('',*,*,#7713,.F.);
#6383=ORIENTED_EDGE('',*,*,#7716,.F.);
#6384=CARTESIAN_POINT('',(1.80585786437627,1.85,0.739726547895303));
#6385=DIRECTION('',(0.707106781186547,0.0,0.707106781186548));
#6386=DIRECTION('',(0.0,-1.0,0.0));
#6387=ORIENTED_EDGE('',*,*,#7170,.T.);
#6388=ORIENTED_EDGE('',*,*,#7717,.F.);
#6389=ORIENTED_EDGE('',*,*,#7718,.T.);
#6390=ORIENTED_EDGE('',*,*,#7719,.F.);
#6391=CARTESIAN_POINT('',(1.87656854249492,1.85,0.810437226013957));
#6392=DIRECTION('',(0.0,1.0,-0.0));
#6393=DIRECTION('',(0.0,0.0,1.0));
#6394=ORIENTED_EDGE('',*,*,#7718,.F.);
#6395=ORIENTED_EDGE('',*,*,#7720,.F.);
#6396=ORIENTED_EDGE('',*,*,#7721,.T.);
#6397=ORIENTED_EDGE('',*,*,#7722,.F.);
#6398=CARTESIAN_POINT('',(1.99071067811866,1.85,0.783158005400379));
#6399=DIRECTION('',(-0.70710678118655,0.0,0.707106781186545));
#6400=DIRECTION('',(0.0,1.0,0.0));
#6401=ORIENTED_EDGE('',*,*,#7721,.F.);
#6402=ORIENTED_EDGE('',*,*,#7723,.F.);
#6403=ORIENTED_EDGE('',*,*,#7680,.T.);
#6404=ORIENTED_EDGE('',*,*,#7724,.F.);
#6405=CARTESIAN_POINT('',(1.92,1.85,0.853868683519034));
#6406=DIRECTION('',(0.0,1.0,-0.0));
#6407=DIRECTION('',(0.0,0.0,1.0));
#6408=ORIENTED_EDGE('',*,*,#7725,.F.);
#6409=ORIENTED_EDGE('',*,*,#7726,.F.);
#6410=ORIENTED_EDGE('',*,*,#7727,.F.);
#6411=ORIENTED_EDGE('',*,*,#7728,.F.);
#6412=ORIENTED_EDGE('',*,*,#7729,.F.);
#6413=ORIENTED_EDGE('',*,*,#7730,.F.);
#6414=CARTESIAN_POINT('',(1.82,1.85,1.31955410846827));
#6415=DIRECTION('',(0.0,1.0,0.0));
#6416=DIRECTION('',(1.0,0.0,-0.0));
#6417=ORIENTED_EDGE('',*,*,#7399,.T.);
#6418=ORIENTED_EDGE('',*,*,#7270,.T.);
#6419=ORIENTED_EDGE('',*,*,#7731,.T.);
#6420=ORIENTED_EDGE('',*,*,#7679,.T.);
#6421=ORIENTED_EDGE('',*,*,#7732,.F.);
#6422=CARTESIAN_POINT('',(1.92,1.65,1.31955410846827));
#6423=DIRECTION('',(-0.0,0.0,-1.0));
#6424=DIRECTION('',(-1.0,0.0,0.0));
#6425=ORIENTED_EDGE('',*,*,#7731,.F.);
#6426=ORIENTED_EDGE('',*,*,#7733,.T.);
#6427=ORIENTED_EDGE('',*,*,#7724,.T.);
#6428=CARTESIAN_POINT('',(1.92,1.65,0.853868683519034));
#6429=DIRECTION('',(0.0,-1.0,0.0));
#6430=DIRECTION('',(1.0,0.0,0.0));
#6431=ORIENTED_EDGE('',*,*,#7733,.F.);
#6432=ORIENTED_EDGE('',*,*,#7269,.T.);
#6433=ORIENTED_EDGE('',*,*,#7734,.T.);
#6434=ORIENTED_EDGE('',*,*,#7722,.T.);
#6435=CARTESIAN_POINT('',(1.92,1.65,0.853868683519033));
#6436=DIRECTION('',(-0.707106781186545,0.0,-0.70710678118655));
#6437=DIRECTION('',(-0.70710678118655,0.0,0.707106781186545));
#6438=ORIENTED_EDGE('',*,*,#7734,.F.);
#6439=ORIENTED_EDGE('',*,*,#7735,.T.);
#6440=ORIENTED_EDGE('',*,*,#7171,.T.);
#6441=ORIENTED_EDGE('',*,*,#7719,.T.);
#6442=CARTESIAN_POINT('',(1.87656854249492,1.65,0.810437226013957));
#6443=DIRECTION('',(0.0,-1.0,0.0));
#6444=DIRECTION('',(1.0,0.0,0.0));
#6445=ORIENTED_EDGE('',*,*,#7735,.F.);
#6446=ORIENTED_EDGE('',*,*,#7268,.T.);
#6447=ORIENTED_EDGE('',*,*,#7736,.T.);
#6448=ORIENTED_EDGE('',*,*,#7715,.T.);
#6449=CARTESIAN_POINT('',(1.87656854249492,1.65,0.810437226013957));
#6450=DIRECTION('',(-0.707106781186547,0.0,0.707106781186548));
#6451=DIRECTION('',(0.707106781186548,0.0,0.707106781186547));
#6452=ORIENTED_EDGE('',*,*,#7167,.T.);
#6453=ORIENTED_EDGE('',*,*,#7714,.T.);
#6454=ORIENTED_EDGE('',*,*,#7736,.F.);
#6455=CARTESIAN_POINT('',(1.31088311754569,1.65,1.37612265096319));
#6456=DIRECTION('',(0.0,-1.0,0.0));
#6457=DIRECTION('',(1.0,0.0,0.0));
#6458=ORIENTED_EDGE('',*,*,#7168,.F.);
#6459=ORIENTED_EDGE('',*,*,#7267,.T.);
#6460=ORIENTED_EDGE('',*,*,#7737,.T.);
#6461=ORIENTED_EDGE('',*,*,#7711,.T.);
#6462=CARTESIAN_POINT('',(1.31088311754569,1.65,1.37612265096319));
#6463=DIRECTION('',(0.707106781186546,0.0,0.707106781186549));
#6464=DIRECTION('',(0.707106781186549,0.0,-0.707106781186546));
#6465=ORIENTED_EDGE('',*,*,#7737,.F.);
#6466=ORIENTED_EDGE('',*,*,#7738,.T.);
#6467=ORIENTED_EDGE('',*,*,#7708,.T.);
#6468=CARTESIAN_POINT('',(1.35431457505076,1.65,1.41955410846827));
#6469=DIRECTION('',(0.0,-1.0,0.0));
#6470=DIRECTION('',(1.0,0.0,0.0));
#6471=ORIENTED_EDGE('',*,*,#7687,.T.);
#6472=ORIENTED_EDGE('',*,*,#7738,.F.);
#6473=ORIENTED_EDGE('',*,*,#7266,.T.);
#6474=ORIENTED_EDGE('',*,*,#7398,.T.);
#6475=ORIENTED_EDGE('',*,*,#7739,.F.);
#6476=CARTESIAN_POINT('',(1.38,1.65,1.41955410846827));
#6477=DIRECTION('',(1.0,0.0,0.0));
#6478=DIRECTION('',(0.0,0.0,-1.0));
#6479=ORIENTED_EDGE('',*,*,#7729,.T.);
#6480=ORIENTED_EDGE('',*,*,#7740,.T.);
#6481=ORIENTED_EDGE('',*,*,#7685,.T.);
#6482=ORIENTED_EDGE('',*,*,#7741,.F.);
#6483=CARTESIAN_POINT('',(1.82,1.75,1.41955410846827));
#6484=DIRECTION('',(-1.0,0.0,0.0));
#6485=DIRECTION('',(0.0,0.0,1.0));
#6486=ORIENTED_EDGE('',*,*,#7740,.F.);
#6487=ORIENTED_EDGE('',*,*,#7742,.T.);
#6488=ORIENTED_EDGE('',*,*,#7706,.T.);
#6489=CARTESIAN_POINT('',(1.35431457505076,1.75,1.41955410846827));
#6490=DIRECTION('',(0.0,-1.0,0.0));
#6491=DIRECTION('',(1.0,0.0,0.0));
#6492=ORIENTED_EDGE('',*,*,#7742,.F.);
#6493=ORIENTED_EDGE('',*,*,#7728,.T.);
#6494=ORIENTED_EDGE('',*,*,#7166,.T.);
#6495=ORIENTED_EDGE('',*,*,#7709,.T.);
#6496=CARTESIAN_POINT('',(1.53715728752538,1.75,1.60239682094289));
#6497=DIRECTION('',(-0.707106781186546,0.0,-0.707106781186549));
#6498=DIRECTION('',(-0.707106781186549,0.0,0.707106781186546));
#6499=ORIENTED_EDGE('',*,*,#7164,.T.);
#6500=ORIENTED_EDGE('',*,*,#7743,.T.);
#6501=ORIENTED_EDGE('',*,*,#7712,.T.);
#6502=CARTESIAN_POINT('',(1.31088311754569,1.75,1.37612265096319));
#6503=DIRECTION('',(0.0,-1.0,0.0));
#6504=DIRECTION('',(1.0,0.0,0.0));
#6505=ORIENTED_EDGE('',*,*,#7743,.F.);
#6506=ORIENTED_EDGE('',*,*,#7727,.T.);
#6507=ORIENTED_EDGE('',*,*,#7744,.T.);
#6508=ORIENTED_EDGE('',*,*,#7716,.T.);
#6509=CARTESIAN_POINT('',(1.5937258300203,1.75,1.09327993848858));
#6510=DIRECTION('',(0.707106781186547,0.0,-0.707106781186547));
#6511=DIRECTION('',(-0.707106781186547,0.0,-0.707106781186547));
#6512=ORIENTED_EDGE('',*,*,#7744,.F.);
#6513=ORIENTED_EDGE('',*,*,#7745,.T.);
#6514=ORIENTED_EDGE('',*,*,#7717,.T.);
#6515=ORIENTED_EDGE('',*,*,#7173,.T.);
#6516=CARTESIAN_POINT('',(1.87656854249492,1.75,0.810437226013957));
#6517=DIRECTION('',(0.0,-1.0,0.0));
#6518=DIRECTION('',(1.0,0.0,0.0));
#6519=ORIENTED_EDGE('',*,*,#7745,.F.);
#6520=ORIENTED_EDGE('',*,*,#7726,.T.);
#6521=ORIENTED_EDGE('',*,*,#7746,.T.);
#6522=ORIENTED_EDGE('',*,*,#7720,.T.);
#6523=CARTESIAN_POINT('',(2.10284271247462,1.75,1.03671139599365));
#6524=DIRECTION('',(0.707106781186546,0.0,0.707106781186549));
#6525=DIRECTION('',(0.707106781186549,0.0,-0.707106781186546));
#6526=ORIENTED_EDGE('',*,*,#7746,.F.);
#6527=ORIENTED_EDGE('',*,*,#7747,.T.);
#6528=ORIENTED_EDGE('',*,*,#7723,.T.);
#6529=CARTESIAN_POINT('',(1.92,1.75,0.853868683519034));
#6530=DIRECTION('',(0.0,-1.0,0.0));
#6531=DIRECTION('',(1.0,0.0,0.0));
#6532=ORIENTED_EDGE('',*,*,#7681,.T.);
#6533=ORIENTED_EDGE('',*,*,#7747,.F.);
#6534=ORIENTED_EDGE('',*,*,#7725,.T.);
#6535=ORIENTED_EDGE('',*,*,#7748,.F.);
#6536=CARTESIAN_POINT('',(1.92,1.75,1.31955410846827));
#6537=DIRECTION('',(0.0,-0.0,1.0));
#6538=DIRECTION('',(1.0,0.0,0.0));
#6539=ORIENTED_EDGE('',*,*,#7739,.T.);
#6540=ORIENTED_EDGE('',*,*,#7691,.T.);
#6541=ORIENTED_EDGE('',*,*,#7423,.T.);
#6542=ORIENTED_EDGE('',*,*,#7688,.T.);
#6543=CARTESIAN_POINT('',(1.48,2.05,1.41955410846827));
#6544=DIRECTION('',(0.0,1.0,-0.0));
#6545=DIRECTION('',(0.0,0.0,1.0));
#6546=ORIENTED_EDGE('',*,*,#7732,.T.);
#6547=ORIENTED_EDGE('',*,*,#7678,.T.);
#6548=ORIENTED_EDGE('',*,*,#7427,.T.);
#6549=ORIENTED_EDGE('',*,*,#7693,.T.);
#6550=CARTESIAN_POINT('',(1.92,2.05,0.98));
#6551=DIRECTION('',(0.0,1.0,-0.0));
#6552=DIRECTION('',(0.0,0.0,1.0));
#6553=ORIENTED_EDGE('',*,*,#7696,.T.);
#6554=ORIENTED_EDGE('',*,*,#7749,.T.);
#6555=ORIENTED_EDGE('',*,*,#7420,.F.);
#6556=ORIENTED_EDGE('',*,*,#7749,.F.);
#6557=ORIENTED_EDGE('',*,*,#7695,.T.);
#6558=ORIENTED_EDGE('',*,*,#7750,.T.);
#6559=ORIENTED_EDGE('',*,*,#7684,.T.);
#6560=ORIENTED_EDGE('',*,*,#7750,.F.);
#6561=ORIENTED_EDGE('',*,*,#7694,.T.);
#6562=ORIENTED_EDGE('',*,*,#7751,.T.);
#6563=ORIENTED_EDGE('',*,*,#7689,.T.);
#6564=CARTESIAN_POINT('',(1.58286674085398,2.1312874539432,1.41955410846827));
#6565=DIRECTION('',(0.371945836274674,-0.928254434343264,2.09066274204748E-16));
#6566=DIRECTION('',(-0.928254434343264,-0.371945836274674,0.0));
#6567=ORIENTED_EDGE('',*,*,#7751,.F.);
#6568=ORIENTED_EDGE('',*,*,#7752,.T.);
#6569=ORIENTED_EDGE('',*,*,#7741,.T.);
#6570=CARTESIAN_POINT('',(1.73564627593725,1.75,1.41955410846827));
#6571=DIRECTION('',(0.0,-1.0,0.0));
#6572=DIRECTION('',(1.0,0.0,0.0));
#6573=ORIENTED_EDGE('',*,*,#7430,.F.);
#6574=ORIENTED_EDGE('',*,*,#7753,.T.);
#6575=ORIENTED_EDGE('',*,*,#7697,.T.);
#6576=ORIENTED_EDGE('',*,*,#7752,.F.);
#6577=ORIENTED_EDGE('',*,*,#7700,.T.);
#6578=ORIENTED_EDGE('',*,*,#7754,.T.);
#6579=ORIENTED_EDGE('',*,*,#7730,.T.);
#6580=CARTESIAN_POINT('',(2.62760019220276,1.75,0.527600192202756));
#6581=DIRECTION('',(-0.707106781186546,0.0,0.707106781186549));
#6582=DIRECTION('',(0.707106781186549,0.0,0.707106781186546));
#6583=ORIENTED_EDGE('',*,*,#7753,.F.);
#6584=ORIENTED_EDGE('',*,*,#7677,.T.);
#6585=ORIENTED_EDGE('',*,*,#7755,.T.);
#6586=ORIENTED_EDGE('',*,*,#7698,.T.);
#6587=ORIENTED_EDGE('',*,*,#7754,.F.);
#6588=ORIENTED_EDGE('',*,*,#7756,.T.);
#6589=ORIENTED_EDGE('',*,*,#7748,.T.);
#6590=CARTESIAN_POINT('',(1.92,1.75,1.23520038440552));
#6591=DIRECTION('',(0.0,-1.0,0.0));
#6592=DIRECTION('',(1.0,0.0,0.0));
#6593=ORIENTED_EDGE('',*,*,#7755,.F.);
#6594=ORIENTED_EDGE('',*,*,#7682,.T.);
#6595=ORIENTED_EDGE('',*,*,#7756,.F.);
#6596=ORIENTED_EDGE('',*,*,#7699,.T.);
#6597=CARTESIAN_POINT('',(1.92,1.97937289032591,1.14329207957596));
#6598=DIRECTION('',(-3.41211729697706E-16,0.928254434343264,-0.371945836274675));
#6599=DIRECTION('',(0.0,0.371945836274675,0.928254434343264));
#6600=ORIENTED_EDGE('',*,*,#7461,.T.);
#6601=ORIENTED_EDGE('',*,*,#7757,.T.);
#6602=ORIENTED_EDGE('',*,*,#7758,.T.);
#6603=CARTESIAN_POINT('',(-1.82,2.05,1.31955410846827));
#6604=DIRECTION('',(0.0,1.0,-0.0));
#6605=DIRECTION('',(0.0,0.0,1.0));
#6606=ORIENTED_EDGE('',*,*,#7758,.F.);
#6607=ORIENTED_EDGE('',*,*,#7759,.T.);
#6608=ORIENTED_EDGE('',*,*,#7760,.T.);
#6609=ORIENTED_EDGE('',*,*,#7761,.T.);
#6610=ORIENTED_EDGE('',*,*,#7762,.T.);
#6611=ORIENTED_EDGE('',*,*,#7763,.T.);
#6612=ORIENTED_EDGE('',*,*,#7462,.T.);
#6613=CARTESIAN_POINT('',(-2.02,2.05,1.31955410846827));
#6614=DIRECTION('',(1.0,9.73454913513132E-31,9.60447791718283E-46));
#6615=DIRECTION('',(0.0,-9.86638187743173E-16,1.0));
#6616=ORIENTED_EDGE('',*,*,#7764,.F.);
#6617=ORIENTED_EDGE('',*,*,#7765,.T.);
#6618=ORIENTED_EDGE('',*,*,#7469,.T.);
#6619=CARTESIAN_POINT('',(-1.82,2.05,1.31955410846827));
#6620=DIRECTION('',(0.0,1.0,-0.0));
#6621=DIRECTION('',(0.0,0.0,1.0));
#6622=ORIENTED_EDGE('',*,*,#7766,.T.);
#6623=ORIENTED_EDGE('',*,*,#7767,.T.);
#6624=ORIENTED_EDGE('',*,*,#7764,.T.);
#6625=ORIENTED_EDGE('',*,*,#7468,.T.);
#6626=ORIENTED_EDGE('',*,*,#7768,.T.);
#6627=ORIENTED_EDGE('',*,*,#7769,.T.);
#6628=ORIENTED_EDGE('',*,*,#7770,.F.);
#6629=CARTESIAN_POINT('',(-1.38,2.05,1.51955410846827));
#6630=DIRECTION('',(-4.92819169311593E-16,0.0,-1.0));
#6631=DIRECTION('',(-1.0,0.0,4.92819169311593E-16));
#6632=ORIENTED_EDGE('',*,*,#7415,.F.);
#6633=ORIENTED_EDGE('',*,*,#7771,.T.);
#6634=ORIENTED_EDGE('',*,*,#7466,.T.);
#6635=ORIENTED_EDGE('',*,*,#7772,.F.);
#6636=CARTESIAN_POINT('',(-1.48,2.05,1.41913780286484));
#6637=DIRECTION('',(0.0,1.0,-0.0));
#6638=DIRECTION('',(0.0,0.0,1.0));
#6639=ORIENTED_EDGE('',*,*,#7416,.F.);
#6640=ORIENTED_EDGE('',*,*,#7772,.T.);
#6641=ORIENTED_EDGE('',*,*,#7465,.T.);
#6642=ORIENTED_EDGE('',*,*,#7773,.F.);
#6643=CARTESIAN_POINT('',(-1.84842712474619,2.05,0.909289321881345));
#6644=DIRECTION('',(-0.707106781186546,0.0,0.707106781186549));
#6645=DIRECTION('',(0.0,1.0,0.0));
#6646=ORIENTED_EDGE('',*,*,#7417,.F.);
#6647=ORIENTED_EDGE('',*,*,#7773,.T.);
#6648=ORIENTED_EDGE('',*,*,#7464,.T.);
#6649=ORIENTED_EDGE('',*,*,#7774,.F.);
#6650=CARTESIAN_POINT('',(-1.91913780286485,2.05,0.98));
#6651=DIRECTION('',(0.0,1.0,-0.0));
#6652=DIRECTION('',(0.0,0.0,1.0));
#6653=ORIENTED_EDGE('',*,*,#7775,.T.);
#6654=ORIENTED_EDGE('',*,*,#7776,.T.);
#6655=ORIENTED_EDGE('',*,*,#7777,.T.);
#6656=ORIENTED_EDGE('',*,*,#7778,.T.);
#6657=ORIENTED_EDGE('',*,*,#7779,.T.);
#6658=ORIENTED_EDGE('',*,*,#7780,.T.);
#6659=ORIENTED_EDGE('',*,*,#7781,.T.);
#6660=CARTESIAN_POINT('',(-2.64099025766973,2.05,0.540990257669731));
#6661=DIRECTION('',(-0.680326332538423,0.272602572456024,0.68032633253842));
#6662=DIRECTION('',(0.371945836274674,0.928254434343264,0.0));
#6663=ORIENTED_EDGE('',*,*,#7458,.F.);
#6664=ORIENTED_EDGE('',*,*,#7624,.T.);
#6665=ORIENTED_EDGE('',*,*,#7611,.T.);
#6666=ORIENTED_EDGE('',*,*,#7220,.T.);
#6667=ORIENTED_EDGE('',*,*,#7204,.F.);
#6668=CARTESIAN_POINT('',(-2.0,1.45,1.5));
#6669=DIRECTION('',(0.0,1.0,-0.0));
#6670=DIRECTION('',(0.0,0.0,1.0));
#6671=ORIENTED_EDGE('',*,*,#7514,.T.);
#6672=ORIENTED_EDGE('',*,*,#7782,.F.);
#6673=ORIENTED_EDGE('',*,*,#7242,.F.);
#6674=ORIENTED_EDGE('',*,*,#7619,.T.);
#6675=CARTESIAN_POINT('',(-1.6,0.07,0.55));
#6676=DIRECTION('',(0.0,0.0,-1.0));
#6677=DIRECTION('',(0.0,-1.0,0.0));
#6678=ORIENTED_EDGE('',*,*,#7513,.T.);
#6679=ORIENTED_EDGE('',*,*,#7783,.F.);
#6680=ORIENTED_EDGE('',*,*,#7243,.F.);
#6681=ORIENTED_EDGE('',*,*,#7782,.T.);
#6682=CARTESIAN_POINT('',(-1.6,0.07,0.65));
#6683=DIRECTION('',(0.0,1.0,-0.0));
#6684=DIRECTION('',(0.0,0.0,1.0));
#6685=ORIENTED_EDGE('',*,*,#7512,.T.);
#6686=ORIENTED_EDGE('',*,*,#7784,.F.);
#6687=ORIENTED_EDGE('',*,*,#7224,.F.);
#6688=ORIENTED_EDGE('',*,*,#7783,.T.);
#6689=CARTESIAN_POINT('',(-1.5,0.07,1.45));
#6690=DIRECTION('',(1.0,0.0,-2.71050543121377E-16));
#6691=DIRECTION('',(0.0,1.0,0.0));
#6692=ORIENTED_EDGE('',*,*,#7511,.T.);
#6693=ORIENTED_EDGE('',*,*,#7705,.F.);
#6694=ORIENTED_EDGE('',*,*,#7225,.F.);
#6695=ORIENTED_EDGE('',*,*,#7784,.T.);
#6696=CARTESIAN_POINT('',(-1.4,0.07,1.45));
#6697=DIRECTION('',(0.0,1.0,-0.0));
#6698=DIRECTION('',(0.0,0.0,1.0));
#6699=ORIENTED_EDGE('',*,*,#7770,.T.);
#6700=ORIENTED_EDGE('',*,*,#7785,.T.);
#6701=ORIENTED_EDGE('',*,*,#7786,.F.);
#6702=ORIENTED_EDGE('',*,*,#7787,.T.);
#6703=CARTESIAN_POINT('',(-1.35431457505076,1.85,1.41955410846827));
#6704=DIRECTION('',(0.0,1.0,-0.0));
#6705=DIRECTION('',(0.0,0.0,1.0));
#6706=ORIENTED_EDGE('',*,*,#7786,.T.);
#6707=ORIENTED_EDGE('',*,*,#7788,.T.);
#6708=ORIENTED_EDGE('',*,*,#7789,.F.);
#6709=ORIENTED_EDGE('',*,*,#7790,.T.);
#6710=CARTESIAN_POINT('',(-1.24017243942703,1.85,1.44683332908185));
#6711=DIRECTION('',(-0.707106781186549,0.0,-0.707106781186546));
#6712=DIRECTION('',(-0.707106781186546,0.0,0.707106781186549));
#6713=ORIENTED_EDGE('',*,*,#7789,.T.);
#6714=ORIENTED_EDGE('',*,*,#7158,.T.);
#6715=ORIENTED_EDGE('',*,*,#7791,.T.);
#6716=ORIENTED_EDGE('',*,*,#7792,.F.);
#6717=ORIENTED_EDGE('',*,*,#7793,.T.);
#6718=ORIENTED_EDGE('',*,*,#7156,.T.);
#6719=CARTESIAN_POINT('',(-1.31088311754569,1.85,1.37612265096319));
#6720=DIRECTION('',(0.0,1.0,-0.0));
#6721=DIRECTION('',(0.0,0.0,1.0));
#6722=ORIENTED_EDGE('',*,*,#7794,.F.);
#6723=ORIENTED_EDGE('',*,*,#7795,.T.);
#6724=ORIENTED_EDGE('',*,*,#7792,.T.);
#6725=ORIENTED_EDGE('',*,*,#7796,.T.);
#6726=CARTESIAN_POINT('',(-1.80585786437627,1.85,0.739726547895303));
#6727=DIRECTION('',(-0.707106781186547,0.0,0.707106781186548));
#6728=DIRECTION('',(0.0,1.0,0.0));
#6729=ORIENTED_EDGE('',*,*,#7160,.T.);
#6730=ORIENTED_EDGE('',*,*,#7797,.T.);
#6731=ORIENTED_EDGE('',*,*,#7794,.T.);
#6732=ORIENTED_EDGE('',*,*,#7798,.T.);
#6733=CARTESIAN_POINT('',(-1.87656854249492,1.85,0.810437226013957));
#6734=DIRECTION('',(0.0,1.0,-0.0));
#6735=DIRECTION('',(0.0,0.0,1.0));
#6736=ORIENTED_EDGE('',*,*,#7162,.T.);
#6737=ORIENTED_EDGE('',*,*,#7799,.T.);
#6738=ORIENTED_EDGE('',*,*,#7800,.F.);
#6739=ORIENTED_EDGE('',*,*,#7801,.T.);
#6740=CARTESIAN_POINT('',(-1.99071067811866,1.85,0.783158005400379));
#6741=DIRECTION('',(0.70710678118655,0.0,0.707106781186545));
#6742=DIRECTION('',(0.0,-1.0,0.0));
#6743=ORIENTED_EDGE('',*,*,#7800,.T.);
#6744=ORIENTED_EDGE('',*,*,#7802,.T.);
#6745=ORIENTED_EDGE('',*,*,#7761,.F.);
#6746=ORIENTED_EDGE('',*,*,#7803,.T.);
#6747=CARTESIAN_POINT('',(-1.92,1.85,0.853868683519034));
#6748=DIRECTION('',(0.0,1.0,-0.0));
#6749=DIRECTION('',(0.0,0.0,1.0));
#6750=ORIENTED_EDGE('',*,*,#7804,.T.);
#6751=ORIENTED_EDGE('',*,*,#7805,.T.);
#6752=ORIENTED_EDGE('',*,*,#7806,.T.);
#6753=ORIENTED_EDGE('',*,*,#7807,.T.);
#6754=ORIENTED_EDGE('',*,*,#7808,.T.);
#6755=ORIENTED_EDGE('',*,*,#7809,.T.);
#6756=CARTESIAN_POINT('',(-1.82,1.85,1.31955410846827));
#6757=DIRECTION('',(0.0,1.0,0.0));
#6758=DIRECTION('',(1.0,0.0,-0.0));
#6759=ORIENTED_EDGE('',*,*,#7413,.F.);
#6760=ORIENTED_EDGE('',*,*,#7810,.T.);
#6761=ORIENTED_EDGE('',*,*,#7762,.F.);
#6762=ORIENTED_EDGE('',*,*,#7811,.F.);
#6763=ORIENTED_EDGE('',*,*,#7259,.F.);
#6764=CARTESIAN_POINT('',(-1.92,1.65,1.31955410846827));
#6765=DIRECTION('',(0.0,0.0,-1.0));
#6766=DIRECTION('',(1.0,0.0,0.0));
#6767=ORIENTED_EDGE('',*,*,#7811,.T.);
#6768=ORIENTED_EDGE('',*,*,#7802,.F.);
#6769=ORIENTED_EDGE('',*,*,#7812,.F.);
#6770=CARTESIAN_POINT('',(-1.92,1.65,0.853868683519034));
#6771=DIRECTION('',(0.0,1.0,0.0));
#6772=DIRECTION('',(-1.0,0.0,0.0));
#6773=ORIENTED_EDGE('',*,*,#7812,.T.);
#6774=ORIENTED_EDGE('',*,*,#7799,.F.);
#6775=ORIENTED_EDGE('',*,*,#7813,.F.);
#6776=ORIENTED_EDGE('',*,*,#7260,.F.);
#6777=CARTESIAN_POINT('',(-1.92,1.65,0.853868683519033));
#6778=DIRECTION('',(0.707106781186545,0.0,-0.70710678118655));
#6779=DIRECTION('',(0.70710678118655,0.0,0.707106781186545));
#6780=ORIENTED_EDGE('',*,*,#7813,.T.);
#6781=ORIENTED_EDGE('',*,*,#7161,.F.);
#6782=ORIENTED_EDGE('',*,*,#7798,.F.);
#6783=ORIENTED_EDGE('',*,*,#7814,.F.);
#6784=CARTESIAN_POINT('',(-1.87656854249492,1.65,0.810437226013957));
#6785=DIRECTION('',(0.0,1.0,0.0));
#6786=DIRECTION('',(-1.0,0.0,0.0));
#6787=ORIENTED_EDGE('',*,*,#7814,.T.);
#6788=ORIENTED_EDGE('',*,*,#7796,.F.);
#6789=ORIENTED_EDGE('',*,*,#7815,.F.);
#6790=ORIENTED_EDGE('',*,*,#7261,.F.);
#6791=CARTESIAN_POINT('',(-1.87656854249492,1.65,0.810437226013957));
#6792=DIRECTION('',(0.707106781186547,0.0,0.707106781186548));
#6793=DIRECTION('',(-0.707106781186548,0.0,0.707106781186547));
#6794=ORIENTED_EDGE('',*,*,#7157,.T.);
#6795=ORIENTED_EDGE('',*,*,#7815,.T.);
#6796=ORIENTED_EDGE('',*,*,#7791,.F.);
#6797=CARTESIAN_POINT('',(-1.31088311754569,1.65,1.37612265096319));
#6798=DIRECTION('',(0.0,1.0,0.0));
#6799=DIRECTION('',(-1.0,0.0,0.0));
#6800=ORIENTED_EDGE('',*,*,#7159,.T.);
#6801=ORIENTED_EDGE('',*,*,#7788,.F.);
#6802=ORIENTED_EDGE('',*,*,#7816,.F.);
#6803=ORIENTED_EDGE('',*,*,#7262,.F.);
#6804=CARTESIAN_POINT('',(-1.31088311754569,1.65,1.37612265096319));
#6805=DIRECTION('',(-0.707106781186546,0.0,0.707106781186549));
#6806=DIRECTION('',(-0.707106781186549,0.0,-0.707106781186546));
#6807=ORIENTED_EDGE('',*,*,#7816,.T.);
#6808=ORIENTED_EDGE('',*,*,#7785,.F.);
#6809=ORIENTED_EDGE('',*,*,#7817,.F.);
#6810=CARTESIAN_POINT('',(-1.35431457505076,1.65,1.41955410846827));
#6811=DIRECTION('',(0.0,1.0,0.0));
#6812=DIRECTION('',(-1.0,0.0,0.0));
#6813=ORIENTED_EDGE('',*,*,#7769,.F.);
#6814=ORIENTED_EDGE('',*,*,#7818,.T.);
#6815=ORIENTED_EDGE('',*,*,#7414,.F.);
#6816=ORIENTED_EDGE('',*,*,#7263,.F.);
#6817=ORIENTED_EDGE('',*,*,#7817,.T.);
#6818=CARTESIAN_POINT('',(-1.38,1.65,1.41955410846827));
#6819=DIRECTION('',(-1.0,0.0,0.0));
#6820=DIRECTION('',(0.0,0.0,-1.0));
#6821=ORIENTED_EDGE('',*,*,#7806,.F.);
#6822=ORIENTED_EDGE('',*,*,#7819,.T.);
#6823=ORIENTED_EDGE('',*,*,#7766,.F.);
#6824=ORIENTED_EDGE('',*,*,#7820,.F.);
#6825=CARTESIAN_POINT('',(-1.82,1.75,1.41955410846827));
#6826=DIRECTION('',(1.0,-0.0,0.0));
#6827=DIRECTION('',(0.0,0.0,1.0));
#6828=ORIENTED_EDGE('',*,*,#7820,.T.);
#6829=ORIENTED_EDGE('',*,*,#7787,.F.);
#6830=ORIENTED_EDGE('',*,*,#7821,.F.);
#6831=CARTESIAN_POINT('',(-1.35431457505076,1.75,1.41955410846827));
#6832=DIRECTION('',(0.0,1.0,0.0));
#6833=DIRECTION('',(-1.0,0.0,0.0));
#6834=ORIENTED_EDGE('',*,*,#7821,.T.);
#6835=ORIENTED_EDGE('',*,*,#7790,.F.);
#6836=ORIENTED_EDGE('',*,*,#7155,.F.);
#6837=ORIENTED_EDGE('',*,*,#7807,.F.);
#6838=CARTESIAN_POINT('',(-1.53715728752538,1.75,1.60239682094289));
#6839=DIRECTION('',(0.707106781186546,0.0,-0.707106781186549));
#6840=DIRECTION('',(0.707106781186549,0.0,0.707106781186546));
#6841=ORIENTED_EDGE('',*,*,#7154,.T.);
#6842=ORIENTED_EDGE('',*,*,#7793,.F.);
#6843=ORIENTED_EDGE('',*,*,#7822,.F.);
#6844=CARTESIAN_POINT('',(-1.31088311754569,1.75,1.37612265096319));
#6845=DIRECTION('',(0.0,1.0,0.0));
#6846=DIRECTION('',(-1.0,0.0,0.0));
#6847=ORIENTED_EDGE('',*,*,#7822,.T.);
#6848=ORIENTED_EDGE('',*,*,#7795,.F.);
#6849=ORIENTED_EDGE('',*,*,#7823,.F.);
#6850=ORIENTED_EDGE('',*,*,#7808,.F.);
#6851=CARTESIAN_POINT('',(-1.5937258300203,1.75,1.09327993848858));
#6852=DIRECTION('',(-0.707106781186547,0.0,-0.707106781186547));
#6853=DIRECTION('',(0.707106781186547,0.0,-0.707106781186547));
#6854=ORIENTED_EDGE('',*,*,#7823,.T.);
#6855=ORIENTED_EDGE('',*,*,#7797,.F.);
#6856=ORIENTED_EDGE('',*,*,#7163,.F.);
#6857=ORIENTED_EDGE('',*,*,#7824,.F.);
#6858=CARTESIAN_POINT('',(-1.87656854249492,1.75,0.810437226013957));
#6859=DIRECTION('',(0.0,1.0,0.0));
#6860=DIRECTION('',(-1.0,0.0,0.0));
#6861=ORIENTED_EDGE('',*,*,#7824,.T.);
#6862=ORIENTED_EDGE('',*,*,#7801,.F.);
#6863=ORIENTED_EDGE('',*,*,#7825,.F.);
#6864=ORIENTED_EDGE('',*,*,#7809,.F.);
#6865=CARTESIAN_POINT('',(-2.10284271247462,1.75,1.03671139599365));
#6866=DIRECTION('',(-0.707106781186546,0.0,0.707106781186549));
#6867=DIRECTION('',(-0.707106781186549,0.0,-0.707106781186546));
#6868=ORIENTED_EDGE('',*,*,#7825,.T.);
#6869=ORIENTED_EDGE('',*,*,#7803,.F.);
#6870=ORIENTED_EDGE('',*,*,#7826,.F.);
#6871=CARTESIAN_POINT('',(-1.92,1.75,0.853868683519034));
#6872=DIRECTION('',(0.0,1.0,0.0));
#6873=DIRECTION('',(-1.0,0.0,0.0));
#6874=ORIENTED_EDGE('',*,*,#7760,.F.);
#6875=ORIENTED_EDGE('',*,*,#7827,.T.);
#6876=ORIENTED_EDGE('',*,*,#7804,.F.);
#6877=ORIENTED_EDGE('',*,*,#7826,.T.);
#6878=CARTESIAN_POINT('',(-1.92,1.75,1.31955410846827));
#6879=DIRECTION('',(0.0,0.0,1.0));
#6880=DIRECTION('',(-1.0,0.0,0.0));
#6881=ORIENTED_EDGE('',*,*,#7818,.F.);
#6882=ORIENTED_EDGE('',*,*,#7768,.F.);
#6883=ORIENTED_EDGE('',*,*,#7467,.F.);
#6884=ORIENTED_EDGE('',*,*,#7771,.F.);
#6885=CARTESIAN_POINT('',(-1.48,2.05,1.41955410846827));
#6886=DIRECTION('',(0.0,1.0,-0.0));
#6887=DIRECTION('',(0.0,0.0,1.0));
#6888=ORIENTED_EDGE('',*,*,#7810,.F.);
#6889=ORIENTED_EDGE('',*,*,#7774,.T.);
#6890=ORIENTED_EDGE('',*,*,#7463,.F.);
#6891=ORIENTED_EDGE('',*,*,#7763,.F.);
#6892=CARTESIAN_POINT('',(-1.92,2.05,0.98));
#6893=DIRECTION('',(0.0,1.0,-0.0));
#6894=DIRECTION('',(0.0,0.0,1.0));
#6895=ORIENTED_EDGE('',*,*,#7780,.F.);
#6896=ORIENTED_EDGE('',*,*,#7459,.T.);
#6897=ORIENTED_EDGE('',*,*,#7828,.F.);
#6898=ORIENTED_EDGE('',*,*,#7828,.T.);
#6899=ORIENTED_EDGE('',*,*,#7765,.F.);
#6900=ORIENTED_EDGE('',*,*,#7829,.F.);
#6901=ORIENTED_EDGE('',*,*,#7781,.F.);
#6902=ORIENTED_EDGE('',*,*,#7829,.T.);
#6903=ORIENTED_EDGE('',*,*,#7767,.F.);
#6904=ORIENTED_EDGE('',*,*,#7830,.F.);
#6905=ORIENTED_EDGE('',*,*,#7775,.F.);
#6906=CARTESIAN_POINT('',(-1.58286674085398,2.1312874539432,1.41955410846827));
#6907=DIRECTION('',(-0.371945836274674,-0.928254434343264,2.09066274204748E-16));
#6908=DIRECTION('',(0.928254434343264,-0.371945836274674,0.0));
#6909=ORIENTED_EDGE('',*,*,#7830,.T.);
#6910=ORIENTED_EDGE('',*,*,#7819,.F.);
#6911=ORIENTED_EDGE('',*,*,#7831,.F.);
#6912=CARTESIAN_POINT('',(-1.73564627593725,1.75,1.41955410846827));
#6913=DIRECTION('',(0.0,1.0,0.0));
#6914=DIRECTION('',(-1.0,0.0,0.0));
#6915=ORIENTED_EDGE('',*,*,#7460,.T.);
#6916=ORIENTED_EDGE('',*,*,#7779,.F.);
#6917=ORIENTED_EDGE('',*,*,#7832,.F.);
#6918=ORIENTED_EDGE('',*,*,#7831,.T.);
#6919=ORIENTED_EDGE('',*,*,#7805,.F.);
#6920=ORIENTED_EDGE('',*,*,#7833,.F.);
#6921=ORIENTED_EDGE('',*,*,#7776,.F.);
#6922=CARTESIAN_POINT('',(-2.62760019220276,1.75,0.527600192202756));
#6923=DIRECTION('',(0.707106781186546,0.0,0.707106781186549));
#6924=DIRECTION('',(-0.707106781186549,0.0,0.707106781186546));
#6925=ORIENTED_EDGE('',*,*,#7832,.T.);
#6926=ORIENTED_EDGE('',*,*,#7778,.F.);
#6927=ORIENTED_EDGE('',*,*,#7834,.F.);
#6928=ORIENTED_EDGE('',*,*,#7757,.F.);
#6929=ORIENTED_EDGE('',*,*,#7833,.T.);
#6930=ORIENTED_EDGE('',*,*,#7827,.F.);
#6931=ORIENTED_EDGE('',*,*,#7835,.F.);
#6932=CARTESIAN_POINT('',(-1.92,1.75,1.23520038440552));
#6933=DIRECTION('',(0.0,1.0,0.0));
#6934=DIRECTION('',(-1.0,0.0,0.0));
#6935=ORIENTED_EDGE('',*,*,#7834,.T.);
#6936=ORIENTED_EDGE('',*,*,#7777,.F.);
#6937=ORIENTED_EDGE('',*,*,#7835,.T.);
#6938=ORIENTED_EDGE('',*,*,#7759,.F.);
#6939=CARTESIAN_POINT('',(-1.92,1.97937289032591,1.14329207957596));
#6940=DIRECTION('',(3.41211729697706E-16,0.928254434343264,-0.371945836274675));
#6941=DIRECTION('',(0.0,0.371945836274675,0.928254434343264));
#6942=ORIENTED_EDGE('',*,*,#7836,.T.);
#6943=ORIENTED_EDGE('',*,*,#7837,.T.);
#6944=ORIENTED_EDGE('',*,*,#7838,.T.);
#6945=ORIENTED_EDGE('',*,*,#7839,.F.);
#6946=CARTESIAN_POINT('',(-1.93072410270634,-1.1454512611386,-0.0999999999999997));
#6947=DIRECTION('',(0.978147600733806,0.207911690817756,-1.56725579368533E-16));
#6948=DIRECTION('',(0.0,-7.53808401788768E-16,-1.0));
#6949=ORIENTED_EDGE('',*,*,#7837,.F.);
#6950=ORIENTED_EDGE('',*,*,#7840,.F.);
#6951=ORIENTED_EDGE('',*,*,#7841,.T.);
#6952=ORIENTED_EDGE('',*,*,#7842,.T.);
#6953=CARTESIAN_POINT('',(-2.20195259383448,0.611551899245684,0.795));
#6954=DIRECTION('',(0.207911690817756,-0.978147600733806,-3.33130502763171E-17));
#6955=DIRECTION('',(0.0,3.40572836362587E-17,-1.0));
#6956=ORIENTED_EDGE('',*,*,#7843,.T.);
#6957=ORIENTED_EDGE('',*,*,#7840,.T.);
#6958=ORIENTED_EDGE('',*,*,#7836,.F.);
#6959=ORIENTED_EDGE('',*,*,#7844,.F.);
#6960=ORIENTED_EDGE('',*,*,#7610,.F.);
#6961=ORIENTED_EDGE('',*,*,#7845,.T.);
#6962=CARTESIAN_POINT('',(-2.20195259383448,0.611551899245684,1.355));
#6963=DIRECTION('',(-8.66209442888063E-17,-3.46288899176188E-16,-1.0));
#6964=DIRECTION('',(0.0,-1.0,3.46288899176188E-16));
#6965=ORIENTED_EDGE('',*,*,#7846,.T.);
#6966=ORIENTED_EDGE('',*,*,#7222,.F.);
#6967=ORIENTED_EDGE('',*,*,#7844,.T.);
#6968=ORIENTED_EDGE('',*,*,#7839,.T.);
#6969=CARTESIAN_POINT('',(-2.1,0.180000000000001,1.64969283323802));
#6970=DIRECTION('',(0.0,-0.0,1.0));
#6971=DIRECTION('',(1.0,0.0,0.0));
#6972=ORIENTED_EDGE('',*,*,#7838,.F.);
#6973=ORIENTED_EDGE('',*,*,#7842,.F.);
#6974=ORIENTED_EDGE('',*,*,#7847,.T.);
#6975=ORIENTED_EDGE('',*,*,#7848,.T.);
#6976=ORIENTED_EDGE('',*,*,#7617,.F.);
#6977=ORIENTED_EDGE('',*,*,#7846,.F.);
#6978=CARTESIAN_POINT('',(-1.94206298031228,-0.611132601671574,0.795));
#6979=DIRECTION('',(5.10092698804558E-48,3.18356423691541E-32,1.0));
#6980=DIRECTION('',(1.0,-1.60226922042193E-16,0.0));
#6981=ORIENTED_EDGE('',*,*,#7849,.T.);
#6982=ORIENTED_EDGE('',*,*,#7847,.F.);
#6983=ORIENTED_EDGE('',*,*,#7841,.F.);
#6984=ORIENTED_EDGE('',*,*,#7843,.F.);
#6985=CARTESIAN_POINT('',(-1.83290934263296,-1.12466009205682,-0.0999999999999997));
#6986=DIRECTION('',(0.978147600733806,0.207911690817756,-1.56725579368533E-16));
#6987=DIRECTION('',(0.0,-7.53808401788768E-16,-1.0));
#6988=ORIENTED_EDGE('',*,*,#7848,.F.);
#6989=ORIENTED_EDGE('',*,*,#7849,.F.);
#6990=ORIENTED_EDGE('',*,*,#7845,.F.);
#6991=ORIENTED_EDGE('',*,*,#7609,.T.);
#6992=CARTESIAN_POINT('',(-2.1,0.180000000000001,1.64969283323802));
#6993=DIRECTION('',(0.0,-0.0,1.0));
#6994=DIRECTION('',(1.0,0.0,0.0));
#6995=ORIENTED_EDGE('',*,*,#7495,.T.);
#6996=ORIENTED_EDGE('',*,*,#7850,.T.);
#6997=ORIENTED_EDGE('',*,*,#7851,.T.);
#6998=ORIENTED_EDGE('',*,*,#7852,.F.);
#6999=ORIENTED_EDGE('',*,*,#7853,.F.);
#7000=ORIENTED_EDGE('',*,*,#7854,.F.);
#7001=CARTESIAN_POINT('',(2.1,0.180000001469986,1.355));
#7002=DIRECTION('',(0.0,0.0,-1.0));
#7003=DIRECTION('',(0.0,-1.0,0.0));
#7004=ORIENTED_EDGE('',*,*,#7855,.F.);
#7005=ORIENTED_EDGE('',*,*,#7856,.F.);
#7006=ORIENTED_EDGE('',*,*,#7857,.T.);
#7007=ORIENTED_EDGE('',*,*,#7858,.T.);
#7008=ORIENTED_EDGE('',*,*,#7859,.T.);
#7009=ORIENTED_EDGE('',*,*,#7497,.T.);
#7010=CARTESIAN_POINT('',(2.1,0.180000001469986,0.795));
#7011=DIRECTION('',(0.0,0.0,1.0));
#7012=DIRECTION('',(1.0,-0.0,0.0));
#7013=ORIENTED_EDGE('',*,*,#7855,.T.);
#7014=ORIENTED_EDGE('',*,*,#7496,.F.);
#7015=ORIENTED_EDGE('',*,*,#7854,.T.);
#7016=ORIENTED_EDGE('',*,*,#7860,.T.);
#7017=CARTESIAN_POINT('',(2.1,0.180000000000001,1.64969283323802));
#7018=DIRECTION('',(0.0,0.0,1.0));
#7019=DIRECTION('',(-1.0,0.0,0.0));
#7020=ORIENTED_EDGE('',*,*,#7859,.F.);
#7021=ORIENTED_EDGE('',*,*,#7861,.F.);
#7022=ORIENTED_EDGE('',*,*,#7850,.F.);
#7023=ORIENTED_EDGE('',*,*,#7217,.T.);
#7024=CARTESIAN_POINT('',(2.1,0.180000000000001,1.64969283323802));
#7025=DIRECTION('',(0.0,0.0,1.0));
#7026=DIRECTION('',(-1.0,0.0,0.0));
#7027=ORIENTED_EDGE('',*,*,#7862,.T.);
#7028=ORIENTED_EDGE('',*,*,#7857,.F.);
#7029=ORIENTED_EDGE('',*,*,#7863,.F.);
#7030=ORIENTED_EDGE('',*,*,#7852,.T.);
#7031=CARTESIAN_POINT('',(2.20195259383448,0.611551899245684,0.795));
#7032=DIRECTION('',(-0.207911690817756,-0.978147600733806,0.0));
#7033=DIRECTION('',(-0.978147600733806,0.207911690817756,0.0));
#7034=ORIENTED_EDGE('',*,*,#7860,.F.);
#7035=ORIENTED_EDGE('',*,*,#7853,.T.);
#7036=ORIENTED_EDGE('',*,*,#7863,.T.);
#7037=ORIENTED_EDGE('',*,*,#7856,.T.);
#7038=CARTESIAN_POINT('',(1.83290934263296,-1.12466009205682,-0.1));
#7039=DIRECTION('',(-0.978147600733806,0.207911690817756,0.0));
#7040=DIRECTION('',(0.0,0.0,1.0));
#7041=ORIENTED_EDGE('',*,*,#7851,.F.);
#7042=ORIENTED_EDGE('',*,*,#7861,.T.);
#7043=ORIENTED_EDGE('',*,*,#7858,.F.);
#7044=ORIENTED_EDGE('',*,*,#7862,.F.);
#7045=CARTESIAN_POINT('',(1.93072410270634,-1.1454512611386,-0.1));
#7046=DIRECTION('',(-0.978147600733806,0.207911690817756,0.0));
#7047=DIRECTION('',(0.0,0.0,1.0));
#7048=ORIENTED_EDGE('',*,*,#7864,.T.);
#7049=ORIENTED_EDGE('',*,*,#7865,.T.);
#7050=ORIENTED_EDGE('',*,*,#7866,.T.);
#7051=ORIENTED_EDGE('',*,*,#7867,.F.);
#7052=CARTESIAN_POINT('',(-2.02636348048251,-0.695503364801047,-0.84357864376269));
#7053=DIRECTION('',(0.978147600733806,0.207911690817756,0.0));
#7054=DIRECTION('',(0.0,0.0,-1.0));
#7055=ORIENTED_EDGE('',*,*,#7865,.F.);
#7056=ORIENTED_EDGE('',*,*,#7868,.F.);
#7057=ORIENTED_EDGE('',*,*,#7869,.T.);
#7058=ORIENTED_EDGE('',*,*,#7870,.T.);
#7059=CARTESIAN_POINT('',(-2.20195259383448,0.611551899245684,-1.355));
#7060=DIRECTION('',(0.207911690817756,-0.978147600733806,0.0));
#7061=DIRECTION('',(0.0,0.0,-1.0));
#7062=ORIENTED_EDGE('',*,*,#7871,.T.);
#7063=ORIENTED_EDGE('',*,*,#7868,.T.);
#7064=ORIENTED_EDGE('',*,*,#7864,.F.);
#7065=ORIENTED_EDGE('',*,*,#7872,.F.);
#7066=ORIENTED_EDGE('',*,*,#7616,.F.);
#7067=ORIENTED_EDGE('',*,*,#7873,.T.);
#7068=CARTESIAN_POINT('',(-2.20195259383448,0.611551899245684,-0.795));
#7069=DIRECTION('',(2.00371828328663E-17,-9.4267533664629E-17,-1.0));
#7070=DIRECTION('',(0.0,-1.0,9.4267533664629E-17));
#7071=ORIENTED_EDGE('',*,*,#7874,.T.);
#7072=ORIENTED_EDGE('',*,*,#7210,.F.);
#7073=ORIENTED_EDGE('',*,*,#7872,.T.);
#7074=ORIENTED_EDGE('',*,*,#7867,.T.);
#7075=CARTESIAN_POINT('',(-2.1,0.180000000000001,-0.500307166761985));
#7076=DIRECTION('',(-0.0,0.0,1.0));
#7077=DIRECTION('',(1.0,0.0,0.0));
#7078=ORIENTED_EDGE('',*,*,#7866,.F.);
#7079=ORIENTED_EDGE('',*,*,#7870,.F.);
#7080=ORIENTED_EDGE('',*,*,#7875,.T.);
#7081=ORIENTED_EDGE('',*,*,#7876,.T.);
#7082=ORIENTED_EDGE('',*,*,#7614,.F.);
#7083=ORIENTED_EDGE('',*,*,#7874,.F.);
#7084=CARTESIAN_POINT('',(-1.94726077258273,-0.586678911653229,-1.355));
#7085=DIRECTION('',(0.0,0.0,1.0));
#7086=DIRECTION('',(1.0,-0.0,0.0));
#7087=ORIENTED_EDGE('',*,*,#7877,.T.);
#7088=ORIENTED_EDGE('',*,*,#7875,.F.);
#7089=ORIENTED_EDGE('',*,*,#7869,.F.);
#7090=ORIENTED_EDGE('',*,*,#7871,.F.);
#7091=CARTESIAN_POINT('',(-1.92854872040913,-0.674712195719271,-0.84357864376269));
#7092=DIRECTION('',(0.978147600733806,0.207911690817756,0.0));
#7093=DIRECTION('',(0.0,0.0,-1.0));
#7094=ORIENTED_EDGE('',*,*,#7876,.F.);
#7095=ORIENTED_EDGE('',*,*,#7877,.F.);
#7096=ORIENTED_EDGE('',*,*,#7873,.F.);
#7097=ORIENTED_EDGE('',*,*,#7615,.T.);
#7098=CARTESIAN_POINT('',(-2.1,0.180000000000001,-0.500307166761985));
#7099=DIRECTION('',(-0.0,0.0,1.0));
#7100=DIRECTION('',(1.0,0.0,0.0));
#7101=ORIENTED_EDGE('',*,*,#7498,.T.);
#7102=ORIENTED_EDGE('',*,*,#7878,.T.);
#7103=ORIENTED_EDGE('',*,*,#7879,.T.);
#7104=ORIENTED_EDGE('',*,*,#7880,.F.);
#7105=ORIENTED_EDGE('',*,*,#7881,.F.);
#7106=ORIENTED_EDGE('',*,*,#7882,.F.);
#7107=CARTESIAN_POINT('',(2.1,0.180000001469986,-0.795));
#7108=DIRECTION('',(0.0,0.0,-1.0));
#7109=DIRECTION('',(0.0,-1.0,0.0));
#7110=ORIENTED_EDGE('',*,*,#7883,.F.);
#7111=ORIENTED_EDGE('',*,*,#7884,.F.);
#7112=ORIENTED_EDGE('',*,*,#7885,.T.);
#7113=ORIENTED_EDGE('',*,*,#7886,.T.);
#7114=ORIENTED_EDGE('',*,*,#7887,.T.);
#7115=ORIENTED_EDGE('',*,*,#7500,.T.);
#7116=CARTESIAN_POINT('',(2.1,0.180000001469986,-1.355));
#7117=DIRECTION('',(0.0,0.0,1.0));
#7118=DIRECTION('',(1.0,-0.0,0.0));
#7119=ORIENTED_EDGE('',*,*,#7883,.T.);
#7120=ORIENTED_EDGE('',*,*,#7499,.F.);
#7121=ORIENTED_EDGE('',*,*,#7882,.T.);
#7122=ORIENTED_EDGE('',*,*,#7888,.T.);
#7123=CARTESIAN_POINT('',(2.1,0.180000000000001,-0.500307166761985));
#7124=DIRECTION('',(0.0,0.0,1.0));
#7125=DIRECTION('',(-1.0,0.0,0.0));
#7126=ORIENTED_EDGE('',*,*,#7887,.F.);
#7127=ORIENTED_EDGE('',*,*,#7889,.F.);
#7128=ORIENTED_EDGE('',*,*,#7878,.F.);
#7129=ORIENTED_EDGE('',*,*,#7215,.T.);
#7130=CARTESIAN_POINT('',(2.1,0.180000000000001,-0.500307166761985));
#7131=DIRECTION('',(0.0,0.0,1.0));
#7132=DIRECTION('',(-1.0,0.0,0.0));
#7133=ORIENTED_EDGE('',*,*,#7890,.T.);
#7134=ORIENTED_EDGE('',*,*,#7885,.F.);
#7135=ORIENTED_EDGE('',*,*,#7891,.F.);
#7136=ORIENTED_EDGE('',*,*,#7880,.T.);
#7137=CARTESIAN_POINT('',(2.20195259383448,0.611551899245684,-1.355));
#7138=DIRECTION('',(-0.207911690817756,-0.978147600733806,0.0));
#7139=DIRECTION('',(-0.978147600733806,0.207911690817756,0.0));
#7140=ORIENTED_EDGE('',*,*,#7888,.F.);
#7141=ORIENTED_EDGE('',*,*,#7881,.T.);
#7142=ORIENTED_EDGE('',*,*,#7891,.T.);
#7143=ORIENTED_EDGE('',*,*,#7884,.T.);
#7144=CARTESIAN_POINT('',(1.92854872040913,-0.674712195719271,-0.84357864376269));
#7145=DIRECTION('',(-0.978147600733806,0.207911690817756,0.0));
#7146=DIRECTION('',(0.0,0.0,1.0));
#7147=ORIENTED_EDGE('',*,*,#7879,.F.);
#7148=ORIENTED_EDGE('',*,*,#7889,.T.);
#7149=ORIENTED_EDGE('',*,*,#7886,.F.);
#7150=ORIENTED_EDGE('',*,*,#7890,.F.);
#7151=CARTESIAN_POINT('',(2.02636348048251,-0.695503364801047,-0.84357864376269));
#7152=DIRECTION('',(-0.978147600733806,0.207911690817756,0.0));
#7153=DIRECTION('',(0.0,0.0,1.0));
#7154=EDGE_CURVE('',#7892,#7893,#7894,.T.);
#7155=EDGE_CURVE('',#7892,#7895,#7896,.T.);
#7156=EDGE_CURVE('',#7893,#7895,#7897,.T.);
#7157=EDGE_CURVE('',#7898,#7899,#7900,.T.);
#7158=EDGE_CURVE('',#7901,#7898,#7902,.T.);
#7159=EDGE_CURVE('',#7899,#7901,#7903,.T.);
#7160=EDGE_CURVE('',#7904,#7905,#7906,.T.);
#7161=EDGE_CURVE('',#7904,#7907,#7908,.T.);
#7162=EDGE_CURVE('',#7909,#7907,#7910,.T.);
#7163=EDGE_CURVE('',#7909,#7905,#7911,.T.);
#7164=EDGE_CURVE('',#7912,#7913,#7914,.T.);
#7165=EDGE_CURVE('',#7912,#7915,#7916,.T.);
#7166=EDGE_CURVE('',#7913,#7915,#7917,.T.);
#7167=EDGE_CURVE('',#7918,#7919,#7920,.T.);
#7168=EDGE_CURVE('',#7918,#7921,#7922,.T.);
#7169=EDGE_CURVE('',#7921,#7919,#7923,.T.);
#7170=EDGE_CURVE('',#7924,#7925,#7926,.T.);
#7171=EDGE_CURVE('',#7927,#7924,#7928,.T.);
#7172=EDGE_CURVE('',#7929,#7927,#7930,.T.);
#7173=EDGE_CURVE('',#7925,#7929,#7931,.T.);
#7174=EDGE_CURVE('',#7932,#7933,#7934,.T.);
#7175=EDGE_CURVE('',#7932,#7935,#7936,.T.);
#7176=EDGE_CURVE('',#7933,#7935,#7937,.T.);
#7177=EDGE_CURVE('',#7938,#7939,#7940,.T.);
#7178=EDGE_CURVE('',#7938,#7941,#7942,.T.);
#7179=EDGE_CURVE('',#7941,#7939,#7943,.T.);
#7180=EDGE_CURVE('',#7944,#7945,#7946,.T.);
#7181=EDGE_CURVE('',#7947,#7944,#7948,.T.);
#7182=EDGE_CURVE('',#7949,#7947,#7950,.T.);
#7183=EDGE_CURVE('',#7945,#7949,#7951,.T.);
#7184=EDGE_CURVE('',#7952,#7953,#7954,.T.);
#7185=EDGE_CURVE('',#7952,#7955,#7956,.T.);
#7186=EDGE_CURVE('',#7953,#7955,#7957,.T.);
#7187=EDGE_CURVE('',#7958,#7959,#7960,.T.);
#7188=EDGE_CURVE('',#7961,#7958,#7962,.T.);
#7189=EDGE_CURVE('',#7959,#7961,#7963,.T.);
#7190=EDGE_CURVE('',#7964,#7965,#7966,.T.);
#7191=EDGE_CURVE('',#7964,#7967,#7968,.T.);
#7192=EDGE_CURVE('',#7969,#7967,#7970,.T.);
#7193=EDGE_CURVE('',#7969,#7965,#7971,.T.);
#7194=EDGE_CURVE('',#7972,#7973,#7974,.T.);
#7195=EDGE_CURVE('',#7975,#7973,#7976,.T.);
#7196=EDGE_CURVE('',#7975,#7977,#7978,.T.);
#7197=EDGE_CURVE('',#7977,#7979,#7980,.T.);
#7198=EDGE_CURVE('',#7981,#7979,#7982,.T.);
#7199=EDGE_CURVE('',#7983,#7981,#7984,.T.);
#7200=EDGE_CURVE('',#7985,#7983,#7986,.T.);
#7201=EDGE_CURVE('',#7972,#7985,#7987,.T.);
#7202=EDGE_CURVE('',#7988,#7989,#7990,.T.);
#7203=EDGE_CURVE('',#7989,#7991,#7992,.T.);
#7204=EDGE_CURVE('',#7991,#7993,#7994,.T.);
#7205=EDGE_CURVE('',#7995,#7993,#7996,.T.);
#7206=EDGE_CURVE('',#7997,#7995,#7998,.T.);
#7207=EDGE_CURVE('',#7997,#7999,#8000,.T.);
#7208=EDGE_CURVE('',#8001,#7999,#8002,.T.);
#7209=EDGE_CURVE('',#7988,#8001,#8003,.T.);
#7210=EDGE_CURVE('',#8004,#8005,#8006,.T.);
#7211=EDGE_CURVE('',#8005,#8007,#8008,.T.);
#7212=EDGE_CURVE('',#8007,#7979,#8009,.T.);
#7213=EDGE_CURVE('',#8010,#7977,#8011,.T.);
#7214=EDGE_CURVE('',#8012,#8010,#8013,.T.);
#7215=EDGE_CURVE('',#8014,#8012,#8015,.T.);
#7216=EDGE_CURVE('',#8016,#8014,#8017,.T.);
#7217=EDGE_CURVE('',#8018,#8016,#8019,.T.);
#7218=EDGE_CURVE('',#8020,#8018,#8021,.T.);
#7219=EDGE_CURVE('',#8020,#7995,#8022,.T.);
#7220=EDGE_CURVE('',#8023,#7993,#8024,.T.);
#7221=EDGE_CURVE('',#8023,#8025,#8026,.T.);
#7222=EDGE_CURVE('',#8025,#8027,#8028,.T.);
#7223=EDGE_CURVE('',#8027,#8004,#8029,.T.);
#7224=EDGE_CURVE('',#8030,#8031,#8032,.T.);
#7225=EDGE_CURVE('',#8031,#8033,#8034,.T.);
#7226=EDGE_CURVE('',#8035,#8033,#8036,.T.);
#7227=EDGE_CURVE('',#8037,#8035,#8038,.T.);
#7228=EDGE_CURVE('',#8039,#8037,#8040,.T.);
#7229=EDGE_CURVE('',#8041,#8039,#8042,.T.);
#7230=EDGE_CURVE('',#8043,#8041,#8044,.T.);
#7231=EDGE_CURVE('',#8043,#8045,#8046,.T.);
#7232=EDGE_CURVE('',#8045,#8047,#8048,.T.);
#7233=EDGE_CURVE('',#8047,#8049,#8050,.T.);
#7234=EDGE_CURVE('',#8049,#8051,#8052,.T.);
#7235=EDGE_CURVE('',#8051,#8053,#8054,.T.);
#7236=EDGE_CURVE('',#8053,#8055,#8056,.T.);
#7237=EDGE_CURVE('',#8057,#8055,#8058,.T.);
#7238=EDGE_CURVE('',#8059,#8057,#8060,.T.);
#7239=EDGE_CURVE('',#8061,#8059,#8062,.T.);
#7240=EDGE_CURVE('',#8063,#8061,#8064,.T.);
#7241=EDGE_CURVE('',#8065,#8063,#8066,.T.);
#7242=EDGE_CURVE('',#8065,#8067,#8068,.T.);
#7243=EDGE_CURVE('',#8067,#8030,#8069,.T.);
#7244=EDGE_CURVE('',#8070,#8071,#8072,.T.);
#7245=EDGE_CURVE('',#8071,#8073,#8074,.T.);
#7246=EDGE_CURVE('',#8073,#7959,#8075,.T.);
#7247=EDGE_CURVE('',#7959,#8076,#8077,.T.);
#7248=EDGE_CURVE('',#8076,#8078,#8079,.T.);
#7249=EDGE_CURVE('',#8078,#7972,#8080,.T.);
#7250=EDGE_CURVE('',#7985,#8081,#8082,.T.);
#7251=EDGE_CURVE('',#8083,#8081,#8084,.T.);
#7252=EDGE_CURVE('',#7938,#8083,#8085,.T.);
#7253=EDGE_CURVE('',#8086,#7938,#8087,.T.);
#7254=EDGE_CURVE('',#8088,#8086,#8089,.T.);
#7255=EDGE_CURVE('',#8090,#8088,#8091,.T.);
#7256=EDGE_CURVE('',#8090,#8092,#8093,.T.);
#7257=EDGE_CURVE('',#8092,#8094,#8095,.T.);
#7258=EDGE_CURVE('',#8094,#8096,#8097,.T.);
#7259=EDGE_CURVE('',#8096,#8098,#8099,.T.);
#7260=EDGE_CURVE('',#8098,#8100,#8101,.T.);
#7261=EDGE_CURVE('',#8100,#7899,#8102,.T.);
#7262=EDGE_CURVE('',#7899,#8103,#8104,.T.);
#7263=EDGE_CURVE('',#8103,#8105,#8106,.T.);
#7264=EDGE_CURVE('',#8105,#7988,#8107,.T.);
#7265=EDGE_CURVE('',#8001,#8108,#8109,.T.);
#7266=EDGE_CURVE('',#8110,#8108,#8111,.T.);
#7267=EDGE_CURVE('',#7918,#8110,#8112,.T.);
#7268=EDGE_CURVE('',#8113,#7918,#8114,.T.);
#7269=EDGE_CURVE('',#8115,#8113,#8116,.T.);
#7270=EDGE_CURVE('',#8117,#8115,#8118,.T.);
#7271=EDGE_CURVE('',#8117,#8119,#8120,.T.);
#7272=EDGE_CURVE('',#8119,#8121,#8122,.T.);
#7273=EDGE_CURVE('',#8121,#8070,#8123,.T.);
#7274=EDGE_CURVE('',#8124,#8125,#8126,.T.);
#7275=EDGE_CURVE('',#8127,#8124,#8128,.T.);
#7276=EDGE_CURVE('',#8129,#8127,#8130,.T.);
#7277=EDGE_CURVE('',#8131,#8129,#8132,.T.);
#7278=EDGE_CURVE('',#8133,#8131,#8134,.T.);
#7279=EDGE_CURVE('',#8135,#8133,#8136,.T.);
#7280=EDGE_CURVE('',#8137,#8135,#8138,.T.);
#7281=EDGE_CURVE('',#8139,#8137,#8140,.T.);
#7282=EDGE_CURVE('',#8141,#8139,#8142,.T.);
#7283=EDGE_CURVE('',#8143,#8141,#8144,.T.);
#7284=EDGE_CURVE('',#8145,#8143,#8146,.T.);
#7285=EDGE_CURVE('',#8125,#8145,#8147,.T.);
#7286=EDGE_CURVE('',#8148,#8149,#8150,.T.);
#7287=EDGE_CURVE('',#8151,#8149,#8152,.T.);
#7288=EDGE_CURVE('',#8153,#8151,#8154,.T.);
#7289=EDGE_CURVE('',#8148,#8153,#8155,.T.);
#7290=EDGE_CURVE('',#8156,#8157,#8158,.T.);
#7291=EDGE_CURVE('',#8159,#8156,#8160,.T.);
#7292=EDGE_CURVE('',#8161,#8159,#8162,.T.);
#7293=EDGE_CURVE('',#8157,#8161,#8163,.T.);
#7294=EDGE_CURVE('',#7999,#8164,#8165,.T.);
#7295=EDGE_CURVE('',#8166,#8164,#8167,.T.);
#7296=EDGE_CURVE('',#8108,#8166,#8168,.T.);
#7297=EDGE_CURVE('',#8164,#8169,#8170,.T.);
#7298=EDGE_CURVE('',#8171,#8169,#8172,.T.);
#7299=EDGE_CURVE('',#8166,#8171,#8173,.T.);
#7300=EDGE_CURVE('',#8169,#8174,#8175,.T.);
#7301=EDGE_CURVE('',#8176,#8174,#8177,.T.);
#7302=EDGE_CURVE('',#8171,#8176,#8178,.T.);
#7303=EDGE_CURVE('',#8174,#8179,#8180,.T.);
#7304=EDGE_CURVE('',#8181,#8179,#8182,.T.);
#7305=EDGE_CURVE('',#8176,#8181,#8183,.T.);
#7306=EDGE_CURVE('',#8179,#8148,#8184,.T.);
#7307=EDGE_CURVE('',#8119,#8153,#8185,.T.);
#7308=EDGE_CURVE('',#8181,#8117,#8186,.T.);
#7309=EDGE_CURVE('',#8121,#8151,#8187,.T.);
#7310=EDGE_CURVE('',#8188,#8149,#8189,.T.);
#7311=EDGE_CURVE('',#8190,#8188,#8191,.T.);
#7312=EDGE_CURVE('',#8070,#8190,#8192,.T.);
#7313=EDGE_CURVE('',#8188,#8193,#8194,.T.);
#7314=EDGE_CURVE('',#8195,#8193,#8196,.T.);
#7315=EDGE_CURVE('',#8190,#8195,#8197,.T.);
#7316=EDGE_CURVE('',#8193,#8198,#8199,.T.);
#7317=EDGE_CURVE('',#8200,#8198,#8201,.T.);
#7318=EDGE_CURVE('',#8195,#8200,#8202,.T.);
#7319=EDGE_CURVE('',#8198,#8203,#8204,.T.);
#7320=EDGE_CURVE('',#8205,#8203,#8206,.T.);
#7321=EDGE_CURVE('',#8200,#8205,#8207,.T.);
#7322=EDGE_CURVE('',#8203,#7973,#8208,.T.);
#7323=EDGE_CURVE('',#8205,#8078,#8209,.T.);
#7324=EDGE_CURVE('',#7983,#8210,#8211,.T.);
#7325=EDGE_CURVE('',#8212,#8210,#8213,.T.);
#7326=EDGE_CURVE('',#8081,#8212,#8214,.T.);
#7327=EDGE_CURVE('',#8210,#8215,#8216,.T.);
#7328=EDGE_CURVE('',#8217,#8215,#8218,.T.);
#7329=EDGE_CURVE('',#8212,#8217,#8219,.T.);
#7330=EDGE_CURVE('',#8215,#8220,#8221,.T.);
#7331=EDGE_CURVE('',#8222,#8220,#8223,.T.);
#7332=EDGE_CURVE('',#8217,#8222,#8224,.T.);
#7333=EDGE_CURVE('',#8220,#8225,#8226,.T.);
#7334=EDGE_CURVE('',#8227,#8225,#8228,.T.);
#7335=EDGE_CURVE('',#8222,#8227,#8229,.T.);
#7336=EDGE_CURVE('',#8225,#8157,#8230,.T.);
#7337=EDGE_CURVE('',#8092,#8161,#8231,.T.);
#7338=EDGE_CURVE('',#8227,#8090,#8232,.T.);
#7339=EDGE_CURVE('',#8094,#8159,#8233,.T.);
#7340=EDGE_CURVE('',#8234,#8156,#8235,.T.);
#7341=EDGE_CURVE('',#8236,#8234,#8237,.T.);
#7342=EDGE_CURVE('',#8096,#8236,#8238,.T.);
#7343=EDGE_CURVE('',#8234,#8239,#8240,.T.);
#7344=EDGE_CURVE('',#8241,#8239,#8242,.T.);
#7345=EDGE_CURVE('',#8236,#8241,#8243,.T.);
#7346=EDGE_CURVE('',#8239,#8244,#8245,.T.);
#7347=EDGE_CURVE('',#8246,#8244,#8247,.T.);
#7348=EDGE_CURVE('',#8241,#8246,#8248,.T.);
#7349=EDGE_CURVE('',#8244,#8249,#8250,.T.);
#7350=EDGE_CURVE('',#8251,#8249,#8252,.T.);
#7351=EDGE_CURVE('',#8246,#8251,#8253,.T.);
#7352=EDGE_CURVE('',#8249,#7989,#8254,.T.);
#7353=EDGE_CURVE('',#8251,#8105,#8255,.T.);
#7354=EDGE_CURVE('',#8256,#8257,#8258,.T.);
#7355=EDGE_CURVE('',#8124,#8256,#8259,.T.);
#7356=EDGE_CURVE('',#8125,#8257,#8260,.T.);
#7357=EDGE_CURVE('',#8257,#8261,#8262,.T.);
#7358=EDGE_CURVE('',#8145,#8261,#8263,.T.);
#7359=EDGE_CURVE('',#8261,#8264,#8265,.T.);
#7360=EDGE_CURVE('',#8143,#8264,#8266,.T.);
#7361=EDGE_CURVE('',#8264,#8267,#8268,.T.);
#7362=EDGE_CURVE('',#8141,#8267,#8269,.T.);
#7363=EDGE_CURVE('',#8267,#8270,#8271,.T.);
#7364=EDGE_CURVE('',#8139,#8270,#8272,.T.);
#7365=EDGE_CURVE('',#8270,#8273,#8274,.T.);
#7366=EDGE_CURVE('',#8137,#8273,#8275,.T.);
#7367=EDGE_CURVE('',#8273,#8276,#8277,.T.);
#7368=EDGE_CURVE('',#8135,#8276,#8278,.T.);
#7369=EDGE_CURVE('',#8276,#8279,#8280,.T.);
#7370=EDGE_CURVE('',#8133,#8279,#8281,.T.);
#7371=EDGE_CURVE('',#8279,#8282,#8283,.T.);
#7372=EDGE_CURVE('',#8131,#8282,#8284,.T.);
#7373=EDGE_CURVE('',#8282,#8285,#8286,.T.);
#7374=EDGE_CURVE('',#8129,#8285,#8287,.T.);
#7375=EDGE_CURVE('',#8285,#8288,#8289,.T.);
#7376=EDGE_CURVE('',#8127,#8288,#8290,.T.);
#7377=EDGE_CURVE('',#8288,#8256,#8291,.T.);
#7378=EDGE_CURVE('',#8292,#8293,#8294,.T.);
#7379=EDGE_CURVE('',#8293,#8295,#8296,.T.);
#7380=EDGE_CURVE('',#8295,#8297,#8298,.T.);
#7381=EDGE_CURVE('',#8297,#8292,#8299,.T.);
#7382=EDGE_CURVE('',#8292,#8300,#8301,.T.);
#7383=EDGE_CURVE('',#8302,#8300,#8303,.T.);
#7384=EDGE_CURVE('',#8293,#8302,#8304,.T.);
#7385=EDGE_CURVE('',#8305,#8302,#8306,.T.);
#7386=EDGE_CURVE('',#8305,#8295,#8307,.T.);
#7387=EDGE_CURVE('',#8308,#8297,#8309,.T.);
#7388=EDGE_CURVE('',#8308,#8305,#8310,.T.);
#7389=EDGE_CURVE('',#8300,#8308,#8311,.T.);
#7390=EDGE_CURVE('',#8302,#8312,#8313,.T.);
#7391=EDGE_CURVE('',#8300,#8314,#8315,.T.);
#7392=EDGE_CURVE('',#8314,#8312,#8316,.T.);
#7393=EDGE_CURVE('',#8305,#8317,#8318,.T.);
#7394=EDGE_CURVE('',#8312,#8317,#8319,.T.);
#7395=EDGE_CURVE('',#8308,#8320,#8321,.T.);
#7396=EDGE_CURVE('',#8317,#8320,#8322,.T.);
#7397=EDGE_CURVE('',#8320,#8314,#8323,.T.);
#7398=EDGE_CURVE('',#8108,#8324,#8325,.T.);
#7399=EDGE_CURVE('',#8326,#8117,#8327,.T.);
#7400=EDGE_CURVE('',#8328,#8326,#8329,.T.);
#7401=EDGE_CURVE('',#8330,#8328,#8331,.T.);
#7402=EDGE_CURVE('',#8324,#8330,#8332,.T.);
#7403=EDGE_CURVE('',#8333,#8070,#8334,.T.);
#7404=EDGE_CURVE('',#8078,#8335,#8336,.T.);
#7405=EDGE_CURVE('',#8335,#8337,#8338,.T.);
#7406=EDGE_CURVE('',#8337,#8339,#8340,.T.);
#7407=EDGE_CURVE('',#8339,#8333,#8341,.T.);
#7408=EDGE_CURVE('',#8081,#8342,#8343,.T.);
#7409=EDGE_CURVE('',#8344,#8090,#8345,.T.);
#7410=EDGE_CURVE('',#8346,#8344,#8347,.T.);
#7411=EDGE_CURVE('',#8348,#8346,#8349,.T.);
#7412=EDGE_CURVE('',#8342,#8348,#8350,.T.);
#7413=EDGE_CURVE('',#8351,#8096,#8352,.T.);
#7414=EDGE_CURVE('',#8105,#8353,#8354,.T.);
#7415=EDGE_CURVE('',#8353,#8355,#8356,.T.);
#7416=EDGE_CURVE('',#8355,#8357,#8358,.T.);
#7417=EDGE_CURVE('',#8357,#8351,#8359,.T.);
#7418=EDGE_CURVE('',#8360,#7997,#8361,.T.);
#7419=EDGE_CURVE('',#8360,#8148,#8362,.T.);
#7420=EDGE_CURVE('',#8363,#8364,#8365,.T.);
#7421=EDGE_CURVE('',#8364,#8366,#8367,.T.);
#7422=EDGE_CURVE('',#8366,#8368,#8369,.T.);
#7423=EDGE_CURVE('',#8370,#8368,#8371,.T.);
#7424=EDGE_CURVE('',#8370,#8372,#8373,.T.);
#7425=EDGE_CURVE('',#8372,#8374,#8375,.T.);
#7426=EDGE_CURVE('',#8374,#8376,#8377,.T.);
#7427=EDGE_CURVE('',#8378,#8376,#8379,.T.);
#7428=EDGE_CURVE('',#8378,#8380,#8381,.T.);
#7429=EDGE_CURVE('',#8380,#8382,#8383,.T.);
#7430=EDGE_CURVE('',#8382,#8363,#8384,.T.);
#7431=EDGE_CURVE('',#8149,#8385,#8386,.T.);
#7432=EDGE_CURVE('',#8385,#7975,#8387,.T.);
#7433=EDGE_CURVE('',#8388,#8389,#8390,.F.);
#7434=EDGE_CURVE('',#8391,#8388,#8392,.F.);
#7435=EDGE_CURVE('',#8393,#8391,#8394,.F.);
#7436=EDGE_CURVE('',#8395,#8393,#8396,.T.);
#7437=EDGE_CURVE('',#8395,#8397,#8398,.T.);
#7438=EDGE_CURVE('',#8399,#8397,#8400,.T.);
#7439=EDGE_CURVE('',#8401,#8399,#8402,.T.);
#7440=EDGE_CURVE('',#8403,#8401,#8404,.T.);
#7441=EDGE_CURVE('',#8403,#8405,#8406,.T.);
#7442=EDGE_CURVE('',#8407,#8405,#8408,.T.);
#7443=EDGE_CURVE('',#8389,#8407,#8409,.T.);
#7444=EDGE_CURVE('',#8410,#7981,#8411,.T.);
#7445=EDGE_CURVE('',#8157,#8410,#8412,.T.);
#7446=EDGE_CURVE('',#8413,#8414,#8415,.T.);
#7447=EDGE_CURVE('',#8414,#8416,#8417,.T.);
#7448=EDGE_CURVE('',#8416,#8418,#8419,.T.);
#7449=EDGE_CURVE('',#8420,#8418,#8421,.T.);
#7450=EDGE_CURVE('',#8420,#8422,#8423,.T.);
#7451=EDGE_CURVE('',#8422,#8424,#8425,.T.);
#7452=EDGE_CURVE('',#8424,#8426,#8427,.T.);
#7453=EDGE_CURVE('',#8428,#8426,#8429,.T.);
#7454=EDGE_CURVE('',#8428,#8430,#8431,.T.);
#7455=EDGE_CURVE('',#8430,#8432,#8433,.T.);
#7456=EDGE_CURVE('',#8432,#8413,#8434,.T.);
#7457=EDGE_CURVE('',#8435,#8156,#8436,.T.);
#7458=EDGE_CURVE('',#8435,#7991,#8437,.T.);
#7459=EDGE_CURVE('',#8438,#8439,#8440,.F.);
#7460=EDGE_CURVE('',#8441,#8438,#8442,.F.);
#7461=EDGE_CURVE('',#8443,#8441,#8444,.F.);
#7462=EDGE_CURVE('',#8445,#8443,#8446,.T.);
#7463=EDGE_CURVE('',#8445,#8447,#8448,.T.);
#7464=EDGE_CURVE('',#8449,#8447,#8450,.T.);
#7465=EDGE_CURVE('',#8451,#8449,#8452,.T.);
#7466=EDGE_CURVE('',#8453,#8451,#8454,.T.);
#7467=EDGE_CURVE('',#8453,#8455,#8456,.T.);
#7468=EDGE_CURVE('',#8457,#8455,#8458,.T.);
#7469=EDGE_CURVE('',#8439,#8457,#8459,.T.);
#7470=EDGE_CURVE('',#8391,#8460,#8461,.T.);
#7471=EDGE_CURVE('',#8460,#8393,#8462,.T.);
#7472=EDGE_CURVE('',#8460,#8463,#8464,.T.);
#7473=EDGE_CURVE('',#8463,#8465,#8466,.T.);
#7474=EDGE_CURVE('',#8465,#8467,#8468,.T.);
#7475=EDGE_CURVE('',#8467,#8469,#8470,.T.);
#7476=EDGE_CURVE('',#8469,#8395,#8471,.T.);
#7477=EDGE_CURVE('',#8472,#8407,#8473,.T.);
#7478=EDGE_CURVE('',#8472,#8389,#8474,.F.);
#7479=EDGE_CURVE('',#8475,#8476,#8477,.T.);
#7480=EDGE_CURVE('',#8476,#8472,#8478,.T.);
#7481=EDGE_CURVE('',#8405,#8479,#8480,.T.);
#7482=EDGE_CURVE('',#8479,#8481,#8482,.T.);
#7483=EDGE_CURVE('',#8475,#8481,#8483,.T.);
#7484=EDGE_CURVE('',#8335,#8403,#8484,.T.);
#7485=EDGE_CURVE('',#8337,#8401,#8485,.T.);
#7486=EDGE_CURVE('',#8339,#8399,#8486,.T.);
#7487=EDGE_CURVE('',#8333,#8397,#8487,.T.);
#7488=EDGE_CURVE('',#8488,#8489,#8490,.T.);
#7489=EDGE_CURVE('',#8489,#8491,#8492,.T.);
#7490=EDGE_CURVE('',#8491,#8493,#8494,.T.);
#7491=EDGE_CURVE('',#8493,#8495,#8496,.F.);
#7492=EDGE_CURVE('',#8495,#8388,#8497,.F.);
#7493=EDGE_CURVE('',#8388,#8498,#8499,.F.);
#7494=EDGE_CURVE('',#8498,#8488,#8500,.T.);
#7495=EDGE_CURVE('',#8501,#8018,#8502,.T.);
#7496=EDGE_CURVE('',#8501,#8503,#8504,.T.);
#7497=EDGE_CURVE('',#8016,#8503,#8505,.T.);
#7498=EDGE_CURVE('',#8506,#8014,#8507,.T.);
#7499=EDGE_CURVE('',#8506,#8508,#8509,.T.);
#7500=EDGE_CURVE('',#8012,#8508,#8510,.T.);
#7501=EDGE_CURVE('',#8511,#8010,#8512,.T.);
#7502=EDGE_CURVE('',#8511,#8513,#8514,.T.);
#7503=EDGE_CURVE('',#8513,#8020,#8515,.T.);
#7504=EDGE_CURVE('',#8385,#8511,#8516,.T.);
#7505=EDGE_CURVE('',#8517,#8518,#8519,.T.);
#7506=EDGE_CURVE('',#8517,#8520,#8521,.T.);
#7507=EDGE_CURVE('',#8520,#8522,#8523,.T.);
#7508=EDGE_CURVE('',#8522,#8524,#8525,.T.);
#7509=EDGE_CURVE('',#8524,#8526,#8527,.T.);
#7510=EDGE_CURVE('',#8526,#8528,#8529,.T.);
#7511=EDGE_CURVE('',#8530,#8528,#8531,.T.);
#7512=EDGE_CURVE('',#8532,#8530,#8533,.T.);
#7513=EDGE_CURVE('',#8534,#8532,#8535,.T.);
#7514=EDGE_CURVE('',#8536,#8534,#8537,.T.);
#7515=EDGE_CURVE('',#8536,#8538,#8539,.T.);
#7516=EDGE_CURVE('',#8538,#8540,#8541,.T.);
#7517=EDGE_CURVE('',#8540,#8542,#8543,.T.);
#7518=EDGE_CURVE('',#8542,#8544,#8545,.T.);
#7519=EDGE_CURVE('',#8544,#8546,#8547,.T.);
#7520=EDGE_CURVE('',#8548,#8546,#8549,.T.);
#7521=EDGE_CURVE('',#8550,#8548,#8551,.T.);
#7522=EDGE_CURVE('',#8552,#8550,#8553,.T.);
#7523=EDGE_CURVE('',#8554,#8552,#8555,.T.);
#7524=EDGE_CURVE('',#8518,#8554,#8556,.T.);
#7525=EDGE_CURVE('',#8045,#8518,#8557,.T.);
#7526=EDGE_CURVE('',#8043,#8517,#8558,.T.);
#7527=EDGE_CURVE('',#8047,#8554,#8559,.T.);
#7528=EDGE_CURVE('',#8049,#8552,#8560,.T.);
#7529=EDGE_CURVE('',#8051,#8550,#8561,.T.);
#7530=EDGE_CURVE('',#8053,#8548,#8562,.T.);
#7531=EDGE_CURVE('',#8055,#8546,#8563,.T.);
#7532=EDGE_CURVE('',#8360,#8513,#8564,.T.);
#7533=EDGE_CURVE('',#8481,#8565,#8566,.T.);
#7534=EDGE_CURVE('',#8567,#8565,#8568,.T.);
#7535=EDGE_CURVE('',#8567,#8475,#8569,.T.);
#7536=EDGE_CURVE('',#8565,#7961,#8570,.T.);
#7537=EDGE_CURVE('',#7955,#7961,#8571,.T.);
#7538=EDGE_CURVE('',#7955,#8567,#8572,.T.);
#7539=EDGE_CURVE('',#7958,#8573,#8574,.T.);
#7540=EDGE_CURVE('',#8575,#8573,#8576,.T.);
#7541=EDGE_CURVE('',#8575,#7953,#8577,.T.);
#7542=EDGE_CURVE('',#8578,#8579,#8580,.T.);
#7543=EDGE_CURVE('',#8578,#8575,#8581,.T.);
#7544=EDGE_CURVE('',#8573,#8579,#8582,.T.);
#7545=EDGE_CURVE('',#7965,#8578,#8583,.T.);
#7546=EDGE_CURVE('',#8579,#7964,#8584,.T.);
#7547=EDGE_CURVE('',#7967,#8585,#8586,.T.);
#7548=EDGE_CURVE('',#8587,#8585,#8588,.T.);
#7549=EDGE_CURVE('',#8587,#7969,#8589,.T.);
#7550=EDGE_CURVE('',#8585,#8467,#8590,.T.);
#7551=EDGE_CURVE('',#8465,#8587,#8591,.T.);
#7552=EDGE_CURVE('',#8592,#8593,#8594,.T.);
#7553=EDGE_CURVE('',#8593,#8595,#8596,.T.);
#7554=EDGE_CURVE('',#8595,#8597,#8598,.T.);
#7555=EDGE_CURVE('',#8597,#7952,#8599,.T.);
#7556=EDGE_CURVE('',#7952,#8600,#8601,.T.);
#7557=EDGE_CURVE('',#8600,#8592,#8602,.T.);
#7558=EDGE_CURVE('',#8333,#8469,#8603,.T.);
#7559=EDGE_CURVE('',#8071,#8467,#8604,.T.);
#7560=EDGE_CURVE('',#8071,#8585,#8605,.T.);
#7561=EDGE_CURVE('',#8073,#7967,#8606,.T.);
#7562=EDGE_CURVE('',#8073,#8579,#8607,.T.);
#7563=EDGE_CURVE('',#7959,#8573,#8608,.T.);
#7564=EDGE_CURVE('',#8076,#8565,#8609,.T.);
#7565=EDGE_CURVE('',#8076,#8481,#8610,.T.);
#7566=EDGE_CURVE('',#8479,#8335,#8611,.T.);
#7567=EDGE_CURVE('',#8595,#8476,#8612,.T.);
#7568=EDGE_CURVE('',#8597,#8475,#8613,.T.);
#7569=EDGE_CURVE('',#8597,#8567,#8614,.T.);
#7570=EDGE_CURVE('',#7952,#8575,#8615,.T.);
#7571=EDGE_CURVE('',#8600,#8578,#8616,.T.);
#7572=EDGE_CURVE('',#8600,#7969,#8617,.T.);
#7573=EDGE_CURVE('',#8592,#8587,#8618,.T.);
#7574=EDGE_CURVE('',#8592,#8465,#8619,.T.);
#7575=EDGE_CURVE('',#8463,#8593,#8620,.T.);
#7576=EDGE_CURVE('',#8498,#8389,#8621,.T.);
#7577=EDGE_CURVE('',#8488,#8472,#8622,.T.);
#7578=EDGE_CURVE('',#8489,#8476,#8623,.T.);
#7579=EDGE_CURVE('',#8489,#8595,#8624,.T.);
#7580=EDGE_CURVE('',#8391,#8495,#8625,.T.);
#7581=EDGE_CURVE('',#8491,#8593,#8626,.T.);
#7582=EDGE_CURVE('',#8460,#8493,#8627,.T.);
#7583=EDGE_CURVE('',#8491,#8463,#8628,.T.);
#7584=EDGE_CURVE('',#8629,#8430,#8630,.T.);
#7585=EDGE_CURVE('',#8432,#8629,#8631,.T.);
#7586=EDGE_CURVE('',#8632,#8428,#8633,.T.);
#7587=EDGE_CURVE('',#8634,#8632,#8635,.T.);
#7588=EDGE_CURVE('',#8636,#8634,#8637,.T.);
#7589=EDGE_CURVE('',#8638,#8636,#8639,.T.);
#7590=EDGE_CURVE('',#8629,#8638,#8640,.T.);
#7591=EDGE_CURVE('',#8641,#8416,#8642,.T.);
#7592=EDGE_CURVE('',#8641,#8414,#8643,.F.);
#7593=EDGE_CURVE('',#8644,#8645,#8646,.T.);
#7594=EDGE_CURVE('',#8644,#8647,#8648,.T.);
#7595=EDGE_CURVE('',#8649,#8647,#8650,.T.);
#7596=EDGE_CURVE('',#8418,#8649,#8651,.T.);
#7597=EDGE_CURVE('',#8645,#8641,#8652,.T.);
#7598=EDGE_CURVE('',#8348,#8422,#8653,.T.);
#7599=EDGE_CURVE('',#8342,#8420,#8654,.T.);
#7600=EDGE_CURVE('',#8346,#8424,#8655,.T.);
#7601=EDGE_CURVE('',#8426,#8344,#8656,.T.);
#7602=EDGE_CURVE('',#8657,#8658,#8659,.T.);
#7603=EDGE_CURVE('',#8660,#8657,#8661,.T.);
#7604=EDGE_CURVE('',#8413,#8660,#8662,.T.);
#7605=EDGE_CURVE('',#8663,#8413,#8664,.T.);
#7606=EDGE_CURVE('',#8665,#8663,#8666,.F.);
#7607=EDGE_CURVE('',#8667,#8665,#8668,.T.);
#7608=EDGE_CURVE('',#8658,#8667,#8669,.T.);
#7609=EDGE_CURVE('',#8670,#8671,#8672,.T.);
#7610=EDGE_CURVE('',#8670,#8025,#8673,.T.);
#7611=EDGE_CURVE('',#8674,#8023,#8675,.T.);
#7612=EDGE_CURVE('',#8676,#8674,#8677,.T.);
#7613=EDGE_CURVE('',#8676,#8007,#8678,.T.);
#7614=EDGE_CURVE('',#8005,#8679,#8680,.T.);
#7615=EDGE_CURVE('',#8681,#8679,#8682,.T.);
#7616=EDGE_CURVE('',#8681,#8004,#8683,.T.);
#7617=EDGE_CURVE('',#8027,#8671,#8684,.T.);
#7618=EDGE_CURVE('',#8410,#8676,#8685,.T.);
#7619=EDGE_CURVE('',#8065,#8536,#8686,.T.);
#7620=EDGE_CURVE('',#8063,#8538,#8687,.T.);
#7621=EDGE_CURVE('',#8061,#8540,#8688,.T.);
#7622=EDGE_CURVE('',#8059,#8542,#8689,.T.);
#7623=EDGE_CURVE('',#8057,#8544,#8690,.T.);
#7624=EDGE_CURVE('',#8435,#8674,#8691,.T.);
#7625=EDGE_CURVE('',#8692,#8644,#8693,.T.);
#7626=EDGE_CURVE('',#8692,#8694,#8695,.T.);
#7627=EDGE_CURVE('',#8647,#8694,#8696,.T.);
#7628=EDGE_CURVE('',#7935,#8692,#8697,.T.);
#7629=EDGE_CURVE('',#7935,#7941,#8698,.T.);
#7630=EDGE_CURVE('',#8694,#7941,#8699,.T.);
#7631=EDGE_CURVE('',#8700,#7932,#8701,.T.);
#7632=EDGE_CURVE('',#8700,#8702,#8703,.T.);
#7633=EDGE_CURVE('',#7939,#8702,#8704,.T.);
#7634=EDGE_CURVE('',#8702,#7947,#8705,.T.);
#7635=EDGE_CURVE('',#7949,#8700,#8706,.T.);
#7636=EDGE_CURVE('',#8707,#7945,#8708,.T.);
#7637=EDGE_CURVE('',#8707,#8709,#8710,.T.);
#7638=EDGE_CURVE('',#7944,#8709,#8711,.T.);
#7639=EDGE_CURVE('',#8712,#8707,#8713,.T.);
#7640=EDGE_CURVE('',#8712,#8714,#8715,.T.);
#7641=EDGE_CURVE('',#8709,#8714,#8716,.T.);
#7642=EDGE_CURVE('',#8636,#8712,#8717,.T.);
#7643=EDGE_CURVE('',#8714,#8634,#8718,.T.);
#7644=EDGE_CURVE('',#8719,#8720,#8721,.T.);
#7645=EDGE_CURVE('',#8722,#8719,#8723,.T.);
#7646=EDGE_CURVE('',#7933,#8722,#8724,.T.);
#7647=EDGE_CURVE('',#8725,#7933,#8726,.T.);
#7648=EDGE_CURVE('',#8727,#8725,#8728,.T.);
#7649=EDGE_CURVE('',#8720,#8727,#8729,.T.);
#7650=EDGE_CURVE('',#8088,#8634,#8730,.T.);
#7651=EDGE_CURVE('',#8344,#8632,#8731,.T.);
#7652=EDGE_CURVE('',#8088,#8714,#8732,.T.);
#7653=EDGE_CURVE('',#8086,#8709,#8733,.T.);
#7654=EDGE_CURVE('',#8086,#7947,#8734,.T.);
#7655=EDGE_CURVE('',#7938,#8702,#8735,.T.);
#7656=EDGE_CURVE('',#8083,#8694,#8736,.T.);
#7657=EDGE_CURVE('',#8083,#8647,#8737,.T.);
#7658=EDGE_CURVE('',#8649,#8342,#8738,.T.);
#7659=EDGE_CURVE('',#8725,#8644,#8739,.T.);
#7660=EDGE_CURVE('',#8727,#8645,#8740,.T.);
#7661=EDGE_CURVE('',#8725,#8692,#8741,.T.);
#7662=EDGE_CURVE('',#7933,#8700,#8742,.T.);
#7663=EDGE_CURVE('',#8722,#7949,#8743,.T.);
#7664=EDGE_CURVE('',#8722,#8707,#8744,.T.);
#7665=EDGE_CURVE('',#8719,#8712,#8745,.T.);
#7666=EDGE_CURVE('',#8719,#8636,#8746,.T.);
#7667=EDGE_CURVE('',#8638,#8720,#8747,.T.);
#7668=EDGE_CURVE('',#8660,#8414,#8748,.F.);
#7669=EDGE_CURVE('',#8657,#8641,#8749,.F.);
#7670=EDGE_CURVE('',#8658,#8645,#8750,.T.);
#7671=EDGE_CURVE('',#8658,#8727,#8751,.T.);
#7672=EDGE_CURVE('',#8432,#8663,#8752,.F.);
#7673=EDGE_CURVE('',#8667,#8720,#8753,.T.);
#7674=EDGE_CURVE('',#8629,#8665,#8754,.F.);
#7675=EDGE_CURVE('',#8667,#8638,#8755,.T.);
#7676=EDGE_CURVE('',#8756,#8380,#8757,.T.);
#7677=EDGE_CURVE('',#8382,#8756,#8758,.T.);
#7678=EDGE_CURVE('',#8759,#8378,#8760,.T.);
#7679=EDGE_CURVE('',#8761,#8759,#8762,.T.);
#7680=EDGE_CURVE('',#8763,#8761,#8764,.T.);
#7681=EDGE_CURVE('',#8765,#8763,#8766,.T.);
#7682=EDGE_CURVE('',#8756,#8765,#8767,.T.);
#7683=EDGE_CURVE('',#8768,#8366,#8769,.T.);
#7684=EDGE_CURVE('',#8768,#8364,#8770,.F.);
#7685=EDGE_CURVE('',#8771,#8772,#8773,.T.);
#7686=EDGE_CURVE('',#8771,#8774,#8775,.T.);
#7687=EDGE_CURVE('',#8776,#8774,#8777,.T.);
#7688=EDGE_CURVE('',#8368,#8776,#8778,.T.);
#7689=EDGE_CURVE('',#8772,#8768,#8779,.T.);
#7690=EDGE_CURVE('',#8330,#8372,#8780,.T.);
#7691=EDGE_CURVE('',#8324,#8370,#8781,.T.);
#7692=EDGE_CURVE('',#8328,#8374,#8782,.T.);
#7693=EDGE_CURVE('',#8376,#8326,#8783,.T.);
#7694=EDGE_CURVE('',#8784,#8785,#8786,.T.);
#7695=EDGE_CURVE('',#8787,#8784,#8788,.T.);
#7696=EDGE_CURVE('',#8363,#8787,#8789,.T.);
#7697=EDGE_CURVE('',#8790,#8363,#8791,.T.);
#7698=EDGE_CURVE('',#8792,#8790,#8793,.F.);
#7699=EDGE_CURVE('',#8794,#8792,#8795,.T.);
#7700=EDGE_CURVE('',#8785,#8794,#8796,.T.);
#7701=EDGE_CURVE('',#8041,#8520,#8797,.T.);
#7702=EDGE_CURVE('',#8039,#8522,#8798,.T.);
#7703=EDGE_CURVE('',#8037,#8524,#8799,.T.);
#7704=EDGE_CURVE('',#8035,#8526,#8800,.T.);
#7705=EDGE_CURVE('',#8033,#8528,#8801,.T.);
#7706=EDGE_CURVE('',#8802,#8771,#8803,.T.);
#7707=EDGE_CURVE('',#8802,#8804,#8805,.T.);
#7708=EDGE_CURVE('',#8774,#8804,#8806,.T.);
#7709=EDGE_CURVE('',#7915,#8802,#8807,.T.);
#7710=EDGE_CURVE('',#7915,#7921,#8808,.T.);
#7711=EDGE_CURVE('',#8804,#7921,#8809,.T.);
#7712=EDGE_CURVE('',#8810,#7912,#8811,.T.);
#7713=EDGE_CURVE('',#8810,#8812,#8813,.T.);
#7714=EDGE_CURVE('',#7919,#8812,#8814,.T.);
#7715=EDGE_CURVE('',#8812,#7927,#8815,.T.);
#7716=EDGE_CURVE('',#7929,#8810,#8816,.T.);
#7717=EDGE_CURVE('',#8817,#7925,#8818,.T.);
#7718=EDGE_CURVE('',#8817,#8819,#8820,.T.);
#7719=EDGE_CURVE('',#7924,#8819,#8821,.T.);
#7720=EDGE_CURVE('',#8822,#8817,#8823,.T.);
#7721=EDGE_CURVE('',#8822,#8824,#8825,.T.);
#7722=EDGE_CURVE('',#8819,#8824,#8826,.T.);
#7723=EDGE_CURVE('',#8763,#8822,#8827,.T.);
#7724=EDGE_CURVE('',#8824,#8761,#8828,.T.);
#7725=EDGE_CURVE('',#8829,#8830,#8831,.T.);
#7726=EDGE_CURVE('',#8832,#8829,#8833,.T.);
#7727=EDGE_CURVE('',#7913,#8832,#8834,.T.);
#7728=EDGE_CURVE('',#8835,#7913,#8836,.T.);
#7729=EDGE_CURVE('',#8837,#8835,#8838,.T.);
#7730=EDGE_CURVE('',#8830,#8837,#8839,.T.);
#7731=EDGE_CURVE('',#8115,#8761,#8840,.T.);
#7732=EDGE_CURVE('',#8326,#8759,#8841,.T.);
#7733=EDGE_CURVE('',#8115,#8824,#8842,.T.);
#7734=EDGE_CURVE('',#8113,#8819,#8843,.T.);
#7735=EDGE_CURVE('',#8113,#7927,#8844,.T.);
#7736=EDGE_CURVE('',#7918,#8812,#8845,.T.);
#7737=EDGE_CURVE('',#8110,#8804,#8846,.T.);
#7738=EDGE_CURVE('',#8110,#8774,#8847,.T.);
#7739=EDGE_CURVE('',#8776,#8324,#8848,.T.);
#7740=EDGE_CURVE('',#8835,#8771,#8849,.T.);
#7741=EDGE_CURVE('',#8837,#8772,#8850,.T.);
#7742=EDGE_CURVE('',#8835,#8802,#8851,.T.);
#7743=EDGE_CURVE('',#7913,#8810,#8852,.T.);
#7744=EDGE_CURVE('',#8832,#7929,#8853,.T.);
#7745=EDGE_CURVE('',#8832,#8817,#8854,.T.);
#7746=EDGE_CURVE('',#8829,#8822,#8855,.T.);
#7747=EDGE_CURVE('',#8829,#8763,#8856,.T.);
#7748=EDGE_CURVE('',#8765,#8830,#8857,.T.);
#7749=EDGE_CURVE('',#8787,#8364,#8858,.F.);
#7750=EDGE_CURVE('',#8784,#8768,#8859,.F.);
#7751=EDGE_CURVE('',#8785,#8772,#8860,.T.);
#7752=EDGE_CURVE('',#8785,#8837,#8861,.T.);
#7753=EDGE_CURVE('',#8382,#8790,#8862,.F.);
#7754=EDGE_CURVE('',#8794,#8830,#8863,.T.);
#7755=EDGE_CURVE('',#8756,#8792,#8864,.F.);
#7756=EDGE_CURVE('',#8794,#8765,#8865,.T.);
#7757=EDGE_CURVE('',#8441,#8866,#8867,.T.);
#7758=EDGE_CURVE('',#8866,#8443,#8868,.T.);
#7759=EDGE_CURVE('',#8866,#8869,#8870,.T.);
#7760=EDGE_CURVE('',#8869,#8871,#8872,.T.);
#7761=EDGE_CURVE('',#8871,#8873,#8874,.T.);
#7762=EDGE_CURVE('',#8873,#8875,#8876,.T.);
#7763=EDGE_CURVE('',#8875,#8445,#8877,.T.);
#7764=EDGE_CURVE('',#8878,#8457,#8879,.T.);
#7765=EDGE_CURVE('',#8878,#8439,#8880,.F.);
#7766=EDGE_CURVE('',#8881,#8882,#8883,.T.);
#7767=EDGE_CURVE('',#8882,#8878,#8884,.T.);
#7768=EDGE_CURVE('',#8455,#8885,#8886,.T.);
#7769=EDGE_CURVE('',#8885,#8887,#8888,.T.);
#7770=EDGE_CURVE('',#8881,#8887,#8889,.T.);
#7771=EDGE_CURVE('',#8353,#8453,#8890,.T.);
#7772=EDGE_CURVE('',#8355,#8451,#8891,.T.);
#7773=EDGE_CURVE('',#8357,#8449,#8892,.T.);
#7774=EDGE_CURVE('',#8351,#8447,#8893,.T.);
#7775=EDGE_CURVE('',#8894,#8895,#8896,.T.);
#7776=EDGE_CURVE('',#8895,#8897,#8898,.T.);
#7777=EDGE_CURVE('',#8897,#8899,#8900,.T.);
#7778=EDGE_CURVE('',#8899,#8901,#8902,.F.);
#7779=EDGE_CURVE('',#8901,#8438,#8903,.F.);
#7780=EDGE_CURVE('',#8438,#8904,#8905,.F.);
#7781=EDGE_CURVE('',#8904,#8894,#8906,.T.);
#7782=EDGE_CURVE('',#8067,#8534,#8907,.T.);
#7783=EDGE_CURVE('',#8030,#8532,#8908,.T.);
#7784=EDGE_CURVE('',#8031,#8530,#8909,.T.);
#7785=EDGE_CURVE('',#8887,#8910,#8911,.T.);
#7786=EDGE_CURVE('',#8912,#8910,#8913,.T.);
#7787=EDGE_CURVE('',#8912,#8881,#8914,.T.);
#7788=EDGE_CURVE('',#8910,#7901,#8915,.T.);
#7789=EDGE_CURVE('',#7895,#7901,#8916,.T.);
#7790=EDGE_CURVE('',#7895,#8912,#8917,.T.);
#7791=EDGE_CURVE('',#7898,#8918,#8919,.T.);
#7792=EDGE_CURVE('',#8920,#8918,#8921,.T.);
#7793=EDGE_CURVE('',#8920,#7893,#8922,.T.);
#7794=EDGE_CURVE('',#8923,#8924,#8925,.T.);
#7795=EDGE_CURVE('',#8923,#8920,#8926,.T.);
#7796=EDGE_CURVE('',#8918,#8924,#8927,.T.);
#7797=EDGE_CURVE('',#7905,#8923,#8928,.T.);
#7798=EDGE_CURVE('',#8924,#7904,#8929,.T.);
#7799=EDGE_CURVE('',#7907,#8930,#8931,.T.);
#7800=EDGE_CURVE('',#8932,#8930,#8933,.T.);
#7801=EDGE_CURVE('',#8932,#7909,#8934,.T.);
#7802=EDGE_CURVE('',#8930,#8873,#8935,.T.);
#7803=EDGE_CURVE('',#8871,#8932,#8936,.T.);
#7804=EDGE_CURVE('',#8937,#8938,#8939,.T.);
#7805=EDGE_CURVE('',#8938,#8940,#8941,.T.);
#7806=EDGE_CURVE('',#8940,#8942,#8943,.T.);
#7807=EDGE_CURVE('',#8942,#7892,#8944,.T.);
#7808=EDGE_CURVE('',#7892,#8945,#8946,.T.);
#7809=EDGE_CURVE('',#8945,#8937,#8947,.T.);
#7810=EDGE_CURVE('',#8351,#8875,#8948,.T.);
#7811=EDGE_CURVE('',#8098,#8873,#8949,.T.);
#7812=EDGE_CURVE('',#8098,#8930,#8950,.T.);
#7813=EDGE_CURVE('',#8100,#7907,#8951,.T.);
#7814=EDGE_CURVE('',#8100,#8924,#8952,.T.);
#7815=EDGE_CURVE('',#7899,#8918,#8953,.T.);
#7816=EDGE_CURVE('',#8103,#8910,#8954,.T.);
#7817=EDGE_CURVE('',#8103,#8887,#8955,.T.);
#7818=EDGE_CURVE('',#8885,#8353,#8956,.T.);
#7819=EDGE_CURVE('',#8940,#8882,#8957,.T.);
#7820=EDGE_CURVE('',#8942,#8881,#8958,.T.);
#7821=EDGE_CURVE('',#8942,#8912,#8959,.T.);
#7822=EDGE_CURVE('',#7892,#8920,#8960,.T.);
#7823=EDGE_CURVE('',#8945,#8923,#8961,.T.);
#7824=EDGE_CURVE('',#8945,#7909,#8962,.T.);
#7825=EDGE_CURVE('',#8937,#8932,#8963,.T.);
#7826=EDGE_CURVE('',#8937,#8871,#8964,.T.);
#7827=EDGE_CURVE('',#8869,#8938,#8965,.T.);
#7828=EDGE_CURVE('',#8904,#8439,#8966,.T.);
#7829=EDGE_CURVE('',#8894,#8878,#8967,.T.);
#7830=EDGE_CURVE('',#8895,#8882,#8968,.T.);
#7831=EDGE_CURVE('',#8895,#8940,#8969,.T.);
#7832=EDGE_CURVE('',#8441,#8901,#8970,.T.);
#7833=EDGE_CURVE('',#8897,#8938,#8971,.T.);
#7834=EDGE_CURVE('',#8866,#8899,#8972,.T.);
#7835=EDGE_CURVE('',#8897,#8869,#8973,.T.);
#7836=EDGE_CURVE('',#8974,#8975,#8976,.T.);
#7837=EDGE_CURVE('',#8975,#8977,#8978,.T.);
#7838=EDGE_CURVE('',#8977,#8979,#8980,.T.);
#7839=EDGE_CURVE('',#8974,#8979,#8981,.T.);
#7840=EDGE_CURVE('',#8982,#8975,#8983,.T.);
#7841=EDGE_CURVE('',#8982,#8984,#8985,.T.);
#7842=EDGE_CURVE('',#8984,#8977,#8986,.T.);
#7843=EDGE_CURVE('',#8987,#8982,#8988,.T.);
#7844=EDGE_CURVE('',#8025,#8974,#8989,.T.);
#7845=EDGE_CURVE('',#8670,#8987,#8990,.T.);
#7846=EDGE_CURVE('',#8979,#8027,#8991,.T.);
#7847=EDGE_CURVE('',#8984,#8992,#8993,.T.);
#7848=EDGE_CURVE('',#8992,#8671,#8994,.T.);
#7849=EDGE_CURVE('',#8987,#8992,#8995,.T.);
#7850=EDGE_CURVE('',#8018,#8996,#8997,.T.);
#7851=EDGE_CURVE('',#8996,#8998,#8999,.T.);
#7852=EDGE_CURVE('',#9000,#8998,#9001,.T.);
#7853=EDGE_CURVE('',#9002,#9000,#9003,.T.);
#7854=EDGE_CURVE('',#8501,#9002,#9004,.T.);
#7855=EDGE_CURVE('',#9005,#8503,#9006,.T.);
#7856=EDGE_CURVE('',#9007,#9005,#9008,.T.);
#7857=EDGE_CURVE('',#9007,#9009,#9010,.T.);
#7858=EDGE_CURVE('',#9009,#9011,#9012,.T.);
#7859=EDGE_CURVE('',#9011,#8016,#9013,.T.);
#7860=EDGE_CURVE('',#9002,#9005,#9014,.T.);
#7861=EDGE_CURVE('',#8996,#9011,#9015,.T.);
#7862=EDGE_CURVE('',#8998,#9009,#9016,.T.);
#7863=EDGE_CURVE('',#9000,#9007,#9017,.T.);
#7864=EDGE_CURVE('',#9018,#9019,#9020,.T.);
#7865=EDGE_CURVE('',#9019,#9021,#9022,.T.);
#7866=EDGE_CURVE('',#9021,#9023,#9024,.T.);
#7867=EDGE_CURVE('',#9018,#9023,#9025,.T.);
#7868=EDGE_CURVE('',#9026,#9019,#9027,.T.);
#7869=EDGE_CURVE('',#9026,#9028,#9029,.T.);
#7870=EDGE_CURVE('',#9028,#9021,#9030,.T.);
#7871=EDGE_CURVE('',#9031,#9026,#9032,.T.);
#7872=EDGE_CURVE('',#8004,#9018,#9033,.T.);
#7873=EDGE_CURVE('',#8681,#9031,#9034,.T.);
#7874=EDGE_CURVE('',#9023,#8005,#9035,.T.);
#7875=EDGE_CURVE('',#9028,#9036,#9037,.T.);
#7876=EDGE_CURVE('',#9036,#8679,#9038,.T.);
#7877=EDGE_CURVE('',#9031,#9036,#9039,.T.);
#7878=EDGE_CURVE('',#8014,#9040,#9041,.T.);
#7879=EDGE_CURVE('',#9040,#9042,#9043,.T.);
#7880=EDGE_CURVE('',#9044,#9042,#9045,.T.);
#7881=EDGE_CURVE('',#9046,#9044,#9047,.T.);
#7882=EDGE_CURVE('',#8506,#9046,#9048,.T.);
#7883=EDGE_CURVE('',#9049,#8508,#9050,.T.);
#7884=EDGE_CURVE('',#9051,#9049,#9052,.T.);
#7885=EDGE_CURVE('',#9051,#9053,#9054,.T.);
#7886=EDGE_CURVE('',#9053,#9055,#9056,.T.);
#7887=EDGE_CURVE('',#9055,#8012,#9057,.T.);
#7888=EDGE_CURVE('',#9046,#9049,#9058,.T.);
#7889=EDGE_CURVE('',#9040,#9055,#9059,.T.);
#7890=EDGE_CURVE('',#9042,#9053,#9060,.T.);
#7891=EDGE_CURVE('',#9044,#9051,#9061,.T.);
#7892=VERTEX_POINT('',#9062);
#7893=VERTEX_POINT('',#9063);
#7894=CIRCLE('',#9064,0.1);
#7895=VERTEX_POINT('',#9065);
#7896=CIRCLE('',#9066,0.1);
#7897=CIRCLE('',#9067,0.1);
#7898=VERTEX_POINT('',#9068);
#7899=VERTEX_POINT('',#9069);
#7900=CIRCLE('',#9070,0.1);
#7901=VERTEX_POINT('',#9071);
#7902=CIRCLE('',#9072,0.1);
#7903=CIRCLE('',#9073,0.1);
#7904=VERTEX_POINT('',#9074);
#7905=VERTEX_POINT('',#9075);
#7906=LINE('',#9076,#9077);
#7907=VERTEX_POINT('',#9078);
#7908=CIRCLE('',#9079,0.1);
#7909=VERTEX_POINT('',#9080);
#7910=LINE('',#9081,#9082);
#7911=CIRCLE('',#9083,0.1);
#7912=VERTEX_POINT('',#9084);
#7913=VERTEX_POINT('',#9085);
#7914=CIRCLE('',#9086,0.1);
#7915=VERTEX_POINT('',#9087);
#7916=CIRCLE('',#9088,0.1);
#7917=CIRCLE('',#9089,0.1);
#7918=VERTEX_POINT('',#9090);
#7919=VERTEX_POINT('',#9091);
#7920=CIRCLE('',#9092,0.1);
#7921=VERTEX_POINT('',#9093);
#7922=CIRCLE('',#9094,0.1);
#7923=CIRCLE('',#9095,0.1);
#7924=VERTEX_POINT('',#9096);
#7925=VERTEX_POINT('',#9097);
#7926=LINE('',#9098,#9099);
#7927=VERTEX_POINT('',#9100);
#7928=CIRCLE('',#9101,0.1);
#7929=VERTEX_POINT('',#9102);
#7930=LINE('',#9103,#9104);
#7931=CIRCLE('',#9105,0.1);
#7932=VERTEX_POINT('',#9106);
#7933=VERTEX_POINT('',#9107);
#7934=CIRCLE('',#9108,0.1);
#7935=VERTEX_POINT('',#9109);
#7936=CIRCLE('',#9110,0.1);
#7937=CIRCLE('',#9111,0.1);
#7938=VERTEX_POINT('',#9112);
#7939=VERTEX_POINT('',#9113);
#7940=CIRCLE('',#9114,0.1);
#7941=VERTEX_POINT('',#9115);
#7942=CIRCLE('',#9116,0.1);
#7943=CIRCLE('',#9117,0.1);
#7944=VERTEX_POINT('',#9118);
#7945=VERTEX_POINT('',#9119);
#7946=LINE('',#9120,#9121);
#7947=VERTEX_POINT('',#9122);
#7948=CIRCLE('',#9123,0.1);
#7949=VERTEX_POINT('',#9124);
#7950=LINE('',#9125,#9126);
#7951=CIRCLE('',#9127,0.1);
#7952=VERTEX_POINT('',#9128);
#7953=VERTEX_POINT('',#9129);
#7954=CIRCLE('',#9130,0.1);
#7955=VERTEX_POINT('',#9131);
#7956=CIRCLE('',#9132,0.1);
#7957=CIRCLE('',#9133,0.1);
#7958=VERTEX_POINT('',#9134);
#7959=VERTEX_POINT('',#9135);
#7960=CIRCLE('',#9136,0.1);
#7961=VERTEX_POINT('',#9137);
#7962=CIRCLE('',#9138,0.1);
#7963=CIRCLE('',#9139,0.1);
#7964=VERTEX_POINT('',#9140);
#7965=VERTEX_POINT('',#9141);
#7966=LINE('',#9142,#9143);
#7967=VERTEX_POINT('',#9144);
#7968=CIRCLE('',#9145,0.1);
#7969=VERTEX_POINT('',#9146);
#7970=LINE('',#9147,#9148);
#7971=CIRCLE('',#9149,0.1);
#7972=VERTEX_POINT('',#9150);
#7973=VERTEX_POINT('',#9151);
#7974=LINE('',#9152,#9153);
#7975=VERTEX_POINT('',#9154);
#7976=LINE('',#9155,#9156);
#7977=VERTEX_POINT('',#9157);
#7978=LINE('',#9158,#9159);
#7979=VERTEX_POINT('',#9160);
#7980=LINE('',#9161,#9162);
#7981=VERTEX_POINT('',#9163);
#7982=LINE('',#9164,#9165);
#7983=VERTEX_POINT('',#9166);
#7984=LINE('',#9167,#9168);
#7985=VERTEX_POINT('',#9169);
#7986=LINE('',#9170,#9171);
#7987=LINE('',#9172,#9173);
#7988=VERTEX_POINT('',#9174);
#7989=VERTEX_POINT('',#9175);
#7990=LINE('',#9176,#9177);
#7991=VERTEX_POINT('',#9178);
#7992=LINE('',#9179,#9180);
#7993=VERTEX_POINT('',#9181);
#7994=LINE('',#9182,#9183);
#7995=VERTEX_POINT('',#9184);
#7996=LINE('',#9185,#9186);
#7997=VERTEX_POINT('',#9187);
#7998=LINE('',#9188,#9189);
#7999=VERTEX_POINT('',#9190);
#8000=LINE('',#9191,#9192);
#8001=VERTEX_POINT('',#9193);
#8002=LINE('',#9194,#9195);
#8003=LINE('',#9196,#9197);
#8004=VERTEX_POINT('',#9198);
#8005=VERTEX_POINT('',#9199);
#8006=LINE('',#9200,#9201);
#8007=VERTEX_POINT('',#9202);
#8008=LINE('',#9203,#9204);
#8009=CIRCLE('',#9205,0.0999999999999998);
#8010=VERTEX_POINT('',#9206);
#8011=CIRCLE('',#9207,0.0999999999999998);
#8012=VERTEX_POINT('',#9208);
#8013=LINE('',#9209,#9210);
#8014=VERTEX_POINT('',#9211);
#8015=LINE('',#9212,#9213);
#8016=VERTEX_POINT('',#9214);
#8017=LINE('',#9215,#9216);
#8018=VERTEX_POINT('',#9217);
#8019=LINE('',#9218,#9219);
#8020=VERTEX_POINT('',#9220);
#8021=LINE('',#9221,#9222);
#8022=CIRCLE('',#9223,0.0999999999999998);
#8023=VERTEX_POINT('',#9224);
#8024=CIRCLE('',#9225,0.0999999999999998);
#8025=VERTEX_POINT('',#9226);
#8026=LINE('',#9227,#9228);
#8027=VERTEX_POINT('',#9229);
#8028=LINE('',#9230,#9231);
#8029=LINE('',#9232,#9233);
#8030=VERTEX_POINT('',#9234);
#8031=VERTEX_POINT('',#9235);
#8032=LINE('',#9236,#9237);
#8033=VERTEX_POINT('',#9238);
#8034=CIRCLE('',#9239,0.1);
#8035=VERTEX_POINT('',#9240);
#8036=LINE('',#9241,#9242);
#8037=VERTEX_POINT('',#9243);
#8038=CIRCLE('',#9244,0.1);
#8039=VERTEX_POINT('',#9245);
#8040=LINE('',#9246,#9247);
#8041=VERTEX_POINT('',#9248);
#8042=CIRCLE('',#9249,0.1);
#8043=VERTEX_POINT('',#9250);
#8044=LINE('',#9251,#9252);
#8045=VERTEX_POINT('',#9253);
#8046=LINE('',#9254,#9255);
#8047=VERTEX_POINT('',#9256);
#8048=LINE('',#9257,#9258);
#8049=VERTEX_POINT('',#9259);
#8050=CIRCLE('',#9260,0.1);
#8051=VERTEX_POINT('',#9261);
#8052=LINE('',#9262,#9263);
#8053=VERTEX_POINT('',#9264);
#8054=CIRCLE('',#9265,0.1);
#8055=VERTEX_POINT('',#9266);
#8056=LINE('',#9267,#9268);
#8057=VERTEX_POINT('',#9269);
#8058=CIRCLE('',#9270,0.1);
#8059=VERTEX_POINT('',#9271);
#8060=LINE('',#9272,#9273);
#8061=VERTEX_POINT('',#9274);
#8062=CIRCLE('',#9275,0.1);
#8063=VERTEX_POINT('',#9276);
#8064=LINE('',#9277,#9278);
#8065=VERTEX_POINT('',#9279);
#8066=LINE('',#9280,#9281);
#8067=VERTEX_POINT('',#9282);
#8068=LINE('',#9283,#9284);
#8069=CIRCLE('',#9285,0.1);
#8070=VERTEX_POINT('',#9286);
#8071=VERTEX_POINT('',#9287);
#8072=LINE('',#9288,#9289);
#8073=VERTEX_POINT('',#9290);
#8074=LINE('',#9291,#9292);
#8075=LINE('',#9293,#9294);
#8076=VERTEX_POINT('',#9295);
#8077=LINE('',#9296,#9297);
#8078=VERTEX_POINT('',#9298);
#8079=LINE('',#9299,#9300);
#8080=LINE('',#9301,#9302);
#8081=VERTEX_POINT('',#9303);
#8082=LINE('',#9304,#9305);
#8083=VERTEX_POINT('',#9306);
#8084=LINE('',#9307,#9308);
#8085=LINE('',#9309,#9310);
#8086=VERTEX_POINT('',#9311);
#8087=LINE('',#9312,#9313);
#8088=VERTEX_POINT('',#9314);
#8089=LINE('',#9315,#9316);
#8090=VERTEX_POINT('',#9317);
#8091=LINE('',#9318,#9319);
#8092=VERTEX_POINT('',#9320);
#8093=LINE('',#9321,#9322);
#8094=VERTEX_POINT('',#9323);
#8095=LINE('',#9324,#9325);
#8096=VERTEX_POINT('',#9326);
#8097=LINE('',#9327,#9328);
#8098=VERTEX_POINT('',#9329);
#8099=LINE('',#9330,#9331);
#8100=VERTEX_POINT('',#9332);
#8101=LINE('',#9333,#9334);
#8102=LINE('',#9335,#9336);
#8103=VERTEX_POINT('',#9337);
#8104=LINE('',#9338,#9339);
#8105=VERTEX_POINT('',#9340);
#8106=LINE('',#9341,#9342);
#8107=LINE('',#9343,#9344);
#8108=VERTEX_POINT('',#9345);
#8109=LINE('',#9346,#9347);
#8110=VERTEX_POINT('',#9348);
#8111=LINE('',#9349,#9350);
#8112=LINE('',#9351,#9352);
#8113=VERTEX_POINT('',#9353);
#8114=LINE('',#9354,#9355);
#8115=VERTEX_POINT('',#9356);
#8116=LINE('',#9357,#9358);
#8117=VERTEX_POINT('',#9359);
#8118=LINE('',#9360,#9361);
#8119=VERTEX_POINT('',#9362);
#8120=LINE('',#9363,#9364);
#8121=VERTEX_POINT('',#9365);
#8122=LINE('',#9366,#9367);
#8123=LINE('',#9368,#9369);
#8124=VERTEX_POINT('',#9370);
#8125=VERTEX_POINT('',#9371);
#8126=CIRCLE('',#9372,1.26);
#8127=VERTEX_POINT('',#9373);
#8128=CIRCLE('',#9374,0.0999999999999999);
#8129=VERTEX_POINT('',#9375);
#8130=LINE('',#9376,#9377);
#8131=VERTEX_POINT('',#9378);
#8132=CIRCLE('',#9379,0.0999999999999999);
#8133=VERTEX_POINT('',#9380);
#8134=CIRCLE('',#9381,1.26);
#8135=VERTEX_POINT('',#9382);
#8136=LINE('',#9383,#9384);
#8137=VERTEX_POINT('',#9385);
#8138=CIRCLE('',#9386,1.26);
#8139=VERTEX_POINT('',#9387);
#8140=CIRCLE('',#9388,0.0999999999999998);
#8141=VERTEX_POINT('',#9389);
#8142=LINE('',#9390,#9391);
#8143=VERTEX_POINT('',#9392);
#8144=CIRCLE('',#9393,0.0999999999999998);
#8145=VERTEX_POINT('',#9394);
#8146=CIRCLE('',#9395,1.26);
#8147=LINE('',#9396,#9397);
#8148=VERTEX_POINT('',#9398);
#8149=VERTEX_POINT('',#9399);
#8150=LINE('',#9400,#9401);
#8151=VERTEX_POINT('',#9402);
#8152=LINE('',#9403,#9404);
#8153=VERTEX_POINT('',#9405);
#8154=LINE('',#9406,#9407);
#8155=LINE('',#9408,#9409);
#8156=VERTEX_POINT('',#9410);
#8157=VERTEX_POINT('',#9411);
#8158=LINE('',#9412,#9413);
#8159=VERTEX_POINT('',#9414);
#8160=LINE('',#9415,#9416);
#8161=VERTEX_POINT('',#9417);
#8162=LINE('',#9418,#9419);
#8163=LINE('',#9420,#9421);
#8164=VERTEX_POINT('',#9422);
#8165=LINE('',#9423,#9424);
#8166=VERTEX_POINT('',#9425);
#8167=LINE('',#9426,#9427);
#8168=LINE('',#9428,#9429);
#8169=VERTEX_POINT('',#9430);
#8170=CIRCLE('',#9431,0.1);
#8171=VERTEX_POINT('',#9432);
#8172=LINE('',#9433,#9434);
#8173=CIRCLE('',#9435,0.1);
#8174=VERTEX_POINT('',#9436);
#8175=LINE('',#9437,#9438);
#8176=VERTEX_POINT('',#9439);
#8177=LINE('',#9440,#9441);
#8178=LINE('',#9442,#9443);
#8179=VERTEX_POINT('',#9444);
#8180=CIRCLE('',#9445,0.0999999999999999);
#8181=VERTEX_POINT('',#9446);
#8182=LINE('',#9447,#9448);
#8183=CIRCLE('',#9449,0.0999999999999999);
#8184=LINE('',#9450,#9451);
#8185=LINE('',#9452,#9453);
#8186=LINE('',#9454,#9455);
#8187=LINE('',#9456,#9457);
#8188=VERTEX_POINT('',#9458);
#8189=LINE('',#9459,#9460);
#8190=VERTEX_POINT('',#9461);
#8191=LINE('',#9462,#9463);
#8192=LINE('',#9464,#9465);
#8193=VERTEX_POINT('',#9466);
#8194=CIRCLE('',#9467,0.0999999999999999);
#8195=VERTEX_POINT('',#9468);
#8196=LINE('',#9469,#9470);
#8197=CIRCLE('',#9471,0.0999999999999999);
#8198=VERTEX_POINT('',#9472);
#8199=LINE('',#9473,#9474);
#8200=VERTEX_POINT('',#9475);
#8201=LINE('',#9476,#9477);
#8202=LINE('',#9478,#9479);
#8203=VERTEX_POINT('',#9480);
#8204=CIRCLE('',#9481,0.1);
#8205=VERTEX_POINT('',#9482);
#8206=LINE('',#9483,#9484);
#8207=CIRCLE('',#9485,0.1);
#8208=LINE('',#9486,#9487);
#8209=LINE('',#9488,#9489);
#8210=VERTEX_POINT('',#9490);
#8211=LINE('',#9491,#9492);
#8212=VERTEX_POINT('',#9493);
#8213=LINE('',#9494,#9495);
#8214=LINE('',#9496,#9497);
#8215=VERTEX_POINT('',#9498);
#8216=CIRCLE('',#9499,0.1);
#8217=VERTEX_POINT('',#9500);
#8218=LINE('',#9501,#9502);
#8219=CIRCLE('',#9503,0.1);
#8220=VERTEX_POINT('',#9504);
#8221=LINE('',#9505,#9506);
#8222=VERTEX_POINT('',#9507);
#8223=LINE('',#9508,#9509);
#8224=LINE('',#9510,#9511);
#8225=VERTEX_POINT('',#9512);
#8226=CIRCLE('',#9513,0.1);
#8227=VERTEX_POINT('',#9514);
#8228=LINE('',#9515,#9516);
#8229=CIRCLE('',#9517,0.1);
#8230=LINE('',#9518,#9519);
#8231=LINE('',#9520,#9521);
#8232=LINE('',#9522,#9523);
#8233=LINE('',#9524,#9525);
#8234=VERTEX_POINT('',#9526);
#8235=LINE('',#9527,#9528);
#8236=VERTEX_POINT('',#9529);
#8237=LINE('',#9530,#9531);
#8238=LINE('',#9532,#9533);
#8239=VERTEX_POINT('',#9534);
#8240=CIRCLE('',#9535,0.1);
#8241=VERTEX_POINT('',#9536);
#8242=LINE('',#9537,#9538);
#8243=CIRCLE('',#9539,0.1);
#8244=VERTEX_POINT('',#9540);
#8245=LINE('',#9541,#9542);
#8246=VERTEX_POINT('',#9543);
#8247=LINE('',#9544,#9545);
#8248=LINE('',#9546,#9547);
#8249=VERTEX_POINT('',#9548);
#8250=CIRCLE('',#9549,0.1);
#8251=VERTEX_POINT('',#9550);
#8252=LINE('',#9551,#9552);
#8253=CIRCLE('',#9553,0.1);
#8254=LINE('',#9554,#9555);
#8255=LINE('',#9556,#9557);
#8256=VERTEX_POINT('',#9558);
#8257=VERTEX_POINT('',#9559);
#8258=CIRCLE('',#9560,1.26);
#8259=LINE('',#9561,#9562);
#8260=LINE('',#9563,#9564);
#8261=VERTEX_POINT('',#9565);
#8262=LINE('',#9566,#9567);
#8263=LINE('',#9568,#9569);
#8264=VERTEX_POINT('',#9570);
#8265=CIRCLE('',#9571,1.26);
#8266=LINE('',#9572,#9573);
#8267=VERTEX_POINT('',#9574);
#8268=CIRCLE('',#9575,0.0999999999999998);
#8269=LINE('',#9576,#9577);
#8270=VERTEX_POINT('',#9578);
#8271=LINE('',#9579,#9580);
#8272=LINE('',#9581,#9582);
#8273=VERTEX_POINT('',#9583);
#8274=CIRCLE('',#9584,0.0999999999999998);
#8275=LINE('',#9585,#9586);
#8276=VERTEX_POINT('',#9587);
#8277=CIRCLE('',#9588,1.26);
#8278=LINE('',#9589,#9590);
#8279=VERTEX_POINT('',#9591);
#8280=LINE('',#9592,#9593);
#8281=LINE('',#9594,#9595);
#8282=VERTEX_POINT('',#9596);
#8283=CIRCLE('',#9597,1.26);
#8284=LINE('',#9598,#9599);
#8285=VERTEX_POINT('',#9600);
#8286=CIRCLE('',#9601,0.0999999999999999);
#8287=LINE('',#9602,#9603);
#8288=VERTEX_POINT('',#9604);
#8289=LINE('',#9605,#9606);
#8290=LINE('',#9607,#9608);
#8291=CIRCLE('',#9609,0.0999999999999999);
#8292=VERTEX_POINT('',#9610);
#8293=VERTEX_POINT('',#9611);
#8294=CIRCLE('',#9612,1.0);
#8295=VERTEX_POINT('',#9613);
#8296=LINE('',#9614,#9615);
#8297=VERTEX_POINT('',#9616);
#8298=CIRCLE('',#9617,1.0);
#8299=LINE('',#9618,#9619);
#8300=VERTEX_POINT('',#9620);
#8301=CIRCLE('',#9621,0.1);
#8302=VERTEX_POINT('',#9622);
#8303=CIRCLE('',#9623,1.1);
#8304=CIRCLE('',#9624,0.1);
#8305=VERTEX_POINT('',#9625);
#8306=LINE('',#9626,#9627);
#8307=CIRCLE('',#9628,0.1);
#8308=VERTEX_POINT('',#9629);
#8309=CIRCLE('',#9630,0.1);
#8310=CIRCLE('',#9631,1.1);
#8311=LINE('',#9632,#9633);
#8312=VERTEX_POINT('',#9634);
#8313=LINE('',#9635,#9636);
#8314=VERTEX_POINT('',#9637);
#8315=LINE('',#9638,#9639);
#8316=CIRCLE('',#9640,1.1);
#8317=VERTEX_POINT('',#9641);
#8318=LINE('',#9642,#9643);
#8319=LINE('',#9644,#9645);
#8320=VERTEX_POINT('',#9646);
#8321=LINE('',#9647,#9648);
#8322=CIRCLE('',#9649,1.1);
#8323=LINE('',#9650,#9651);
#8324=VERTEX_POINT('',#9652);
#8325=LINE('',#9653,#9654);
#8326=VERTEX_POINT('',#9655);
#8327=LINE('',#9656,#9657);
#8328=VERTEX_POINT('',#9658);
#8329=CIRCLE('',#9659,0.0999999999999999);
#8330=VERTEX_POINT('',#9660);
#8331=LINE('',#9661,#9662);
#8332=CIRCLE('',#9663,0.0999999999999998);
#8333=VERTEX_POINT('',#9664);
#8334=LINE('',#9665,#9666);
#8335=VERTEX_POINT('',#9667);
#8336=LINE('',#9668,#9669);
#8337=VERTEX_POINT('',#9670);
#8338=CIRCLE('',#9671,0.0999999999999998);
#8339=VERTEX_POINT('',#9672);
#8340=LINE('',#9673,#9674);
#8341=CIRCLE('',#9675,0.0999999999999999);
#8342=VERTEX_POINT('',#9676);
#8343=LINE('',#9677,#9678);
#8344=VERTEX_POINT('',#9679);
#8345=LINE('',#9680,#9681);
#8346=VERTEX_POINT('',#9682);
#8347=CIRCLE('',#9683,0.0999999999999999);
#8348=VERTEX_POINT('',#9684);
#8349=LINE('',#9685,#9686);
#8350=CIRCLE('',#9687,0.0999999999999998);
#8351=VERTEX_POINT('',#9688);
#8352=LINE('',#9689,#9690);
#8353=VERTEX_POINT('',#9691);
#8354=LINE('',#9692,#9693);
#8355=VERTEX_POINT('',#9694);
#8356=CIRCLE('',#9695,0.0999999999999998);
#8357=VERTEX_POINT('',#9696);
#8358=LINE('',#9697,#9698);
#8359=CIRCLE('',#9699,0.0999999999999999);
#8360=VERTEX_POINT('',#9700);
#8361=CIRCLE('',#9701,0.0999999999999998);
#8362=LINE('',#9702,#9703);
#8363=VERTEX_POINT('',#9704);
#8364=VERTEX_POINT('',#9705);
#8365=B_SPLINE_CURVE_WITH_KNOTS('',3,(#9706,#9707,#9708,#9709),.UNSPECIFIED.,.F.,.F.,(4,4),(-0.00031546621551461,-0.000275877768698362),.UNSPECIFIED.);
#8366=VERTEX_POINT('',#9710);
#8367=CIRCLE('',#9711,0.2);
#8368=VERTEX_POINT('',#9712);
#8369=LINE('',#9713,#9714);
#8370=VERTEX_POINT('',#9715);
#8371=CIRCLE('',#9716,0.1);
#8372=VERTEX_POINT('',#9717);
#8373=CIRCLE('',#9718,0.0999999999999998);
#8374=VERTEX_POINT('',#9719);
#8375=LINE('',#9720,#9721);
#8376=VERTEX_POINT('',#9722);
#8377=CIRCLE('',#9723,0.1);
#8378=VERTEX_POINT('',#9724);
#8379=CIRCLE('',#9725,0.1);
#8380=VERTEX_POINT('',#9726);
#8381=LINE('',#9727,#9728);
#8382=VERTEX_POINT('',#9729);
#8383=CIRCLE('',#9730,0.2);
#8384=B_SPLINE_CURVE_WITH_KNOTS('',3,(#9731,#9732,#9733,#9734,#9735,#9736,#9737,#9738),.UNSPECIFIED.,.F.,.F.,(4,2,2,4),(-0.060711347454979,-0.0275239623811403,-0.0,0.00678804991601954),.UNSPECIFIED.);
#8385=VERTEX_POINT('',#9739);
#8386=LINE('',#9740,#9741);
#8387=CIRCLE('',#9742,0.0999999999999998);
#8388=VERTEX_POINT('',#9743);
#8389=VERTEX_POINT('',#9744);
#8390=B_SPLINE_CURVE_WITH_KNOTS('',3,(#9745,#9746,#9747,#9748,#9749,#9750,#9751,#9752),.UNSPECIFIED.,.F.,.F.,(4,2,2,4),(-0.060711347455465,-0.0275239623812973,-0.0,0.00678804991605537),.UNSPECIFIED.);
#8391=VERTEX_POINT('',#9753);
#8392=B_SPLINE_CURVE_WITH_KNOTS('',3,(#9754,#9755,#9756,#9757),.UNSPECIFIED.,.F.,.F.,(4,4),(-0.00031546621551446,-0.000275877768698479),.UNSPECIFIED.);
#8393=VERTEX_POINT('',#9758);
#8394=CIRCLE('',#9759,0.2);
#8395=VERTEX_POINT('',#9760);
#8396=LINE('',#9761,#9762);
#8397=VERTEX_POINT('',#9763);
#8398=CIRCLE('',#9764,0.1);
#8399=VERTEX_POINT('',#9765);
#8400=CIRCLE('',#9766,0.1);
#8401=VERTEX_POINT('',#9767);
#8402=LINE('',#9768,#9769);
#8403=VERTEX_POINT('',#9770);
#8404=CIRCLE('',#9771,0.0999999999999998);
#8405=VERTEX_POINT('',#9772);
#8406=CIRCLE('',#9773,0.1);
#8407=VERTEX_POINT('',#9774);
#8408=LINE('',#9775,#9776);
#8409=CIRCLE('',#9777,0.2);
#8410=VERTEX_POINT('',#9778);
#8411=CIRCLE('',#9779,0.0999999999999998);
#8412=LINE('',#9780,#9781);
#8413=VERTEX_POINT('',#9782);
#8414=VERTEX_POINT('',#9783);
#8415=B_SPLINE_CURVE_WITH_KNOTS('',3,(#9784,#9785,#9786,#9787),.UNSPECIFIED.,.F.,.F.,(4,4),(-0.00031546621551461,-0.000275877768698362),.UNSPECIFIED.);
#8416=VERTEX_POINT('',#9788);
#8417=CIRCLE('',#9789,0.2);
#8418=VERTEX_POINT('',#9790);
#8419=LINE('',#9791,#9792);
#8420=VERTEX_POINT('',#9793);
#8421=CIRCLE('',#9794,0.1);
#8422=VERTEX_POINT('',#9795);
#8423=CIRCLE('',#9796,0.0999999999999998);
#8424=VERTEX_POINT('',#9797);
#8425=LINE('',#9798,#9799);
#8426=VERTEX_POINT('',#9800);
#8427=CIRCLE('',#9801,0.1);
#8428=VERTEX_POINT('',#9802);
#8429=CIRCLE('',#9803,0.1);
#8430=VERTEX_POINT('',#9804);
#8431=LINE('',#9805,#9806);
#8432=VERTEX_POINT('',#9807);
#8433=CIRCLE('',#9808,0.2);
#8434=B_SPLINE_CURVE_WITH_KNOTS('',3,(#9809,#9810,#9811,#9812,#9813,#9814,#9815,#9816),.UNSPECIFIED.,.F.,.F.,(4,2,2,4),(-0.060711347454979,-0.0275239623811403,-0.0,0.00678804991601954),.UNSPECIFIED.);
#8435=VERTEX_POINT('',#9817);
#8436=LINE('',#9818,#9819);
#8437=CIRCLE('',#9820,0.0999999999999998);
#8438=VERTEX_POINT('',#9821);
#8439=VERTEX_POINT('',#9822);
#8440=B_SPLINE_CURVE_WITH_KNOTS('',3,(#9823,#9824,#9825,#9826,#9827,#9828,#9829,#9830),.UNSPECIFIED.,.F.,.F.,(4,2,2,4),(-0.060711347455465,-0.0275239623812973,-0.0,0.00678804991605537),.UNSPECIFIED.);
#8441=VERTEX_POINT('',#9831);
#8442=B_SPLINE_CURVE_WITH_KNOTS('',3,(#9832,#9833,#9834,#9835),.UNSPECIFIED.,.F.,.F.,(4,4),(-0.00031546621551446,-0.000275877768698479),.UNSPECIFIED.);
#8443=VERTEX_POINT('',#9836);
#8444=CIRCLE('',#9837,0.2);
#8445=VERTEX_POINT('',#9838);
#8446=LINE('',#9839,#9840);
#8447=VERTEX_POINT('',#9841);
#8448=CIRCLE('',#9842,0.1);
#8449=VERTEX_POINT('',#9843);
#8450=CIRCLE('',#9844,0.1);
#8451=VERTEX_POINT('',#9845);
#8452=LINE('',#9846,#9847);
#8453=VERTEX_POINT('',#9848);
#8454=CIRCLE('',#9849,0.0999999999999998);
#8455=VERTEX_POINT('',#9850);
#8456=CIRCLE('',#9851,0.1);
#8457=VERTEX_POINT('',#9852);
#8458=LINE('',#9853,#9854);
#8459=CIRCLE('',#9855,0.2);
#8460=VERTEX_POINT('',#9856);
#8461=B_SPLINE_CURVE_WITH_KNOTS('',3,(#9857,#9858,#9859,#9860,#9861,#9862,#9863),.UNSPECIFIED.,.F.,.F.,(4,3,4),(0.0,0.453742625189342,1.0),.UNSPECIFIED.);
#8462=LINE('',#9864,#9865);
#8463=VERTEX_POINT('',#9866);
#8464=LINE('',#9867,#9868);
#8465=VERTEX_POINT('',#9869);
#8466=LINE('',#9870,#9871);
#8467=VERTEX_POINT('',#9872);
#8468=LINE('',#9873,#9874);
#8469=VERTEX_POINT('',#9875);
#8470=LINE('',#9876,#9877);
#8471=LINE('',#9878,#9879);
#8472=VERTEX_POINT('',#9880);
#8473=LINE('',#9881,#9882);
#8474=B_SPLINE_CURVE_WITH_KNOTS('',3,(#9883,#9884,#9885,#9886,#9887,#9888,#9889),.UNSPECIFIED.,.F.,.F.,(4,3,4),(0.0,0.453742541395348,1.0),.UNSPECIFIED.);
#8475=VERTEX_POINT('',#9890);
#8476=VERTEX_POINT('',#9891);
#8477=LINE('',#9892,#9893);
#8478=LINE('',#9894,#9895);
#8479=VERTEX_POINT('',#9896);
#8480=LINE('',#9897,#9898);
#8481=VERTEX_POINT('',#9899);
#8482=LINE('',#9900,#9901);
#8483=LINE('',#9902,#9903);
#8484=LINE('',#9904,#9905);
#8485=LINE('',#9906,#9907);
#8486=LINE('',#9908,#9909);
#8487=LINE('',#9910,#9911);
#8488=VERTEX_POINT('',#9912);
#8489=VERTEX_POINT('',#9913);
#8490=LINE('',#9914,#9915);
#8491=VERTEX_POINT('',#9916);
#8492=LINE('',#9917,#9918);
#8493=VERTEX_POINT('',#9919);
#8494=LINE('',#9920,#9921);
#8495=VERTEX_POINT('',#9922);
#8496=B_SPLINE_CURVE_WITH_KNOTS('',3,(#9923,#9924,#9925,#9926,#9927,#9928,#9929),.UNSPECIFIED.,.F.,.F.,(4,3,4),(0.0,0.419905451461542,1.0),.UNSPECIFIED.);
#8497=B_SPLINE_CURVE_WITH_KNOTS('',3,(#9930,#9931,#9932,#9933,#9934,#9935,#9936),.UNSPECIFIED.,.F.,.F.,(4,3,4),(-3.96758931776081E-05,-3.76043359508003E-05,-0.0),.UNSPECIFIED.);
#8498=VERTEX_POINT('',#9937);
#8499=B_SPLINE_CURVE_WITH_KNOTS('',3,(#9938,#9939,#9940,#9941),.UNSPECIFIED.,.F.,.F.,(4,4),(0.000275877768698362,0.00031546621551461),.UNSPECIFIED.);
#8500=B_SPLINE_CURVE_WITH_KNOTS('',3,(#9942,#9943,#9944,#9945,#9946,#9947,#9948),.UNSPECIFIED.,.F.,.F.,(4,3,4),(0.0,0.419905451461634,1.0),.UNSPECIFIED.);
#8501=VERTEX_POINT('',#9949);
#8502=LINE('',#9950,#9951);
#8503=VERTEX_POINT('',#9952);
#8504=LINE('',#9953,#9954);
#8505=LINE('',#9955,#9956);
#8506=VERTEX_POINT('',#9957);
#8507=LINE('',#9958,#9959);
#8508=VERTEX_POINT('',#9960);
#8509=LINE('',#9961,#9962);
#8510=LINE('',#9963,#9964);
#8511=VERTEX_POINT('',#9965);
#8512=LINE('',#9966,#9967);
#8513=VERTEX_POINT('',#9968);
#8514=LINE('',#9969,#9970);
#8515=LINE('',#9971,#9972);
#8516=(B_SPLINE_CURVE(3,(#9974,#9975,#9976,#9977),.UNSPECIFIED.,.F.,.F.)B_SPLINE_CURVE_WITH_KNOTS((4,4),(5.23598775598298,6.28318530717959),.UNSPECIFIED.)RATIONAL_B_SPLINE_CURVE((1.0,0.910683602522957,0.910683602522957,1.0))BOUNDED_CURVE()REPRESENTATION_ITEM('')GEOMETRIC_REPRESENTATION_ITEM()CURVE());
#8517=VERTEX_POINT('',#9984);
#8518=VERTEX_POINT('',#9985);
#8519=LINE('',#9986,#9987);
#8520=VERTEX_POINT('',#9988);
#8521=LINE('',#9989,#9990);
#8522=VERTEX_POINT('',#9991);
#8523=CIRCLE('',#9992,0.1);
#8524=VERTEX_POINT('',#9993);
#8525=LINE('',#9994,#9995);
#8526=VERTEX_POINT('',#9996);
#8527=CIRCLE('',#9997,0.1);
#8528=VERTEX_POINT('',#9998);
#8529=LINE('',#9999,#10000);
#8530=VERTEX_POINT('',#10001);
#8531=CIRCLE('',#10002,0.1);
#8532=VERTEX_POINT('',#10003);
#8533=LINE('',#10004,#10005);
#8534=VERTEX_POINT('',#10006);
#8535=CIRCLE('',#10007,0.1);
#8536=VERTEX_POINT('',#10008);
#8537=LINE('',#10009,#10010);
#8538=VERTEX_POINT('',#10011);
#8539=LINE('',#10012,#10013);
#8540=VERTEX_POINT('',#10014);
#8541=LINE('',#10015,#10016);
#8542=VERTEX_POINT('',#10017);
#8543=CIRCLE('',#10018,0.1);
#8544=VERTEX_POINT('',#10019);
#8545=LINE('',#10020,#10021);
#8546=VERTEX_POINT('',#10022);
#8547=CIRCLE('',#10023,0.1);
#8548=VERTEX_POINT('',#10024);
#8549=LINE('',#10025,#10026);
#8550=VERTEX_POINT('',#10027);
#8551=CIRCLE('',#10028,0.1);
#8552=VERTEX_POINT('',#10029);
#8553=LINE('',#10030,#10031);
#8554=VERTEX_POINT('',#10032);
#8555=CIRCLE('',#10033,0.1);
#8556=LINE('',#10034,#10035);
#8557=LINE('',#10036,#10037);
#8558=LINE('',#10038,#10039);
#8559=LINE('',#10040,#10041);
#8560=LINE('',#10042,#10043);
#8561=LINE('',#10044,#10045);
#8562=LINE('',#10046,#10047);
#8563=LINE('',#10048,#10049);
#8564=(B_SPLINE_CURVE(3,(#10051,#10052,#10053,#10054),.UNSPECIFIED.,.F.,.F.)B_SPLINE_CURVE_WITH_KNOTS((4,4),(5.23598775598298,6.28318530717959),.UNSPECIFIED.)RATIONAL_B_SPLINE_CURVE((1.0,0.910683602522957,0.910683602522957,1.0))BOUNDED_CURVE()REPRESENTATION_ITEM('')GEOMETRIC_REPRESENTATION_ITEM()CURVE());
#8565=VERTEX_POINT('',#10061);
#8566=CIRCLE('',#10062,0.1);
#8567=VERTEX_POINT('',#10063);
#8568=LINE('',#10064,#10065);
#8569=CIRCLE('',#10066,0.1);
#8570=LINE('',#10067,#10068);
#8571=LINE('',#10069,#10070);
#8572=LINE('',#10071,#10072);
#8573=VERTEX_POINT('',#10073);
#8574=CIRCLE('',#10074,0.1);
#8575=VERTEX_POINT('',#10075);
#8576=LINE('',#10076,#10077);
#8577=CIRCLE('',#10078,0.1);
#8578=VERTEX_POINT('',#10079);
#8579=VERTEX_POINT('',#10080);
#8580=LINE('',#10081,#10082);
#8581=LINE('',#10083,#10084);
#8582=LINE('',#10085,#10086);
#8583=CIRCLE('',#10087,0.1);
#8584=CIRCLE('',#10088,0.1);
#8585=VERTEX_POINT('',#10089);
#8586=LINE('',#10090,#10091);
#8587=VERTEX_POINT('',#10092);
#8588=LINE('',#10093,#10094);
#8589=LINE('',#10095,#10096);
#8590=CIRCLE('',#10097,0.1);
#8591=CIRCLE('',#10098,0.1);
#8592=VERTEX_POINT('',#10099);
#8593=VERTEX_POINT('',#10100);
#8594=LINE('',#10101,#10102);
#8595=VERTEX_POINT('',#10103);
#8596=LINE('',#10104,#10105);
#8597=VERTEX_POINT('',#10106);
#8598=LINE('',#10107,#10108);
#8599=LINE('',#10109,#10110);
#8600=VERTEX_POINT('',#10111);
#8601=LINE('',#10112,#10113);
#8602=LINE('',#10114,#10115);
#8603=(B_SPLINE_CURVE(3,(#10117,#10118,#10119,#10120),.UNSPECIFIED.,.F.,.F.)B_SPLINE_CURVE_WITH_KNOTS((4,4),(9.86638187743172E-16,1.5707963267949),.UNSPECIFIED.)RATIONAL_B_SPLINE_CURVE((1.0,0.804737854124365,0.804737854124365,1.0))BOUNDED_CURVE()REPRESENTATION_ITEM('')GEOMETRIC_REPRESENTATION_ITEM()CURVE());
#8604=CIRCLE('',#10127,0.1);
#8605=CIRCLE('',#10128,0.1);
#8606=CIRCLE('',#10129,0.1);
#8607=CIRCLE('',#10130,0.1);
#8608=CIRCLE('',#10131,0.1);
#8609=CIRCLE('',#10132,0.1);
#8610=CIRCLE('',#10133,0.1);
#8611=(B_SPLINE_CURVE(3,(#10135,#10136,#10137,#10138),.UNSPECIFIED.,.F.,.F.)B_SPLINE_CURVE_WITH_KNOTS((4,4),(4.71238898038469,6.28318530717958),.UNSPECIFIED.)RATIONAL_B_SPLINE_CURVE((1.0,0.804737854124365,0.804737854124365,1.0))BOUNDED_CURVE()REPRESENTATION_ITEM('')GEOMETRIC_REPRESENTATION_ITEM()CURVE());
#8612=CIRCLE('',#10145,0.1);
#8613=CIRCLE('',#10146,0.1);
#8614=CIRCLE('',#10147,0.1);
#8615=CIRCLE('',#10148,0.1);
#8616=CIRCLE('',#10149,0.1);
#8617=CIRCLE('',#10150,0.1);
#8618=CIRCLE('',#10151,0.1);
#8619=CIRCLE('',#10152,0.1);
#8620=CIRCLE('',#10153,0.1);
#8621=(B_SPLINE_CURVE(2,(#10155,#10156,#10157),.UNSPECIFIED.,.F.,.F.)B_SPLINE_CURVE_WITH_KNOTS((3,3),(0.0,1.0),.UNSPECIFIED.)RATIONAL_B_SPLINE_CURVE((1.0,0.980880587184466,1.0))BOUNDED_CURVE()REPRESENTATION_ITEM('')GEOMETRIC_REPRESENTATION_ITEM()CURVE());
#8622=B_SPLINE_CURVE_WITH_KNOTS('',3,(#10164,#10165,#10166,#10167),.UNSPECIFIED.,.F.,.F.,(4,4),(0.0,1.0),.UNSPECIFIED.);
#8623=CIRCLE('',#10168,0.1);
#8624=CIRCLE('',#10169,0.1);
#8625=(B_SPLINE_CURVE(2,(#10171,#10172,#10173),.UNSPECIFIED.,.F.,.F.)B_SPLINE_CURVE_WITH_KNOTS((3,3),(0.0,1.0),.UNSPECIFIED.)RATIONAL_B_SPLINE_CURVE((1.0,0.980880587184727,1.0))BOUNDED_CURVE()REPRESENTATION_ITEM('')GEOMETRIC_REPRESENTATION_ITEM()CURVE());
#8626=CIRCLE('',#10180,0.1);
#8627=B_SPLINE_CURVE_WITH_KNOTS('',3,(#10181,#10182,#10183,#10184),.UNSPECIFIED.,.F.,.F.,(4,4),(0.0,1.0),.UNSPECIFIED.);
#8628=CIRCLE('',#10185,0.0999999999999999);
#8629=VERTEX_POINT('',#10186);
#8630=LINE('',#10187,#10188);
#8631=B_SPLINE_CURVE_WITH_KNOTS('',3,(#10189,#10190,#10191,#10192,#10193,#10194,#10195),.UNSPECIFIED.,.F.,.F.,(4,3,4),(0.0,0.453742541395272,1.0),.UNSPECIFIED.);
#8632=VERTEX_POINT('',#10196);
#8633=LINE('',#10197,#10198);
#8634=VERTEX_POINT('',#10199);
#8635=LINE('',#10200,#10201);
#8636=VERTEX_POINT('',#10202);
#8637=LINE('',#10203,#10204);
#8638=VERTEX_POINT('',#10205);
#8639=LINE('',#10206,#10207);
#8640=LINE('',#10208,#10209);
#8641=VERTEX_POINT('',#10210);
#8642=LINE('',#10211,#10212);
#8643=B_SPLINE_CURVE_WITH_KNOTS('',3,(#10213,#10214,#10215,#10216,#10217,#10218,#10219),.UNSPECIFIED.,.F.,.F.,(4,3,4),(0.0,0.453742541395348,1.0),.UNSPECIFIED.);
#8644=VERTEX_POINT('',#10220);
#8645=VERTEX_POINT('',#10221);
#8646=LINE('',#10222,#10223);
#8647=VERTEX_POINT('',#10224);
#8648=LINE('',#10225,#10226);
#8649=VERTEX_POINT('',#10227);
#8650=LINE('',#10228,#10229);
#8651=LINE('',#10230,#10231);
#8652=LINE('',#10232,#10233);
#8653=LINE('',#10234,#10235);
#8654=LINE('',#10236,#10237);
#8655=LINE('',#10238,#10239);
#8656=LINE('',#10240,#10241);
#8657=VERTEX_POINT('',#10242);
#8658=VERTEX_POINT('',#10243);
#8659=LINE('',#10244,#10245);
#8660=VERTEX_POINT('',#10246);
#8661=B_SPLINE_CURVE_WITH_KNOTS('',3,(#10247,#10248,#10249,#10250,#10251,#10252,#10253),.UNSPECIFIED.,.F.,.F.,(4,3,4),(0.0,0.41990545146163,1.0),.UNSPECIFIED.);
#8662=B_SPLINE_CURVE_WITH_KNOTS('',3,(#10254,#10255,#10256,#10257,#10258,#10259,#10260),.UNSPECIFIED.,.F.,.F.,(4,3,4),(-2.07155722655336E-06,0.0,3.76043359510699E-05),.UNSPECIFIED.);
#8663=VERTEX_POINT('',#10261);
#8664=B_SPLINE_CURVE_WITH_KNOTS('',3,(#10262,#10263,#10264,#10265),.UNSPECIFIED.,.F.,.F.,(4,4),(0.000275877768698479,0.00031546621551446),.UNSPECIFIED.);
#8665=VERTEX_POINT('',#10266);
#8666=B_SPLINE_CURVE_WITH_KNOTS('',3,(#10267,#10268,#10269,#10270,#10271,#10272,#10273),.UNSPECIFIED.,.F.,.F.,(4,3,4),(0.0,0.419905451461606,1.0),.UNSPECIFIED.);
#8667=VERTEX_POINT('',#10274);
#8668=LINE('',#10275,#10276);
#8669=LINE('',#10277,#10278);
#8670=VERTEX_POINT('',#10279);
#8671=VERTEX_POINT('',#10280);
#8672=LINE('',#10281,#10282);
#8673=LINE('',#10283,#10284);
#8674=VERTEX_POINT('',#10285);
#8675=LINE('',#10286,#10287);
#8676=VERTEX_POINT('',#10288);
#8677=LINE('',#10289,#10290);
#8678=LINE('',#10291,#10292);
#8679=VERTEX_POINT('',#10293);
#8680=LINE('',#10294,#10295);
#8681=VERTEX_POINT('',#10296);
#8682=LINE('',#10297,#10298);
#8683=LINE('',#10299,#10300);
#8684=LINE('',#10301,#10302);
#8685=(B_SPLINE_CURVE(3,(#10304,#10305,#10306,#10307),.UNSPECIFIED.,.F.,.F.)B_SPLINE_CURVE_WITH_KNOTS((4,4),(5.23598775598298,6.28318530717959),.UNSPECIFIED.)RATIONAL_B_SPLINE_CURVE((1.0,0.910683602522957,0.910683602522957,1.0))BOUNDED_CURVE()REPRESENTATION_ITEM('')GEOMETRIC_REPRESENTATION_ITEM()CURVE());
#8686=LINE('',#10314,#10315);
#8687=LINE('',#10316,#10317);
#8688=LINE('',#10318,#10319);
#8689=LINE('',#10320,#10321);
#8690=LINE('',#10322,#10323);
#8691=(B_SPLINE_CURVE(3,(#10325,#10326,#10327,#10328),.UNSPECIFIED.,.F.,.F.)B_SPLINE_CURVE_WITH_KNOTS((4,4),(5.23598775598298,6.28318530717959),.UNSPECIFIED.)RATIONAL_B_SPLINE_CURVE((1.0,0.910683602522957,0.910683602522957,1.0))BOUNDED_CURVE()REPRESENTATION_ITEM('')GEOMETRIC_REPRESENTATION_ITEM()CURVE());
#8692=VERTEX_POINT('',#10335);
#8693=CIRCLE('',#10336,0.1);
#8694=VERTEX_POINT('',#10337);
#8695=LINE('',#10338,#10339);
#8696=CIRCLE('',#10340,0.1);
#8697=LINE('',#10341,#10342);
#8698=LINE('',#10343,#10344);
#8699=LINE('',#10345,#10346);
#8700=VERTEX_POINT('',#10347);
#8701=CIRCLE('',#10348,0.1);
#8702=VERTEX_POINT('',#10349);
#8703=LINE('',#10350,#10351);
#8704=CIRCLE('',#10352,0.1);
#8705=LINE('',#10353,#10354);
#8706=LINE('',#10355,#10356);
#8707=VERTEX_POINT('',#10357);
#8708=CIRCLE('',#10358,0.1);
#8709=VERTEX_POINT('',#10359);
#8710=LINE('',#10360,#10361);
#8711=CIRCLE('',#10362,0.1);
#8712=VERTEX_POINT('',#10363);
#8713=LINE('',#10364,#10365);
#8714=VERTEX_POINT('',#10366);
#8715=LINE('',#10367,#10368);
#8716=LINE('',#10369,#10370);
#8717=CIRCLE('',#10371,0.1);
#8718=CIRCLE('',#10372,0.1);
#8719=VERTEX_POINT('',#10373);
#8720=VERTEX_POINT('',#10374);
#8721=LINE('',#10375,#10376);
#8722=VERTEX_POINT('',#10377);
#8723=LINE('',#10378,#10379);
#8724=LINE('',#10380,#10381);
#8725=VERTEX_POINT('',#10382);
#8726=LINE('',#10383,#10384);
#8727=VERTEX_POINT('',#10385);
#8728=LINE('',#10386,#10387);
#8729=LINE('',#10388,#10389);
#8730=CIRCLE('',#10390,0.1);
#8731=(B_SPLINE_CURVE(3,(#10392,#10393,#10394,#10395),.UNSPECIFIED.,.F.,.F.)B_SPLINE_CURVE_WITH_KNOTS((4,4),(9.86638187743172E-16,1.5707963267949),.UNSPECIFIED.)RATIONAL_B_SPLINE_CURVE((1.0,0.804737854124365,0.804737854124365,1.0))BOUNDED_CURVE()REPRESENTATION_ITEM('')GEOMETRIC_REPRESENTATION_ITEM()CURVE());
#8732=CIRCLE('',#10402,0.1);
#8733=CIRCLE('',#10403,0.1);
#8734=CIRCLE('',#10404,0.1);
#8735=CIRCLE('',#10405,0.1);
#8736=CIRCLE('',#10406,0.1);
#8737=CIRCLE('',#10407,0.1);
#8738=(B_SPLINE_CURVE(3,(#10409,#10410,#10411,#10412),.UNSPECIFIED.,.F.,.F.)B_SPLINE_CURVE_WITH_KNOTS((4,4),(4.71238898038469,6.28318530717958),.UNSPECIFIED.)RATIONAL_B_SPLINE_CURVE((1.0,0.804737854124365,0.804737854124365,1.0))BOUNDED_CURVE()REPRESENTATION_ITEM('')GEOMETRIC_REPRESENTATION_ITEM()CURVE());
#8739=CIRCLE('',#10419,0.1);
#8740=CIRCLE('',#10420,0.1);
#8741=CIRCLE('',#10421,0.1);
#8742=CIRCLE('',#10422,0.1);
#8743=CIRCLE('',#10423,0.1);
#8744=CIRCLE('',#10424,0.1);
#8745=CIRCLE('',#10425,0.1);
#8746=CIRCLE('',#10426,0.1);
#8747=CIRCLE('',#10427,0.1);
#8748=(B_SPLINE_CURVE(2,(#10429,#10430,#10431),.UNSPECIFIED.,.F.,.F.)B_SPLINE_CURVE_WITH_KNOTS((3,3),(0.0,1.0),.UNSPECIFIED.)RATIONAL_B_SPLINE_CURVE((1.0,0.980880587184466,1.0))BOUNDED_CURVE()REPRESENTATION_ITEM('')GEOMETRIC_REPRESENTATION_ITEM()CURVE());
#8749=B_SPLINE_CURVE_WITH_KNOTS('',3,(#10438,#10439,#10440,#10441),.UNSPECIFIED.,.F.,.F.,(4,4),(0.0,1.0),.UNSPECIFIED.);
#8750=CIRCLE('',#10442,0.1);
#8751=CIRCLE('',#10443,0.1);
#8752=(B_SPLINE_CURVE(2,(#10445,#10446,#10447),.UNSPECIFIED.,.F.,.F.)B_SPLINE_CURVE_WITH_KNOTS((3,3),(0.0,0.999999999999992),.UNSPECIFIED.)RATIONAL_B_SPLINE_CURVE((1.0,0.980880587184727,1.0))BOUNDED_CURVE()REPRESENTATION_ITEM('')GEOMETRIC_REPRESENTATION_ITEM()CURVE());
#8753=CIRCLE('',#10454,0.1);
#8754=B_SPLINE_CURVE_WITH_KNOTS('',3,(#10455,#10456,#10457,#10458),.UNSPECIFIED.,.F.,.F.,(4,4),(0.0,1.0),.UNSPECIFIED.);
#8755=CIRCLE('',#10459,0.0999999999999999);
#8756=VERTEX_POINT('',#10460);
#8757=LINE('',#10461,#10462);
#8758=B_SPLINE_CURVE_WITH_KNOTS('',3,(#10463,#10464,#10465,#10466,#10467,#10468,#10469),.UNSPECIFIED.,.F.,.F.,(4,3,4),(0.0,0.453742541395272,1.0),.UNSPECIFIED.);
#8759=VERTEX_POINT('',#10470);
#8760=LINE('',#10471,#10472);
#8761=VERTEX_POINT('',#10473);
#8762=LINE('',#10474,#10475);
#8763=VERTEX_POINT('',#10476);
#8764=LINE('',#10477,#10478);
#8765=VERTEX_POINT('',#10479);
#8766=LINE('',#10480,#10481);
#8767=LINE('',#10482,#10483);
#8768=VERTEX_POINT('',#10484);
#8769=LINE('',#10485,#10486);
#8770=B_SPLINE_CURVE_WITH_KNOTS('',3,(#10487,#10488,#10489,#10490,#10491,#10492,#10493),.UNSPECIFIED.,.F.,.F.,(4,3,4),(0.0,0.453742625189506,1.0),.UNSPECIFIED.);
#8771=VERTEX_POINT('',#10494);
#8772=VERTEX_POINT('',#10495);
#8773=LINE('',#10496,#10497);
#8774=VERTEX_POINT('',#10498);
#8775=LINE('',#10499,#10500);
#8776=VERTEX_POINT('',#10501);
#8777=LINE('',#10502,#10503);
#8778=LINE('',#10504,#10505);
#8779=LINE('',#10506,#10507);
#8780=LINE('',#10508,#10509);
#8781=LINE('',#10510,#10511);
#8782=LINE('',#10512,#10513);
#8783=LINE('',#10514,#10515);
#8784=VERTEX_POINT('',#10516);
#8785=VERTEX_POINT('',#10517);
#8786=LINE('',#10518,#10519);
#8787=VERTEX_POINT('',#10520);
#8788=B_SPLINE_CURVE_WITH_KNOTS('',3,(#10521,#10522,#10523,#10524,#10525,#10526,#10527),.UNSPECIFIED.,.F.,.F.,(4,3,4),(0.0,0.419905451461628,1.0),.UNSPECIFIED.);
#8789=B_SPLINE_CURVE_WITH_KNOTS('',3,(#10528,#10529,#10530,#10531,#10532,#10533,#10534),.UNSPECIFIED.,.F.,.F.,(4,3,4),(-2.07155722655336E-06,0.0,3.76043359510699E-05),.UNSPECIFIED.);
#8790=VERTEX_POINT('',#10535);
#8791=B_SPLINE_CURVE_WITH_KNOTS('',3,(#10536,#10537,#10538,#10539),.UNSPECIFIED.,.F.,.F.,(4,4),(0.000275877768698479,0.00031546621551446),.UNSPECIFIED.);
#8792=VERTEX_POINT('',#10540);
#8793=B_SPLINE_CURVE_WITH_KNOTS('',3,(#10541,#10542,#10543,#10544,#10545,#10546,#10547),.UNSPECIFIED.,.F.,.F.,(4,3,4),(0.0,0.419905451461609,1.0),.UNSPECIFIED.);
#8794=VERTEX_POINT('',#10548);
#8795=LINE('',#10549,#10550);
#8796=LINE('',#10551,#10552);
#8797=LINE('',#10553,#10554);
#8798=LINE('',#10555,#10556);
#8799=LINE('',#10557,#10558);
#8800=LINE('',#10559,#10560);
#8801=LINE('',#10561,#10562);
#8802=VERTEX_POINT('',#10563);
#8803=CIRCLE('',#10564,0.1);
#8804=VERTEX_POINT('',#10565);
#8805=LINE('',#10566,#10567);
#8806=CIRCLE('',#10568,0.1);
#8807=LINE('',#10569,#10570);
#8808=LINE('',#10571,#10572);
#8809=LINE('',#10573,#10574);
#8810=VERTEX_POINT('',#10575);
#8811=CIRCLE('',#10576,0.1);
#8812=VERTEX_POINT('',#10577);
#8813=LINE('',#10578,#10579);
#8814=CIRCLE('',#10580,0.1);
#8815=LINE('',#10581,#10582);
#8816=LINE('',#10583,#10584);
#8817=VERTEX_POINT('',#10585);
#8818=CIRCLE('',#10586,0.1);
#8819=VERTEX_POINT('',#10587);
#8820=LINE('',#10588,#10589);
#8821=CIRCLE('',#10590,0.1);
#8822=VERTEX_POINT('',#10591);
#8823=LINE('',#10592,#10593);
#8824=VERTEX_POINT('',#10594);
#8825=LINE('',#10595,#10596);
#8826=LINE('',#10597,#10598);
#8827=CIRCLE('',#10599,0.1);
#8828=CIRCLE('',#10600,0.1);
#8829=VERTEX_POINT('',#10601);
#8830=VERTEX_POINT('',#10602);
#8831=LINE('',#10603,#10604);
#8832=VERTEX_POINT('',#10605);
#8833=LINE('',#10606,#10607);
#8834=LINE('',#10608,#10609);
#8835=VERTEX_POINT('',#10610);
#8836=LINE('',#10611,#10612);
#8837=VERTEX_POINT('',#10613);
#8838=LINE('',#10614,#10615);
#8839=LINE('',#10616,#10617);
#8840=CIRCLE('',#10618,0.1);
#8841=(B_SPLINE_CURVE(3,(#10620,#10621,#10622,#10623),.UNSPECIFIED.,.F.,.F.)B_SPLINE_CURVE_WITH_KNOTS((4,4),(9.86638187743172E-16,1.5707963267949),.UNSPECIFIED.)RATIONAL_B_SPLINE_CURVE((1.0,0.804737854124365,0.804737854124365,1.0))BOUNDED_CURVE()REPRESENTATION_ITEM('')GEOMETRIC_REPRESENTATION_ITEM()CURVE());
#8842=CIRCLE('',#10630,0.1);
#8843=CIRCLE('',#10631,0.1);
#8844=CIRCLE('',#10632,0.1);
#8845=CIRCLE('',#10633,0.1);
#8846=CIRCLE('',#10634,0.1);
#8847=CIRCLE('',#10635,0.1);
#8848=(B_SPLINE_CURVE(3,(#10637,#10638,#10639,#10640),.UNSPECIFIED.,.F.,.F.)B_SPLINE_CURVE_WITH_KNOTS((4,4),(4.71238898038469,6.28318530717958),.UNSPECIFIED.)RATIONAL_B_SPLINE_CURVE((1.0,0.804737854124365,0.804737854124365,1.0))BOUNDED_CURVE()REPRESENTATION_ITEM('')GEOMETRIC_REPRESENTATION_ITEM()CURVE());
#8849=CIRCLE('',#10647,0.1);
#8850=CIRCLE('',#10648,0.1);
#8851=CIRCLE('',#10649,0.1);
#8852=CIRCLE('',#10650,0.1);
#8853=CIRCLE('',#10651,0.1);
#8854=CIRCLE('',#10652,0.1);
#8855=CIRCLE('',#10653,0.1);
#8856=CIRCLE('',#10654,0.1);
#8857=CIRCLE('',#10655,0.1);
#8858=(B_SPLINE_CURVE(2,(#10657,#10658,#10659),.UNSPECIFIED.,.F.,.F.)B_SPLINE_CURVE_WITH_KNOTS((3,3),(0.0,1.0),.UNSPECIFIED.)RATIONAL_B_SPLINE_CURVE((1.0,0.980880587184466,1.0))BOUNDED_CURVE()REPRESENTATION_ITEM('')GEOMETRIC_REPRESENTATION_ITEM()CURVE());
#8859=B_SPLINE_CURVE_WITH_KNOTS('',3,(#10666,#10667,#10668,#10669),.UNSPECIFIED.,.F.,.F.,(4,4),(0.0,1.0),.UNSPECIFIED.);
#8860=CIRCLE('',#10670,0.1);
#8861=CIRCLE('',#10671,0.1);
#8862=(B_SPLINE_CURVE(2,(#10673,#10674,#10675),.UNSPECIFIED.,.F.,.F.)B_SPLINE_CURVE_WITH_KNOTS((3,3),(0.0,0.999999999999992),.UNSPECIFIED.)RATIONAL_B_SPLINE_CURVE((1.0,0.980880587184727,1.0))BOUNDED_CURVE()REPRESENTATION_ITEM('')GEOMETRIC_REPRESENTATION_ITEM()CURVE());
#8863=CIRCLE('',#10682,0.1);
#8864=B_SPLINE_CURVE_WITH_KNOTS('',3,(#10683,#10684,#10685,#10686),.UNSPECIFIED.,.F.,.F.,(4,4),(0.0,1.0),.UNSPECIFIED.);
#8865=CIRCLE('',#10687,0.0999999999999999);
#8866=VERTEX_POINT('',#10688);
#8867=B_SPLINE_CURVE_WITH_KNOTS('',3,(#10689,#10690,#10691,#10692,#10693,#10694,#10695),.UNSPECIFIED.,.F.,.F.,(4,3,4),(0.0,0.453742625189342,1.0),.UNSPECIFIED.);
#8868=LINE('',#10696,#10697);
#8869=VERTEX_POINT('',#10698);
#8870=LINE('',#10699,#10700);
#8871=VERTEX_POINT('',#10701);
#8872=LINE('',#10702,#10703);
#8873=VERTEX_POINT('',#10704);
#8874=LINE('',#10705,#10706);
#8875=VERTEX_POINT('',#10707);
#8876=LINE('',#10708,#10709);
#8877=LINE('',#10710,#10711);
#8878=VERTEX_POINT('',#10712);
#8879=LINE('',#10713,#10714);
#8880=B_SPLINE_CURVE_WITH_KNOTS('',3,(#10715,#10716,#10717,#10718,#10719,#10720,#10721),.UNSPECIFIED.,.F.,.F.,(4,3,4),(0.0,0.453742541395348,1.0),.UNSPECIFIED.);
#8881=VERTEX_POINT('',#10722);
#8882=VERTEX_POINT('',#10723);
#8883=LINE('',#10724,#10725);
#8884=LINE('',#10726,#10727);
#8885=VERTEX_POINT('',#10728);
#8886=LINE('',#10729,#10730);
#8887=VERTEX_POINT('',#10731);
#8888=LINE('',#10732,#10733);
#8889=LINE('',#10734,#10735);
#8890=LINE('',#10736,#10737);
#8891=LINE('',#10738,#10739);
#8892=LINE('',#10740,#10741);
#8893=LINE('',#10742,#10743);
#8894=VERTEX_POINT('',#10744);
#8895=VERTEX_POINT('',#10745);
#8896=LINE('',#10746,#10747);
#8897=VERTEX_POINT('',#10748);
#8898=LINE('',#10749,#10750);
#8899=VERTEX_POINT('',#10751);
#8900=LINE('',#10752,#10753);
#8901=VERTEX_POINT('',#10754);
#8902=B_SPLINE_CURVE_WITH_KNOTS('',3,(#10755,#10756,#10757,#10758,#10759,#10760,#10761),.UNSPECIFIED.,.F.,.F.,(4,3,4),(0.0,0.419905451461542,1.0),.UNSPECIFIED.);
#8903=B_SPLINE_CURVE_WITH_KNOTS('',3,(#10762,#10763,#10764,#10765,#10766,#10767,#10768),.UNSPECIFIED.,.F.,.F.,(4,3,4),(-3.96758931776081E-05,-3.76043359508003E-05,-0.0),.UNSPECIFIED.);
#8904=VERTEX_POINT('',#10769);
#8905=B_SPLINE_CURVE_WITH_KNOTS('',3,(#10770,#10771,#10772,#10773),.UNSPECIFIED.,.F.,.F.,(4,4),(0.000275877768698362,0.00031546621551461),.UNSPECIFIED.);
#8906=B_SPLINE_CURVE_WITH_KNOTS('',3,(#10774,#10775,#10776,#10777,#10778,#10779,#10780),.UNSPECIFIED.,.F.,.F.,(4,3,4),(0.0,0.419905451461634,1.0),.UNSPECIFIED.);
#8907=LINE('',#10781,#10782);
#8908=LINE('',#10783,#10784);
#8909=LINE('',#10785,#10786);
#8910=VERTEX_POINT('',#10787);
#8911=CIRCLE('',#10788,0.1);
#8912=VERTEX_POINT('',#10789);
#8913=LINE('',#10790,#10791);
#8914=CIRCLE('',#10792,0.1);
#8915=LINE('',#10793,#10794);
#8916=LINE('',#10795,#10796);
#8917=LINE('',#10797,#10798);
#8918=VERTEX_POINT('',#10799);
#8919=CIRCLE('',#10800,0.1);
#8920=VERTEX_POINT('',#10801);
#8921=LINE('',#10802,#10803);
#8922=CIRCLE('',#10804,0.1);
#8923=VERTEX_POINT('',#10805);
#8924=VERTEX_POINT('',#10806);
#8925=LINE('',#10807,#10808);
#8926=LINE('',#10809,#10810);
#8927=LINE('',#10811,#10812);
#8928=CIRCLE('',#10813,0.1);
#8929=CIRCLE('',#10814,0.1);
#8930=VERTEX_POINT('',#10815);
#8931=LINE('',#10816,#10817);
#8932=VERTEX_POINT('',#10818);
#8933=LINE('',#10819,#10820);
#8934=LINE('',#10821,#10822);
#8935=CIRCLE('',#10823,0.1);
#8936=CIRCLE('',#10824,0.1);
#8937=VERTEX_POINT('',#10825);
#8938=VERTEX_POINT('',#10826);
#8939=LINE('',#10827,#10828);
#8940=VERTEX_POINT('',#10829);
#8941=LINE('',#10830,#10831);
#8942=VERTEX_POINT('',#10832);
#8943=LINE('',#10833,#10834);
#8944=LINE('',#10835,#10836);
#8945=VERTEX_POINT('',#10837);
#8946=LINE('',#10838,#10839);
#8947=LINE('',#10840,#10841);
#8948=(B_SPLINE_CURVE(3,(#10843,#10844,#10845,#10846),.UNSPECIFIED.,.F.,.F.)B_SPLINE_CURVE_WITH_KNOTS((4,4),(9.86638187743172E-16,1.5707963267949),.UNSPECIFIED.)RATIONAL_B_SPLINE_CURVE((1.0,0.804737854124365,0.804737854124365,1.0))BOUNDED_CURVE()REPRESENTATION_ITEM('')GEOMETRIC_REPRESENTATION_ITEM()CURVE());
#8949=CIRCLE('',#10853,0.1);
#8950=CIRCLE('',#10854,0.1);
#8951=CIRCLE('',#10855,0.1);
#8952=CIRCLE('',#10856,0.1);
#8953=CIRCLE('',#10857,0.1);
#8954=CIRCLE('',#10858,0.1);
#8955=CIRCLE('',#10859,0.1);
#8956=(B_SPLINE_CURVE(3,(#10861,#10862,#10863,#10864),.UNSPECIFIED.,.F.,.F.)B_SPLINE_CURVE_WITH_KNOTS((4,4),(4.71238898038469,6.28318530717958),.UNSPECIFIED.)RATIONAL_B_SPLINE_CURVE((1.0,0.804737854124365,0.804737854124365,1.0))BOUNDED_CURVE()REPRESENTATION_ITEM('')GEOMETRIC_REPRESENTATION_ITEM()CURVE());
#8957=CIRCLE('',#10871,0.1);
#8958=CIRCLE('',#10872,0.1);
#8959=CIRCLE('',#10873,0.1);
#8960=CIRCLE('',#10874,0.1);
#8961=CIRCLE('',#10875,0.1);
#8962=CIRCLE('',#10876,0.1);
#8963=CIRCLE('',#10877,0.1);
#8964=CIRCLE('',#10878,0.1);
#8965=CIRCLE('',#10879,0.1);
#8966=(B_SPLINE_CURVE(2,(#10881,#10882,#10883),.UNSPECIFIED.,.F.,.F.)B_SPLINE_CURVE_WITH_KNOTS((3,3),(0.0,1.0),.UNSPECIFIED.)RATIONAL_B_SPLINE_CURVE((1.0,0.980880587184466,1.0))BOUNDED_CURVE()REPRESENTATION_ITEM('')GEOMETRIC_REPRESENTATION_ITEM()CURVE());
#8967=B_SPLINE_CURVE_WITH_KNOTS('',3,(#10890,#10891,#10892,#10893),.UNSPECIFIED.,.F.,.F.,(4,4),(0.0,1.0),.UNSPECIFIED.);
#8968=CIRCLE('',#10894,0.1);
#8969=CIRCLE('',#10895,0.1);
#8970=(B_SPLINE_CURVE(2,(#10897,#10898,#10899),.UNSPECIFIED.,.F.,.F.)B_SPLINE_CURVE_WITH_KNOTS((3,3),(0.0,1.0),.UNSPECIFIED.)RATIONAL_B_SPLINE_CURVE((1.0,0.980880587184727,1.0))BOUNDED_CURVE()REPRESENTATION_ITEM('')GEOMETRIC_REPRESENTATION_ITEM()CURVE());
#8971=CIRCLE('',#10906,0.1);
#8972=B_SPLINE_CURVE_WITH_KNOTS('',3,(#10907,#10908,#10909,#10910),.UNSPECIFIED.,.F.,.F.,(4,4),(0.0,1.0),.UNSPECIFIED.);
#8973=CIRCLE('',#10911,0.0999999999999999);
#8974=VERTEX_POINT('',#10912);
#8975=VERTEX_POINT('',#10913);
#8976=LINE('',#10914,#10915);
#8977=VERTEX_POINT('',#10916);
#8978=LINE('',#10917,#10918);
#8979=VERTEX_POINT('',#10919);
#8980=LINE('',#10920,#10921);
#8981=LINE('',#10922,#10923);
#8982=VERTEX_POINT('',#10924);
#8983=LINE('',#10925,#10926);
#8984=VERTEX_POINT('',#10927);
#8985=LINE('',#10928,#10929);
#8986=LINE('',#10930,#10931);
#8987=VERTEX_POINT('',#10932);
#8988=LINE('',#10933,#10934);
#8989=CIRCLE('',#10935,0.110000001469985);
#8990=CIRCLE('',#10936,0.0100000023577919);
#8991=CIRCLE('',#10937,0.110000001469985);
#8992=VERTEX_POINT('',#10938);
#8993=LINE('',#10939,#10940);
#8994=CIRCLE('',#10941,0.0100000023577919);
#8995=LINE('',#10942,#10943);
#8996=VERTEX_POINT('',#10944);
#8997=CIRCLE('',#10945,0.110000001469985);
#8998=VERTEX_POINT('',#10946);
#8999=LINE('',#10947,#10948);
#9000=VERTEX_POINT('',#10949);
#9001=LINE('',#10950,#10951);
#9002=VERTEX_POINT('',#10952);
#9003=LINE('',#10953,#10954);
#9004=CIRCLE('',#10955,0.0100000023577919);
#9005=VERTEX_POINT('',#10956);
#9006=CIRCLE('',#10957,0.0100000023577919);
#9007=VERTEX_POINT('',#10958);
#9008=LINE('',#10959,#10960);
#9009=VERTEX_POINT('',#10961);
#9010=LINE('',#10962,#10963);
#9011=VERTEX_POINT('',#10964);
#9012=LINE('',#10965,#10966);
#9013=CIRCLE('',#10967,0.110000001469985);
#9014=LINE('',#10968,#10969);
#9015=LINE('',#10970,#10971);
#9016=LINE('',#10972,#10973);
#9017=LINE('',#10974,#10975);
#9018=VERTEX_POINT('',#10976);
#9019=VERTEX_POINT('',#10977);
#9020=LINE('',#10978,#10979);
#9021=VERTEX_POINT('',#10980);
#9022=LINE('',#10981,#10982);
#9023=VERTEX_POINT('',#10983);
#9024=LINE('',#10984,#10985);
#9025=LINE('',#10986,#10987);
#9026=VERTEX_POINT('',#10988);
#9027=LINE('',#10989,#10990);
#9028=VERTEX_POINT('',#10991);
#9029=LINE('',#10992,#10993);
#9030=LINE('',#10994,#10995);
#9031=VERTEX_POINT('',#10996);
#9032=LINE('',#10997,#10998);
#9033=CIRCLE('',#10999,0.110000001469985);
#9034=CIRCLE('',#11000,0.0100000023577919);
#9035=CIRCLE('',#11001,0.110000001469985);
#9036=VERTEX_POINT('',#11002);
#9037=LINE('',#11003,#11004);
#9038=CIRCLE('',#11005,0.0100000023577919);
#9039=LINE('',#11006,#11007);
#9040=VERTEX_POINT('',#11008);
#9041=CIRCLE('',#11009,0.110000001469985);
#9042=VERTEX_POINT('',#11010);
#9043=LINE('',#11011,#11012);
#9044=VERTEX_POINT('',#11013);
#9045=LINE('',#11014,#11015);
#9046=VERTEX_POINT('',#11016);
#9047=LINE('',#11017,#11018);
#9048=CIRCLE('',#11019,0.0100000023577919);
#9049=VERTEX_POINT('',#11020);
#9050=CIRCLE('',#11021,0.0100000023577919);
#9051=VERTEX_POINT('',#11022);
#9052=LINE('',#11023,#11024);
#9053=VERTEX_POINT('',#11025);
#9054=LINE('',#11026,#11027);
#9055=VERTEX_POINT('',#11028);
#9056=LINE('',#11029,#11030);
#9057=CIRCLE('',#11031,0.110000001469985);
#9058=LINE('',#11032,#11033);
#9059=LINE('',#11034,#11035);
#9060=LINE('',#11036,#11037);
#9061=LINE('',#11038,#11039);
#9062=CARTESIAN_POINT('',(-1.31088311754569,1.85,1.37612265096319));
#9063=CARTESIAN_POINT('',(-1.21088311754569,1.75,1.37612265096319));
#9064=AXIS2_PLACEMENT_3D('',#11040,#11041,#11042);
#9065=CARTESIAN_POINT('',(-1.24017243942703,1.75,1.44683332908185));
#9066=AXIS2_PLACEMENT_3D('',#11043,#11044,#11045);
#9067=AXIS2_PLACEMENT_3D('',#11046,#11047,#11048);
#9068=CARTESIAN_POINT('',(-1.21088311754569,1.65,1.37612265096319));
#9069=CARTESIAN_POINT('',(-1.31088311754569,1.55,1.37612265096319));
#9070=AXIS2_PLACEMENT_3D('',#11049,#11050,#11051);
#9071=CARTESIAN_POINT('',(-1.24017243942703,1.65,1.44683332908185));
#9072=AXIS2_PLACEMENT_3D('',#11052,#11053,#11054);
#9073=AXIS2_PLACEMENT_3D('',#11055,#11056,#11057);
#9074=CARTESIAN_POINT('',(-1.87656854249492,1.65,0.710437226013957));
#9075=CARTESIAN_POINT('',(-1.87656854249492,1.75,0.710437226013957));
#9076=CARTESIAN_POINT('',(-1.87656854249492,1.7,0.710437226013957));
#9077=VECTOR('',#11058,1.0);
#9078=CARTESIAN_POINT('',(-1.94727922061358,1.65,0.739726547895303));
#9079=AXIS2_PLACEMENT_3D('',#11059,#11060,#11061);
#9080=CARTESIAN_POINT('',(-1.94727922061358,1.75,0.739726547895303));
#9081=CARTESIAN_POINT('',(-1.94727922061358,1.85,0.739726547895303));
#9082=VECTOR('',#11062,1000.0);
#9083=AXIS2_PLACEMENT_3D('',#11063,#11064,#11065);
#9084=CARTESIAN_POINT('',(1.21088311754569,1.75,1.37612265096319));
#9085=CARTESIAN_POINT('',(1.31088311754569,1.85,1.37612265096319));
#9086=AXIS2_PLACEMENT_3D('',#11066,#11067,#11068);
#9087=CARTESIAN_POINT('',(1.24017243942703,1.75,1.44683332908185));
#9088=AXIS2_PLACEMENT_3D('',#11069,#11070,#11071);
#9089=AXIS2_PLACEMENT_3D('',#11072,#11073,#11074);
#9090=CARTESIAN_POINT('',(1.31088311754569,1.55,1.37612265096319));
#9091=CARTESIAN_POINT('',(1.21088311754569,1.65,1.37612265096319));
#9092=AXIS2_PLACEMENT_3D('',#11075,#11076,#11077);
#9093=CARTESIAN_POINT('',(1.24017243942703,1.65,1.44683332908185));
#9094=AXIS2_PLACEMENT_3D('',#11078,#11079,#11080);
#9095=AXIS2_PLACEMENT_3D('',#11081,#11082,#11083);
#9096=CARTESIAN_POINT('',(1.87656854249492,1.65,0.710437226013957));
#9097=CARTESIAN_POINT('',(1.87656854249492,1.75,0.710437226013957));
#9098=CARTESIAN_POINT('',(1.87656854249492,1.7,0.710437226013957));
#9099=VECTOR('',#11084,1.0);
#9100=CARTESIAN_POINT('',(1.80585786437627,1.65,0.739726547895302));
#9101=AXIS2_PLACEMENT_3D('',#11085,#11086,#11087);
#9102=CARTESIAN_POINT('',(1.80585786437627,1.75,0.739726547895302));
#9103=CARTESIAN_POINT('',(1.80585786437627,1.85,0.739726547895302));
#9104=VECTOR('',#11088,1000.0);
#9105=AXIS2_PLACEMENT_3D('',#11089,#11090,#11091);
#9106=CARTESIAN_POINT('',(-1.21088311754569,1.75,-1.37612265096319));
#9107=CARTESIAN_POINT('',(-1.31088311754569,1.85,-1.37612265096319));
#9108=AXIS2_PLACEMENT_3D('',#11092,#11093,#11094);
#9109=CARTESIAN_POINT('',(-1.24017243942703,1.75,-1.44683332908185));
#9110=AXIS2_PLACEMENT_3D('',#11095,#11096,#11097);
#9111=AXIS2_PLACEMENT_3D('',#11098,#11099,#11100);
#9112=CARTESIAN_POINT('',(-1.31088311754569,1.55,-1.37612265096319));
#9113=CARTESIAN_POINT('',(-1.21088311754569,1.65,-1.37612265096319));
#9114=AXIS2_PLACEMENT_3D('',#11101,#11102,#11103);
#9115=CARTESIAN_POINT('',(-1.24017243942703,1.65,-1.44683332908185));
#9116=AXIS2_PLACEMENT_3D('',#11104,#11105,#11106);
#9117=AXIS2_PLACEMENT_3D('',#11107,#11108,#11109);
#9118=CARTESIAN_POINT('',(-1.87656854249492,1.65,-0.710437226013957));
#9119=CARTESIAN_POINT('',(-1.87656854249492,1.75,-0.710437226013957));
#9120=CARTESIAN_POINT('',(-1.87656854249492,1.7,-0.710437226013957));
#9121=VECTOR('',#11110,1.0);
#9122=CARTESIAN_POINT('',(-1.80585786437627,1.65,-0.739726547895302));
#9123=AXIS2_PLACEMENT_3D('',#11111,#11112,#11113);
#9124=CARTESIAN_POINT('',(-1.80585786437627,1.75,-0.739726547895302));
#9125=CARTESIAN_POINT('',(-1.80585786437627,1.85,-0.739726547895302));
#9126=VECTOR('',#11114,1000.0);
#9127=AXIS2_PLACEMENT_3D('',#11115,#11116,#11117);
#9128=CARTESIAN_POINT('',(1.31088311754569,1.85,-1.37612265096319));
#9129=CARTESIAN_POINT('',(1.21088311754569,1.75,-1.37612265096319));
#9130=AXIS2_PLACEMENT_3D('',#11118,#11119,#11120);
#9131=CARTESIAN_POINT('',(1.24017243942703,1.75,-1.44683332908185));
#9132=AXIS2_PLACEMENT_3D('',#11121,#11122,#11123);
#9133=AXIS2_PLACEMENT_3D('',#11124,#11125,#11126);
#9134=CARTESIAN_POINT('',(1.21088311754569,1.65,-1.37612265096319));
#9135=CARTESIAN_POINT('',(1.31088311754569,1.55,-1.37612265096319));
#9136=AXIS2_PLACEMENT_3D('',#11127,#11128,#11129);
#9137=CARTESIAN_POINT('',(1.24017243942703,1.65,-1.44683332908185));
#9138=AXIS2_PLACEMENT_3D('',#11130,#11131,#11132);
#9139=AXIS2_PLACEMENT_3D('',#11133,#11134,#11135);
#9140=CARTESIAN_POINT('',(1.87656854249492,1.65,-0.710437226013957));
#9141=CARTESIAN_POINT('',(1.87656854249492,1.75,-0.710437226013957));
#9142=CARTESIAN_POINT('',(1.87656854249492,1.7,-0.710437226013957));
#9143=VECTOR('',#11136,1.0);
#9144=CARTESIAN_POINT('',(1.94727922061358,1.65,-0.739726547895303));
#9145=AXIS2_PLACEMENT_3D('',#11137,#11138,#11139);
#9146=CARTESIAN_POINT('',(1.94727922061358,1.75,-0.739726547895303));
#9147=CARTESIAN_POINT('',(1.94727922061358,1.85,-0.739726547895303));
#9148=VECTOR('',#11140,1000.0);
#9149=AXIS2_PLACEMENT_3D('',#11141,#11142,#11143);
#9150=CARTESIAN_POINT('',(1.36,1.55,-1.6));
#9151=CARTESIAN_POINT('',(1.36,1.45,-1.6));
#9152=CARTESIAN_POINT('',(1.36,1.55,-1.6));
#9153=VECTOR('',#11144,1000.0);
#9154=CARTESIAN_POINT('',(2.0,1.45,-1.6));
#9155=CARTESIAN_POINT('',(0.0,1.45,-1.6));
#9156=VECTOR('',#11145,1000.0);
#9157=CARTESIAN_POINT('',(2.0,0.07,-1.6));
#9158=CARTESIAN_POINT('',(2.0,1.45,-1.6));
#9159=VECTOR('',#11146,1000.0);
#9160=CARTESIAN_POINT('',(-2.0,0.07,-1.6));
#9161=CARTESIAN_POINT('',(0.0,0.07,-1.6));
#9162=VECTOR('',#11147,1000.0);
#9163=CARTESIAN_POINT('',(-2.0,1.45,-1.6));
#9164=CARTESIAN_POINT('',(-2.0,1.45,-1.6));
#9165=VECTOR('',#11148,1000.0);
#9166=CARTESIAN_POINT('',(-1.36,1.45,-1.6));
#9167=CARTESIAN_POINT('',(0.0,1.45,-1.6));
#9168=VECTOR('',#11149,1000.0);
#9169=CARTESIAN_POINT('',(-1.36,1.55,-1.6));
#9170=CARTESIAN_POINT('',(-1.36,1.55,-1.6));
#9171=VECTOR('',#11150,1000.0);
#9172=CARTESIAN_POINT('',(-1.36,1.55,-1.6));
#9173=VECTOR('',#11151,1000.0);
#9174=CARTESIAN_POINT('',(-1.36,1.55,1.6));
#9175=CARTESIAN_POINT('',(-1.36,1.45,1.6));
#9176=CARTESIAN_POINT('',(-1.36,1.55,1.6));
#9177=VECTOR('',#11152,1000.0);
#9178=CARTESIAN_POINT('',(-2.0,1.45,1.6));
#9179=CARTESIAN_POINT('',(0.0,1.45,1.6));
#9180=VECTOR('',#11153,1000.0);
#9181=CARTESIAN_POINT('',(-2.0,0.07,1.6));
#9182=CARTESIAN_POINT('',(-2.0,1.45,1.6));
#9183=VECTOR('',#11154,1000.0);
#9184=CARTESIAN_POINT('',(2.0,0.07,1.6));
#9185=CARTESIAN_POINT('',(0.0,0.07,1.6));
#9186=VECTOR('',#11155,1000.0);
#9187=CARTESIAN_POINT('',(2.0,1.45,1.6));
#9188=CARTESIAN_POINT('',(2.0,1.45,1.6));
#9189=VECTOR('',#11156,1000.0);
#9190=CARTESIAN_POINT('',(1.36,1.45,1.6));
#9191=CARTESIAN_POINT('',(0.0,1.45,1.6));
#9192=VECTOR('',#11157,1000.0);
#9193=CARTESIAN_POINT('',(1.36,1.55,1.6));
#9194=CARTESIAN_POINT('',(1.36,1.55,1.6));
#9195=VECTOR('',#11158,1000.0);
#9196=CARTESIAN_POINT('',(-1.36,1.55,1.6));
#9197=VECTOR('',#11159,1000.0);
#9198=CARTESIAN_POINT('',(-2.1,0.0700000000000006,-0.795));
#9199=CARTESIAN_POINT('',(-2.1,0.0700000000000006,-1.355));
#9200=CARTESIAN_POINT('',(-2.1,0.0700000000000006,-0.84357864376269));
#9201=VECTOR('',#11160,1000.0);
#9202=CARTESIAN_POINT('',(-2.1,0.07,-1.5));
#9203=CARTESIAN_POINT('',(-2.1,0.07,0.0));
#9204=VECTOR('',#11161,1000.0);
#9205=AXIS2_PLACEMENT_3D('',#11162,#11163,#11164);
#9206=CARTESIAN_POINT('',(2.1,0.07,-1.5));
#9207=AXIS2_PLACEMENT_3D('',#11165,#11166,#11167);
#9208=CARTESIAN_POINT('',(2.1,0.0700000000000006,-1.355));
#9209=CARTESIAN_POINT('',(2.1,0.07,0.0));
#9210=VECTOR('',#11168,1000.0);
#9211=CARTESIAN_POINT('',(2.1,0.0700000000000006,-0.795));
#9212=CARTESIAN_POINT('',(2.1,0.0700000000000006,-0.84357864376269));
#9213=VECTOR('',#11169,1000.0);
#9214=CARTESIAN_POINT('',(2.1,0.0700000000000006,0.795));
#9215=CARTESIAN_POINT('',(2.1,0.07,0.0));
#9216=VECTOR('',#11170,1000.0);
#9217=CARTESIAN_POINT('',(2.1,0.0700000000000006,1.355));
#9218=CARTESIAN_POINT('',(2.1,0.0700000000000006,-0.1));
#9219=VECTOR('',#11171,1000.0);
#9220=CARTESIAN_POINT('',(2.1,0.07,1.5));
#9221=CARTESIAN_POINT('',(2.1,0.07,0.0));
#9222=VECTOR('',#11172,1000.0);
#9223=AXIS2_PLACEMENT_3D('',#11173,#11174,#11175);
#9224=CARTESIAN_POINT('',(-2.1,0.07,1.5));
#9225=AXIS2_PLACEMENT_3D('',#11176,#11177,#11178);
#9226=CARTESIAN_POINT('',(-2.1,0.0700000000000006,1.355));
#9227=CARTESIAN_POINT('',(-2.1,0.07,0.0));
#9228=VECTOR('',#11179,1000.0);
#9229=CARTESIAN_POINT('',(-2.1,0.0700000000000006,0.795));
#9230=CARTESIAN_POINT('',(-2.1,0.0700000000000006,-0.0999999999999996));
#9231=VECTOR('',#11180,1000.0);
#9232=CARTESIAN_POINT('',(-2.1,0.07,0.0));
#9233=VECTOR('',#11181,1000.0);
#9234=CARTESIAN_POINT('',(-1.5,0.07,0.650000000000001));
#9235=CARTESIAN_POINT('',(-1.5,0.07,1.45));
#9236=CARTESIAN_POINT('',(-1.5,0.07,1.45));
#9237=VECTOR('',#11182,1000.0);
#9238=CARTESIAN_POINT('',(-1.4,0.07,1.55));
#9239=AXIS2_PLACEMENT_3D('',#11183,#11184,#11185);
#9240=CARTESIAN_POINT('',(1.4,0.07,1.55));
#9241=CARTESIAN_POINT('',(0.0,0.07,1.55));
#9242=VECTOR('',#11186,1000.0);
#9243=CARTESIAN_POINT('',(1.5,0.07,1.45));
#9244=AXIS2_PLACEMENT_3D('',#11187,#11188,#11189);
#9245=CARTESIAN_POINT('',(1.5,0.07,0.650000000000001));
#9246=CARTESIAN_POINT('',(1.5,0.07,1.45));
#9247=VECTOR('',#11190,1000.0);
#9248=CARTESIAN_POINT('',(1.6,0.07,0.55));
#9249=AXIS2_PLACEMENT_3D('',#11191,#11192,#11193);
#9250=CARTESIAN_POINT('',(2.05,0.07,0.55));
#9251=CARTESIAN_POINT('',(1.6,0.07,0.55));
#9252=VECTOR('',#11194,1000.0);
#9253=CARTESIAN_POINT('',(2.05,0.07,-0.55));
#9254=CARTESIAN_POINT('',(2.05,0.07,-0.55));
#9255=VECTOR('',#11195,1000.0);
#9256=CARTESIAN_POINT('',(1.6,0.07,-0.55));
#9257=CARTESIAN_POINT('',(1.6,0.07,-0.55));
#9258=VECTOR('',#11196,1000.0);
#9259=CARTESIAN_POINT('',(1.5,0.07,-0.650000000000001));
#9260=AXIS2_PLACEMENT_3D('',#11197,#11198,#11199);
#9261=CARTESIAN_POINT('',(1.5,0.07,-1.45));
#9262=CARTESIAN_POINT('',(1.5,0.07,-1.45));
#9263=VECTOR('',#11200,1000.0);
#9264=CARTESIAN_POINT('',(1.4,0.07,-1.55));
#9265=AXIS2_PLACEMENT_3D('',#11201,#11202,#11203);
#9266=CARTESIAN_POINT('',(-1.4,0.07,-1.55));
#9267=CARTESIAN_POINT('',(0.0,0.07,-1.55));
#9268=VECTOR('',#11204,1000.0);
#9269=CARTESIAN_POINT('',(-1.5,0.07,-1.45));
#9270=AXIS2_PLACEMENT_3D('',#11205,#11206,#11207);
#9271=CARTESIAN_POINT('',(-1.5,0.07,-0.650000000000001));
#9272=CARTESIAN_POINT('',(-1.5,0.07,-1.45));
#9273=VECTOR('',#11208,1000.0);
#9274=CARTESIAN_POINT('',(-1.6,0.07,-0.55));
#9275=AXIS2_PLACEMENT_3D('',#11209,#11210,#11211);
#9276=CARTESIAN_POINT('',(-2.05,0.07,-0.55));
#9277=CARTESIAN_POINT('',(-1.6,0.07,-0.55));
#9278=VECTOR('',#11212,1000.0);
#9279=CARTESIAN_POINT('',(-2.05,0.07,0.55));
#9280=CARTESIAN_POINT('',(-2.05,0.07,-0.55));
#9281=VECTOR('',#11213,1000.0);
#9282=CARTESIAN_POINT('',(-1.6,0.07,0.55));
#9283=CARTESIAN_POINT('',(-1.6,0.07,0.55));
#9284=VECTOR('',#11214,1000.0);
#9285=AXIS2_PLACEMENT_3D('',#11215,#11216,#11217);
#9286=CARTESIAN_POINT('',(1.92,1.55,-0.86));
#9287=CARTESIAN_POINT('',(1.92,1.55,-0.853868683519034));
#9288=CARTESIAN_POINT('',(1.92,1.55,-1.31955410846827));
#9289=VECTOR('',#11218,1000.0);
#9290=CARTESIAN_POINT('',(1.87656854249492,1.55,-0.810437226013957));
#9291=CARTESIAN_POINT('',(2.10284271247462,1.55,-1.03671139599365));
#9292=VECTOR('',#11219,1000.0);
#9293=CARTESIAN_POINT('',(1.5937258300203,1.55,-1.09327993848858));
#9294=VECTOR('',#11220,1000.0);
#9295=CARTESIAN_POINT('',(1.35431457505076,1.55,-1.41955410846827));
#9296=CARTESIAN_POINT('',(1.53715728752538,1.55,-1.60239682094289));
#9297=VECTOR('',#11221,1000.0);
#9298=CARTESIAN_POINT('',(1.36,1.55,-1.41955410846827));
#9299=CARTESIAN_POINT('',(1.82,1.55,-1.41955410846827));
#9300=VECTOR('',#11222,1000.0);
#9301=CARTESIAN_POINT('',(1.36,1.55,-1.6));
#9302=VECTOR('',#11223,1000.0);
#9303=CARTESIAN_POINT('',(-1.36,1.55,-1.41955410846827));
#9304=CARTESIAN_POINT('',(-1.36,1.55,-1.6));
#9305=VECTOR('',#11224,1000.0);
#9306=CARTESIAN_POINT('',(-1.35431457505076,1.55,-1.41955410846827));
#9307=CARTESIAN_POINT('',(-1.82,1.55,-1.41955410846827));
#9308=VECTOR('',#11225,1000.0);
#9309=CARTESIAN_POINT('',(-1.53715728752538,1.55,-1.60239682094289));
#9310=VECTOR('',#11226,1000.0);
#9311=CARTESIAN_POINT('',(-1.87656854249492,1.55,-0.810437226013957));
#9312=CARTESIAN_POINT('',(-1.5937258300203,1.55,-1.09327993848858));
#9313=VECTOR('',#11227,1000.0);
#9314=CARTESIAN_POINT('',(-1.92,1.55,-0.853868683519034));
#9315=CARTESIAN_POINT('',(-2.10284271247462,1.55,-1.03671139599365));
#9316=VECTOR('',#11228,1000.0);
#9317=CARTESIAN_POINT('',(-1.92,1.55,-0.86));
#9318=CARTESIAN_POINT('',(-1.92,1.55,-1.31955410846827));
#9319=VECTOR('',#11229,1000.0);
#9320=CARTESIAN_POINT('',(-2.1,1.55,-0.86));
#9321=CARTESIAN_POINT('',(-1.91085353161738,1.55,-0.86));
#9322=VECTOR('',#11230,1000.0);
#9323=CARTESIAN_POINT('',(-2.1,1.55,0.86));
#9324=CARTESIAN_POINT('',(-2.1,1.55,-0.86));
#9325=VECTOR('',#11231,1000.0);
#9326=CARTESIAN_POINT('',(-1.92,1.55,0.86));
#9327=CARTESIAN_POINT('',(-1.91085353161738,1.55,0.86));
#9328=VECTOR('',#11232,1000.0);
#9329=CARTESIAN_POINT('',(-1.92,1.55,0.853868683519034));
#9330=CARTESIAN_POINT('',(-1.92,1.55,1.31955410846827));
#9331=VECTOR('',#11233,1000.0);
#9332=CARTESIAN_POINT('',(-1.87656854249492,1.55,0.810437226013957));
#9333=CARTESIAN_POINT('',(-2.10284271247462,1.55,1.03671139599365));
#9334=VECTOR('',#11234,1000.0);
#9335=CARTESIAN_POINT('',(-1.5937258300203,1.55,1.09327993848858));
#9336=VECTOR('',#11235,1000.0);
#9337=CARTESIAN_POINT('',(-1.35431457505076,1.55,1.41955410846827));
#9338=CARTESIAN_POINT('',(-1.53715728752538,1.55,1.60239682094289));
#9339=VECTOR('',#11236,1000.0);
#9340=CARTESIAN_POINT('',(-1.36,1.55,1.41955410846827));
#9341=CARTESIAN_POINT('',(-1.82,1.55,1.41955410846827));
#9342=VECTOR('',#11237,1000.0);
#9343=CARTESIAN_POINT('',(-1.36,1.55,1.6));
#9344=VECTOR('',#11238,1000.0);
#9345=CARTESIAN_POINT('',(1.36,1.55,1.41955410846827));
#9346=CARTESIAN_POINT('',(1.36,1.55,1.6));
#9347=VECTOR('',#11239,1000.0);
#9348=CARTESIAN_POINT('',(1.35431457505076,1.55,1.41955410846827));
#9349=CARTESIAN_POINT('',(1.82,1.55,1.41955410846827));
#9350=VECTOR('',#11240,1000.0);
#9351=CARTESIAN_POINT('',(1.53715728752538,1.55,1.60239682094289));
#9352=VECTOR('',#11241,1000.0);
#9353=CARTESIAN_POINT('',(1.87656854249492,1.55,0.810437226013957));
#9354=CARTESIAN_POINT('',(1.5937258300203,1.55,1.09327993848858));
#9355=VECTOR('',#11242,1000.0);
#9356=CARTESIAN_POINT('',(1.92,1.55,0.853868683519034));
#9357=CARTESIAN_POINT('',(2.10284271247462,1.55,1.03671139599365));
#9358=VECTOR('',#11243,1000.0);
#9359=CARTESIAN_POINT('',(1.92,1.55,0.86));
#9360=CARTESIAN_POINT('',(1.92,1.55,1.31955410846827));
#9361=VECTOR('',#11244,1000.0);
#9362=CARTESIAN_POINT('',(2.1,1.55,0.86));
#9363=CARTESIAN_POINT('',(1.91085353161738,1.55,0.86));
#9364=VECTOR('',#11245,1000.0);
#9365=CARTESIAN_POINT('',(2.1,1.55,-0.86));
#9366=CARTESIAN_POINT('',(2.1,1.55,-0.86));
#9367=VECTOR('',#11246,1000.0);
#9368=CARTESIAN_POINT('',(1.91085353161738,1.55,-0.86));
#9369=VECTOR('',#11247,1000.0);
#9370=CARTESIAN_POINT('',(1.63827586206897,1.55,-0.232965425369006));
#9371=CARTESIAN_POINT('',(0.4,1.55,-1.26));
#9372=AXIS2_PLACEMENT_3D('',#11248,#11249,#11250);
#9373=CARTESIAN_POINT('',(1.64,1.55,-0.214476105895275));
#9374=AXIS2_PLACEMENT_3D('',#11251,#11252,#11253);
#9375=CARTESIAN_POINT('',(1.64,1.55,0.214476105895275));
#9376=CARTESIAN_POINT('',(1.64,1.55,-0.214476105895275));
#9377=VECTOR('',#11254,1000.0);
#9378=CARTESIAN_POINT('',(1.63827586206896,1.55,0.232965425369005));
#9379=AXIS2_PLACEMENT_3D('',#11255,#11256,#11257);
#9380=CARTESIAN_POINT('',(0.4,1.55,1.26));
#9381=AXIS2_PLACEMENT_3D('',#11258,#11259,#11260);
#9382=CARTESIAN_POINT('',(-0.4,1.55,1.26));
#9383=CARTESIAN_POINT('',(0.4,1.55,1.26));
#9384=VECTOR('',#11261,1000.0);
#9385=CARTESIAN_POINT('',(-1.63827586206897,1.55,0.232965425369006));
#9386=AXIS2_PLACEMENT_3D('',#11262,#11263,#11264);
#9387=CARTESIAN_POINT('',(-1.64,1.55,0.214476105895275));
#9388=AXIS2_PLACEMENT_3D('',#11265,#11266,#11267);
#9389=CARTESIAN_POINT('',(-1.64,1.55,-0.214476105895275));
#9390=CARTESIAN_POINT('',(-1.64,1.55,-0.214476105895275));
#9391=VECTOR('',#11268,1000.0);
#9392=CARTESIAN_POINT('',(-1.63827586206896,1.55,-0.232965425369005));
#9393=AXIS2_PLACEMENT_3D('',#11269,#11270,#11271);
#9394=CARTESIAN_POINT('',(-0.4,1.55,-1.26));
#9395=AXIS2_PLACEMENT_3D('',#11272,#11273,#11274);
#9396=CARTESIAN_POINT('',(0.4,1.55,-1.26));
#9397=VECTOR('',#11275,1000.0);
#9398=CARTESIAN_POINT('',(2.05,1.45,0.86));
#9399=CARTESIAN_POINT('',(2.05,1.45,-0.86));
#9400=CARTESIAN_POINT('',(2.05,1.45,-1.5));
#9401=VECTOR('',#11276,1000.0);
#9402=CARTESIAN_POINT('',(2.1,1.45,-0.86));
#9403=CARTESIAN_POINT('',(1.91085353161738,1.45,-0.86));
#9404=VECTOR('',#11277,1000.0);
#9405=CARTESIAN_POINT('',(2.1,1.45,0.86));
#9406=CARTESIAN_POINT('',(2.1,1.45,-0.86));
#9407=VECTOR('',#11278,1000.0);
#9408=CARTESIAN_POINT('',(1.91085353161738,1.45,0.86));
#9409=VECTOR('',#11279,1000.0);
#9410=CARTESIAN_POINT('',(-2.05,1.45,0.86));
#9411=CARTESIAN_POINT('',(-2.05,1.45,-0.86));
#9412=CARTESIAN_POINT('',(-2.05,1.45,-1.5));
#9413=VECTOR('',#11280,1000.0);
#9414=CARTESIAN_POINT('',(-2.1,1.45,0.86));
#9415=CARTESIAN_POINT('',(-1.91085353161738,1.45,0.86));
#9416=VECTOR('',#11281,1000.0);
#9417=CARTESIAN_POINT('',(-2.1,1.45,-0.86));
#9418=CARTESIAN_POINT('',(-2.1,1.45,-0.86));
#9419=VECTOR('',#11282,1000.0);
#9420=CARTESIAN_POINT('',(-1.91085353161738,1.45,-0.86));
#9421=VECTOR('',#11283,1000.0);
#9422=CARTESIAN_POINT('',(1.36,1.45,1.41085353161738));
#9423=CARTESIAN_POINT('',(1.36,1.45,1.6));
#9424=VECTOR('',#11284,1000.0);
#9425=CARTESIAN_POINT('',(1.36,1.55,1.41085353161738));
#9426=CARTESIAN_POINT('',(1.36,1.55,1.41085353161738));
#9427=VECTOR('',#11285,1000.0);
#9428=CARTESIAN_POINT('',(1.36,1.55,1.6));
#9429=VECTOR('',#11286,1000.0);
#9430=CARTESIAN_POINT('',(1.38928932188135,1.45,1.34014285349873));
#9431=AXIS2_PLACEMENT_3D('',#11287,#11288,#11289);
#9432=CARTESIAN_POINT('',(1.38928932188135,1.55,1.34014285349873));
#9433=CARTESIAN_POINT('',(1.38928932188135,1.55,1.34014285349873));
#9434=VECTOR('',#11290,1000.0);
#9435=AXIS2_PLACEMENT_3D('',#11291,#11292,#11293);
#9436=CARTESIAN_POINT('',(1.84014285349873,1.45,0.889289321881345));
#9437=CARTESIAN_POINT('',(1.38928932188135,1.45,1.34014285349873));
#9438=VECTOR('',#11294,1000.0);
#9439=CARTESIAN_POINT('',(1.84014285349873,1.55,0.889289321881345));
#9440=CARTESIAN_POINT('',(1.84014285349873,1.55,0.889289321881345));
#9441=VECTOR('',#11295,1000.0);
#9442=CARTESIAN_POINT('',(1.38928932188135,1.55,1.34014285349873));
#9443=VECTOR('',#11296,1000.0);
#9444=CARTESIAN_POINT('',(1.91085353161738,1.45,0.86));
#9445=AXIS2_PLACEMENT_3D('',#11297,#11298,#11299);
#9446=CARTESIAN_POINT('',(1.91085353161738,1.55,0.86));
#9447=CARTESIAN_POINT('',(1.91085353161738,1.55,0.86));
#9448=VECTOR('',#11300,1000.0);
#9449=AXIS2_PLACEMENT_3D('',#11301,#11302,#11303);
#9450=CARTESIAN_POINT('',(1.91085353161738,1.45,0.86));
#9451=VECTOR('',#11304,1000.0);
#9452=CARTESIAN_POINT('',(2.1,1.55,0.86));
#9453=VECTOR('',#11305,1000.0);
#9454=CARTESIAN_POINT('',(1.91085353161738,1.55,0.86));
#9455=VECTOR('',#11306,1000.0);
#9456=CARTESIAN_POINT('',(2.1,1.55,-0.86));
#9457=VECTOR('',#11307,1000.0);
#9458=CARTESIAN_POINT('',(1.91085353161738,1.45,-0.86));
#9459=CARTESIAN_POINT('',(1.91085353161738,1.45,-0.86));
#9460=VECTOR('',#11308,1000.0);
#9461=CARTESIAN_POINT('',(1.91085353161738,1.55,-0.86));
#9462=CARTESIAN_POINT('',(1.91085353161738,1.55,-0.86));
#9463=VECTOR('',#11309,1000.0);
#9464=CARTESIAN_POINT('',(1.91085353161738,1.55,-0.86));
#9465=VECTOR('',#11310,1000.0);
#9466=CARTESIAN_POINT('',(1.84014285349873,1.45,-0.889289321881345));
#9467=AXIS2_PLACEMENT_3D('',#11311,#11312,#11313);
#9468=CARTESIAN_POINT('',(1.84014285349873,1.55,-0.889289321881345));
#9469=CARTESIAN_POINT('',(1.84014285349873,1.55,-0.889289321881345));
#9470=VECTOR('',#11314,1000.0);
#9471=AXIS2_PLACEMENT_3D('',#11315,#11316,#11317);
#9472=CARTESIAN_POINT('',(1.38928932188135,1.45,-1.34014285349873));
#9473=CARTESIAN_POINT('',(1.38928932188135,1.45,-1.34014285349873));
#9474=VECTOR('',#11318,1000.0);
#9475=CARTESIAN_POINT('',(1.38928932188135,1.55,-1.34014285349873));
#9476=CARTESIAN_POINT('',(1.38928932188135,1.55,-1.34014285349873));
#9477=VECTOR('',#11319,1000.0);
#9478=CARTESIAN_POINT('',(1.38928932188135,1.55,-1.34014285349873));
#9479=VECTOR('',#11320,1000.0);
#9480=CARTESIAN_POINT('',(1.36,1.45,-1.41085353161738));
#9481=AXIS2_PLACEMENT_3D('',#11321,#11322,#11323);
#9482=CARTESIAN_POINT('',(1.36,1.55,-1.41085353161738));
#9483=CARTESIAN_POINT('',(1.36,1.55,-1.41085353161738));
#9484=VECTOR('',#11324,1000.0);
#9485=AXIS2_PLACEMENT_3D('',#11325,#11326,#11327);
#9486=CARTESIAN_POINT('',(1.36,1.45,-1.6));
#9487=VECTOR('',#11328,1000.0);
#9488=CARTESIAN_POINT('',(1.36,1.55,-1.6));
#9489=VECTOR('',#11329,1000.0);
#9490=CARTESIAN_POINT('',(-1.36,1.45,-1.41085353161738));
#9491=CARTESIAN_POINT('',(-1.36,1.45,-1.6));
#9492=VECTOR('',#11330,1000.0);
#9493=CARTESIAN_POINT('',(-1.36,1.55,-1.41085353161738));
#9494=CARTESIAN_POINT('',(-1.36,1.55,-1.41085353161738));
#9495=VECTOR('',#11331,1000.0);
#9496=CARTESIAN_POINT('',(-1.36,1.55,-1.6));
#9497=VECTOR('',#11332,1000.0);
#9498=CARTESIAN_POINT('',(-1.38928932188135,1.45,-1.34014285349873));
#9499=AXIS2_PLACEMENT_3D('',#11333,#11334,#11335);
#9500=CARTESIAN_POINT('',(-1.38928932188135,1.55,-1.34014285349873));
#9501=CARTESIAN_POINT('',(-1.38928932188135,1.55,-1.34014285349873));
#9502=VECTOR('',#11336,1000.0);
#9503=AXIS2_PLACEMENT_3D('',#11337,#11338,#11339);
#9504=CARTESIAN_POINT('',(-1.84014285349873,1.45,-0.889289321881345));
#9505=CARTESIAN_POINT('',(-1.38928932188135,1.45,-1.34014285349873));
#9506=VECTOR('',#11340,1000.0);
#9507=CARTESIAN_POINT('',(-1.84014285349873,1.55,-0.889289321881345));
#9508=CARTESIAN_POINT('',(-1.84014285349873,1.55,-0.889289321881345));
#9509=VECTOR('',#11341,1000.0);
#9510=CARTESIAN_POINT('',(-1.38928932188135,1.55,-1.34014285349873));
#9511=VECTOR('',#11342,1000.0);
#9512=CARTESIAN_POINT('',(-1.91085353161738,1.45,-0.86));
#9513=AXIS2_PLACEMENT_3D('',#11343,#11344,#11345);
#9514=CARTESIAN_POINT('',(-1.91085353161738,1.55,-0.86));
#9515=CARTESIAN_POINT('',(-1.91085353161738,1.55,-0.86));
#9516=VECTOR('',#11346,1000.0);
#9517=AXIS2_PLACEMENT_3D('',#11347,#11348,#11349);
#9518=CARTESIAN_POINT('',(-1.91085353161738,1.45,-0.86));
#9519=VECTOR('',#11350,1000.0);
#9520=CARTESIAN_POINT('',(-2.1,1.55,-0.86));
#9521=VECTOR('',#11351,1000.0);
#9522=CARTESIAN_POINT('',(-1.91085353161738,1.55,-0.86));
#9523=VECTOR('',#11352,1000.0);
#9524=CARTESIAN_POINT('',(-2.1,1.55,0.86));
#9525=VECTOR('',#11353,1000.0);
#9526=CARTESIAN_POINT('',(-1.91085353161738,1.45,0.86));
#9527=CARTESIAN_POINT('',(-1.91085353161738,1.45,0.86));
#9528=VECTOR('',#11354,1000.0);
#9529=CARTESIAN_POINT('',(-1.91085353161738,1.55,0.86));
#9530=CARTESIAN_POINT('',(-1.91085353161738,1.55,0.86));
#9531=VECTOR('',#11355,1000.0);
#9532=CARTESIAN_POINT('',(-1.91085353161738,1.55,0.86));
#9533=VECTOR('',#11356,1000.0);
#9534=CARTESIAN_POINT('',(-1.84014285349873,1.45,0.889289321881345));
#9535=AXIS2_PLACEMENT_3D('',#11357,#11358,#11359);
#9536=CARTESIAN_POINT('',(-1.84014285349873,1.55,0.889289321881345));
#9537=CARTESIAN_POINT('',(-1.84014285349873,1.55,0.889289321881345));
#9538=VECTOR('',#11360,1000.0);
#9539=AXIS2_PLACEMENT_3D('',#11361,#11362,#11363);
#9540=CARTESIAN_POINT('',(-1.38928932188135,1.45,1.34014285349873));
#9541=CARTESIAN_POINT('',(-1.38928932188135,1.45,1.34014285349873));
#9542=VECTOR('',#11364,1000.0);
#9543=CARTESIAN_POINT('',(-1.38928932188135,1.55,1.34014285349873));
#9544=CARTESIAN_POINT('',(-1.38928932188135,1.55,1.34014285349873));
#9545=VECTOR('',#11365,1000.0);
#9546=CARTESIAN_POINT('',(-1.38928932188135,1.55,1.34014285349873));
#9547=VECTOR('',#11366,1000.0);
#9548=CARTESIAN_POINT('',(-1.36,1.45,1.41085353161738));
#9549=AXIS2_PLACEMENT_3D('',#11367,#11368,#11369);
#9550=CARTESIAN_POINT('',(-1.36,1.55,1.41085353161738));
#9551=CARTESIAN_POINT('',(-1.36,1.55,1.41085353161738));
#9552=VECTOR('',#11370,1000.0);
#9553=AXIS2_PLACEMENT_3D('',#11371,#11372,#11373);
#9554=CARTESIAN_POINT('',(-1.36,1.45,1.6));
#9555=VECTOR('',#11374,1000.0);
#9556=CARTESIAN_POINT('',(-1.36,1.55,1.6));
#9557=VECTOR('',#11375,1000.0);
#9558=CARTESIAN_POINT('',(1.63827586206897,1.45,-0.232965425369006));
#9559=CARTESIAN_POINT('',(0.4,1.45,-1.26));
#9560=AXIS2_PLACEMENT_3D('',#11376,#11377,#11378);
#9561=CARTESIAN_POINT('',(1.63827586206897,1.55,-0.232965425369006));
#9562=VECTOR('',#11379,1000.0);
#9563=CARTESIAN_POINT('',(0.4,1.55,-1.26));
#9564=VECTOR('',#11380,1000.0);
#9565=CARTESIAN_POINT('',(-0.4,1.45,-1.26));
#9566=CARTESIAN_POINT('',(0.4,1.45,-1.26));
#9567=VECTOR('',#11381,1000.0);
#9568=CARTESIAN_POINT('',(-0.4,1.55,-1.26));
#9569=VECTOR('',#11382,1000.0);
#9570=CARTESIAN_POINT('',(-1.63827586206896,1.45,-0.232965425369005));
#9571=AXIS2_PLACEMENT_3D('',#11383,#11384,#11385);
#9572=CARTESIAN_POINT('',(-1.63827586206896,1.55,-0.232965425369005));
#9573=VECTOR('',#11386,1000.0);
#9574=CARTESIAN_POINT('',(-1.64,1.45,-0.214476105895275));
#9575=AXIS2_PLACEMENT_3D('',#11387,#11388,#11389);
#9576=CARTESIAN_POINT('',(-1.64,1.55,-0.214476105895275));
#9577=VECTOR('',#11390,1000.0);
#9578=CARTESIAN_POINT('',(-1.64,1.45,0.214476105895275));
#9579=CARTESIAN_POINT('',(-1.64,1.45,-0.214476105895275));
#9580=VECTOR('',#11391,1000.0);
#9581=CARTESIAN_POINT('',(-1.64,1.55,0.214476105895275));
#9582=VECTOR('',#11392,1000.0);
#9583=CARTESIAN_POINT('',(-1.63827586206897,1.45,0.232965425369006));
#9584=AXIS2_PLACEMENT_3D('',#11393,#11394,#11395);
#9585=CARTESIAN_POINT('',(-1.63827586206897,1.55,0.232965425369006));
#9586=VECTOR('',#11396,1000.0);
#9587=CARTESIAN_POINT('',(-0.4,1.45,1.26));
#9588=AXIS2_PLACEMENT_3D('',#11397,#11398,#11399);
#9589=CARTESIAN_POINT('',(-0.4,1.55,1.26));
#9590=VECTOR('',#11400,1000.0);
#9591=CARTESIAN_POINT('',(0.4,1.45,1.26));
#9592=CARTESIAN_POINT('',(0.4,1.45,1.26));
#9593=VECTOR('',#11401,1000.0);
#9594=CARTESIAN_POINT('',(0.4,1.55,1.26));
#9595=VECTOR('',#11402,1000.0);
#9596=CARTESIAN_POINT('',(1.63827586206896,1.45,0.232965425369005));
#9597=AXIS2_PLACEMENT_3D('',#11403,#11404,#11405);
#9598=CARTESIAN_POINT('',(1.63827586206896,1.55,0.232965425369005));
#9599=VECTOR('',#11406,1000.0);
#9600=CARTESIAN_POINT('',(1.64,1.45,0.214476105895275));
#9601=AXIS2_PLACEMENT_3D('',#11407,#11408,#11409);
#9602=CARTESIAN_POINT('',(1.64,1.55,0.214476105895275));
#9603=VECTOR('',#11410,1000.0);
#9604=CARTESIAN_POINT('',(1.64,1.45,-0.214476105895275));
#9605=CARTESIAN_POINT('',(1.64,1.45,-0.214476105895275));
#9606=VECTOR('',#11411,1000.0);
#9607=CARTESIAN_POINT('',(1.64,1.55,-0.214476105895275));
#9608=VECTOR('',#11412,1000.0);
#9609=AXIS2_PLACEMENT_3D('',#11413,#11414,#11415);
#9610=CARTESIAN_POINT('',(-0.4,2.5,-1.0));
#9611=CARTESIAN_POINT('',(-0.4,2.5,1.0));
#9612=AXIS2_PLACEMENT_3D('',#11416,#11417,#11418);
#9613=CARTESIAN_POINT('',(0.4,2.5,1.0));
#9614=CARTESIAN_POINT('',(0.4,2.5,1.0));
#9615=VECTOR('',#11419,1000.0);
#9616=CARTESIAN_POINT('',(0.4,2.5,-1.0));
#9617=AXIS2_PLACEMENT_3D('',#11420,#11421,#11422);
#9618=CARTESIAN_POINT('',(0.4,2.5,-1.0));
#9619=VECTOR('',#11423,1000.0);
#9620=CARTESIAN_POINT('',(-0.4,2.4,-1.1));
#9621=AXIS2_PLACEMENT_3D('',#11424,#11425,#11426);
#9622=CARTESIAN_POINT('',(-0.4,2.4,1.1));
#9623=AXIS2_PLACEMENT_3D('',#11427,#11428,#11429);
#9624=AXIS2_PLACEMENT_3D('',#11430,#11431,#11432);
#9625=CARTESIAN_POINT('',(0.4,2.4,1.1));
#9626=CARTESIAN_POINT('',(0.4,2.4,1.1));
#9627=VECTOR('',#11433,1000.0);
#9628=AXIS2_PLACEMENT_3D('',#11434,#11435,#11436);
#9629=CARTESIAN_POINT('',(0.4,2.4,-1.1));
#9630=AXIS2_PLACEMENT_3D('',#11437,#11438,#11439);
#9631=AXIS2_PLACEMENT_3D('',#11440,#11441,#11442);
#9632=CARTESIAN_POINT('',(0.4,2.4,-1.1));
#9633=VECTOR('',#11443,1000.0);
#9634=CARTESIAN_POINT('',(-0.4,1.45,1.1));
#9635=CARTESIAN_POINT('',(-0.4,2.5,1.1));
#9636=VECTOR('',#11444,1000.0);
#9637=CARTESIAN_POINT('',(-0.4,1.45,-1.1));
#9638=CARTESIAN_POINT('',(-0.4,2.5,-1.1));
#9639=VECTOR('',#11445,1000.0);
#9640=AXIS2_PLACEMENT_3D('',#11446,#11447,#11448);
#9641=CARTESIAN_POINT('',(0.4,1.45,1.1));
#9642=CARTESIAN_POINT('',(0.4,2.5,1.1));
#9643=VECTOR('',#11449,1000.0);
#9644=CARTESIAN_POINT('',(0.4,1.45,1.1));
#9645=VECTOR('',#11450,1000.0);
#9646=CARTESIAN_POINT('',(0.4,1.45,-1.1));
#9647=CARTESIAN_POINT('',(0.4,2.5,-1.1));
#9648=VECTOR('',#11451,1000.0);
#9649=AXIS2_PLACEMENT_3D('',#11452,#11453,#11454);
#9650=CARTESIAN_POINT('',(0.4,1.45,-1.1));
#9651=VECTOR('',#11455,1000.0);
#9652=CARTESIAN_POINT('',(1.38,1.55,1.41934595566656));
#9653=CARTESIAN_POINT('',(1.82,1.55,1.41955410846827));
#9654=VECTOR('',#11456,1000.0);
#9655=CARTESIAN_POINT('',(1.91956890143242,1.55,0.88));
#9656=CARTESIAN_POINT('',(1.92,1.55,1.31955410846827));
#9657=VECTOR('',#11457,1000.0);
#9658=CARTESIAN_POINT('',(1.84842712474619,1.55,0.909289321881345));
#9659=AXIS2_PLACEMENT_3D('',#11458,#11459,#11460);
#9660=CARTESIAN_POINT('',(1.40928932188135,1.55,1.34842712474619));
#9661=CARTESIAN_POINT('',(1.84842712474619,1.55,0.909289321881345));
#9662=VECTOR('',#11461,1000.0);
#9663=AXIS2_PLACEMENT_3D('',#11462,#11463,#11464);
#9664=CARTESIAN_POINT('',(1.91956890143242,1.55,-0.88));
#9665=CARTESIAN_POINT('',(1.92,1.55,-1.31955410846827));
#9666=VECTOR('',#11465,1000.0);
#9667=CARTESIAN_POINT('',(1.38,1.55,-1.41934595566656));
#9668=CARTESIAN_POINT('',(1.82,1.55,-1.41955410846827));
#9669=VECTOR('',#11466,1000.0);
#9670=CARTESIAN_POINT('',(1.40928932188135,1.55,-1.34842712474619));
#9671=AXIS2_PLACEMENT_3D('',#11467,#11468,#11469);
#9672=CARTESIAN_POINT('',(1.84842712474619,1.55,-0.909289321881345));
#9673=CARTESIAN_POINT('',(1.84842712474619,1.55,-0.909289321881345));
#9674=VECTOR('',#11470,1000.0);
#9675=AXIS2_PLACEMENT_3D('',#11471,#11472,#11473);
#9676=CARTESIAN_POINT('',(-1.38,1.55,-1.41934595566656));
#9677=CARTESIAN_POINT('',(-1.82,1.55,-1.41955410846827));
#9678=VECTOR('',#11474,1000.0);
#9679=CARTESIAN_POINT('',(-1.91956890143242,1.55,-0.88));
#9680=CARTESIAN_POINT('',(-1.92,1.55,-1.31955410846827));
#9681=VECTOR('',#11475,1000.0);
#9682=CARTESIAN_POINT('',(-1.84842712474619,1.55,-0.909289321881345));
#9683=AXIS2_PLACEMENT_3D('',#11476,#11477,#11478);
#9684=CARTESIAN_POINT('',(-1.40928932188135,1.55,-1.34842712474619));
#9685=CARTESIAN_POINT('',(-1.84842712474619,1.55,-0.909289321881345));
#9686=VECTOR('',#11479,1000.0);
#9687=AXIS2_PLACEMENT_3D('',#11480,#11481,#11482);
#9688=CARTESIAN_POINT('',(-1.91956890143242,1.55,0.88));
#9689=CARTESIAN_POINT('',(-1.92,1.55,1.31955410846827));
#9690=VECTOR('',#11483,1000.0);
#9691=CARTESIAN_POINT('',(-1.38,1.55,1.41934595566656));
#9692=CARTESIAN_POINT('',(-1.82,1.55,1.41955410846827));
#9693=VECTOR('',#11484,1000.0);
#9694=CARTESIAN_POINT('',(-1.40928932188135,1.55,1.34842712474619));
#9695=AXIS2_PLACEMENT_3D('',#11485,#11486,#11487);
#9696=CARTESIAN_POINT('',(-1.84842712474619,1.55,0.909289321881345));
#9697=CARTESIAN_POINT('',(-1.84842712474619,1.55,0.909289321881345));
#9698=VECTOR('',#11488,1000.0);
#9699=AXIS2_PLACEMENT_3D('',#11489,#11490,#11491);
#9700=CARTESIAN_POINT('',(2.05,1.45,1.58660254037844));
#9701=AXIS2_PLACEMENT_3D('',#11492,#11493,#11494);
#9702=CARTESIAN_POINT('',(2.05,1.45,-1.5));
#9703=VECTOR('',#11495,1000.0);
#9704=CARTESIAN_POINT('',(1.96142135623731,1.45,1.46097546470558));
#9705=CARTESIAN_POINT('',(1.91656612270163,1.45,1.49469686151953));
#9706=CARTESIAN_POINT('',(1.96142135623731,1.45,1.46097546470558));
#9707=CARTESIAN_POINT('',(1.94843550328,1.44999987706027,1.47396136692408));
#9708=CARTESIAN_POINT('',(1.93312863934765,1.45,1.48556501274431));
#9709=CARTESIAN_POINT('',(1.91656608196776,1.45,1.49469688397841));
#9710=CARTESIAN_POINT('',(1.82,1.45,1.51955410846827));
#9711=AXIS2_PLACEMENT_3D('',#11496,#11497,#11498);
#9712=CARTESIAN_POINT('',(1.48,1.45,1.51955410846827));
#9713=CARTESIAN_POINT('',(1.38,1.45,1.51955410846827));
#9714=VECTOR('',#11499,1000.0);
#9715=CARTESIAN_POINT('',(1.38,1.45,1.41934595566656));
#9716=AXIS2_PLACEMENT_3D('',#11500,#11501,#11502);
#9717=CARTESIAN_POINT('',(1.40928932188135,1.45,1.34842712474619));
#9718=AXIS2_PLACEMENT_3D('',#11503,#11504,#11505);
#9719=CARTESIAN_POINT('',(1.84842712474619,1.45,0.909289321881345));
#9720=CARTESIAN_POINT('',(1.84842712474619,1.45,0.909289321881345));
#9721=VECTOR('',#11506,1000.0);
#9722=CARTESIAN_POINT('',(1.91956890143242,1.45,0.88));
#9723=AXIS2_PLACEMENT_3D('',#11507,#11508,#11509);
#9724=CARTESIAN_POINT('',(2.02,1.45,0.98));
#9725=AXIS2_PLACEMENT_3D('',#11510,#11511,#11512);
#9726=CARTESIAN_POINT('',(2.02,1.45,1.31955410846827));
#9727=CARTESIAN_POINT('',(2.02,1.45,1.31955410846827));
#9728=VECTOR('',#11513,1000.0);
#9729=CARTESIAN_POINT('',(1.99514277550983,1.45,1.41612019043659));
#9730=AXIS2_PLACEMENT_3D('',#11514,#11515,#11516);
#9731=CARTESIAN_POINT('',(2.00135560214427,1.45,1.40485193062589));
#9732=CARTESIAN_POINT('',(1.99385755434542,1.45,1.41845120767673));
#9733=CARTESIAN_POINT('',(1.98988215200026,1.45,1.4256614308349));
#9734=CARTESIAN_POINT('',(1.97821789096687,1.45,1.4422058516734));
#9735=CARTESIAN_POINT('',(1.97239452429506,1.45,1.44938467212654));
#9736=CARTESIAN_POINT('',(1.96459270994585,1.45,1.45774794782465));
#9737=CARTESIAN_POINT('',(1.96302060331935,1.45,1.45937621762418));
#9738=CARTESIAN_POINT('',(1.96142135623731,1.45,1.46097546470558));
#9739=CARTESIAN_POINT('',(2.05,1.45,-1.58660254037844));
#9740=CARTESIAN_POINT('',(2.05,1.45,-1.5));
#9741=VECTOR('',#11517,1000.0);
#9742=AXIS2_PLACEMENT_3D('',#11518,#11519,#11520);
#9743=CARTESIAN_POINT('',(1.96142135623731,1.45,-1.46097546470558));
#9744=CARTESIAN_POINT('',(1.91656608196779,1.45,-1.4946968839784));
#9745=CARTESIAN_POINT('',(1.90529782215728,1.45,-1.50090971061271));
#9746=CARTESIAN_POINT('',(1.91889709920812,1.45,-1.49341166281388));
#9747=CARTESIAN_POINT('',(1.92610732236638,1.45,-1.48943626046869));
#9748=CARTESIAN_POINT('',(1.94265174320502,1.45,-1.47777199943523));
#9749=CARTESIAN_POINT('',(1.9498305636582,1.45,-1.47194863276339));
#9750=CARTESIAN_POINT('',(1.95819383935636,1.45,-1.46414681841414));
#9751=CARTESIAN_POINT('',(1.95982210915593,1.45,-1.46257471178761));
#9752=CARTESIAN_POINT('',(1.96142135623731,1.45,-1.46097546470558));
#9753=CARTESIAN_POINT('',(1.99514275305096,1.45,-1.41612023117043));
#9754=CARTESIAN_POINT('',(1.96142135623731,1.45,-1.46097546470558));
#9755=CARTESIAN_POINT('',(1.97440725845572,1.44999987706027,-1.44798961174836));
#9756=CARTESIAN_POINT('',(1.98601090427588,1.45,-1.43268274781613));
#9757=CARTESIAN_POINT('',(1.99514277550996,1.45,-1.41612019043637));
#9758=CARTESIAN_POINT('',(2.02,1.45,-1.31955410846827));
#9759=AXIS2_PLACEMENT_3D('',#11521,#11522,#11523);
#9760=CARTESIAN_POINT('',(2.02,1.45,-0.98));
#9761=CARTESIAN_POINT('',(2.02,1.45,-1.31955410846827));
#9762=VECTOR('',#11524,1000.0);
#9763=CARTESIAN_POINT('',(1.91956890143242,1.45,-0.88));
#9764=AXIS2_PLACEMENT_3D('',#11525,#11526,#11527);
#9765=CARTESIAN_POINT('',(1.84842712474619,1.45,-0.909289321881345));
#9766=AXIS2_PLACEMENT_3D('',#11528,#11529,#11530);
#9767=CARTESIAN_POINT('',(1.40928932188135,1.45,-1.34842712474619));
#9768=CARTESIAN_POINT('',(1.84842712474619,1.45,-0.909289321881345));
#9769=VECTOR('',#11531,1000.0);
#9770=CARTESIAN_POINT('',(1.38,1.45,-1.41934595566656));
#9771=AXIS2_PLACEMENT_3D('',#11532,#11533,#11534);
#9772=CARTESIAN_POINT('',(1.48,1.45,-1.51955410846827));
#9773=AXIS2_PLACEMENT_3D('',#11535,#11536,#11537);
#9774=CARTESIAN_POINT('',(1.82,1.45,-1.51955410846827));
#9775=CARTESIAN_POINT('',(1.38,1.45,-1.51955410846827));
#9776=VECTOR('',#11538,1000.0);
#9777=AXIS2_PLACEMENT_3D('',#11539,#11540,#11541);
#9778=CARTESIAN_POINT('',(-2.05,1.45,-1.58660254037844));
#9779=AXIS2_PLACEMENT_3D('',#11542,#11543,#11544);
#9780=CARTESIAN_POINT('',(-2.05,1.45,-1.5));
#9781=VECTOR('',#11545,1000.0);
#9782=CARTESIAN_POINT('',(-1.96142135623731,1.45,-1.46097546470558));
#9783=CARTESIAN_POINT('',(-1.91656608196779,1.45,-1.4946968839784));
#9784=CARTESIAN_POINT('',(-1.96142135623731,1.45,-1.46097546470558));
#9785=CARTESIAN_POINT('',(-1.94843550328,1.44999987706027,-1.47396136692408));
#9786=CARTESIAN_POINT('',(-1.93312863934765,1.45,-1.48556501274431));
#9787=CARTESIAN_POINT('',(-1.91656608196776,1.45,-1.49469688397841));
#9788=CARTESIAN_POINT('',(-1.82,1.45,-1.51955410846827));
#9789=AXIS2_PLACEMENT_3D('',#11546,#11547,#11548);
#9790=CARTESIAN_POINT('',(-1.48,1.45,-1.51955410846827));
#9791=CARTESIAN_POINT('',(-1.38,1.45,-1.51955410846827));
#9792=VECTOR('',#11549,1000.0);
#9793=CARTESIAN_POINT('',(-1.38,1.45,-1.41934595566656));
#9794=AXIS2_PLACEMENT_3D('',#11550,#11551,#11552);
#9795=CARTESIAN_POINT('',(-1.40928932188135,1.45,-1.34842712474619));
#9796=AXIS2_PLACEMENT_3D('',#11553,#11554,#11555);
#9797=CARTESIAN_POINT('',(-1.84842712474619,1.45,-0.909289321881345));
#9798=CARTESIAN_POINT('',(-1.84842712474619,1.45,-0.909289321881345));
#9799=VECTOR('',#11556,1000.0);
#9800=CARTESIAN_POINT('',(-1.91956890143242,1.45,-0.88));
#9801=AXIS2_PLACEMENT_3D('',#11557,#11558,#11559);
#9802=CARTESIAN_POINT('',(-2.02,1.45,-0.98));
#9803=AXIS2_PLACEMENT_3D('',#11560,#11561,#11562);
#9804=CARTESIAN_POINT('',(-2.02,1.45,-1.31955410846827));
#9805=CARTESIAN_POINT('',(-2.02,1.45,-1.31955410846827));
#9806=VECTOR('',#11563,1000.0);
#9807=CARTESIAN_POINT('',(-1.99514277550983,1.45,-1.41612019043659));
#9808=AXIS2_PLACEMENT_3D('',#11564,#11565,#11566);
#9809=CARTESIAN_POINT('',(-2.00135560214427,1.45,-1.40485193062589));
#9810=CARTESIAN_POINT('',(-1.99385755434542,1.45,-1.41845120767673));
#9811=CARTESIAN_POINT('',(-1.98988215200026,1.45,-1.4256614308349));
#9812=CARTESIAN_POINT('',(-1.97821789096687,1.45,-1.4422058516734));
#9813=CARTESIAN_POINT('',(-1.97239452429506,1.45,-1.44938467212654));
#9814=CARTESIAN_POINT('',(-1.96459270994585,1.45,-1.45774794782465));
#9815=CARTESIAN_POINT('',(-1.96302060331935,1.45,-1.45937621762418));
#9816=CARTESIAN_POINT('',(-1.96142135623731,1.45,-1.46097546470558));
#9817=CARTESIAN_POINT('',(-2.05,1.45,1.58660254037844));
#9818=CARTESIAN_POINT('',(-2.05,1.45,-1.5));
#9819=VECTOR('',#11567,1000.0);
#9820=AXIS2_PLACEMENT_3D('',#11568,#11569,#11570);
#9821=CARTESIAN_POINT('',(-1.96142135623731,1.45,1.46097546470558));
#9822=CARTESIAN_POINT('',(-1.91656608196779,1.45,1.4946968839784));
#9823=CARTESIAN_POINT('',(-1.90529782215728,1.45,1.50090971061271));
#9824=CARTESIAN_POINT('',(-1.91889709920812,1.45,1.49341166281388));
#9825=CARTESIAN_POINT('',(-1.92610732236638,1.45,1.48943626046869));
#9826=CARTESIAN_POINT('',(-1.94265174320502,1.45,1.47777199943523));
#9827=CARTESIAN_POINT('',(-1.9498305636582,1.45,1.47194863276339));
#9828=CARTESIAN_POINT('',(-1.95819383935636,1.45,1.46414681841414));
#9829=CARTESIAN_POINT('',(-1.95982210915593,1.45,1.46257471178761));
#9830=CARTESIAN_POINT('',(-1.96142135623731,1.45,1.46097546470558));
#9831=CARTESIAN_POINT('',(-1.99514275305096,1.45,1.41612023117043));
#9832=CARTESIAN_POINT('',(-1.96142135623731,1.45,1.46097546470558));
#9833=CARTESIAN_POINT('',(-1.97440725845572,1.44999987706027,1.44798961174836));
#9834=CARTESIAN_POINT('',(-1.98601090427588,1.45,1.43268274781613));
#9835=CARTESIAN_POINT('',(-1.99514277550996,1.45,1.41612019043637));
#9836=CARTESIAN_POINT('',(-2.02,1.45,1.31955410846827));
#9837=AXIS2_PLACEMENT_3D('',#11571,#11572,#11573);
#9838=CARTESIAN_POINT('',(-2.02,1.45,0.98));
#9839=CARTESIAN_POINT('',(-2.02,1.45,1.31955410846827));
#9840=VECTOR('',#11574,1000.0);
#9841=CARTESIAN_POINT('',(-1.91956890143242,1.45,0.88));
#9842=AXIS2_PLACEMENT_3D('',#11575,#11576,#11577);
#9843=CARTESIAN_POINT('',(-1.84842712474619,1.45,0.909289321881345));
#9844=AXIS2_PLACEMENT_3D('',#11578,#11579,#11580);
#9845=CARTESIAN_POINT('',(-1.40928932188135,1.45,1.34842712474619));
#9846=CARTESIAN_POINT('',(-1.84842712474619,1.45,0.909289321881345));
#9847=VECTOR('',#11581,1000.0);
#9848=CARTESIAN_POINT('',(-1.38,1.45,1.41934595566656));
#9849=AXIS2_PLACEMENT_3D('',#11582,#11583,#11584);
#9850=CARTESIAN_POINT('',(-1.48,1.45,1.51955410846827));
#9851=AXIS2_PLACEMENT_3D('',#11585,#11586,#11587);
#9852=CARTESIAN_POINT('',(-1.82,1.45,1.51955410846827));
#9853=CARTESIAN_POINT('',(-1.38,1.45,1.51955410846827));
#9854=VECTOR('',#11588,1000.0);
#9855=AXIS2_PLACEMENT_3D('',#11589,#11590,#11591);
#9856=CARTESIAN_POINT('',(2.02,1.53948085775372,-1.31955410846827));
#9857=CARTESIAN_POINT('',(1.99514275305096,1.45,-1.41612023117043));
#9858=CARTESIAN_POINT('',(2.00404424649593,1.45903835055812,-1.39997552094918));
#9859=CARTESIAN_POINT('',(2.00986131351966,1.47141837290502,-1.38426387475427));
#9860=CARTESIAN_POINT('',(2.0136814714178,1.48516454455848,-1.36942882781021));
#9861=CARTESIAN_POINT('',(2.01828053112467,1.50171345846751,-1.35156902503));
#9862=CARTESIAN_POINT('',(2.02,1.52019177177356,-1.3350121571896));
#9863=CARTESIAN_POINT('',(2.02,1.53948085775372,-1.31955410846827));
#9864=CARTESIAN_POINT('',(2.02,2.05,-1.31955410846827));
#9865=VECTOR('',#11592,1000.0);
#9866=CARTESIAN_POINT('',(2.02,1.75,-1.23520038440552));
#9867=CARTESIAN_POINT('',(2.02,1.73377680768448,-1.24170091767483));
#9868=VECTOR('',#11593,1000.0);
#9869=CARTESIAN_POINT('',(2.02,1.75,-0.853868683519034));
#9870=CARTESIAN_POINT('',(2.02,1.75,-0.853868683519034));
#9871=VECTOR('',#11594,1000.0);
#9872=CARTESIAN_POINT('',(2.02,1.65,-0.853868683519034));
#9873=CARTESIAN_POINT('',(2.02,1.85,-0.853868683519034));
#9874=VECTOR('',#11595,1000.0);
#9875=CARTESIAN_POINT('',(2.02,1.65,-0.98));
#9876=CARTESIAN_POINT('',(2.02,1.65,-1.31955410846827));
#9877=VECTOR('',#11596,1000.0);
#9878=CARTESIAN_POINT('',(2.02,2.05,-0.98));
#9879=VECTOR('',#11597,1000.0);
#9880=CARTESIAN_POINT('',(1.82,1.53948085775372,-1.51955410846827));
#9881=CARTESIAN_POINT('',(1.82,2.05,-1.51955410846827));
#9882=VECTOR('',#11598,1000.0);
#9883=CARTESIAN_POINT('',(1.91656608196779,1.45,-1.4946968839784));
#9884=CARTESIAN_POINT('',(1.90042137737294,1.45903834880457,-1.50359836942483));
#9885=CARTESIAN_POINT('',(1.88470974437002,1.47141837803788,-1.50941542924629));
#9886=CARTESIAN_POINT('',(1.86987469957073,1.48516453533389,-1.51323558497733));
#9887=CARTESIAN_POINT('',(1.85201489333474,1.50171343755277,-1.51783464363006));
#9888=CARTESIAN_POINT('',(1.83545803977874,1.52019176726409,-1.51955410846827));
#9889=CARTESIAN_POINT('',(1.82,1.53948085775372,-1.51955410846827));
#9890=CARTESIAN_POINT('',(1.35431457505076,1.75,-1.51955410846827));
#9891=CARTESIAN_POINT('',(1.73564627593724,1.75,-1.51955410846827));
#9892=CARTESIAN_POINT('',(1.74256517540567,1.75,-1.51955410846827));
#9893=VECTOR('',#11599,1000.0);
#9894=CARTESIAN_POINT('',(1.77951224953366,1.64052496214103,-1.51955410846827));
#9895=VECTOR('',#11600,1000.0);
#9896=CARTESIAN_POINT('',(1.48,1.65,-1.51955410846827));
#9897=CARTESIAN_POINT('',(1.48,2.05,-1.51955410846827));
#9898=VECTOR('',#11601,1000.0);
#9899=CARTESIAN_POINT('',(1.35431457505076,1.65,-1.51955410846827));
#9900=CARTESIAN_POINT('',(1.38,1.65,-1.51955410846827));
#9901=VECTOR('',#11602,1000.0);
#9902=CARTESIAN_POINT('',(1.35431457505076,1.85,-1.51955410846827));
#9903=VECTOR('',#11603,1000.0);
#9904=CARTESIAN_POINT('',(1.38,2.05,-1.41913780286484));
#9905=VECTOR('',#11604,1000.0);
#9906=CARTESIAN_POINT('',(1.40928932188135,2.05,-1.34842712474619));
#9907=VECTOR('',#11605,1000.0);
#9908=CARTESIAN_POINT('',(1.84842712474619,2.05,-0.909289321881345));
#9909=VECTOR('',#11606,1000.0);
#9910=CARTESIAN_POINT('',(1.91913780286485,2.05,-0.88));
#9911=VECTOR('',#11607,1000.0);
#9912=CARTESIAN_POINT('',(1.88803263325384,1.56674111499932,-1.48758674172211));
#9913=CARTESIAN_POINT('',(1.80367890919109,1.7772602572456,-1.48758674172211));
#9914=CARTESIAN_POINT('',(1.81017944246041,1.76103706493008,-1.48758674172211));
#9915=VECTOR('',#11608,1000.0);
#9916=CARTESIAN_POINT('',(1.98803263325384,1.7772602572456,-1.30323301765936));
#9917=CARTESIAN_POINT('',(2.6956328254566,1.7772602572456,-0.595632825456598));
#9918=VECTOR('',#11609,1000.0);
#9919=CARTESIAN_POINT('',(1.98803263325384,1.56674111499932,-1.38758674172211));
#9920=CARTESIAN_POINT('',(1.98803263325384,1.66778521938663,-1.34709899125577));
#9921=VECTOR('',#11610,1000.0);
#9922=CARTESIAN_POINT('',(1.97560402100881,1.47726025724541,-1.43586978270618));
#9923=CARTESIAN_POINT('',(1.97560402100881,1.47726025724541,-1.43586978270618));
#9924=CARTESIAN_POINT('',(1.98058783085996,1.48738113415215,-1.42683059979605));
#9925=CARTESIAN_POINT('',(1.98312158162501,1.49974868873964,-1.41934124605888));
#9926=CARTESIAN_POINT('',(1.98486276094057,1.5124146670564,-1.41252488722037));
#9927=CARTESIAN_POINT('',(1.98726818012593,1.52991257032935,-1.40310816593386));
#9928=CARTESIAN_POINT('',(1.98803263315829,1.5482030714072,-1.39501482174022));
#9929=CARTESIAN_POINT('',(1.98803263325384,1.56674111499932,-1.38758674172211));
#9930=CARTESIAN_POINT('',(1.96142348453708,1.45000380037349,-1.46097181361956));
#9931=CARTESIAN_POINT('',(1.9616820624078,1.45046552036157,-1.46052822739258));
#9932=CARTESIAN_POINT('',(1.96194146639809,1.45092633459822,-1.46008417797504));
#9933=CARTESIAN_POINT('',(1.96219920447485,1.45138897533023,-1.45964106260559));
#9934=CARTESIAN_POINT('',(1.96687784385815,1.45978714907398,-1.45159732671348));
#9935=CARTESIAN_POINT('',(1.97128257913276,1.46848448898566,-1.44370762088863));
#9936=CARTESIAN_POINT('',(1.97560402100881,1.47726025724541,-1.43586978270618));
#9937=CARTESIAN_POINT('',(1.93631567423774,1.4772602572456,-1.47515812947718));
#9938=CARTESIAN_POINT('',(1.93631567423772,1.47726025724562,-1.47515812947719));
#9939=CARTESIAN_POINT('',(1.94458727138127,1.46799864441637,-1.47059760356753));
#9940=CARTESIAN_POINT('',(1.9529263647752,1.45884341112143,-1.46592695578312));
#9941=CARTESIAN_POINT('',(1.96142135623731,1.45,-1.46097546470558));
#9942=CARTESIAN_POINT('',(1.93631567423774,1.4772602572456,-1.47515812947718));
#9943=CARTESIAN_POINT('',(1.92727649132765,1.48738113415235,-1.48014193932829));
#9944=CARTESIAN_POINT('',(1.91978713759051,1.49974868873981,-1.48267569009332));
#9945=CARTESIAN_POINT('',(1.91297077875202,1.51241466705655,-1.48441686940886));
#9946=CARTESIAN_POINT('',(1.90355405746555,1.52991257032945,-1.48682228859421));
#9947=CARTESIAN_POINT('',(1.89546071327193,1.54820307140726,-1.48758674162656));
#9948=CARTESIAN_POINT('',(1.88803263325384,1.56674111499932,-1.48758674172211));
#9949=CARTESIAN_POINT('',(2.1,0.170000000000001,1.355));
#9950=CARTESIAN_POINT('',(2.1,0.170000000000001,1.355));
#9951=VECTOR('',#11611,1000.0);
#9952=CARTESIAN_POINT('',(2.1,0.169999999112194,0.795));
#9953=CARTESIAN_POINT('',(2.1,0.170000000000001,-0.1));
#9954=VECTOR('',#11612,1000.0);
#9955=CARTESIAN_POINT('',(2.1,0.170000000000001,0.795));
#9956=VECTOR('',#11613,1000.0);
#9957=CARTESIAN_POINT('',(2.1,0.170000000000001,-0.795));
#9958=CARTESIAN_POINT('',(2.1,0.170000000000001,-0.795));
#9959=VECTOR('',#11614,1000.0);
#9960=CARTESIAN_POINT('',(2.1,0.169999999112194,-1.355));
#9961=CARTESIAN_POINT('',(2.1,0.170000000000001,-0.84357864376269));
#9962=VECTOR('',#11615,1000.0);
#9963=CARTESIAN_POINT('',(2.1,0.170000000000001,-1.355));
#9964=VECTOR('',#11616,1000.0);
#9965=CARTESIAN_POINT('',(2.1,1.4,-1.5));
#9966=CARTESIAN_POINT('',(2.1,1.45,-1.5));
#9967=VECTOR('',#11617,1000.0);
#9968=CARTESIAN_POINT('',(2.1,1.4,1.5));
#9969=CARTESIAN_POINT('',(2.1,1.4,0.0));
#9970=VECTOR('',#11618,1000.0);
#9971=CARTESIAN_POINT('',(2.1,1.45,1.5));
#9972=VECTOR('',#11619,1000.0);
#9974=CARTESIAN_POINT('',(2.05,1.45,-1.58660254037844));
#9975=CARTESIAN_POINT('',(2.08169872981078,1.41830127018922,-1.56830127018922));
#9976=CARTESIAN_POINT('',(2.1,1.4,-1.53660254037844));
#9977=CARTESIAN_POINT('',(2.1,1.4,-1.5));
#9984=CARTESIAN_POINT('',(2.05,0.0,0.55));
#9985=CARTESIAN_POINT('',(2.05,0.0,-0.55));
#9986=CARTESIAN_POINT('',(2.05,0.0,-0.55));
#9987=VECTOR('',#11620,1000.0);
#9988=CARTESIAN_POINT('',(1.6,0.0,0.55));
#9989=CARTESIAN_POINT('',(1.6,0.0,0.55));
#9990=VECTOR('',#11621,1000.0);
#9991=CARTESIAN_POINT('',(1.5,0.0,0.650000000000001));
#9992=AXIS2_PLACEMENT_3D('',#11622,#11623,#11624);
#9993=CARTESIAN_POINT('',(1.5,0.0,1.45));
#9994=CARTESIAN_POINT('',(1.5,0.0,1.45));
#9995=VECTOR('',#11625,1000.0);
#9996=CARTESIAN_POINT('',(1.4,0.0,1.55));
#9997=AXIS2_PLACEMENT_3D('',#11626,#11627,#11628);
#9998=CARTESIAN_POINT('',(-1.4,0.0,1.55));
#9999=CARTESIAN_POINT('',(0.0,0.0,1.55));
#10000=VECTOR('',#11629,1000.0);
#10001=CARTESIAN_POINT('',(-1.5,0.0,1.45));
#10002=AXIS2_PLACEMENT_3D('',#11630,#11631,#11632);
#10003=CARTESIAN_POINT('',(-1.5,0.0,0.650000000000001));
#10004=CARTESIAN_POINT('',(-1.5,0.0,1.45));
#10005=VECTOR('',#11633,1000.0);
#10006=CARTESIAN_POINT('',(-1.6,0.0,0.55));
#10007=AXIS2_PLACEMENT_3D('',#11634,#11635,#11636);
#10008=CARTESIAN_POINT('',(-2.05,0.0,0.55));
#10009=CARTESIAN_POINT('',(-1.6,0.0,0.55));
#10010=VECTOR('',#11637,1000.0);
#10011=CARTESIAN_POINT('',(-2.05,0.0,-0.55));
#10012=CARTESIAN_POINT('',(-2.05,0.0,-0.55));
#10013=VECTOR('',#11638,1000.0);
#10014=CARTESIAN_POINT('',(-1.6,0.0,-0.55));
#10015=CARTESIAN_POINT('',(-1.6,0.0,-0.55));
#10016=VECTOR('',#11639,1000.0);
#10017=CARTESIAN_POINT('',(-1.5,0.0,-0.650000000000001));
#10018=AXIS2_PLACEMENT_3D('',#11640,#11641,#11642);
#10019=CARTESIAN_POINT('',(-1.5,0.0,-1.45));
#10020=CARTESIAN_POINT('',(-1.5,0.0,-1.45));
#10021=VECTOR('',#11643,1000.0);
#10022=CARTESIAN_POINT('',(-1.4,0.0,-1.55));
#10023=AXIS2_PLACEMENT_3D('',#11644,#11645,#11646);
#10024=CARTESIAN_POINT('',(1.4,0.0,-1.55));
#10025=CARTESIAN_POINT('',(0.0,0.0,-1.55));
#10026=VECTOR('',#11647,1000.0);
#10027=CARTESIAN_POINT('',(1.5,0.0,-1.45));
#10028=AXIS2_PLACEMENT_3D('',#11648,#11649,#11650);
#10029=CARTESIAN_POINT('',(1.5,0.0,-0.650000000000001));
#10030=CARTESIAN_POINT('',(1.5,0.0,-1.45));
#10031=VECTOR('',#11651,1000.0);
#10032=CARTESIAN_POINT('',(1.6,0.0,-0.55));
#10033=AXIS2_PLACEMENT_3D('',#11652,#11653,#11654);
#10034=CARTESIAN_POINT('',(1.6,0.0,-0.55));
#10035=VECTOR('',#11655,1000.0);
#10036=CARTESIAN_POINT('',(2.05,0.07,-0.55));
#10037=VECTOR('',#11656,1000.0);
#10038=CARTESIAN_POINT('',(2.05,0.07,0.55));
#10039=VECTOR('',#11657,1000.0);
#10040=CARTESIAN_POINT('',(1.6,0.07,-0.55));
#10041=VECTOR('',#11658,1000.0);
#10042=CARTESIAN_POINT('',(1.5,0.07,-0.650000000000001));
#10043=VECTOR('',#11659,1000.0);
#10044=CARTESIAN_POINT('',(1.5,0.07,-1.45));
#10045=VECTOR('',#11660,1000.0);
#10046=CARTESIAN_POINT('',(1.4,0.07,-1.55));
#10047=VECTOR('',#11661,1000.0);
#10048=CARTESIAN_POINT('',(-1.4,0.07,-1.55));
#10049=VECTOR('',#11662,1000.0);
#10051=CARTESIAN_POINT('',(2.05,1.45,1.58660254037844));
#10052=CARTESIAN_POINT('',(2.08169872981078,1.41830127018922,1.56830127018922));
#10053=CARTESIAN_POINT('',(2.1,1.4,1.53660254037844));
#10054=CARTESIAN_POINT('',(2.1,1.4,1.5));
#10061=CARTESIAN_POINT('',(1.28360389693211,1.65,-1.49026478658693));
#10062=AXIS2_PLACEMENT_3D('',#11663,#11664,#11665);
#10063=CARTESIAN_POINT('',(1.28360389693211,1.75,-1.49026478658693));
#10064=CARTESIAN_POINT('',(1.28360389693211,1.85,-1.49026478658693));
#10065=VECTOR('',#11666,1000.0);
#10066=AXIS2_PLACEMENT_3D('',#11667,#11668,#11669);
#10067=CARTESIAN_POINT('',(1.24017243942703,1.65,-1.44683332908185));
#10068=VECTOR('',#11670,1000.0);
#10069=CARTESIAN_POINT('',(1.24017243942703,1.85,-1.44683332908185));
#10070=VECTOR('',#11671,1000.0);
#10071=CARTESIAN_POINT('',(1.28360389693211,1.75,-1.49026478658693));
#10072=VECTOR('',#11672,1000.0);
#10073=CARTESIAN_POINT('',(1.24017243942703,1.65,-1.30541197284454));
#10074=AXIS2_PLACEMENT_3D('',#11673,#11674,#11675);
#10075=CARTESIAN_POINT('',(1.24017243942703,1.75,-1.30541197284454));
#10076=CARTESIAN_POINT('',(1.24017243942703,1.85,-1.30541197284454));
#10077=VECTOR('',#11676,1000.0);
#10078=AXIS2_PLACEMENT_3D('',#11677,#11678,#11679);
#10079=CARTESIAN_POINT('',(1.80585786437627,1.75,-0.739726547895302));
#10080=CARTESIAN_POINT('',(1.80585786437627,1.65,-0.739726547895302));
#10081=CARTESIAN_POINT('',(1.80585786437627,1.85,-0.739726547895302));
#10082=VECTOR('',#11680,1000.0);
#10083=CARTESIAN_POINT('',(1.24017243942703,1.75,-1.30541197284454));
#10084=VECTOR('',#11681,1000.0);
#10085=CARTESIAN_POINT('',(1.80585786437627,1.65,-0.739726547895303));
#10086=VECTOR('',#11682,1000.0);
#10087=AXIS2_PLACEMENT_3D('',#11683,#11684,#11685);
#10088=AXIS2_PLACEMENT_3D('',#11686,#11687,#11688);
#10089=CARTESIAN_POINT('',(1.99071067811866,1.65,-0.783158005400379));
#10090=CARTESIAN_POINT('',(1.99071067811866,1.65,-0.783158005400379));
#10091=VECTOR('',#11689,1000.0);
#10092=CARTESIAN_POINT('',(1.99071067811866,1.75,-0.783158005400379));
#10093=CARTESIAN_POINT('',(1.99071067811866,1.85,-0.783158005400379));
#10094=VECTOR('',#11690,1000.0);
#10095=CARTESIAN_POINT('',(1.94727922061358,1.75,-0.739726547895303));
#10096=VECTOR('',#11691,1000.0);
#10097=AXIS2_PLACEMENT_3D('',#11692,#11693,#11694);
#10098=AXIS2_PLACEMENT_3D('',#11695,#11696,#11697);
#10099=CARTESIAN_POINT('',(1.92,1.85,-0.853868683519034));
#10100=CARTESIAN_POINT('',(1.92,1.85,-1.23520038440552));
#10101=CARTESIAN_POINT('',(1.92,1.85,-1.24211928387394));
#10102=VECTOR('',#11698,1000.0);
#10103=CARTESIAN_POINT('',(1.73564627593725,1.85,-1.41955410846827));
#10104=CARTESIAN_POINT('',(1.82782313796862,1.85,-1.32737724643689));
#10105=VECTOR('',#11699,1000.0);
#10106=CARTESIAN_POINT('',(1.35431457505076,1.85,-1.41955410846827));
#10107=CARTESIAN_POINT('',(1.35431457505076,1.85,-1.41955410846827));
#10108=VECTOR('',#11700,1000.0);
#10109=CARTESIAN_POINT('',(1.31088311754569,1.85,-1.37612265096319));
#10110=VECTOR('',#11701,1000.0);
#10111=CARTESIAN_POINT('',(1.87656854249492,1.85,-0.810437226013957));
#10112=CARTESIAN_POINT('',(1.87656854249492,1.85,-0.810437226013957));
#10113=VECTOR('',#11702,1000.0);
#10114=CARTESIAN_POINT('',(1.92,1.85,-0.853868683519033));
#10115=VECTOR('',#11703,1000.0);
#10117=CARTESIAN_POINT('',(1.92,1.55,-0.88));
#10118=CARTESIAN_POINT('',(1.97857864376269,1.55,-0.88));
#10119=CARTESIAN_POINT('',(2.02,1.59142135623731,-0.92142135623731));
#10120=CARTESIAN_POINT('',(2.02,1.65,-0.98));
#10127=AXIS2_PLACEMENT_3D('',#11704,#11705,#11706);
#10128=AXIS2_PLACEMENT_3D('',#11707,#11708,#11709);
#10129=AXIS2_PLACEMENT_3D('',#11710,#11711,#11712);
#10130=AXIS2_PLACEMENT_3D('',#11713,#11714,#11715);
#10131=AXIS2_PLACEMENT_3D('',#11716,#11717,#11718);
#10132=AXIS2_PLACEMENT_3D('',#11719,#11720,#11721);
#10133=AXIS2_PLACEMENT_3D('',#11722,#11723,#11724);
#10135=CARTESIAN_POINT('',(1.48,1.65,-1.51955410846827));
#10136=CARTESIAN_POINT('',(1.42142135623731,1.59142135623731,-1.51955410846827));
#10137=CARTESIAN_POINT('',(1.38,1.55,-1.47813275223096));
#10138=CARTESIAN_POINT('',(1.38,1.55,-1.41955410846827));
#10145=AXIS2_PLACEMENT_3D('',#11725,#11726,#11727);
#10146=AXIS2_PLACEMENT_3D('',#11728,#11729,#11730);
#10147=AXIS2_PLACEMENT_3D('',#11731,#11732,#11733);
#10148=AXIS2_PLACEMENT_3D('',#11734,#11735,#11736);
#10149=AXIS2_PLACEMENT_3D('',#11737,#11738,#11739);
#10150=AXIS2_PLACEMENT_3D('',#11740,#11741,#11742);
#10151=AXIS2_PLACEMENT_3D('',#11743,#11744,#11745);
#10152=AXIS2_PLACEMENT_3D('',#11746,#11747,#11748);
#10153=AXIS2_PLACEMENT_3D('',#11749,#11750,#11751);
#10155=CARTESIAN_POINT('',(1.93631567423772,1.47726025724562,-1.47515812947719));
#10156=CARTESIAN_POINT('',(1.92873021028931,1.46416666666667,-1.48799011454905));
#10157=CARTESIAN_POINT('',(1.91656608196776,1.45,-1.49469688397841));
#10164=CARTESIAN_POINT('',(1.88803263325384,1.56674111499932,-1.48758674172211));
#10165=CARTESIAN_POINT('',(1.87073028962694,1.55980817244422,-1.50766707274245));
#10166=CARTESIAN_POINT('',(1.84543241794323,1.54967147102784,-1.51955410846827));
#10167=CARTESIAN_POINT('',(1.82,1.53948085775372,-1.51955410846827));
#10168=AXIS2_PLACEMENT_3D('',#11752,#11753,#11754);
#10169=AXIS2_PLACEMENT_3D('',#11755,#11756,#11757);
#10171=CARTESIAN_POINT('',(1.99514277550996,1.45,-1.41612019043637));
#10172=CARTESIAN_POINT('',(1.9884360060806,1.46416666666658,-1.4282843187578));
#10173=CARTESIAN_POINT('',(1.97560402100882,1.47726025724543,-1.43586978270616));
#10180=AXIS2_PLACEMENT_3D('',#11758,#11759,#11760);
#10181=CARTESIAN_POINT('',(2.02,1.53948085775372,-1.31955410846827));
#10182=CARTESIAN_POINT('',(2.02,1.54967147102784,-1.3449865264115));
#10183=CARTESIAN_POINT('',(2.00811296427418,1.55980817244422,-1.37028439809521));
#10184=CARTESIAN_POINT('',(1.98803263325384,1.56674111499932,-1.38758674172211));
#10185=AXIS2_PLACEMENT_3D('',#11761,#11762,#11763);
#10186=CARTESIAN_POINT('',(-2.02,1.53948085775372,-1.31955410846827));
#10187=CARTESIAN_POINT('',(-2.02,2.05,-1.31955410846827));
#10188=VECTOR('',#11764,1000.0);
#10189=CARTESIAN_POINT('',(-1.99514277550983,1.45,-1.41612019043659));
#10190=CARTESIAN_POINT('',(-2.00404426095636,1.45903834880453,-1.39997548584169));
#10191=CARTESIAN_POINT('',(-2.00986132077788,1.47141837803784,-1.38426385283871));
#10192=CARTESIAN_POINT('',(-2.01368147650897,1.48516453533385,-1.36942880803934));
#10193=CARTESIAN_POINT('',(-2.01828053516176,1.50171343755273,-1.35156900180324));
#10194=CARTESIAN_POINT('',(-2.02,1.52019176726408,-1.33501214824713));
#10195=CARTESIAN_POINT('',(-2.02,1.53948085775372,-1.31955410846827));
#10196=CARTESIAN_POINT('',(-2.02,1.65,-0.98));
#10197=CARTESIAN_POINT('',(-2.02,2.05,-0.98));
#10198=VECTOR('',#11765,1000.0);
#10199=CARTESIAN_POINT('',(-2.02,1.65,-0.853868683519034));
#10200=CARTESIAN_POINT('',(-2.02,1.65,-1.31955410846827));
#10201=VECTOR('',#11766,1000.0);
#10202=CARTESIAN_POINT('',(-2.02,1.75,-0.853868683519034));
#10203=CARTESIAN_POINT('',(-2.02,1.85,-0.853868683519034));
#10204=VECTOR('',#11767,1000.0);
#10205=CARTESIAN_POINT('',(-2.02,1.75,-1.23520038440552));
#10206=CARTESIAN_POINT('',(-2.02,1.75,-0.853868683519034));
#10207=VECTOR('',#11768,1000.0);
#10208=CARTESIAN_POINT('',(-2.02,1.73377680768448,-1.24170091767483));
#10209=VECTOR('',#11769,1000.0);
#10210=CARTESIAN_POINT('',(-1.82,1.53948085775372,-1.51955410846827));
#10211=CARTESIAN_POINT('',(-1.82,2.05,-1.51955410846827));
#10212=VECTOR('',#11770,1000.0);
#10213=CARTESIAN_POINT('',(-1.91656608196779,1.45,-1.4946968839784));
#10214=CARTESIAN_POINT('',(-1.90042137737294,1.45903834880457,-1.50359836942483));
#10215=CARTESIAN_POINT('',(-1.88470974437003,1.47141837803788,-1.50941542924629));
#10216=CARTESIAN_POINT('',(-1.86987469957073,1.48516453533389,-1.51323558497733));
#10217=CARTESIAN_POINT('',(-1.85201489333474,1.50171343755277,-1.51783464363006));
#10218=CARTESIAN_POINT('',(-1.83545803977874,1.52019176726409,-1.51955410846827));
#10219=CARTESIAN_POINT('',(-1.82,1.53948085775372,-1.51955410846827));
#10220=CARTESIAN_POINT('',(-1.35431457505076,1.75,-1.51955410846827));
#10221=CARTESIAN_POINT('',(-1.73564627593724,1.75,-1.51955410846827));
#10222=CARTESIAN_POINT('',(-1.74256517540567,1.75,-1.51955410846827));
#10223=VECTOR('',#11771,1000.0);
#10224=CARTESIAN_POINT('',(-1.35431457505076,1.65,-1.51955410846827));
#10225=CARTESIAN_POINT('',(-1.35431457505076,1.85,-1.51955410846827));
#10226=VECTOR('',#11772,1000.0);
#10227=CARTESIAN_POINT('',(-1.48,1.65,-1.51955410846827));
#10228=CARTESIAN_POINT('',(-1.38,1.65,-1.51955410846827));
#10229=VECTOR('',#11773,1000.0);
#10230=CARTESIAN_POINT('',(-1.48,2.05,-1.51955410846827));
#10231=VECTOR('',#11774,1000.0);
#10232=CARTESIAN_POINT('',(-1.77951224953366,1.64052496214103,-1.51955410846827));
#10233=VECTOR('',#11775,1000.0);
#10234=CARTESIAN_POINT('',(-1.40928932188135,2.05,-1.34842712474619));
#10235=VECTOR('',#11776,1000.0);
#10236=CARTESIAN_POINT('',(-1.38,2.05,-1.41955410846827));
#10237=VECTOR('',#11777,1000.0);
#10238=CARTESIAN_POINT('',(-1.84842712474619,2.05,-0.909289321881345));
#10239=VECTOR('',#11778,1000.0);
#10240=CARTESIAN_POINT('',(-1.92,2.05,-0.88));
#10241=VECTOR('',#11779,1000.0);
#10242=CARTESIAN_POINT('',(-1.88803263325384,1.56674111499932,-1.48758674172211));
#10243=CARTESIAN_POINT('',(-1.80367890919109,1.7772602572456,-1.48758674172211));
#10244=CARTESIAN_POINT('',(-1.81017944246041,1.76103706493008,-1.48758674172211));
#10245=VECTOR('',#11780,1000.0);
#10246=CARTESIAN_POINT('',(-1.93631567423774,1.4772602572456,-1.47515812947718));
#10247=CARTESIAN_POINT('',(-1.93631567423774,1.4772602572456,-1.47515812947718));
#10248=CARTESIAN_POINT('',(-1.92727649132765,1.48738113415235,-1.48014193932829));
#10249=CARTESIAN_POINT('',(-1.9197871375905,1.49974868873981,-1.48267569009332));
#10250=CARTESIAN_POINT('',(-1.91297077875202,1.51241466705655,-1.48441686940886));
#10251=CARTESIAN_POINT('',(-1.90355405746555,1.52991257032946,-1.4868222885942));
#10252=CARTESIAN_POINT('',(-1.89546071327193,1.54820307140726,-1.48758674162656));
#10253=CARTESIAN_POINT('',(-1.88803263325384,1.56674111499932,-1.48758674172211));
#10254=CARTESIAN_POINT('',(-1.96141770515113,1.45000380037366,-1.46097759300544));
#10255=CARTESIAN_POINT('',(-1.96097411892419,1.45046552036168,-1.46123617087613));
#10256=CARTESIAN_POINT('',(-1.96053006950672,1.45092633459827,-1.46149557486639));
#10257=CARTESIAN_POINT('',(-1.96008695413732,1.45138897533022,-1.46175331294313));
#10258=CARTESIAN_POINT('',(-1.95204321824516,1.45978714907406,-1.46643195232644));
#10259=CARTESIAN_POINT('',(-1.94415351242024,1.46848448898579,-1.4708366876011));
#10260=CARTESIAN_POINT('',(-1.93631567423774,1.4772602572456,-1.47515812947718));
#10261=CARTESIAN_POINT('',(-1.97560402100881,1.47726025724541,-1.43586978270618));
#10262=CARTESIAN_POINT('',(-1.97560402100882,1.47726025724543,-1.43586978270616));
#10263=CARTESIAN_POINT('',(-1.97104349509919,1.46799864441625,-1.44414137984966));
#10264=CARTESIAN_POINT('',(-1.96637284731481,1.45884341112137,-1.45248047324353));
#10265=CARTESIAN_POINT('',(-1.96142135623731,1.45,-1.46097546470558));
#10266=CARTESIAN_POINT('',(-1.98803263325384,1.56674111499932,-1.38758674172211));
#10267=CARTESIAN_POINT('',(-1.97560402100881,1.47726025724541,-1.43586978270618));
#10268=CARTESIAN_POINT('',(-1.98058783085997,1.48738113415216,-1.42683059979605));
#10269=CARTESIAN_POINT('',(-1.98312158162501,1.49974868873965,-1.41934124605888));
#10270=CARTESIAN_POINT('',(-1.98486276094057,1.51241466705641,-1.41252488722037));
#10271=CARTESIAN_POINT('',(-1.98726818012593,1.52991257032935,-1.40310816593386));
#10272=CARTESIAN_POINT('',(-1.98803263315829,1.5482030714072,-1.39501482174022));
#10273=CARTESIAN_POINT('',(-1.98803263325384,1.56674111499932,-1.38758674172211));
#10274=CARTESIAN_POINT('',(-1.98803263325384,1.7772602572456,-1.30323301765936));
#10275=CARTESIAN_POINT('',(-1.98803263325384,1.66778521938663,-1.34709899125577));
#10276=VECTOR('',#11781,1000.0);
#10277=CARTESIAN_POINT('',(-2.6956328254566,1.7772602572456,-0.595632825456598));
#10278=VECTOR('',#11782,1000.0);
#10279=CARTESIAN_POINT('',(-2.1,0.170000000000001,1.355));
#10280=CARTESIAN_POINT('',(-2.1,0.169999999112194,0.795));
#10281=CARTESIAN_POINT('',(-2.1,0.170000000000001,-0.0999999999999996));
#10282=VECTOR('',#11783,1000.0);
#10283=CARTESIAN_POINT('',(-2.1,0.170000000000001,1.355));
#10284=VECTOR('',#11784,1000.0);
#10285=CARTESIAN_POINT('',(-2.1,1.4,1.5));
#10286=CARTESIAN_POINT('',(-2.1,1.45,1.5));
#10287=VECTOR('',#11785,1000.0);
#10288=CARTESIAN_POINT('',(-2.1,1.4,-1.5));
#10289=CARTESIAN_POINT('',(-2.1,1.4,0.0));
#10290=VECTOR('',#11786,1000.0);
#10291=CARTESIAN_POINT('',(-2.1,1.45,-1.5));
#10292=VECTOR('',#11787,1000.0);
#10293=CARTESIAN_POINT('',(-2.1,0.169999999112194,-1.355));
#10294=CARTESIAN_POINT('',(-2.1,0.170000000000001,-1.355));
#10295=VECTOR('',#11788,1000.0);
#10296=CARTESIAN_POINT('',(-2.1,0.170000000000001,-0.795));
#10297=CARTESIAN_POINT('',(-2.1,0.170000000000001,-0.84357864376269));
#10298=VECTOR('',#11789,1000.0);
#10299=CARTESIAN_POINT('',(-2.1,0.170000000000001,-0.795));
#10300=VECTOR('',#11790,1000.0);
#10301=CARTESIAN_POINT('',(-2.1,0.170000000000001,0.795));
#10302=VECTOR('',#11791,1000.0);
#10304=CARTESIAN_POINT('',(-2.05,1.45,-1.58660254037844));
#10305=CARTESIAN_POINT('',(-2.08169872981078,1.41830127018922,-1.56830127018922));
#10306=CARTESIAN_POINT('',(-2.1,1.4,-1.53660254037844));
#10307=CARTESIAN_POINT('',(-2.1,1.4,-1.5));
#10314=CARTESIAN_POINT('',(-2.05,0.07,0.55));
#10315=VECTOR('',#11792,1000.0);
#10316=CARTESIAN_POINT('',(-2.05,0.07,-0.55));
#10317=VECTOR('',#11793,1000.0);
#10318=CARTESIAN_POINT('',(-1.6,0.07,-0.55));
#10319=VECTOR('',#11794,1000.0);
#10320=CARTESIAN_POINT('',(-1.5,0.07,-0.650000000000001));
#10321=VECTOR('',#11795,1000.0);
#10322=CARTESIAN_POINT('',(-1.5,0.07,-1.45));
#10323=VECTOR('',#11796,1000.0);
#10325=CARTESIAN_POINT('',(-2.05,1.45,1.58660254037844));
#10326=CARTESIAN_POINT('',(-2.08169872981078,1.41830127018922,1.56830127018922));
#10327=CARTESIAN_POINT('',(-2.1,1.4,1.53660254037844));
#10328=CARTESIAN_POINT('',(-2.1,1.4,1.5));
#10335=CARTESIAN_POINT('',(-1.28360389693211,1.75,-1.49026478658693));
#10336=AXIS2_PLACEMENT_3D('',#11797,#11798,#11799);
#10337=CARTESIAN_POINT('',(-1.28360389693211,1.65,-1.49026478658693));
#10338=CARTESIAN_POINT('',(-1.28360389693211,1.85,-1.49026478658693));
#10339=VECTOR('',#11800,1000.0);
#10340=AXIS2_PLACEMENT_3D('',#11801,#11802,#11803);
#10341=CARTESIAN_POINT('',(-1.28360389693211,1.75,-1.49026478658693));
#10342=VECTOR('',#11804,1000.0);
#10343=CARTESIAN_POINT('',(-1.24017243942703,1.85,-1.44683332908185));
#10344=VECTOR('',#11805,1000.0);
#10345=CARTESIAN_POINT('',(-1.24017243942703,1.65,-1.44683332908185));
#10346=VECTOR('',#11806,1000.0);
#10347=CARTESIAN_POINT('',(-1.24017243942703,1.75,-1.30541197284454));
#10348=AXIS2_PLACEMENT_3D('',#11807,#11808,#11809);
#10349=CARTESIAN_POINT('',(-1.24017243942703,1.65,-1.30541197284454));
#10350=CARTESIAN_POINT('',(-1.24017243942703,1.85,-1.30541197284454));
#10351=VECTOR('',#11810,1000.0);
#10352=AXIS2_PLACEMENT_3D('',#11811,#11812,#11813);
#10353=CARTESIAN_POINT('',(-1.80585786437627,1.65,-0.739726547895303));
#10354=VECTOR('',#11814,1000.0);
#10355=CARTESIAN_POINT('',(-1.24017243942703,1.75,-1.30541197284454));
#10356=VECTOR('',#11815,1000.0);
#10357=CARTESIAN_POINT('',(-1.94727922061358,1.75,-0.739726547895303));
#10358=AXIS2_PLACEMENT_3D('',#11816,#11817,#11818);
#10359=CARTESIAN_POINT('',(-1.94727922061358,1.65,-0.739726547895303));
#10360=CARTESIAN_POINT('',(-1.94727922061358,1.85,-0.739726547895303));
#10361=VECTOR('',#11819,1000.0);
#10362=AXIS2_PLACEMENT_3D('',#11820,#11821,#11822);
#10363=CARTESIAN_POINT('',(-1.99071067811866,1.75,-0.783158005400379));
#10364=CARTESIAN_POINT('',(-1.94727922061358,1.75,-0.739726547895303));
#10365=VECTOR('',#11823,1000.0);
#10366=CARTESIAN_POINT('',(-1.99071067811866,1.65,-0.783158005400379));
#10367=CARTESIAN_POINT('',(-1.99071067811866,1.85,-0.783158005400379));
#10368=VECTOR('',#11824,1000.0);
#10369=CARTESIAN_POINT('',(-1.99071067811866,1.65,-0.783158005400379));
#10370=VECTOR('',#11825,1000.0);
#10371=AXIS2_PLACEMENT_3D('',#11826,#11827,#11828);
#10372=AXIS2_PLACEMENT_3D('',#11829,#11830,#11831);
#10373=CARTESIAN_POINT('',(-1.92,1.85,-0.853868683519034));
#10374=CARTESIAN_POINT('',(-1.92,1.85,-1.23520038440552));
#10375=CARTESIAN_POINT('',(-1.92,1.85,-1.24211928387394));
#10376=VECTOR('',#11832,1000.0);
#10377=CARTESIAN_POINT('',(-1.87656854249492,1.85,-0.810437226013957));
#10378=CARTESIAN_POINT('',(-1.92,1.85,-0.853868683519033));
#10379=VECTOR('',#11833,1000.0);
#10380=CARTESIAN_POINT('',(-1.87656854249492,1.85,-0.810437226013957));
#10381=VECTOR('',#11834,1000.0);
#10382=CARTESIAN_POINT('',(-1.35431457505076,1.85,-1.41955410846827));
#10383=CARTESIAN_POINT('',(-1.31088311754569,1.85,-1.37612265096319));
#10384=VECTOR('',#11835,1000.0);
#10385=CARTESIAN_POINT('',(-1.73564627593725,1.85,-1.41955410846827));
#10386=CARTESIAN_POINT('',(-1.35431457505076,1.85,-1.41955410846827));
#10387=VECTOR('',#11836,1000.0);
#10388=CARTESIAN_POINT('',(-1.82782313796862,1.85,-1.32737724643689));
#10389=VECTOR('',#11837,1000.0);
#10390=AXIS2_PLACEMENT_3D('',#11838,#11839,#11840);
#10392=CARTESIAN_POINT('',(-1.92,1.55,-0.88));
#10393=CARTESIAN_POINT('',(-1.97857864376269,1.55,-0.88));
#10394=CARTESIAN_POINT('',(-2.02,1.59142135623731,-0.92142135623731));
#10395=CARTESIAN_POINT('',(-2.02,1.65,-0.98));
#10402=AXIS2_PLACEMENT_3D('',#11841,#11842,#11843);
#10403=AXIS2_PLACEMENT_3D('',#11844,#11845,#11846);
#10404=AXIS2_PLACEMENT_3D('',#11847,#11848,#11849);
#10405=AXIS2_PLACEMENT_3D('',#11850,#11851,#11852);
#10406=AXIS2_PLACEMENT_3D('',#11853,#11854,#11855);
#10407=AXIS2_PLACEMENT_3D('',#11856,#11857,#11858);
#10409=CARTESIAN_POINT('',(-1.48,1.65,-1.51955410846827));
#10410=CARTESIAN_POINT('',(-1.42142135623731,1.59142135623731,-1.51955410846827));
#10411=CARTESIAN_POINT('',(-1.38,1.55,-1.47813275223096));
#10412=CARTESIAN_POINT('',(-1.38,1.55,-1.41955410846827));
#10419=AXIS2_PLACEMENT_3D('',#11859,#11860,#11861);
#10420=AXIS2_PLACEMENT_3D('',#11862,#11863,#11864);
#10421=AXIS2_PLACEMENT_3D('',#11865,#11866,#11867);
#10422=AXIS2_PLACEMENT_3D('',#11868,#11869,#11870);
#10423=AXIS2_PLACEMENT_3D('',#11871,#11872,#11873);
#10424=AXIS2_PLACEMENT_3D('',#11874,#11875,#11876);
#10425=AXIS2_PLACEMENT_3D('',#11877,#11878,#11879);
#10426=AXIS2_PLACEMENT_3D('',#11880,#11881,#11882);
#10427=AXIS2_PLACEMENT_3D('',#11883,#11884,#11885);
#10429=CARTESIAN_POINT('',(-1.91656608196776,1.45,-1.49469688397841));
#10430=CARTESIAN_POINT('',(-1.92873021028931,1.46416666666667,-1.48799011454905));
#10431=CARTESIAN_POINT('',(-1.93631567423772,1.47726025724562,-1.47515812947719));
#10438=CARTESIAN_POINT('',(-1.82,1.53948085775372,-1.51955410846827));
#10439=CARTESIAN_POINT('',(-1.84543244463296,1.54967148172225,-1.51955410846827));
#10440=CARTESIAN_POINT('',(-1.87073027146922,1.55980816516853,-1.50766709381549));
#10441=CARTESIAN_POINT('',(-1.88803263325384,1.56674111499932,-1.48758674172211));
#10442=AXIS2_PLACEMENT_3D('',#11886,#11887,#11888);
#10443=AXIS2_PLACEMENT_3D('',#11889,#11890,#11891);
#10445=CARTESIAN_POINT('',(-1.97560402100882,1.47726025724543,-1.43586978270616));
#10446=CARTESIAN_POINT('',(-1.9884360060806,1.46416666666658,-1.4282843187578));
#10447=CARTESIAN_POINT('',(-1.99514277550996,1.45,-1.41612019043637));
#10454=AXIS2_PLACEMENT_3D('',#11892,#11893,#11894);
#10455=CARTESIAN_POINT('',(-1.98803263325384,1.56674111499932,-1.38758674172211));
#10456=CARTESIAN_POINT('',(-2.00811298534722,1.55980816516853,-1.37028437993749));
#10457=CARTESIAN_POINT('',(-2.02,1.54967148172225,-1.34498655310123));
#10458=CARTESIAN_POINT('',(-2.02,1.53948085775372,-1.31955410846827));
#10459=AXIS2_PLACEMENT_3D('',#11895,#11896,#11897);
#10460=CARTESIAN_POINT('',(2.02,1.53948085775372,1.31955410846827));
#10461=CARTESIAN_POINT('',(2.02,2.05,1.31955410846827));
#10462=VECTOR('',#11898,1000.0);
#10463=CARTESIAN_POINT('',(1.99514277550983,1.45,1.41612019043659));
#10464=CARTESIAN_POINT('',(2.00404426095636,1.45903834880453,1.39997548584169));
#10465=CARTESIAN_POINT('',(2.00986132077788,1.47141837803784,1.38426385283871));
#10466=CARTESIAN_POINT('',(2.01368147650897,1.48516453533385,1.36942880803934));
#10467=CARTESIAN_POINT('',(2.01828053516176,1.50171343755273,1.35156900180324));
#10468=CARTESIAN_POINT('',(2.02,1.52019176726408,1.33501214824713));
#10469=CARTESIAN_POINT('',(2.02,1.53948085775372,1.31955410846827));
#10470=CARTESIAN_POINT('',(2.02,1.65,0.98));
#10471=CARTESIAN_POINT('',(2.02,2.05,0.98));
#10472=VECTOR('',#11899,1000.0);
#10473=CARTESIAN_POINT('',(2.02,1.65,0.853868683519034));
#10474=CARTESIAN_POINT('',(2.02,1.65,1.31955410846827));
#10475=VECTOR('',#11900,1000.0);
#10476=CARTESIAN_POINT('',(2.02,1.75,0.853868683519034));
#10477=CARTESIAN_POINT('',(2.02,1.85,0.853868683519034));
#10478=VECTOR('',#11901,1000.0);
#10479=CARTESIAN_POINT('',(2.02,1.75,1.23520038440552));
#10480=CARTESIAN_POINT('',(2.02,1.75,0.853868683519034));
#10481=VECTOR('',#11902,1000.0);
#10482=CARTESIAN_POINT('',(2.02,1.73377680768448,1.24170091767483));
#10483=VECTOR('',#11903,1000.0);
#10484=CARTESIAN_POINT('',(1.82,1.53948085775372,1.51955410846827));
#10485=CARTESIAN_POINT('',(1.82,2.05,1.51955410846827));
#10486=VECTOR('',#11904,1000.0);
#10487=CARTESIAN_POINT('',(1.91656612270163,1.45,1.49469686151953));
#10488=CARTESIAN_POINT('',(1.90042141248042,1.45903835055815,1.50359835496441));
#10489=CARTESIAN_POINT('',(1.88470976628559,1.47141837290509,1.50941542198807));
#10490=CARTESIAN_POINT('',(1.86987471934159,1.48516454455851,1.51323557988616));
#10491=CARTESIAN_POINT('',(1.85201491656145,1.50171345846749,1.51783463959298));
#10492=CARTESIAN_POINT('',(1.8354580487212,1.52019177177357,1.51955410846827));
#10493=CARTESIAN_POINT('',(1.82,1.53948085775372,1.51955410846827));
#10494=CARTESIAN_POINT('',(1.35431457505076,1.75,1.51955410846827));
#10495=CARTESIAN_POINT('',(1.73564627593724,1.75,1.51955410846827));
#10496=CARTESIAN_POINT('',(1.74256517540567,1.75,1.51955410846827));
#10497=VECTOR('',#11905,1000.0);
#10498=CARTESIAN_POINT('',(1.35431457505076,1.65,1.51955410846827));
#10499=CARTESIAN_POINT('',(1.35431457505076,1.85,1.51955410846827));
#10500=VECTOR('',#11906,1000.0);
#10501=CARTESIAN_POINT('',(1.48,1.65,1.51955410846827));
#10502=CARTESIAN_POINT('',(1.38,1.65,1.51955410846827));
#10503=VECTOR('',#11907,1000.0);
#10504=CARTESIAN_POINT('',(1.48,2.05,1.51955410846827));
#10505=VECTOR('',#11908,1000.0);
#10506=CARTESIAN_POINT('',(1.77951224953366,1.64052496214103,1.51955410846827));
#10507=VECTOR('',#11909,1000.0);
#10508=CARTESIAN_POINT('',(1.40928932188135,2.05,1.34842712474619));
#10509=VECTOR('',#11910,1000.0);
#10510=CARTESIAN_POINT('',(1.38,2.05,1.41955410846827));
#10511=VECTOR('',#11911,1000.0);
#10512=CARTESIAN_POINT('',(1.84842712474619,2.05,0.909289321881345));
#10513=VECTOR('',#11912,1000.0);
#10514=CARTESIAN_POINT('',(1.92,2.05,0.88));
#10515=VECTOR('',#11913,1000.0);
#10516=CARTESIAN_POINT('',(1.88803263325384,1.56674111499932,1.48758674172211));
#10517=CARTESIAN_POINT('',(1.80367890919109,1.7772602572456,1.48758674172211));
#10518=CARTESIAN_POINT('',(1.81017944246041,1.76103706493008,1.48758674172211));
#10519=VECTOR('',#11914,1000.0);
#10520=CARTESIAN_POINT('',(1.93631567423774,1.4772602572456,1.47515812947718));
#10521=CARTESIAN_POINT('',(1.93631567423774,1.4772602572456,1.47515812947718));
#10522=CARTESIAN_POINT('',(1.92727649132765,1.48738113415235,1.48014193932829));
#10523=CARTESIAN_POINT('',(1.9197871375905,1.49974868873982,1.48267569009332));
#10524=CARTESIAN_POINT('',(1.91297077875202,1.51241466705655,1.48441686940886));
#10525=CARTESIAN_POINT('',(1.90355405746555,1.52991257032945,1.4868222885942));
#10526=CARTESIAN_POINT('',(1.89546071327193,1.54820307140726,1.48758674162656));
#10527=CARTESIAN_POINT('',(1.88803263325384,1.56674111499932,1.48758674172211));
#10528=CARTESIAN_POINT('',(1.96141770515113,1.45000380037366,1.46097759300544));
#10529=CARTESIAN_POINT('',(1.96097411892419,1.45046552036168,1.46123617087613));
#10530=CARTESIAN_POINT('',(1.96053006950672,1.45092633459827,1.46149557486639));
#10531=CARTESIAN_POINT('',(1.96008695413732,1.45138897533022,1.46175331294313));
#10532=CARTESIAN_POINT('',(1.95204321824516,1.45978714907406,1.46643195232644));
#10533=CARTESIAN_POINT('',(1.94415351242024,1.46848448898579,1.4708366876011));
#10534=CARTESIAN_POINT('',(1.93631567423774,1.4772602572456,1.47515812947718));
#10535=CARTESIAN_POINT('',(1.97560402100881,1.47726025724541,1.43586978270618));
#10536=CARTESIAN_POINT('',(1.97560402100882,1.47726025724543,1.43586978270616));
#10537=CARTESIAN_POINT('',(1.97104349509919,1.46799864441625,1.44414137984966));
#10538=CARTESIAN_POINT('',(1.96637284731481,1.45884341112137,1.45248047324353));
#10539=CARTESIAN_POINT('',(1.96142135623731,1.45,1.46097546470558));
#10540=CARTESIAN_POINT('',(1.98803263325384,1.56674111499932,1.38758674172211));
#10541=CARTESIAN_POINT('',(1.97560402100881,1.47726025724541,1.43586978270618));
#10542=CARTESIAN_POINT('',(1.98058783085997,1.48738113415216,1.42683059979605));
#10543=CARTESIAN_POINT('',(1.98312158162502,1.49974868873964,1.41934124605888));
#10544=CARTESIAN_POINT('',(1.98486276094057,1.51241466705641,1.41252488722037));
#10545=CARTESIAN_POINT('',(1.98726818012593,1.52991257032936,1.40310816593386));
#10546=CARTESIAN_POINT('',(1.98803263315829,1.5482030714072,1.39501482174022));
#10547=CARTESIAN_POINT('',(1.98803263325384,1.56674111499932,1.38758674172211));
#10548=CARTESIAN_POINT('',(1.98803263325384,1.7772602572456,1.30323301765936));
#10549=CARTESIAN_POINT('',(1.98803263325384,1.66778521938663,1.34709899125577));
#10550=VECTOR('',#11915,1000.0);
#10551=CARTESIAN_POINT('',(2.6956328254566,1.7772602572456,0.595632825456598));
#10552=VECTOR('',#11916,1000.0);
#10553=CARTESIAN_POINT('',(1.6,0.07,0.55));
#10554=VECTOR('',#11917,1000.0);
#10555=CARTESIAN_POINT('',(1.5,0.07,0.650000000000001));
#10556=VECTOR('',#11918,1000.0);
#10557=CARTESIAN_POINT('',(1.5,0.07,1.45));
#10558=VECTOR('',#11919,1000.0);
#10559=CARTESIAN_POINT('',(1.4,0.07,1.55));
#10560=VECTOR('',#11920,1000.0);
#10561=CARTESIAN_POINT('',(-1.4,0.07,1.55));
#10562=VECTOR('',#11921,1000.0);
#10563=CARTESIAN_POINT('',(1.28360389693211,1.75,1.49026478658693));
#10564=AXIS2_PLACEMENT_3D('',#11922,#11923,#11924);
#10565=CARTESIAN_POINT('',(1.28360389693211,1.65,1.49026478658693));
#10566=CARTESIAN_POINT('',(1.28360389693211,1.85,1.49026478658693));
#10567=VECTOR('',#11925,1000.0);
#10568=AXIS2_PLACEMENT_3D('',#11926,#11927,#11928);
#10569=CARTESIAN_POINT('',(1.28360389693211,1.75,1.49026478658693));
#10570=VECTOR('',#11929,1000.0);
#10571=CARTESIAN_POINT('',(1.24017243942703,1.85,1.44683332908185));
#10572=VECTOR('',#11930,1000.0);
#10573=CARTESIAN_POINT('',(1.24017243942703,1.65,1.44683332908185));
#10574=VECTOR('',#11931,1000.0);
#10575=CARTESIAN_POINT('',(1.24017243942703,1.75,1.30541197284454));
#10576=AXIS2_PLACEMENT_3D('',#11932,#11933,#11934);
#10577=CARTESIAN_POINT('',(1.24017243942703,1.65,1.30541197284454));
#10578=CARTESIAN_POINT('',(1.24017243942703,1.85,1.30541197284454));
#10579=VECTOR('',#11935,1000.0);
#10580=AXIS2_PLACEMENT_3D('',#11936,#11937,#11938);
#10581=CARTESIAN_POINT('',(1.80585786437627,1.65,0.739726547895303));
#10582=VECTOR('',#11939,1000.0);
#10583=CARTESIAN_POINT('',(1.24017243942703,1.75,1.30541197284454));
#10584=VECTOR('',#11940,1000.0);
#10585=CARTESIAN_POINT('',(1.94727922061358,1.75,0.739726547895303));
#10586=AXIS2_PLACEMENT_3D('',#11941,#11942,#11943);
#10587=CARTESIAN_POINT('',(1.94727922061358,1.65,0.739726547895303));
#10588=CARTESIAN_POINT('',(1.94727922061358,1.85,0.739726547895303));
#10589=VECTOR('',#11944,1000.0);
#10590=AXIS2_PLACEMENT_3D('',#11945,#11946,#11947);
#10591=CARTESIAN_POINT('',(1.99071067811866,1.75,0.783158005400379));
#10592=CARTESIAN_POINT('',(1.94727922061358,1.75,0.739726547895303));
#10593=VECTOR('',#11948,1000.0);
#10594=CARTESIAN_POINT('',(1.99071067811866,1.65,0.783158005400379));
#10595=CARTESIAN_POINT('',(1.99071067811866,1.85,0.783158005400379));
#10596=VECTOR('',#11949,1000.0);
#10597=CARTESIAN_POINT('',(1.99071067811866,1.65,0.783158005400379));
#10598=VECTOR('',#11950,1000.0);
#10599=AXIS2_PLACEMENT_3D('',#11951,#11952,#11953);
#10600=AXIS2_PLACEMENT_3D('',#11954,#11955,#11956);
#10601=CARTESIAN_POINT('',(1.92,1.85,0.853868683519034));
#10602=CARTESIAN_POINT('',(1.92,1.85,1.23520038440552));
#10603=CARTESIAN_POINT('',(1.92,1.85,1.24211928387394));
#10604=VECTOR('',#11957,1000.0);
#10605=CARTESIAN_POINT('',(1.87656854249492,1.85,0.810437226013957));
#10606=CARTESIAN_POINT('',(1.92,1.85,0.853868683519033));
#10607=VECTOR('',#11958,1000.0);
#10608=CARTESIAN_POINT('',(1.87656854249492,1.85,0.810437226013957));
#10609=VECTOR('',#11959,1000.0);
#10610=CARTESIAN_POINT('',(1.35431457505076,1.85,1.41955410846827));
#10611=CARTESIAN_POINT('',(1.31088311754569,1.85,1.37612265096319));
#10612=VECTOR('',#11960,1000.0);
#10613=CARTESIAN_POINT('',(1.73564627593725,1.85,1.41955410846827));
#10614=CARTESIAN_POINT('',(1.35431457505076,1.85,1.41955410846827));
#10615=VECTOR('',#11961,1000.0);
#10616=CARTESIAN_POINT('',(1.82782313796862,1.85,1.32737724643689));
#10617=VECTOR('',#11962,1000.0);
#10618=AXIS2_PLACEMENT_3D('',#11963,#11964,#11965);
#10620=CARTESIAN_POINT('',(1.92,1.55,0.88));
#10621=CARTESIAN_POINT('',(1.97857864376269,1.55,0.88));
#10622=CARTESIAN_POINT('',(2.02,1.59142135623731,0.92142135623731));
#10623=CARTESIAN_POINT('',(2.02,1.65,0.98));
#10630=AXIS2_PLACEMENT_3D('',#11966,#11967,#11968);
#10631=AXIS2_PLACEMENT_3D('',#11969,#11970,#11971);
#10632=AXIS2_PLACEMENT_3D('',#11972,#11973,#11974);
#10633=AXIS2_PLACEMENT_3D('',#11975,#11976,#11977);
#10634=AXIS2_PLACEMENT_3D('',#11978,#11979,#11980);
#10635=AXIS2_PLACEMENT_3D('',#11981,#11982,#11983);
#10637=CARTESIAN_POINT('',(1.48,1.65,1.51955410846827));
#10638=CARTESIAN_POINT('',(1.42142135623731,1.59142135623731,1.51955410846827));
#10639=CARTESIAN_POINT('',(1.38,1.55,1.47813275223096));
#10640=CARTESIAN_POINT('',(1.38,1.55,1.41955410846827));
#10647=AXIS2_PLACEMENT_3D('',#11984,#11985,#11986);
#10648=AXIS2_PLACEMENT_3D('',#11987,#11988,#11989);
#10649=AXIS2_PLACEMENT_3D('',#11990,#11991,#11992);
#10650=AXIS2_PLACEMENT_3D('',#11993,#11994,#11995);
#10651=AXIS2_PLACEMENT_3D('',#11996,#11997,#11998);
#10652=AXIS2_PLACEMENT_3D('',#11999,#12000,#12001);
#10653=AXIS2_PLACEMENT_3D('',#12002,#12003,#12004);
#10654=AXIS2_PLACEMENT_3D('',#12005,#12006,#12007);
#10655=AXIS2_PLACEMENT_3D('',#12008,#12009,#12010);
#10657=CARTESIAN_POINT('',(1.91656608196776,1.45,1.49469688397841));
#10658=CARTESIAN_POINT('',(1.92873021028931,1.46416666666667,1.48799011454905));
#10659=CARTESIAN_POINT('',(1.93631567423772,1.47726025724562,1.47515812947719));
#10666=CARTESIAN_POINT('',(1.82,1.53948085775372,1.51955410846827));
#10667=CARTESIAN_POINT('',(1.84543244463296,1.54967148172225,1.51955410846827));
#10668=CARTESIAN_POINT('',(1.87073027146922,1.55980816516853,1.50766709381549));
#10669=CARTESIAN_POINT('',(1.88803263325384,1.56674111499932,1.48758674172211));
#10670=AXIS2_PLACEMENT_3D('',#12011,#12012,#12013);
#10671=AXIS2_PLACEMENT_3D('',#12014,#12015,#12016);
#10673=CARTESIAN_POINT('',(1.97560402100882,1.47726025724543,1.43586978270616));
#10674=CARTESIAN_POINT('',(1.9884360060806,1.46416666666658,1.4282843187578));
#10675=CARTESIAN_POINT('',(1.99514277550996,1.45,1.41612019043637));
#10682=AXIS2_PLACEMENT_3D('',#12017,#12018,#12019);
#10683=CARTESIAN_POINT('',(1.98803263325384,1.56674111499932,1.38758674172211));
#10684=CARTESIAN_POINT('',(2.00811298534722,1.55980816516853,1.37028437993749));
#10685=CARTESIAN_POINT('',(2.02,1.54967148172225,1.34498655310123));
#10686=CARTESIAN_POINT('',(2.02,1.53948085775372,1.31955410846827));
#10687=AXIS2_PLACEMENT_3D('',#12020,#12021,#12022);
#10688=CARTESIAN_POINT('',(-2.02,1.53948085775372,1.31955410846827));
#10689=CARTESIAN_POINT('',(-1.99514275305096,1.45,1.41612023117043));
#10690=CARTESIAN_POINT('',(-2.00404424649593,1.45903835055812,1.39997552094918));
#10691=CARTESIAN_POINT('',(-2.00986131351966,1.47141837290502,1.38426387475427));
#10692=CARTESIAN_POINT('',(-2.0136814714178,1.48516454455848,1.36942882781021));
#10693=CARTESIAN_POINT('',(-2.01828053112467,1.50171345846751,1.35156902503));
#10694=CARTESIAN_POINT('',(-2.02,1.52019177177356,1.3350121571896));
#10695=CARTESIAN_POINT('',(-2.02,1.53948085775372,1.31955410846827));
#10696=CARTESIAN_POINT('',(-2.02,2.05,1.31955410846827));
#10697=VECTOR('',#12023,1000.0);
#10698=CARTESIAN_POINT('',(-2.02,1.75,1.23520038440552));
#10699=CARTESIAN_POINT('',(-2.02,1.73377680768448,1.24170091767483));
#10700=VECTOR('',#12024,1000.0);
#10701=CARTESIAN_POINT('',(-2.02,1.75,0.853868683519034));
#10702=CARTESIAN_POINT('',(-2.02,1.75,0.853868683519034));
#10703=VECTOR('',#12025,1000.0);
#10704=CARTESIAN_POINT('',(-2.02,1.65,0.853868683519034));
#10705=CARTESIAN_POINT('',(-2.02,1.85,0.853868683519034));
#10706=VECTOR('',#12026,1000.0);
#10707=CARTESIAN_POINT('',(-2.02,1.65,0.98));
#10708=CARTESIAN_POINT('',(-2.02,1.65,1.31955410846827));
#10709=VECTOR('',#12027,1000.0);
#10710=CARTESIAN_POINT('',(-2.02,2.05,0.98));
#10711=VECTOR('',#12028,1000.0);
#10712=CARTESIAN_POINT('',(-1.82,1.53948085775372,1.51955410846827));
#10713=CARTESIAN_POINT('',(-1.82,2.05,1.51955410846827));
#10714=VECTOR('',#12029,1000.0);
#10715=CARTESIAN_POINT('',(-1.91656608196779,1.45,1.4946968839784));
#10716=CARTESIAN_POINT('',(-1.90042137737294,1.45903834880457,1.50359836942483));
#10717=CARTESIAN_POINT('',(-1.88470974437002,1.47141837803788,1.50941542924629));
#10718=CARTESIAN_POINT('',(-1.86987469957073,1.48516453533389,1.51323558497733));
#10719=CARTESIAN_POINT('',(-1.85201489333474,1.50171343755277,1.51783464363006));
#10720=CARTESIAN_POINT('',(-1.83545803977874,1.52019176726409,1.51955410846827));
#10721=CARTESIAN_POINT('',(-1.82,1.53948085775372,1.51955410846827));
#10722=CARTESIAN_POINT('',(-1.35431457505076,1.75,1.51955410846827));
#10723=CARTESIAN_POINT('',(-1.73564627593724,1.75,1.51955410846827));
#10724=CARTESIAN_POINT('',(-1.74256517540567,1.75,1.51955410846827));
#10725=VECTOR('',#12030,1000.0);
#10726=CARTESIAN_POINT('',(-1.77951224953366,1.64052496214103,1.51955410846827));
#10727=VECTOR('',#12031,1000.0);
#10728=CARTESIAN_POINT('',(-1.48,1.65,1.51955410846827));
#10729=CARTESIAN_POINT('',(-1.48,2.05,1.51955410846827));
#10730=VECTOR('',#12032,1000.0);
#10731=CARTESIAN_POINT('',(-1.35431457505076,1.65,1.51955410846827));
#10732=CARTESIAN_POINT('',(-1.38,1.65,1.51955410846827));
#10733=VECTOR('',#12033,1000.0);
#10734=CARTESIAN_POINT('',(-1.35431457505076,1.85,1.51955410846827));
#10735=VECTOR('',#12034,1000.0);
#10736=CARTESIAN_POINT('',(-1.38,2.05,1.41913780286484));
#10737=VECTOR('',#12035,1000.0);
#10738=CARTESIAN_POINT('',(-1.40928932188135,2.05,1.34842712474619));
#10739=VECTOR('',#12036,1000.0);
#10740=CARTESIAN_POINT('',(-1.84842712474619,2.05,0.909289321881345));
#10741=VECTOR('',#12037,1000.0);
#10742=CARTESIAN_POINT('',(-1.91913780286485,2.05,0.88));
#10743=VECTOR('',#12038,1000.0);
#10744=CARTESIAN_POINT('',(-1.88803263325384,1.56674111499932,1.48758674172211));
#10745=CARTESIAN_POINT('',(-1.80367890919109,1.7772602572456,1.48758674172211));
#10746=CARTESIAN_POINT('',(-1.81017944246041,1.76103706493008,1.48758674172211));
#10747=VECTOR('',#12039,1000.0);
#10748=CARTESIAN_POINT('',(-1.98803263325384,1.7772602572456,1.30323301765936));
#10749=CARTESIAN_POINT('',(-2.6956328254566,1.7772602572456,0.595632825456598));
#10750=VECTOR('',#12040,1000.0);
#10751=CARTESIAN_POINT('',(-1.98803263325384,1.56674111499932,1.38758674172211));
#10752=CARTESIAN_POINT('',(-1.98803263325384,1.66778521938663,1.34709899125577));
#10753=VECTOR('',#12041,1000.0);
#10754=CARTESIAN_POINT('',(-1.97560402100881,1.47726025724541,1.43586978270618));
#10755=CARTESIAN_POINT('',(-1.97560402100881,1.47726025724541,1.43586978270618));
#10756=CARTESIAN_POINT('',(-1.98058783085996,1.48738113415215,1.42683059979605));
#10757=CARTESIAN_POINT('',(-1.98312158162501,1.49974868873964,1.41934124605888));
#10758=CARTESIAN_POINT('',(-1.98486276094057,1.5124146670564,1.41252488722037));
#10759=CARTESIAN_POINT('',(-1.98726818012593,1.52991257032935,1.40310816593387));
#10760=CARTESIAN_POINT('',(-1.98803263315829,1.5482030714072,1.39501482174022));
#10761=CARTESIAN_POINT('',(-1.98803263325384,1.56674111499932,1.38758674172211));
#10762=CARTESIAN_POINT('',(-1.96142348453708,1.45000380037349,1.46097181361956));
#10763=CARTESIAN_POINT('',(-1.9616820624078,1.45046552036157,1.46052822739258));
#10764=CARTESIAN_POINT('',(-1.96194146639809,1.45092633459822,1.46008417797504));
#10765=CARTESIAN_POINT('',(-1.96219920447485,1.45138897533023,1.45964106260559));
#10766=CARTESIAN_POINT('',(-1.96687784385815,1.45978714907398,1.45159732671348));
#10767=CARTESIAN_POINT('',(-1.97128257913276,1.46848448898566,1.44370762088863));
#10768=CARTESIAN_POINT('',(-1.97560402100881,1.47726025724541,1.43586978270618));
#10769=CARTESIAN_POINT('',(-1.93631567423774,1.4772602572456,1.47515812947718));
#10770=CARTESIAN_POINT('',(-1.93631567423772,1.47726025724562,1.47515812947719));
#10771=CARTESIAN_POINT('',(-1.94458727138127,1.46799864441637,1.47059760356753));
#10772=CARTESIAN_POINT('',(-1.9529263647752,1.45884341112143,1.46592695578312));
#10773=CARTESIAN_POINT('',(-1.96142135623731,1.45,1.46097546470558));
#10774=CARTESIAN_POINT('',(-1.93631567423774,1.4772602572456,1.47515812947718));
#10775=CARTESIAN_POINT('',(-1.92727649132765,1.48738113415235,1.48014193932829));
#10776=CARTESIAN_POINT('',(-1.91978713759051,1.49974868873982,1.48267569009331));
#10777=CARTESIAN_POINT('',(-1.91297077875202,1.51241466705655,1.48441686940886));
#10778=CARTESIAN_POINT('',(-1.90355405746555,1.52991257032946,1.4868222885942));
#10779=CARTESIAN_POINT('',(-1.89546071327193,1.54820307140726,1.48758674162656));
#10780=CARTESIAN_POINT('',(-1.88803263325384,1.56674111499932,1.48758674172211));
#10781=CARTESIAN_POINT('',(-1.6,0.07,0.55));
#10782=VECTOR('',#12042,1000.0);
#10783=CARTESIAN_POINT('',(-1.5,0.07,0.650000000000001));
#10784=VECTOR('',#12043,1000.0);
#10785=CARTESIAN_POINT('',(-1.5,0.07,1.45));
#10786=VECTOR('',#12044,1000.0);
#10787=CARTESIAN_POINT('',(-1.28360389693211,1.65,1.49026478658693));
#10788=AXIS2_PLACEMENT_3D('',#12045,#12046,#12047);
#10789=CARTESIAN_POINT('',(-1.28360389693211,1.75,1.49026478658693));
#10790=CARTESIAN_POINT('',(-1.28360389693211,1.85,1.49026478658693));
#10791=VECTOR('',#12048,1000.0);
#10792=AXIS2_PLACEMENT_3D('',#12049,#12050,#12051);
#10793=CARTESIAN_POINT('',(-1.24017243942703,1.65,1.44683332908185));
#10794=VECTOR('',#12052,1000.0);
#10795=CARTESIAN_POINT('',(-1.24017243942703,1.85,1.44683332908185));
#10796=VECTOR('',#12053,1000.0);
#10797=CARTESIAN_POINT('',(-1.28360389693211,1.75,1.49026478658693));
#10798=VECTOR('',#12054,1000.0);
#10799=CARTESIAN_POINT('',(-1.24017243942703,1.65,1.30541197284454));
#10800=AXIS2_PLACEMENT_3D('',#12055,#12056,#12057);
#10801=CARTESIAN_POINT('',(-1.24017243942703,1.75,1.30541197284454));
#10802=CARTESIAN_POINT('',(-1.24017243942703,1.85,1.30541197284454));
#10803=VECTOR('',#12058,1000.0);
#10804=AXIS2_PLACEMENT_3D('',#12059,#12060,#12061);
#10805=CARTESIAN_POINT('',(-1.80585786437627,1.75,0.739726547895302));
#10806=CARTESIAN_POINT('',(-1.80585786437627,1.65,0.739726547895302));
#10807=CARTESIAN_POINT('',(-1.80585786437627,1.85,0.739726547895302));
#10808=VECTOR('',#12062,1000.0);
#10809=CARTESIAN_POINT('',(-1.24017243942703,1.75,1.30541197284454));
#10810=VECTOR('',#12063,1000.0);
#10811=CARTESIAN_POINT('',(-1.80585786437627,1.65,0.739726547895303));
#10812=VECTOR('',#12064,1000.0);
#10813=AXIS2_PLACEMENT_3D('',#12065,#12066,#12067);
#10814=AXIS2_PLACEMENT_3D('',#12068,#12069,#12070);
#10815=CARTESIAN_POINT('',(-1.99071067811866,1.65,0.783158005400379));
#10816=CARTESIAN_POINT('',(-1.99071067811866,1.65,0.783158005400379));
#10817=VECTOR('',#12071,1000.0);
#10818=CARTESIAN_POINT('',(-1.99071067811866,1.75,0.783158005400379));
#10819=CARTESIAN_POINT('',(-1.99071067811866,1.85,0.783158005400379));
#10820=VECTOR('',#12072,1000.0);
#10821=CARTESIAN_POINT('',(-1.94727922061358,1.75,0.739726547895303));
#10822=VECTOR('',#12073,1000.0);
#10823=AXIS2_PLACEMENT_3D('',#12074,#12075,#12076);
#10824=AXIS2_PLACEMENT_3D('',#12077,#12078,#12079);
#10825=CARTESIAN_POINT('',(-1.92,1.85,0.853868683519034));
#10826=CARTESIAN_POINT('',(-1.92,1.85,1.23520038440552));
#10827=CARTESIAN_POINT('',(-1.92,1.85,1.24211928387394));
#10828=VECTOR('',#12080,1000.0);
#10829=CARTESIAN_POINT('',(-1.73564627593725,1.85,1.41955410846827));
#10830=CARTESIAN_POINT('',(-1.82782313796862,1.85,1.32737724643689));
#10831=VECTOR('',#12081,1000.0);
#10832=CARTESIAN_POINT('',(-1.35431457505076,1.85,1.41955410846827));
#10833=CARTESIAN_POINT('',(-1.35431457505076,1.85,1.41955410846827));
#10834=VECTOR('',#12082,1000.0);
#10835=CARTESIAN_POINT('',(-1.31088311754569,1.85,1.37612265096319));
#10836=VECTOR('',#12083,1000.0);
#10837=CARTESIAN_POINT('',(-1.87656854249492,1.85,0.810437226013957));
#10838=CARTESIAN_POINT('',(-1.87656854249492,1.85,0.810437226013957));
#10839=VECTOR('',#12084,1000.0);
#10840=CARTESIAN_POINT('',(-1.92,1.85,0.853868683519033));
#10841=VECTOR('',#12085,1000.0);
#10843=CARTESIAN_POINT('',(-1.92,1.55,0.88));
#10844=CARTESIAN_POINT('',(-1.97857864376269,1.55,0.88));
#10845=CARTESIAN_POINT('',(-2.02,1.59142135623731,0.92142135623731));
#10846=CARTESIAN_POINT('',(-2.02,1.65,0.98));
#10853=AXIS2_PLACEMENT_3D('',#12086,#12087,#12088);
#10854=AXIS2_PLACEMENT_3D('',#12089,#12090,#12091);
#10855=AXIS2_PLACEMENT_3D('',#12092,#12093,#12094);
#10856=AXIS2_PLACEMENT_3D('',#12095,#12096,#12097);
#10857=AXIS2_PLACEMENT_3D('',#12098,#12099,#12100);
#10858=AXIS2_PLACEMENT_3D('',#12101,#12102,#12103);
#10859=AXIS2_PLACEMENT_3D('',#12104,#12105,#12106);
#10861=CARTESIAN_POINT('',(-1.48,1.65,1.51955410846827));
#10862=CARTESIAN_POINT('',(-1.42142135623731,1.59142135623731,1.51955410846827));
#10863=CARTESIAN_POINT('',(-1.38,1.55,1.47813275223096));
#10864=CARTESIAN_POINT('',(-1.38,1.55,1.41955410846827));
#10871=AXIS2_PLACEMENT_3D('',#12107,#12108,#12109);
#10872=AXIS2_PLACEMENT_3D('',#12110,#12111,#12112);
#10873=AXIS2_PLACEMENT_3D('',#12113,#12114,#12115);
#10874=AXIS2_PLACEMENT_3D('',#12116,#12117,#12118);
#10875=AXIS2_PLACEMENT_3D('',#12119,#12120,#12121);
#10876=AXIS2_PLACEMENT_3D('',#12122,#12123,#12124);
#10877=AXIS2_PLACEMENT_3D('',#12125,#12126,#12127);
#10878=AXIS2_PLACEMENT_3D('',#12128,#12129,#12130);
#10879=AXIS2_PLACEMENT_3D('',#12131,#12132,#12133);
#10881=CARTESIAN_POINT('',(-1.93631567423772,1.47726025724562,1.47515812947719));
#10882=CARTESIAN_POINT('',(-1.92873021028931,1.46416666666667,1.48799011454905));
#10883=CARTESIAN_POINT('',(-1.91656608196776,1.45,1.49469688397841));
#10890=CARTESIAN_POINT('',(-1.88803263325384,1.56674111499932,1.48758674172211));
#10891=CARTESIAN_POINT('',(-1.87073028962694,1.55980817244422,1.50766707274245));
#10892=CARTESIAN_POINT('',(-1.84543241794323,1.54967147102784,1.51955410846827));
#10893=CARTESIAN_POINT('',(-1.82,1.53948085775372,1.51955410846827));
#10894=AXIS2_PLACEMENT_3D('',#12134,#12135,#12136);
#10895=AXIS2_PLACEMENT_3D('',#12137,#12138,#12139);
#10897=CARTESIAN_POINT('',(-1.99514277550996,1.45,1.41612019043637));
#10898=CARTESIAN_POINT('',(-1.9884360060806,1.46416666666658,1.4282843187578));
#10899=CARTESIAN_POINT('',(-1.97560402100882,1.47726025724543,1.43586978270616));
#10906=AXIS2_PLACEMENT_3D('',#12140,#12141,#12142);
#10907=CARTESIAN_POINT('',(-2.02,1.53948085775372,1.31955410846827));
#10908=CARTESIAN_POINT('',(-2.02,1.54967147102784,1.3449865264115));
#10909=CARTESIAN_POINT('',(-2.00811296427418,1.55980817244422,1.37028439809521));
#10910=CARTESIAN_POINT('',(-1.98803263325384,1.56674111499932,1.38758674172211));
#10911=AXIS2_PLACEMENT_3D('',#12143,#12144,#12145);
#10912=CARTESIAN_POINT('',(-2.20759623608072,0.157129714010047,1.355));
#10913=CARTESIAN_POINT('',(-2.29976735390786,0.590760730163908,1.355));
#10914=CARTESIAN_POINT('',(-2.29976735390786,0.590760730163908,1.355));
#10915=VECTOR('',#12146,1000.0);
#10916=CARTESIAN_POINT('',(-2.29976735390786,0.590760730163908,0.795));
#10917=CARTESIAN_POINT('',(-2.29976735390786,0.590760730163908,0.795));
#10918=VECTOR('',#12147,1000.0);
#10919=CARTESIAN_POINT('',(-2.20759623608072,0.157129714010047,0.795));
#10920=CARTESIAN_POINT('',(-2.03987774038566,-0.63192377075335,0.795));
#10921=VECTOR('',#12148,1000.0);
#10922=CARTESIAN_POINT('',(-2.20759623608072,0.157129714010047,-0.0999999999999996));
#10923=VECTOR('',#12149,1000.0);
#10924=CARTESIAN_POINT('',(-2.20195259383448,0.611551899245684,1.355));
#10925=CARTESIAN_POINT('',(-2.20195259383448,0.611551899245684,1.355));
#10926=VECTOR('',#12150,1000.0);
#10927=CARTESIAN_POINT('',(-2.20195259383448,0.611551899245684,0.795));
#10928=CARTESIAN_POINT('',(-2.20195259383448,0.611551899245684,0.795));
#10929=VECTOR('',#12151,1000.0);
#10930=CARTESIAN_POINT('',(-2.20195259383448,0.611551899245684,0.795));
#10931=VECTOR('',#12152,1000.0);
#10932=CARTESIAN_POINT('',(-2.10978147600734,0.177920883091823,1.355));
#10933=CARTESIAN_POINT('',(-2.20195259383448,0.611551899245684,1.355));
#10934=VECTOR('',#12153,1000.0);
#10935=AXIS2_PLACEMENT_3D('',#12154,#12155,#12156);
#10936=AXIS2_PLACEMENT_3D('',#12157,#12158,#12159);
#10937=AXIS2_PLACEMENT_3D('',#12160,#12161,#12162);
#10938=CARTESIAN_POINT('',(-2.1097814774452,0.177920882786196,0.795));
#10939=CARTESIAN_POINT('',(-1.94206298031228,-0.611132601671574,0.795));
#10940=VECTOR('',#12163,1000.0);
#10941=AXIS2_PLACEMENT_3D('',#12164,#12165,#12166);
#10942=CARTESIAN_POINT('',(-2.10978147600734,0.177920883091823,-0.0999999999999996));
#10943=VECTOR('',#12167,1000.0);
#10944=CARTESIAN_POINT('',(2.20759623608072,0.157129714010047,1.355));
#10945=AXIS2_PLACEMENT_3D('',#12168,#12169,#12170);
#10946=CARTESIAN_POINT('',(2.29976735390786,0.590760730163908,1.355));
#10947=CARTESIAN_POINT('',(2.29976735390786,0.590760730163908,1.355));
#10948=VECTOR('',#12171,1000.0);
#10949=CARTESIAN_POINT('',(2.20195259383448,0.611551899245684,1.355));
#10950=CARTESIAN_POINT('',(2.20195259383448,0.611551899245684,1.355));
#10951=VECTOR('',#12172,1000.0);
#10952=CARTESIAN_POINT('',(2.10978147600734,0.177920883091823,1.355));
#10953=CARTESIAN_POINT('',(2.20195259383448,0.611551899245684,1.355));
#10954=VECTOR('',#12173,1000.0);
#10955=AXIS2_PLACEMENT_3D('',#12174,#12175,#12176);
#10956=CARTESIAN_POINT('',(2.1097814774452,0.177920882786196,0.795));
#10957=AXIS2_PLACEMENT_3D('',#12177,#12178,#12179);
#10958=CARTESIAN_POINT('',(2.20195259383448,0.611551899245684,0.795));
#10959=CARTESIAN_POINT('',(1.94206298031228,-0.611132601671574,0.795));
#10960=VECTOR('',#12180,1000.0);
#10961=CARTESIAN_POINT('',(2.29976735390786,0.590760730163908,0.795));
#10962=CARTESIAN_POINT('',(2.20195259383448,0.611551899245684,0.795));
#10963=VECTOR('',#12181,1000.0);
#10964=CARTESIAN_POINT('',(2.20759623608072,0.157129714010047,0.795));
#10965=CARTESIAN_POINT('',(2.03987774038566,-0.63192377075335,0.795));
#10966=VECTOR('',#12182,1000.0);
#10967=AXIS2_PLACEMENT_3D('',#12183,#12184,#12185);
#10968=CARTESIAN_POINT('',(2.10978147600734,0.177920883091823,-0.1));
#10969=VECTOR('',#12186,1000.0);
#10970=CARTESIAN_POINT('',(2.20759623608072,0.157129714010047,-0.1));
#10971=VECTOR('',#12187,1000.0);
#10972=CARTESIAN_POINT('',(2.29976735390786,0.590760730163908,0.795));
#10973=VECTOR('',#12188,1000.0);
#10974=CARTESIAN_POINT('',(2.20195259383448,0.611551899245684,0.795));
#10975=VECTOR('',#12189,1000.0);
#10976=CARTESIAN_POINT('',(-2.20759623608072,0.157129714010047,-0.795));
#10977=CARTESIAN_POINT('',(-2.29976735390786,0.590760730163908,-0.795));
#10978=CARTESIAN_POINT('',(-2.29976735390786,0.590760730163908,-0.795));
#10979=VECTOR('',#12190,1000.0);
#10980=CARTESIAN_POINT('',(-2.29976735390786,0.590760730163908,-1.355));
#10981=CARTESIAN_POINT('',(-2.29976735390786,0.590760730163908,-1.355));
#10982=VECTOR('',#12191,1000.0);
#10983=CARTESIAN_POINT('',(-2.20759623608072,0.157129714010047,-1.355));
#10984=CARTESIAN_POINT('',(-2.04507553265611,-0.607470080735005,-1.355));
#10985=VECTOR('',#12192,1000.0);
#10986=CARTESIAN_POINT('',(-2.20759623608072,0.157129714010047,-0.84357864376269));
#10987=VECTOR('',#12193,1000.0);
#10988=CARTESIAN_POINT('',(-2.20195259383448,0.611551899245684,-0.795));
#10989=CARTESIAN_POINT('',(-2.20195259383448,0.611551899245684,-0.795));
#10990=VECTOR('',#12194,1000.0);
#10991=CARTESIAN_POINT('',(-2.20195259383448,0.611551899245684,-1.355));
#10992=CARTESIAN_POINT('',(-2.20195259383448,0.611551899245684,-1.355));
#10993=VECTOR('',#12195,1000.0);
#10994=CARTESIAN_POINT('',(-2.20195259383448,0.611551899245684,-1.355));
#10995=VECTOR('',#12196,1000.0);
#10996=CARTESIAN_POINT('',(-2.10978147600734,0.177920883091823,-0.795));
#10997=CARTESIAN_POINT('',(-2.20195259383448,0.611551899245684,-0.795));
#10998=VECTOR('',#12197,1000.0);
#10999=AXIS2_PLACEMENT_3D('',#12198,#12199,#12200);
#11000=AXIS2_PLACEMENT_3D('',#12201,#12202,#12203);
#11001=AXIS2_PLACEMENT_3D('',#12204,#12205,#12206);
#11002=CARTESIAN_POINT('',(-2.1097814774452,0.177920882786196,-1.355));
#11003=CARTESIAN_POINT('',(-1.94726077258273,-0.586678911653229,-1.355));
#11004=VECTOR('',#12207,1000.0);
#11005=AXIS2_PLACEMENT_3D('',#12208,#12209,#12210);
#11006=CARTESIAN_POINT('',(-2.10978147600734,0.177920883091823,-0.84357864376269));
#11007=VECTOR('',#12211,1000.0);
#11008=CARTESIAN_POINT('',(2.20759623608072,0.157129714010047,-0.795));
#11009=AXIS2_PLACEMENT_3D('',#12212,#12213,#12214);
#11010=CARTESIAN_POINT('',(2.29976735390786,0.590760730163908,-0.795));
#11011=CARTESIAN_POINT('',(2.29976735390786,0.590760730163908,-0.795));
#11012=VECTOR('',#12215,1000.0);
#11013=CARTESIAN_POINT('',(2.20195259383448,0.611551899245684,-0.795));
#11014=CARTESIAN_POINT('',(2.20195259383448,0.611551899245684,-0.795));
#11015=VECTOR('',#12216,1000.0);
#11016=CARTESIAN_POINT('',(2.10978147600734,0.177920883091823,-0.795));
#11017=CARTESIAN_POINT('',(2.20195259383448,0.611551899245684,-0.795));
#11018=VECTOR('',#12217,1000.0);
#11019=AXIS2_PLACEMENT_3D('',#12218,#12219,#12220);
#11020=CARTESIAN_POINT('',(2.1097814774452,0.177920882786196,-1.355));
#11021=AXIS2_PLACEMENT_3D('',#12221,#12222,#12223);
#11022=CARTESIAN_POINT('',(2.20195259383448,0.611551899245684,-1.355));
#11023=CARTESIAN_POINT('',(1.94726077258273,-0.586678911653229,-1.355));
#11024=VECTOR('',#12224,1000.0);
#11025=CARTESIAN_POINT('',(2.29976735390786,0.590760730163908,-1.355));
#11026=CARTESIAN_POINT('',(2.20195259383448,0.611551899245684,-1.355));
#11027=VECTOR('',#12225,1000.0);
#11028=CARTESIAN_POINT('',(2.20759623608072,0.157129714010047,-1.355));
#11029=CARTESIAN_POINT('',(2.04507553265611,-0.607470080735005,-1.355));
#11030=VECTOR('',#12226,1000.0);
#11031=AXIS2_PLACEMENT_3D('',#12227,#12228,#12229);
#11032=CARTESIAN_POINT('',(2.10978147600734,0.177920883091823,-0.84357864376269));
#11033=VECTOR('',#12230,1000.0);
#11034=CARTESIAN_POINT('',(2.20759623608072,0.157129714010047,-0.84357864376269));
#11035=VECTOR('',#12231,1000.0);
#11036=CARTESIAN_POINT('',(2.29976735390786,0.590760730163908,-1.355));
#11037=VECTOR('',#12232,1000.0);
#11038=CARTESIAN_POINT('',(2.20195259383448,0.611551899245684,-1.355));
#11039=VECTOR('',#12233,1000.0);
#11040=CARTESIAN_POINT('',(-1.31088311754569,1.75,1.37612265096319));
#11041=DIRECTION('',(-0.0,-0.0,-1.0));
#11042=DIRECTION('',(0.0,-1.0,0.0));
#11043=CARTESIAN_POINT('',(-1.31088311754569,1.75,1.37612265096319));
#11044=DIRECTION('',(0.707106781186551,0.0,-0.707106781186544));
#11045=DIRECTION('',(-0.707106781186544,0.0,-0.707106781186551));
#11046=CARTESIAN_POINT('',(-1.31088311754569,1.75,1.37612265096319));
#11047=DIRECTION('',(0.0,-1.0,0.0));
#11048=DIRECTION('',(0.0,0.0,1.0));
#11049=CARTESIAN_POINT('',(-1.31088311754569,1.65,1.37612265096319));
#11050=DIRECTION('',(-0.0,-0.0,-1.0));
#11051=DIRECTION('',(0.0,-1.0,0.0));
#11052=CARTESIAN_POINT('',(-1.31088311754569,1.65,1.37612265096319));
#11053=DIRECTION('',(0.0,1.0,0.0));
#11054=DIRECTION('',(0.0,0.0,1.0));
#11055=CARTESIAN_POINT('',(-1.31088311754569,1.65,1.37612265096319));
#11056=DIRECTION('',(-0.707106781186551,0.0,0.707106781186544));
#11057=DIRECTION('',(0.707106781186544,0.0,0.707106781186551));
#11058=DIRECTION('',(0.0,1.0,0.0));
#11059=CARTESIAN_POINT('',(-1.87656854249492,1.65,0.810437226013957));
#11060=DIRECTION('',(0.0,1.0,0.0));
#11061=DIRECTION('',(0.0,0.0,1.0));
#11062=DIRECTION('',(0.0,-1.0,0.0));
#11063=CARTESIAN_POINT('',(-1.87656854249492,1.75,0.810437226013957));
#11064=DIRECTION('',(0.0,-1.0,0.0));
#11065=DIRECTION('',(0.0,0.0,1.0));
#11066=CARTESIAN_POINT('',(1.31088311754569,1.75,1.37612265096319));
#11067=DIRECTION('',(-0.0,-0.0,-1.0));
#11068=DIRECTION('',(0.0,-1.0,0.0));
#11069=CARTESIAN_POINT('',(1.31088311754569,1.75,1.37612265096319));
#11070=DIRECTION('',(0.0,1.0,0.0));
#11071=DIRECTION('',(0.0,0.0,1.0));
#11072=CARTESIAN_POINT('',(1.31088311754569,1.75,1.37612265096319));
#11073=DIRECTION('',(0.707106781186551,0.0,0.707106781186544));
#11074=DIRECTION('',(0.707106781186544,0.0,-0.707106781186551));
#11075=CARTESIAN_POINT('',(1.31088311754569,1.65,1.37612265096319));
#11076=DIRECTION('',(-0.0,-0.0,-1.0));
#11077=DIRECTION('',(0.0,-1.0,0.0));
#11078=CARTESIAN_POINT('',(1.31088311754569,1.65,1.37612265096319));
#11079=DIRECTION('',(-0.707106781186551,0.0,-0.707106781186544));
#11080=DIRECTION('',(-0.707106781186544,0.0,0.707106781186551));
#11081=CARTESIAN_POINT('',(1.31088311754569,1.65,1.37612265096319));
#11082=DIRECTION('',(0.0,-1.0,0.0));
#11083=DIRECTION('',(0.0,0.0,1.0));
#11084=DIRECTION('',(0.0,1.0,0.0));
#11085=CARTESIAN_POINT('',(1.87656854249492,1.65,0.810437226013957));
#11086=DIRECTION('',(0.0,-1.0,0.0));
#11087=DIRECTION('',(0.0,0.0,1.0));
#11088=DIRECTION('',(0.0,-1.0,0.0));
#11089=CARTESIAN_POINT('',(1.87656854249492,1.75,0.810437226013957));
#11090=DIRECTION('',(0.0,1.0,0.0));
#11091=DIRECTION('',(0.0,0.0,1.0));
#11092=CARTESIAN_POINT('',(-1.31088311754569,1.75,-1.37612265096319));
#11093=DIRECTION('',(0.0,-0.0,1.0));
#11094=DIRECTION('',(0.0,1.0,0.0));
#11095=CARTESIAN_POINT('',(-1.31088311754569,1.75,-1.37612265096319));
#11096=DIRECTION('',(0.0,1.0,0.0));
#11097=DIRECTION('',(0.0,0.0,-1.0));
#11098=CARTESIAN_POINT('',(-1.31088311754569,1.75,-1.37612265096319));
#11099=DIRECTION('',(-0.707106781186551,0.0,-0.707106781186544));
#11100=DIRECTION('',(-0.707106781186544,0.0,0.707106781186551));
#11101=CARTESIAN_POINT('',(-1.31088311754569,1.65,-1.37612265096319));
#11102=DIRECTION('',(0.0,-0.0,1.0));
#11103=DIRECTION('',(0.0,1.0,0.0));
#11104=CARTESIAN_POINT('',(-1.31088311754569,1.65,-1.37612265096319));
#11105=DIRECTION('',(0.707106781186551,0.0,0.707106781186544));
#11106=DIRECTION('',(0.707106781186544,0.0,-0.707106781186551));
#11107=CARTESIAN_POINT('',(-1.31088311754569,1.65,-1.37612265096319));
#11108=DIRECTION('',(0.0,-1.0,0.0));
#11109=DIRECTION('',(0.0,0.0,-1.0));
#11110=DIRECTION('',(-0.0,1.0,0.0));
#11111=CARTESIAN_POINT('',(-1.87656854249492,1.65,-0.810437226013957));
#11112=DIRECTION('',(0.0,-1.0,0.0));
#11113=DIRECTION('',(0.0,0.0,-1.0));
#11114=DIRECTION('',(0.0,-1.0,0.0));
#11115=CARTESIAN_POINT('',(-1.87656854249492,1.75,-0.810437226013957));
#11116=DIRECTION('',(0.0,1.0,0.0));
#11117=DIRECTION('',(0.0,0.0,-1.0));
#11118=CARTESIAN_POINT('',(1.31088311754569,1.75,-1.37612265096319));
#11119=DIRECTION('',(0.0,-0.0,1.0));
#11120=DIRECTION('',(0.0,1.0,0.0));
#11121=CARTESIAN_POINT('',(1.31088311754569,1.75,-1.37612265096319));
#11122=DIRECTION('',(-0.707106781186551,0.0,0.707106781186544));
#11123=DIRECTION('',(0.707106781186544,0.0,0.707106781186551));
#11124=CARTESIAN_POINT('',(1.31088311754569,1.75,-1.37612265096319));
#11125=DIRECTION('',(0.0,-1.0,0.0));
#11126=DIRECTION('',(0.0,0.0,-1.0));
#11127=CARTESIAN_POINT('',(1.31088311754569,1.65,-1.37612265096319));
#11128=DIRECTION('',(0.0,-0.0,1.0));
#11129=DIRECTION('',(0.0,1.0,0.0));
#11130=CARTESIAN_POINT('',(1.31088311754569,1.65,-1.37612265096319));
#11131=DIRECTION('',(0.0,1.0,0.0));
#11132=DIRECTION('',(0.0,0.0,-1.0));
#11133=CARTESIAN_POINT('',(1.31088311754569,1.65,-1.37612265096319));
#11134=DIRECTION('',(0.707106781186551,0.0,-0.707106781186544));
#11135=DIRECTION('',(-0.707106781186544,0.0,-0.707106781186551));
#11136=DIRECTION('',(-0.0,1.0,0.0));
#11137=CARTESIAN_POINT('',(1.87656854249492,1.65,-0.810437226013957));
#11138=DIRECTION('',(0.0,1.0,0.0));
#11139=DIRECTION('',(0.0,0.0,-1.0));
#11140=DIRECTION('',(0.0,-1.0,0.0));
#11141=CARTESIAN_POINT('',(1.87656854249492,1.75,-0.810437226013957));
#11142=DIRECTION('',(0.0,-1.0,0.0));
#11143=DIRECTION('',(0.0,0.0,-1.0));
#11144=DIRECTION('',(0.0,-1.0,0.0));
#11145=DIRECTION('',(-1.0,0.0,0.0));
#11146=DIRECTION('',(0.0,-1.0,0.0));
#11147=DIRECTION('',(-1.0,0.0,0.0));
#11148=DIRECTION('',(0.0,-1.0,0.0));
#11149=DIRECTION('',(-1.0,0.0,0.0));
#11150=DIRECTION('',(0.0,-1.0,0.0));
#11151=DIRECTION('',(-1.0,0.0,0.0));
#11152=DIRECTION('',(0.0,-1.0,0.0));
#11153=DIRECTION('',(-1.0,0.0,0.0));
#11154=DIRECTION('',(0.0,-1.0,0.0));
#11155=DIRECTION('',(-1.0,0.0,0.0));
#11156=DIRECTION('',(0.0,-1.0,0.0));
#11157=DIRECTION('',(-1.0,0.0,0.0));
#11158=DIRECTION('',(0.0,-1.0,0.0));
#11159=DIRECTION('',(1.0,0.0,0.0));
#11160=DIRECTION('',(0.0,0.0,-1.0));
#11161=DIRECTION('',(0.0,0.0,-1.0));
#11162=CARTESIAN_POINT('',(-2.0,0.07,-1.5));
#11163=DIRECTION('',(0.0,-1.0,0.0));
#11164=DIRECTION('',(0.0,0.0,1.0));
#11165=CARTESIAN_POINT('',(2.0,0.07,-1.5));
#11166=DIRECTION('',(0.0,1.0,0.0));
#11167=DIRECTION('',(0.0,0.0,1.0));
#11168=DIRECTION('',(0.0,0.0,-1.0));
#11169=DIRECTION('',(0.0,0.0,-1.0));
#11170=DIRECTION('',(0.0,0.0,-1.0));
#11171=DIRECTION('',(0.0,0.0,-1.0));
#11172=DIRECTION('',(0.0,0.0,-1.0));
#11173=CARTESIAN_POINT('',(2.0,0.07,1.5));
#11174=DIRECTION('',(0.0,-1.0,0.0));
#11175=DIRECTION('',(0.0,0.0,-1.0));
#11176=CARTESIAN_POINT('',(-2.0,0.07,1.5));
#11177=DIRECTION('',(0.0,1.0,0.0));
#11178=DIRECTION('',(0.0,0.0,-1.0));
#11179=DIRECTION('',(0.0,0.0,-1.0));
#11180=DIRECTION('',(-1.60226922042193E-16,0.0,-1.0));
#11181=DIRECTION('',(0.0,0.0,-1.0));
#11182=DIRECTION('',(2.71050543121377E-16,0.0,1.0));
#11183=CARTESIAN_POINT('',(-1.4,0.07,1.45));
#11184=DIRECTION('',(0.0,1.0,0.0));
#11185=DIRECTION('',(0.0,0.0,1.0));
#11186=DIRECTION('',(-1.0,0.0,0.0));
#11187=CARTESIAN_POINT('',(1.4,0.07,1.45));
#11188=DIRECTION('',(0.0,-1.0,0.0));
#11189=DIRECTION('',(0.0,0.0,1.0));
#11190=DIRECTION('',(-2.71050543121377E-16,0.0,1.0));
#11191=CARTESIAN_POINT('',(1.6,0.07,0.65));
#11192=DIRECTION('',(0.0,1.0,0.0));
#11193=DIRECTION('',(0.0,0.0,-1.0));
#11194=DIRECTION('',(-1.0,0.0,0.0));
#11195=DIRECTION('',(0.0,0.0,-1.0));
#11196=DIRECTION('',(-1.0,0.0,0.0));
#11197=CARTESIAN_POINT('',(1.6,0.07,-0.65));
#11198=DIRECTION('',(0.0,-1.0,0.0));
#11199=DIRECTION('',(0.0,0.0,1.0));
#11200=DIRECTION('',(-2.71050543121377E-16,0.0,-1.0));
#11201=CARTESIAN_POINT('',(1.4,0.07,-1.45));
#11202=DIRECTION('',(0.0,1.0,0.0));
#11203=DIRECTION('',(0.0,0.0,-1.0));
#11204=DIRECTION('',(-1.0,0.0,0.0));
#11205=CARTESIAN_POINT('',(-1.4,0.07,-1.45));
#11206=DIRECTION('',(0.0,-1.0,0.0));
#11207=DIRECTION('',(0.0,0.0,-1.0));
#11208=DIRECTION('',(2.71050543121377E-16,0.0,-1.0));
#11209=CARTESIAN_POINT('',(-1.6,0.07,-0.65));
#11210=DIRECTION('',(0.0,1.0,0.0));
#11211=DIRECTION('',(0.0,0.0,1.0));
#11212=DIRECTION('',(1.0,0.0,0.0));
#11213=DIRECTION('',(0.0,0.0,-1.0));
#11214=DIRECTION('',(1.0,0.0,0.0));
#11215=CARTESIAN_POINT('',(-1.6,0.07,0.65));
#11216=DIRECTION('',(0.0,-1.0,0.0));
#11217=DIRECTION('',(0.0,0.0,-1.0));
#11218=DIRECTION('',(-9.86638187743173E-16,0.0,1.0));
#11219=DIRECTION('',(-0.707106781186545,0.0,0.70710678118655));
#11220=DIRECTION('',(-0.707106781186548,0.0,-0.707106781186547));
#11221=DIRECTION('',(0.707106781186546,0.0,-0.707106781186549));
#11222=DIRECTION('',(1.0,0.0,-4.92819169311593E-16));
#11223=DIRECTION('',(0.0,0.0,-1.0));
#11224=DIRECTION('',(0.0,0.0,1.0));
#11225=DIRECTION('',(-1.0,0.0,-4.92819169311593E-16));
#11226=DIRECTION('',(-0.707106781186546,0.0,-0.707106781186549));
#11227=DIRECTION('',(0.707106781186548,0.0,-0.707106781186547));
#11228=DIRECTION('',(0.707106781186545,0.0,0.70710678118655));
#11229=DIRECTION('',(9.86638187743173E-16,0.0,1.0));
#11230=DIRECTION('',(-1.0,0.0,5.7320772719495E-16));
#11231=DIRECTION('',(0.0,0.0,1.0));
#11232=DIRECTION('',(1.0,0.0,5.7320772719495E-16));
#11233=DIRECTION('',(9.86638187743173E-16,0.0,-1.0));
#11234=DIRECTION('',(0.707106781186545,0.0,-0.70710678118655));
#11235=DIRECTION('',(0.707106781186548,0.0,0.707106781186547));
#11236=DIRECTION('',(-0.707106781186546,0.0,0.707106781186549));
#11237=DIRECTION('',(-1.0,0.0,4.92819169311593E-16));
#11238=DIRECTION('',(0.0,0.0,1.0));
#11239=DIRECTION('',(0.0,0.0,-1.0));
#11240=DIRECTION('',(1.0,0.0,4.92819169311593E-16));
#11241=DIRECTION('',(0.707106781186546,0.0,0.707106781186549));
#11242=DIRECTION('',(-0.707106781186548,0.0,0.707106781186547));
#11243=DIRECTION('',(-0.707106781186545,0.0,-0.70710678118655));
#11244=DIRECTION('',(-9.86638187743173E-16,0.0,-1.0));
#11245=DIRECTION('',(1.0,0.0,-5.7320772719495E-16));
#11246=DIRECTION('',(0.0,0.0,-1.0));
#11247=DIRECTION('',(-1.0,0.0,-5.7320772719495E-16));
#11248=CARTESIAN_POINT('',(0.4,1.55,0.0));
#11249=DIRECTION('',(0.0,1.0,0.0));
#11250=DIRECTION('',(0.0,0.0,1.0));
#11251=CARTESIAN_POINT('',(1.54,1.55,-0.214476105895275));
#11252=DIRECTION('',(0.0,1.0,0.0));
#11253=DIRECTION('',(0.0,0.0,-1.0));
#11254=DIRECTION('',(0.0,0.0,-1.0));
#11255=CARTESIAN_POINT('',(1.54,1.55,0.214476105895275));
#11256=DIRECTION('',(0.0,1.0,0.0));
#11257=DIRECTION('',(0.0,0.0,1.0));
#11258=CARTESIAN_POINT('',(0.4,1.55,0.0));
#11259=DIRECTION('',(0.0,1.0,0.0));
#11260=DIRECTION('',(0.0,0.0,-1.0));
#11261=DIRECTION('',(1.0,0.0,0.0));
#11262=CARTESIAN_POINT('',(-0.4,1.55,0.0));
#11263=DIRECTION('',(0.0,1.0,0.0));
#11264=DIRECTION('',(0.0,0.0,1.0));
#11265=CARTESIAN_POINT('',(-1.54,1.55,0.214476105895275));
#11266=DIRECTION('',(0.0,1.0,0.0));
#11267=DIRECTION('',(0.0,0.0,-1.0));
#11268=DIRECTION('',(0.0,0.0,1.0));
#11269=CARTESIAN_POINT('',(-1.54,1.55,-0.214476105895275));
#11270=DIRECTION('',(0.0,1.0,0.0));
#11271=DIRECTION('',(0.0,0.0,1.0));
#11272=CARTESIAN_POINT('',(-0.4,1.55,0.0));
#11273=DIRECTION('',(0.0,1.0,0.0));
#11274=DIRECTION('',(0.0,0.0,-1.0));
#11275=DIRECTION('',(-1.0,0.0,0.0));
#11276=DIRECTION('',(0.0,0.0,-1.0));
#11277=DIRECTION('',(-1.0,0.0,-5.7320772719495E-16));
#11278=DIRECTION('',(0.0,0.0,-1.0));
#11279=DIRECTION('',(1.0,0.0,-5.7320772719495E-16));
#11280=DIRECTION('',(0.0,0.0,-1.0));
#11281=DIRECTION('',(1.0,0.0,5.7320772719495E-16));
#11282=DIRECTION('',(0.0,0.0,1.0));
#11283=DIRECTION('',(-1.0,0.0,5.7320772719495E-16));
#11284=DIRECTION('',(0.0,0.0,-1.0));
#11285=DIRECTION('',(0.0,-1.0,0.0));
#11286=DIRECTION('',(0.0,0.0,-1.0));
#11287=CARTESIAN_POINT('',(1.46,1.45,1.41085353161738));
#11288=DIRECTION('',(0.0,-1.0,0.0));
#11289=DIRECTION('',(0.0,0.0,-1.0));
#11290=DIRECTION('',(0.0,-1.0,0.0));
#11291=CARTESIAN_POINT('',(1.46,1.55,1.41085353161738));
#11292=DIRECTION('',(0.0,-1.0,0.0));
#11293=DIRECTION('',(0.0,0.0,-1.0));
#11294=DIRECTION('',(0.707106781186549,0.0,-0.707106781186546));
#11295=DIRECTION('',(0.0,-1.0,0.0));
#11296=DIRECTION('',(0.707106781186549,0.0,-0.707106781186546));
#11297=CARTESIAN_POINT('',(1.91085353161738,1.45,0.96));
#11298=DIRECTION('',(0.0,-1.0,0.0));
#11299=DIRECTION('',(0.0,0.0,-1.0));
#11300=DIRECTION('',(0.0,-1.0,0.0));
#11301=CARTESIAN_POINT('',(1.91085353161738,1.55,0.96));
#11302=DIRECTION('',(0.0,-1.0,0.0));
#11303=DIRECTION('',(0.0,0.0,-1.0));
#11304=DIRECTION('',(1.0,0.0,-5.7320772719495E-16));
#11305=DIRECTION('',(0.0,-1.0,0.0));
#11306=DIRECTION('',(1.0,0.0,-5.7320772719495E-16));
#11307=DIRECTION('',(0.0,-1.0,0.0));
#11308=DIRECTION('',(1.0,0.0,5.7320772719495E-16));
#11309=DIRECTION('',(0.0,-1.0,0.0));
#11310=DIRECTION('',(-1.0,0.0,-5.7320772719495E-16));
#11311=CARTESIAN_POINT('',(1.91085353161738,1.45,-0.96));
#11312=DIRECTION('',(0.0,-1.0,0.0));
#11313=DIRECTION('',(0.0,0.0,1.0));
#11314=DIRECTION('',(0.0,-1.0,0.0));
#11315=CARTESIAN_POINT('',(1.91085353161738,1.55,-0.96));
#11316=DIRECTION('',(0.0,-1.0,0.0));
#11317=DIRECTION('',(0.0,0.0,1.0));
#11318=DIRECTION('',(-0.707106781186549,0.0,-0.707106781186546));
#11319=DIRECTION('',(0.0,-1.0,0.0));
#11320=DIRECTION('',(-0.707106781186549,0.0,-0.707106781186546));
#11321=CARTESIAN_POINT('',(1.46,1.45,-1.41085353161738));
#11322=DIRECTION('',(0.0,-1.0,0.0));
#11323=DIRECTION('',(0.0,0.0,1.0));
#11324=DIRECTION('',(0.0,-1.0,0.0));
#11325=CARTESIAN_POINT('',(1.46,1.55,-1.41085353161738));
#11326=DIRECTION('',(0.0,-1.0,0.0));
#11327=DIRECTION('',(0.0,0.0,1.0));
#11328=DIRECTION('',(0.0,0.0,-1.0));
#11329=DIRECTION('',(0.0,0.0,-1.0));
#11330=DIRECTION('',(0.0,0.0,1.0));
#11331=DIRECTION('',(0.0,-1.0,0.0));
#11332=DIRECTION('',(0.0,0.0,1.0));
#11333=CARTESIAN_POINT('',(-1.46,1.45,-1.41085353161738));
#11334=DIRECTION('',(0.0,-1.0,0.0));
#11335=DIRECTION('',(0.0,0.0,-1.0));
#11336=DIRECTION('',(0.0,-1.0,0.0));
#11337=CARTESIAN_POINT('',(-1.46,1.55,-1.41085353161738));
#11338=DIRECTION('',(0.0,-1.0,0.0));
#11339=DIRECTION('',(0.0,0.0,-1.0));
#11340=DIRECTION('',(-0.707106781186549,0.0,0.707106781186546));
#11341=DIRECTION('',(0.0,-1.0,0.0));
#11342=DIRECTION('',(-0.707106781186549,0.0,0.707106781186546));
#11343=CARTESIAN_POINT('',(-1.91085353161738,1.45,-0.96));
#11344=DIRECTION('',(0.0,-1.0,0.0));
#11345=DIRECTION('',(0.0,0.0,-1.0));
#11346=DIRECTION('',(0.0,-1.0,0.0));
#11347=CARTESIAN_POINT('',(-1.91085353161738,1.55,-0.96));
#11348=DIRECTION('',(0.0,-1.0,0.0));
#11349=DIRECTION('',(0.0,0.0,-1.0));
#11350=DIRECTION('',(-1.0,0.0,5.7320772719495E-16));
#11351=DIRECTION('',(0.0,-1.0,0.0));
#11352=DIRECTION('',(-1.0,0.0,5.7320772719495E-16));
#11353=DIRECTION('',(0.0,-1.0,0.0));
#11354=DIRECTION('',(-1.0,0.0,-5.7320772719495E-16));
#11355=DIRECTION('',(0.0,-1.0,0.0));
#11356=DIRECTION('',(1.0,0.0,5.7320772719495E-16));
#11357=CARTESIAN_POINT('',(-1.91085353161738,1.45,0.96));
#11358=DIRECTION('',(0.0,-1.0,0.0));
#11359=DIRECTION('',(0.0,0.0,1.0));
#11360=DIRECTION('',(0.0,-1.0,0.0));
#11361=CARTESIAN_POINT('',(-1.91085353161738,1.55,0.96));
#11362=DIRECTION('',(0.0,-1.0,0.0));
#11363=DIRECTION('',(0.0,0.0,1.0));
#11364=DIRECTION('',(0.707106781186549,0.0,0.707106781186546));
#11365=DIRECTION('',(0.0,-1.0,0.0));
#11366=DIRECTION('',(0.707106781186549,0.0,0.707106781186546));
#11367=CARTESIAN_POINT('',(-1.46,1.45,1.41085353161738));
#11368=DIRECTION('',(0.0,-1.0,0.0));
#11369=DIRECTION('',(0.0,0.0,1.0));
#11370=DIRECTION('',(0.0,-1.0,0.0));
#11371=CARTESIAN_POINT('',(-1.46,1.55,1.41085353161738));
#11372=DIRECTION('',(0.0,-1.0,0.0));
#11373=DIRECTION('',(0.0,0.0,1.0));
#11374=DIRECTION('',(0.0,0.0,1.0));
#11375=DIRECTION('',(0.0,0.0,1.0));
#11376=CARTESIAN_POINT('',(0.4,1.45,0.0));
#11377=DIRECTION('',(0.0,1.0,0.0));
#11378=DIRECTION('',(0.0,0.0,1.0));
#11379=DIRECTION('',(0.0,-1.0,0.0));
#11380=DIRECTION('',(0.0,-1.0,0.0));
#11381=DIRECTION('',(-1.0,0.0,0.0));
#11382=DIRECTION('',(0.0,-1.0,0.0));
#11383=CARTESIAN_POINT('',(-0.4,1.45,0.0));
#11384=DIRECTION('',(0.0,1.0,0.0));
#11385=DIRECTION('',(0.0,0.0,-1.0));
#11386=DIRECTION('',(0.0,-1.0,0.0));
#11387=CARTESIAN_POINT('',(-1.54,1.45,-0.214476105895275));
#11388=DIRECTION('',(0.0,1.0,0.0));
#11389=DIRECTION('',(0.0,0.0,1.0));
#11390=DIRECTION('',(0.0,-1.0,0.0));
#11391=DIRECTION('',(0.0,0.0,1.0));
#11392=DIRECTION('',(0.0,-1.0,0.0));
#11393=CARTESIAN_POINT('',(-1.54,1.45,0.214476105895275));
#11394=DIRECTION('',(0.0,1.0,0.0));
#11395=DIRECTION('',(0.0,0.0,-1.0));
#11396=DIRECTION('',(0.0,-1.0,0.0));
#11397=CARTESIAN_POINT('',(-0.4,1.45,0.0));
#11398=DIRECTION('',(0.0,1.0,0.0));
#11399=DIRECTION('',(0.0,0.0,1.0));
#11400=DIRECTION('',(0.0,-1.0,0.0));
#11401=DIRECTION('',(1.0,0.0,0.0));
#11402=DIRECTION('',(0.0,-1.0,0.0));
#11403=CARTESIAN_POINT('',(0.4,1.45,0.0));
#11404=DIRECTION('',(0.0,1.0,0.0));
#11405=DIRECTION('',(0.0,0.0,-1.0));
#11406=DIRECTION('',(0.0,-1.0,0.0));
#11407=CARTESIAN_POINT('',(1.54,1.45,0.214476105895275));
#11408=DIRECTION('',(0.0,1.0,0.0));
#11409=DIRECTION('',(0.0,0.0,1.0));
#11410=DIRECTION('',(0.0,-1.0,0.0));
#11411=DIRECTION('',(0.0,0.0,-1.0));
#11412=DIRECTION('',(0.0,-1.0,0.0));
#11413=CARTESIAN_POINT('',(1.54,1.45,-0.214476105895275));
#11414=DIRECTION('',(0.0,1.0,0.0));
#11415=DIRECTION('',(0.0,0.0,-1.0));
#11416=CARTESIAN_POINT('',(-0.4,2.5,0.0));
#11417=DIRECTION('',(0.0,1.0,0.0));
#11418=DIRECTION('',(0.0,0.0,-1.0));
#11419=DIRECTION('',(1.0,0.0,0.0));
#11420=CARTESIAN_POINT('',(0.4,2.5,0.0));
#11421=DIRECTION('',(0.0,1.0,0.0));
#11422=DIRECTION('',(0.0,0.0,-1.0));
#11423=DIRECTION('',(-1.0,0.0,0.0));
#11424=CARTESIAN_POINT('',(-0.4,2.4,-1.0));
#11425=DIRECTION('',(-1.0,0.0,0.0));
#11426=DIRECTION('',(0.0,0.0,1.0));
#11427=CARTESIAN_POINT('',(-0.4,2.4,0.0));
#11428=DIRECTION('',(0.0,-1.0,0.0));
#11429=DIRECTION('',(0.0,0.0,-1.0));
#11430=CARTESIAN_POINT('',(-0.4,2.4,1.0));
#11431=DIRECTION('',(1.0,0.0,0.0));
#11432=DIRECTION('',(0.0,0.0,-1.0));
#11433=DIRECTION('',(-1.0,0.0,0.0));
#11434=CARTESIAN_POINT('',(0.4,2.4,1.0));
#11435=DIRECTION('',(-1.0,0.0,0.0));
#11436=DIRECTION('',(0.0,0.0,1.0));
#11437=CARTESIAN_POINT('',(0.4,2.4,-1.0));
#11438=DIRECTION('',(1.0,0.0,0.0));
#11439=DIRECTION('',(0.0,0.0,-1.0));
#11440=CARTESIAN_POINT('',(0.4,2.4,0.0));
#11441=DIRECTION('',(0.0,-1.0,0.0));
#11442=DIRECTION('',(0.0,0.0,-1.0));
#11443=DIRECTION('',(1.0,0.0,0.0));
#11444=DIRECTION('',(0.0,-1.0,0.0));
#11445=DIRECTION('',(0.0,-1.0,0.0));
#11446=CARTESIAN_POINT('',(-0.4,1.45,0.0));
#11447=DIRECTION('',(0.0,1.0,0.0));
#11448=DIRECTION('',(0.0,0.0,1.0));
#11449=DIRECTION('',(0.0,-1.0,0.0));
#11450=DIRECTION('',(1.0,0.0,0.0));
#11451=DIRECTION('',(0.0,-1.0,0.0));
#11452=CARTESIAN_POINT('',(0.4,1.45,0.0));
#11453=DIRECTION('',(0.0,1.0,0.0));
#11454=DIRECTION('',(0.0,0.0,-1.0));
#11455=DIRECTION('',(-1.0,0.0,0.0));
#11456=DIRECTION('',(1.0,0.0,4.92819169311593E-16));
#11457=DIRECTION('',(-9.86638187743173E-16,0.0,-1.0));
#11458=CARTESIAN_POINT('',(1.91913780286485,1.55,0.98));
#11459=DIRECTION('',(0.0,-1.0,0.0));
#11460=DIRECTION('',(0.0,0.0,-1.0));
#11461=DIRECTION('',(0.707106781186549,0.0,-0.707106781186546));
#11462=CARTESIAN_POINT('',(1.48,1.55,1.41913780286484));
#11463=DIRECTION('',(0.0,-1.0,0.0));
#11464=DIRECTION('',(0.0,0.0,-1.0));
#11465=DIRECTION('',(-9.86638187743173E-16,0.0,1.0));
#11466=DIRECTION('',(1.0,0.0,-4.92819169311593E-16));
#11467=CARTESIAN_POINT('',(1.48,1.55,-1.41913780286484));
#11468=DIRECTION('',(0.0,1.0,0.0));
#11469=DIRECTION('',(0.0,0.0,1.0));
#11470=DIRECTION('',(0.707106781186549,0.0,0.707106781186546));
#11471=CARTESIAN_POINT('',(1.91913780286485,1.55,-0.98));
#11472=DIRECTION('',(0.0,1.0,0.0));
#11473=DIRECTION('',(0.0,0.0,1.0));
#11474=DIRECTION('',(-1.0,0.0,-4.92819169311593E-16));
#11475=DIRECTION('',(9.86638187743173E-16,0.0,1.0));
#11476=CARTESIAN_POINT('',(-1.91913780286485,1.55,-0.98));
#11477=DIRECTION('',(0.0,-1.0,0.0));
#11478=DIRECTION('',(0.0,0.0,1.0));
#11479=DIRECTION('',(-0.707106781186549,0.0,0.707106781186546));
#11480=CARTESIAN_POINT('',(-1.48,1.55,-1.41913780286484));
#11481=DIRECTION('',(0.0,-1.0,0.0));
#11482=DIRECTION('',(0.0,0.0,1.0));
#11483=DIRECTION('',(9.86638187743173E-16,0.0,-1.0));
#11484=DIRECTION('',(-1.0,0.0,4.92819169311593E-16));
#11485=CARTESIAN_POINT('',(-1.48,1.55,1.41913780286484));
#11486=DIRECTION('',(0.0,1.0,0.0));
#11487=DIRECTION('',(0.0,0.0,-1.0));
#11488=DIRECTION('',(-0.707106781186549,0.0,-0.707106781186546));
#11489=CARTESIAN_POINT('',(-1.91913780286485,1.55,0.98));
#11490=DIRECTION('',(0.0,1.0,0.0));
#11491=DIRECTION('',(0.0,0.0,-1.0));
#11492=CARTESIAN_POINT('',(2.0,1.45,1.5));
#11493=DIRECTION('',(0.0,-1.0,0.0));
#11494=DIRECTION('',(0.0,0.0,1.0));
#11495=DIRECTION('',(0.0,0.0,-1.0));
#11496=CARTESIAN_POINT('',(1.82,1.45,1.31955410846827));
#11497=DIRECTION('',(0.0,-1.0,0.0));
#11498=DIRECTION('',(0.0,0.0,1.0));
#11499=DIRECTION('',(-1.0,0.0,-4.92819169311593E-16));
#11500=CARTESIAN_POINT('',(1.48,1.45,1.41955410846827));
#11501=DIRECTION('',(0.0,1.0,0.0));
#11502=DIRECTION('',(0.0,0.0,1.0));
#11503=CARTESIAN_POINT('',(1.48,1.45,1.41913780286484));
#11504=DIRECTION('',(0.0,-1.0,0.0));
#11505=DIRECTION('',(0.0,0.0,1.0));
#11506=DIRECTION('',(0.707106781186549,0.0,-0.707106781186546));
#11507=CARTESIAN_POINT('',(1.91913780286485,1.45,0.98));
#11508=DIRECTION('',(0.0,-1.0,0.0));
#11509=DIRECTION('',(0.0,0.0,1.0));
#11510=CARTESIAN_POINT('',(1.92,1.45,0.98));
#11511=DIRECTION('',(0.0,1.0,0.0));
#11512=DIRECTION('',(0.0,0.0,1.0));
#11513=DIRECTION('',(9.86638187743173E-16,0.0,1.0));
#11514=CARTESIAN_POINT('',(1.82,1.45,1.31955410846827));
#11515=DIRECTION('',(0.0,-1.0,0.0));
#11516=DIRECTION('',(0.0,0.0,1.0));
#11517=DIRECTION('',(0.0,0.0,-1.0));
#11518=CARTESIAN_POINT('',(2.0,1.45,-1.5));
#11519=DIRECTION('',(0.0,1.0,0.0));
#11520=DIRECTION('',(0.0,0.0,-1.0));
#11521=CARTESIAN_POINT('',(1.82,1.45,-1.31955410846827));
#11522=DIRECTION('',(0.0,-1.0,0.0));
#11523=DIRECTION('',(0.0,0.0,-1.0));
#11524=DIRECTION('',(9.86638187743173E-16,0.0,-1.0));
#11525=CARTESIAN_POINT('',(1.92,1.45,-0.98));
#11526=DIRECTION('',(0.0,-1.0,0.0));
#11527=DIRECTION('',(0.0,0.0,-1.0));
#11528=CARTESIAN_POINT('',(1.91913780286485,1.45,-0.98));
#11529=DIRECTION('',(0.0,1.0,0.0));
#11530=DIRECTION('',(0.0,0.0,-1.0));
#11531=DIRECTION('',(0.707106781186549,0.0,0.707106781186546));
#11532=CARTESIAN_POINT('',(1.48,1.45,-1.41913780286484));
#11533=DIRECTION('',(0.0,1.0,0.0));
#11534=DIRECTION('',(0.0,0.0,-1.0));
#11535=CARTESIAN_POINT('',(1.48,1.45,-1.41955410846827));
#11536=DIRECTION('',(0.0,-1.0,0.0));
#11537=DIRECTION('',(0.0,0.0,-1.0));
#11538=DIRECTION('',(-1.0,0.0,4.92819169311593E-16));
#11539=CARTESIAN_POINT('',(1.82,1.45,-1.31955410846827));
#11540=DIRECTION('',(0.0,1.0,0.0));
#11541=DIRECTION('',(0.0,0.0,-1.0));
#11542=CARTESIAN_POINT('',(-2.0,1.45,-1.5));
#11543=DIRECTION('',(0.0,-1.0,0.0));
#11544=DIRECTION('',(0.0,0.0,-1.0));
#11545=DIRECTION('',(0.0,0.0,-1.0));
#11546=CARTESIAN_POINT('',(-1.82,1.45,-1.31955410846827));
#11547=DIRECTION('',(0.0,-1.0,0.0));
#11548=DIRECTION('',(0.0,0.0,-1.0));
#11549=DIRECTION('',(1.0,0.0,4.92819169311593E-16));
#11550=CARTESIAN_POINT('',(-1.48,1.45,-1.41955410846827));
#11551=DIRECTION('',(0.0,1.0,0.0));
#11552=DIRECTION('',(0.0,0.0,-1.0));
#11553=CARTESIAN_POINT('',(-1.48,1.45,-1.41913780286484));
#11554=DIRECTION('',(0.0,-1.0,0.0));
#11555=DIRECTION('',(0.0,0.0,-1.0));
#11556=DIRECTION('',(-0.707106781186549,0.0,0.707106781186546));
#11557=CARTESIAN_POINT('',(-1.91913780286485,1.45,-0.98));
#11558=DIRECTION('',(0.0,-1.0,0.0));
#11559=DIRECTION('',(0.0,0.0,-1.0));
#11560=CARTESIAN_POINT('',(-1.92,1.45,-0.98));
#11561=DIRECTION('',(0.0,1.0,0.0));
#11562=DIRECTION('',(0.0,0.0,-1.0));
#11563=DIRECTION('',(-9.86638187743173E-16,0.0,-1.0));
#11564=CARTESIAN_POINT('',(-1.82,1.45,-1.31955410846827));
#11565=DIRECTION('',(0.0,-1.0,0.0));
#11566=DIRECTION('',(0.0,0.0,-1.0));
#11567=DIRECTION('',(0.0,0.0,-1.0));
#11568=CARTESIAN_POINT('',(-2.0,1.45,1.5));
#11569=DIRECTION('',(0.0,1.0,0.0));
#11570=DIRECTION('',(0.0,0.0,1.0));
#11571=CARTESIAN_POINT('',(-1.82,1.45,1.31955410846827));
#11572=DIRECTION('',(0.0,-1.0,0.0));
#11573=DIRECTION('',(0.0,0.0,1.0));
#11574=DIRECTION('',(-9.86638187743173E-16,0.0,1.0));
#11575=CARTESIAN_POINT('',(-1.92,1.45,0.98));
#11576=DIRECTION('',(0.0,-1.0,0.0));
#11577=DIRECTION('',(0.0,0.0,1.0));
#11578=CARTESIAN_POINT('',(-1.91913780286485,1.45,0.98));
#11579=DIRECTION('',(0.0,1.0,0.0));
#11580=DIRECTION('',(0.0,0.0,1.0));
#11581=DIRECTION('',(-0.707106781186549,0.0,-0.707106781186546));
#11582=CARTESIAN_POINT('',(-1.48,1.45,1.41913780286484));
#11583=DIRECTION('',(0.0,1.0,0.0));
#11584=DIRECTION('',(0.0,0.0,1.0));
#11585=CARTESIAN_POINT('',(-1.48,1.45,1.41955410846827));
#11586=DIRECTION('',(0.0,-1.0,0.0));
#11587=DIRECTION('',(0.0,0.0,1.0));
#11588=DIRECTION('',(1.0,0.0,-4.92819169311593E-16));
#11589=CARTESIAN_POINT('',(-1.82,1.45,1.31955410846827));
#11590=DIRECTION('',(0.0,1.0,0.0));
#11591=DIRECTION('',(0.0,0.0,1.0));
#11592=DIRECTION('',(0.0,-1.0,0.0));
#11593=DIRECTION('',(-3.66975965840664E-16,0.928254434343264,0.371945836274675));
#11594=DIRECTION('',(-9.86638187743173E-16,0.0,1.0));
#11595=DIRECTION('',(0.0,-1.0,0.0));
#11596=DIRECTION('',(9.86638187743173E-16,0.0,-1.0));
#11597=DIRECTION('',(0.0,-1.0,0.0));
#11598=DIRECTION('',(0.0,-1.0,0.0));
#11599=DIRECTION('',(1.0,0.0,-4.92819169311593E-16));
#11600=DIRECTION('',(0.371945836274674,-0.928254434343264,-1.8330203806179E-16));
#11601=DIRECTION('',(0.0,1.0,0.0));
#11602=DIRECTION('',(-1.0,0.0,4.92819169311593E-16));
#11603=DIRECTION('',(0.0,-1.0,0.0));
#11604=DIRECTION('',(0.0,-1.0,0.0));
#11605=DIRECTION('',(0.0,-1.0,0.0));
#11606=DIRECTION('',(0.0,-1.0,0.0));
#11607=DIRECTION('',(0.0,-1.0,0.0));
#11608=DIRECTION('',(-0.371945836274674,0.928254434343264,2.4980018054066E-16));
#11609=DIRECTION('',(0.707106781186546,-2.67043811040641E-17,0.707106781186549));
#11610=DIRECTION('',(3.77923515241375E-16,-0.928254434343264,-0.371945836274675));
#11611=DIRECTION('',(0.0,-1.0,0.0));
#11612=DIRECTION('',(0.0,0.0,-1.0));
#11613=DIRECTION('',(0.0,1.0,0.0));
#11614=DIRECTION('',(0.0,-1.0,0.0));
#11615=DIRECTION('',(0.0,0.0,-1.0));
#11616=DIRECTION('',(0.0,1.0,0.0));
#11617=DIRECTION('',(0.0,-1.0,0.0));
#11618=DIRECTION('',(0.0,0.0,1.0));
#11619=DIRECTION('',(0.0,-1.0,0.0));
#11620=DIRECTION('',(0.0,0.0,-1.0));
#11621=DIRECTION('',(-1.0,0.0,0.0));
#11622=CARTESIAN_POINT('',(1.6,0.0,0.65));
#11623=DIRECTION('',(0.0,1.0,0.0));
#11624=DIRECTION('',(0.0,0.0,-1.0));
#11625=DIRECTION('',(-2.71050543121377E-16,0.0,1.0));
#11626=CARTESIAN_POINT('',(1.4,0.0,1.45));
#11627=DIRECTION('',(0.0,-1.0,0.0));
#11628=DIRECTION('',(0.0,0.0,1.0));
#11629=DIRECTION('',(-1.0,0.0,0.0));
#11630=CARTESIAN_POINT('',(-1.4,0.0,1.45));
#11631=DIRECTION('',(0.0,1.0,0.0));
#11632=DIRECTION('',(0.0,0.0,1.0));
#11633=DIRECTION('',(2.71050543121377E-16,0.0,1.0));
#11634=CARTESIAN_POINT('',(-1.6,0.0,0.65));
#11635=DIRECTION('',(0.0,-1.0,0.0));
#11636=DIRECTION('',(0.0,0.0,-1.0));
#11637=DIRECTION('',(1.0,0.0,0.0));
#11638=DIRECTION('',(0.0,0.0,-1.0));
#11639=DIRECTION('',(1.0,0.0,0.0));
#11640=CARTESIAN_POINT('',(-1.6,0.0,-0.65));
#11641=DIRECTION('',(0.0,1.0,0.0));
#11642=DIRECTION('',(0.0,0.0,1.0));
#11643=DIRECTION('',(2.71050543121377E-16,0.0,-1.0));
#11644=CARTESIAN_POINT('',(-1.4,0.0,-1.45));
#11645=DIRECTION('',(0.0,-1.0,0.0));
#11646=DIRECTION('',(0.0,0.0,-1.0));
#11647=DIRECTION('',(-1.0,0.0,0.0));
#11648=CARTESIAN_POINT('',(1.4,0.0,-1.45));
#11649=DIRECTION('',(0.0,1.0,0.0));
#11650=DIRECTION('',(0.0,0.0,-1.0));
#11651=DIRECTION('',(-2.71050543121377E-16,0.0,-1.0));
#11652=CARTESIAN_POINT('',(1.6,0.0,-0.65));
#11653=DIRECTION('',(0.0,-1.0,0.0));
#11654=DIRECTION('',(0.0,0.0,1.0));
#11655=DIRECTION('',(-1.0,0.0,0.0));
#11656=DIRECTION('',(0.0,-1.0,0.0));
#11657=DIRECTION('',(0.0,-1.0,0.0));
#11658=DIRECTION('',(0.0,-1.0,0.0));
#11659=DIRECTION('',(0.0,-1.0,0.0));
#11660=DIRECTION('',(0.0,-1.0,0.0));
#11661=DIRECTION('',(0.0,-1.0,0.0));
#11662=DIRECTION('',(0.0,-1.0,0.0));
#11663=CARTESIAN_POINT('',(1.35431457505076,1.65,-1.41955410846827));
#11664=DIRECTION('',(0.0,1.0,0.0));
#11665=DIRECTION('',(0.0,0.0,-1.0));
#11666=DIRECTION('',(0.0,-1.0,0.0));
#11667=CARTESIAN_POINT('',(1.35431457505076,1.75,-1.41955410846827));
#11668=DIRECTION('',(0.0,-1.0,0.0));
#11669=DIRECTION('',(0.0,0.0,-1.0));
#11670=DIRECTION('',(-0.707106781186546,0.0,0.707106781186549));
#11671=DIRECTION('',(0.0,-1.0,0.0));
#11672=DIRECTION('',(0.707106781186546,0.0,-0.707106781186549));
#11673=CARTESIAN_POINT('',(1.31088311754569,1.65,-1.37612265096319));
#11674=DIRECTION('',(0.0,1.0,0.0));
#11675=DIRECTION('',(0.0,0.0,-1.0));
#11676=DIRECTION('',(0.0,-1.0,0.0));
#11677=CARTESIAN_POINT('',(1.31088311754569,1.75,-1.37612265096319));
#11678=DIRECTION('',(0.0,-1.0,0.0));
#11679=DIRECTION('',(0.0,0.0,-1.0));
#11680=DIRECTION('',(0.0,-1.0,0.0));
#11681=DIRECTION('',(-0.707106781186548,0.0,-0.707106781186547));
#11682=DIRECTION('',(0.707106781186548,0.0,0.707106781186547));
#11683=CARTESIAN_POINT('',(1.87656854249492,1.75,-0.810437226013957));
#11684=DIRECTION('',(0.0,-1.0,0.0));
#11685=DIRECTION('',(0.0,0.0,-1.0));
#11686=CARTESIAN_POINT('',(1.87656854249492,1.65,-0.810437226013957));
#11687=DIRECTION('',(0.0,1.0,0.0));
#11688=DIRECTION('',(0.0,0.0,-1.0));
#11689=DIRECTION('',(0.707106781186545,0.0,-0.70710678118655));
#11690=DIRECTION('',(0.0,-1.0,0.0));
#11691=DIRECTION('',(-0.707106781186545,0.0,0.70710678118655));
#11692=CARTESIAN_POINT('',(1.92,1.65,-0.853868683519034));
#11693=DIRECTION('',(0.0,1.0,0.0));
#11694=DIRECTION('',(0.0,0.0,-1.0));
#11695=CARTESIAN_POINT('',(1.92,1.75,-0.853868683519034));
#11696=DIRECTION('',(0.0,-1.0,0.0));
#11697=DIRECTION('',(0.0,0.0,-1.0));
#11698=DIRECTION('',(9.86638187743173E-16,0.0,-1.0));
#11699=DIRECTION('',(-0.707106781186546,0.0,-0.707106781186549));
#11700=DIRECTION('',(-1.0,0.0,4.92819169311593E-16));
#11701=DIRECTION('',(-0.707106781186546,0.0,0.707106781186549));
#11702=DIRECTION('',(0.707106781186548,0.0,0.707106781186547));
#11703=DIRECTION('',(0.707106781186545,0.0,-0.70710678118655));
#11704=CARTESIAN_POINT('',(1.92,1.65,-0.853868683519034));
#11705=DIRECTION('',(-1.0842021724855E-15,0.0,1.0));
#11706=DIRECTION('',(1.0,0.0,1.0842021724855E-15));
#11707=CARTESIAN_POINT('',(1.92,1.65,-0.853868683519034));
#11708=DIRECTION('',(-0.707106781186549,0.0,0.707106781186546));
#11709=DIRECTION('',(0.707106781186546,0.0,0.707106781186549));
#11710=CARTESIAN_POINT('',(1.87656854249492,1.65,-0.810437226013957));
#11711=DIRECTION('',(-0.707106781186545,0.0,0.70710678118655));
#11712=DIRECTION('',(0.70710678118655,0.0,0.707106781186545));
#11713=CARTESIAN_POINT('',(1.87656854249492,1.65,-0.810437226013957));
#11714=DIRECTION('',(-0.707106781186543,0.0,-0.707106781186552));
#11715=DIRECTION('',(-0.707106781186552,0.0,0.707106781186543));
#11716=CARTESIAN_POINT('',(1.31088311754569,1.65,-1.37612265096319));
#11717=DIRECTION('',(-0.707106781186553,0.0,-0.707106781186542));
#11718=DIRECTION('',(-0.707106781186542,0.0,0.707106781186553));
#11719=CARTESIAN_POINT('',(1.35431457505076,1.65,-1.41955410846827));
#11720=DIRECTION('',(0.707106781186542,0.0,-0.707106781186553));
#11721=DIRECTION('',(-0.707106781186553,0.0,-0.707106781186542));
#11722=CARTESIAN_POINT('',(1.35431457505076,1.65,-1.41955410846827));
#11723=DIRECTION('',(1.0,0.0,4.33680868994202E-15));
#11724=DIRECTION('',(4.33680868994202E-15,0.0,-1.0));
#11725=CARTESIAN_POINT('',(1.73564627593725,1.75,-1.41955410846827));
#11726=DIRECTION('',(-1.0,0.0,0.0));
#11727=DIRECTION('',(0.0,0.0,-1.0));
#11728=CARTESIAN_POINT('',(1.35431457505076,1.75,-1.41955410846827));
#11729=DIRECTION('',(-1.0,0.0,-4.33680868994202E-15));
#11730=DIRECTION('',(-4.33680868994202E-15,0.0,1.0));
#11731=CARTESIAN_POINT('',(1.35431457505076,1.75,-1.41955410846827));
#11732=DIRECTION('',(-0.707106781186542,0.0,0.707106781186553));
#11733=DIRECTION('',(0.707106781186553,0.0,0.707106781186542));
#11734=CARTESIAN_POINT('',(1.31088311754569,1.75,-1.37612265096319));
#11735=DIRECTION('',(0.707106781186553,0.0,0.707106781186542));
#11736=DIRECTION('',(0.707106781186542,0.0,-0.707106781186553));
#11737=CARTESIAN_POINT('',(1.87656854249492,1.75,-0.810437226013957));
#11738=DIRECTION('',(0.707106781186543,0.0,0.707106781186552));
#11739=DIRECTION('',(0.707106781186552,0.0,-0.707106781186543));
#11740=CARTESIAN_POINT('',(1.87656854249492,1.75,-0.810437226013957));
#11741=DIRECTION('',(0.70710678118654,0.0,-0.707106781186555));
#11742=DIRECTION('',(-0.707106781186555,0.0,-0.70710678118654));
#11743=CARTESIAN_POINT('',(1.92,1.75,-0.853868683519034));
#11744=DIRECTION('',(0.707106781186549,0.0,-0.707106781186546));
#11745=DIRECTION('',(-0.707106781186546,0.0,-0.707106781186549));
#11746=CARTESIAN_POINT('',(1.92,1.75,-0.853868683519034));
#11747=DIRECTION('',(-4.33680868994202E-15,0.0,-1.0));
#11748=DIRECTION('',(-1.0,0.0,4.33680868994202E-15));
#11749=CARTESIAN_POINT('',(1.92,1.75,-1.23520038440552));
#11750=DIRECTION('',(-0.0,0.0,1.0));
#11751=DIRECTION('',(1.0,0.0,0.0));
#11752=CARTESIAN_POINT('',(1.73564627593725,1.75,-1.41955410846827));
#11753=DIRECTION('',(-0.371945836274673,0.928254434343265,2.81935991614041E-15));
#11754=DIRECTION('',(-0.928254434343265,-0.371945836274672,0.0));
#11755=CARTESIAN_POINT('',(1.73564627593725,1.75,-1.41955410846827));
#11756=DIRECTION('',(0.707106781186546,1.53329341668338E-15,0.707106781186549));
#11757=DIRECTION('',(0.707106781186549,0.0,-0.707106781186546));
#11758=CARTESIAN_POINT('',(1.92,1.75,-1.23520038440552));
#11759=DIRECTION('',(0.707106781186545,3.06658683336675E-15,0.70710678118655));
#11760=DIRECTION('',(0.70710678118655,0.0,-0.707106781186545));
#11761=CARTESIAN_POINT('',(1.92,1.75,-1.23520038440552));
#11762=DIRECTION('',(1.20630198119666E-15,-0.928254434343264,-0.371945836274675));
#11763=DIRECTION('',(0.0,0.371945836274675,-0.928254434343264));
#11764=DIRECTION('',(0.0,-1.0,0.0));
#11765=DIRECTION('',(0.0,-1.0,0.0));
#11766=DIRECTION('',(-9.86638187743173E-16,0.0,-1.0));
#11767=DIRECTION('',(0.0,-1.0,0.0));
#11768=DIRECTION('',(9.86638187743173E-16,0.0,1.0));
#11769=DIRECTION('',(3.66975965840664E-16,0.928254434343264,0.371945836274675));
#11770=DIRECTION('',(0.0,-1.0,0.0));
#11771=DIRECTION('',(-1.0,0.0,-4.92819169311593E-16));
#11772=DIRECTION('',(0.0,-1.0,0.0));
#11773=DIRECTION('',(1.0,0.0,4.92819169311593E-16));
#11774=DIRECTION('',(0.0,1.0,0.0));
#11775=DIRECTION('',(-0.371945836274674,-0.928254434343264,-1.8330203806179E-16));
#11776=DIRECTION('',(0.0,-1.0,0.0));
#11777=DIRECTION('',(0.0,-1.0,0.0));
#11778=DIRECTION('',(0.0,-1.0,0.0));
#11779=DIRECTION('',(0.0,1.0,0.0));
#11780=DIRECTION('',(0.371945836274674,0.928254434343264,2.4980018054066E-16));
#11781=DIRECTION('',(-3.77923515241375E-16,-0.928254434343264,-0.371945836274675));
#11782=DIRECTION('',(-0.707106781186546,-2.67043811040641E-17,0.707106781186549));
#11783=DIRECTION('',(-1.60226922042193E-16,0.0,-1.0));
#11784=DIRECTION('',(0.0,-1.0,0.0));
#11785=DIRECTION('',(0.0,-1.0,0.0));
#11786=DIRECTION('',(0.0,0.0,1.0));
#11787=DIRECTION('',(0.0,-1.0,0.0));
#11788=DIRECTION('',(0.0,1.0,0.0));
#11789=DIRECTION('',(0.0,0.0,-1.0));
#11790=DIRECTION('',(0.0,-1.0,0.0));
#11791=DIRECTION('',(0.0,1.0,0.0));
#11792=DIRECTION('',(0.0,-1.0,0.0));
#11793=DIRECTION('',(0.0,-1.0,0.0));
#11794=DIRECTION('',(0.0,-1.0,0.0));
#11795=DIRECTION('',(0.0,-1.0,0.0));
#11796=DIRECTION('',(0.0,-1.0,0.0));
#11797=CARTESIAN_POINT('',(-1.35431457505076,1.75,-1.41955410846827));
#11798=DIRECTION('',(0.0,1.0,0.0));
#11799=DIRECTION('',(0.0,0.0,-1.0));
#11800=DIRECTION('',(0.0,-1.0,0.0));
#11801=CARTESIAN_POINT('',(-1.35431457505076,1.65,-1.41955410846827));
#11802=DIRECTION('',(0.0,-1.0,0.0));
#11803=DIRECTION('',(0.0,0.0,-1.0));
#11804=DIRECTION('',(-0.707106781186546,0.0,-0.707106781186549));
#11805=DIRECTION('',(0.0,-1.0,0.0));
#11806=DIRECTION('',(0.707106781186546,0.0,0.707106781186549));
#11807=CARTESIAN_POINT('',(-1.31088311754569,1.75,-1.37612265096319));
#11808=DIRECTION('',(0.0,1.0,0.0));
#11809=DIRECTION('',(0.0,0.0,-1.0));
#11810=DIRECTION('',(0.0,-1.0,0.0));
#11811=CARTESIAN_POINT('',(-1.31088311754569,1.65,-1.37612265096319));
#11812=DIRECTION('',(0.0,-1.0,0.0));
#11813=DIRECTION('',(0.0,0.0,-1.0));
#11814=DIRECTION('',(-0.707106781186548,0.0,0.707106781186547));
#11815=DIRECTION('',(0.707106781186548,0.0,-0.707106781186547));
#11816=CARTESIAN_POINT('',(-1.87656854249492,1.75,-0.810437226013957));
#11817=DIRECTION('',(0.0,1.0,0.0));
#11818=DIRECTION('',(0.0,0.0,-1.0));
#11819=DIRECTION('',(0.0,-1.0,0.0));
#11820=CARTESIAN_POINT('',(-1.87656854249492,1.65,-0.810437226013957));
#11821=DIRECTION('',(0.0,-1.0,0.0));
#11822=DIRECTION('',(0.0,0.0,-1.0));
#11823=DIRECTION('',(0.707106781186545,0.0,0.70710678118655));
#11824=DIRECTION('',(0.0,-1.0,0.0));
#11825=DIRECTION('',(-0.707106781186545,0.0,-0.70710678118655));
#11826=CARTESIAN_POINT('',(-1.92,1.75,-0.853868683519034));
#11827=DIRECTION('',(0.0,1.0,0.0));
#11828=DIRECTION('',(0.0,0.0,-1.0));
#11829=CARTESIAN_POINT('',(-1.92,1.65,-0.853868683519034));
#11830=DIRECTION('',(0.0,-1.0,0.0));
#11831=DIRECTION('',(0.0,0.0,-1.0));
#11832=DIRECTION('',(-9.86638187743173E-16,0.0,-1.0));
#11833=DIRECTION('',(-0.707106781186545,0.0,-0.70710678118655));
#11834=DIRECTION('',(-0.707106781186548,0.0,0.707106781186547));
#11835=DIRECTION('',(0.707106781186546,0.0,0.707106781186549));
#11836=DIRECTION('',(1.0,0.0,4.92819169311593E-16));
#11837=DIRECTION('',(0.707106781186546,0.0,-0.707106781186549));
#11838=CARTESIAN_POINT('',(-1.92,1.65,-0.853868683519034));
#11839=DIRECTION('',(-1.0842021724855E-15,0.0,-1.0));
#11840=DIRECTION('',(-1.0,0.0,1.0842021724855E-15));
#11841=CARTESIAN_POINT('',(-1.92,1.65,-0.853868683519034));
#11842=DIRECTION('',(-0.707106781186549,0.0,-0.707106781186546));
#11843=DIRECTION('',(-0.707106781186546,0.0,0.707106781186549));
#11844=CARTESIAN_POINT('',(-1.87656854249492,1.65,-0.810437226013957));
#11845=DIRECTION('',(-0.707106781186545,0.0,-0.70710678118655));
#11846=DIRECTION('',(-0.70710678118655,0.0,0.707106781186545));
#11847=CARTESIAN_POINT('',(-1.87656854249492,1.65,-0.810437226013957));
#11848=DIRECTION('',(-0.707106781186543,0.0,0.707106781186552));
#11849=DIRECTION('',(0.707106781186552,0.0,0.707106781186543));
#11850=CARTESIAN_POINT('',(-1.31088311754569,1.65,-1.37612265096319));
#11851=DIRECTION('',(-0.707106781186553,0.0,0.707106781186542));
#11852=DIRECTION('',(0.707106781186542,0.0,0.707106781186553));
#11853=CARTESIAN_POINT('',(-1.35431457505076,1.65,-1.41955410846827));
#11854=DIRECTION('',(0.707106781186542,0.0,0.707106781186553));
#11855=DIRECTION('',(0.707106781186553,0.0,-0.707106781186542));
#11856=CARTESIAN_POINT('',(-1.35431457505076,1.65,-1.41955410846827));
#11857=DIRECTION('',(1.0,0.0,-4.33680868994202E-15));
#11858=DIRECTION('',(-4.33680868994202E-15,0.0,-1.0));
#11859=CARTESIAN_POINT('',(-1.35431457505076,1.75,-1.41955410846827));
#11860=DIRECTION('',(-1.0,0.0,4.33680868994202E-15));
#11861=DIRECTION('',(4.33680868994202E-15,0.0,1.0));
#11862=CARTESIAN_POINT('',(-1.73564627593725,1.75,-1.41955410846827));
#11863=DIRECTION('',(-1.0,0.0,-0.0));
#11864=DIRECTION('',(0.0,0.0,-1.0));
#11865=CARTESIAN_POINT('',(-1.35431457505076,1.75,-1.41955410846827));
#11866=DIRECTION('',(-0.707106781186542,0.0,-0.707106781186553));
#11867=DIRECTION('',(-0.707106781186553,0.0,0.707106781186542));
#11868=CARTESIAN_POINT('',(-1.31088311754569,1.75,-1.37612265096319));
#11869=DIRECTION('',(0.707106781186553,0.0,-0.707106781186542));
#11870=DIRECTION('',(-0.707106781186542,0.0,-0.707106781186553));
#11871=CARTESIAN_POINT('',(-1.87656854249492,1.75,-0.810437226013957));
#11872=DIRECTION('',(0.707106781186543,0.0,-0.707106781186552));
#11873=DIRECTION('',(-0.707106781186552,0.0,-0.707106781186543));
#11874=CARTESIAN_POINT('',(-1.87656854249492,1.75,-0.810437226013957));
#11875=DIRECTION('',(0.70710678118654,0.0,0.707106781186555));
#11876=DIRECTION('',(0.707106781186555,0.0,-0.70710678118654));
#11877=CARTESIAN_POINT('',(-1.92,1.75,-0.853868683519034));
#11878=DIRECTION('',(0.707106781186549,0.0,0.707106781186546));
#11879=DIRECTION('',(0.707106781186546,0.0,-0.707106781186549));
#11880=CARTESIAN_POINT('',(-1.92,1.75,-0.853868683519034));
#11881=DIRECTION('',(-4.33680868994202E-15,0.0,1.0));
#11882=DIRECTION('',(1.0,0.0,4.33680868994202E-15));
#11883=CARTESIAN_POINT('',(-1.92,1.75,-1.23520038440552));
#11884=DIRECTION('',(0.0,0.0,-1.0));
#11885=DIRECTION('',(-1.0,0.0,0.0));
#11886=CARTESIAN_POINT('',(-1.73564627593725,1.75,-1.41955410846827));
#11887=DIRECTION('',(-0.371945836274673,-0.928254434343265,-2.81935991614041E-15));
#11888=DIRECTION('',(0.928254434343265,-0.371945836274672,0.0));
#11889=CARTESIAN_POINT('',(-1.73564627593725,1.75,-1.41955410846827));
#11890=DIRECTION('',(0.707106781186546,-1.53329341668338E-15,-0.707106781186549));
#11891=DIRECTION('',(-0.707106781186549,0.0,-0.707106781186546));
#11892=CARTESIAN_POINT('',(-1.92,1.75,-1.23520038440552));
#11893=DIRECTION('',(0.707106781186545,-3.06658683336675E-15,-0.70710678118655));
#11894=DIRECTION('',(-0.70710678118655,0.0,-0.707106781186545));
#11895=CARTESIAN_POINT('',(-1.92,1.75,-1.23520038440552));
#11896=DIRECTION('',(1.20630198119666E-15,0.928254434343264,0.371945836274675));
#11897=DIRECTION('',(0.0,0.371945836274675,-0.928254434343264));
#11898=DIRECTION('',(0.0,-1.0,0.0));
#11899=DIRECTION('',(0.0,-1.0,0.0));
#11900=DIRECTION('',(9.86638187743173E-16,0.0,1.0));
#11901=DIRECTION('',(0.0,-1.0,0.0));
#11902=DIRECTION('',(-9.86638187743173E-16,0.0,-1.0));
#11903=DIRECTION('',(-3.66975965840664E-16,0.928254434343264,-0.371945836274675));
#11904=DIRECTION('',(0.0,-1.0,0.0));
#11905=DIRECTION('',(1.0,0.0,4.92819169311593E-16));
#11906=DIRECTION('',(0.0,-1.0,0.0));
#11907=DIRECTION('',(-1.0,0.0,-4.92819169311593E-16));
#11908=DIRECTION('',(0.0,1.0,0.0));
#11909=DIRECTION('',(0.371945836274674,-0.928254434343264,1.8330203806179E-16));
#11910=DIRECTION('',(0.0,-1.0,0.0));
#11911=DIRECTION('',(0.0,-1.0,0.0));
#11912=DIRECTION('',(0.0,-1.0,0.0));
#11913=DIRECTION('',(0.0,1.0,0.0));
#11914=DIRECTION('',(-0.371945836274674,0.928254434343264,-2.4980018054066E-16));
#11915=DIRECTION('',(3.77923515241375E-16,-0.928254434343264,0.371945836274675));
#11916=DIRECTION('',(0.707106781186546,-2.67043811040641E-17,-0.707106781186549));
#11917=DIRECTION('',(0.0,-1.0,0.0));
#11918=DIRECTION('',(0.0,-1.0,0.0));
#11919=DIRECTION('',(0.0,-1.0,0.0));
#11920=DIRECTION('',(0.0,-1.0,0.0));
#11921=DIRECTION('',(0.0,-1.0,0.0));
#11922=CARTESIAN_POINT('',(1.35431457505076,1.75,1.41955410846827));
#11923=DIRECTION('',(0.0,1.0,0.0));
#11924=DIRECTION('',(0.0,0.0,1.0));
#11925=DIRECTION('',(0.0,-1.0,0.0));
#11926=CARTESIAN_POINT('',(1.35431457505076,1.65,1.41955410846827));
#11927=DIRECTION('',(0.0,-1.0,0.0));
#11928=DIRECTION('',(0.0,0.0,1.0));
#11929=DIRECTION('',(0.707106781186546,0.0,0.707106781186549));
#11930=DIRECTION('',(0.0,-1.0,0.0));
#11931=DIRECTION('',(-0.707106781186546,0.0,-0.707106781186549));
#11932=CARTESIAN_POINT('',(1.31088311754569,1.75,1.37612265096319));
#11933=DIRECTION('',(0.0,1.0,0.0));
#11934=DIRECTION('',(0.0,0.0,1.0));
#11935=DIRECTION('',(0.0,-1.0,0.0));
#11936=CARTESIAN_POINT('',(1.31088311754569,1.65,1.37612265096319));
#11937=DIRECTION('',(0.0,-1.0,0.0));
#11938=DIRECTION('',(0.0,0.0,1.0));
#11939=DIRECTION('',(0.707106781186548,0.0,-0.707106781186547));
#11940=DIRECTION('',(-0.707106781186548,0.0,0.707106781186547));
#11941=CARTESIAN_POINT('',(1.87656854249492,1.75,0.810437226013957));
#11942=DIRECTION('',(0.0,1.0,0.0));
#11943=DIRECTION('',(0.0,0.0,1.0));
#11944=DIRECTION('',(0.0,-1.0,0.0));
#11945=CARTESIAN_POINT('',(1.87656854249492,1.65,0.810437226013957));
#11946=DIRECTION('',(0.0,-1.0,0.0));
#11947=DIRECTION('',(0.0,0.0,1.0));
#11948=DIRECTION('',(-0.707106781186545,0.0,-0.70710678118655));
#11949=DIRECTION('',(0.0,-1.0,0.0));
#11950=DIRECTION('',(0.707106781186545,0.0,0.70710678118655));
#11951=CARTESIAN_POINT('',(1.92,1.75,0.853868683519034));
#11952=DIRECTION('',(0.0,1.0,0.0));
#11953=DIRECTION('',(0.0,0.0,1.0));
#11954=CARTESIAN_POINT('',(1.92,1.65,0.853868683519034));
#11955=DIRECTION('',(0.0,-1.0,0.0));
#11956=DIRECTION('',(0.0,0.0,1.0));
#11957=DIRECTION('',(9.86638187743173E-16,0.0,1.0));
#11958=DIRECTION('',(0.707106781186545,0.0,0.70710678118655));
#11959=DIRECTION('',(0.707106781186548,0.0,-0.707106781186547));
#11960=DIRECTION('',(-0.707106781186546,0.0,-0.707106781186549));
#11961=DIRECTION('',(-1.0,0.0,-4.92819169311593E-16));
#11962=DIRECTION('',(-0.707106781186546,0.0,0.707106781186549));
#11963=CARTESIAN_POINT('',(1.92,1.65,0.853868683519034));
#11964=DIRECTION('',(1.0842021724855E-15,0.0,1.0));
#11965=DIRECTION('',(1.0,0.0,-1.0842021724855E-15));
#11966=CARTESIAN_POINT('',(1.92,1.65,0.853868683519034));
#11967=DIRECTION('',(0.707106781186549,0.0,0.707106781186546));
#11968=DIRECTION('',(0.707106781186546,0.0,-0.707106781186549));
#11969=CARTESIAN_POINT('',(1.87656854249492,1.65,0.810437226013957));
#11970=DIRECTION('',(0.707106781186545,0.0,0.70710678118655));
#11971=DIRECTION('',(0.70710678118655,0.0,-0.707106781186545));
#11972=CARTESIAN_POINT('',(1.87656854249492,1.65,0.810437226013957));
#11973=DIRECTION('',(0.707106781186543,0.0,-0.707106781186552));
#11974=DIRECTION('',(-0.707106781186552,0.0,-0.707106781186543));
#11975=CARTESIAN_POINT('',(1.31088311754569,1.65,1.37612265096319));
#11976=DIRECTION('',(0.707106781186553,0.0,-0.707106781186542));
#11977=DIRECTION('',(-0.707106781186542,0.0,-0.707106781186553));
#11978=CARTESIAN_POINT('',(1.35431457505076,1.65,1.41955410846827));
#11979=DIRECTION('',(-0.707106781186542,0.0,-0.707106781186553));
#11980=DIRECTION('',(-0.707106781186553,0.0,0.707106781186542));
#11981=CARTESIAN_POINT('',(1.35431457505076,1.65,1.41955410846827));
#11982=DIRECTION('',(-1.0,0.0,4.33680868994202E-15));
#11983=DIRECTION('',(4.33680868994202E-15,0.0,1.0));
#11984=CARTESIAN_POINT('',(1.35431457505076,1.75,1.41955410846827));
#11985=DIRECTION('',(1.0,0.0,-4.33680868994202E-15));
#11986=DIRECTION('',(-4.33680868994202E-15,0.0,-1.0));
#11987=CARTESIAN_POINT('',(1.73564627593725,1.75,1.41955410846827));
#11988=DIRECTION('',(1.0,0.0,-0.0));
#11989=DIRECTION('',(0.0,0.0,1.0));
#11990=CARTESIAN_POINT('',(1.35431457505076,1.75,1.41955410846827));
#11991=DIRECTION('',(0.707106781186542,0.0,0.707106781186553));
#11992=DIRECTION('',(0.707106781186553,0.0,-0.707106781186542));
#11993=CARTESIAN_POINT('',(1.31088311754569,1.75,1.37612265096319));
#11994=DIRECTION('',(-0.707106781186553,0.0,0.707106781186542));
#11995=DIRECTION('',(0.707106781186542,0.0,0.707106781186553));
#11996=CARTESIAN_POINT('',(1.87656854249492,1.75,0.810437226013957));
#11997=DIRECTION('',(-0.707106781186543,0.0,0.707106781186552));
#11998=DIRECTION('',(0.707106781186552,0.0,0.707106781186543));
#11999=CARTESIAN_POINT('',(1.87656854249492,1.75,0.810437226013957));
#12000=DIRECTION('',(-0.70710678118654,0.0,-0.707106781186555));
#12001=DIRECTION('',(-0.707106781186555,0.0,0.70710678118654));
#12002=CARTESIAN_POINT('',(1.92,1.75,0.853868683519034));
#12003=DIRECTION('',(-0.707106781186549,0.0,-0.707106781186546));
#12004=DIRECTION('',(-0.707106781186546,0.0,0.707106781186549));
#12005=CARTESIAN_POINT('',(1.92,1.75,0.853868683519034));
#12006=DIRECTION('',(4.33680868994202E-15,0.0,-1.0));
#12007=DIRECTION('',(-1.0,0.0,-4.33680868994202E-15));
#12008=CARTESIAN_POINT('',(1.92,1.75,1.23520038440552));
#12009=DIRECTION('',(0.0,0.0,1.0));
#12010=DIRECTION('',(1.0,0.0,0.0));
#12011=CARTESIAN_POINT('',(1.73564627593725,1.75,1.41955410846827));
#12012=DIRECTION('',(0.371945836274673,-0.928254434343265,2.81935991614041E-15));
#12013=DIRECTION('',(-0.928254434343265,-0.371945836274672,0.0));
#12014=CARTESIAN_POINT('',(1.73564627593725,1.75,1.41955410846827));
#12015=DIRECTION('',(-0.707106781186546,-1.53329341668338E-15,0.707106781186549));
#12016=DIRECTION('',(0.707106781186549,0.0,0.707106781186546));
#12017=CARTESIAN_POINT('',(1.92,1.75,1.23520038440552));
#12018=DIRECTION('',(-0.707106781186545,-3.06658683336675E-15,0.70710678118655));
#12019=DIRECTION('',(0.70710678118655,0.0,0.707106781186545));
#12020=CARTESIAN_POINT('',(1.92,1.75,1.23520038440552));
#12021=DIRECTION('',(-1.20630198119666E-15,0.928254434343264,-0.371945836274675));
#12022=DIRECTION('',(0.0,0.371945836274675,0.928254434343264));
#12023=DIRECTION('',(0.0,-1.0,0.0));
#12024=DIRECTION('',(3.66975965840664E-16,0.928254434343264,-0.371945836274675));
#12025=DIRECTION('',(9.86638187743173E-16,0.0,-1.0));
#12026=DIRECTION('',(0.0,-1.0,0.0));
#12027=DIRECTION('',(-9.86638187743173E-16,0.0,1.0));
#12028=DIRECTION('',(0.0,-1.0,0.0));
#12029=DIRECTION('',(0.0,-1.0,0.0));
#12030=DIRECTION('',(-1.0,0.0,4.92819169311593E-16));
#12031=DIRECTION('',(-0.371945836274674,-0.928254434343264,1.8330203806179E-16));
#12032=DIRECTION('',(0.0,1.0,0.0));
#12033=DIRECTION('',(1.0,0.0,-4.92819169311593E-16));
#12034=DIRECTION('',(0.0,-1.0,0.0));
#12035=DIRECTION('',(0.0,-1.0,0.0));
#12036=DIRECTION('',(0.0,-1.0,0.0));
#12037=DIRECTION('',(0.0,-1.0,0.0));
#12038=DIRECTION('',(0.0,-1.0,0.0));
#12039=DIRECTION('',(0.371945836274674,0.928254434343264,-2.4980018054066E-16));
#12040=DIRECTION('',(-0.707106781186546,-2.67043811040641E-17,-0.707106781186549));
#12041=DIRECTION('',(-3.77923515241375E-16,-0.928254434343264,0.371945836274675));
#12042=DIRECTION('',(0.0,-1.0,0.0));
#12043=DIRECTION('',(0.0,-1.0,0.0));
#12044=DIRECTION('',(0.0,-1.0,0.0));
#12045=CARTESIAN_POINT('',(-1.35431457505076,1.65,1.41955410846827));
#12046=DIRECTION('',(0.0,1.0,0.0));
#12047=DIRECTION('',(0.0,0.0,1.0));
#12048=DIRECTION('',(0.0,-1.0,0.0));
#12049=CARTESIAN_POINT('',(-1.35431457505076,1.75,1.41955410846827));
#12050=DIRECTION('',(0.0,-1.0,0.0));
#12051=DIRECTION('',(0.0,0.0,1.0));
#12052=DIRECTION('',(0.707106781186546,0.0,-0.707106781186549));
#12053=DIRECTION('',(0.0,-1.0,0.0));
#12054=DIRECTION('',(-0.707106781186546,0.0,0.707106781186549));
#12055=CARTESIAN_POINT('',(-1.31088311754569,1.65,1.37612265096319));
#12056=DIRECTION('',(0.0,1.0,0.0));
#12057=DIRECTION('',(0.0,0.0,1.0));
#12058=DIRECTION('',(0.0,-1.0,0.0));
#12059=CARTESIAN_POINT('',(-1.31088311754569,1.75,1.37612265096319));
#12060=DIRECTION('',(0.0,-1.0,0.0));
#12061=DIRECTION('',(0.0,0.0,1.0));
#12062=DIRECTION('',(0.0,-1.0,0.0));
#12063=DIRECTION('',(0.707106781186548,0.0,0.707106781186547));
#12064=DIRECTION('',(-0.707106781186548,0.0,-0.707106781186547));
#12065=CARTESIAN_POINT('',(-1.87656854249492,1.75,0.810437226013957));
#12066=DIRECTION('',(0.0,-1.0,0.0));
#12067=DIRECTION('',(0.0,0.0,1.0));
#12068=CARTESIAN_POINT('',(-1.87656854249492,1.65,0.810437226013957));
#12069=DIRECTION('',(0.0,1.0,0.0));
#12070=DIRECTION('',(0.0,0.0,1.0));
#12071=DIRECTION('',(-0.707106781186545,0.0,0.70710678118655));
#12072=DIRECTION('',(0.0,-1.0,0.0));
#12073=DIRECTION('',(0.707106781186545,0.0,-0.70710678118655));
#12074=CARTESIAN_POINT('',(-1.92,1.65,0.853868683519034));
#12075=DIRECTION('',(0.0,1.0,0.0));
#12076=DIRECTION('',(0.0,0.0,1.0));
#12077=CARTESIAN_POINT('',(-1.92,1.75,0.853868683519034));
#12078=DIRECTION('',(0.0,-1.0,0.0));
#12079=DIRECTION('',(0.0,0.0,1.0));
#12080=DIRECTION('',(-9.86638187743173E-16,0.0,1.0));
#12081=DIRECTION('',(0.707106781186546,0.0,0.707106781186549));
#12082=DIRECTION('',(1.0,0.0,-4.92819169311593E-16));
#12083=DIRECTION('',(0.707106781186546,0.0,-0.707106781186549));
#12084=DIRECTION('',(-0.707106781186548,0.0,-0.707106781186547));
#12085=DIRECTION('',(-0.707106781186545,0.0,0.70710678118655));
#12086=CARTESIAN_POINT('',(-1.92,1.65,0.853868683519034));
#12087=DIRECTION('',(1.0842021724855E-15,0.0,-1.0));
#12088=DIRECTION('',(-1.0,0.0,-1.0842021724855E-15));
#12089=CARTESIAN_POINT('',(-1.92,1.65,0.853868683519034));
#12090=DIRECTION('',(0.707106781186549,0.0,-0.707106781186546));
#12091=DIRECTION('',(-0.707106781186546,0.0,-0.707106781186549));
#12092=CARTESIAN_POINT('',(-1.87656854249492,1.65,0.810437226013957));
#12093=DIRECTION('',(0.707106781186545,0.0,-0.70710678118655));
#12094=DIRECTION('',(-0.70710678118655,0.0,-0.707106781186545));
#12095=CARTESIAN_POINT('',(-1.87656854249492,1.65,0.810437226013957));
#12096=DIRECTION('',(0.707106781186543,0.0,0.707106781186552));
#12097=DIRECTION('',(0.707106781186552,0.0,-0.707106781186543));
#12098=CARTESIAN_POINT('',(-1.31088311754569,1.65,1.37612265096319));
#12099=DIRECTION('',(0.707106781186553,0.0,0.707106781186542));
#12100=DIRECTION('',(0.707106781186542,0.0,-0.707106781186553));
#12101=CARTESIAN_POINT('',(-1.35431457505076,1.65,1.41955410846827));
#12102=DIRECTION('',(-0.707106781186542,0.0,0.707106781186553));
#12103=DIRECTION('',(0.707106781186553,0.0,0.707106781186542));
#12104=CARTESIAN_POINT('',(-1.35431457505076,1.65,1.41955410846827));
#12105=DIRECTION('',(-1.0,0.0,-4.33680868994202E-15));
#12106=DIRECTION('',(-4.33680868994202E-15,0.0,1.0));
#12107=CARTESIAN_POINT('',(-1.73564627593725,1.75,1.41955410846827));
#12108=DIRECTION('',(1.0,0.0,-0.0));
#12109=DIRECTION('',(0.0,0.0,1.0));
#12110=CARTESIAN_POINT('',(-1.35431457505076,1.75,1.41955410846827));
#12111=DIRECTION('',(1.0,0.0,4.33680868994202E-15));
#12112=DIRECTION('',(4.33680868994202E-15,0.0,-1.0));
#12113=CARTESIAN_POINT('',(-1.35431457505076,1.75,1.41955410846827));
#12114=DIRECTION('',(0.707106781186542,0.0,-0.707106781186553));
#12115=DIRECTION('',(-0.707106781186553,0.0,-0.707106781186542));
#12116=CARTESIAN_POINT('',(-1.31088311754569,1.75,1.37612265096319));
#12117=DIRECTION('',(-0.707106781186553,0.0,-0.707106781186542));
#12118=DIRECTION('',(-0.707106781186542,0.0,0.707106781186553));
#12119=CARTESIAN_POINT('',(-1.87656854249492,1.75,0.810437226013957));
#12120=DIRECTION('',(-0.707106781186543,0.0,-0.707106781186552));
#12121=DIRECTION('',(-0.707106781186552,0.0,0.707106781186543));
#12122=CARTESIAN_POINT('',(-1.87656854249492,1.75,0.810437226013957));
#12123=DIRECTION('',(-0.70710678118654,0.0,0.707106781186555));
#12124=DIRECTION('',(0.707106781186555,0.0,0.70710678118654));
#12125=CARTESIAN_POINT('',(-1.92,1.75,0.853868683519034));
#12126=DIRECTION('',(-0.707106781186549,0.0,0.707106781186546));
#12127=DIRECTION('',(0.707106781186546,0.0,0.707106781186549));
#12128=CARTESIAN_POINT('',(-1.92,1.75,0.853868683519034));
#12129=DIRECTION('',(4.33680868994202E-15,0.0,1.0));
#12130=DIRECTION('',(1.0,0.0,-4.33680868994202E-15));
#12131=CARTESIAN_POINT('',(-1.92,1.75,1.23520038440552));
#12132=DIRECTION('',(0.0,0.0,-1.0));
#12133=DIRECTION('',(-1.0,0.0,0.0));
#12134=CARTESIAN_POINT('',(-1.73564627593725,1.75,1.41955410846827));
#12135=DIRECTION('',(0.371945836274673,0.928254434343265,-2.81935991614041E-15));
#12136=DIRECTION('',(0.928254434343265,-0.371945836274672,0.0));
#12137=CARTESIAN_POINT('',(-1.73564627593725,1.75,1.41955410846827));
#12138=DIRECTION('',(-0.707106781186546,1.53329341668338E-15,-0.707106781186549));
#12139=DIRECTION('',(-0.707106781186549,0.0,0.707106781186546));
#12140=CARTESIAN_POINT('',(-1.92,1.75,1.23520038440552));
#12141=DIRECTION('',(-0.707106781186545,3.06658683336675E-15,-0.70710678118655));
#12142=DIRECTION('',(-0.70710678118655,0.0,0.707106781186545));
#12143=CARTESIAN_POINT('',(-1.92,1.75,1.23520038440552));
#12144=DIRECTION('',(-1.20630198119666E-15,-0.928254434343264,0.371945836274675));
#12145=DIRECTION('',(0.0,0.371945836274675,0.928254434343264));
#12146=DIRECTION('',(-0.207911690817756,0.978147600733806,-3.20712148902623E-16));
#12147=DIRECTION('',(-1.60226922042193E-16,0.0,-1.0));
#12148=DIRECTION('',(0.207911690817756,-0.978147600733806,-3.33130502763171E-17));
#12149=DIRECTION('',(-1.60226922042193E-16,0.0,-1.0));
#12150=DIRECTION('',(-0.978147600733806,-0.207911690817756,1.56725579368533E-16));
#12151=DIRECTION('',(-1.60226922042193E-16,0.0,-1.0));
#12152=DIRECTION('',(-0.978147600733806,-0.207911690817756,1.56725579368533E-16));
#12153=DIRECTION('',(-0.207911690817756,0.978147600733806,-3.20712148902623E-16));
#12154=CARTESIAN_POINT('',(-2.1,0.180000000000001,1.355));
#12155=DIRECTION('',(0.0,0.0,-1.0));
#12156=DIRECTION('',(1.0,0.0,0.0));
#12157=CARTESIAN_POINT('',(-2.1,0.180000001469986,1.355));
#12158=DIRECTION('',(0.0,0.0,-1.0));
#12159=DIRECTION('',(-1.0,0.0,0.0));
#12160=CARTESIAN_POINT('',(-2.1,0.180000000000001,0.795));
#12161=DIRECTION('',(0.0,0.0,1.0));
#12162=DIRECTION('',(1.0,0.0,0.0));
#12163=DIRECTION('',(0.207911690817756,-0.978147600733806,-3.33130502763171E-17));
#12164=CARTESIAN_POINT('',(-2.1,0.180000001469986,0.795));
#12165=DIRECTION('',(0.0,0.0,1.0));
#12166=DIRECTION('',(1.0,0.0,0.0));
#12167=DIRECTION('',(-1.60226922042193E-16,0.0,-1.0));
#12168=CARTESIAN_POINT('',(2.1,0.180000000000001,1.355));
#12169=DIRECTION('',(0.0,0.0,1.0));
#12170=DIRECTION('',(-1.0,0.0,0.0));
#12171=DIRECTION('',(0.207911690817756,0.978147600733806,-3.5402519917894E-16));
#12172=DIRECTION('',(0.978147600733806,-0.207911690817756,0.0));
#12173=DIRECTION('',(0.207911690817756,0.978147600733806,-3.5402519917894E-16));
#12174=CARTESIAN_POINT('',(2.1,0.180000001469986,1.355));
#12175=DIRECTION('',(0.0,0.0,1.0));
#12176=DIRECTION('',(1.0,0.0,0.0));
#12177=CARTESIAN_POINT('',(2.1,0.180000001469986,0.795));
#12178=DIRECTION('',(0.0,0.0,-1.0));
#12179=DIRECTION('',(-1.0,0.0,0.0));
#12180=DIRECTION('',(-0.207911690817756,-0.978147600733806,0.0));
#12181=DIRECTION('',(0.978147600733806,-0.207911690817756,0.0));
#12182=DIRECTION('',(-0.207911690817756,-0.978147600733806,0.0));
#12183=CARTESIAN_POINT('',(2.1,0.180000000000001,0.795));
#12184=DIRECTION('',(0.0,0.0,-1.0));
#12185=DIRECTION('',(-1.0,0.0,0.0));
#12186=DIRECTION('',(0.0,0.0,-1.0));
#12187=DIRECTION('',(0.0,0.0,-1.0));
#12188=DIRECTION('',(0.0,0.0,-1.0));
#12189=DIRECTION('',(0.0,0.0,-1.0));
#12190=DIRECTION('',(-0.207911690817756,0.978147600733806,-9.63735264431559E-17));
#12191=DIRECTION('',(0.0,0.0,-1.0));
#12192=DIRECTION('',(0.207911690817756,-0.978147600733806,0.0));
#12193=DIRECTION('',(0.0,0.0,-1.0));
#12194=DIRECTION('',(-0.978147600733806,-0.207911690817756,0.0));
#12195=DIRECTION('',(0.0,0.0,-1.0));
#12196=DIRECTION('',(-0.978147600733806,-0.207911690817756,0.0));
#12197=DIRECTION('',(-0.207911690817756,0.978147600733806,-9.63735264431559E-17));
#12198=CARTESIAN_POINT('',(-2.1,0.180000000000001,-0.795));
#12199=DIRECTION('',(0.0,0.0,-1.0));
#12200=DIRECTION('',(1.0,0.0,0.0));
#12201=CARTESIAN_POINT('',(-2.1,0.180000001469986,-0.795));
#12202=DIRECTION('',(0.0,0.0,-1.0));
#12203=DIRECTION('',(-1.0,0.0,0.0));
#12204=CARTESIAN_POINT('',(-2.1,0.180000000000001,-1.355));
#12205=DIRECTION('',(0.0,0.0,1.0));
#12206=DIRECTION('',(1.0,0.0,0.0));
#12207=DIRECTION('',(0.207911690817756,-0.978147600733806,0.0));
#12208=CARTESIAN_POINT('',(-2.1,0.180000001469986,-1.355));
#12209=DIRECTION('',(0.0,0.0,1.0));
#12210=DIRECTION('',(1.0,0.0,0.0));
#12211=DIRECTION('',(0.0,0.0,-1.0));
#12212=CARTESIAN_POINT('',(2.1,0.180000000000001,-0.795));
#12213=DIRECTION('',(0.0,0.0,1.0));
#12214=DIRECTION('',(-1.0,0.0,0.0));
#12215=DIRECTION('',(0.207911690817756,0.978147600733806,-9.63735264431559E-17));
#12216=DIRECTION('',(0.978147600733806,-0.207911690817756,0.0));
#12217=DIRECTION('',(0.207911690817756,0.978147600733806,-9.63735264431559E-17));
#12218=CARTESIAN_POINT('',(2.1,0.180000001469986,-0.795));
#12219=DIRECTION('',(0.0,0.0,1.0));
#12220=DIRECTION('',(1.0,0.0,0.0));
#12221=CARTESIAN_POINT('',(2.1,0.180000001469986,-1.355));
#12222=DIRECTION('',(0.0,0.0,-1.0));
#12223=DIRECTION('',(-1.0,0.0,0.0));
#12224=DIRECTION('',(-0.207911690817756,-0.978147600733806,0.0));
#12225=DIRECTION('',(0.978147600733806,-0.207911690817756,0.0));
#12226=DIRECTION('',(-0.207911690817756,-0.978147600733806,0.0));
#12227=CARTESIAN_POINT('',(2.1,0.180000000000001,-1.355));
#12228=DIRECTION('',(0.0,0.0,-1.0));
#12229=DIRECTION('',(-1.0,0.0,0.0));
#12230=DIRECTION('',(0.0,0.0,-1.0));
#12231=DIRECTION('',(0.0,0.0,-1.0));
#12232=DIRECTION('',(0.0,0.0,-1.0));
#12233=DIRECTION('',(0.0,0.0,-1.0));
ENDSEC;
END-ISO-10303-21;
