ISO-10303-21;
HEADER;
FILE_DESCRIPTION (( 'STEP AP214' ),
    '1' );
FILE_NAME ('DLW21HN900SQ2L.STEP',
    '2021-06-18T13:35:40',
    ( '' ),
    ( '' ),
    'SwSTEP 2.0',
    'SolidWorks 2018',
    '' );
FILE_SCHEMA (( 'AUTOMOTIVE_DESIGN' ));
ENDSEC;

DATA;
#1 = CIRCLE ( 'NONE', #9755, 0.02500000000000002914 ) ;
#2 = COLOUR_RGB ( '',1.000000000000000000, 1.000000000000000000, 1.000000000000000000 ) ;
#3 = DIRECTION ( 'NONE',  ( 0.9825750242013554514, -0.1858664085188761472, 0.000000000000000000 ) ) ;
#4 = FILL_AREA_STYLE ('',( #4435 ) ) ;
#5 = SURFACE_STYLE_USAGE ( .BOTH. , #9798 ) ;
#6 = EDGE_LOOP ( 'NONE', ( #7698 ) ) ;
#7 = DIRECTION ( 'NONE',  ( 0.000000000000000000, 0.000000000000000000, -1.000000000000000000 ) ) ;
#8 = FACE_OUTER_BOUND ( 'NONE', #8560, .T. ) ;
#9 = DIRECTION ( 'NONE',  ( -1.000000000000000000, 0.000000000000000000, -0.000000000000000000 ) ) ;
#10 =( NAMED_UNIT ( * ) PLANE_ANGLE_UNIT ( ) SI_UNIT ( $, .RADIAN. ) );
#11 = EDGE_CURVE ( 'NONE', #5296, #6721, #7407, .T. ) ;
#12 = DIRECTION ( 'NONE',  ( -0.3582093050102497789, 0.000000000000000000, -0.9336413089640334118 ) ) ;
#13 = COLOUR_RGB ( '',1.000000000000000000, 0.7529411764705882248, 0.7529411764705882248 ) ;
#14 = PRESENTATION_STYLE_ASSIGNMENT (( #6577 ) ) ;
#15 = AXIS2_PLACEMENT_3D ( 'NONE', #2342, #3759, #9133 ) ;
#16 = UNCERTAINTY_MEASURE_WITH_UNIT (LENGTH_MEASURE( 1.000000000000000082E-05 ), #1771, 'distance_accuracy_value', 'NONE');
#17 = AXIS2_PLACEMENT_3D ( 'NONE', #1504, #3710, #1466 ) ;
#18 = PRESENTATION_LAYER_ASSIGNMENT (  '', '', ( #1222 ) ) ;
#19 = PLANE ( 'NONE',  #9734 ) ;
#20 = ORIENTED_EDGE ( 'NONE', *, *, #3505, .T. ) ;
#21 = FACE_OUTER_BOUND ( 'NONE', #8679, .T. ) ;
#22 = LINE ( 'NONE', #7779, #8817 ) ;
#23 =( NAMED_UNIT ( * ) SI_UNIT ( $, .STERADIAN. ) SOLID_ANGLE_UNIT ( ) );
#24 = SURFACE_STYLE_USAGE ( .BOTH. , #7601 ) ;
#25 = ORIENTED_EDGE ( 'NONE', *, *, #7198, .T. ) ;
#26 = MECHANICAL_DESIGN_GEOMETRIC_PRESENTATION_REPRESENTATION (  '', ( #7332 ), #9499 ) ;
#27 = FILL_AREA_STYLE_COLOUR ( '', #883 ) ;
#28 =( GEOMETRIC_REPRESENTATION_CONTEXT ( 3 ) GLOBAL_UNCERTAINTY_ASSIGNED_CONTEXT ( ( #3204 ) ) GLOBAL_UNIT_ASSIGNED_CONTEXT ( ( #1127, #5602, #7092 ) ) REPRESENTATION_CONTEXT ( 'NONE', 'WORKASPACE' ) );
#29 = DIRECTION ( 'NONE',  ( -1.000000000000000000, 0.000000000000000000, 0.000000000000000000 ) ) ;
#30 = LINE ( 'NONE', #4380, #8693 ) ;
#31 = SURFACE_STYLE_FILL_AREA ( #911 ) ;
#32 =( LENGTH_UNIT ( ) NAMED_UNIT ( * ) SI_UNIT ( .MILLI., .METRE. ) );
#33 = FILL_AREA_STYLE_COLOUR ( '', #3166 ) ;
#34 = EDGE_LOOP ( 'NONE', ( #2646 ) ) ;
#35 =( NAMED_UNIT ( * ) PLANE_ANGLE_UNIT ( ) SI_UNIT ( $, .RADIAN. ) );
#36 = UNCERTAINTY_MEASURE_WITH_UNIT (LENGTH_MEASURE( 1.000000000000000082E-05 ), #8921, 'distance_accuracy_value', 'NONE');
#37 = FACE_OUTER_BOUND ( 'NONE', #2950, .T. ) ;
#38 = FILL_AREA_STYLE ('',( #3555 ) ) ;
#39 = EDGE_CURVE ( 'NONE', #7594, #7594, #6314, .T. ) ;
#40 = FILL_AREA_STYLE_COLOUR ( '', #5815 ) ;
#41 = AXIS2_PLACEMENT_3D ( 'NONE', #8565, #8438, #6973 ) ;
#42 = SURFACE_STYLE_USAGE ( .BOTH. , #7510 ) ;
#43 = FILL_AREA_STYLE_COLOUR ( '', #2740 ) ;
#44 = VERTEX_POINT ( 'NONE', #2465 ) ;
#45 = FILL_AREA_STYLE ('',( #9835 ) ) ;
#46 = FILL_AREA_STYLE_COLOUR ( '', #3320 ) ;
#47 = FILL_AREA_STYLE ('',( #8379 ) ) ;
#48 = ORIENTED_EDGE ( 'NONE', *, *, #2309, .F. ) ;
#49 =( NAMED_UNIT ( * ) SI_UNIT ( $, .STERADIAN. ) SOLID_ANGLE_UNIT ( ) );
#50 =( LENGTH_UNIT ( ) NAMED_UNIT ( * ) SI_UNIT ( .MILLI., .METRE. ) );
#51 =( NAMED_UNIT ( * ) SI_UNIT ( $, .STERADIAN. ) SOLID_ANGLE_UNIT ( ) );
#52 = LINE ( 'NONE', #2118, #7873 ) ;
#53 = AXIS2_PLACEMENT_3D ( 'NONE', #8692, #8632, #4054 ) ;
#54 = SURFACE_STYLE_USAGE ( .BOTH. , #3086 ) ;
#55 = DIRECTION ( 'NONE',  ( 0.000000000000000000, 0.000000000000000000, 1.000000000000000000 ) ) ;
#56 =( LENGTH_UNIT ( ) NAMED_UNIT ( * ) SI_UNIT ( .MILLI., .METRE. ) );
#57 = FILL_AREA_STYLE ('',( #3748 ) ) ;
#58 =( NAMED_UNIT ( * ) SI_UNIT ( $, .STERADIAN. ) SOLID_ANGLE_UNIT ( ) );
#59 =( GEOMETRIC_REPRESENTATION_CONTEXT ( 3 ) GLOBAL_UNCERTAINTY_ASSIGNED_CONTEXT ( ( #1135 ) ) GLOBAL_UNIT_ASSIGNED_CONTEXT ( ( #4566, #1527, #6040 ) ) REPRESENTATION_CONTEXT ( 'NONE', 'WORKASPACE' ) );
#60 = EDGE_LOOP ( 'NONE', ( #7553 ) ) ;
#61 = FILL_AREA_STYLE_COLOUR ( '', #6445 ) ;
#62 =( NAMED_UNIT ( * ) SI_UNIT ( $, .STERADIAN. ) SOLID_ANGLE_UNIT ( ) );
#63 = SURFACE_STYLE_USAGE ( .BOTH. , #4527 ) ;
#64 = STYLED_ITEM ( 'NONE', ( #6309 ), #4463 ) ;
#65 = ORIENTED_EDGE ( 'NONE', *, *, #9147, .T. ) ;
#66 = EDGE_CURVE ( 'NONE', #9718, #6804, #6213, .T. ) ;
#67 = UNCERTAINTY_MEASURE_WITH_UNIT (LENGTH_MEASURE( 1.000000000000000082E-05 ), #8308, 'distance_accuracy_value', 'NONE');
#68 = CIRCLE ( 'NONE', #7941, 0.02499999999999993894 ) ;
#69 = AXIS2_PLACEMENT_3D ( 'NONE', #9789, #8940, #4397 ) ;
#70 = DIRECTION ( 'NONE',  ( 1.000000000000000000, 0.000000000000000000, 1.548860246407869056E-15 ) ) ;
#71 = ORIENTED_EDGE ( 'NONE', *, *, #9836, .F. ) ;
#72 = FACE_OUTER_BOUND ( 'NONE', #1505, .T. ) ;
#73 =( GEOMETRIC_REPRESENTATION_CONTEXT ( 3 ) GLOBAL_UNCERTAINTY_ASSIGNED_CONTEXT ( ( #5695 ) ) GLOBAL_UNIT_ASSIGNED_CONTEXT ( ( #2435, #6962, #7793 ) ) REPRESENTATION_CONTEXT ( 'NONE', 'WORKASPACE' ) );
#74 = AXIS2_PLACEMENT_3D ( 'NONE', #822, #2300, #3090 ) ;
#75 = PLANE ( 'NONE',  #8603 ) ;
#76 = CARTESIAN_POINT ( 'NONE',  ( -0.5203186132900446959, -0.2000000000000000389, -0.4396446609406723938 ) ) ;
#77 = FACE_OUTER_BOUND ( 'NONE', #9381, .T. ) ;
#78 =( LENGTH_UNIT ( ) NAMED_UNIT ( * ) SI_UNIT ( .MILLI., .METRE. ) );
#79 = EDGE_LOOP ( 'NONE', ( #3362 ) ) ;
#80 = DIRECTION ( 'NONE',  ( 0.000000000000000000, 1.000000000000000000, 0.000000000000000000 ) ) ;
#81 = SURFACE_STYLE_USAGE ( .BOTH. , #7664 ) ;
#82 = VERTEX_POINT ( 'NONE', #1311 ) ;
#83 = COLOUR_RGB ( '',1.000000000000000000, 0.7529411764705882248, 0.7529411764705882248 ) ;
#84 = AXIS2_PLACEMENT_3D ( 'NONE', #3175, #2455, #7670 ) ;
#85 = AXIS2_PLACEMENT_3D ( 'NONE', #9111, #6814, #2289 ) ;
#86 = FILL_AREA_STYLE_COLOUR ( '', #4860 ) ;
#87 = MECHANICAL_DESIGN_GEOMETRIC_PRESENTATION_REPRESENTATION (  '', ( #2331 ), #964 ) ;
#88 = COLOUR_RGB ( '',1.000000000000000000, 0.7529411764705882248, 0.7529411764705882248 ) ;
#89 = PRESENTATION_LAYER_ASSIGNMENT (  '', '', ( #9432 ) ) ;
#90 = SURFACE_STYLE_USAGE ( .BOTH. , #7699 ) ;
#91 = VERTEX_POINT ( 'NONE', #3398 ) ;
#92 = LINE ( 'NONE', #2162, #3287 ) ;
#93 = FACE_OUTER_BOUND ( 'NONE', #3186, .T. ) ;
#94 = DIRECTION ( 'NONE',  ( 0.000000000000000000, -1.000000000000000000, 0.000000000000000000 ) ) ;
#95 = CARTESIAN_POINT ( 'NONE',  ( 0.5099632742307173006, -0.2250000000000000056, 0.4500000000000000111 ) ) ;
#96 = UNCERTAINTY_MEASURE_WITH_UNIT (LENGTH_MEASURE( 1.000000000000000082E-05 ), #6680, 'distance_accuracy_value', 'NONE');
#97 =( NAMED_UNIT ( * ) PLANE_ANGLE_UNIT ( ) SI_UNIT ( $, .RADIAN. ) );
#98 = FACE_OUTER_BOUND ( 'NONE', #4538, .T. ) ;
#99 = EDGE_LOOP ( 'NONE', ( #1904 ) ) ;
#100 =( NAMED_UNIT ( * ) SI_UNIT ( $, .STERADIAN. ) SOLID_ANGLE_UNIT ( ) );
#101 =( NAMED_UNIT ( * ) SI_UNIT ( $, .STERADIAN. ) SOLID_ANGLE_UNIT ( ) );
#102 = LINE ( 'NONE', #5664, #1030 ) ;
#103 = TOROIDAL_SURFACE ( 'NONE', #1778, 0.05000000000000002359, 0.02499999999999996669 ) ;
#104 =( GEOMETRIC_REPRESENTATION_CONTEXT ( 3 ) GLOBAL_UNCERTAINTY_ASSIGNED_CONTEXT ( ( #8467 ) ) GLOBAL_UNIT_ASSIGNED_CONTEXT ( ( #5713, #2652, #4888 ) ) REPRESENTATION_CONTEXT ( 'NONE', 'WORKASPACE' ) );
#105 = PRESENTATION_STYLE_ASSIGNMENT (( #2493 ) ) ;
#106 = DIRECTION ( 'NONE',  ( -2.168404344971012812E-15, 0.000000000000000000, 1.000000000000000000 ) ) ;
#107 = SURFACE_SIDE_STYLE ('',( #9206 ) ) ;
#108 = UNCERTAINTY_MEASURE_WITH_UNIT (LENGTH_MEASURE( 1.000000000000000082E-05 ), #9420, 'distance_accuracy_value', 'NONE');
#109 = CARTESIAN_POINT ( 'NONE',  ( 0.1230000000000001231, -0.2750000000000000222, -0.4799999999999999267 ) ) ;
#110 =( NAMED_UNIT ( * ) SI_UNIT ( $, .STERADIAN. ) SOLID_ANGLE_UNIT ( ) );
#111 = SURFACE_STYLE_USAGE ( .BOTH. , #4634 ) ;
#112 = ADVANCED_FACE ( 'NONE', ( #2325 ), #159, .F. ) ;
#113 = CYLINDRICAL_SURFACE ( 'NONE', #1323, 0.02500000000000006384 ) ;
#114 =( NAMED_UNIT ( * ) PLANE_ANGLE_UNIT ( ) SI_UNIT ( $, .RADIAN. ) );
#115 = ORIENTED_EDGE ( 'NONE', *, *, #766, .F. ) ;
#116 = DIRECTION ( 'NONE',  ( 0.000000000000000000, 0.000000000000000000, -1.000000000000000000 ) ) ;
#117 = EDGE_CURVE ( 'NONE', #9599, #9599, #3353, .T. ) ;
#118 = AXIS2_PLACEMENT_3D ( 'NONE', #1739, #9299, #8468 ) ;
#119 = PRESENTATION_LAYER_ASSIGNMENT (  '', '', ( #3640 ) ) ;
#120 = EDGE_LOOP ( 'NONE', ( #4133 ) ) ;
#121 = VECTOR ( 'NONE', #5437, 1000.000000000000000 ) ;
#122 =( GEOMETRIC_REPRESENTATION_CONTEXT ( 3 ) GLOBAL_UNCERTAINTY_ASSIGNED_CONTEXT ( ( #1757 ) ) GLOBAL_UNIT_ASSIGNED_CONTEXT ( ( #7099, #2567, #9433 ) ) REPRESENTATION_CONTEXT ( 'NONE', 'WORKASPACE' ) );
#123 = CARTESIAN_POINT ( 'NONE',  ( 0.5099632742307173006, -0.6199999999999998845, -0.1599632742307184052 ) ) ;
#124 = ORIENTED_EDGE ( 'NONE', *, *, #5273, .F. ) ;
#125 = CARTESIAN_POINT ( 'NONE',  ( 1.000000000000000000, -0.1999999999999999833, 0.5749999999999999556 ) ) ;
#126 = FILL_AREA_STYLE_COLOUR ( '', #8696 ) ;
#127 = SURFACE_STYLE_USAGE ( .BOTH. , #8553 ) ;
#128 = STYLED_ITEM ( 'NONE', ( #612 ), #373 ) ;
#129 = STYLED_ITEM ( 'NONE', ( #105 ), #4035 ) ;
#130 = VECTOR ( 'NONE', #7254, 1000.000000000000000 ) ;
#131 = DIRECTION ( 'NONE',  ( 0.000000000000000000, 0.000000000000000000, -1.000000000000000000 ) ) ;
#132 = STYLED_ITEM ( 'NONE', ( #5030 ), #7442 ) ;
#133 = ORIENTED_EDGE ( 'NONE', *, *, #6259, .T. ) ;
#134 = FILL_AREA_STYLE ('',( #9227 ) ) ;
#135 = AXIS2_PLACEMENT_3D ( 'NONE', #7528, #1543, #2973 ) ;
#136 = ADVANCED_FACE ( 'NONE', ( #1852 ), #7706, .F. ) ;
#137 = CARTESIAN_POINT ( 'NONE',  ( 0.9750000000000000888, -0.5949999999999999734, 0.5999999999999999778 ) ) ;
#138 = DIRECTION ( 'NONE',  ( -0.000000000000000000, -0.000000000000000000, -1.000000000000000000 ) ) ;
#139 =( NAMED_UNIT ( * ) PLANE_ANGLE_UNIT ( ) SI_UNIT ( $, .RADIAN. ) );
#140 = UNCERTAINTY_MEASURE_WITH_UNIT (LENGTH_MEASURE( 1.000000000000000082E-05 ), #8375, 'distance_accuracy_value', 'NONE');
#141 = ORIENTED_EDGE ( 'NONE', *, *, #4599, .F. ) ;
#142 =( GEOMETRIC_REPRESENTATION_CONTEXT ( 3 ) GLOBAL_UNCERTAINTY_ASSIGNED_CONTEXT ( ( #2133 ) ) GLOBAL_UNIT_ASSIGNED_CONTEXT ( ( #3339, #4191, #9458 ) ) REPRESENTATION_CONTEXT ( 'NONE', 'WORKASPACE' ) );
#143 = ORIENTED_EDGE ( 'NONE', *, *, #5562, .T. ) ;
#144 = SURFACE_SIDE_STYLE ('',( #7842 ) ) ;
#145 = CARTESIAN_POINT ( 'NONE',  ( -0.5699999999999997291, -0.9110548113739569409, -0.4163119535287356787 ) ) ;
#146 =( GEOMETRIC_REPRESENTATION_CONTEXT ( 3 ) GLOBAL_UNCERTAINTY_ASSIGNED_CONTEXT ( ( #7799 ) ) GLOBAL_UNIT_ASSIGNED_CONTEXT ( ( #1283, #2788, #4302 ) ) REPRESENTATION_CONTEXT ( 'NONE', 'WORKASPACE' ) );
#147 =( GEOMETRIC_REPRESENTATION_CONTEXT ( 3 ) GLOBAL_UNCERTAINTY_ASSIGNED_CONTEXT ( ( #5927 ) ) GLOBAL_UNIT_ASSIGNED_CONTEXT ( ( #2424, #7762, #51 ) ) REPRESENTATION_CONTEXT ( 'NONE', 'WORKASPACE' ) );
#148 = CYLINDRICAL_SURFACE ( 'NONE', #3363, 0.02500000000000002567 ) ;
#149 = CARTESIAN_POINT ( 'NONE',  ( -0.2599999999999998979, -0.2750000000000000777, -0.4299999999999999378 ) ) ;
#150 = DIRECTION ( 'NONE',  ( 0.000000000000000000, -1.000000000000000000, 0.000000000000000000 ) ) ;
#151 = ORIENTED_EDGE ( 'NONE', *, *, #6698, .F. ) ;
#152 =( NAMED_UNIT ( * ) SI_UNIT ( $, .STERADIAN. ) SOLID_ANGLE_UNIT ( ) );
#153 = CARTESIAN_POINT ( 'NONE',  ( -0.09899999999999990752, -0.2250000000000000611, -0.3799999999999999489 ) ) ;
#154 = ORIENTED_EDGE ( 'NONE', *, *, #8342, .T. ) ;
#155 = CYLINDRICAL_SURFACE ( 'NONE', #7512, 0.02500000000000006384 ) ;
#156 =( NAMED_UNIT ( * ) SI_UNIT ( $, .STERADIAN. ) SOLID_ANGLE_UNIT ( ) );
#157 = FILL_AREA_STYLE ('',( #6890 ) ) ;
#158 = CARTESIAN_POINT ( 'NONE',  ( 0.2293329645653459925, -0.5949999999999997513, -0.4302182886970357112 ) ) ;
#159 = PLANE ( 'NONE',  #9341 ) ;
#160 =( GEOMETRIC_REPRESENTATION_CONTEXT ( 3 ) GLOBAL_UNCERTAINTY_ASSIGNED_CONTEXT ( ( #7168 ) ) GLOBAL_UNIT_ASSIGNED_CONTEXT ( ( #1377, #5931, #1418 ) ) REPRESENTATION_CONTEXT ( 'NONE', 'WORKASPACE' ) );
#161 = ORIENTED_EDGE ( 'NONE', *, *, #8896, .T. ) ;
#162 = CARTESIAN_POINT ( 'NONE',  ( 0.5099632742307174116, -0.2103553390593273786, -0.4499999999999999556 ) ) ;
#163 = FACE_OUTER_BOUND ( 'NONE', #8012, .T. ) ;
#164 = ADVANCED_FACE ( 'NONE', ( #6924 ), #374, .T. ) ;
#165 = UNCERTAINTY_MEASURE_WITH_UNIT (LENGTH_MEASURE( 1.000000000000000082E-05 ), #8189, 'distance_accuracy_value', 'NONE');
#166 = SURFACE_STYLE_USAGE ( .BOTH. , #1045 ) ;
#167 = SURFACE_STYLE_FILL_AREA ( #2713 ) ;
#168 = FILL_AREA_STYLE ('',( #33 ) ) ;
#169 = CARTESIAN_POINT ( 'NONE',  ( -0.07799999999999991662, -0.2250000000000000611, 0.3799999999999999489 ) ) ;
#170 = ORIENTED_EDGE ( 'NONE', *, *, #4052, .F. ) ;
#171 = FACE_OUTER_BOUND ( 'NONE', #3564, .T. ) ;
#172 = SURFACE_SIDE_STYLE ('',( #1760 ) ) ;
#173 = EDGE_CURVE ( 'NONE', #2027, #2027, #7864, .T. ) ;
#174 = CARTESIAN_POINT ( 'NONE',  ( 0.5349632742307174338, -0.2250000000000000056, 0.5999999999999999778 ) ) ;
#175 = SURFACE_STYLE_FILL_AREA ( #7202 ) ;
#176 = SURFACE_SIDE_STYLE ('',( #5157 ) ) ;
#177 = FILL_AREA_STYLE_COLOUR ( '', #3309 ) ;
#178 = MECHANICAL_DESIGN_GEOMETRIC_PRESENTATION_REPRESENTATION (  '', ( #8825 ), #7488 ) ;
#179 = ORIENTED_EDGE ( 'NONE', *, *, #8055, .T. ) ;
#180 = CARTESIAN_POINT ( 'NONE',  ( -0.3850000000000000089, -0.2750000000000000777, -0.4299999999999999378 ) ) ;
#181 = DIRECTION ( 'NONE',  ( 0.000000000000000000, 0.000000000000000000, 1.000000000000000000 ) ) ;
#182 = CIRCLE ( 'NONE', #6975, 0.02500000000000002914 ) ;
#183 = EDGE_LOOP ( 'NONE', ( #3832 ) ) ;
#184 = COLOUR_RGB ( '',1.000000000000000000, 0.7529411764705882248, 0.7529411764705882248 ) ;
#185 = LINE ( 'NONE', #2374, #7278 ) ;
#186 = COLOUR_RGB ( '',1.000000000000000000, 0.7529411764705882248, 0.7529411764705882248 ) ;
#187 = SURFACE_SIDE_STYLE ('',( #4865 ) ) ;
#188 = DIRECTION ( 'NONE',  ( 1.000000000000000000, 0.000000000000000000, 0.000000000000000000 ) ) ;
#189 = FILL_AREA_STYLE_COLOUR ( '', #2468 ) ;
#190 = CARTESIAN_POINT ( 'NONE',  ( 1.000000000000000444, -0.6199999999999998845, -0.1599632742307184052 ) ) ;
#191 = ADVANCED_FACE ( 'NONE', ( #3017 ), #2344, .F. ) ;
#192 = PRESENTATION_LAYER_ASSIGNMENT (  '', '', ( #3572 ) ) ;
#193 = VERTEX_POINT ( 'NONE', #95 ) ;
#194 = SURFACE_STYLE_FILL_AREA ( #8424 ) ;
#195 = PRESENTATION_LAYER_ASSIGNMENT (  '', '', ( #2917 ) ) ;
#196 = DIRECTION ( 'NONE',  ( 0.000000000000000000, 0.000000000000000000, 1.000000000000000000 ) ) ;
#197 = ORIENTED_EDGE ( 'NONE', *, *, #423, .F. ) ;
#198 = UNCERTAINTY_MEASURE_WITH_UNIT (LENGTH_MEASURE( 1.000000000000000082E-05 ), #7043, 'distance_accuracy_value', 'NONE');
#199 = DIRECTION ( 'NONE',  ( 0.9825750242013554514, -0.1858664085188761472, 0.000000000000000000 ) ) ;
#200 = CARTESIAN_POINT ( 'NONE',  ( 0.5199999999999997957, -0.8800000000000001155, 0.4000000000000000222 ) ) ;
#201 = DIRECTION ( 'NONE',  ( 0.000000000000000000, 0.000000000000000000, 1.000000000000000000 ) ) ;
#202 =( GEOMETRIC_REPRESENTATION_CONTEXT ( 3 ) GLOBAL_UNCERTAINTY_ASSIGNED_CONTEXT ( ( #6787 ) ) GLOBAL_UNIT_ASSIGNED_CONTEXT ( ( #309, #2595, #4136 ) ) REPRESENTATION_CONTEXT ( 'NONE', 'WORKASPACE' ) );
#203 = EDGE_CURVE ( 'NONE', #1701, #3072, #1359, .T. ) ;
#204 = STYLED_ITEM ( 'NONE', ( #1690 ), #649 ) ;
#205 = ORIENTED_EDGE ( 'NONE', *, *, #1046, .T. ) ;
#206 = FILL_AREA_STYLE ('',( #6995 ) ) ;
#207 =( NAMED_UNIT ( * ) PLANE_ANGLE_UNIT ( ) SI_UNIT ( $, .RADIAN. ) );
#208 = SURFACE_STYLE_FILL_AREA ( #6447 ) ;
#209 = STYLED_ITEM ( 'NONE', ( #625 ), #8100 ) ;
#210 = VERTEX_POINT ( 'NONE', #551 ) ;
#211 = SURFACE_STYLE_USAGE ( .BOTH. , #3962 ) ;
#212 = CIRCLE ( 'NONE', #2253, 0.02500000000000002567 ) ;
#213 = PRESENTATION_LAYER_ASSIGNMENT (  '', '', ( #331 ) ) ;
#214 = ADVANCED_FACE ( 'NONE', ( #8355 ), #296, .T. ) ;
#215 = CARTESIAN_POINT ( 'NONE',  ( -0.5699999999999998401, -0.8749999999999998890, 0.4000000000000000222 ) ) ;
#216 = SURFACE_STYLE_FILL_AREA ( #2947 ) ;
#217 = AXIS2_PLACEMENT_3D ( 'NONE', #7451, #3107, #7693 ) ;
#218 = VERTEX_POINT ( 'NONE', #145 ) ;
#219 = COLOUR_RGB ( '',0.2509803921568627416, 0.2509803921568627416, 0.2509803921568627416 ) ;
#220 = FACE_OUTER_BOUND ( 'NONE', #9399, .T. ) ;
#221 =( NAMED_UNIT ( * ) PLANE_ANGLE_UNIT ( ) SI_UNIT ( $, .RADIAN. ) );
#222 =( GEOMETRIC_REPRESENTATION_CONTEXT ( 3 ) GLOBAL_UNCERTAINTY_ASSIGNED_CONTEXT ( ( #140 ) ) GLOBAL_UNIT_ASSIGNED_CONTEXT ( ( #8375, #9144, #1427 ) ) REPRESENTATION_CONTEXT ( 'NONE', 'WORKASPACE' ) );
#223 = CARTESIAN_POINT ( 'NONE',  ( -0.5099632742307173006, -0.2103553390593273786, -0.5999999999999998668 ) ) ;
#224 = AXIS2_PLACEMENT_3D ( 'NONE', #6045, #2315, #8373 ) ;
#225 = UNCERTAINTY_MEASURE_WITH_UNIT (LENGTH_MEASURE( 1.000000000000000082E-05 ), #9276, 'distance_accuracy_value', 'NONE');
#226 = VERTEX_POINT ( 'NONE', #9681 ) ;
#227 = COLOUR_RGB ( '',1.000000000000000000, 0.7529411764705882248, 0.7529411764705882248 ) ;
#228 = VERTEX_POINT ( 'NONE', #7531 ) ;
#229 = CARTESIAN_POINT ( 'NONE',  ( 0.9750000000000001998, -0.1999999999999999833, 0.5749999999999999556 ) ) ;
#230 = FILL_AREA_STYLE_COLOUR ( '', #5877 ) ;
#231 = EDGE_CURVE ( 'NONE', #4822, #4822, #8957, .T. ) ;
#232 = UNCERTAINTY_MEASURE_WITH_UNIT (LENGTH_MEASURE( 1.000000000000000082E-05 ), #6498, 'distance_accuracy_value', 'NONE');
#233 = AXIS2_PLACEMENT_3D ( 'NONE', #8340, #1591, #8371 ) ;
#234 = COLOUR_RGB ( '',1.000000000000000000, 0.7529411764705882248, 0.7529411764705882248 ) ;
#235 = FILL_AREA_STYLE_COLOUR ( '', #4721 ) ;
#236 = COLOUR_RGB ( '',1.000000000000000000, 0.7529411764705882248, 0.7529411764705882248 ) ;
#237 = ADVANCED_FACE ( 'NONE', ( #3247 ), #2871, .T. ) ;
#238 = ORIENTED_EDGE ( 'NONE', *, *, #2176, .F. ) ;
#239 = SURFACE_STYLE_USAGE ( .BOTH. , #172 ) ;
#240 =( NAMED_UNIT ( * ) SI_UNIT ( $, .STERADIAN. ) SOLID_ANGLE_UNIT ( ) );
#241 = STYLED_ITEM ( 'NONE', ( #5414 ), #7460 ) ;
#242 = SURFACE_SIDE_STYLE ('',( #8681 ) ) ;
#243 = CARTESIAN_POINT ( 'NONE',  ( 0.000000000000000000, 0.000000000000000000, 0.000000000000000000 ) ) ;
#244 = EDGE_CURVE ( 'NONE', #3427, #7927, #620, .T. ) ;
#245 = ORIENTED_EDGE ( 'NONE', *, *, #9319, .F. ) ;
#246 = FACE_OUTER_BOUND ( 'NONE', #8769, .T. ) ;
#247 = MECHANICAL_DESIGN_GEOMETRIC_PRESENTATION_REPRESENTATION (  '', ( #8196 ), #6856 ) ;
#248 = VERTEX_POINT ( 'NONE', #1370 ) ;
#249 = SURFACE_STYLE_USAGE ( .BOTH. , #4063 ) ;
#250 = FILL_AREA_STYLE ('',( #2484 ) ) ;
#251 = PRESENTATION_LAYER_ASSIGNMENT (  '', '', ( #9091 ) ) ;
#252 = DIRECTION ( 'NONE',  ( 0.9396926207859063185, -0.3420201433256743195, -0.000000000000000000 ) ) ;
#253 = DIRECTION ( 'NONE',  ( 0.000000000000000000, -1.000000000000000000, 0.000000000000000000 ) ) ;
#254 = VECTOR ( 'NONE', #875, 1000.000000000000000 ) ;
#255 = TOROIDAL_SURFACE ( 'NONE', #3751, 0.05000000000000002359, 0.02499999999999996669 ) ;
#256 =( GEOMETRIC_REPRESENTATION_CONTEXT ( 3 ) GLOBAL_UNCERTAINTY_ASSIGNED_CONTEXT ( ( #5750 ) ) GLOBAL_UNIT_ASSIGNED_CONTEXT ( ( #5719, #9571, #1216 ) ) REPRESENTATION_CONTEXT ( 'NONE', 'WORKASPACE' ) );
#257 = EDGE_CURVE ( 'NONE', #4669, #2873, #9312, .T. ) ;
#258 = DIRECTION ( 'NONE',  ( 0.000000000000000000, 0.000000000000000000, 1.000000000000000000 ) ) ;
#259 = VECTOR ( 'NONE', #2254, 999.9999999999998863 ) ;
#260 = SURFACE_SIDE_STYLE ('',( #3267 ) ) ;
#261 = MECHANICAL_DESIGN_GEOMETRIC_PRESENTATION_REPRESENTATION (  '', ( #891 ), #6042 ) ;
#262 = EDGE_LOOP ( 'NONE', ( #5409, #5627, #9052, #2792 ) ) ;
#263 = SURFACE_SIDE_STYLE ('',( #6167 ) ) ;
#264 = AXIS2_PLACEMENT_3D ( 'NONE', #2751, #7340, #4969 ) ;
#265 =( LENGTH_UNIT ( ) NAMED_UNIT ( * ) SI_UNIT ( .MILLI., .METRE. ) );
#266 = EDGE_LOOP ( 'NONE', ( #415 ) ) ;
#267 = FILL_AREA_STYLE ('',( #9418 ) ) ;
#268 = DIRECTION ( 'NONE',  ( 0.000000000000000000, 1.000000000000000000, 0.000000000000000000 ) ) ;
#269 = SURFACE_STYLE_USAGE ( .BOTH. , #7826 ) ;
#270 = SURFACE_STYLE_USAGE ( .BOTH. , #6231 ) ;
#271 = SURFACE_STYLE_USAGE ( .BOTH. , #4791 ) ;
#272 = PRESENTATION_STYLE_ASSIGNMENT (( #5386 ) ) ;
#273 = DIRECTION ( 'NONE',  ( -0.000000000000000000, 1.000000000000000000, -0.000000000000000000 ) ) ;
#274 = STYLED_ITEM ( 'NONE', ( #5941 ), #4913 ) ;
#275 = EDGE_LOOP ( 'NONE', ( #9520, #48, #6848, #2393 ) ) ;
#276 = FILL_AREA_STYLE ('',( #2561 ) ) ;
#277 =( GEOMETRIC_REPRESENTATION_CONTEXT ( 3 ) GLOBAL_UNCERTAINTY_ASSIGNED_CONTEXT ( ( #4382 ) ) GLOBAL_UNIT_ASSIGNED_CONTEXT ( ( #5144, #2829, #9706 ) ) REPRESENTATION_CONTEXT ( 'NONE', 'WORKASPACE' ) );
#278 = SURFACE_STYLE_FILL_AREA ( #2324 ) ;
#279 = DIRECTION ( 'NONE',  ( 0.000000000000000000, -1.000000000000000000, 0.000000000000000000 ) ) ;
#280 = STYLED_ITEM ( 'NONE', ( #7530 ), #8485 ) ;
#281 = STYLED_ITEM ( 'NONE', ( #4974 ), #6323 ) ;
#282 = ADVANCED_FACE ( 'NONE', ( #7397, #4047 ), #8103, .T. ) ;
#283 = PRESENTATION_STYLE_ASSIGNMENT (( #5710 ) ) ;
#284 = SURFACE_SIDE_STYLE ('',( #9199 ) ) ;
#285 = EDGE_LOOP ( 'NONE', ( #522 ) ) ;
#286 = COLOUR_RGB ( '',0.7921568627450980005, 0.8196078431372548767, 0.9333333333333333481 ) ;
#287 = CARTESIAN_POINT ( 'NONE',  ( -0.4522282473117545387, 0.000000000000000000, 0.4999999999999998890 ) ) ;
#288 = VECTOR ( 'NONE', #975, 1000.000000000000000 ) ;
#289 = EDGE_CURVE ( 'NONE', #3072, #3162, #3930, .T. ) ;
#290 = DIRECTION ( 'NONE',  ( -1.000000000000000000, 0.000000000000000000, 0.000000000000000000 ) ) ;
#291 = AXIS2_PLACEMENT_3D ( 'NONE', #6515, #6480, #6443 ) ;
#292 = LINE ( 'NONE', #7383, #5509 ) ;
#293 = DIRECTION ( 'NONE',  ( 0.000000000000000000, -0.000000000000000000, 1.000000000000000000 ) ) ;
#294 = DIRECTION ( 'NONE',  ( -0.9956342260592881965, -0.000000000000000000, -0.09334070869305820251 ) ) ;
#295 = ORIENTED_EDGE ( 'NONE', *, *, #6052, .F. ) ;
#296 = PLANE ( 'NONE',  #3798 ) ;
#297 = CARTESIAN_POINT ( 'NONE',  ( -0.9999999999999995559, -0.7299999999999999822, -0.1999999999999998723 ) ) ;
#298 = ORIENTED_EDGE ( 'NONE', *, *, #4109, .F. ) ;
#299 = EDGE_CURVE ( 'NONE', #5908, #5908, #1954, .T. ) ;
#300 = FILL_AREA_STYLE ('',( #1193 ) ) ;
#301 = CIRCLE ( 'NONE', #2929, 0.02500000000000002220 ) ;
#302 = AXIS2_PLACEMENT_3D ( 'NONE', #2499, #3193, #7796 ) ;
#303 =( GEOMETRIC_REPRESENTATION_CONTEXT ( 3 ) GLOBAL_UNCERTAINTY_ASSIGNED_CONTEXT ( ( #4433 ) ) GLOBAL_UNIT_ASSIGNED_CONTEXT ( ( #1582, #97, #9094 ) ) REPRESENTATION_CONTEXT ( 'NONE', 'WORKASPACE' ) );
#304 = DIRECTION ( 'NONE',  ( 1.000000000000000000, 0.000000000000000000, 0.000000000000000000 ) ) ;
#305 = FILL_AREA_STYLE_COLOUR ( '', #3110 ) ;
#306 = CARTESIAN_POINT ( 'NONE',  ( -0.2354356243949659866, -0.2296466602129719481, -0.4299999999999999933 ) ) ;
#307 = ORIENTED_EDGE ( 'NONE', *, *, #3922, .T. ) ;
#308 = EDGE_LOOP ( 'NONE', ( #1869 ) ) ;
#309 =( LENGTH_UNIT ( ) NAMED_UNIT ( * ) SI_UNIT ( .MILLI., .METRE. ) );
#310 = FILL_AREA_STYLE_COLOUR ( '', #7971 ) ;
#311 = STYLED_ITEM ( 'NONE', ( #2111 ), #4127 ) ;
#312 = ORIENTED_EDGE ( 'NONE', *, *, #2789, .F. ) ;
#313 = SURFACE_STYLE_FILL_AREA ( #3155 ) ;
#314 = FILL_AREA_STYLE ('',( #8648 ) ) ;
#315 = ADVANCED_FACE ( 'NONE', ( #5358 ), #6894, .F. ) ;
#316 = UNCERTAINTY_MEASURE_WITH_UNIT (LENGTH_MEASURE( 1.000000000000000082E-05 ), #5885, 'distance_accuracy_value', 'NONE');
#317 = COLOUR_RGB ( '',0.2509803921568627416, 0.2509803921568627416, 0.2509803921568627416 ) ;
#318 =( GEOMETRIC_REPRESENTATION_CONTEXT ( 3 ) GLOBAL_UNCERTAINTY_ASSIGNED_CONTEXT ( ( #1888 ) ) GLOBAL_UNIT_ASSIGNED_CONTEXT ( ( #5663, #8765, #9452 ) ) REPRESENTATION_CONTEXT ( 'NONE', 'WORKASPACE' ) );
#319 = AXIS2_PLACEMENT_3D ( 'NONE', #5089, #2143, #3598 ) ;
#320 = SURFACE_STYLE_USAGE ( .BOTH. , #8757 ) ;
#321 = VERTEX_POINT ( 'NONE', #5567 ) ;
#322 = VECTOR ( 'NONE', #9137, 1000.000000000000000 ) ;
#323 = EDGE_LOOP ( 'NONE', ( #3340 ) ) ;
#324 = AXIS2_PLACEMENT_3D ( 'NONE', #7382, #4280, #7346 ) ;
#325 = CARTESIAN_POINT ( 'NONE',  ( -0.2146670354346528198, -0.6449999999999997957, -0.4302182886970356002 ) ) ;
#326 = AXIS2_PLACEMENT_3D ( 'NONE', #7739, #4750, #1014 ) ;
#327 = COLOUR_RGB ( '',1.000000000000000000, 0.7529411764705882248, 0.7529411764705882248 ) ;
#328 =( NAMED_UNIT ( * ) PLANE_ANGLE_UNIT ( ) SI_UNIT ( $, .RADIAN. ) );
#329 = MECHANICAL_DESIGN_GEOMETRIC_PRESENTATION_REPRESENTATION (  '', ( #8661 ), #4875 ) ;
#330 = DIRECTION ( 'NONE',  ( 0.000000000000000000, 0.000000000000000000, 1.000000000000000000 ) ) ;
#331 = STYLED_ITEM ( 'NONE', ( #3594 ), #6099 ) ;
#332 = VERTEX_POINT ( 'NONE', #3227 ) ;
#333 = SURFACE_SIDE_STYLE ('',( #2916 ) ) ;
#334 = CARTESIAN_POINT ( 'NONE',  ( -0.4099999999999999756, -0.2750000000000000777, -0.4799999999999999822 ) ) ;
#335 = CYLINDRICAL_SURFACE ( 'NONE', #6095, 0.02500000000000002914 ) ;
#336 = DIRECTION ( 'NONE',  ( 0.000000000000000000, 0.000000000000000000, 1.000000000000000000 ) ) ;
#337 = UNCERTAINTY_MEASURE_WITH_UNIT (LENGTH_MEASURE( 1.000000000000000082E-05 ), #4417, 'distance_accuracy_value', 'NONE');
#338 = PRESENTATION_STYLE_ASSIGNMENT (( #9461 ) ) ;
#339 = ADVANCED_FACE ( 'NONE', ( #7857, #6542 ), #1601, .T. ) ;
#340 = EDGE_CURVE ( 'NONE', #6293, #399, #9689, .T. ) ;
#341 = CARTESIAN_POINT ( 'NONE',  ( -0.07799999999999991662, -0.2250000000000000611, 0.3799999999999999489 ) ) ;
#342 = VECTOR ( 'NONE', #9801, 1000.000000000000000 ) ;
#343 = SURFACE_STYLE_FILL_AREA ( #1034 ) ;
#344 = PRESENTATION_LAYER_ASSIGNMENT (  '', '', ( #7332 ) ) ;
#345 = FILL_AREA_STYLE ('',( #4033 ) ) ;
#346 = MECHANICAL_DESIGN_GEOMETRIC_PRESENTATION_REPRESENTATION (  '', ( #8170 ), #4976 ) ;
#347 = CARTESIAN_POINT ( 'NONE',  ( 1.000000000000000000, -0.9000000000000000222, 0.1999999999999999278 ) ) ;
#348 = UNCERTAINTY_MEASURE_WITH_UNIT (LENGTH_MEASURE( 1.000000000000000082E-05 ), #6762, 'distance_accuracy_value', 'NONE');
#349 = SURFACE_STYLE_FILL_AREA ( #5432 ) ;
#350 = CYLINDRICAL_SURFACE ( 'NONE', #2886, 0.02500000000000003955 ) ;
#351 = VECTOR ( 'NONE', #9450, 1000.000000000000000 ) ;
#352 = CIRCLE ( 'NONE', #4936, 0.02500000000000001180 ) ;
#353 =( NAMED_UNIT ( * ) SI_UNIT ( $, .STERADIAN. ) SOLID_ANGLE_UNIT ( ) );
#354 = EDGE_CURVE ( 'NONE', #2843, #968, #5961, .T. ) ;
#355 = AXIS2_PLACEMENT_3D ( 'NONE', #530, #5843, #1316 ) ;
#356 = FACE_OUTER_BOUND ( 'NONE', #912, .T. ) ;
#357 = CARTESIAN_POINT ( 'NONE',  ( -0.09899999999999990752, -0.2750000000000000222, -0.4800000000000000377 ) ) ;
#358 = CARTESIAN_POINT ( 'NONE',  ( -0.4447908620951335212, -0.6487827078363780364, -0.4486805838458380880 ) ) ;
#359 = CIRCLE ( 'NONE', #398, 0.02500000000000003955 ) ;
#360 = SURFACE_SIDE_STYLE ('',( #7498 ) ) ;
#361 = ADVANCED_FACE ( 'NONE', ( #9524, #489 ), #4761, .T. ) ;
#362 = ORIENTED_EDGE ( 'NONE', *, *, #9613, .F. ) ;
#363 = CARTESIAN_POINT ( 'NONE',  ( 0.03656437560503399825, -0.2296466602129719481, -0.3799999999999999489 ) ) ;
#364 = CIRCLE ( 'NONE', #5284, 0.02500000000000003955 ) ;
#365 = UNCERTAINTY_MEASURE_WITH_UNIT (LENGTH_MEASURE( 1.000000000000000082E-05 ), #8875, 'distance_accuracy_value', 'NONE');
#366 = PRESENTATION_LAYER_ASSIGNMENT (  '', '', ( #8196 ) ) ;
#367 = PRESENTATION_STYLE_ASSIGNMENT (( #2122 ) ) ;
#368 = SURFACE_STYLE_FILL_AREA ( #5800 ) ;
#369 = ORIENTED_EDGE ( 'NONE', *, *, #6081, .T. ) ;
#370 = PRESENTATION_LAYER_ASSIGNMENT (  '', '', ( #5453 ) ) ;
#371 = CARTESIAN_POINT ( 'NONE',  ( 1.000000000000000000, -0.7299999999999999822, -0.5999999999999999778 ) ) ;
#372 = SURFACE_STYLE_USAGE ( .BOTH. , #1610 ) ;
#373 = MANIFOLD_SOLID_BREP ( 'LPattern1[6]', #9713 ) ;
#374 = PLANE ( 'NONE',  #7155 ) ;
#375 = VERTEX_POINT ( 'NONE', #8777 ) ;
#376 = PRESENTATION_LAYER_ASSIGNMENT (  '', '', ( #6109 ) ) ;
#377 = FILL_AREA_STYLE_COLOUR ( '', #997 ) ;
#378 = ORIENTED_EDGE ( 'NONE', *, *, #5833, .T. ) ;
#379 = EDGE_CURVE ( 'NONE', #4900, #8542, #5952, .T. ) ;
#380 = MECHANICAL_DESIGN_GEOMETRIC_PRESENTATION_REPRESENTATION (  '', ( #503 ), #2264 ) ;
#381 = SURFACE_STYLE_USAGE ( .BOTH. , #3356 ) ;
#382 = AXIS2_PLACEMENT_3D ( 'NONE', #5619, #1083, #6374 ) ;
#383 = FACE_OUTER_BOUND ( 'NONE', #539, .T. ) ;
#384 =( NAMED_UNIT ( * ) SI_UNIT ( $, .STERADIAN. ) SOLID_ANGLE_UNIT ( ) );
#385 = SURFACE_STYLE_FILL_AREA ( #753 ) ;
#386 =( NAMED_UNIT ( * ) PLANE_ANGLE_UNIT ( ) SI_UNIT ( $, .RADIAN. ) );
#387 = COLOUR_RGB ( '',1.000000000000000000, 0.7529411764705882248, 0.7529411764705882248 ) ;
#388 = ORIENTED_EDGE ( 'NONE', *, *, #2689, .T. ) ;
#389 = CARTESIAN_POINT ( 'NONE',  ( -0.07799999999999991662, -0.2250000000000000611, 0.4299999999999999378 ) ) ;
#390 = CYLINDRICAL_SURFACE ( 'NONE', #7676, 0.02500000000000004302 ) ;
#391 = DIRECTION ( 'NONE',  ( 0.000000000000000000, 0.000000000000000000, 1.000000000000000000 ) ) ;
#392 =( NAMED_UNIT ( * ) SI_UNIT ( $, .STERADIAN. ) SOLID_ANGLE_UNIT ( ) );
#393 = FILL_AREA_STYLE ('',( #1161 ) ) ;
#394 =( GEOMETRIC_REPRESENTATION_CONTEXT ( 3 ) GLOBAL_UNCERTAINTY_ASSIGNED_CONTEXT ( ( #8678 ) ) GLOBAL_UNIT_ASSIGNED_CONTEXT ( ( #5342, #842, #6150 ) ) REPRESENTATION_CONTEXT ( 'NONE', 'WORKASPACE' ) );
#395 = ADVANCED_FACE ( 'NONE', ( #4747, #2994 ), #5716, .T. ) ;
#396 = FACE_OUTER_BOUND ( 'NONE', #7936, .T. ) ;
#397 = CARTESIAN_POINT ( 'NONE',  ( -0.05299999999999989442, -0.2250000000000000611, 0.4299999999999999378 ) ) ;
#398 = AXIS2_PLACEMENT_3D ( 'NONE', #8405, #6110, #6879 ) ;
#399 = VERTEX_POINT ( 'NONE', #400 ) ;
#400 = CARTESIAN_POINT ( 'NONE',  ( 0.5349632742307174338, -0.1999999999999999833, 0.5749999999999999556 ) ) ;
#401 = COLOUR_RGB ( '',1.000000000000000000, 0.7529411764705882248, 0.7529411764705882248 ) ;
#402 = SURFACE_STYLE_FILL_AREA ( #3534 ) ;
#403 =( GEOMETRIC_REPRESENTATION_CONTEXT ( 3 ) GLOBAL_UNCERTAINTY_ASSIGNED_CONTEXT ( ( #8187 ) ) GLOBAL_UNIT_ASSIGNED_CONTEXT ( ( #5731, #2735, #6448 ) ) REPRESENTATION_CONTEXT ( 'NONE', 'WORKASPACE' ) );
#404 = STYLED_ITEM ( 'NONE', ( #3778 ), #6557 ) ;
#405 = CARTESIAN_POINT ( 'NONE',  ( 0.2096670354346529819, -0.5949999999999997513, 0.4302182886970356002 ) ) ;
#406 = ORIENTED_EDGE ( 'NONE', *, *, #6841, .F. ) ;
#407 =( NAMED_UNIT ( * ) SI_UNIT ( $, .STERADIAN. ) SOLID_ANGLE_UNIT ( ) );
#408 =( NAMED_UNIT ( * ) SI_UNIT ( $, .STERADIAN. ) SOLID_ANGLE_UNIT ( ) );
#409 = SURFACE_STYLE_USAGE ( .BOTH. , #8815 ) ;
#410 = EDGE_LOOP ( 'NONE', ( #8313 ) ) ;
#411 = EDGE_CURVE ( 'NONE', #2589, #2589, #4517, .T. ) ;
#412 = COLOUR_RGB ( '',1.000000000000000000, 1.000000000000000000, 1.000000000000000000 ) ;
#413 =( NAMED_UNIT ( * ) SI_UNIT ( $, .STERADIAN. ) SOLID_ANGLE_UNIT ( ) );
#414 =( GEOMETRIC_REPRESENTATION_CONTEXT ( 3 ) GLOBAL_UNCERTAINTY_ASSIGNED_CONTEXT ( ( #5645 ) ) GLOBAL_UNIT_ASSIGNED_CONTEXT ( ( #9449, #8722, #2523 ) ) REPRESENTATION_CONTEXT ( 'NONE', 'WORKASPACE' ) );
#415 = ORIENTED_EDGE ( 'NONE', *, *, #3532, .F. ) ;
#416 =( LENGTH_UNIT ( ) NAMED_UNIT ( * ) SI_UNIT ( .MILLI., .METRE. ) );
#417 = PRESENTATION_STYLE_ASSIGNMENT (( #1124 ) ) ;
#418 = FILL_AREA_STYLE ('',( #4869 ) ) ;
#419 = ORIENTED_EDGE ( 'NONE', *, *, #6305, .F. ) ;
#420 = FACE_OUTER_BOUND ( 'NONE', #3882, .T. ) ;
#421 = VERTEX_POINT ( 'NONE', #1166 ) ;
#422 = ADVANCED_FACE ( 'NONE', ( #3337, #5122 ), #3443, .T. ) ;
#423 = EDGE_CURVE ( 'NONE', #5799, #5799, #2407, .T. ) ;
#424 =( LENGTH_UNIT ( ) NAMED_UNIT ( * ) SI_UNIT ( .MILLI., .METRE. ) );
#425 = STYLED_ITEM ( 'NONE', ( #9576 ), #3602 ) ;
#426 = VERTEX_POINT ( 'NONE', #4333 ) ;
#427 = STYLED_ITEM ( 'NONE', ( #1559 ), #3301 ) ;
#428 = DIRECTION ( 'NONE',  ( 0.000000000000000000, 0.000000000000000000, 1.000000000000000000 ) ) ;
#429 = CARTESIAN_POINT ( 'NONE',  ( -0.3205507767628301141, -0.6426664822826733126, 0.4325416188035216547 ) ) ;
#430 = AXIS2_PLACEMENT_3D ( 'NONE', #7158, #8644, #7901 ) ;
#431 = DIRECTION ( 'NONE',  ( 1.000000000000000000, 0.000000000000000000, 0.000000000000000000 ) ) ;
#432 = CLOSED_SHELL ( 'NONE', ( #7749, #8716, #6578, #6699, #2343, #5416, #8060, #5398, #4831, #6952, #237 ) ) ;
#433 = UNCERTAINTY_MEASURE_WITH_UNIT (LENGTH_MEASURE( 1.000000000000000082E-05 ), #4597, 'distance_accuracy_value', 'NONE');
#434 = VERTEX_POINT ( 'NONE', #2676 ) ;
#435 =( LENGTH_UNIT ( ) NAMED_UNIT ( * ) SI_UNIT ( .MILLI., .METRE. ) );
#436 = EDGE_LOOP ( 'NONE', ( #6547 ) ) ;
#437 = FILL_AREA_STYLE ('',( #6607 ) ) ;
#438 = DIRECTION ( 'NONE',  ( 0.9825750242013554514, -0.1858664085188761195, 0.000000000000000000 ) ) ;
#439 = EDGE_CURVE ( 'NONE', #1782, #1782, #7635, .T. ) ;
#440 = EDGE_LOOP ( 'NONE', ( #3957 ) ) ;
#441 = SURFACE_SIDE_STYLE ('',( #1396 ) ) ;
#442 = CYLINDRICAL_SURFACE ( 'NONE', #1592, 0.02499999999999995628 ) ;
#443 = AXIS2_PLACEMENT_3D ( 'NONE', #5057, #2769, #8929 ) ;
#444 = VERTEX_POINT ( 'NONE', #3370 ) ;
#445 = ORIENTED_EDGE ( 'NONE', *, *, #8266, .F. ) ;
#446 = STYLED_ITEM ( 'NONE', ( #9014 ), #5416 ) ;
#447 = FILL_AREA_STYLE ('',( #4972 ) ) ;
#448 = FILL_AREA_STYLE ('',( #2608 ) ) ;
#449 = SURFACE_STYLE_FILL_AREA ( #6789 ) ;
#450 = STYLED_ITEM ( 'NONE', ( #475 ), #4907 ) ;
#451 = DIRECTION ( 'NONE',  ( 0.000000000000000000, 0.000000000000000000, 1.000000000000000000 ) ) ;
#452 = ORIENTED_EDGE ( 'NONE', *, *, #4142, .T. ) ;
#453 = COLOUR_RGB ( '',1.000000000000000000, 1.000000000000000000, 1.000000000000000000 ) ;
#454 = MECHANICAL_DESIGN_GEOMETRIC_PRESENTATION_REPRESENTATION (  '', ( #7598 ), #2506 ) ;
#455 = DIRECTION ( 'NONE',  ( 0.000000000000000000, 1.000000000000000000, 0.000000000000000000 ) ) ;
#456 = STYLED_ITEM ( 'NONE', ( #3246 ), #8472 ) ;
#457 = UNCERTAINTY_MEASURE_WITH_UNIT (LENGTH_MEASURE( 1.000000000000000082E-05 ), #1668, 'distance_accuracy_value', 'NONE');
#458 = DIRECTION ( 'NONE',  ( 0.000000000000000000, 0.000000000000000000, 1.000000000000000000 ) ) ;
#459 = FACE_OUTER_BOUND ( 'NONE', #543, .T. ) ;
#460 = PRESENTATION_LAYER_ASSIGNMENT (  '', '', ( #9813 ) ) ;
#461 = SURFACE_STYLE_FILL_AREA ( #2838 ) ;
#462 = DIRECTION ( 'NONE',  ( -6.195440985631449401E-16, -1.000000000000000000, 9.293161478447174101E-16 ) ) ;
#463 = CARTESIAN_POINT ( 'NONE',  ( -0.2139999999999998848, -0.2250000000000000611, 0.3799999999999999489 ) ) ;
#464 = DIRECTION ( 'NONE',  ( 1.000000000000000000, 0.000000000000000000, 0.000000000000000000 ) ) ;
#465 = ORIENTED_EDGE ( 'NONE', *, *, #7660, .T. ) ;
#466 = SURFACE_STYLE_FILL_AREA ( #250 ) ;
#467 = PLANE ( 'NONE',  #6694 ) ;
#468 = PRESENTATION_LAYER_ASSIGNMENT (  '', '', ( #6371 ) ) ;
#469 =( NAMED_UNIT ( * ) SI_UNIT ( $, .STERADIAN. ) SOLID_ANGLE_UNIT ( ) );
#470 =( NAMED_UNIT ( * ) PLANE_ANGLE_UNIT ( ) SI_UNIT ( $, .RADIAN. ) );
#471 = ORIENTED_EDGE ( 'NONE', *, *, #8822, .F. ) ;
#472 = PLANE ( 'NONE',  #2786 ) ;
#473 = EDGE_CURVE ( 'NONE', #375, #7616, #7376, .T. ) ;
#474 = FILL_AREA_STYLE_COLOUR ( '', #4034 ) ;
#475 = PRESENTATION_STYLE_ASSIGNMENT (( #7524 ) ) ;
#476 = PLANE ( 'NONE',  #7697 ) ;
#477 = SURFACE_STYLE_USAGE ( .BOTH. , #4324 ) ;
#478 = UNCERTAINTY_MEASURE_WITH_UNIT (LENGTH_MEASURE( 1.000000000000000082E-05 ), #5629, 'distance_accuracy_value', 'NONE');
#479 = CYLINDRICAL_SURFACE ( 'NONE', #224, 0.02500000000000004302 ) ;
#480 = CARTESIAN_POINT ( 'NONE',  ( 0.007332964565346042525, -0.6449999999999997957, -0.4302182886970357667 ) ) ;
#481 = PRESENTATION_STYLE_ASSIGNMENT (( #4263 ) ) ;
#482 = ADVANCED_FACE ( 'NONE', ( #7850 ), #2985, .T. ) ;
#483 = VERTEX_POINT ( 'NONE', #2091 ) ;
#484 = CARTESIAN_POINT ( 'NONE',  ( 0.3695643756050340789, -0.2296466602129719481, -0.3799999999999999489 ) ) ;
#485 = FILL_AREA_STYLE_COLOUR ( '', #9639 ) ;
#486 = SURFACE_STYLE_FILL_AREA ( #6419 ) ;
#487 = EDGE_CURVE ( 'NONE', #7927, #7682, #1337, .T. ) ;
#488 = COLOUR_RGB ( '',1.000000000000000000, 1.000000000000000000, 1.000000000000000000 ) ;
#489 = FACE_OUTER_BOUND ( 'NONE', #2804, .T. ) ;
#490 =( LENGTH_UNIT ( ) NAMED_UNIT ( * ) SI_UNIT ( .MILLI., .METRE. ) );
#491 =( GEOMETRIC_REPRESENTATION_CONTEXT ( 3 ) GLOBAL_UNCERTAINTY_ASSIGNED_CONTEXT ( ( #8935 ) ) GLOBAL_UNIT_ASSIGNED_CONTEXT ( ( #2442, #3925, #7828 ) ) REPRESENTATION_CONTEXT ( 'NONE', 'WORKASPACE' ) );
#492 = ORIENTED_EDGE ( 'NONE', *, *, #1663, .F. ) ;
#493 = PLANE ( 'NONE',  #3879 ) ;
#494 = LINE ( 'NONE', #1464, #5253 ) ;
#495 =( NAMED_UNIT ( * ) PLANE_ANGLE_UNIT ( ) SI_UNIT ( $, .RADIAN. ) );
#496 = VECTOR ( 'NONE', #6730, 1000.000000000000000 ) ;
#497 =( NAMED_UNIT ( * ) PLANE_ANGLE_UNIT ( ) SI_UNIT ( $, .RADIAN. ) );
#498 = COLOUR_RGB ( '',1.000000000000000000, 1.000000000000000000, 1.000000000000000000 ) ;
#499 = ORIENTED_EDGE ( 'NONE', *, *, #6130, .F. ) ;
#500 = EDGE_CURVE ( 'NONE', #2376, #2376, #8932, .T. ) ;
#501 = PRESENTATION_STYLE_ASSIGNMENT (( #4418 ) ) ;
#502 = UNCERTAINTY_MEASURE_WITH_UNIT (LENGTH_MEASURE( 1.000000000000000082E-05 ), #1455, 'distance_accuracy_value', 'NONE');
#503 = STYLED_ITEM ( 'NONE', ( #5327 ), #744 ) ;
#504 =( LENGTH_UNIT ( ) NAMED_UNIT ( * ) SI_UNIT ( .MILLI., .METRE. ) );
#505 = AXIS2_PLACEMENT_3D ( 'NONE', #6054, #9055, #2967 ) ;
#506 = DIRECTION ( 'NONE',  ( 0.9825750242013554514, -0.1858664085188760362, 0.000000000000000000 ) ) ;
#507 = DIRECTION ( 'NONE',  ( 0.9912875121006776702, 0.09334070869305804985, 0.09293320425943860097 ) ) ;
#508 =( GEOMETRIC_REPRESENTATION_CONTEXT ( 3 ) GLOBAL_UNCERTAINTY_ASSIGNED_CONTEXT ( ( #1392 ) ) GLOBAL_UNIT_ASSIGNED_CONTEXT ( ( #9255, #6857, #156 ) ) REPRESENTATION_CONTEXT ( 'NONE', 'WORKASPACE' ) );
#509 = FILL_AREA_STYLE ('',( #474 ) ) ;
#510 = ORIENTED_EDGE ( 'NONE', *, *, #6841, .T. ) ;
#511 = PRESENTATION_STYLE_ASSIGNMENT (( #6193 ) ) ;
#512 = CARTESIAN_POINT ( 'NONE',  ( 0.06833296456534601604, -0.5949999999999997513, -0.4302182886970357112 ) ) ;
#513 = ORIENTED_EDGE ( 'NONE', *, *, #6305, .T. ) ;
#514 = FACE_OUTER_BOUND ( 'NONE', #9518, .T. ) ;
#515 = SURFACE_SIDE_STYLE ('',( #4695 ) ) ;
#516 = CARTESIAN_POINT ( 'NONE',  ( -0.5200000000000000178, -0.7084327450237908330, -0.3999999999999998557 ) ) ;
#517 = SURFACE_STYLE_USAGE ( .BOTH. , #7501 ) ;
#518 = DIRECTION ( 'NONE',  ( 0.000000000000000000, 0.000000000000000000, 1.000000000000000000 ) ) ;
#519 = EDGE_CURVE ( 'NONE', #558, #9438, #5946, .T. ) ;
#520 = CARTESIAN_POINT ( 'NONE',  ( 0.09756437560503398998, -0.2296466602129719481, -0.4299999999999999933 ) ) ;
#521 =( GEOMETRIC_REPRESENTATION_CONTEXT ( 3 ) GLOBAL_UNCERTAINTY_ASSIGNED_CONTEXT ( ( #6440 ) ) GLOBAL_UNIT_ASSIGNED_CONTEXT ( ( #6801, #5325, #4558 ) ) REPRESENTATION_CONTEXT ( 'NONE', 'WORKASPACE' ) );
#522 = ORIENTED_EDGE ( 'NONE', *, *, #6855, .F. ) ;
#523 = FILL_AREA_STYLE ('',( #5171 ) ) ;
#524 = MECHANICAL_DESIGN_GEOMETRIC_PRESENTATION_REPRESENTATION (  '', ( #7009 ), #28 ) ;
#525 = FACE_OUTER_BOUND ( 'NONE', #9297, .T. ) ;
#526 = ORIENTED_EDGE ( 'NONE', *, *, #8040, .T. ) ;
#527 = FILL_AREA_STYLE ('',( #1169 ) ) ;
#528 =( NAMED_UNIT ( * ) PLANE_ANGLE_UNIT ( ) SI_UNIT ( $, .RADIAN. ) );
#529 = COLOUR_RGB ( '',1.000000000000000000, 0.7529411764705882248, 0.7529411764705882248 ) ;
#530 = CARTESIAN_POINT ( 'NONE',  ( -0.1279999999999999194, -0.2250000000000000611, 0.3799999999999999489 ) ) ;
#531 = CARTESIAN_POINT ( 'NONE',  ( -1.000000000000000000, -0.7299999999999999822, 0.5999999999999999778 ) ) ;
#532 = ORIENTED_EDGE ( 'NONE', *, *, #988, .T. ) ;
#533 = ORIENTED_EDGE ( 'NONE', *, *, #2606, .T. ) ;
#534 = DIRECTION ( 'NONE',  ( 0.000000000000000000, -0.000000000000000000, 1.000000000000000000 ) ) ;
#535 = PLANE ( 'NONE',  #1153 ) ;
#536 = EDGE_LOOP ( 'NONE', ( #5470, #8185, #2573, #1239 ) ) ;
#537 = PRESENTATION_LAYER_ASSIGNMENT (  '', '', ( #2760 ) ) ;
#538 = CYLINDRICAL_SURFACE ( 'NONE', #6912, 0.02499999999999995628 ) ;
#539 = EDGE_LOOP ( 'NONE', ( #8723 ) ) ;
#540 =( NAMED_UNIT ( * ) PLANE_ANGLE_UNIT ( ) SI_UNIT ( $, .RADIAN. ) );
#541 = EDGE_CURVE ( 'NONE', #6495, #1537, #8684, .T. ) ;
#542 = AXIS2_PLACEMENT_3D ( 'NONE', #1333, #5018, #8928 ) ;
#543 = EDGE_LOOP ( 'NONE', ( #7945 ) ) ;
#544 =( NAMED_UNIT ( * ) SI_UNIT ( $, .STERADIAN. ) SOLID_ANGLE_UNIT ( ) );
#545 = PRESENTATION_STYLE_ASSIGNMENT (( #4234 ) ) ;
#546 = LINE ( 'NONE', #3515, #6248 ) ;
#547 = UNCERTAINTY_MEASURE_WITH_UNIT (LENGTH_MEASURE( 1.000000000000000082E-05 ), #1915, 'distance_accuracy_value', 'NONE');
#548 = VERTEX_POINT ( 'NONE', #8665 ) ;
#549 = SURFACE_SIDE_STYLE ('',( #6585 ) ) ;
#550 = ORIENTED_EDGE ( 'NONE', *, *, #6618, .F. ) ;
#551 = CARTESIAN_POINT ( 'NONE',  ( -0.5699999999999998401, -0.9249999999999999334, 0.3750000000000000555 ) ) ;
#552 = FACE_OUTER_BOUND ( 'NONE', #9092, .T. ) ;
#553 = STYLED_ITEM ( 'NONE', ( #8293 ), #6835 ) ;
#554 =( NAMED_UNIT ( * ) SI_UNIT ( $, .STERADIAN. ) SOLID_ANGLE_UNIT ( ) );
#555 = CARTESIAN_POINT ( 'NONE',  ( 1.000000000000000444, -0.7299999999999999822, -0.1999999999999999278 ) ) ;
#556 = SURFACE_STYLE_USAGE ( .BOTH. , #8204 ) ;
#557 = LINE ( 'NONE', #7661, #7336 ) ;
#558 = VERTEX_POINT ( 'NONE', #6669 ) ;
#559 = STYLED_ITEM ( 'NONE', ( #771 ), #4364 ) ;
#560 = ADVANCED_FACE ( 'NONE', ( #7125, #1081 ), #9615, .T. ) ;
#561 = DIRECTION ( 'NONE',  ( -0.9956342260592881965, -0.000000000000000000, -0.09334070869305721718 ) ) ;
#562 = EDGE_CURVE ( 'NONE', #332, #332, #4255, .T. ) ;
#563 = CARTESIAN_POINT ( 'NONE',  ( 0.5499999999999999334, -0.7299999999999999822, -0.2000000000000000944 ) ) ;
#564 = MECHANICAL_DESIGN_GEOMETRIC_PRESENTATION_REPRESENTATION (  '', ( #128 ), #2791 ) ;
#565 = FACE_OUTER_BOUND ( 'NONE', #5014, .T. ) ;
#566 = CARTESIAN_POINT ( 'NONE',  ( -0.5099632742307173006, -0.5949999999999999734, 0.4249999999999999889 ) ) ;
#567 = PRESENTATION_LAYER_ASSIGNMENT (  '', '', ( #9412 ) ) ;
#568 = ORIENTED_EDGE ( 'NONE', *, *, #7768, .T. ) ;
#569 = AXIS2_PLACEMENT_3D ( 'NONE', #1482, #1519, #6898 ) ;
#570 = LINE ( 'NONE', #3003, #8050 ) ;
#571 = DIRECTION ( 'NONE',  ( 0.000000000000000000, 0.000000000000000000, 1.000000000000000000 ) ) ;
#572 = PRESENTATION_STYLE_ASSIGNMENT (( #3318 ) ) ;
#573 = ORIENTED_EDGE ( 'NONE', *, *, #8669, .F. ) ;
#574 = FILL_AREA_STYLE_COLOUR ( '', #6653 ) ;
#575 = SURFACE_STYLE_USAGE ( .BOTH. , #5649 ) ;
#576 =( NAMED_UNIT ( * ) PLANE_ANGLE_UNIT ( ) SI_UNIT ( $, .RADIAN. ) );
#577 = MECHANICAL_DESIGN_GEOMETRIC_PRESENTATION_REPRESENTATION (  '', ( #5862 ), #9746 ) ;
#578 = DIRECTION ( 'NONE',  ( 0.8660254037844379305, -0.000000000000000000, 0.5000000000000014433 ) ) ;
#580 = DIRECTION ( 'NONE',  ( 0.09334070869305820251, 0.000000000000000000, -0.9956342260592881965 ) ) ;
#579 = PRESENTATION_STYLE_ASSIGNMENT (( #211 ) ) ;
#581 = SURFACE_STYLE_FILL_AREA ( #5655 ) ;
#582 = CIRCLE ( 'NONE', #4344, 0.02500000000000002567 ) ;
#583 = CIRCLE ( 'NONE', #3945, 0.02499999999999995628 ) ;
#584 = STYLED_ITEM ( 'NONE', ( #2183 ), #1496 ) ;
#585 = FILL_AREA_STYLE ('',( #3481 ) ) ;
#586 = EDGE_LOOP ( 'NONE', ( #5177 ) ) ;
#587 = DIRECTION ( 'NONE',  ( 0.000000000000000000, 0.000000000000000000, -1.000000000000000000 ) ) ;
#588 = AXIS2_PLACEMENT_3D ( 'NONE', #7965, #8706, #9600 ) ;
#589 = SURFACE_SIDE_STYLE ('',( #1566 ) ) ;
#590 = AXIS2_PLACEMENT_3D ( 'NONE', #4381, #6683, #9148 ) ;
#591 = CARTESIAN_POINT ( 'NONE',  ( 0.3151151523678629718, -0.6426664822826733126, -0.4278949585905496567 ) ) ;
#592 = CIRCLE ( 'NONE', #4769, 0.02500000000000001180 ) ;
#593 = PRESENTATION_STYLE_ASSIGNMENT (( #727 ) ) ;
#594 = COLOUR_RGB ( '',0.7921568627450980005, 0.8196078431372548767, 0.9333333333333333481 ) ;
#595 = DIRECTION ( 'NONE',  ( 0.9912875121006776702, 0.09334070869305804985, 0.09293320425943860097 ) ) ;
#596 = FILL_AREA_STYLE_COLOUR ( '', #6866 ) ;
#597 = EDGE_LOOP ( 'NONE', ( #4322, #1177, #1250, #9215 ) ) ;
#598 =( GEOMETRIC_REPRESENTATION_CONTEXT ( 3 ) GLOBAL_UNCERTAINTY_ASSIGNED_CONTEXT ( ( #9324 ) ) GLOBAL_UNIT_ASSIGNED_CONTEXT ( ( #4739, #221, #2510 ) ) REPRESENTATION_CONTEXT ( 'NONE', 'WORKASPACE' ) );
#599 = DIRECTION ( 'NONE',  ( -0.09334070869305828577, 0.000000000000000000, 0.9956342260592880855 ) ) ;
#600 = ADVANCED_FACE ( 'NONE', ( #7627 ), #7402, .T. ) ;
#601 = DIRECTION ( 'NONE',  ( 0.000000000000000000, 0.000000000000000000, 1.000000000000000000 ) ) ;
#602 = PRESENTATION_STYLE_ASSIGNMENT (( #7119 ) ) ;
#603 = FACE_OUTER_BOUND ( 'NONE', #1133, .T. ) ;
#604 = STYLED_ITEM ( 'NONE', ( #1799 ), #9365 ) ;
#605 = TOROIDAL_SURFACE ( 'NONE', #5687, 0.05000000000000002359, 0.02500000000000002914 ) ;
#606 = SURFACE_STYLE_USAGE ( .BOTH. , #8184 ) ;
#607 = FILL_AREA_STYLE ('',( #305 ) ) ;
#608 = DIRECTION ( 'NONE',  ( -0.000000000000000000, -0.000000000000000000, -1.000000000000000000 ) ) ;
#609 = STYLED_ITEM ( 'NONE', ( #1962 ), #112 ) ;
#610 =( NAMED_UNIT ( * ) SI_UNIT ( $, .STERADIAN. ) SOLID_ANGLE_UNIT ( ) );
#611 = AXIS2_PLACEMENT_3D ( 'NONE', #2093, #7996, #9525 ) ;
#612 = PRESENTATION_STYLE_ASSIGNMENT (( #8028 ) ) ;
#613 = SURFACE_SIDE_STYLE ('',( #449 ) ) ;
#614 =( NAMED_UNIT ( * ) SI_UNIT ( $, .STERADIAN. ) SOLID_ANGLE_UNIT ( ) );
#615 = ORIENTED_EDGE ( 'NONE', *, *, #1017, .F. ) ;
#616 = MECHANICAL_DESIGN_GEOMETRIC_PRESENTATION_REPRESENTATION (  '', ( #1980 ), #5895 ) ;
#617 = EDGE_LOOP ( 'NONE', ( #513 ) ) ;
#618 = SURFACE_STYLE_USAGE ( .BOTH. , #8462 ) ;
#619 =( NAMED_UNIT ( * ) PLANE_ANGLE_UNIT ( ) SI_UNIT ( $, .RADIAN. ) );
#620 = LINE ( 'NONE', #3600, #496 ) ;
#621 =( NAMED_UNIT ( * ) PLANE_ANGLE_UNIT ( ) SI_UNIT ( $, .RADIAN. ) );
#622 = VERTEX_POINT ( 'NONE', #555 ) ;
#623 =( GEOMETRIC_REPRESENTATION_CONTEXT ( 3 ) GLOBAL_UNCERTAINTY_ASSIGNED_CONTEXT ( ( #3342 ) ) GLOBAL_UNIT_ASSIGNED_CONTEXT ( ( #4390, #5863, #614 ) ) REPRESENTATION_CONTEXT ( 'NONE', 'WORKASPACE' ) );
#624 = SURFACE_STYLE_USAGE ( .BOTH. , #5029 ) ;
#625 = PRESENTATION_STYLE_ASSIGNMENT (( #8351 ) ) ;
#626 = EDGE_CURVE ( 'NONE', #3396, #3396, #352, .T. ) ;
#627 = COLOUR_RGB ( '',1.000000000000000000, 0.7529411764705882248, 0.7529411764705882248 ) ;
#628 = CARTESIAN_POINT ( 'NONE',  ( 0.1183329645653460743, -0.5949999999999997513, -0.4302182886970357112 ) ) ;
#629 = DIRECTION ( 'NONE',  ( 0.000000000000000000, -1.000000000000000000, 0.000000000000000000 ) ) ;
#630 = AXIS2_PLACEMENT_3D ( 'NONE', #4083, #391, #8694 ) ;
#631 = EDGE_LOOP ( 'NONE', ( #9258 ) ) ;
#632 =( NAMED_UNIT ( * ) PLANE_ANGLE_UNIT ( ) SI_UNIT ( $, .RADIAN. ) );
#633 = STYLED_ITEM ( 'NONE', ( #2023 ), #5398 ) ;
#634 = ORIENTED_EDGE ( 'NONE', *, *, #4783, .T. ) ;
#635 =( LENGTH_UNIT ( ) NAMED_UNIT ( * ) SI_UNIT ( .MILLI., .METRE. ) );
#636 = LINE ( 'NONE', #4514, #6816 ) ;
#637 = LINE ( 'NONE', #3861, #6104 ) ;
#638 = MECHANICAL_DESIGN_GEOMETRIC_PRESENTATION_REPRESENTATION (  '', ( #8078 ), #9672 ) ;
#639 = DIRECTION ( 'NONE',  ( 0.000000000000000000, 0.000000000000000000, -1.000000000000000000 ) ) ;
#640 = EDGE_LOOP ( 'NONE', ( #2123 ) ) ;
#641 = FILL_AREA_STYLE_COLOUR ( '', #1332 ) ;
#642 = MECHANICAL_DESIGN_GEOMETRIC_PRESENTATION_REPRESENTATION (  '', ( #3478 ), #962 ) ;
#643 = CARTESIAN_POINT ( 'NONE',  ( -1.000000000000000000, -0.5949999999999999734, -0.1508640183740635188 ) ) ;
#644 = ORIENTED_EDGE ( 'NONE', *, *, #6424, .F. ) ;
#645 = SURFACE_STYLE_USAGE ( .BOTH. , #677 ) ;
#646 = FILL_AREA_STYLE_COLOUR ( '', #4604 ) ;
#647 = AXIS2_PLACEMENT_3D ( 'NONE', #6836, #1585, #4596 ) ;
#648 = UNCERTAINTY_MEASURE_WITH_UNIT (LENGTH_MEASURE( 1.000000000000000082E-05 ), #416, 'distance_accuracy_value', 'NONE');
#649 = ADVANCED_FACE ( 'NONE', ( #8191 ), #6837, .T. ) ;
#650 = ORIENTED_EDGE ( 'NONE', *, *, #6111, .F. ) ;
#651 = DIRECTION ( 'NONE',  ( 0.000000000000000000, 0.000000000000000000, -1.000000000000000000 ) ) ;
#652 = FACE_OUTER_BOUND ( 'NONE', #7435, .T. ) ;
#653 = DIRECTION ( 'NONE',  ( -0.000000000000000000, 1.000000000000000000, -0.000000000000000000 ) ) ;
#654 = VECTOR ( 'NONE', #7952, 1000.000000000000000 ) ;
#655 = CARTESIAN_POINT ( 'NONE',  ( 0.09400000000000005573, -0.2250000000000000611, 0.4299999999999999378 ) ) ;
#656 = ORIENTED_EDGE ( 'NONE', *, *, #4934, .T. ) ;
#657 = DIRECTION ( 'NONE',  ( -0.09334070869305818863, 0.000000000000000000, 0.9956342260592880855 ) ) ;
#658 = AXIS2_PLACEMENT_3D ( 'NONE', #6068, #5293, #7611 ) ;
#659 = FACE_OUTER_BOUND ( 'NONE', #6228, .T. ) ;
#660 = EDGE_LOOP ( 'NONE', ( #7130 ) ) ;
#661 = SHAPE_DEFINITION_REPRESENTATION ( #1662, #7460 ) ;
#662 = FACE_OUTER_BOUND ( 'NONE', #9443, .T. ) ;
#663 = DIRECTION ( 'NONE',  ( 0.000000000000000000, -1.000000000000000000, 0.000000000000000000 ) ) ;
#664 = ORIENTED_EDGE ( 'NONE', *, *, #562, .F. ) ;
#665 = DIRECTION ( 'NONE',  ( 0.000000000000000000, 0.000000000000000000, 1.000000000000000000 ) ) ;
#666 = ADVANCED_FACE ( 'NONE', ( #9536, #5972 ), #5935, .T. ) ;
#667 = PRESENTATION_STYLE_ASSIGNMENT (( #6895 ) ) ;
#668 = EDGE_CURVE ( 'NONE', #7682, #7616, #5818, .T. ) ;
#669 = FILL_AREA_STYLE ('',( #8455 ) ) ;
#670 = VERTEX_POINT ( 'NONE', #4292 ) ;
#671 = AXIS2_PLACEMENT_3D ( 'NONE', #8831, #8899, #4908 ) ;
#672 = COLOUR_RGB ( '',1.000000000000000000, 0.7529411764705882248, 0.7529411764705882248 ) ;
#673 = DIRECTION ( 'NONE',  ( -1.000000000000000000, 0.000000000000000000, 0.000000000000000000 ) ) ;
#674 =( NAMED_UNIT ( * ) PLANE_ANGLE_UNIT ( ) SI_UNIT ( $, .RADIAN. ) );
#675 = SURFACE_STYLE_USAGE ( .BOTH. , #3708 ) ;
#676 = DIRECTION ( 'NONE',  ( 0.000000000000000000, 0.000000000000000000, 1.000000000000000000 ) ) ;
#677 = SURFACE_SIDE_STYLE ('',( #7253 ) ) ;
#678 = CARTESIAN_POINT ( 'NONE',  ( 0.4522282473117545387, 0.000000000000000000, -0.4999999999999998890 ) ) ;
#679 = CYLINDRICAL_SURFACE ( 'NONE', #9076, 0.02499999999999995628 ) ;
#680 = VERTEX_POINT ( 'NONE', #6316 ) ;
#682 = CARTESIAN_POINT ( 'NONE',  ( 0.1183329645653460466, -0.6449999999999997957, -0.4302182886970357112 ) ) ;
#681 = SURFACE_STYLE_FILL_AREA ( #1422 ) ;
#683 = ORIENTED_EDGE ( 'NONE', *, *, #244, .T. ) ;
#684 = CARTESIAN_POINT ( 'NONE',  ( -0.5349632742307173228, -0.1999999999999999833, 0.5999999999999999778 ) ) ;
#685 = AXIS2_PLACEMENT_3D ( 'NONE', #4665, #2443, #8469 ) ;
#686 =( NAMED_UNIT ( * ) PLANE_ANGLE_UNIT ( ) SI_UNIT ( $, .RADIAN. ) );
#687 = DIRECTION ( 'NONE',  ( 0.000000000000000000, 0.000000000000000000, 1.000000000000000000 ) ) ;
#688 = TOROIDAL_SURFACE ( 'NONE', #8788, 0.05000000000000002359, 0.02499999999999996669 ) ;
#689 = FILL_AREA_STYLE_COLOUR ( '', #4673 ) ;
#690 =( NAMED_UNIT ( * ) PLANE_ANGLE_UNIT ( ) SI_UNIT ( $, .RADIAN. ) );
#691 = STYLED_ITEM ( 'NONE', ( #2482 ), #6845 ) ;
#692 =( NAMED_UNIT ( * ) PLANE_ANGLE_UNIT ( ) SI_UNIT ( $, .RADIAN. ) );
#693 = DIRECTION ( 'NONE',  ( 0.000000000000000000, 0.000000000000000000, -1.000000000000000000 ) ) ;
#694 = ORIENTED_EDGE ( 'NONE', *, *, #8008, .T. ) ;
#695 = DIRECTION ( 'NONE',  ( 0.000000000000000000, 0.000000000000000000, 1.000000000000000000 ) ) ;
#696 = FILL_AREA_STYLE ('',( #8910 ) ) ;
#697 = FILL_AREA_STYLE_COLOUR ( '', #2076 ) ;
#698 = STYLED_ITEM ( 'NONE', ( #990 ), #4470 ) ;
#699 = SURFACE_STYLE_FILL_AREA ( #2828 ) ;
#700 = FACE_OUTER_BOUND ( 'NONE', #6521, .T. ) ;
#701 = EDGE_LOOP ( 'NONE', ( #1000 ) ) ;
#702 = EDGE_CURVE ( 'NONE', #2359, #7370, #4618, .T. ) ;
#703 =( NAMED_UNIT ( * ) PLANE_ANGLE_UNIT ( ) SI_UNIT ( $, .RADIAN. ) );
#704 = MECHANICAL_DESIGN_GEOMETRIC_PRESENTATION_REPRESENTATION (  '', ( #204 ), #8718 ) ;
#705 = MECHANICAL_DESIGN_GEOMETRIC_PRESENTATION_REPRESENTATION (  '', ( #3081 ), #147 ) ;
#706 = UNCERTAINTY_MEASURE_WITH_UNIT (LENGTH_MEASURE( 1.000000000000000082E-05 ), #7497, 'distance_accuracy_value', 'NONE');
#707 = DIRECTION ( 'NONE',  ( 1.000000000000000000, 0.000000000000000000, -0.000000000000000000 ) ) ;
#708 = DIRECTION ( 'NONE',  ( -0.9956342260592881965, -0.000000000000000000, -0.09334070869305820251 ) ) ;
#709 = FACE_OUTER_BOUND ( 'NONE', #7479, .T. ) ;
#710 = COLOUR_RGB ( '',1.000000000000000000, 0.7529411764705882248, 0.7529411764705882248 ) ;
#711 = DIRECTION ( 'NONE',  ( 0.000000000000000000, -0.9396926207859105373, 0.3420201433256628287 ) ) ;
#712 = EDGE_LOOP ( 'NONE', ( #6992 ) ) ;
#713 = CARTESIAN_POINT ( 'NONE',  ( -0.3499999999999999223, -0.5949999999999997513, 0.4799999999999999822 ) ) ;
#714 = FILL_AREA_STYLE_COLOUR ( '', #5548 ) ;
#715 = MECHANICAL_DESIGN_GEOMETRIC_PRESENTATION_REPRESENTATION (  '', ( #1436 ), #2454 ) ;
#716 = SURFACE_SIDE_STYLE ('',( #385 ) ) ;
#717 = ORIENTED_EDGE ( 'NONE', *, *, #2640, .T. ) ;
#718 =( GEOMETRIC_REPRESENTATION_CONTEXT ( 3 ) GLOBAL_UNCERTAINTY_ASSIGNED_CONTEXT ( ( #7916 ) ) GLOBAL_UNIT_ASSIGNED_CONTEXT ( ( #7781, #7688, #3877 ) ) REPRESENTATION_CONTEXT ( 'NONE', 'WORKASPACE' ) );
#719 = ADVANCED_FACE ( 'NONE', ( #9501, #8321 ), #5445, .T. ) ;
#720 = CARTESIAN_POINT ( 'NONE',  ( -0.2599999999999998979, -0.2250000000000000611, -0.3799999999999999489 ) ) ;
#721 = STYLED_ITEM ( 'NONE', ( #8460 ), #8797 ) ;
#722 = SURFACE_STYLE_FILL_AREA ( #1059 ) ;
#723 = SURFACE_STYLE_FILL_AREA ( #38 ) ;
#724 = SURFACE_STYLE_USAGE ( .BOTH. , #3125 ) ;
#725 = CARTESIAN_POINT ( 'NONE',  ( 0.1690000000000001223, -0.2750000000000000777, 0.4799999999999999822 ) ) ;
#726 = ORIENTED_EDGE ( 'NONE', *, *, #1108, .T. ) ;
#727 = SURFACE_STYLE_USAGE ( .BOTH. , #6101 ) ;
#728 = CYLINDRICAL_SURFACE ( 'NONE', #324, 0.02500000000000004302 ) ;
#729 = SURFACE_STYLE_FILL_AREA ( #6233 ) ;
#730 = PRESENTATION_STYLE_ASSIGNMENT (( #3667 ) ) ;
#731 = CARTESIAN_POINT ( 'NONE',  ( -0.01699999999999991795, -0.2750000000000000777, 0.4299999999999999378 ) ) ;
#732 = CARTESIAN_POINT ( 'NONE',  ( -0.3499999999999999223, -0.2250000000000000611, 0.3799999999999999489 ) ) ;
#733 = DIRECTION ( 'NONE',  ( -0.000000000000000000, -1.000000000000000000, -0.000000000000000000 ) ) ;
#734 = PRESENTATION_LAYER_ASSIGNMENT (  '', '', ( #4971 ) ) ;
#735 = CARTESIAN_POINT ( 'NONE',  ( -0.5499999999999999334, -0.7299999999999999822, 0.5999999999999999778 ) ) ;
#736 = EDGE_LOOP ( 'NONE', ( #2180 ) ) ;
#737 =( NAMED_UNIT ( * ) SI_UNIT ( $, .STERADIAN. ) SOLID_ANGLE_UNIT ( ) );
#738 = ORIENTED_EDGE ( 'NONE', *, *, #6469, .F. ) ;
#739 = SURFACE_STYLE_USAGE ( .BOTH. , #3076 ) ;
#740 = SURFACE_STYLE_USAGE ( .BOTH. , #6148 ) ;
#741 = MECHANICAL_DESIGN_GEOMETRIC_PRESENTATION_REPRESENTATION (  '', ( #241 ), #2587 ) ;
#742 =( NAMED_UNIT ( * ) SI_UNIT ( $, .STERADIAN. ) SOLID_ANGLE_UNIT ( ) );
#743 = UNCERTAINTY_MEASURE_WITH_UNIT (LENGTH_MEASURE( 1.000000000000000082E-05 ), #3349, 'distance_accuracy_value', 'NONE');
#744 = ADVANCED_FACE ( 'NONE', ( #2165 ), #4722, .T. ) ;
#745 = FACE_OUTER_BOUND ( 'NONE', #2285, .T. ) ;
#746 = COLOUR_RGB ( '',0.7921568627450980005, 0.8196078431372548767, 0.9333333333333333481 ) ;
#747 = EDGE_LOOP ( 'NONE', ( #8047 ) ) ;
#748 = EDGE_CURVE ( 'NONE', #9840, #9840, #6988, .T. ) ;
#749 = STYLED_ITEM ( 'NONE', ( #6126 ), #3809 ) ;
#750 = FACE_OUTER_BOUND ( 'NONE', #8036, .T. ) ;
#751 =( NAMED_UNIT ( * ) PLANE_ANGLE_UNIT ( ) SI_UNIT ( $, .RADIAN. ) );
#752 = CYLINDRICAL_SURFACE ( 'NONE', #2812, 0.02500000000000002914 ) ;
#753 = FILL_AREA_STYLE ('',( #5285 ) ) ;
#754 = FILL_AREA_STYLE ('',( #9815 ) ) ;
#755 = MECHANICAL_DESIGN_GEOMETRIC_PRESENTATION_REPRESENTATION (  '', ( #9091 ), #2301 ) ;
#756 =( LENGTH_UNIT ( ) NAMED_UNIT ( * ) SI_UNIT ( .MILLI., .METRE. ) );
#757 = ORIENTED_EDGE ( 'NONE', *, *, #9401, .F. ) ;
#758 = DIRECTION ( 'NONE',  ( 0.000000000000000000, 0.000000000000000000, 1.000000000000000000 ) ) ;
#759 = DIRECTION ( 'NONE',  ( 0.000000000000000000, 0.000000000000000000, 1.000000000000000000 ) ) ;
#760 = CARTESIAN_POINT ( 'NONE',  ( -0.4699999999999999178, -0.6499999999999998002, 0.4000000000000000222 ) ) ;
#761 = ORIENTED_EDGE ( 'NONE', *, *, #9569, .T. ) ;
#762 = SURFACE_SIDE_STYLE ('',( #2174 ) ) ;
#763 =( LENGTH_UNIT ( ) NAMED_UNIT ( * ) SI_UNIT ( .MILLI., .METRE. ) );
#764 = AXIS2_PLACEMENT_3D ( 'NONE', #8958, #3636, #1325 ) ;
#765 = EDGE_LOOP ( 'NONE', ( #499 ) ) ;
#766 = EDGE_CURVE ( 'NONE', #1537, #5571, #4950, .T. ) ;
#767 = PRESENTATION_STYLE_ASSIGNMENT (( #381 ) ) ;
#768 = UNCERTAINTY_MEASURE_WITH_UNIT (LENGTH_MEASURE( 1.000000000000000082E-05 ), #2848, 'distance_accuracy_value', 'NONE');
#769 = CARTESIAN_POINT ( 'NONE',  ( -0.5099632742307174116, -0.6199999999999998845, 0.1599632742307184052 ) ) ;
#770 =( NAMED_UNIT ( * ) SI_UNIT ( $, .STERADIAN. ) SOLID_ANGLE_UNIT ( ) );
#771 = PRESENTATION_STYLE_ASSIGNMENT (( #4278 ) ) ;
#772 = STYLED_ITEM ( 'NONE', ( #9795 ), #7749 ) ;
#773 = CARTESIAN_POINT ( 'NONE',  ( 0.3850000000000000089, -0.2750000000000000777, 0.4799999999999999822 ) ) ;
#774 = PRESENTATION_LAYER_ASSIGNMENT (  '', '', ( #1292 ) ) ;
#775 = ORIENTED_EDGE ( 'NONE', *, *, #5715, .T. ) ;
#776 = ADVANCED_FACE ( 'NONE', ( #2959, #1439 ), #1062, .T. ) ;
#777 = CARTESIAN_POINT ( 'NONE',  ( -0.5099632742307173006, -0.6199999999999998845, -0.5999999999999999778 ) ) ;
#778 = ORIENTED_EDGE ( 'NONE', *, *, #1995, .F. ) ;
#779 = COLOUR_RGB ( '',1.000000000000000000, 0.7529411764705882248, 0.7529411764705882248 ) ;
#780 = AXIS2_PLACEMENT_3D ( 'NONE', #4454, #8219, #8190 ) ;
#781 = VERTEX_POINT ( 'NONE', #5458 ) ;
#782 = ADVANCED_FACE ( 'NONE', ( #1181 ), #3209, .T. ) ;
#783 = AXIS2_PLACEMENT_3D ( 'NONE', #7102, #7867, #3319 ) ;
#784 = LINE ( 'NONE', #7177, #654 ) ;
#785 =( NAMED_UNIT ( * ) PLANE_ANGLE_UNIT ( ) SI_UNIT ( $, .RADIAN. ) );
#786 = ORIENTED_EDGE ( 'NONE', *, *, #8990, .F. ) ;
#787 = STYLED_ITEM ( 'NONE', ( #14 ), #6333 ) ;
#788 = FILL_AREA_STYLE ('',( #27 ) ) ;
#789 = EDGE_LOOP ( 'NONE', ( #5612 ) ) ;
#790 = FACE_OUTER_BOUND ( 'NONE', #6279, .T. ) ;
#791 = VERTEX_POINT ( 'NONE', #8903 ) ;
#792 = SURFACE_STYLE_FILL_AREA ( #9268 ) ;
#793 = CARTESIAN_POINT ( 'NONE',  ( -0.3453329645653470115, -0.5949999999999997513, 0.4302182886970356002 ) ) ;
#794 = ORIENTED_EDGE ( 'NONE', *, *, #2440, .F. ) ;
#795 = SURFACE_STYLE_FILL_AREA ( #4182 ) ;
#796 = STYLED_ITEM ( 'NONE', ( #6950 ), #2419 ) ;
#797 = FILL_AREA_STYLE_COLOUR ( '', #6588 ) ;
#798 =( LENGTH_UNIT ( ) NAMED_UNIT ( * ) SI_UNIT ( .MILLI., .METRE. ) );
#799 = UNCERTAINTY_MEASURE_WITH_UNIT (LENGTH_MEASURE( 1.000000000000000082E-05 ), #5659, 'distance_accuracy_value', 'NONE');
#800 = SURFACE_SIDE_STYLE ('',( #723 ) ) ;
#801 = SURFACE_SIDE_STYLE ('',( #6361 ) ) ;
#802 = PRESENTATION_STYLE_ASSIGNMENT (( #2813 ) ) ;
#803 = VERTEX_POINT ( 'NONE', #3203 ) ;
#804 =( NAMED_UNIT ( * ) SI_UNIT ( $, .STERADIAN. ) SOLID_ANGLE_UNIT ( ) );
#805 = ORIENTED_EDGE ( 'NONE', *, *, #7716, .T. ) ;
#806 =( NAMED_UNIT ( * ) SI_UNIT ( $, .STERADIAN. ) SOLID_ANGLE_UNIT ( ) );
#807 = EDGE_CURVE ( 'NONE', #3758, #3758, #2700, .T. ) ;
#808 = FACE_OUTER_BOUND ( 'NONE', #9033, .T. ) ;
#809 =( GEOMETRIC_REPRESENTATION_CONTEXT ( 3 ) GLOBAL_UNCERTAINTY_ASSIGNED_CONTEXT ( ( #3884 ) ) GLOBAL_UNIT_ASSIGNED_CONTEXT ( ( #4756, #4788, #5464 ) ) REPRESENTATION_CONTEXT ( 'NONE', 'WORKASPACE' ) );
#810 = AXIS2_PLACEMENT_3D ( 'NONE', #7214, #1160, #5023 ) ;
#811 = ORIENTED_EDGE ( 'NONE', *, *, #8426, .F. ) ;
#812 = VERTEX_POINT ( 'NONE', #3255 ) ;
#813 = CARTESIAN_POINT ( 'NONE',  ( -0.3850000000000000089, -0.2250000000000000611, -0.3799999999999999489 ) ) ;
#814 = CIRCLE ( 'NONE', #3457, 0.02500000000000001874 ) ;
#815 = SURFACE_SIDE_STYLE ('',( #5489 ) ) ;
#816 = CARTESIAN_POINT ( 'NONE',  ( 1.000000000000000000, -0.7299999999999999822, 0.5999999999999999778 ) ) ;
#817 =( NAMED_UNIT ( * ) PLANE_ANGLE_UNIT ( ) SI_UNIT ( $, .RADIAN. ) );
#818 = COLOUR_RGB ( '',0.2509803921568627416, 0.2509803921568627416, 0.2509803921568627416 ) ;
#819 =( NAMED_UNIT ( * ) SI_UNIT ( $, .STERADIAN. ) SOLID_ANGLE_UNIT ( ) );
#820 = ORIENTED_EDGE ( 'NONE', *, *, #7851, .T. ) ;
#821 = SURFACE_STYLE_FILL_AREA ( #3513 ) ;
#822 = CARTESIAN_POINT ( 'NONE',  ( -1.000000000000000000, -0.7299999999999999822, 0.5999999999999999778 ) ) ;
#823 = ADVANCED_FACE ( 'NONE', ( #3896 ), #1052, .F. ) ;
#824 =( GEOMETRIC_REPRESENTATION_CONTEXT ( 3 ) GLOBAL_UNCERTAINTY_ASSIGNED_CONTEXT ( ( #1168 ) ) GLOBAL_UNIT_ASSIGNED_CONTEXT ( ( #6599, #8135, #3519 ) ) REPRESENTATION_CONTEXT ( 'NONE', 'WORKASPACE' ) );
#825 = UNCERTAINTY_MEASURE_WITH_UNIT (LENGTH_MEASURE( 1.000000000000000082E-05 ), #1815, 'distance_accuracy_value', 'NONE');
#826 = SURFACE_STYLE_USAGE ( .BOTH. , #7643 ) ;
#827 = PRESENTATION_STYLE_ASSIGNMENT (( #5197 ) ) ;
#828 =( NAMED_UNIT ( * ) PLANE_ANGLE_UNIT ( ) SI_UNIT ( $, .RADIAN. ) );
#829 = CARTESIAN_POINT ( 'NONE',  ( 1.000000000000000000, -0.9000000000000000222, -0.5999999999999999778 ) ) ;
#830 =( GEOMETRIC_REPRESENTATION_CONTEXT ( 3 ) GLOBAL_UNCERTAINTY_ASSIGNED_CONTEXT ( ( #7197 ) ) GLOBAL_UNIT_ASSIGNED_CONTEXT ( ( #763, #9790, #3028 ) ) REPRESENTATION_CONTEXT ( 'NONE', 'WORKASPACE' ) );
#831 = COLOUR_RGB ( '',1.000000000000000000, 1.000000000000000000, 1.000000000000000000 ) ;
#832 =( NAMED_UNIT ( * ) SI_UNIT ( $, .STERADIAN. ) SOLID_ANGLE_UNIT ( ) );
#833 = FILL_AREA_STYLE ('',( #5367 ) ) ;
#834 = UNCERTAINTY_MEASURE_WITH_UNIT (LENGTH_MEASURE( 1.000000000000000082E-05 ), #4790, 'distance_accuracy_value', 'NONE');
#835 = DIRECTION ( 'NONE',  ( 1.000000000000000000, 0.000000000000000000, 0.000000000000000000 ) ) ;
#836 = CARTESIAN_POINT ( 'NONE',  ( 0.5099632742307173006, -0.5949999999999999734, -0.4500000000000000111 ) ) ;
#837 = PRESENTATION_LAYER_ASSIGNMENT (  '', '', ( #274 ) ) ;
#838 = DIRECTION ( 'NONE',  ( 1.000000000000000000, 0.000000000000000000, 0.000000000000000000 ) ) ;
#839 = EDGE_CURVE ( 'NONE', #812, #812, #1905, .T. ) ;
#840 = CARTESIAN_POINT ( 'NONE',  ( -1.000000000000000000, -0.5949999999999999734, -0.1508640183740635188 ) ) ;
#841 = SURFACE_STYLE_FILL_AREA ( #8021 ) ;
#842 =( NAMED_UNIT ( * ) PLANE_ANGLE_UNIT ( ) SI_UNIT ( $, .RADIAN. ) );
#843 = AXIS2_PLACEMENT_3D ( 'NONE', #1037, #7132, #4774 ) ;
#844 = ADVANCED_FACE ( 'NONE', ( #3885, #1309 ), #4829, .T. ) ;
#845 = CARTESIAN_POINT ( 'NONE',  ( 1.000000000000000000, -0.9000000000000000222, -0.5999999999999999778 ) ) ;
#846 = EDGE_LOOP ( 'NONE', ( #5488 ) ) ;
#847 = FILL_AREA_STYLE ('',( #5217 ) ) ;
#848 = LINE ( 'NONE', #9329, #7849 ) ;
#849 = DIRECTION ( 'NONE',  ( 0.000000000000000000, 0.000000000000000000, 1.000000000000000000 ) ) ;
#850 = ORIENTED_EDGE ( 'NONE', *, *, #9103, .T. ) ;
#851 = EDGE_CURVE ( 'NONE', #9353, #9353, #5807, .T. ) ;
#852 = AXIS2_PLACEMENT_3D ( 'NONE', #9657, #8132, #3614 ) ;
#853 = AXIS2_PLACEMENT_3D ( 'NONE', #2279, #3023, #1373 ) ;
#854 = PRESENTATION_STYLE_ASSIGNMENT (( #9765 ) ) ;
#855 = TOROIDAL_SURFACE ( 'NONE', #7463, 0.05000000000000002359, 0.02500000000000002914 ) ;
#856 = CARTESIAN_POINT ( 'NONE',  ( -0.2389999999999999347, -0.2250000000000000611, 0.3799999999999999489 ) ) ;
#857 = ORIENTED_EDGE ( 'NONE', *, *, #3668, .F. ) ;
#858 =( NAMED_UNIT ( * ) PLANE_ANGLE_UNIT ( ) SI_UNIT ( $, .RADIAN. ) );
#859 = EDGE_LOOP ( 'NONE', ( #5648, #9102, #5250, #2747 ) ) ;
#860 = LINE ( 'NONE', #9110, #6681 ) ;
#861 =( NAMED_UNIT ( * ) SI_UNIT ( $, .STERADIAN. ) SOLID_ANGLE_UNIT ( ) );
#862 = EDGE_CURVE ( 'NONE', #803, #803, #5678, .T. ) ;
#863 = DIRECTION ( 'NONE',  ( 0.000000000000000000, 1.000000000000000000, 0.000000000000000000 ) ) ;
#864 =( NAMED_UNIT ( * ) PLANE_ANGLE_UNIT ( ) SI_UNIT ( $, .RADIAN. ) );
#865 = UNCERTAINTY_MEASURE_WITH_UNIT (LENGTH_MEASURE( 1.000000000000000082E-05 ), #3649, 'distance_accuracy_value', 'NONE');
#866 = CARTESIAN_POINT ( 'NONE',  ( 1.000000000000000000, -0.9000000000000000222, 0.5999999999999999778 ) ) ;
#867 = DIRECTION ( 'NONE',  ( 0.000000000000000000, -1.000000000000000000, 0.000000000000000000 ) ) ;
#868 = DIRECTION ( 'NONE',  ( 1.000000000000000000, -0.000000000000000000, 1.204669080539449097E-16 ) ) ;
#869 =( LENGTH_UNIT ( ) NAMED_UNIT ( * ) SI_UNIT ( .MILLI., .METRE. ) );
#870 = EDGE_LOOP ( 'NONE', ( #4493 ) ) ;
#871 = VECTOR ( 'NONE', #9767, 1000.000000000000000 ) ;
#872 = VECTOR ( 'NONE', #3676, 1000.000000000000000 ) ;
#873 = EDGE_LOOP ( 'NONE', ( #4295 ) ) ;
#874 = MECHANICAL_DESIGN_GEOMETRIC_PRESENTATION_REPRESENTATION (  '', ( #3908 ), #9216 ) ;
#875 = DIRECTION ( 'NONE',  ( -0.000000000000000000, 0.000000000000000000, 1.000000000000000000 ) ) ;
#876 = MECHANICAL_DESIGN_GEOMETRIC_PRESENTATION_REPRESENTATION (  '', ( #4616 ), #3915 ) ;
#877 = VERTEX_POINT ( 'NONE', #9577 ) ;
#878 = COLOUR_RGB ( '',1.000000000000000000, 0.7529411764705882248, 0.7529411764705882248 ) ;
#879 = ORIENTED_EDGE ( 'NONE', *, *, #6130, .T. ) ;
#880 = UNCERTAINTY_MEASURE_WITH_UNIT (LENGTH_MEASURE( 1.000000000000000082E-05 ), #56, 'distance_accuracy_value', 'NONE');
#881 = DIRECTION ( 'NONE',  ( 0.9912875121006776702, 0.09334070869305804985, 0.09293320425943860097 ) ) ;
#882 = CIRCLE ( 'NONE', #4716, 0.02500000000000002567 ) ;
#883 = COLOUR_RGB ( '',1.000000000000000000, 0.7529411764705882248, 0.7529411764705882248 ) ;
#884 = EDGE_LOOP ( 'NONE', ( #3546 ) ) ;
#885 = EDGE_CURVE ( 'NONE', #3472, #898, #9141, .T. ) ;
#886 = AXIS2_PLACEMENT_3D ( 'NONE', #4284, #4978, #7283 ) ;
#887 = SURFACE_SIDE_STYLE ('',( #8168 ) ) ;
#888 = ORIENTED_EDGE ( 'NONE', *, *, #7872, .T. ) ;
#889 = CARTESIAN_POINT ( 'NONE',  ( -1.000000000000000000, -0.2000000000000000111, 0.5999999999999999778 ) ) ;
#890 = DIRECTION ( 'NONE',  ( 1.000000000000000000, 0.000000000000000000, 0.000000000000000000 ) ) ;
#891 = STYLED_ITEM ( 'NONE', ( #2109 ), #7644 ) ;
#892 =( LENGTH_UNIT ( ) NAMED_UNIT ( * ) SI_UNIT ( .MILLI., .METRE. ) );
#893 =( LENGTH_UNIT ( ) NAMED_UNIT ( * ) SI_UNIT ( .MILLI., .METRE. ) );
#894 = AXIS2_PLACEMENT_3D ( 'NONE', #8711, #7307, #5852 ) ;
#895 = ADVANCED_FACE ( 'NONE', ( #7725, #7474 ), #2596, .T. ) ;
#896 = CARTESIAN_POINT ( 'NONE',  ( -1.000000000000000000, -0.9000000000000000222, 0.5999999999999999778 ) ) ;
#897 = EDGE_LOOP ( 'NONE', ( #3965 ) ) ;
#898 = VERTEX_POINT ( 'NONE', #5123 ) ;
#899 = CYLINDRICAL_SURFACE ( 'NONE', #8445, 0.02499999999999995628 ) ;
#900 = PRESENTATION_LAYER_ASSIGNMENT (  '', '', ( #5667 ) ) ;
#901 = FILL_AREA_STYLE_COLOUR ( '', #7236 ) ;
#902 =( GEOMETRIC_REPRESENTATION_CONTEXT ( 3 ) GLOBAL_UNCERTAINTY_ASSIGNED_CONTEXT ( ( #2514 ) ) GLOBAL_UNIT_ASSIGNED_CONTEXT ( ( #6315, #4023, #9368 ) ) REPRESENTATION_CONTEXT ( 'NONE', 'WORKASPACE' ) );
#903 = FILL_AREA_STYLE_COLOUR ( '', #7221 ) ;
#904 = SURFACE_STYLE_FILL_AREA ( #983 ) ;
#905 = PRESENTATION_LAYER_ASSIGNMENT (  '', '', ( #7732 ) ) ;
#906 = ORIENTED_EDGE ( 'NONE', *, *, #7754, .F. ) ;
#907 = PRESENTATION_LAYER_ASSIGNMENT (  '', '', ( #7733 ) ) ;
#908 = ADVANCED_FACE ( 'NONE', ( #8420, #1789 ), #6264, .T. ) ;
#909 = VERTEX_POINT ( 'NONE', #7219 ) ;
#911 = FILL_AREA_STYLE ('',( #6790 ) ) ;
#910 = FACE_OUTER_BOUND ( 'NONE', #7511, .T. ) ;
#912 = EDGE_LOOP ( 'NONE', ( #8149 ) ) ;
#913 = DIRECTION ( 'NONE',  ( -1.000000000000000000, 0.000000000000000000, 0.000000000000000000 ) ) ;
#914 = TOROIDAL_SURFACE ( 'NONE', #4692, 0.05000000000000002359, 0.02500000000000002914 ) ;
#915 = UNCERTAINTY_MEASURE_WITH_UNIT (LENGTH_MEASURE( 1.000000000000000082E-05 ), #1314, 'distance_accuracy_value', 'NONE');
#916 = ORIENTED_EDGE ( 'NONE', *, *, #6069, .F. ) ;
#917 =( NAMED_UNIT ( * ) SI_UNIT ( $, .STERADIAN. ) SOLID_ANGLE_UNIT ( ) );
#918 = EDGE_CURVE ( 'NONE', #3446, #8277, #6984, .T. ) ;
#919 = VERTEX_POINT ( 'NONE', #363 ) ;
#920 =( NAMED_UNIT ( * ) PLANE_ANGLE_UNIT ( ) SI_UNIT ( $, .RADIAN. ) );
#921 = MECHANICAL_DESIGN_GEOMETRIC_PRESENTATION_REPRESENTATION (  '', ( #2517 ), #1454 ) ;
#922 = DIRECTION ( 'NONE',  ( 0.9956342260592881965, 0.000000000000000000, 0.09334070869305798046 ) ) ;
#923 = ORIENTED_EDGE ( 'NONE', *, *, #4901, .T. ) ;
#924 = ADVANCED_FACE ( 'NONE', ( #5201, #8536 ), #9596, .T. ) ;
#925 = FILL_AREA_STYLE ('',( #6258 ) ) ;
#926 = SURFACE_STYLE_FILL_AREA ( #6127 ) ;
#927 = DIRECTION ( 'NONE',  ( 1.000000000000000000, 0.000000000000000000, 0.000000000000000000 ) ) ;
#928 = AXIS2_PLACEMENT_3D ( 'NONE', #4636, #6080, #5407 ) ;
#929 = DIRECTION ( 'NONE',  ( 0.000000000000000000, -0.000000000000000000, 1.000000000000000000 ) ) ;
#930 = CARTESIAN_POINT ( 'NONE',  ( -0.03799999999999989497, -0.5949999999999998623, -0.4799999999999999822 ) ) ;
#931 = FILL_AREA_STYLE_COLOUR ( '', #6410 ) ;
#932 = CIRCLE ( 'NONE', #4282, 0.02500000000000002914 ) ;
#933 = COLOUR_RGB ( '',1.000000000000000000, 0.7529411764705882248, 0.7529411764705882248 ) ;
#934 = DIRECTION ( 'NONE',  ( -0.000000000000000000, 0.000000000000000000, 1.000000000000000000 ) ) ;
#935 = EDGE_CURVE ( 'NONE', #8884, #8884, #5308, .T. ) ;
#936 = MECHANICAL_DESIGN_GEOMETRIC_PRESENTATION_REPRESENTATION (  '', ( #9281 ), #5189 ) ;
#937 = DIRECTION ( 'NONE',  ( 0.9825750242013555624, 0.000000000000000000, 0.1858664085188750648 ) ) ;
#938 = SURFACE_STYLE_USAGE ( .BOTH. , #187 ) ;
#939 = PRESENTATION_STYLE_ASSIGNMENT (( #6307 ) ) ;
#940 = FILL_AREA_STYLE ('',( #5481 ) ) ;
#941 =( GEOMETRIC_REPRESENTATION_CONTEXT ( 3 ) GLOBAL_UNCERTAINTY_ASSIGNED_CONTEXT ( ( #7666 ) ) GLOBAL_UNIT_ASSIGNED_CONTEXT ( ( #5559, #576, #4374 ) ) REPRESENTATION_CONTEXT ( 'NONE', 'WORKASPACE' ) );
#942 = SURFACE_STYLE_FILL_AREA ( #5110 ) ;
#943 = DIRECTION ( 'NONE',  ( 0.9825750242013555624, -0.1858664085188759807, 0.000000000000000000 ) ) ;
#944 = ORIENTED_EDGE ( 'NONE', *, *, #3058, .F. ) ;
#945 = UNCERTAINTY_MEASURE_WITH_UNIT (LENGTH_MEASURE( 1.000000000000000082E-05 ), #2783, 'distance_accuracy_value', 'NONE');
#946 = PRESENTATION_STYLE_ASSIGNMENT (( #6918 ) ) ;
#947 = ORIENTED_EDGE ( 'NONE', *, *, #5050, .T. ) ;
#948 = AXIS2_PLACEMENT_3D ( 'NONE', #4144, #2035, #8007 ) ;
#949 = ORIENTED_EDGE ( 'NONE', *, *, #1801, .T. ) ;
#950 = EDGE_CURVE ( 'NONE', #321, #321, #3989, .T. ) ;
#951 = SURFACE_STYLE_FILL_AREA ( #1817 ) ;
#952 = SURFACE_SIDE_STYLE ('',( #1146 ) ) ;
#953 = AXIS2_PLACEMENT_3D ( 'NONE', #5834, #6519, #5802 ) ;
#954 = SURFACE_STYLE_USAGE ( .BOTH. , #263 ) ;
#955 = AXIS2_PLACEMENT_3D ( 'NONE', #760, #6038, #4471 ) ;
#956 = SURFACE_STYLE_FILL_AREA ( #9338 ) ;
#957 = CARTESIAN_POINT ( 'NONE',  ( 0.000000000000000000, -0.2250000000000000056, 0.5749999999999999556 ) ) ;
#958 = CARTESIAN_POINT ( 'NONE',  ( -0.4350000000000000533, -0.6499999999999999112, 0.3499999999999999778 ) ) ;
#959 = DIRECTION ( 'NONE',  ( -1.000000000000000000, -0.000000000000000000, -0.000000000000000000 ) ) ;
#960 = MECHANICAL_DESIGN_GEOMETRIC_PRESENTATION_REPRESENTATION (  '', ( #450 ), #6050 ) ;
#961 = FILL_AREA_STYLE ('',( #5473 ) ) ;
#962 =( GEOMETRIC_REPRESENTATION_CONTEXT ( 3 ) GLOBAL_UNCERTAINTY_ASSIGNED_CONTEXT ( ( #6893 ) ) GLOBAL_UNIT_ASSIGNED_CONTEXT ( ( #6028, #9056, #3641 ) ) REPRESENTATION_CONTEXT ( 'NONE', 'WORKASPACE' ) );
#963 =( NAMED_UNIT ( * ) PLANE_ANGLE_UNIT ( ) SI_UNIT ( $, .RADIAN. ) );
#964 =( GEOMETRIC_REPRESENTATION_CONTEXT ( 3 ) GLOBAL_UNCERTAINTY_ASSIGNED_CONTEXT ( ( #7993 ) ) GLOBAL_UNIT_ASSIGNED_CONTEXT ( ( #3657, #5142, #1425 ) ) REPRESENTATION_CONTEXT ( 'NONE', 'WORKASPACE' ) );
#965 = CIRCLE ( 'NONE', #5675, 0.02500000000000001874 ) ;
#966 = FACE_OUTER_BOUND ( 'NONE', #6614, .T. ) ;
#967 =( GEOMETRIC_REPRESENTATION_CONTEXT ( 3 ) GLOBAL_UNCERTAINTY_ASSIGNED_CONTEXT ( ( #3729 ) ) GLOBAL_UNIT_ASSIGNED_CONTEXT ( ( #6088, #8483, #408 ) ) REPRESENTATION_CONTEXT ( 'NONE', 'WORKASPACE' ) );
#968 = VERTEX_POINT ( 'NONE', #678 ) ;
#969 = ORIENTED_EDGE ( 'NONE', *, *, #2640, .F. ) ;
#970 =( NAMED_UNIT ( * ) PLANE_ANGLE_UNIT ( ) SI_UNIT ( $, .RADIAN. ) );
#971 = TOROIDAL_SURFACE ( 'NONE', #5178, 0.05000000000000002359, 0.02500000000000002914 ) ;
#972 = FACE_OUTER_BOUND ( 'NONE', #5891, .T. ) ;
#973 = UNCERTAINTY_MEASURE_WITH_UNIT (LENGTH_MEASURE( 1.000000000000000082E-05 ), #6436, 'distance_accuracy_value', 'NONE');
#974 = CIRCLE ( 'NONE', #5823, 0.02500000000000002567 ) ;
#975 = DIRECTION ( 'NONE',  ( -0.000000000000000000, -1.000000000000000000, -0.000000000000000000 ) ) ;
#976 = PRESENTATION_LAYER_ASSIGNMENT (  '', '', ( #7131 ) ) ;
#977 = ORIENTED_EDGE ( 'NONE', *, *, #8822, .T. ) ;
#978 = VECTOR ( 'NONE', #5381, 1000.000000000000114 ) ;
#979 = DIRECTION ( 'NONE',  ( 1.000000000000000000, 0.000000000000000000, -0.000000000000000000 ) ) ;
#980 = DIRECTION ( 'NONE',  ( -0.09334070869305818863, 0.000000000000000000, 0.9956342260592880855 ) ) ;
#981 = PRESENTATION_STYLE_ASSIGNMENT (( #3585 ) ) ;
#982 = ADVANCED_FACE ( 'NONE', ( #2025 ), #8289, .F. ) ;
#983 = FILL_AREA_STYLE ('',( #6195 ) ) ;
#984 = FILL_AREA_STYLE_COLOUR ( '', #9733 ) ;
#985 = ORIENTED_EDGE ( 'NONE', *, *, #851, .T. ) ;
#986 = VECTOR ( 'NONE', #676, 1000.000000000000000 ) ;
#987 = DIRECTION ( 'NONE',  ( 0.000000000000000000, 0.000000000000000000, -1.000000000000000000 ) ) ;
#988 = EDGE_CURVE ( 'NONE', #9187, #877, #7870, .T. ) ;
#989 = CARTESIAN_POINT ( 'NONE',  ( -0.5099632742307173006, -0.5949999999999999734, -0.4500000000000000111 ) ) ;
#990 = PRESENTATION_STYLE_ASSIGNMENT (( #8282 ) ) ;
#991 = FILL_AREA_STYLE ('',( #1023 ) ) ;
#992 =( GEOMETRIC_REPRESENTATION_CONTEXT ( 3 ) GLOBAL_UNCERTAINTY_ASSIGNED_CONTEXT ( ( #5041 ) ) GLOBAL_UNIT_ASSIGNED_CONTEXT ( ( #5162, #8226, #9753 ) ) REPRESENTATION_CONTEXT ( 'NONE', 'WORKASPACE' ) );
#993 = ADVANCED_FACE ( 'NONE', ( #2762 ), #9256, .F. ) ;
#994 = CARTESIAN_POINT ( 'NONE',  ( -0.01788484763213698397, -0.6426664822826733126, -0.4278949585905497122 ) ) ;
#995 = ORIENTED_EDGE ( 'NONE', *, *, #918, .F. ) ;
#996 = PRESENTATION_STYLE_ASSIGNMENT (( #9853 ) ) ;
#997 = COLOUR_RGB ( '',1.000000000000000000, 1.000000000000000000, 1.000000000000000000 ) ;
#998 = CARTESIAN_POINT ( 'NONE',  ( 0.03300000000000015421, -0.5949999999999997513, 0.4799999999999999822 ) ) ;
#999 =( LENGTH_UNIT ( ) NAMED_UNIT ( * ) SI_UNIT ( .MILLI., .METRE. ) );
#1000 = ORIENTED_EDGE ( 'NONE', *, *, #2991, .F. ) ;
#1001 = CARTESIAN_POINT ( 'NONE',  ( 0.01200000000000008872, -0.2750000000000000777, -0.4299999999999999378 ) ) ;
#1002 = PRESENTATION_LAYER_ASSIGNMENT (  '', '', ( #8835 ) ) ;
#1003 = STYLED_ITEM ( 'NONE', ( #3835 ), #4318 ) ;
#1004 = CYLINDRICAL_SURFACE ( 'NONE', #5207, 0.02500000000000003955 ) ;
#1005 =( NAMED_UNIT ( * ) SI_UNIT ( $, .STERADIAN. ) SOLID_ANGLE_UNIT ( ) );
#1006 = ORIENTED_EDGE ( 'NONE', *, *, #9690, .T. ) ;
#1007 = UNCERTAINTY_MEASURE_WITH_UNIT (LENGTH_MEASURE( 1.000000000000000082E-05 ), #7837, 'distance_accuracy_value', 'NONE');
#1008 = FACE_OUTER_BOUND ( 'NONE', #9261, .T. ) ;
#1009 = MECHANICAL_DESIGN_GEOMETRIC_PRESENTATION_REPRESENTATION (  '', ( #5453 ), #8385 ) ;
#1010 = EDGE_LOOP ( 'NONE', ( #8063 ) ) ;
#1011 = PRESENTATION_STYLE_ASSIGNMENT (( #5447 ) ) ;
#1012 = ORIENTED_EDGE ( 'NONE', *, *, #3702, .T. ) ;
#1013 = COLOUR_RGB ( '',1.000000000000000000, 0.7529411764705882248, 0.7529411764705882248 ) ;
#1014 = DIRECTION ( 'NONE',  ( 0.9825750242013555624, -0.1858664085188759807, 0.000000000000000000 ) ) ;
#1015 = CARTESIAN_POINT ( 'NONE',  ( -0.8170483142762321460, -0.9300000000000001599, -0.3999999999999992450 ) ) ;
#1016 = COLOUR_RGB ( '',1.000000000000000000, 0.7529411764705882248, 0.7529411764705882248 ) ;
#1017 = EDGE_CURVE ( 'NONE', #3711, #9609, #7667, .T. ) ;
#1018 =( GEOMETRIC_REPRESENTATION_CONTEXT ( 3 ) GLOBAL_UNCERTAINTY_ASSIGNED_CONTEXT ( ( #6770 ) ) GLOBAL_UNIT_ASSIGNED_CONTEXT ( ( #2496, #8497, #1807 ) ) REPRESENTATION_CONTEXT ( 'NONE', 'WORKASPACE' ) );
#1019 = EDGE_LOOP ( 'NONE', ( #7605 ) ) ;
#1020 =( NAMED_UNIT ( * ) PLANE_ANGLE_UNIT ( ) SI_UNIT ( $, .RADIAN. ) );
#1021 = CARTESIAN_POINT ( 'NONE',  ( 1.000000000000000000, -0.7299999999999999822, 0.5999999999999999778 ) ) ;
#1022 = VERTEX_POINT ( 'NONE', #3429 ) ;
#1023 = FILL_AREA_STYLE_COLOUR ( '', #1415 ) ;
#1024 = COLOUR_RGB ( '',0.7921568627450980005, 0.8196078431372548767, 0.9333333333333333481 ) ;
#1025 = SURFACE_STYLE_FILL_AREA ( #3833 ) ;
#1026 =( NAMED_UNIT ( * ) PLANE_ANGLE_UNIT ( ) SI_UNIT ( $, .RADIAN. ) );
#1027 = DIRECTION ( 'NONE',  ( 0.09334070869305820251, 0.000000000000000000, -0.9956342260592881965 ) ) ;
#1028 = CARTESIAN_POINT ( 'NONE',  ( 0.2541151523678630286, -0.6426664822826733126, -0.4278949585905496567 ) ) ;
#1029 = DIRECTION ( 'NONE',  ( 0.000000000000000000, 0.000000000000000000, -1.000000000000000000 ) ) ;
#1030 = VECTOR ( 'NONE', #3277, 1000.000000000000000 ) ;
#1031 = VERTEX_POINT ( 'NONE', #5705 ) ;
#1032 = TOROIDAL_SURFACE ( 'NONE', #4075, 0.04999999999999997502, 0.02500000000000002914 ) ;
#1033 = PRESENTATION_STYLE_ASSIGNMENT (( #6550 ) ) ;
#1034 = FILL_AREA_STYLE ('',( #4031 ) ) ;
#1035 = SURFACE_STYLE_USAGE ( .BOTH. , #5608 ) ;
#1036 = PRESENTATION_LAYER_ASSIGNMENT (  '', '', ( #1175 ) ) ;
#1037 = CARTESIAN_POINT ( 'NONE',  ( -0.07799999999999987499, -0.5949999999999997513, 0.4799999999999999822 ) ) ;
#1038 = AXIS2_PLACEMENT_3D ( 'NONE', #4762, #5666, #304 ) ;
#1039 = UNCERTAINTY_MEASURE_WITH_UNIT (LENGTH_MEASURE( 1.000000000000000082E-05 ), #7348, 'distance_accuracy_value', 'NONE');
#1040 = ORIENTED_EDGE ( 'NONE', *, *, #3250, .F. ) ;
#1041 = FACE_OUTER_BOUND ( 'NONE', #873, .T. ) ;
#1042 = SURFACE_STYLE_USAGE ( .BOTH. , #1831 ) ;
#1043 = COLOUR_RGB ( '',1.000000000000000000, 0.7529411764705882248, 0.7529411764705882248 ) ;
#1044 = CARTESIAN_POINT ( 'NONE',  ( 0.1840000000000000802, -0.2750000000000000777, -0.4299999999999999378 ) ) ;
#1045 = SURFACE_SIDE_STYLE ('',( #8366 ) ) ;
#1046 = EDGE_CURVE ( 'NONE', #3852, #2565, #2094, .T. ) ;
#1047 = SURFACE_STYLE_FILL_AREA ( #4370 ) ;
#1048 = PRESENTATION_LAYER_ASSIGNMENT (  '', '', ( #3955 ) ) ;
#1049 = DIRECTION ( 'NONE',  ( -1.263880071562429078E-15, -1.000000000000000000, 6.319400357812145388E-16 ) ) ;
#1050 = COLOUR_RGB ( '',1.000000000000000000, 0.7529411764705882248, 0.7529411764705882248 ) ;
#1051 = FACE_OUTER_BOUND ( 'NONE', #4852, .T. ) ;
#1052 = PLANE ( 'NONE',  #9737 ) ;
#1053 = SURFACE_SIDE_STYLE ('',( #9837 ) ) ;
#1054 = CYLINDRICAL_SURFACE ( 'NONE', #8448, 0.02500000000000006384 ) ;
#1055 = DIRECTION ( 'NONE',  ( -0.000000000000000000, -1.000000000000000000, -0.000000000000000000 ) ) ;
#1056 =( LENGTH_UNIT ( ) NAMED_UNIT ( * ) SI_UNIT ( .MILLI., .METRE. ) );
#1057 = PRESENTATION_LAYER_ASSIGNMENT (  '', '', ( #8378 ) ) ;
#1058 =( NAMED_UNIT ( * ) PLANE_ANGLE_UNIT ( ) SI_UNIT ( $, .RADIAN. ) );
#1059 = FILL_AREA_STYLE ('',( #1912 ) ) ;
#1060 = COLOUR_RGB ( '',0.2509803921568627416, 0.2509803921568627416, 0.2509803921568627416 ) ;
#1061 = SURFACE_SIDE_STYLE ('',( #4036 ) ) ;
#1062 = CYLINDRICAL_SURFACE ( 'NONE', #3416, 0.02499999999999995628 ) ;
#1063 = CARTESIAN_POINT ( 'NONE',  ( 1.000000000000000000, 0.000000000000000000, 0.5999999999999999778 ) ) ;
#1064 = CARTESIAN_POINT ( 'NONE',  ( -0.2139999999999998848, -0.2250000000000000611, 0.4299999999999999378 ) ) ;
#1065 = LINE ( 'NONE', #6662, #6392 ) ;
#1066 = TOROIDAL_SURFACE ( 'NONE', #7220, 0.05000000000000019706, 0.02499999999999996669 ) ;
#1067 = EDGE_CURVE ( 'NONE', #968, #7065, #5011, .T. ) ;
#1068 = ORIENTED_EDGE ( 'NONE', *, *, #9356, .F. ) ;
#1069 =( GEOMETRIC_REPRESENTATION_CONTEXT ( 3 ) GLOBAL_UNCERTAINTY_ASSIGNED_CONTEXT ( ( #5904 ) ) GLOBAL_UNIT_ASSIGNED_CONTEXT ( ( #1877, #7147, #2615 ) ) REPRESENTATION_CONTEXT ( 'NONE', 'WORKASPACE' ) );
#1070 = UNCERTAINTY_MEASURE_WITH_UNIT (LENGTH_MEASURE( 1.000000000000000082E-05 ), #4210, 'distance_accuracy_value', 'NONE');
#1071 =( NAMED_UNIT ( * ) SI_UNIT ( $, .STERADIAN. ) SOLID_ANGLE_UNIT ( ) );
#1072 = ADVANCED_FACE ( 'NONE', ( #2322, #5139 ), #8602, .T. ) ;
#1073 = MECHANICAL_DESIGN_GEOMETRIC_PRESENTATION_REPRESENTATION (  '', ( #553 ), #7814 ) ;
#1074 =( NAMED_UNIT ( * ) SI_UNIT ( $, .STERADIAN. ) SOLID_ANGLE_UNIT ( ) );
#1075 = FACE_OUTER_BOUND ( 'NONE', #4065, .T. ) ;
#1076 = VERTEX_POINT ( 'NONE', #9379 ) ;
#1077 = PRESENTATION_STYLE_ASSIGNMENT (( #3565 ) ) ;
#1078 = MECHANICAL_DESIGN_GEOMETRIC_PRESENTATION_REPRESENTATION (  '', ( #559 ), #3794 ) ;
#1079 = EDGE_CURVE ( 'NONE', #218, #218, #7405, .T. ) ;
#1080 = CYLINDRICAL_SURFACE ( 'NONE', #9751, 0.02500000000000006384 ) ;
#1081 = FACE_OUTER_BOUND ( 'NONE', #3690, .T. ) ;
#1082 = STYLED_ITEM ( 'NONE', ( #367 ), #482 ) ;
#1083 = DIRECTION ( 'NONE',  ( 0.000000000000000000, 0.000000000000000000, 1.000000000000000000 ) ) ;
#1084 = MECHANICAL_DESIGN_GEOMETRIC_PRESENTATION_REPRESENTATION (  '', ( #7584 ), #9605 ) ;
#1085 = ORIENTED_EDGE ( 'NONE', *, *, #6439, .T. ) ;
#1086 = SURFACE_STYLE_FILL_AREA ( #9210 ) ;
#1087 = SURFACE_SIDE_STYLE ('',( #7306 ) ) ;
#1088 = CARTESIAN_POINT ( 'NONE',  ( -0.2389999999999999347, -0.2250000000000000611, 0.3799999999999999489 ) ) ;
#1089 = PRESENTATION_STYLE_ASSIGNMENT (( #9077 ) ) ;
#1090 = DIRECTION ( 'NONE',  ( 0.000000000000000000, 0.000000000000000000, -1.000000000000000000 ) ) ;
#1091 = CARTESIAN_POINT ( 'NONE',  ( -1.000000000000000000, 0.000000000000000000, 0.5999999999999999778 ) ) ;
#1092 = MECHANICAL_DESIGN_GEOMETRIC_PRESENTATION_REPRESENTATION (  '', ( #7384 ), #394 ) ;
#1093 = ORIENTED_EDGE ( 'NONE', *, *, #4585, .F. ) ;
#1094 = CARTESIAN_POINT ( 'NONE',  ( -0.4600000000000000200, -0.2799999999999999711, -0.4799999999999999822 ) ) ;
#1095 = STYLED_ITEM ( 'NONE', ( #1813 ), #1563 ) ;
#1096 = COLOUR_RGB ( '',1.000000000000000000, 1.000000000000000000, 1.000000000000000000 ) ;
#1097 = UNCERTAINTY_MEASURE_WITH_UNIT (LENGTH_MEASURE( 1.000000000000000082E-05 ), #5032, 'distance_accuracy_value', 'NONE');
#1098 =( GEOMETRIC_REPRESENTATION_CONTEXT ( 3 ) GLOBAL_UNCERTAINTY_ASSIGNED_CONTEXT ( ( #3579 ) ) GLOBAL_UNIT_ASSIGNED_CONTEXT ( ( #7268, #7301, #4138 ) ) REPRESENTATION_CONTEXT ( 'NONE', 'WORKASPACE' ) );
#1099 = SURFACE_STYLE_FILL_AREA ( #5914 ) ;
#1100 = MECHANICAL_DESIGN_GEOMETRIC_PRESENTATION_REPRESENTATION (  '', ( #9432 ), #1639 ) ;
#1101 = SURFACE_STYLE_FILL_AREA ( #2164 ) ;
#1102 = SURFACE_SIDE_STYLE ('',( #956 ) ) ;
#1103 = SURFACE_SIDE_STYLE ('',( #1174 ) ) ;
#1104 = CIRCLE ( 'NONE', #4288, 0.02500000000000002567 ) ;
#1105 = FILL_AREA_STYLE_COLOUR ( '', #1953 ) ;
#1106 = ORIENTED_EDGE ( 'NONE', *, *, #289, .T. ) ;
#1107 = COLOUR_RGB ( '',0.2509803921568627416, 0.2509803921568627416, 0.2509803921568627416 ) ;
#1108 = EDGE_CURVE ( 'NONE', #3427, #226, #9423, .T. ) ;
#1109 = ADVANCED_FACE ( 'NONE', ( #6567, #5377 ), #4170, .T. ) ;
#1110 = PRESENTATION_LAYER_ASSIGNMENT (  '', '', ( #796 ) ) ;
#1111 = EDGE_LOOP ( 'NONE', ( #4073 ) ) ;
#1112 = EDGE_LOOP ( 'NONE', ( #3126 ) ) ;
#1113 = PRESENTATION_STYLE_ASSIGNMENT (( #4351 ) ) ;
#1114 =( LENGTH_UNIT ( ) NAMED_UNIT ( * ) SI_UNIT ( .MILLI., .METRE. ) );
#1115 = SURFACE_STYLE_FILL_AREA ( #4246 ) ;
#1116 = AXIS2_PLACEMENT_3D ( 'NONE', #7540, #8227, #2246 ) ;
#1117 = FILL_AREA_STYLE ('',( #4902 ) ) ;
#1118 =( NAMED_UNIT ( * ) PLANE_ANGLE_UNIT ( ) SI_UNIT ( $, .RADIAN. ) );
#1119 = VERTEX_POINT ( 'NONE', #8618 ) ;
#1120 = UNCERTAINTY_MEASURE_WITH_UNIT (LENGTH_MEASURE( 1.000000000000000082E-05 ), #5098, 'distance_accuracy_value', 'NONE');
#1121 = DIRECTION ( 'NONE',  ( 0.000000000000000000, 0.000000000000000000, -1.000000000000000000 ) ) ;
#1122 = VERTEX_POINT ( 'NONE', #347 ) ;
#1123 = EDGE_CURVE ( 'NONE', #7410, #2843, #2537, .T. ) ;
#1124 = SURFACE_STYLE_USAGE ( .BOTH. , #4843 ) ;
#1125 = PRESENTATION_STYLE_ASSIGNMENT (( #5584 ) ) ;
#1126 = AXIS2_PLACEMENT_3D ( 'NONE', #8807, #4337, #2256 ) ;
#1127 =( LENGTH_UNIT ( ) NAMED_UNIT ( * ) SI_UNIT ( .MILLI., .METRE. ) );
#1128 = CIRCLE ( 'NONE', #1724, 0.02500000000000001180 ) ;
#1129 = DIRECTION ( 'NONE',  ( -0.000000000000000000, -1.000000000000000000, -0.000000000000000000 ) ) ;
#1130 = CARTESIAN_POINT ( 'NONE',  ( 0.4600000000000000200, -0.2300000000000000655, 0.4299999999999999933 ) ) ;
#1131 = AXIS2_PLACEMENT_3D ( 'NONE', #9470, #3998, #6362 ) ;
#1132 = DIRECTION ( 'NONE',  ( -0.9956342260592881965, -0.000000000000000000, -0.09334070869305820251 ) ) ;
#1133 = EDGE_LOOP ( 'NONE', ( #7961 ) ) ;
#1134 = ORIENTED_EDGE ( 'NONE', *, *, #8025, .F. ) ;
#1135 = UNCERTAINTY_MEASURE_WITH_UNIT (LENGTH_MEASURE( 1.000000000000000082E-05 ), #4566, 'distance_accuracy_value', 'NONE');
#1136 = DIRECTION ( 'NONE',  ( 1.000000000000000000, -0.000000000000000000, 0.000000000000000000 ) ) ;
#1137 = CYLINDRICAL_SURFACE ( 'NONE', #7786, 0.02500000000000002567 ) ;
#1138 = FILL_AREA_STYLE ('',( #6501 ) ) ;
#1139 = DIRECTION ( 'NONE',  ( 0.000000000000000000, 0.000000000000000000, -1.000000000000000000 ) ) ;
#1140 = PRESENTATION_LAYER_ASSIGNMENT (  '', '', ( #5575 ) ) ;
#1141 = ORIENTED_EDGE ( 'NONE', *, *, #8394, .T. ) ;
#1142 = LINE ( 'NONE', #1209, #8994 ) ;
#1143 = FACE_OUTER_BOUND ( 'NONE', #7758, .T. ) ;
#1144 =( GEOMETRIC_REPRESENTATION_CONTEXT ( 3 ) GLOBAL_UNCERTAINTY_ASSIGNED_CONTEXT ( ( #3211 ) ) GLOBAL_UNIT_ASSIGNED_CONTEXT ( ( #3482, #8159, #4257 ) ) REPRESENTATION_CONTEXT ( 'NONE', 'WORKASPACE' ) );
#1145 = PRESENTATION_LAYER_ASSIGNMENT (  '', '', ( #7650 ) ) ;
#1146 = SURFACE_STYLE_FILL_AREA ( #1763 ) ;
#1147 = FILL_AREA_STYLE ('',( #9128 ) ) ;
#1148 = CYLINDRICAL_SURFACE ( 'NONE', #5471, 0.02500000000000003955 ) ;
#1149 = DIRECTION ( 'NONE',  ( 0.000000000000000000, 1.000000000000000000, 0.000000000000000000 ) ) ;
#1150 = VERTEX_POINT ( 'NONE', #2021 ) ;
#1151 = CARTESIAN_POINT ( 'NONE',  ( 0.2340000000000000968, -0.5949999999999998623, -0.4799999999999999822 ) ) ;
#1152 = CYLINDRICAL_SURFACE ( 'NONE', #302, 0.02499999999999995628 ) ;
#1153 = AXIS2_PLACEMENT_3D ( 'NONE', #2834, #2103, #7311 ) ;
#1154 = DIRECTION ( 'NONE',  ( 1.000000000000000000, -0.000000000000000000, 2.409338161078898194E-16 ) ) ;
#1155 = CARTESIAN_POINT ( 'NONE',  ( -0.4522282473117545387, -0.2000000000000000111, 0.4999999999999998890 ) ) ;
#1156 =( GEOMETRIC_REPRESENTATION_CONTEXT ( 3 ) GLOBAL_UNCERTAINTY_ASSIGNED_CONTEXT ( ( #8974 ) ) GLOBAL_UNIT_ASSIGNED_CONTEXT ( ( #2362, #817, #7674 ) ) REPRESENTATION_CONTEXT ( 'NONE', 'WORKASPACE' ) );
#1157 = DIRECTION ( 'NONE',  ( 1.000000000000000000, 0.000000000000000000, 0.000000000000000000 ) ) ;
#1158 = TOROIDAL_SURFACE ( 'NONE', #6403, 0.05000000000000002359, 0.02500000000000002914 ) ;
#1159 = AXIS2_PLACEMENT_3D ( 'NONE', #2096, #8911, #7444 ) ;
#1160 = DIRECTION ( 'NONE',  ( 0.000000000000000000, -1.000000000000000000, 0.000000000000000000 ) ) ;
#1161 = FILL_AREA_STYLE_COLOUR ( '', #5576 ) ;
#1162 = STYLED_ITEM ( 'NONE', ( #4270 ), #6246 ) ;
#1163 = DIRECTION ( 'NONE',  ( -1.000000000000000000, 0.000000000000000000, 0.000000000000000000 ) ) ;
#1164 = ORIENTED_EDGE ( 'NONE', *, *, #9088, .T. ) ;
#1165 = CARTESIAN_POINT ( 'NONE',  ( 0.008000000000000158026, -0.5949999999999997513, 0.4799999999999999822 ) ) ;
#1166 = CARTESIAN_POINT ( 'NONE',  ( 0.5349632742307174338, -0.1999999999999999833, -0.5749999999999998446 ) ) ;
#1167 = PRESENTATION_STYLE_ASSIGNMENT (( #90 ) ) ;
#1168 = UNCERTAINTY_MEASURE_WITH_UNIT (LENGTH_MEASURE( 1.000000000000000082E-05 ), #6599, 'distance_accuracy_value', 'NONE');
#1169 = FILL_AREA_STYLE_COLOUR ( '', #88 ) ;
#1170 = DIRECTION ( 'NONE',  ( -1.000000000000000000, 0.000000000000000000, 0.000000000000000000 ) ) ;
#1171 =( NAMED_UNIT ( * ) PLANE_ANGLE_UNIT ( ) SI_UNIT ( $, .RADIAN. ) );
#1172 = TOROIDAL_SURFACE ( 'NONE', #7692, 0.05000000000000019706, 0.02499999999999996669 ) ;
#1173 = PLANE ( 'NONE',  #7615 ) ;
#1174 = SURFACE_STYLE_FILL_AREA ( #2538 ) ;
#1175 = STYLED_ITEM ( 'NONE', ( #8130 ), #2081 ) ;
#1176 = PLANE ( 'NONE',  #3206 ) ;
#1177 = ORIENTED_EDGE ( 'NONE', *, *, #8426, .T. ) ;
#1178 = FACE_OUTER_BOUND ( 'NONE', #8987, .T. ) ;
#1179 = CIRCLE ( 'NONE', #9839, 0.02500000000000003608 ) ;
#1180 = EDGE_LOOP ( 'NONE', ( #6668, #2160, #1652, #3293, #2984 ) ) ;
#1181 = FACE_OUTER_BOUND ( 'NONE', #6734, .T. ) ;
#1182 = EDGE_LOOP ( 'NONE', ( #8139 ) ) ;
#1183 = DIRECTION ( 'NONE',  ( 0.000000000000000000, 0.000000000000000000, 1.000000000000000000 ) ) ;
#1184 =( LENGTH_UNIT ( ) NAMED_UNIT ( * ) SI_UNIT ( .MILLI., .METRE. ) );
#1185 = EDGE_CURVE ( 'NONE', #248, #9592, #1355, .T. ) ;
#1186 = PRESENTATION_LAYER_ASSIGNMENT (  '', '', ( #8825 ) ) ;
#1187 =( NAMED_UNIT ( * ) PLANE_ANGLE_UNIT ( ) SI_UNIT ( $, .RADIAN. ) );
#1188 = ORIENTED_EDGE ( 'NONE', *, *, #2952, .F. ) ;
#1189 = FACE_OUTER_BOUND ( 'NONE', #4068, .T. ) ;
#1190 = VECTOR ( 'NONE', #3686, 1000.000000000000000 ) ;
#1191 = CARTESIAN_POINT ( 'NONE',  ( -0.3499999999999999778, -0.5949999999999997513, 0.4799999999999999822 ) ) ;
#1192 = ORIENTED_EDGE ( 'NONE', *, *, #6081, .F. ) ;
#1193 = FILL_AREA_STYLE_COLOUR ( '', #8625 ) ;
#1194 = UNCERTAINTY_MEASURE_WITH_UNIT (LENGTH_MEASURE( 1.000000000000000082E-05 ), #8388, 'distance_accuracy_value', 'NONE');
#1195 = DIRECTION ( 'NONE',  ( -1.000000000000000000, 0.000000000000000000, 0.000000000000000000 ) ) ;
#1196 = CARTESIAN_POINT ( 'NONE',  ( 0.1190000000000000918, -0.2250000000000000611, 0.4299999999999999378 ) ) ;
#1197 =( NAMED_UNIT ( * ) SI_UNIT ( $, .STERADIAN. ) SOLID_ANGLE_UNIT ( ) );
#1198 = DIRECTION ( 'NONE',  ( -1.000000000000000000, 0.000000000000000000, 0.000000000000000000 ) ) ;
#1199 = CIRCLE ( 'NONE', #8736, 0.02500000000000002914 ) ;
#1200 = FACE_OUTER_BOUND ( 'NONE', #701, .T. ) ;
#1201 = FILL_AREA_STYLE ('',( #5740 ) ) ;
#1202 = CLOSED_SHELL ( 'NONE', ( #5699, #7321, #3019, #5980, #5747, #214 ) ) ;
#1203 = SURFACE_STYLE_USAGE ( .BOTH. , #4137 ) ;
#1204 = CARTESIAN_POINT ( 'NONE',  ( 0.5099632742307173006, -0.6199999999999998845, -0.4249999999999999334 ) ) ;
#1205 = MECHANICAL_DESIGN_GEOMETRIC_PRESENTATION_REPRESENTATION (  '', ( #691 ), #3577 ) ;
#1206 = DIRECTION ( 'NONE',  ( 1.000000000000000000, 0.000000000000000000, -1.084202172485504434E-15 ) ) ;
#1207 = EDGE_LOOP ( 'NONE', ( #2140 ) ) ;
#1208 = SURFACE_STYLE_USAGE ( .BOTH. , #4238 ) ;
#1209 = CARTESIAN_POINT ( 'NONE',  ( -0.9999999999999995559, -0.9000000000000000222, -0.1999999999999998723 ) ) ;
#1210 = COLOUR_RGB ( '',0.2509803921568627416, 0.2509803921568627416, 0.2509803921568627416 ) ;
#1211 = CARTESIAN_POINT ( 'NONE',  ( 0.2510447443221263120, 0.09137281440222512485, -0.5999999999999999778 ) ) ;
#1212 =( NAMED_UNIT ( * ) PLANE_ANGLE_UNIT ( ) SI_UNIT ( $, .RADIAN. ) );
#1213 = DIRECTION ( 'NONE',  ( 0.000000000000000000, -1.000000000000000000, 0.000000000000000000 ) ) ;
#1214 = ORIENTED_EDGE ( 'NONE', *, *, #2262, .F. ) ;
#1215 =( GEOMETRIC_REPRESENTATION_CONTEXT ( 3 ) GLOBAL_UNCERTAINTY_ASSIGNED_CONTEXT ( ( #1823 ) ) GLOBAL_UNIT_ASSIGNED_CONTEXT ( ( #7560, #4511, #9116 ) ) REPRESENTATION_CONTEXT ( 'NONE', 'WORKASPACE' ) );
#1216 =( NAMED_UNIT ( * ) SI_UNIT ( $, .STERADIAN. ) SOLID_ANGLE_UNIT ( ) );
#1217 = ORIENTED_EDGE ( 'NONE', *, *, #3282, .T. ) ;
#1218 = EDGE_CURVE ( 'NONE', #4475, #4475, #4290, .T. ) ;
#1219 =( GEOMETRIC_REPRESENTATION_CONTEXT ( 3 ) GLOBAL_UNCERTAINTY_ASSIGNED_CONTEXT ( ( #433 ) ) GLOBAL_UNIT_ASSIGNED_CONTEXT ( ( #4597, #35, #8430 ) ) REPRESENTATION_CONTEXT ( 'NONE', 'WORKASPACE' ) );
#1220 = DIRECTION ( 'NONE',  ( -1.000000000000000000, 0.000000000000000000, 0.000000000000000000 ) ) ;
#1221 = COLOUR_RGB ( '',1.000000000000000000, 0.7529411764705882248, 0.7529411764705882248 ) ;
#1222 = STYLED_ITEM ( 'NONE', ( #4316 ), #6120 ) ;
#1223 = CARTESIAN_POINT ( 'NONE',  ( 1.000000000000000000, -0.7299999999999999822, -0.5999999999999999778 ) ) ;
#1224 = ORIENTED_EDGE ( 'NONE', *, *, #7487, .T. ) ;
#1225 = SURFACE_STYLE_FILL_AREA ( #3883 ) ;
#1226 = SURFACE_STYLE_USAGE ( .BOTH. , #2044 ) ;
#1227 = LINE ( 'NONE', #7853, #6210 ) ;
#1228 = CARTESIAN_POINT ( 'NONE',  ( -0.4350000000000000533, -0.2300000000000000655, -0.3799999999999999489 ) ) ;
#1229 = UNCERTAINTY_MEASURE_WITH_UNIT (LENGTH_MEASURE( 1.000000000000000082E-05 ), #8121, 'distance_accuracy_value', 'NONE');
#1230 = DIRECTION ( 'NONE',  ( 0.09334070869305820251, 0.000000000000000000, -0.9956342260592881965 ) ) ;
#1231 = FACE_OUTER_BOUND ( 'NONE', #5415, .T. ) ;
#1232 = DIRECTION ( 'NONE',  ( 1.000000000000000000, 0.000000000000000000, 0.000000000000000000 ) ) ;
#1233 = PRESENTATION_LAYER_ASSIGNMENT (  '', '', ( #5862 ) ) ;
#1234 = DIRECTION ( 'NONE',  ( 0.000000000000000000, 0.000000000000000000, -1.000000000000000000 ) ) ;
#1235 = EDGE_CURVE ( 'NONE', #4814, #4814, #1719, .T. ) ;
#1236 = CARTESIAN_POINT ( 'NONE',  ( -0.4600000000000000200, -0.2300000000000000655, -0.3799999999999999489 ) ) ;
#1237 = PRESENTATION_STYLE_ASSIGNMENT (( #1552 ) ) ;
#1238 = AXIS2_PLACEMENT_3D ( 'NONE', #8605, #6265, #7152 ) ;
#1239 = ORIENTED_EDGE ( 'NONE', *, *, #1067, .T. ) ;
#1240 = MECHANICAL_DESIGN_GEOMETRIC_PRESENTATION_REPRESENTATION (  '', ( #721 ), #8225 ) ;
#1241 = FILL_AREA_STYLE_COLOUR ( '', #8879 ) ;
#1242 = VECTOR ( 'NONE', #4701, 1000.000000000000000 ) ;
#1243 = CARTESIAN_POINT ( 'NONE',  ( -1.000000000000000000, -0.9000000000000000222, -0.5999999999999999778 ) ) ;
#1244 = SURFACE_SIDE_STYLE ('',( #9214 ) ) ;
#1245 = EDGE_LOOP ( 'NONE', ( #445 ) ) ;
#1246 = DIRECTION ( 'NONE',  ( 0.000000000000000000, 0.000000000000000000, -1.000000000000000000 ) ) ;
#1247 = CARTESIAN_POINT ( 'NONE',  ( -0.5099632742307173006, -0.1999999999999999833, -0.4500000000000000111 ) ) ;
#1248 = COLOUR_RGB ( '',1.000000000000000000, 0.7529411764705882248, 0.7529411764705882248 ) ;
#1249 =( NAMED_UNIT ( * ) SI_UNIT ( $, .STERADIAN. ) SOLID_ANGLE_UNIT ( ) );
#1250 = ORIENTED_EDGE ( 'NONE', *, *, #7797, .T. ) ;
#1251 = SURFACE_STYLE_FILL_AREA ( #4072 ) ;
#1252 = LINE ( 'NONE', #5084, #2905 ) ;
#1253 = PLANE ( 'NONE',  #7032 ) ;
#1254 = FACE_OUTER_BOUND ( 'NONE', #5532, .T. ) ;
#1255 = MECHANICAL_DESIGN_GEOMETRIC_PRESENTATION_REPRESENTATION (  '', ( #4971 ), #1770 ) ;
#1256 = DIRECTION ( 'NONE',  ( 1.000000000000000000, 0.000000000000000000, 0.000000000000000000 ) ) ;
#1257 = EDGE_LOOP ( 'NONE', ( #6133 ) ) ;
#1258 = SURFACE_STYLE_FILL_AREA ( #3826 ) ;
#1259 = CARTESIAN_POINT ( 'NONE',  ( -0.5199999999999997957, -0.8800000000000001155, -0.4000000000000000222 ) ) ;
#1260 = ORIENTED_EDGE ( 'NONE', *, *, #9569, .F. ) ;
#1261 = ADVANCED_FACE ( 'NONE', ( #37, #750 ), #5607, .T. ) ;
#1262 = ORIENTED_EDGE ( 'NONE', *, *, #3966, .F. ) ;
#1263 = CARTESIAN_POINT ( 'NONE',  ( -1.000000000000000000, -0.2250000000000000056, 0.5999999999999999778 ) ) ;
#1264 = AXIS2_PLACEMENT_3D ( 'NONE', #9093, #9750, #9848 ) ;
#1265 =( LENGTH_UNIT ( ) NAMED_UNIT ( * ) SI_UNIT ( .MILLI., .METRE. ) );
#1266 = FACE_OUTER_BOUND ( 'NONE', #6899, .T. ) ;
#1267 = ORIENTED_EDGE ( 'NONE', *, *, #7087, .T. ) ;
#1268 = CARTESIAN_POINT ( 'NONE',  ( 0.5099632742307173006, 0.000000000000000000, -0.5999999999999999778 ) ) ;
#1269 = CARTESIAN_POINT ( 'NONE',  ( 0.3195643756050340345, -0.2296466602129719481, -0.4299999999999999933 ) ) ;
#1270 = PRESENTATION_LAYER_ASSIGNMENT (  '', '', ( #4490 ) ) ;
#1271 = DIRECTION ( 'NONE',  ( -0.09334070869305818863, 0.000000000000000000, 0.9956342260592880855 ) ) ;
#1272 = CIRCLE ( 'NONE', #1808, 0.02500000000000003608 ) ;
#1273 = PRESENTATION_STYLE_ASSIGNMENT (( #372 ) ) ;
#1274 = VERTEX_POINT ( 'NONE', #1269 ) ;
#1275 = SURFACE_STYLE_FILL_AREA ( #833 ) ;
#1276 = ORIENTED_EDGE ( 'NONE', *, *, #5892, .F. ) ;
#1277 = SURFACE_STYLE_FILL_AREA ( #9488 ) ;
#1278 = DIRECTION ( 'NONE',  ( 0.000000000000000000, 0.000000000000000000, 1.000000000000000000 ) ) ;
#1279 = FILL_AREA_STYLE_COLOUR ( '', #4061 ) ;
#1280 = DIRECTION ( 'NONE',  ( 0.000000000000000000, 0.000000000000000000, 1.000000000000000000 ) ) ;
#1281 = AXIS2_PLACEMENT_3D ( 'NONE', #8044, #8752, #7309 ) ;
#1282 = ADVANCED_FACE ( 'NONE', ( #6555, #4530 ), #9533, .T. ) ;
#1283 =( LENGTH_UNIT ( ) NAMED_UNIT ( * ) SI_UNIT ( .MILLI., .METRE. ) );
#1284 = CYLINDRICAL_SURFACE ( 'NONE', #569, 0.02500000000000006384 ) ;
#1285 = EDGE_CURVE ( 'NONE', #1767, #1767, #9190, .T. ) ;
#1286 =( GEOMETRIC_REPRESENTATION_CONTEXT ( 3 ) GLOBAL_UNCERTAINTY_ASSIGNED_CONTEXT ( ( #4557 ) ) GLOBAL_UNIT_ASSIGNED_CONTEXT ( ( #2938, #9776, #4421 ) ) REPRESENTATION_CONTEXT ( 'NONE', 'WORKASPACE' ) );
#1287 = ORIENTED_EDGE ( 'NONE', *, *, #1845, .F. ) ;
#1288 = PRESENTATION_LAYER_ASSIGNMENT (  '', '', ( #772 ) ) ;
#1289 = VERTEX_POINT ( 'NONE', #5604 ) ;
#1290 = LINE ( 'NONE', #7583, #322 ) ;
#1291 = FACE_OUTER_BOUND ( 'NONE', #7980, .T. ) ;
#1292 = STYLED_ITEM ( 'NONE', ( #2244 ), #5597 ) ;
#1293 =( NAMED_UNIT ( * ) SI_UNIT ( $, .STERADIAN. ) SOLID_ANGLE_UNIT ( ) );
#1294 = SURFACE_SIDE_STYLE ('',( #3440 ) ) ;
#1295 = DIRECTION ( 'NONE',  ( 0.000000000000000000, 0.000000000000000000, -1.000000000000000000 ) ) ;
#1296 = FACE_OUTER_BOUND ( 'NONE', #2712, .T. ) ;
#1297 = ORIENTED_EDGE ( 'NONE', *, *, #6618, .T. ) ;
#1298 = DIRECTION ( 'NONE',  ( 0.000000000000000000, 0.000000000000000000, 1.000000000000000000 ) ) ;
#1299 = AXIS2_PLACEMENT_3D ( 'NONE', #1326, #8246, #8283 ) ;
#1300 = COLOUR_RGB ( '',1.000000000000000000, 0.7529411764705882248, 0.7529411764705882248 ) ;
#1301 = STYLED_ITEM ( 'NONE', ( #4298 ), #993 ) ;
#1302 = DIRECTION ( 'NONE',  ( -1.000000000000000000, 0.000000000000000000, 0.000000000000000000 ) ) ;
#1303 =( GEOMETRIC_REPRESENTATION_CONTEXT ( 3 ) GLOBAL_UNCERTAINTY_ASSIGNED_CONTEXT ( ( #3022 ) ) GLOBAL_UNIT_ASSIGNED_CONTEXT ( ( #6503, #9565, #407 ) ) REPRESENTATION_CONTEXT ( 'NONE', 'WORKASPACE' ) );
#1304 =( LENGTH_UNIT ( ) NAMED_UNIT ( * ) SI_UNIT ( .MILLI., .METRE. ) );
#1305 = AXIS2_PLACEMENT_3D ( 'NONE', #4641, #1603, #8808 ) ;
#1306 = MANIFOLD_SOLID_BREP ( 'Boss-Extrude3[1]', #1202 ) ;
#1307 = FACE_OUTER_BOUND ( 'NONE', #4835, .T. ) ;
#1308 = EDGE_LOOP ( 'NONE', ( #2451 ) ) ;
#1309 = FACE_OUTER_BOUND ( 'NONE', #4733, .T. ) ;
#1310 = SURFACE_SIDE_STYLE ('',( #8860 ) ) ;
#1311 = CARTESIAN_POINT ( 'NONE',  ( 0.2585643756050340358, -0.2296466602129719481, -0.4299999999999999933 ) ) ;
#1312 = DIRECTION ( 'NONE',  ( 0.000000000000000000, 0.9396926207859105373, 0.3420201433256625512 ) ) ;
#1313 = SURFACE_SIDE_STYLE ('',( #9191 ) ) ;
#1314 =( LENGTH_UNIT ( ) NAMED_UNIT ( * ) SI_UNIT ( .MILLI., .METRE. ) );
#1315 = CARTESIAN_POINT ( 'NONE',  ( -0.5349632742307173228, -0.2250000000000000056, 0.5999999999999999778 ) ) ;
#1316 = DIRECTION ( 'NONE',  ( 1.000000000000000000, 0.000000000000000000, 0.000000000000000000 ) ) ;
#1317 = STYLED_ITEM ( 'NONE', ( #5982 ), #2430 ) ;
#1318 = CARTESIAN_POINT ( 'NONE',  ( 0.5099632742307173006, -0.6199999999999998845, 0.4249999999999999889 ) ) ;
#1319 = SURFACE_STYLE_FILL_AREA ( #134 ) ;
#1320 = ADVANCED_FACE ( 'NONE', ( #6304 ), #493, .T. ) ;
#1321 = PRESENTATION_STYLE_ASSIGNMENT (( #1203 ) ) ;
#1322 = SURFACE_STYLE_FILL_AREA ( #3038 ) ;
#1323 = AXIS2_PLACEMENT_3D ( 'NONE', #7447, #2263, #7514 ) ;
#1324 = FILL_AREA_STYLE_COLOUR ( '', #6343 ) ;
#1325 = DIRECTION ( 'NONE',  ( 0.9825750242013554514, -0.1858664085188760362, 0.000000000000000000 ) ) ;
#1326 = CARTESIAN_POINT ( 'NONE',  ( 0.1840000000000000802, -0.2250000000000000611, -0.3799999999999999489 ) ) ;
#1327 = DIRECTION ( 'NONE',  ( 0.3236155771181907781, 0.8891264907159884823, 0.3236155771181781216 ) ) ;
#1328 = EDGE_CURVE ( 'NONE', #4226, #4226, #9766, .T. ) ;
#1329 = AXIS2_PLACEMENT_3D ( 'NONE', #137, #987, #3219 ) ;
#1330 = PRESENTATION_LAYER_ASSIGNMENT (  '', '', ( #3045 ) ) ;
#1331 = EDGE_LOOP ( 'NONE', ( #7713 ) ) ;
#1332 = COLOUR_RGB ( '',1.000000000000000000, 0.7529411764705882248, 0.7529411764705882248 ) ;
#1333 = CARTESIAN_POINT ( 'NONE',  ( 0.03300000000000010564, -0.5949999999999997513, 0.4799999999999999822 ) ) ;
#1334 =( NAMED_UNIT ( * ) PLANE_ANGLE_UNIT ( ) SI_UNIT ( $, .RADIAN. ) );
#1335 = DIRECTION ( 'NONE',  ( 0.000000000000000000, -0.000000000000000000, 1.000000000000000000 ) ) ;
#1336 = PRESENTATION_STYLE_ASSIGNMENT (( #4548 ) ) ;
#1337 = LINE ( 'NONE', #2849, #259 ) ;
#1338 = CARTESIAN_POINT ( 'NONE',  ( -1.000005999999999950, -0.7299999999999999822, 0.1999999999999999001 ) ) ;
#1339 = DIRECTION ( 'NONE',  ( -0.000000000000000000, -0.000000000000000000, 1.000000000000000000 ) ) ;
#1340 = EDGE_LOOP ( 'NONE', ( #9009 ) ) ;
#1341 = CARTESIAN_POINT ( 'NONE',  ( -0.1244356243949659852, -0.2296466602129719481, -0.3799999999999999489 ) ) ;
#1342 = FILL_AREA_STYLE_COLOUR ( '', #8764 ) ;
#1343 = PRESENTATION_LAYER_ASSIGNMENT (  '', '', ( #8976 ) ) ;
#1344 = PRESENTATION_STYLE_ASSIGNMENT (( #111 ) ) ;
#1345 = MECHANICAL_DESIGN_GEOMETRIC_PRESENTATION_REPRESENTATION (  '', ( #311 ), #8837 ) ;
#1346 = FACE_OUTER_BOUND ( 'NONE', #4862, .T. ) ;
#1347 = SURFACE_SIDE_STYLE ('',( #7200 ) ) ;
#1348 = FACE_OUTER_BOUND ( 'NONE', #9650, .T. ) ;
#1349 = AXIS2_PLACEMENT_3D ( 'NONE', #8017, #7249, #3541 ) ;
#1350 = SURFACE_SIDE_STYLE ('',( #7995 ) ) ;
#1351 = SURFACE_SIDE_STYLE ('',( #9655 ) ) ;
#1352 = ORIENTED_EDGE ( 'NONE', *, *, #2478, .T. ) ;
#1353 = STYLED_ITEM ( 'NONE', ( #1167 ), #5413 ) ;
#1354 = CARTESIAN_POINT ( 'NONE',  ( 0.5099632742307173006, -0.6199999999999998845, -0.5999999999999999778 ) ) ;
#1355 = LINE ( 'NONE', #1211, #9774 ) ;
#1356 =( NAMED_UNIT ( * ) SI_UNIT ( $, .STERADIAN. ) SOLID_ANGLE_UNIT ( ) );
#1357 = ADVANCED_FACE ( 'NONE', ( #6799, #8345 ), #9759, .T. ) ;
#1358 = FACE_OUTER_BOUND ( 'NONE', #8726, .T. ) ;
#1359 = LINE ( 'NONE', #6852, #5258 ) ;
#1360 = CIRCLE ( 'NONE', #8703, 0.02500000000000002914 ) ;
#1361 = ORIENTED_EDGE ( 'NONE', *, *, #6320, .T. ) ;
#1362 = MECHANICAL_DESIGN_GEOMETRIC_PRESENTATION_REPRESENTATION (  '', ( #2328 ), #2807 ) ;
#1363 = PRESENTATION_STYLE_ASSIGNMENT (( #6409 ) ) ;
#1364 = FACE_OUTER_BOUND ( 'NONE', #1019, .T. ) ;
#1365 = UNCERTAINTY_MEASURE_WITH_UNIT (LENGTH_MEASURE( 1.000000000000000082E-05 ), #5923, 'distance_accuracy_value', 'NONE');
#1366 = MECHANICAL_DESIGN_GEOMETRIC_PRESENTATION_REPRESENTATION (  '', ( #5087 ), #5921 ) ;
#1367 = CARTESIAN_POINT ( 'NONE',  ( -0.01699999999999991795, -0.2250000000000000611, 0.4299999999999999378 ) ) ;
#1368 =( GEOMETRIC_REPRESENTATION_CONTEXT ( 3 ) GLOBAL_UNCERTAINTY_ASSIGNED_CONTEXT ( ( #3366 ) ) GLOBAL_UNIT_ASSIGNED_CONTEXT ( ( #9534, #1212, #1997 ) ) REPRESENTATION_CONTEXT ( 'NONE', 'WORKASPACE' ) );
#1369 = TOROIDAL_SURFACE ( 'NONE', #4827, 0.05000000000000002359, 0.02500000000000002914 ) ;
#1370 = CARTESIAN_POINT ( 'NONE',  ( 0.5499999999999999334, -0.7299999999999999822, -0.5999999999999999778 ) ) ;
#1371 = CLOSED_SHELL ( 'NONE', ( #7117, #6557, #6651, #4045, #1320, #4729, #8712, #4492, #9184, #191, #8019, #8472, #9001, #315 ) ) ;
#1372 = CARTESIAN_POINT ( 'NONE',  ( 1.000000000000000000, -0.7299999999999999822, 0.1999999999999999278 ) ) ;
#1373 = DIRECTION ( 'NONE',  ( 0.000000000000000000, 0.000000000000000000, -1.000000000000000000 ) ) ;
#1374 = DIRECTION ( 'NONE',  ( 0.9825750242013556734, 0.000000000000000000, 0.1858664085188749815 ) ) ;
#1375 = CARTESIAN_POINT ( 'NONE',  ( -0.5099632742307174116, 0.000000000000000000, -0.6000000000000000888 ) ) ;
#1376 = PRESENTATION_STYLE_ASSIGNMENT (( #3411 ) ) ;
#1377 =( LENGTH_UNIT ( ) NAMED_UNIT ( * ) SI_UNIT ( .MILLI., .METRE. ) );
#1378 = CARTESIAN_POINT ( 'NONE',  ( 0.2800000000000001377, -0.2250000000000000611, 0.4299999999999999378 ) ) ;
#1379 =( NAMED_UNIT ( * ) SI_UNIT ( $, .STERADIAN. ) SOLID_ANGLE_UNIT ( ) );
#1380 = AXIS2_PLACEMENT_3D ( 'NONE', #793, #6771, #6865 ) ;
#1381 = CARTESIAN_POINT ( 'NONE',  ( -0.5099632742307173006, 0.000000000000000000, -0.5999999999999999778 ) ) ;
#1382 = STYLED_ITEM ( 'NONE', ( #2604 ), #9390 ) ;
#1383 = COLOUR_RGB ( '',1.000000000000000000, 0.7529411764705882248, 0.7529411764705882248 ) ;
#1384 = FACE_OUTER_BOUND ( 'NONE', #5925, .T. ) ;
#1385 = ORIENTED_EDGE ( 'NONE', *, *, #3282, .F. ) ;
#1386 = FILL_AREA_STYLE_COLOUR ( '', #9007 ) ;
#1387 = CARTESIAN_POINT ( 'NONE',  ( -0.5200000000000000178, -0.7084327450237908330, -0.3999999999999999112 ) ) ;
#1388 = SURFACE_STYLE_FILL_AREA ( #8370 ) ;
#1389 = DIRECTION ( 'NONE',  ( 0.9912875121006776702, 0.09334070869305804985, 0.09293320425943860097 ) ) ;
#1390 = EDGE_LOOP ( 'NONE', ( #510 ) ) ;
#1391 = DIRECTION ( 'NONE',  ( -0.000000000000000000, -0.000000000000000000, 1.000000000000000000 ) ) ;
#1392 = UNCERTAINTY_MEASURE_WITH_UNIT (LENGTH_MEASURE( 1.000000000000000082E-05 ), #9255, 'distance_accuracy_value', 'NONE');
#1393 = ORIENTED_EDGE ( 'NONE', *, *, #5590, .F. ) ;
#1394 = EDGE_CURVE ( 'NONE', #7356, #4714, #30, .T. ) ;
#1395 = MECHANICAL_DESIGN_GEOMETRIC_PRESENTATION_REPRESENTATION (  '', ( #6011 ), #3102 ) ;
#1396 = SURFACE_STYLE_FILL_AREA ( #2063 ) ;
#1397 = ADVANCED_FACE ( 'NONE', ( #7967 ), #5476, .T. ) ;
#1398 = CLOSED_SHELL ( 'NONE', ( #2522, #6991, #9530, #5631, #8593, #3823, #8544, #5446, #8317, #8637, #6677 ) ) ;
#1399 = VECTOR ( 'NONE', #3895, 1000.000000000000000 ) ;
#1400 = CARTESIAN_POINT ( 'NONE',  ( 1.000000000000000444, -0.6199999999999998845, -0.1599632742307184052 ) ) ;
#1401 = PRODUCT_RELATED_PRODUCT_CATEGORY ( 'part', '', ( #8004 ) ) ;
#1402 = CARTESIAN_POINT ( 'NONE',  ( -0.1279999999999999472, -0.5949999999999997513, 0.4799999999999999822 ) ) ;
#1403 = CIRCLE ( 'NONE', #5949, 0.02499999999999995628 ) ;
#1404 =( NAMED_UNIT ( * ) SI_UNIT ( $, .STERADIAN. ) SOLID_ANGLE_UNIT ( ) );
#1405 = EDGE_LOOP ( 'NONE', ( #9688, #362, #8247, #3750 ) ) ;
#1406 = FACE_OUTER_BOUND ( 'NONE', #3821, .T. ) ;
#1407 = FILL_AREA_STYLE_COLOUR ( '', #2 ) ;
#1408 = DIRECTION ( 'NONE',  ( 1.000000000000000000, 0.000000000000000000, -0.000000000000000000 ) ) ;
#1409 = PRESENTATION_LAYER_ASSIGNMENT (  '', '', ( #749 ) ) ;
#1410 = DIRECTION ( 'NONE',  ( 1.000000000000000000, 0.000000000000000000, 0.000000000000000000 ) ) ;
#1411 = ORIENTED_EDGE ( 'NONE', *, *, #3270, .F. ) ;
#1412 = DIRECTION ( 'NONE',  ( 1.000000000000000000, -0.000000000000000000, 0.000000000000000000 ) ) ;
#1413 = FACE_OUTER_BOUND ( 'NONE', #5806, .T. ) ;
#1414 = DIRECTION ( 'NONE',  ( 0.9912875121006776702, 0.09334070869305804985, 0.09293320425943860097 ) ) ;
#1415 = COLOUR_RGB ( '',0.2509803921568627416, 0.2509803921568627416, 0.2509803921568627416 ) ;
#1416 = VERTEX_POINT ( 'NONE', #2882 ) ;
#1417 = SURFACE_STYLE_FILL_AREA ( #4 ) ;
#1418 =( NAMED_UNIT ( * ) SI_UNIT ( $, .STERADIAN. ) SOLID_ANGLE_UNIT ( ) );
#1419 = ORIENTED_EDGE ( 'NONE', *, *, #1679, .F. ) ;
#1420 = PRODUCT_CONTEXT ( 'NONE', #1556, 'mechanical' ) ;
#1421 = STYLED_ITEM ( 'NONE', ( #5543 ), #6991 ) ;
#1422 = FILL_AREA_STYLE ('',( #596 ) ) ;
#1423 = DIRECTION ( 'NONE',  ( 0.000000000000000000, 0.000000000000000000, 1.000000000000000000 ) ) ;
#1424 = COLOUR_RGB ( '',1.000000000000000000, 0.7529411764705882248, 0.7529411764705882248 ) ;
#1425 =( NAMED_UNIT ( * ) SI_UNIT ( $, .STERADIAN. ) SOLID_ANGLE_UNIT ( ) );
#1426 =( GEOMETRIC_REPRESENTATION_CONTEXT ( 3 ) GLOBAL_UNCERTAINTY_ASSIGNED_CONTEXT ( ( #7818 ) ) GLOBAL_UNIT_ASSIGNED_CONTEXT ( ( #5378, #1602, #6152 ) ) REPRESENTATION_CONTEXT ( 'NONE', 'WORKASPACE' ) );
#1427 =( NAMED_UNIT ( * ) SI_UNIT ( $, .STERADIAN. ) SOLID_ANGLE_UNIT ( ) );
#1428 = EDGE_CURVE ( 'NONE', #4714, #9849, #9183, .T. ) ;
#1429 = CARTESIAN_POINT ( 'NONE',  ( 0.9896446609406726047, -0.6199999999999998845, -0.1599632742307184330 ) ) ;
#1430 = AXIS2_PLACEMENT_3D ( 'NONE', #1367, #1298, #8926 ) ;
#1431 = CIRCLE ( 'NONE', #135, 0.02499999999999995628 ) ;
#1432 = STYLED_ITEM ( 'NONE', ( #1113 ), #7968 ) ;
#1433 =( GEOMETRIC_REPRESENTATION_CONTEXT ( 3 ) GLOBAL_UNCERTAINTY_ASSIGNED_CONTEXT ( ( #1070 ) ) GLOBAL_UNIT_ASSIGNED_CONTEXT ( ( #4210, #495, #1356 ) ) REPRESENTATION_CONTEXT ( 'NONE', 'WORKASPACE' ) );
#1434 = COLOUR_RGB ( '',1.000000000000000000, 0.7529411764705882248, 0.7529411764705882248 ) ;
#1435 =( LENGTH_UNIT ( ) NAMED_UNIT ( * ) SI_UNIT ( .MILLI., .METRE. ) );
#1436 = STYLED_ITEM ( 'NONE', ( #4834 ), #5143 ) ;
#1437 = MANIFOLD_SOLID_BREP ( 'LPattern1[2]', #7620 ) ;
#1438 = VECTOR ( 'NONE', #3137, 1000.000000000000000 ) ;
#1439 = FACE_OUTER_BOUND ( 'NONE', #79, .T. ) ;
#1440 = FACE_OUTER_BOUND ( 'NONE', #3716, .T. ) ;
#1441 = MECHANICAL_DESIGN_GEOMETRIC_PRESENTATION_REPRESENTATION (  '', ( #3603 ), #5158 ) ;
#1442 =( NAMED_UNIT ( * ) PLANE_ANGLE_UNIT ( ) SI_UNIT ( $, .RADIAN. ) );
#1443 = FILL_AREA_STYLE ('',( #9225 ) ) ;
#1444 = TOROIDAL_SURFACE ( 'NONE', #1238, 0.04999999999999991257, 0.02499999999999996669 ) ;
#1445 = MECHANICAL_DESIGN_GEOMETRIC_PRESENTATION_REPRESENTATION (  '', ( #2941 ), #3265 ) ;
#1446 = PRESENTATION_LAYER_ASSIGNMENT (  '', '', ( #8228 ) ) ;
#1447 = FILL_AREA_STYLE_COLOUR ( '', #594 ) ;
#1448 =( NAMED_UNIT ( * ) SI_UNIT ( $, .STERADIAN. ) SOLID_ANGLE_UNIT ( ) );
#1449 = DIRECTION ( 'NONE',  ( -1.000000000000000000, -0.000000000000000000, -0.000000000000000000 ) ) ;
#1450 =( NAMED_UNIT ( * ) PLANE_ANGLE_UNIT ( ) SI_UNIT ( $, .RADIAN. ) );
#1451 = CARTESIAN_POINT ( 'NONE',  ( 0.1793329645653460036, -0.5949999999999997513, -0.4302182886970357112 ) ) ;
#1452 = PLANE ( 'NONE',  #1611 ) ;
#1453 = FILL_AREA_STYLE ('',( #9139 ) ) ;
#1454 =( GEOMETRIC_REPRESENTATION_CONTEXT ( 3 ) GLOBAL_UNCERTAINTY_ASSIGNED_CONTEXT ( ( #1229 ) ) GLOBAL_UNIT_ASSIGNED_CONTEXT ( ( #8121, #2764, #3510 ) ) REPRESENTATION_CONTEXT ( 'NONE', 'WORKASPACE' ) );
#1455 =( LENGTH_UNIT ( ) NAMED_UNIT ( * ) SI_UNIT ( .MILLI., .METRE. ) );
#1456 = SURFACE_STYLE_USAGE ( .BOTH. , #3002 ) ;
#1457 = FACE_OUTER_BOUND ( 'NONE', #4989, .T. ) ;
#1458 = PRESENTATION_STYLE_ASSIGNMENT (( #5204 ) ) ;
#1459 = SURFACE_SIDE_STYLE ('',( #9393 ) ) ;
#1460 = AXIS2_PLACEMENT_3D ( 'NONE', #3039, #7689, #3772 ) ;
#1461 = ADVANCED_FACE ( 'NONE', ( #5594, #1598 ), #3795, .T. ) ;
#1462 = UNCERTAINTY_MEASURE_WITH_UNIT (LENGTH_MEASURE( 1.000000000000000082E-05 ), #7417, 'distance_accuracy_value', 'NONE');
#1463 = ORIENTED_EDGE ( 'NONE', *, *, #3171, .F. ) ;
#1464 = CARTESIAN_POINT ( 'NONE',  ( -0.5099632742307173006, -0.2250000000000000056, -0.4500000000000000111 ) ) ;
#1465 = VERTEX_POINT ( 'NONE', #7624 ) ;
#1466 = DIRECTION ( 'NONE',  ( 0.5000000000000014433, 0.000000000000000000, 0.8660254037844379305 ) ) ;
#1467 = FACE_OUTER_BOUND ( 'NONE', #2299, .T. ) ;
#1468 = EDGE_CURVE ( 'NONE', #1701, #3737, #8680, .T. ) ;
#1469 = PRESENTATION_LAYER_ASSIGNMENT (  '', '', ( #425 ) ) ;
#1470 =( GEOMETRIC_REPRESENTATION_CONTEXT ( 3 ) GLOBAL_UNCERTAINTY_ASSIGNED_CONTEXT ( ( #915 ) ) GLOBAL_UNIT_ASSIGNED_CONTEXT ( ( #1314, #8780, #6605 ) ) REPRESENTATION_CONTEXT ( 'NONE', 'WORKASPACE' ) );
#1471 = DIRECTION ( 'NONE',  ( 0.9912875121006776702, 0.09334070869305804985, 0.09293320425943860097 ) ) ;
#1472 = EDGE_LOOP ( 'NONE', ( #5075 ) ) ;
#1473 = PRESENTATION_LAYER_ASSIGNMENT (  '', '', ( #3644 ) ) ;
#1474 =( NAMED_UNIT ( * ) SI_UNIT ( $, .STERADIAN. ) SOLID_ANGLE_UNIT ( ) );
#1475 = EDGE_LOOP ( 'NONE', ( #3041, #2188, #1419, #8261 ) ) ;
#1476 = FILL_AREA_STYLE ('',( #1549 ) ) ;
#1477 = CARTESIAN_POINT ( 'NONE',  ( 0.5199999999999997957, -0.8749999999999998890, -0.3999999999999998002 ) ) ;
#1478 =( NAMED_UNIT ( * ) PLANE_ANGLE_UNIT ( ) SI_UNIT ( $, .RADIAN. ) );
#1479 = TOROIDAL_SURFACE ( 'NONE', #2508, 0.05000000000000002359, 0.02500000000000002914 ) ;
#1480 = COLOUR_RGB ( '',1.000000000000000000, 0.7529411764705882248, 0.7529411764705882248 ) ;
#1481 =( NAMED_UNIT ( * ) PLANE_ANGLE_UNIT ( ) SI_UNIT ( $, .RADIAN. ) );
#1482 = CARTESIAN_POINT ( 'NONE',  ( 0.1840000000000000802, -0.2750000000000000222, -0.4799999999999999822 ) ) ;
#1483 = EDGE_LOOP ( 'NONE', ( #3021, #7974, #923, #5688 ) ) ;
#1484 = FILL_AREA_STYLE ('',( #485 ) ) ;
#1485 = FACE_OUTER_BOUND ( 'NONE', #8529, .T. ) ;
#1486 = MECHANICAL_DESIGN_GEOMETRIC_PRESENTATION_REPRESENTATION (  '', ( #9101 ), #9289 ) ;
#1487 = EDGE_CURVE ( 'NONE', #680, #680, #1820, .T. ) ;
#1488 = DIRECTION ( 'NONE',  ( -0.09334070869305818863, 0.000000000000000000, 0.9956342260592880855 ) ) ;
#1489 = COLOUR_RGB ( '',0.7921568627450980005, 0.8196078431372548767, 0.9333333333333333481 ) ;
#1490 =( LENGTH_UNIT ( ) NAMED_UNIT ( * ) SI_UNIT ( .MILLI., .METRE. ) );
#1491 = PRESENTATION_LAYER_ASSIGNMENT (  '', '', ( #3190 ) ) ;
#1492 = SURFACE_STYLE_USAGE ( .BOTH. , #5336 ) ;
#1493 = COLOUR_RGB ( '',1.000000000000000000, 0.7529411764705882248, 0.7529411764705882248 ) ;
#1494 = SURFACE_SIDE_STYLE ('',( #6800 ) ) ;
#1495 = AXIS2_PLACEMENT_3D ( 'NONE', #5063, #5838, #1312 ) ;
#1496 = ADVANCED_FACE ( 'NONE', ( #1467, #4153 ), #2719, .T. ) ;
#1497 = CARTESIAN_POINT ( 'NONE',  ( 0.1183329645653471984, -0.6449999999999997957, -0.4302182886970356002 ) ) ;
#1498 = UNCERTAINTY_MEASURE_WITH_UNIT (LENGTH_MEASURE( 1.000000000000000082E-05 ), #7195, 'distance_accuracy_value', 'NONE');
#1499 = STYLED_ITEM ( 'NONE', ( #4398 ), #4785 ) ;
#1500 = CARTESIAN_POINT ( 'NONE',  ( 0.000000000000000000, 0.000000000000000000, 0.000000000000000000 ) ) ;
#1501 = ORIENTED_EDGE ( 'NONE', *, *, #4702, .T. ) ;
#1502 = FILL_AREA_STYLE ('',( #9806 ) ) ;
#1503 = AXIS2_PLACEMENT_3D ( 'NONE', #3236, #8550, #4804 ) ;
#1504 = CARTESIAN_POINT ( 'NONE',  ( -0.5099632742307173006, 0.000000000000000000, -0.5999999999999999778 ) ) ;
#1505 = EDGE_LOOP ( 'NONE', ( #9812, #6298, #4571, #8053 ) ) ;
#1506 =( GEOMETRIC_REPRESENTATION_CONTEXT ( 3 ) GLOBAL_UNCERTAINTY_ASSIGNED_CONTEXT ( ( #5499 ) ) GLOBAL_UNIT_ASSIGNED_CONTEXT ( ( #9799, #3035, #9047 ) ) REPRESENTATION_CONTEXT ( 'NONE', 'WORKASPACE' ) );
#1507 = SURFACE_STYLE_USAGE ( .BOTH. , #9811 ) ;
#1508 = MECHANICAL_DESIGN_GEOMETRIC_PRESENTATION_REPRESENTATION (  '', ( #4707 ), #2509 ) ;
#1509 = PRESENTATION_STYLE_ASSIGNMENT (( #4601 ) ) ;
#1510 =( NAMED_UNIT ( * ) SI_UNIT ( $, .STERADIAN. ) SOLID_ANGLE_UNIT ( ) );
#1511 = CARTESIAN_POINT ( 'NONE',  ( -0.1489999999999999103, -0.2250000000000000611, -0.3799999999999999489 ) ) ;
#1512 =( NAMED_UNIT ( * ) SI_UNIT ( $, .STERADIAN. ) SOLID_ANGLE_UNIT ( ) );
#1513 = DIRECTION ( 'NONE',  ( 0.000000000000000000, 0.000000000000000000, 1.000000000000000000 ) ) ;
#1514 = ORIENTED_EDGE ( 'NONE', *, *, #4569, .T. ) ;
#1515 = FACE_OUTER_BOUND ( 'NONE', #5669, .T. ) ;
#1516 =( LENGTH_UNIT ( ) NAMED_UNIT ( * ) SI_UNIT ( .MILLI., .METRE. ) );
#1517 = EDGE_CURVE ( 'NONE', #6360, #6360, #3786, .T. ) ;
#1518 = PRODUCT_CONTEXT ( 'NONE', #2946, 'mechanical' ) ;
#1519 = DIRECTION ( 'NONE',  ( -0.000000000000000000, -1.000000000000000000, -0.000000000000000000 ) ) ;
#1520 = MECHANICAL_DESIGN_GEOMETRIC_PRESENTATION_REPRESENTATION (  '', ( #8621 ), #9132 ) ;
#1521 =( NAMED_UNIT ( * ) PLANE_ANGLE_UNIT ( ) SI_UNIT ( $, .RADIAN. ) );
#1522 = ORIENTED_EDGE ( 'NONE', *, *, #7233, .T. ) ;
#1523 = TOROIDAL_SURFACE ( 'NONE', #7300, 0.05000000000000002359, 0.02499999999999996669 ) ;
#1524 = UNCERTAINTY_MEASURE_WITH_UNIT (LENGTH_MEASURE( 1.000000000000000082E-05 ), #4883, 'distance_accuracy_value', 'NONE');
#1525 = CARTESIAN_POINT ( 'NONE',  ( 0.5099632742307173006, -0.5949999999999999734, 0.4500000000000000111 ) ) ;
#1526 = EDGE_LOOP ( 'NONE', ( #5525 ) ) ;
#1527 =( NAMED_UNIT ( * ) PLANE_ANGLE_UNIT ( ) SI_UNIT ( $, .RADIAN. ) );
#1528 =( NAMED_UNIT ( * ) PLANE_ANGLE_UNIT ( ) SI_UNIT ( $, .RADIAN. ) );
#1529 = DIRECTION ( 'NONE',  ( 0.9396926207859063185, -0.3420201433256743195, -0.000000000000000000 ) ) ;
#1530 = CARTESIAN_POINT ( 'NONE',  ( -1.000000000000000000, -0.7299999999999999822, 0.5999999999999999778 ) ) ;
#1531 =( NAMED_UNIT ( * ) PLANE_ANGLE_UNIT ( ) SI_UNIT ( $, .RADIAN. ) );
#1532 = EDGE_LOOP ( 'NONE', ( #1260 ) ) ;
#1533 = EDGE_CURVE ( 'NONE', #9305, #9592, #6756, .T. ) ;
#1534 = VERTEX_POINT ( 'NONE', #4916 ) ;
#1535 = CIRCLE ( 'NONE', #9730, 0.02500000000000002914 ) ;
#1536 = MECHANICAL_DESIGN_GEOMETRIC_PRESENTATION_REPRESENTATION (  '', ( #9331 ), #8506 ) ;
#1537 = VERTEX_POINT ( 'NONE', #9244 ) ;
#1538 = FACE_OUTER_BOUND ( 'NONE', #4277, .T. ) ;
#1539 =( LENGTH_UNIT ( ) NAMED_UNIT ( * ) SI_UNIT ( .MILLI., .METRE. ) );
#1540 =( LENGTH_UNIT ( ) NAMED_UNIT ( * ) SI_UNIT ( .MILLI., .METRE. ) );
#1541 = DIRECTION ( 'NONE',  ( -1.000000000000000000, -0.000000000000000000, -0.000000000000000000 ) ) ;
#1542 = DIRECTION ( 'NONE',  ( -0.000000000000000000, -1.000000000000000000, -0.000000000000000000 ) ) ;
#1543 = DIRECTION ( 'NONE',  ( 0.000000000000000000, 0.000000000000000000, -1.000000000000000000 ) ) ;
#1544 = VERTEX_POINT ( 'NONE', #4131 ) ;
#1545 = FACE_OUTER_BOUND ( 'NONE', #3460, .T. ) ;
#1546 = ORIENTED_EDGE ( 'NONE', *, *, #5112, .T. ) ;
#1547 =( NAMED_UNIT ( * ) SI_UNIT ( $, .STERADIAN. ) SOLID_ANGLE_UNIT ( ) );
#1548 = ADVANCED_FACE ( 'NONE', ( #8922 ), #3788, .T. ) ;
#1549 = FILL_AREA_STYLE_COLOUR ( '', #236 ) ;
#1550 =( GEOMETRIC_REPRESENTATION_CONTEXT ( 3 ) GLOBAL_UNCERTAINTY_ASSIGNED_CONTEXT ( ( #3120 ) ) GLOBAL_UNIT_ASSIGNED_CONTEXT ( ( #4743, #6926, #5518 ) ) REPRESENTATION_CONTEXT ( 'NONE', 'WORKASPACE' ) );
#1551 = AXIS2_PLACEMENT_3D ( 'NONE', #7746, #6205, #3196 ) ;
#1552 = SURFACE_STYLE_USAGE ( .BOTH. , #9851 ) ;
#1553 = FACE_OUTER_BOUND ( 'NONE', #8396, .T. ) ;
#1554 = EDGE_CURVE ( 'NONE', #6861, #6861, #359, .T. ) ;
#1555 = CARTESIAN_POINT ( 'NONE',  ( -0.3499999999999999778, -0.2250000000000000611, 0.4299999999999999378 ) ) ;
#1556 = APPLICATION_CONTEXT ( 'automotive_design' ) ;
#1557 = AXIS2_PLACEMENT_3D ( 'NONE', #3160, #131, #3891 ) ;
#1558 = SURFACE_SIDE_STYLE ('',( #2361 ) ) ;
#1559 = PRESENTATION_STYLE_ASSIGNMENT (( #4923 ) ) ;
#1560 = ORIENTED_EDGE ( 'NONE', *, *, #9230, .T. ) ;
#1561 = COLOUR_RGB ( '',1.000000000000000000, 0.7529411764705882248, 0.7529411764705882248 ) ;
#1562 = FILL_AREA_STYLE ('',( #7580 ) ) ;
#1563 = ADVANCED_FACE ( 'NONE', ( #4265, #9167 ), #255, .T. ) ;
#1564 = UNCERTAINTY_MEASURE_WITH_UNIT (LENGTH_MEASURE( 1.000000000000000082E-05 ), #265, 'distance_accuracy_value', 'NONE');
#1565 = CIRCLE ( 'NONE', #3426, 0.02500000000000001180 ) ;
#1566 = SURFACE_STYLE_FILL_AREA ( #5199 ) ;
#1567 = SURFACE_SIDE_STYLE ('',( #3121 ) ) ;
#1568 = FACE_OUTER_BOUND ( 'NONE', #5450, .T. ) ;
#1569 = DIRECTION ( 'NONE',  ( 6.195440985631449401E-16, -1.000000000000000000, -9.293161478447174101E-16 ) ) ;
#1570 = EDGE_LOOP ( 'NONE', ( #5482 ) ) ;
#1571 = EDGE_CURVE ( 'NONE', #1465, #5571, #6311, .T. ) ;
#1572 = CARTESIAN_POINT ( 'NONE',  ( 0.1840000000000000802, -0.2750000000000000222, -0.4799999999999999822 ) ) ;
#1573 = AXIS2_PLACEMENT_3D ( 'NONE', #9389, #7143, #2610 ) ;
#1574 =( NAMED_UNIT ( * ) PLANE_ANGLE_UNIT ( ) SI_UNIT ( $, .RADIAN. ) );
#1575 = LINE ( 'NONE', #1155, #351 ) ;
#1576 = CARTESIAN_POINT ( 'NONE',  ( -1.000000000000000000, -0.1999999999999999833, -0.4249999999999999334 ) ) ;
#1577 = CARTESIAN_POINT ( 'NONE',  ( -1.000000000000000000, -0.9000000000000000222, 0.5999999999999999778 ) ) ;
#1578 =( LENGTH_UNIT ( ) NAMED_UNIT ( * ) SI_UNIT ( .MILLI., .METRE. ) );
#1579 = MECHANICAL_DESIGN_GEOMETRIC_PRESENTATION_REPRESENTATION (  '', ( #1175 ), #2568 ) ;
#1580 = DIRECTION ( 'NONE',  ( 0.09334070869305820251, 0.000000000000000000, -0.9956342260592881965 ) ) ;
#1581 = PRESENTATION_LAYER_ASSIGNMENT (  '', '', ( #2941 ) ) ;
#1582 =( LENGTH_UNIT ( ) NAMED_UNIT ( * ) SI_UNIT ( .MILLI., .METRE. ) );
#1583 = COLOUR_RGB ( '',1.000000000000000000, 0.7529411764705882248, 0.7529411764705882248 ) ;
#1584 = VERTEX_POINT ( 'NONE', #6978 ) ;
#1585 = DIRECTION ( 'NONE',  ( 0.000000000000000000, 0.000000000000000000, 1.000000000000000000 ) ) ;
#1586 = DIRECTION ( 'NONE',  ( 0.000000000000000000, 0.000000000000000000, 1.000000000000000000 ) ) ;
#1587 = SURFACE_STYLE_FILL_AREA ( #9844 ) ;
#1588 = EDGE_CURVE ( 'NONE', #9352, #44, #2177, .T. ) ;
#1589 = FILL_AREA_STYLE ('',( #6106 ) ) ;
#1590 = PRESENTATION_LAYER_ASSIGNMENT (  '', '', ( #4156 ) ) ;
#1591 = DIRECTION ( 'NONE',  ( 0.000000000000000000, 0.000000000000000000, -1.000000000000000000 ) ) ;
#1592 = AXIS2_PLACEMENT_3D ( 'NONE', #2641, #1779, #6346 ) ;
#1593 = ORIENTED_EDGE ( 'NONE', *, *, #7922, .T. ) ;
#1594 = DIRECTION ( 'NONE',  ( -1.084202172485504237E-15, -0.000000000000000000, -1.000000000000000000 ) ) ;
#1595 = EDGE_LOOP ( 'NONE', ( #1068 ) ) ;
#1596 = CARTESIAN_POINT ( 'NONE',  ( 0.5349632742307174338, -0.2250000000000000056, 0.5999999999999999778 ) ) ;
#1597 =( LENGTH_UNIT ( ) NAMED_UNIT ( * ) SI_UNIT ( .MILLI., .METRE. ) );
#1598 = FACE_OUTER_BOUND ( 'NONE', #617, .T. ) ;
#1599 = FILL_AREA_STYLE ('',( #46 ) ) ;
#1600 = MECHANICAL_DESIGN_GEOMETRIC_PRESENTATION_REPRESENTATION (  '', ( #8378 ), #7149 ) ;
#1601 = CYLINDRICAL_SURFACE ( 'NONE', #3347, 0.02499999999999995628 ) ;
#1602 =( NAMED_UNIT ( * ) PLANE_ANGLE_UNIT ( ) SI_UNIT ( $, .RADIAN. ) );
#1603 = DIRECTION ( 'NONE',  ( 1.000000000000000000, 0.000000000000000000, -2.194312022856437713E-15 ) ) ;
#1604 = ORIENTED_EDGE ( 'NONE', *, *, #8657, .F. ) ;
#1605 = FILL_AREA_STYLE ('',( #901 ) ) ;
#1606 = CARTESIAN_POINT ( 'NONE',  ( 1.000000000000000444, -0.6199999999999998845, -0.1599632742307184052 ) ) ;
#1607 =( GEOMETRIC_REPRESENTATION_CONTEXT ( 3 ) GLOBAL_UNCERTAINTY_ASSIGNED_CONTEXT ( ( #4124 ) ) GLOBAL_UNIT_ASSIGNED_CONTEXT ( ( #2730, #7322, #6516 ) ) REPRESENTATION_CONTEXT ( 'NONE', 'WORKASPACE' ) );
#1608 = CIRCLE ( 'NONE', #4326, 0.02499999999999995628 ) ;
#1609 =( LENGTH_UNIT ( ) NAMED_UNIT ( * ) SI_UNIT ( .MILLI., .METRE. ) );
#1610 = SURFACE_SIDE_STYLE ('',( #313 ) ) ;
#1611 = AXIS2_PLACEMENT_3D ( 'NONE', #5237, #2854, #3583 ) ;
#1612 = ORIENTED_EDGE ( 'NONE', *, *, #5244, .T. ) ;
#1613 = CARTESIAN_POINT ( 'NONE',  ( -1.000000000000000000, -0.7299999999999999822, -0.5999999999999999778 ) ) ;
#1614 = ADVANCED_FACE ( 'NONE', ( #1694, #246 ), #5218, .T. ) ;
#1615 = PRESENTATION_STYLE_ASSIGNMENT (( #2197 ) ) ;
#1616 =( NAMED_UNIT ( * ) PLANE_ANGLE_UNIT ( ) SI_UNIT ( $, .RADIAN. ) );
#1617 = SURFACE_SIDE_STYLE ('',( #7994 ) ) ;
#1618 = PRESENTATION_LAYER_ASSIGNMENT (  '', '', ( #64 ) ) ;
#1619 = VECTOR ( 'NONE', #8332, 1000.000000000000000 ) ;
#1620 = EDGE_CURVE ( 'NONE', #2565, #7410, #5097, .T. ) ;
#1621 = STYLED_ITEM ( 'NONE', ( #3817 ), #282 ) ;
#1622 =( LENGTH_UNIT ( ) NAMED_UNIT ( * ) SI_UNIT ( .MILLI., .METRE. ) );
#1623 = SURFACE_STYLE_USAGE ( .BOTH. , #8309 ) ;
#1624 = FILL_AREA_STYLE_COLOUR ( '', #412 ) ;
#1625 = UNCERTAINTY_MEASURE_WITH_UNIT (LENGTH_MEASURE( 1.000000000000000082E-05 ), #8952, 'distance_accuracy_value', 'NONE');
#1626 = PRESENTATION_LAYER_ASSIGNMENT (  '', '', ( #1432 ) ) ;
#1627 = CARTESIAN_POINT ( 'NONE',  ( -0.5099632742307173006, 0.000000000000000000, 0.5999999999999999778 ) ) ;
#1628 = MECHANICAL_DESIGN_GEOMETRIC_PRESENTATION_REPRESENTATION (  '', ( #8721 ), #7171 ) ;
#1629 = DIRECTION ( 'NONE',  ( 0.000000000000000000, 0.000000000000000000, 1.000000000000000000 ) ) ;
#1630 =( NAMED_UNIT ( * ) PLANE_ANGLE_UNIT ( ) SI_UNIT ( $, .RADIAN. ) );
#1631 = EDGE_LOOP ( 'NONE', ( #4000 ) ) ;
#1632 = SURFACE_SIDE_STYLE ('',( #8670 ) ) ;
#1633 = AXIS2_PLACEMENT_3D ( 'NONE', #6641, #2861, #5341 ) ;
#1634 = ORIENTED_EDGE ( 'NONE', *, *, #3147, .T. ) ;
#1635 =( LENGTH_UNIT ( ) NAMED_UNIT ( * ) SI_UNIT ( .MILLI., .METRE. ) );
#1636 = MECHANICAL_DESIGN_GEOMETRIC_PRESENTATION_REPRESENTATION (  '', ( #3673 ), #1303 ) ;
#1637 = CIRCLE ( 'NONE', #9476, 0.02499999999999999792 ) ;
#1638 = EDGE_LOOP ( 'NONE', ( #2800, #526, #25, #8514, #6093 ) ) ;
#1639 =( GEOMETRIC_REPRESENTATION_CONTEXT ( 3 ) GLOBAL_UNCERTAINTY_ASSIGNED_CONTEXT ( ( #9477 ) ) GLOBAL_UNIT_ASSIGNED_CONTEXT ( ( #3228, #963, #7727 ) ) REPRESENTATION_CONTEXT ( 'NONE', 'WORKASPACE' ) );
#1640 = DIRECTION ( 'NONE',  ( 1.000000000000000000, 0.000000000000000000, 0.000000000000000000 ) ) ;
#1641 = DIRECTION ( 'NONE',  ( 0.3420201433256751522, -0.9396926207859059854, -0.000000000000000000 ) ) ;
#1642 =( LENGTH_UNIT ( ) NAMED_UNIT ( * ) SI_UNIT ( .MILLI., .METRE. ) );
#1643 = ORIENTED_EDGE ( 'NONE', *, *, #668, .T. ) ;
#1644 = FACE_OUTER_BOUND ( 'NONE', #5068, .T. ) ;
#1645 = UNCERTAINTY_MEASURE_WITH_UNIT (LENGTH_MEASURE( 1.000000000000000082E-05 ), #2271, 'distance_accuracy_value', 'NONE');
#1646 = COLOUR_RGB ( '',1.000000000000000000, 0.7529411764705882248, 0.7529411764705882248 ) ;
#1647 = UNCERTAINTY_MEASURE_WITH_UNIT (LENGTH_MEASURE( 1.000000000000000082E-05 ), #3688, 'distance_accuracy_value', 'NONE');
#1648 = FILL_AREA_STYLE_COLOUR ( '', #1985 ) ;
#1649 = AXIS2_PLACEMENT_3D ( 'NONE', #7145, #4050, #3304 ) ;
#1650 = FILL_AREA_STYLE_COLOUR ( '', #8480 ) ;
#1651 = ADVANCED_FACE ( 'NONE', ( #4736, #7835 ), #1444, .T. ) ;
#1652 = ORIENTED_EDGE ( 'NONE', *, *, #4473, .F. ) ;
#1653 = VECTOR ( 'NONE', #4961, 1000.000000000000000 ) ;
#1654 = DIRECTION ( 'NONE',  ( 0.000000000000000000, 0.7578075450417297576, 0.6524781411494385841 ) ) ;
#1655 =( GEOMETRIC_REPRESENTATION_CONTEXT ( 3 ) GLOBAL_UNCERTAINTY_ASSIGNED_CONTEXT ( ( #9645 ) ) GLOBAL_UNIT_ASSIGNED_CONTEXT ( ( #9364, #3658, #5906 ) ) REPRESENTATION_CONTEXT ( 'NONE', 'WORKASPACE' ) );
#1656 =( LENGTH_UNIT ( ) NAMED_UNIT ( * ) SI_UNIT ( .MILLI., .METRE. ) );
#1657 = VERTEX_POINT ( 'NONE', #520 ) ;
#1658 = SURFACE_STYLE_USAGE ( .BOTH. , #6176 ) ;
#1659 = CARTESIAN_POINT ( 'NONE',  ( 0.09400000000000005573, -0.2750000000000000777, 0.4799999999999999822 ) ) ;
#1660 =( LENGTH_UNIT ( ) NAMED_UNIT ( * ) SI_UNIT ( .MILLI., .METRE. ) );
#1661 = DIRECTION ( 'NONE',  ( 0.000000000000000000, -0.000000000000000000, -1.000000000000000000 ) ) ;
#1662 = PRODUCT_DEFINITION_SHAPE ( 'NONE', 'NONE',  #8188 ) ;
#1663 = EDGE_CURVE ( 'NONE', #2507, #8277, #6636, .T. ) ;
#1664 = CARTESIAN_POINT ( 'NONE',  ( -1.000000000000000000, -0.7299999999999999822, -0.5999999999999999778 ) ) ;
#1665 = AXIS2_PLACEMENT_3D ( 'NONE', #5879, #663, #2194 ) ;
#1666 = PRESENTATION_STYLE_ASSIGNMENT (( #2588 ) ) ;
#1667 = FACE_OUTER_BOUND ( 'NONE', #3646, .T. ) ;
#1668 =( LENGTH_UNIT ( ) NAMED_UNIT ( * ) SI_UNIT ( .MILLI., .METRE. ) );
#1669 = MECHANICAL_DESIGN_GEOMETRIC_PRESENTATION_REPRESENTATION (  '', ( #6919 ), #3785 ) ;
#1670 =( LENGTH_UNIT ( ) NAMED_UNIT ( * ) SI_UNIT ( .MILLI., .METRE. ) );
#1671 = PLANE ( 'NONE',  #3537 ) ;
#1672 = EDGE_LOOP ( 'NONE', ( #8066, #4564, #3225, #5392 ) ) ;
#1673 = SURFACE_STYLE_FILL_AREA ( #8826 ) ;
#1674 = COLOUR_RGB ( '',1.000000000000000000, 0.7529411764705882248, 0.7529411764705882248 ) ;
#1675 = FACE_OUTER_BOUND ( 'NONE', #7911, .T. ) ;
#1676 = ORIENTED_EDGE ( 'NONE', *, *, #2750, .T. ) ;
#1677 = AXIS2_PLACEMENT_3D ( 'NONE', #9542, #4898, #5692 ) ;
#1678 = DIRECTION ( 'NONE',  ( 1.084202172485504237E-15, 0.000000000000000000, 1.000000000000000000 ) ) ;
#1679 = EDGE_CURVE ( 'NONE', #6804, #3310, #3632, .T. ) ;
#1680 = UNCERTAINTY_MEASURE_WITH_UNIT (LENGTH_MEASURE( 1.000000000000000082E-05 ), #7791, 'distance_accuracy_value', 'NONE');
#1681 =( LENGTH_UNIT ( ) NAMED_UNIT ( * ) SI_UNIT ( .MILLI., .METRE. ) );
#1682 = MECHANICAL_DESIGN_GEOMETRIC_PRESENTATION_REPRESENTATION (  '', ( #4949 ), #8144 ) ;
#1683 = COLOUR_RGB ( '',1.000000000000000000, 0.7529411764705882248, 0.7529411764705882248 ) ;
#1684 = DIRECTION ( 'NONE',  ( -0.000000000000000000, -1.000000000000000000, -0.000000000000000000 ) ) ;
#1685 = FILL_AREA_STYLE_COLOUR ( '', #4206 ) ;
#1686 = CARTESIAN_POINT ( 'NONE',  ( -0.5349632742307173228, -0.1999999999999999833, 0.5999999999999999778 ) ) ;
#1687 = DIRECTION ( 'NONE',  ( 0.000000000000000000, -1.000000000000000000, 0.000000000000000000 ) ) ;
#1688 = FACE_OUTER_BOUND ( 'NONE', #1112, .T. ) ;
#1689 = AXIS2_PLACEMENT_3D ( 'NONE', #4022, #5504, #4794 ) ;
#1690 = PRESENTATION_STYLE_ASSIGNMENT (( #7579 ) ) ;
#1691 = DIRECTION ( 'NONE',  ( -2.168404344971010446E-15, 0.000000000000000000, -1.000000000000000000 ) ) ;
#1692 = LINE ( 'NONE', #8697, #9742 ) ;
#1693 = PRESENTATION_LAYER_ASSIGNMENT (  '', '', ( #6760 ) ) ;
#1694 = FACE_OUTER_BOUND ( 'NONE', #2524, .T. ) ;
#1695 = SURFACE_SIDE_STYLE ('',( #3774 ) ) ;
#1696 =( GEOMETRIC_REPRESENTATION_CONTEXT ( 3 ) GLOBAL_UNCERTAINTY_ASSIGNED_CONTEXT ( ( #9220 ) ) GLOBAL_UNIT_ASSIGNED_CONTEXT ( ( #5611, #970, #1074 ) ) REPRESENTATION_CONTEXT ( 'NONE', 'WORKASPACE' ) );
#1697 = MECHANICAL_DESIGN_GEOMETRIC_PRESENTATION_REPRESENTATION (  '', ( #5732 ), #8611 ) ;
#1698 = DIRECTION ( 'NONE',  ( -1.000000000000000000, -0.000000000000000000, 2.194312022856437318E-15 ) ) ;
#1699 = ADVANCED_FACE ( 'NONE', ( #7937 ), #7094, .T. ) ;
#1700 =( NAMED_UNIT ( * ) PLANE_ANGLE_UNIT ( ) SI_UNIT ( $, .RADIAN. ) );
#1701 = VERTEX_POINT ( 'NONE', #3226 ) ;
#1702 = EDGE_CURVE ( 'NONE', #1537, #9758, #7467, .T. ) ;
#1703 = DIRECTION ( 'NONE',  ( 0.000000000000000000, -0.000000000000000000, 1.000000000000000000 ) ) ;
#1704 = AXIS2_PLACEMENT_3D ( 'NONE', #4427, #9728, #8231 ) ;
#1705 = SURFACE_STYLE_FILL_AREA ( #1453 ) ;
#1706 = LINE ( 'NONE', #6998, #8087 ) ;
#1707 =( LENGTH_UNIT ( ) NAMED_UNIT ( * ) SI_UNIT ( .MILLI., .METRE. ) );
#1708 = EDGE_LOOP ( 'NONE', ( #7223 ) ) ;
#1709 =( LENGTH_UNIT ( ) NAMED_UNIT ( * ) SI_UNIT ( .MILLI., .METRE. ) );
#1710 = CLOSED_SHELL ( 'NONE', ( #719, #4378, #8084, #5847, #2130, #1901, #7023, #3704, #6300, #6297, #4859 ) ) ;
#1711 = COLOUR_RGB ( '',1.000000000000000000, 0.7529411764705882248, 0.7529411764705882248 ) ;
#1712 =( NAMED_UNIT ( * ) SI_UNIT ( $, .STERADIAN. ) SOLID_ANGLE_UNIT ( ) );
#1713 = EDGE_CURVE ( 'NONE', #7704, #3663, #8412, .T. ) ;
#1714 = FACE_OUTER_BOUND ( 'NONE', #7305, .T. ) ;
#1715 = AXIS2_PLACEMENT_3D ( 'NONE', #8161, #8972, #3094 ) ;
#1716 = DIRECTION ( 'NONE',  ( 0.9544492202393285440, 0.000000000000000000, 0.2983734002630562543 ) ) ;
#1717 = DIRECTION ( 'NONE',  ( 0.000000000000000000, 0.000000000000000000, -1.000000000000000000 ) ) ;
#1718 = ORIENTED_EDGE ( 'NONE', *, *, #8180, .F. ) ;
#1719 = CIRCLE ( 'NONE', #2868, 0.02500000000000002914 ) ;
#1720 = SURFACE_STYLE_FILL_AREA ( #4890 ) ;
#1721 = CARTESIAN_POINT ( 'NONE',  ( 0.07300000000000007871, -0.2250000000000000611, -0.3799999999999999489 ) ) ;
#1722 = EDGE_LOOP ( 'NONE', ( #1833 ) ) ;
#1723 = AXIS2_PLACEMENT_3D ( 'NONE', #3239, #5388, #8523 ) ;
#1724 = AXIS2_PLACEMENT_3D ( 'NONE', #6174, #3926, #890 ) ;
#1725 = ADVANCED_FACE ( 'NONE', ( #2270, #3399 ), #2483, .T. ) ;
#1726 = ADVANCED_FACE ( 'NONE', ( #6363, #3192 ), #4209, .T. ) ;
#1727 = FILL_AREA_STYLE ('',( #4653 ) ) ;
#1728 = EDGE_LOOP ( 'NONE', ( #9222 ) ) ;
#1729 = TOROIDAL_SURFACE ( 'NONE', #4307, 0.05000000000000003053, 0.02500000000000002914 ) ;
#1730 = EDGE_LOOP ( 'NONE', ( #9486 ) ) ;
#1731 =( NAMED_UNIT ( * ) SI_UNIT ( $, .STERADIAN. ) SOLID_ANGLE_UNIT ( ) );
#1732 = DIRECTION ( 'NONE',  ( -0.9956342260592881965, -0.000000000000000000, -0.09334070869305820251 ) ) ;
#1733 = TOROIDAL_SURFACE ( 'NONE', #1380, 0.05000000000000002359, 0.02500000000000002914 ) ;
#1734 = MECHANICAL_DESIGN_GEOMETRIC_PRESENTATION_REPRESENTATION (  '', ( #5974 ), #1426 ) ;
#1735 = ADVANCED_FACE ( 'NONE', ( #2682, #8873 ), #6349, .T. ) ;
#1736 = EDGE_LOOP ( 'NONE', ( #4687 ) ) ;
#1737 = EDGE_CURVE ( 'NONE', #4580, #5884, #8515, .T. ) ;
#1738 = AXIS2_PLACEMENT_3D ( 'NONE', #6141, #9858, #1586 ) ;
#1739 = CARTESIAN_POINT ( 'NONE',  ( 0.09400000000000005573, -0.2250000000000000611, 0.4299999999999999378 ) ) ;
#1740 = EDGE_LOOP ( 'NONE', ( #7297 ) ) ;
#1741 = AXIS2_PLACEMENT_3D ( 'NONE', #2458, #2360, #7671 ) ;
#1742 = DIRECTION ( 'NONE',  ( 0.9912875121006776702, 0.09334070869305804985, 0.09293320425943860097 ) ) ;
#1743 = CARTESIAN_POINT ( 'NONE',  ( 1.000000000000000444, -0.7299999999999999822, 0.1999999999999999001 ) ) ;
#1744 = CARTESIAN_POINT ( 'NONE',  ( 1.000000000000000000, -0.7299999999999999822, -0.5999999999999999778 ) ) ;
#1745 = CARTESIAN_POINT ( 'NONE',  ( -0.3250000000000000111, -0.2750000000000000777, 0.4799999999999999822 ) ) ;
#1746 = ORIENTED_EDGE ( 'NONE', *, *, #9506, .T. ) ;
#1747 = VERTEX_POINT ( 'NONE', #8061 ) ;
#1748 = LINE ( 'NONE', #989, #4452 ) ;
#1749 = VERTEX_POINT ( 'NONE', #6450 ) ;
#1750 = PRESENTATION_LAYER_ASSIGNMENT (  '', '', ( #5673 ) ) ;
#1751 = FILL_AREA_STYLE_COLOUR ( '', #4283 ) ;
#1752 = COLOUR_RGB ( '',1.000000000000000000, 1.000000000000000000, 1.000000000000000000 ) ;
#1753 = EDGE_LOOP ( 'NONE', ( #1643, #7609, #205, #2356 ) ) ;
#1754 = PRESENTATION_STYLE_ASSIGNMENT (( #5789 ) ) ;
#1755 = CARTESIAN_POINT ( 'NONE',  ( -0.07333296456534700580, -0.5949999999999997513, 0.4302182886970356002 ) ) ;
#1756 = COLOUR_RGB ( '',1.000000000000000000, 1.000000000000000000, 1.000000000000000000 ) ;
#1757 = UNCERTAINTY_MEASURE_WITH_UNIT (LENGTH_MEASURE( 1.000000000000000082E-05 ), #7099, 'distance_accuracy_value', 'NONE');
#1758 = VERTEX_POINT ( 'NONE', #5836 ) ;
#1759 = COLOUR_RGB ( '',0.2509803921568627416, 0.2509803921568627416, 0.2509803921568627416 ) ;
#1760 = SURFACE_STYLE_FILL_AREA ( #206 ) ;
#1761 = EDGE_LOOP ( 'NONE', ( #8901, #4424, #9084, #3783 ) ) ;
#1762 = COLOUR_RGB ( '',1.000000000000000000, 0.7529411764705882248, 0.7529411764705882248 ) ;
#1763 = FILL_AREA_STYLE ('',( #9162 ) ) ;
#1764 = EDGE_LOOP ( 'NONE', ( #5999 ) ) ;
#1765 = CARTESIAN_POINT ( 'NONE',  ( 0.01200000000000008872, -0.2250000000000000611, -0.4299999999999999933 ) ) ;
#1766 = EDGE_CURVE ( 'NONE', #228, #1908, #5114, .T. ) ;
#1767 = VERTEX_POINT ( 'NONE', #1028 ) ;
#1768 = SURFACE_SIDE_STYLE ('',( #904 ) ) ;
#1769 = CYLINDRICAL_SURFACE ( 'NONE', #8200, 0.02499999999999995628 ) ;
#1770 =( GEOMETRIC_REPRESENTATION_CONTEXT ( 3 ) GLOBAL_UNCERTAINTY_ASSIGNED_CONTEXT ( ( #2671 ) ) GLOBAL_UNIT_ASSIGNED_CONTEXT ( ( #7090, #4019, #3306 ) ) REPRESENTATION_CONTEXT ( 'NONE', 'WORKASPACE' ) );
#1771 =( LENGTH_UNIT ( ) NAMED_UNIT ( * ) SI_UNIT ( .MILLI., .METRE. ) );
#1772 = COLOUR_RGB ( '',1.000000000000000000, 0.7529411764705882248, 0.7529411764705882248 ) ;
#1773 = FILL_AREA_STYLE ('',( #7049 ) ) ;
#1774 = SURFACE_SIDE_STYLE ('',( #3999 ) ) ;
#1775 =( NAMED_UNIT ( * ) SI_UNIT ( $, .STERADIAN. ) SOLID_ANGLE_UNIT ( ) );
#1776 = CIRCLE ( 'NONE', #319, 0.02500000000000003608 ) ;
#1777 = PLANE ( 'NONE',  #5907 ) ;
#1778 = AXIS2_PLACEMENT_3D ( 'NONE', #1784, #2477, #7002 ) ;
#1779 = DIRECTION ( 'NONE',  ( 0.000000000000000000, -1.000000000000000000, 0.000000000000000000 ) ) ;
#1780 = SURFACE_STYLE_USAGE ( .BOTH. , #8601 ) ;
#1781 = CARTESIAN_POINT ( 'NONE',  ( -0.2646670354346539189, -0.6449999999999997957, -0.4302182886970357112 ) ) ;
#1782 = VERTEX_POINT ( 'NONE', #4767 ) ;
#1783 = SURFACE_SIDE_STYLE ('',( #9027 ) ) ;
#1784 = CARTESIAN_POINT ( 'NONE',  ( 0.4350000000000000533, -0.6499999999999999112, -0.3499999999999999778 ) ) ;
#1785 = UNCERTAINTY_MEASURE_WITH_UNIT (LENGTH_MEASURE( 1.000000000000000082E-05 ), #5402, 'distance_accuracy_value', 'NONE');
#1786 = MECHANICAL_DESIGN_GEOMETRIC_PRESENTATION_REPRESENTATION (  '', ( #3284 ), #2912 ) ;
#1787 = SURFACE_STYLE_FILL_AREA ( #5503 ) ;
#1788 = ORIENTED_EDGE ( 'NONE', *, *, #3668, .T. ) ;
#1789 = FACE_OUTER_BOUND ( 'NONE', #9735, .T. ) ;
#1790 =( LENGTH_UNIT ( ) NAMED_UNIT ( * ) SI_UNIT ( .MILLI., .METRE. ) );
#1791 = AXIS2_PLACEMENT_3D ( 'NONE', #2627, #1136, #6425 ) ;
#1792 =( LENGTH_UNIT ( ) NAMED_UNIT ( * ) SI_UNIT ( .MILLI., .METRE. ) );
#1793 = DIRECTION ( 'NONE',  ( -1.000000000000000000, 0.000000000000000000, 0.000000000000000000 ) ) ;
#1794 = EDGE_LOOP ( 'NONE', ( #9445 ) ) ;
#1795 = UNCERTAINTY_MEASURE_WITH_UNIT (LENGTH_MEASURE( 1.000000000000000082E-05 ), #7328, 'distance_accuracy_value', 'NONE');
#1796 = FACE_OUTER_BOUND ( 'NONE', #3558, .T. ) ;
#1797 = EDGE_LOOP ( 'NONE', ( #378 ) ) ;
#1798 = AXIS2_PLACEMENT_3D ( 'NONE', #4896, #3504, #4211 ) ;
#1799 = PRESENTATION_STYLE_ASSIGNMENT (( #7471 ) ) ;
#1800 = ORIENTED_EDGE ( 'NONE', *, *, #5226, .F. ) ;
#1801 = EDGE_CURVE ( 'NONE', #7809, #7809, #7568, .T. ) ;
#1802 =( NAMED_UNIT ( * ) PLANE_ANGLE_UNIT ( ) SI_UNIT ( $, .RADIAN. ) );
#1803 = AXIS2_PLACEMENT_3D ( 'NONE', #3051, #2334, #4487 ) ;
#1804 =( NAMED_UNIT ( * ) PLANE_ANGLE_UNIT ( ) SI_UNIT ( $, .RADIAN. ) );
#1805 = EDGE_LOOP ( 'NONE', ( #6589 ) ) ;
#1806 =( NAMED_UNIT ( * ) SI_UNIT ( $, .STERADIAN. ) SOLID_ANGLE_UNIT ( ) );
#1807 =( NAMED_UNIT ( * ) SI_UNIT ( $, .STERADIAN. ) SOLID_ANGLE_UNIT ( ) );
#1808 = AXIS2_PLACEMENT_3D ( 'NONE', #7207, #5758, #506 ) ;
#1809 = FILL_AREA_STYLE_COLOUR ( '', #6299 ) ;
#1810 = COLOUR_RGB ( '',0.2509803921568627416, 0.2509803921568627416, 0.2509803921568627416 ) ;
#1811 = SURFACE_SIDE_STYLE ('',( #9704 ) ) ;
#1812 = DIRECTION ( 'NONE',  ( 1.000000000000000000, 0.000000000000000000, 0.000000000000000000 ) ) ;
#1813 = PRESENTATION_STYLE_ASSIGNMENT (( #9180 ) ) ;
#1814 = FILL_AREA_STYLE_COLOUR ( '', #5191 ) ;
#1815 =( LENGTH_UNIT ( ) NAMED_UNIT ( * ) SI_UNIT ( .MILLI., .METRE. ) );
#1816 = MECHANICAL_DESIGN_GEOMETRIC_PRESENTATION_REPRESENTATION (  '', ( #274 ), #1871 ) ;
#1817 = FILL_AREA_STYLE ('',( #1884 ) ) ;
#1818 = CARTESIAN_POINT ( 'NONE',  ( -0.01343562439496598024, -0.2296466602129719481, -0.3799999999999999489 ) ) ;
#1819 = PRESENTATION_LAYER_ASSIGNMENT (  '', '', ( #2328 ) ) ;
#1820 = CIRCLE ( 'NONE', #85, 0.02499999999999995628 ) ;
#1821 = MECHANICAL_DESIGN_GEOMETRIC_PRESENTATION_REPRESENTATION (  '', ( #280 ), #7896 ) ;
#1822 = UNCERTAINTY_MEASURE_WITH_UNIT (LENGTH_MEASURE( 1.000000000000000082E-05 ), #2209, 'distance_accuracy_value', 'NONE');
#1823 = UNCERTAINTY_MEASURE_WITH_UNIT (LENGTH_MEASURE( 1.000000000000000082E-05 ), #7560, 'distance_accuracy_value', 'NONE');
#1824 = AXIS2_PLACEMENT_3D ( 'NONE', #1402, #6985, #2970 ) ;
#1825 = EDGE_LOOP ( 'NONE', ( #4311 ) ) ;
#1826 = SURFACE_STYLE_USAGE ( .BOTH. , #6322 ) ;
#1827 = ORIENTED_EDGE ( 'NONE', *, *, #7797, .F. ) ;
#1828 = FILL_AREA_STYLE ('',( #310 ) ) ;
#1829 = COLOUR_RGB ( '',1.000000000000000000, 0.7529411764705882248, 0.7529411764705882248 ) ;
#1830 = FACE_OUTER_BOUND ( 'NONE', #7334, .T. ) ;
#1831 = SURFACE_SIDE_STYLE ('',( #8912 ) ) ;
#1832 = PRESENTATION_LAYER_ASSIGNMENT (  '', '', ( #6196 ) ) ;
#1833 = ORIENTED_EDGE ( 'NONE', *, *, #4169, .T. ) ;
#1834 = CIRCLE ( 'NONE', #6131, 0.02500000000000002914 ) ;
#1835 = CIRCLE ( 'NONE', #9482, 0.02499999999999995628 ) ;
#1836 = DIRECTION ( 'NONE',  ( -0.09334070869305721718, 0.000000000000000000, 0.9956342260592883076 ) ) ;
#1837 = DIRECTION ( 'NONE',  ( -1.000000000000000000, 0.000000000000000000, -0.000000000000000000 ) ) ;
#1838 = PRESENTATION_STYLE_ASSIGNMENT (( #409 ) ) ;
#1839 = MECHANICAL_DESIGN_GEOMETRIC_PRESENTATION_REPRESENTATION (  '', ( #8489 ), #4400 ) ;
#1840 = SURFACE_STYLE_USAGE ( .BOTH. , #1053 ) ;
#1841 = ADVANCED_FACE ( 'NONE', ( #4331 ), #2217, .T. ) ;
#1842 = DIRECTION ( 'NONE',  ( 0.000000000000000000, 1.000000000000000000, 0.000000000000000000 ) ) ;
#1843 = EDGE_LOOP ( 'NONE', ( #9105 ) ) ;
#1844 = FILL_AREA_STYLE_COLOUR ( '', #7067 ) ;
#1845 = EDGE_CURVE ( 'NONE', #548, #548, #7559, .T. ) ;
#1846 = PLANE ( 'NONE',  #630 ) ;
#1847 = FACE_OUTER_BOUND ( 'NONE', #5761, .T. ) ;
#1848 = MECHANICAL_DESIGN_GEOMETRIC_PRESENTATION_REPRESENTATION (  '', ( #5510 ), #3843 ) ;
#1849 = CARTESIAN_POINT ( 'NONE',  ( 0.3450000000000001399, -0.2750000000000000222, -0.4799999999999999822 ) ) ;
#1850 = MECHANICAL_DESIGN_GEOMETRIC_PRESENTATION_REPRESENTATION (  '', ( #3045 ), #4847 ) ;
#1851 = SURFACE_STYLE_USAGE ( .BOTH. , #242 ) ;
#1852 = FACE_OUTER_BOUND ( 'NONE', #2058, .T. ) ;
#1853 = CARTESIAN_POINT ( 'NONE',  ( 1.000000000000000000, -0.6096446609406724892, 0.1561942390473891606 ) ) ;
#1854 = CARTESIAN_POINT ( 'NONE',  ( -0.4099999999999999756, -0.6499999999999999112, 0.3499999999999999223 ) ) ;
#1855 = ORIENTED_EDGE ( 'NONE', *, *, #4412, .T. ) ;
#1856 = LINE ( 'NONE', #8045, #3950 ) ;
#1857 = UNCERTAINTY_MEASURE_WITH_UNIT (LENGTH_MEASURE( 1.000000000000000082E-05 ), #9513, 'distance_accuracy_value', 'NONE');
#1858 =( NAMED_UNIT ( * ) PLANE_ANGLE_UNIT ( ) SI_UNIT ( $, .RADIAN. ) );
#1859 = VERTEX_POINT ( 'NONE', #5835 ) ;
#1860 = MECHANICAL_DESIGN_GEOMETRIC_PRESENTATION_REPRESENTATION (  '', ( #6171 ), #5903 ) ;
#1861 = AXIS2_PLACEMENT_3D ( 'NONE', #2997, #4501, #6041 ) ;
#1862 = ORIENTED_EDGE ( 'NONE', *, *, #1394, .T. ) ;
#1863 = CIRCLE ( 'NONE', #9342, 0.02500000000000003608 ) ;
#1864 = PRESENTATION_LAYER_ASSIGNMENT (  '', '', ( #2998 ) ) ;
#1865 = AXIS2_PLACEMENT_3D ( 'NONE', #2677, #1132, #4956 ) ;
#1866 = VERTEX_POINT ( 'NONE', #7475 ) ;
#1867 = SURFACE_STYLE_FILL_AREA ( #8056 ) ;
#1868 = PLANE ( 'NONE',  #7045 ) ;
#1869 = ORIENTED_EDGE ( 'NONE', *, *, #4983, .T. ) ;
#1870 = CYLINDRICAL_SURFACE ( 'NONE', #9726, 0.02499999999999995628 ) ;
#1871 =( GEOMETRIC_REPRESENTATION_CONTEXT ( 3 ) GLOBAL_UNCERTAINTY_ASSIGNED_CONTEXT ( ( #6335 ) ) GLOBAL_UNIT_ASSIGNED_CONTEXT ( ( #9842, #1574, #49 ) ) REPRESENTATION_CONTEXT ( 'NONE', 'WORKASPACE' ) );
#1872 = CARTESIAN_POINT ( 'NONE',  ( 1.000000000000000000, -0.7299999999999999822, 0.1999999999999999278 ) ) ;
#1873 = PRESENTATION_STYLE_ASSIGNMENT (( #8072 ) ) ;
#1874 = UNCERTAINTY_MEASURE_WITH_UNIT (LENGTH_MEASURE( 1.000000000000000082E-05 ), #7150, 'distance_accuracy_value', 'NONE');
#1875 = PRESENTATION_LAYER_ASSIGNMENT (  '', '', ( #7598 ) ) ;
#1876 = ORIENTED_EDGE ( 'NONE', *, *, #8208, .T. ) ;
#1877 =( LENGTH_UNIT ( ) NAMED_UNIT ( * ) SI_UNIT ( .MILLI., .METRE. ) );
#1878 = CARTESIAN_POINT ( 'NONE',  ( 0.09400000000000005573, -0.2250000000000000611, 0.3799999999999999489 ) ) ;
#1879 = VERTEX_POINT ( 'NONE', #2119 ) ;
#1880 = SURFACE_SIDE_STYLE ('',( #8291 ) ) ;
#1881 = CARTESIAN_POINT ( 'NONE',  ( -0.5499999999999999334, -0.9000000000000000222, 0.6000000000000000888 ) ) ;
#1882 = EDGE_LOOP ( 'NONE', ( #1964 ) ) ;
#1883 = STYLED_ITEM ( 'NONE', ( #5049 ), #5980 ) ;
#1884 = FILL_AREA_STYLE_COLOUR ( '', #3780 ) ;
#1885 = CARTESIAN_POINT ( 'NONE',  ( -0.1854356243949659699, -0.2750000000000000222, -0.4753533397870280952 ) ) ;
#1886 = VECTOR ( 'NONE', #9131, 1000.000000000000000 ) ;
#1887 = EDGE_LOOP ( 'NONE', ( #4744 ) ) ;
#1888 = UNCERTAINTY_MEASURE_WITH_UNIT (LENGTH_MEASURE( 1.000000000000000082E-05 ), #5663, 'distance_accuracy_value', 'NONE');
#1889 = VERTEX_POINT ( 'NONE', #1979 ) ;
#1890 = SURFACE_STYLE_USAGE ( .BOTH. , #1103 ) ;
#1891 = CARTESIAN_POINT ( 'NONE',  ( -0.5099632742307174116, -0.6199999999999998845, 0.5999999999999999778 ) ) ;
#1892 = AXIS2_PLACEMENT_3D ( 'NONE', #2250, #4524, #9063 ) ;
#1893 = FILL_AREA_STYLE ('',( #1105 ) ) ;
#1894 = PRESENTATION_LAYER_ASSIGNMENT (  '', '', ( #8244 ) ) ;
#1895 = DIRECTION ( 'NONE',  ( -1.000000000000000000, -0.000000000000000000, -0.000000000000000000 ) ) ;
#1896 = ORIENTED_EDGE ( 'NONE', *, *, #7355, .T. ) ;
#1897 = FILL_AREA_STYLE_COLOUR ( '', #5418 ) ;
#1898 = CIRCLE ( 'NONE', #8564, 0.02500000000000002914 ) ;
#1899 = SURFACE_STYLE_FILL_AREA ( #437 ) ;
#1900 = FILL_AREA_STYLE ('',( #230 ) ) ;
#1901 = ADVANCED_FACE ( 'NONE', ( #4069, #2556 ), #6223, .T. ) ;
#1902 = PRESENTATION_STYLE_ASSIGNMENT (( #1658 ) ) ;
#1903 = PRESENTATION_LAYER_ASSIGNMENT (  '', '', ( #1317 ) ) ;
#1904 = ORIENTED_EDGE ( 'NONE', *, *, #3702, .F. ) ;
#1905 = CIRCLE ( 'NONE', #886, 0.02499999999999995628 ) ;
#1907 = SURFACE_STYLE_USAGE ( .BOTH. , #4871 ) ;
#1906 = PRESENTATION_STYLE_ASSIGNMENT (( #7368 ) ) ;
#1908 = VERTEX_POINT ( 'NONE', #2846 ) ;
#1909 = DIRECTION ( 'NONE',  ( 0.000000000000000000, 1.000000000000000000, 0.000000000000000000 ) ) ;
#1910 = SURFACE_STYLE_USAGE ( .BOTH. , #7116 ) ;
#1911 = PLANE ( 'NONE',  #671 ) ;
#1912 = FILL_AREA_STYLE_COLOUR ( '', #5224 ) ;
#1913 = VECTOR ( 'NONE', #8478, 1000.000000000000000 ) ;
#1914 = EDGE_LOOP ( 'NONE', ( #7136, #369, #7232, #5229, #8134, #6218, #6634, #3527 ) ) ;
#1915 =( LENGTH_UNIT ( ) NAMED_UNIT ( * ) SI_UNIT ( .MILLI., .METRE. ) );
#1916 = CARTESIAN_POINT ( 'NONE',  ( 0.4099999999999999756, -0.6499999999999999112, -0.3499999999999999223 ) ) ;
#1917 = FILL_AREA_STYLE ('',( #9494 ) ) ;
#1918 = EDGE_LOOP ( 'NONE', ( #4680 ) ) ;
#1919 = AXIS2_PLACEMENT_3D ( 'NONE', #2010, #7285, #8830 ) ;
#1920 = UNCERTAINTY_MEASURE_WITH_UNIT (LENGTH_MEASURE( 1.000000000000000082E-05 ), #4158, 'distance_accuracy_value', 'NONE');
#1921 = FILL_AREA_STYLE ('',( #6292 ) ) ;
#1922 =( GEOMETRIC_REPRESENTATION_CONTEXT ( 3 ) GLOBAL_UNCERTAINTY_ASSIGNED_CONTEXT ( ( #2761 ) ) GLOBAL_UNIT_ASSIGNED_CONTEXT ( ( #3834, #2996, #6906 ) ) REPRESENTATION_CONTEXT ( 'NONE', 'WORKASPACE' ) );
#1923 = CARTESIAN_POINT ( 'NONE',  ( -0.1489999999999999103, -0.2750000000000000222, -0.4799999999999999822 ) ) ;
#1924 =( LENGTH_UNIT ( ) NAMED_UNIT ( * ) SI_UNIT ( .MILLI., .METRE. ) );
#1925 = PRESENTATION_STYLE_ASSIGNMENT (( #5967 ) ) ;
#1926 = DIRECTION ( 'NONE',  ( -1.000000000000000000, 0.000000000000000000, 0.000000000000000000 ) ) ;
#1927 = ADVANCED_FACE ( 'NONE', ( #5021, #9439 ), #4882, .T. ) ;
#1928 = EDGE_LOOP ( 'NONE', ( #879 ) ) ;
#1929 = PRESENTATION_STYLE_ASSIGNMENT (( #9086 ) ) ;
#1930 = AXIS2_PLACEMENT_3D ( 'NONE', #7457, #639, #673 ) ;
#1931 = DIRECTION ( 'NONE',  ( 1.431740629775232775E-15, 0.7578075450417297576, 0.6524781411494386951 ) ) ;
#1932 = EDGE_CURVE ( 'NONE', #8715, #8631, #6219, .T. ) ;
#1933 = PRESENTATION_LAYER_ASSIGNMENT (  '', '', ( #6115 ) ) ;
#1934 = DIRECTION ( 'NONE',  ( 0.000000000000000000, 0.000000000000000000, 1.000000000000000000 ) ) ;
#1935 =( GEOMETRIC_REPRESENTATION_CONTEXT ( 3 ) GLOBAL_UNCERTAINTY_ASSIGNED_CONTEXT ( ( #3912 ) ) GLOBAL_UNIT_ASSIGNED_CONTEXT ( ( #7079, #1804, #5492 ) ) REPRESENTATION_CONTEXT ( 'NONE', 'WORKASPACE' ) );
#1936 = PLANE ( 'NONE',  #74 ) ;
#1937 = MECHANICAL_DESIGN_GEOMETRIC_PRESENTATION_REPRESENTATION (  '', ( #3591 ), #6686 ) ;
#1938 = CARTESIAN_POINT ( 'NONE',  ( 0.2550000000000001155, -0.2750000000000000777, 0.4799999999999999822 ) ) ;
#1939 = FACE_OUTER_BOUND ( 'NONE', #3656, .T. ) ;
#1940 = SURFACE_SIDE_STYLE ('',( #208 ) ) ;
#1941 = UNCERTAINTY_MEASURE_WITH_UNIT (LENGTH_MEASURE( 1.000000000000000082E-05 ), #3830, 'distance_accuracy_value', 'NONE');
#1942 = CARTESIAN_POINT ( 'NONE',  ( -1.000000000000000000, -0.2103553390593273786, -0.5999999999999998668 ) ) ;
#1943 =( GEOMETRIC_REPRESENTATION_CONTEXT ( 3 ) GLOBAL_UNCERTAINTY_ASSIGNED_CONTEXT ( ( #4999 ) ) GLOBAL_UNIT_ASSIGNED_CONTEXT ( ( #6818, #5245, #742 ) ) REPRESENTATION_CONTEXT ( 'NONE', 'WORKASPACE' ) );
#1944 = ORIENTED_EDGE ( 'NONE', *, *, #6531, .T. ) ;
#1945 = CARTESIAN_POINT ( 'NONE',  ( 0.1475643756050340483, -0.2750000000000000222, -0.4753533397870280397 ) ) ;
#1946 =( NAMED_UNIT ( * ) PLANE_ANGLE_UNIT ( ) SI_UNIT ( $, .RADIAN. ) );
#1947 = MECHANICAL_DESIGN_GEOMETRIC_PRESENTATION_REPRESENTATION (  '', ( #1095 ), #5483 ) ;
#1948 =( LENGTH_UNIT ( ) NAMED_UNIT ( * ) SI_UNIT ( .MILLI., .METRE. ) );
#1949 = FACE_OUTER_BOUND ( 'NONE', #1308, .T. ) ;
#1950 =( NAMED_UNIT ( * ) PLANE_ANGLE_UNIT ( ) SI_UNIT ( $, .RADIAN. ) );
#1951 = AXIS2_PLACEMENT_3D ( 'NONE', #7325, #2814, #2014 ) ;
#1952 =( GEOMETRIC_REPRESENTATION_CONTEXT ( 3 ) GLOBAL_UNCERTAINTY_ASSIGNED_CONTEXT ( ( #3590 ) ) GLOBAL_UNIT_ASSIGNED_CONTEXT ( ( #8067, #9566, #469 ) ) REPRESENTATION_CONTEXT ( 'NONE', 'WORKASPACE' ) );
#1953 = COLOUR_RGB ( '',1.000000000000000000, 0.7529411764705882248, 0.7529411764705882248 ) ;
#1954 = CIRCLE ( 'NONE', #9661, 0.02500000000000003955 ) ;
#1955 = DIRECTION ( 'NONE',  ( 1.000000000000000000, -0.000000000000000000, 1.204669080539449097E-16 ) ) ;
#1956 = FILL_AREA_STYLE ('',( #2710 ) ) ;
#1957 = FILL_AREA_STYLE ('',( #5781 ) ) ;
#1958 = DIRECTION ( 'NONE',  ( -1.000000000000000000, -0.000000000000000000, -0.000000000000000000 ) ) ;
#1959 = EDGE_LOOP ( 'NONE', ( #2545 ) ) ;
#1960 = DIRECTION ( 'NONE',  ( 0.09334070869305820251, 0.000000000000000000, -0.9956342260592881965 ) ) ;
#1961 = SURFACE_STYLE_FILL_AREA ( #3501 ) ;
#1962 = PRESENTATION_STYLE_ASSIGNMENT (( #3855 ) ) ;
#1963 =( LENGTH_UNIT ( ) NAMED_UNIT ( * ) SI_UNIT ( .MILLI., .METRE. ) );
#1964 = ORIENTED_EDGE ( 'NONE', *, *, #4753, .T. ) ;
#1965 = CARTESIAN_POINT ( 'NONE',  ( 0.5099632742307173006, 0.000000000000000000, 0.5999999999999999778 ) ) ;
#1966 = AXIS2_PLACEMENT_3D ( 'NONE', #215, #9334, #6237 ) ;
#1967 = ORIENTED_EDGE ( 'NONE', *, *, #5795, .T. ) ;
#1968 = SURFACE_SIDE_STYLE ('',( #795 ) ) ;
#1969 = ORIENTED_EDGE ( 'NONE', *, *, #4248, .F. ) ;
#1970 = EDGE_CURVE ( 'NONE', #4233, #8715, #52, .T. ) ;
#1971 = DIRECTION ( 'NONE',  ( -0.2801944331475866301, -0.3437174971695491354, 0.8962975854997065062 ) ) ;
#1972 = LINE ( 'NONE', #8077, #3712 ) ;
#1973 = ADVANCED_FACE ( 'NONE', ( #8482 ), #9008, .F. ) ;
#1974 =( BOUNDED_CURVE ( )  B_SPLINE_CURVE ( 3, ( #2302, #3298, #3243, #229 ),
 .UNSPECIFIED., .F., .T. ) 
 B_SPLINE_CURVE_WITH_KNOTS ( ( 4, 4 ),
 ( 0.000000000000000000, 1.570796326794896558 ),
 .UNSPECIFIED. ) 
 CURVE ( )  GEOMETRIC_REPRESENTATION_ITEM ( )  RATIONAL_B_SPLINE_CURVE ( ( 1.000000000000000000, 0.8047378541243649375, 0.8047378541243649375, 1.000000000000000000 ) ) 
 REPRESENTATION_ITEM ( '' )  );
#1975 = MECHANICAL_DESIGN_GEOMETRIC_PRESENTATION_REPRESENTATION (  '', ( #425 ), #809 ) ;
#1976 = CARTESIAN_POINT ( 'NONE',  ( -0.4499186700131528327, -0.6018290529695972113, -0.4322775389880334496 ) ) ;
#1977 = DIRECTION ( 'NONE',  ( -0.000000000000000000, -0.000000000000000000, 1.000000000000000000 ) ) ;
#1978 = SURFACE_STYLE_FILL_AREA ( #9129 ) ;
#1979 = CARTESIAN_POINT ( 'NONE',  ( -0.05299999999999989442, -0.2750000000000000777, 0.4799999999999999822 ) ) ;
#1980 = STYLED_ITEM ( 'NONE', ( #572 ), #6640 ) ;
#1981 = DIRECTION ( 'NONE',  ( 0.5000000000000014433, 0.000000000000000000, 0.8660254037844378194 ) ) ;
#1982 = CARTESIAN_POINT ( 'NONE',  ( 1.000000000000000000, -0.9000000000000000222, 0.5999999999999999778 ) ) ;
#1983 = SURFACE_STYLE_USAGE ( .BOTH. , #1313 ) ;
#1984 = ORIENTED_EDGE ( 'NONE', *, *, #8785, .F. ) ;
#1985 = COLOUR_RGB ( '',1.000000000000000000, 0.7529411764705882248, 0.7529411764705882248 ) ;
#1986 = SURFACE_STYLE_USAGE ( .BOTH. , #6497 ) ;
#1987 =( NAMED_UNIT ( * ) SI_UNIT ( $, .STERADIAN. ) SOLID_ANGLE_UNIT ( ) );
#1988 = DIRECTION ( 'NONE',  ( 1.000000000000000000, 0.000000000000000000, 0.000000000000000000 ) ) ;
#1989 =( NAMED_UNIT ( * ) SI_UNIT ( $, .STERADIAN. ) SOLID_ANGLE_UNIT ( ) );
#1990 = DIRECTION ( 'NONE',  ( -1.000000000000000000, 0.000000000000000000, -0.000000000000000000 ) ) ;
#1991 = PLANE ( 'NONE',  #2463 ) ;
#1992 = PRESENTATION_LAYER_ASSIGNMENT (  '', '', ( #559 ) ) ;
#1993 = ORIENTED_EDGE ( 'NONE', *, *, #5947, .F. ) ;
#1994 = FILL_AREA_STYLE_COLOUR ( '', #8109 ) ;
#1995 = EDGE_CURVE ( 'NONE', #4582, #4582, #882, .T. ) ;
#1996 = PRESENTATION_STYLE_ASSIGNMENT (( #9313 ) ) ;
#1997 =( NAMED_UNIT ( * ) SI_UNIT ( $, .STERADIAN. ) SOLID_ANGLE_UNIT ( ) );
#1998 = STYLED_ITEM ( 'NONE', ( #2104 ), #7424 ) ;
#1999 = STYLED_ITEM ( 'NONE', ( #9229 ), #5496 ) ;
#2000 = DIRECTION ( 'NONE',  ( -0.000000000000000000, 0.000000000000000000, 1.000000000000000000 ) ) ;
#2001 = UNCERTAINTY_MEASURE_WITH_UNIT (LENGTH_MEASURE( 1.000000000000000082E-05 ), #4066, 'distance_accuracy_value', 'NONE');
#2002 = DIRECTION ( 'NONE',  ( 0.9825750242013555624, 0.000000000000000000, 0.1858664085188750648 ) ) ;
#2003 = VERTEX_POINT ( 'NONE', #4988 ) ;
#2004 = DIRECTION ( 'NONE',  ( 0.9825750242013555624, 0.000000000000000000, 0.1858664085188750648 ) ) ;
#2005 = COLOUR_RGB ( '',1.000000000000000000, 0.7529411764705882248, 0.7529411764705882248 ) ;
#2006 = DIRECTION ( 'NONE',  ( 1.000000000000000000, 0.000000000000000000, -0.000000000000000000 ) ) ;
#2007 =( GEOMETRIC_REPRESENTATION_CONTEXT ( 3 ) GLOBAL_UNCERTAINTY_ASSIGNED_CONTEXT ( ( #2830 ) ) GLOBAL_UNIT_ASSIGNED_CONTEXT ( ( #6207, #2502, #5566 ) ) REPRESENTATION_CONTEXT ( 'NONE', 'WORKASPACE' ) );
#2008 =( NAMED_UNIT ( * ) SI_UNIT ( $, .STERADIAN. ) SOLID_ANGLE_UNIT ( ) );
#2009 = AXIS2_PLACEMENT_3D ( 'NONE', #7106, #6983, #2572 ) ;
#2010 = CARTESIAN_POINT ( 'NONE',  ( 0.5699999999999997291, -0.8800000000000001155, 0.3999999999999998002 ) ) ;
#2011 = FACE_OUTER_BOUND ( 'NONE', #6402, .T. ) ;
#2012 =( NAMED_UNIT ( * ) PLANE_ANGLE_UNIT ( ) SI_UNIT ( $, .RADIAN. ) );
#2013 = AXIS2_PLACEMENT_3D ( 'NONE', #5303, #4505, #2287 ) ;
#2014 = DIRECTION ( 'NONE',  ( 0.9415733437033664277, 0.2801944331475882399, 0.1868976138434197964 ) ) ;
#2015 = AXIS2_PLACEMENT_3D ( 'NONE', #7816, #3782, #7070 ) ;
#2016 = ADVANCED_FACE ( 'NONE', ( #2452, #2658 ), #5511, .T. ) ;
#2017 = VERTEX_POINT ( 'NONE', #6422 ) ;
#2018 = CIRCLE ( 'NONE', #7140, 0.02500000000000002220 ) ;
#2019 = SURFACE_STYLE_USAGE ( .BOTH. , #2647 ) ;
#2020 = EDGE_LOOP ( 'NONE', ( #3000, #8846, #6027, #9561, #2633 ) ) ;
#2021 = CARTESIAN_POINT ( 'NONE',  ( -0.1639999999999998959, -0.2250000000000000611, 0.4299999999999999378 ) ) ;
#2022 = DIRECTION ( 'NONE',  ( 0.000000000000000000, -1.000000000000000000, 0.000000000000000000 ) ) ;
#2023 = PRESENTATION_STYLE_ASSIGNMENT (( #4486 ) ) ;
#2024 = ORIENTED_EDGE ( 'NONE', *, *, #1588, .F. ) ;
#2025 = FACE_OUTER_BOUND ( 'NONE', #8166, .T. ) ;
#2026 = DIRECTION ( 'NONE',  ( 1.000000000000000000, 0.000000000000000000, 0.000000000000000000 ) ) ;
#2027 = VERTEX_POINT ( 'NONE', #2504 ) ;
#2028 =( NAMED_UNIT ( * ) SI_UNIT ( $, .STERADIAN. ) SOLID_ANGLE_UNIT ( ) );
#2029 = MECHANICAL_DESIGN_GEOMETRIC_PRESENTATION_REPRESENTATION (  '', ( #4525 ), #104 ) ;
#2030 =( NAMED_UNIT ( * ) SI_UNIT ( $, .STERADIAN. ) SOLID_ANGLE_UNIT ( ) );
#2031 = FILL_AREA_STYLE ('',( #2746 ) ) ;
#2032 = ADVANCED_FACE ( 'NONE', ( #5007 ), #9097, .F. ) ;
#2033 = FILL_AREA_STYLE ('',( #3407 ) ) ;
#2034 = SURFACE_STYLE_FILL_AREA ( #9720 ) ;
#2035 = DIRECTION ( 'NONE',  ( 0.000000000000000000, 0.000000000000000000, 1.000000000000000000 ) ) ;
#2036 = ORIENTED_EDGE ( 'NONE', *, *, #2070, .T. ) ;
#2037 = SURFACE_STYLE_USAGE ( .BOTH. , #6582 ) ;
#2038 = EDGE_CURVE ( 'NONE', #1076, #3711, #185, .T. ) ;
#2039 =( NAMED_UNIT ( * ) SI_UNIT ( $, .STERADIAN. ) SOLID_ANGLE_UNIT ( ) );
#2040 = MECHANICAL_DESIGN_GEOMETRIC_PRESENTATION_REPRESENTATION (  '', ( #4156 ), #2527 ) ;
#2041 = AXIS2_PLACEMENT_3D ( 'NONE', #6553, #3425, #2046 ) ;
#2042 = SURFACE_SIDE_STYLE ('',( #368 ) ) ;
#2043 = COLOUR_RGB ( '',1.000000000000000000, 0.7529411764705882248, 0.7529411764705882248 ) ;
#2044 = SURFACE_SIDE_STYLE ('',( #7589 ) ) ;
#2045 = SURFACE_STYLE_FILL_AREA ( #4606 ) ;
#2046 = DIRECTION ( 'NONE',  ( -1.000000000000000000, 0.000000000000000000, 0.000000000000000000 ) ) ;
#2047 = DIRECTION ( 'NONE',  ( 0.000000000000000000, -1.000000000000000000, 0.000000000000000000 ) ) ;
#2048 =( NAMED_UNIT ( * ) SI_UNIT ( $, .STERADIAN. ) SOLID_ANGLE_UNIT ( ) );
#2049 = CARTESIAN_POINT ( 'NONE',  ( -0.5199999999999999067, -0.6999999999999997335, 0.3750000000000000000 ) ) ;
#2050 = DIRECTION ( 'NONE',  ( 0.000000000000000000, 0.000000000000000000, -1.000000000000000000 ) ) ;
#2051 = DIRECTION ( 'NONE',  ( 0.000000000000000000, 0.000000000000000000, -1.000000000000000000 ) ) ;
#2052 = CARTESIAN_POINT ( 'NONE',  ( -0.01699999999999992489, -0.2250000000000000611, 0.3799999999999999489 ) ) ;
#2053 = SURFACE_STYLE_FILL_AREA ( #4910 ) ;
#2054 = SURFACE_SIDE_STYLE ('',( #7337 ) ) ;
#2055 = FILL_AREA_STYLE_COLOUR ( '', #9496 ) ;
#2056 = AXIS2_PLACEMENT_3D ( 'NONE', #856, #2911, #1408 ) ;
#2057 =( NAMED_UNIT ( * ) SI_UNIT ( $, .STERADIAN. ) SOLID_ANGLE_UNIT ( ) );
#2058 = EDGE_LOOP ( 'NONE', ( #7963, #2969, #3007, #2653 ) ) ;
#2059 = FACE_OUTER_BOUND ( 'NONE', #8162, .T. ) ;
#2060 = MECHANICAL_DESIGN_GEOMETRIC_PRESENTATION_REPRESENTATION (  '', ( #446 ), #7109 ) ;
#2061 = FILL_AREA_STYLE ('',( #6574 ) ) ;
#2062 =( LENGTH_UNIT ( ) NAMED_UNIT ( * ) SI_UNIT ( .MILLI., .METRE. ) );
#2063 = FILL_AREA_STYLE ('',( #1897 ) ) ;
#2064 = ADVANCED_FACE ( 'NONE', ( #8005, #3462 ), #1733, .T. ) ;
#2065 = DIRECTION ( 'NONE',  ( 0.000000000000000000, -0.000000000000000000, -1.000000000000000000 ) ) ;
#2066 = EDGE_LOOP ( 'NONE', ( #3384, #6151, #5603, #6138, #9211, #7557, #2251, #9707, #8622, #7015, #9242, #1164 ) ) ;
#2067 =( GEOMETRIC_REPRESENTATION_CONTEXT ( 3 ) GLOBAL_UNCERTAINTY_ASSIGNED_CONTEXT ( ( #6464 ) ) GLOBAL_UNIT_ASSIGNED_CONTEXT ( ( #2205, #2173, #7489 ) ) REPRESENTATION_CONTEXT ( 'NONE', 'WORKASPACE' ) );
#2068 = DIRECTION ( 'NONE',  ( 1.000000000000000000, 1.972152263052529514E-31, -2.194312022856437318E-15 ) ) ;
#2069 = PRESENTATION_STYLE_ASSIGNMENT (( #4980 ) ) ;
#2070 = EDGE_CURVE ( 'NONE', #2662, #4168, #637, .T. ) ;
#2071 = CYLINDRICAL_SURFACE ( 'NONE', #4870, 0.02500000000000003955 ) ;
#2072 = SURFACE_STYLE_USAGE ( .BOTH. , #1294 ) ;
#2073 = AXIS2_PLACEMENT_3D ( 'NONE', #1151, #7948, #6442 ) ;
#2074 = DIRECTION ( 'NONE',  ( 1.000000000000000000, -0.000000000000000000, -0.000000000000000000 ) ) ;
#2075 = AXIS2_PLACEMENT_3D ( 'NONE', #9611, #5826, #1295 ) ;
#2076 = COLOUR_RGB ( '',0.2509803921568627416, 0.2509803921568627416, 0.2509803921568627416 ) ;
#2077 = VECTOR ( 'NONE', #6862, 1000.000000000000000 ) ;
#2078 = SURFACE_STYLE_USAGE ( .BOTH. , #5827 ) ;
#2079 = PRESENTATION_LAYER_ASSIGNMENT (  '', '', ( #4878 ) ) ;
#2080 = ORIENTED_EDGE ( 'NONE', *, *, #3454, .T. ) ;
#2081 = ADVANCED_FACE ( 'NONE', ( #6438, #7412 ), #6564, .T. ) ;
#2082 =( NAMED_UNIT ( * ) SI_UNIT ( $, .STERADIAN. ) SOLID_ANGLE_UNIT ( ) );
#2083 = FILL_AREA_STYLE ('',( #5866 ) ) ;
#2084 = PRESENTATION_STYLE_ASSIGNMENT (( #7696 ) ) ;
#2085 =( NAMED_UNIT ( * ) PLANE_ANGLE_UNIT ( ) SI_UNIT ( $, .RADIAN. ) );
#2086 = SURFACE_STYLE_USAGE ( .BOTH. , #1061 ) ;
#2087 = COLOUR_RGB ( '',1.000000000000000000, 0.7529411764705882248, 0.7529411764705882248 ) ;
#2088 = CARTESIAN_POINT ( 'NONE',  ( 0.05800000000000017641, -0.5949999999999997513, 0.4799999999999999822 ) ) ;
#2089 = STYLED_ITEM ( 'NONE', ( #2903 ), #1927 ) ;
#2090 = ORIENTED_EDGE ( 'NONE', *, *, #3147, .F. ) ;
#2091 = CARTESIAN_POINT ( 'NONE',  ( -0.9750000000000000888, -0.1999999999999999833, -0.5749999999999998446 ) ) ;
#2092 = PRESENTATION_LAYER_ASSIGNMENT (  '', '', ( #9061 ) ) ;
#2093 = CARTESIAN_POINT ( 'NONE',  ( -0.1889999999999999458, -0.5949999999999997513, 0.4799999999999999822 ) ) ;
#2094 = LINE ( 'NONE', #4038, #4778 ) ;
#2095 = FILL_AREA_STYLE ('',( #5071 ) ) ;
#2096 = CARTESIAN_POINT ( 'NONE',  ( -0.1889999999999998903, -0.5949999999999997513, 0.4799999999999999822 ) ) ;
#2097 = CARTESIAN_POINT ( 'NONE',  ( 0.2293329645653460203, -0.6449999999999997957, -0.4302182886970356557 ) ) ;
#2098 = EDGE_CURVE ( 'NONE', #9352, #3446, #5614, .T. ) ;
#2099 = CARTESIAN_POINT ( 'NONE',  ( 0.9750000000000001998, -0.1999999999999999833, 0.5749999999999999556 ) ) ;
#2100 = MECHANICAL_DESIGN_GEOMETRIC_PRESENTATION_REPRESENTATION (  '', ( #3955 ), #7014 ) ;
#2101 = FILL_AREA_STYLE ('',( #9024 ) ) ;
#2102 = CLOSED_SHELL ( 'NONE', ( #9390, #8465, #8485, #6120, #5496, #3480, #5533, #4080, #4907, #7128, #3938 ) ) ;
#2103 = DIRECTION ( 'NONE',  ( 0.000000000000000000, 0.000000000000000000, 1.000000000000000000 ) ) ;
#2104 = PRESENTATION_STYLE_ASSIGNMENT (( #618 ) ) ;
#2105 = CARTESIAN_POINT ( 'NONE',  ( -0.09899999999999990752, -0.5949999999999998623, -0.4800000000000000377 ) ) ;
#2106 = ORIENTED_EDGE ( 'NONE', *, *, #851, .F. ) ;
#2107 = ADVANCED_FACE ( 'NONE', ( #5859 ), #6137, .T. ) ;
#2108 = AXIS2_PLACEMENT_3D ( 'NONE', #6772, #5932, #6710 ) ;
#2109 = PRESENTATION_STYLE_ASSIGNMENT (( #4113 ) ) ;
#2110 = UNCERTAINTY_MEASURE_WITH_UNIT (LENGTH_MEASURE( 1.000000000000000082E-05 ), #798, 'distance_accuracy_value', 'NONE');
#2111 = PRESENTATION_STYLE_ASSIGNMENT (( #4935 ) ) ;
#2112 = EDGE_LOOP ( 'NONE', ( #2198 ) ) ;
#2113 = CARTESIAN_POINT ( 'NONE',  ( 1.000000000000000000, -0.2249999999999999500, -0.5999999999999999778 ) ) ;
#2114 = STYLED_ITEM ( 'NONE', ( #1033 ), #3819 ) ;
#2115 = FACE_OUTER_BOUND ( 'NONE', #7904, .T. ) ;
#2116 = DIRECTION ( 'NONE',  ( 0.000000000000000000, 0.000000000000000000, -1.000000000000000000 ) ) ;
#2117 = EDGE_LOOP ( 'NONE', ( #2547 ) ) ;
#2118 = CARTESIAN_POINT ( 'NONE',  ( -0.5499999999999999334, -0.7299999999999999822, 0.6000000000000000888 ) ) ;
#2119 = CARTESIAN_POINT ( 'NONE',  ( -0.4099999999999999756, -0.6499999999999999112, -0.4299999999999999933 ) ) ;
#2120 = MECHANICAL_DESIGN_GEOMETRIC_PRESENTATION_REPRESENTATION (  '', ( #5964 ), #5268 ) ;
#2121 =( NAMED_UNIT ( * ) PLANE_ANGLE_UNIT ( ) SI_UNIT ( $, .RADIAN. ) );
#2122 = SURFACE_STYLE_USAGE ( .BOTH. , #2885 ) ;
#2123 = ORIENTED_EDGE ( 'NONE', *, *, #1285, .F. ) ;
#2124 = LINE ( 'NONE', #816, #7905 ) ;
#2125 = FILL_AREA_STYLE ('',( #4404 ) ) ;
#2126 = ORIENTED_EDGE ( 'NONE', *, *, #1123, .F. ) ;
#2127 = VECTOR ( 'NONE', #1684, 1000.000000000000000 ) ;
#2128 = CARTESIAN_POINT ( 'NONE',  ( 0.06833296456534718177, -0.6449999999999997957, -0.4302182886970356002 ) ) ;
#2129 = MECHANICAL_DESIGN_GEOMETRIC_PRESENTATION_REPRESENTATION (  '', ( #7372 ), #9409 ) ;
#2130 = ADVANCED_FACE ( 'NONE', ( #4657, #9317 ), #390, .T. ) ;
#2131 = EDGE_CURVE ( 'NONE', #8527, #8527, #1834, .T. ) ;
#2132 = FILL_AREA_STYLE_COLOUR ( '', #227 ) ;
#2133 = UNCERTAINTY_MEASURE_WITH_UNIT (LENGTH_MEASURE( 1.000000000000000082E-05 ), #3339, 'distance_accuracy_value', 'NONE');
#2134 = MECHANICAL_DESIGN_GEOMETRIC_PRESENTATION_REPRESENTATION (  '', ( #1621 ), #623 ) ;
#2135 = ORIENTED_EDGE ( 'NONE', *, *, #6469, .T. ) ;
#2136 = SURFACE_SIDE_STYLE ('',( #6604 ) ) ;
#2137 = VERTEX_POINT ( 'NONE', #306 ) ;
#2138 = AXIS2_PLACEMENT_3D ( 'NONE', #7638, #94, #8295 ) ;
#2139 = DIRECTION ( 'NONE',  ( 0.09334070869305820251, 0.000000000000000000, -0.9956342260592881965 ) ) ;
#2140 = ORIENTED_EDGE ( 'NONE', *, *, #4214, .T. ) ;
#2141 = SURFACE_STYLE_USAGE ( .BOTH. , #3596 ) ;
#2142 = SURFACE_SIDE_STYLE ('',( #461 ) ) ;
#2143 = DIRECTION ( 'NONE',  ( 0.000000000000000000, 0.000000000000000000, 1.000000000000000000 ) ) ;
#2144 = MECHANICAL_DESIGN_GEOMETRIC_PRESENTATION_REPRESENTATION (  '', ( #9553 ), #3144 ) ;
#2146 = DIRECTION ( 'NONE',  ( 0.9825750242013555624, -0.1858664085188759807, 0.000000000000000000 ) ) ;
#2145 = LINE ( 'NONE', #5814, #6153 ) ;
#2147 = COLOUR_RGB ( '',1.000000000000000000, 0.7529411764705882248, 0.7529411764705882248 ) ;
#2148 = PRESENTATION_LAYER_ASSIGNMENT (  '', '', ( #4321 ) ) ;
#2149 = CARTESIAN_POINT ( 'NONE',  ( 1.000000000000000000, -0.2000000000000000111, 0.5999999999999999778 ) ) ;
#2150 = CARTESIAN_POINT ( 'NONE',  ( 0.3403329645653460633, -0.5949999999999997513, -0.4302182886970357112 ) ) ;
#2151 = CIRCLE ( 'NONE', #3348, 0.02499999999999995628 ) ;
#2152 = AXIS2_PLACEMENT_3D ( 'NONE', #5782, #5714, #9528 ) ;
#2153 = DIRECTION ( 'NONE',  ( -6.195440985631449401E-16, -1.000000000000000000, 9.293161478447174101E-16 ) ) ;
#2154 = DIRECTION ( 'NONE',  ( -0.000000000000000000, -1.000000000000000000, -0.000000000000000000 ) ) ;
#2155 = EDGE_LOOP ( 'NONE', ( #6348 ) ) ;
#2156 = CARTESIAN_POINT ( 'NONE',  ( 0.7750000000000001332, -0.9249999999999999334, -0.4000000000000004663 ) ) ;
#2157 = CARTESIAN_POINT ( 'NONE',  ( -0.4599999999999999645, -0.6018290529695971003, -0.4799999999999999822 ) ) ;
#2158 = DIRECTION ( 'NONE',  ( -1.000000000000000000, 0.000000000000000000, 0.000000000000000000 ) ) ;
#2159 = CARTESIAN_POINT ( 'NONE',  ( -0.07799999999999991662, -0.2250000000000000611, 0.4299999999999999378 ) ) ;
#2160 = ORIENTED_EDGE ( 'NONE', *, *, #9836, .T. ) ;
#2161 = SURFACE_STYLE_USAGE ( .BOTH. , #9731 ) ;
#2162 = CARTESIAN_POINT ( 'NONE',  ( 0.5499999999999999334, -0.7299999999999999822, -0.6000000000000000888 ) ) ;
#2163 = AXIS2_PLACEMENT_3D ( 'NONE', #7284, #5828, #922 ) ;
#2164 = FILL_AREA_STYLE ('',( #3499 ) ) ;
#2165 = FACE_OUTER_BOUND ( 'NONE', #5400, .T. ) ;
#2166 = FACE_OUTER_BOUND ( 'NONE', #4879, .T. ) ;
#2167 = FACE_OUTER_BOUND ( 'NONE', #5748, .T. ) ;
#2168 = SURFACE_SIDE_STYLE ('',( #1961 ) ) ;
#2169 = ORIENTED_EDGE ( 'NONE', *, *, #5977, .F. ) ;
#2170 = CARTESIAN_POINT ( 'NONE',  ( -0.9750000000000000888, -0.6199999999999998845, 0.5999999999999999778 ) ) ;
#2171 = UNCERTAINTY_MEASURE_WITH_UNIT (LENGTH_MEASURE( 1.000000000000000082E-05 ), #7854, 'distance_accuracy_value', 'NONE');
#2172 = COLOUR_RGB ( '',0.2509803921568627416, 0.2509803921568627416, 0.2509803921568627416 ) ;
#2173 =( NAMED_UNIT ( * ) PLANE_ANGLE_UNIT ( ) SI_UNIT ( $, .RADIAN. ) );
#2174 = SURFACE_STYLE_FILL_AREA ( #7681 ) ;
#2175 = SURFACE_SIDE_STYLE ('',( #3143 ) ) ;
#2176 = EDGE_CURVE ( 'NONE', #2364, #2364, #8236, .T. ) ;
#2177 = LINE ( 'NONE', #6236, #7953 ) ;
#2178 = DIRECTION ( 'NONE',  ( 0.9912875121006776702, 0.09334070869305804985, 0.09293320425943860097 ) ) ;
#2179 = MECHANICAL_DESIGN_GEOMETRIC_PRESENTATION_REPRESENTATION (  '', ( #3640 ), #3174 ) ;
#2180 = ORIENTED_EDGE ( 'NONE', *, *, #4074, .F. ) ;
#2181 = MECHANICAL_DESIGN_GEOMETRIC_PRESENTATION_REPRESENTATION (  '', ( #7423 ), #8776 ) ;
#2182 = CARTESIAN_POINT ( 'NONE',  ( 0.3850000000000000089, -0.5999999999999998668, 0.4799999999999999822 ) ) ;
#2183 = PRESENTATION_STYLE_ASSIGNMENT (( #739 ) ) ;
#2184 =( LENGTH_UNIT ( ) NAMED_UNIT ( * ) SI_UNIT ( .MILLI., .METRE. ) );
#2185 = SURFACE_SIDE_STYLE ('',( #3099 ) ) ;
#2186 = FACE_OUTER_BOUND ( 'NONE', #6909, .T. ) ;
#2187 = SURFACE_STYLE_USAGE ( .BOTH. , #549 ) ;
#2188 = ORIENTED_EDGE ( 'NONE', *, *, #9602, .F. ) ;
#2189 = APPLICATION_PROTOCOL_DEFINITION ( 'draft international standard', 'automotive_design', 1998, #5267 ) ;
#2190 = FILL_AREA_STYLE_COLOUR ( '', #5462 ) ;
#2191 = FACE_OUTER_BOUND ( 'NONE', #2432, .T. ) ;
#2192 = MECHANICAL_DESIGN_GEOMETRIC_PRESENTATION_REPRESENTATION (  '', ( #4371 ), #2655 ) ;
#2193 = EDGE_CURVE ( 'NONE', #5884, #7813, #1227, .T. ) ;
#2194 = DIRECTION ( 'NONE',  ( 1.000000000000000000, 0.000000000000000000, 0.000000000000000000 ) ) ;
#2195 =( LENGTH_UNIT ( ) NAMED_UNIT ( * ) SI_UNIT ( .MILLI., .METRE. ) );
#2196 =( GEOMETRIC_REPRESENTATION_CONTEXT ( 3 ) GLOBAL_UNCERTAINTY_ASSIGNED_CONTEXT ( ( #706 ) ) GLOBAL_UNIT_ASSIGNED_CONTEXT ( ( #7497, #5160, #100 ) ) REPRESENTATION_CONTEXT ( 'NONE', 'WORKASPACE' ) );
#2197 = SURFACE_STYLE_USAGE ( .BOTH. , #5106 ) ;
#2198 = ORIENTED_EDGE ( 'NONE', *, *, #6644, .F. ) ;
#2199 = MECHANICAL_DESIGN_GEOMETRIC_PRESENTATION_REPRESENTATION (  '', ( #7650 ), #2660 ) ;
#2200 = DIRECTION ( 'NONE',  ( 1.000000000000000000, 0.000000000000000000, 0.000000000000000000 ) ) ;
#2201 = DIRECTION ( 'NONE',  ( 0.000000000000000000, 0.000000000000000000, 1.000000000000000000 ) ) ;
#2202 = SURFACE_STYLE_FILL_AREA ( #2414 ) ;
#2203 = UNCERTAINTY_MEASURE_WITH_UNIT (LENGTH_MEASURE( 1.000000000000000082E-05 ), #1114, 'distance_accuracy_value', 'NONE');
#2204 = PRESENTATION_LAYER_ASSIGNMENT (  '', '', ( #5405 ) ) ;
#2205 =( LENGTH_UNIT ( ) NAMED_UNIT ( * ) SI_UNIT ( .MILLI., .METRE. ) );
#2206 = FILL_AREA_STYLE ('',( #6725 ) ) ;
#2207 = ORIENTED_EDGE ( 'NONE', *, *, #8502, .F. ) ;
#2208 = AXIS2_PLACEMENT_3D ( 'NONE', #9669, #561, #4409 ) ;
#2209 =( LENGTH_UNIT ( ) NAMED_UNIT ( * ) SI_UNIT ( .MILLI., .METRE. ) );
#2210 = PRESENTATION_LAYER_ASSIGNMENT (  '', '', ( #7785 ) ) ;
#2211 = CARTESIAN_POINT ( 'NONE',  ( -0.5099632742307173006, -0.1999999999999999833, 0.5999999999999999778 ) ) ;
#2212 = MECHANICAL_DESIGN_GEOMETRIC_PRESENTATION_REPRESENTATION (  '', ( #4190 ), #6359 ) ;
#2213 = SURFACE_STYLE_FILL_AREA ( #5746 ) ;
#2214 = CARTESIAN_POINT ( 'NONE',  ( -0.5699999999999997291, -0.9300000000000001599, -0.3999999999999998002 ) ) ;
#2215 = FILL_AREA_STYLE_COLOUR ( '', #1752 ) ;
#2216 = CARTESIAN_POINT ( 'NONE',  ( -0.5499999999999999334, -0.7299999999999999822, 0.6000000000000000888 ) ) ;
#2217 = PLANE ( 'NONE',  #3213 ) ;
#2218 =( LENGTH_UNIT ( ) NAMED_UNIT ( * ) SI_UNIT ( .MILLI., .METRE. ) );
#2219 = STYLED_ITEM ( 'NONE', ( #5147 ), #1973 ) ;
#2220 = ORIENTED_EDGE ( 'NONE', *, *, #411, .F. ) ;
#2221 = VERTEX_POINT ( 'NONE', #8594 ) ;
#2222 = CARTESIAN_POINT ( 'NONE',  ( -0.03799999999999989497, -0.2750000000000000222, -0.4799999999999999822 ) ) ;
#2223 = DIRECTION ( 'NONE',  ( -0.9328179137650817188, -0.04198878997975204197, 0.3578933937291896572 ) ) ;
#2224 = DIRECTION ( 'NONE',  ( 0.09334070869305829965, 0.000000000000000000, -0.9956342260592883076 ) ) ;
#2225 = FILL_AREA_STYLE ('',( #3071 ) ) ;
#2226 = ADVANCED_FACE ( 'NONE', ( #3010, #163 ), #8352, .T. ) ;
#2227 = CARTESIAN_POINT ( 'NONE',  ( 0.5099632742307173006, -0.1999999999999999833, -0.5999999999999999778 ) ) ;
#2228 = CARTESIAN_POINT ( 'NONE',  ( -0.5499999999999999334, -0.7299999999999999822, -0.5999999999999999778 ) ) ;
#2229 = EDGE_CURVE ( 'NONE', #193, #8542, #2992, .T. ) ;
#2230 = CIRCLE ( 'NONE', #2795, 0.02500000000000002567 ) ;
#2231 = UNCERTAINTY_MEASURE_WITH_UNIT (LENGTH_MEASURE( 1.000000000000000082E-05 ), #7170, 'distance_accuracy_value', 'NONE');
#2232 =( GEOMETRIC_REPRESENTATION_CONTEXT ( 3 ) GLOBAL_UNCERTAINTY_ASSIGNED_CONTEXT ( ( #1097 ) ) GLOBAL_UNIT_ASSIGNED_CONTEXT ( ( #5032, #8741, #6566 ) ) REPRESENTATION_CONTEXT ( 'NONE', 'WORKASPACE' ) );
#2233 = SURFACE_STYLE_USAGE ( .BOTH. , #2866 ) ;
#2234 = FILL_AREA_STYLE ('',( #9769 ) ) ;
#2235 = EDGE_LOOP ( 'NONE', ( #8959 ) ) ;
#2236 = FILL_AREA_STYLE ('',( #2901 ) ) ;
#2237 = VERTEX_POINT ( 'NONE', #5227 ) ;
#2238 = SURFACE_STYLE_FILL_AREA ( #8634 ) ;
#2239 = CARTESIAN_POINT ( 'NONE',  ( 1.000000000000000444, -0.7299999999999999822, 0.1999999999999999001 ) ) ;
#2240 = EDGE_LOOP ( 'NONE', ( #1188 ) ) ;
#2241 = ADVANCED_FACE ( 'NONE', ( #9531, #2749 ), #971, .T. ) ;
#2242 =( NAMED_UNIT ( * ) SI_UNIT ( $, .STERADIAN. ) SOLID_ANGLE_UNIT ( ) );
#2243 = STYLED_ITEM ( 'NONE', ( #6090 ), #214 ) ;
#2244 = PRESENTATION_STYLE_ASSIGNMENT (( #7820 ) ) ;
#2245 = CARTESIAN_POINT ( 'NONE',  ( 1.000000000000000000, -0.9000000000000000222, 0.5999999999999999778 ) ) ;
#2246 = DIRECTION ( 'NONE',  ( -1.000000000000000000, 0.000000000000000000, -0.000000000000000000 ) ) ;
#2247 = FACE_OUTER_BOUND ( 'NONE', #6583, .T. ) ;
#2248 = VERTEX_POINT ( 'NONE', #2847 ) ;
#2249 = PRESENTATION_STYLE_ASSIGNMENT (( #270 ) ) ;
#2250 = CARTESIAN_POINT ( 'NONE',  ( -0.1889999999999999458, -0.2250000000000000611, 0.3799999999999999489 ) ) ;
#2251 = ORIENTED_EDGE ( 'NONE', *, *, #8208, .F. ) ;
#2252 = CARTESIAN_POINT ( 'NONE',  ( -0.2354356243949659866, -0.5949999999999998623, -0.4753533397870281507 ) ) ;
#2253 = AXIS2_PLACEMENT_3D ( 'NONE', #3728, #7683, #4531 ) ;
#2254 = DIRECTION ( 'NONE',  ( 0.5000000000000014433, 0.000000000000000000, 0.8660254037844378194 ) ) ;
#2255 = UNCERTAINTY_MEASURE_WITH_UNIT (LENGTH_MEASURE( 1.000000000000000082E-05 ), #5264, 'distance_accuracy_value', 'NONE');
#2256 = DIRECTION ( 'NONE',  ( -2.115516434118055441E-15, 2.797131114389892915E-32, -1.000000000000000000 ) ) ;
#2257 =( LENGTH_UNIT ( ) NAMED_UNIT ( * ) SI_UNIT ( .MILLI., .METRE. ) );
#2258 = VERTEX_POINT ( 'NONE', #1945 ) ;
#2259 = SURFACE_STYLE_USAGE ( .BOTH. , #1494 ) ;
#2260 = PRESENTATION_STYLE_ASSIGNMENT (( #1226 ) ) ;
#2261 = DIRECTION ( 'NONE',  ( 0.000000000000000000, -1.000000000000000000, 0.000000000000000000 ) ) ;
#2262 = EDGE_CURVE ( 'NONE', #248, #2359, #6079, .T. ) ;
#2263 = DIRECTION ( 'NONE',  ( -0.000000000000000000, 1.000000000000000000, -0.000000000000000000 ) ) ;
#2264 =( GEOMETRIC_REPRESENTATION_CONTEXT ( 3 ) GLOBAL_UNCERTAINTY_ASSIGNED_CONTEXT ( ( #16 ) ) GLOBAL_UNIT_ASSIGNED_CONTEXT ( ( #1771, #4661, #6280 ) ) REPRESENTATION_CONTEXT ( 'NONE', 'WORKASPACE' ) );
#2265 = EDGE_LOOP ( 'NONE', ( #245, #2921, #9768, #3328 ) ) ;
#2266 = ADVANCED_FACE ( 'NONE', ( #6200 ), #7351, .F. ) ;
#2267 = CIRCLE ( 'NONE', #6722, 0.02500000000000002567 ) ;
#2268 = FILL_AREA_STYLE_COLOUR ( '', #4419 ) ;
#2269 = CYLINDRICAL_SURFACE ( 'NONE', #9595, 0.02500000000000001180 ) ;
#2270 = FACE_OUTER_BOUND ( 'NONE', #4183, .T. ) ;
#2271 =( LENGTH_UNIT ( ) NAMED_UNIT ( * ) SI_UNIT ( .MILLI., .METRE. ) );
#2272 =( GEOMETRIC_REPRESENTATION_CONTEXT ( 3 ) GLOBAL_UNCERTAINTY_ASSIGNED_CONTEXT ( ( #1524 ) ) GLOBAL_UNIT_ASSIGNED_CONTEXT ( ( #4883, #5674, #8778 ) ) REPRESENTATION_CONTEXT ( 'NONE', 'WORKASPACE' ) );
#2273 =( LENGTH_UNIT ( ) NAMED_UNIT ( * ) SI_UNIT ( .MILLI., .METRE. ) );
#2274 = TOROIDAL_SURFACE ( 'NONE', #3836, 0.05000000000000002359, 0.02500000000000002914 ) ;
#2275 = PRESENTATION_STYLE_ASSIGNMENT (( #5682 ) ) ;
#2276 = MECHANICAL_DESIGN_GEOMETRIC_PRESENTATION_REPRESENTATION (  '', ( #4825 ), #9253 ) ;
#2277 = MECHANICAL_DESIGN_GEOMETRIC_PRESENTATION_REPRESENTATION (  '', ( #3944 ), #6132 ) ;
#2278 = DIRECTION ( 'NONE',  ( -1.000000000000000000, 0.000000000000000000, 0.000000000000000000 ) ) ;
#2279 = CARTESIAN_POINT ( 'NONE',  ( 0.000000000000000000, -0.2250000000000000056, 0.5749999999999999556 ) ) ;
#2280 = FILL_AREA_STYLE ('',( #6803 ) ) ;
#2281 = DIRECTION ( 'NONE',  ( 1.000000000000000000, 0.000000000000000000, 0.000000000000000000 ) ) ;
#2282 = ORIENTED_EDGE ( 'NONE', *, *, #3532, .T. ) ;
#2283 = UNCERTAINTY_MEASURE_WITH_UNIT (LENGTH_MEASURE( 1.000000000000000082E-05 ), #9527, 'distance_accuracy_value', 'NONE');
#2284 = SURFACE_STYLE_USAGE ( .BOTH. , #9073 ) ;
#2285 = EDGE_LOOP ( 'NONE', ( #5845, #2457, #4642, #8615, #8691, #6595, #3633, #8789, #3948, #786, #4329, #8156 ) ) ;
#2286 =( GEOMETRIC_REPRESENTATION_CONTEXT ( 3 ) GLOBAL_UNCERTAINTY_ASSIGNED_CONTEXT ( ( #365 ) ) GLOBAL_UNIT_ASSIGNED_CONTEXT ( ( #8875, #7482, #2057 ) ) REPRESENTATION_CONTEXT ( 'NONE', 'WORKASPACE' ) );
#2287 = DIRECTION ( 'NONE',  ( -1.000000000000000000, 0.000000000000000000, 0.000000000000000000 ) ) ;
#2288 = SURFACE_SIDE_STYLE ('',( #2202 ) ) ;
#2289 = DIRECTION ( 'NONE',  ( -1.000000000000000000, 0.000000000000000000, 0.000000000000000000 ) ) ;
#2290 = FILL_AREA_STYLE_COLOUR ( '', #6877 ) ;
#2291 = SURFACE_STYLE_FILL_AREA ( #669 ) ;
#2292 = MECHANICAL_DESIGN_GEOMETRIC_PRESENTATION_REPRESENTATION (  '', ( #9396 ), #9083 ) ;
#2293 = SURFACE_STYLE_USAGE ( .BOTH. , #1695 ) ;
#2294 = ORIENTED_EDGE ( 'NONE', *, *, #6970, .F. ) ;
#2295 =( NAMED_UNIT ( * ) SI_UNIT ( $, .STERADIAN. ) SOLID_ANGLE_UNIT ( ) );
#2296 = PRESENTATION_LAYER_ASSIGNMENT (  '', '', ( #2593 ) ) ;
#2297 = PRESENTATION_STYLE_ASSIGNMENT (( #3874 ) ) ;
#2298 = DIRECTION ( 'NONE',  ( -0.9956342260592881965, -0.000000000000000000, -0.09334070869305721718 ) ) ;
#2299 = EDGE_LOOP ( 'NONE', ( #7868 ) ) ;
#2300 = DIRECTION ( 'NONE',  ( -1.000000000000000000, 0.000000000000000000, -0.000000000000000000 ) ) ;
#2301 =( GEOMETRIC_REPRESENTATION_CONTEXT ( 3 ) GLOBAL_UNCERTAINTY_ASSIGNED_CONTEXT ( ( #8677 ) ) GLOBAL_UNIT_ASSIGNED_CONTEXT ( ( #490, #7997, #4266 ) ) REPRESENTATION_CONTEXT ( 'NONE', 'WORKASPACE' ) );
#2302 = CARTESIAN_POINT ( 'NONE',  ( 1.000000000000000000, -0.2249999999999999500, 0.5999999999999999778 ) ) ;
#2303 = VECTOR ( 'NONE', #8639, 1000.000000000000000 ) ;
#2304 = CARTESIAN_POINT ( 'NONE',  ( 0.9750000000000000888, -0.6199999999999998845, -0.1599632742307184052 ) ) ;
#2305 = ADVANCED_FACE ( 'NONE', ( #6190, #1200 ), #605, .T. ) ;
#2306 = FILL_AREA_STYLE ('',( #8362 ) ) ;
#2307 = ORIENTED_EDGE ( 'NONE', *, *, #4753, .F. ) ;
#2308 = FILL_AREA_STYLE_COLOUR ( '', #4385 ) ;
#2309 = EDGE_CURVE ( 'NONE', #4243, #2662, #6400, .T. ) ;
#2310 = STYLED_ITEM ( 'NONE', ( #481 ), #422 ) ;
#2311 = CARTESIAN_POINT ( 'NONE',  ( 0.07300000000000007871, -0.2250000000000000611, -0.3799999999999999489 ) ) ;
#2312 = CARTESIAN_POINT ( 'NONE',  ( -0.5099632742307173006, -0.2103553390593273786, 0.4500000000000000111 ) ) ;
#2313 =( GEOMETRIC_REPRESENTATION_CONTEXT ( 3 ) GLOBAL_UNCERTAINTY_ASSIGNED_CONTEXT ( ( #4939 ) ) GLOBAL_UNIT_ASSIGNED_CONTEXT ( ( #1184, #7913, #353 ) ) REPRESENTATION_CONTEXT ( 'NONE', 'WORKASPACE' ) );
#2314 = COLOUR_RGB ( '',1.000000000000000000, 1.000000000000000000, 1.000000000000000000 ) ;
#2315 = DIRECTION ( 'NONE',  ( -0.09334070869305828577, 0.000000000000000000, 0.9956342260592880855 ) ) ;
#2316 =( GEOMETRIC_REPRESENTATION_CONTEXT ( 3 ) GLOBAL_UNCERTAINTY_ASSIGNED_CONTEXT ( ( #5443 ) ) GLOBAL_UNIT_ASSIGNED_CONTEXT ( ( #4623, #5429, #384 ) ) REPRESENTATION_CONTEXT ( 'NONE', 'WORKASPACE' ) );
#2317 = DIRECTION ( 'NONE',  ( -2.168404344971012812E-15, 0.000000000000000000, 1.000000000000000000 ) ) ;
#2318 = FILL_AREA_STYLE_COLOUR ( '', #529 ) ;
#2319 = VERTEX_POINT ( 'NONE', #7979 ) ;
#2320 = DIRECTION ( 'NONE',  ( 0.000000000000000000, 1.000000000000000000, 0.000000000000000000 ) ) ;
#2321 = CYLINDRICAL_SURFACE ( 'NONE', #505, 0.02500000000000006384 ) ;
#2322 = FACE_OUTER_BOUND ( 'NONE', #120, .T. ) ;
#2323 = PRESENTATION_LAYER_ASSIGNMENT (  '', '', ( #3876 ) ) ;
#2324 = FILL_AREA_STYLE ('',( #2268 ) ) ;
#2325 = FACE_OUTER_BOUND ( 'NONE', #1914, .T. ) ;
#2326 = SURFACE_SIDE_STYLE ('',( #2728 ) ) ;
#2327 = CIRCLE ( 'NONE', #4114, 0.02500000000000002567 ) ;
#2328 = STYLED_ITEM ( 'NONE', ( #3004 ), #1320 ) ;
#2329 = DIRECTION ( 'NONE',  ( 0.000000000000000000, 0.000000000000000000, 1.000000000000000000 ) ) ;
#2330 = PRESENTATION_STYLE_ASSIGNMENT (( #575 ) ) ;
#2331 = STYLED_ITEM ( 'NONE', ( #6558 ), #8637 ) ;
#2332 = PRESENTATION_LAYER_ASSIGNMENT (  '', '', ( #4190 ) ) ;
#2333 = PRESENTATION_STYLE_ASSIGNMENT (( #9270 ) ) ;
#2334 = DIRECTION ( 'NONE',  ( -0.8660254037844379305, 0.000000000000000000, -0.5000000000000014433 ) ) ;
#2335 = FILL_AREA_STYLE ('',( #3715 ) ) ;
#2336 = ORIENTED_EDGE ( 'NONE', *, *, #39, .F. ) ;
#2337 = CARTESIAN_POINT ( 'NONE',  ( -0.1233329645653470363, -0.5949999999999997513, 0.4302182886970356002 ) ) ;
#2338 = EDGE_LOOP ( 'NONE', ( #4906, #7908, #4429, #4195 ) ) ;
#2339 = PRESENTATION_STYLE_ASSIGNMENT (( #8495 ) ) ;
#2340 = MECHANICAL_DESIGN_GEOMETRIC_PRESENTATION_REPRESENTATION (  '', ( #8751 ), #6071 ) ;
#2341 = CARTESIAN_POINT ( 'NONE',  ( 1.000000000000000000, -0.2249999999999999500, 0.5999999999999999778 ) ) ;
#2342 = CARTESIAN_POINT ( 'NONE',  ( -0.03799999999999989497, -0.2250000000000000611, -0.3799999999999999489 ) ) ;
#2343 = ADVANCED_FACE ( 'NONE', ( #2186, #7224 ), #5040, .T. ) ;
#2344 = PLANE ( 'NONE',  #2704 ) ;
#2345 = ORIENTED_EDGE ( 'NONE', *, *, #7922, .F. ) ;
#2346 = PRESENTATION_STYLE_ASSIGNMENT (( #1035 ) ) ;
#2347 = CIRCLE ( 'NONE', #5579, 0.02500000000000003955 ) ;
#2348 =( NAMED_UNIT ( * ) PLANE_ANGLE_UNIT ( ) SI_UNIT ( $, .RADIAN. ) );
#2349 = ORIENTED_EDGE ( 'NONE', *, *, #9540, .T. ) ;
#2350 = STYLED_ITEM ( 'NONE', ( #1321 ), #9474 ) ;
#2351 = UNCERTAINTY_MEASURE_WITH_UNIT (LENGTH_MEASURE( 1.000000000000000082E-05 ), #869, 'distance_accuracy_value', 'NONE');
#2352 =( NAMED_UNIT ( * ) SI_UNIT ( $, .STERADIAN. ) SOLID_ANGLE_UNIT ( ) );
#2353 = SURFACE_STYLE_USAGE ( .BOTH. , #2288 ) ;
#2354 = FILL_AREA_STYLE ('',( #2417 ) ) ;
#2355 = SURFACE_STYLE_USAGE ( .BOTH. , #7591 ) ;
#2356 = ORIENTED_EDGE ( 'NONE', *, *, #6259, .F. ) ;
#2357 = EDGE_CURVE ( 'NONE', #91, #91, #4689, .T. ) ;
#2358 = PRESENTATION_LAYER_ASSIGNMENT (  '', '', ( #6082 ) ) ;
#2359 = VERTEX_POINT ( 'NONE', #4578 ) ;
#2360 = DIRECTION ( 'NONE',  ( 0.000000000000000000, 0.000000000000000000, 1.000000000000000000 ) ) ;
#2361 = SURFACE_STYLE_FILL_AREA ( #2280 ) ;
#2362 =( LENGTH_UNIT ( ) NAMED_UNIT ( * ) SI_UNIT ( .MILLI., .METRE. ) );
#2363 = FILL_AREA_STYLE ('',( #714 ) ) ;
#2364 = VERTEX_POINT ( 'NONE', #9400 ) ;
#2365 = ORIENTED_EDGE ( 'NONE', *, *, #5033, .F. ) ;
#2366 = SURFACE_STYLE_FILL_AREA ( #9624 ) ;
#2367 = DIRECTION ( 'NONE',  ( 0.000000000000000000, 1.000000000000000000, 0.000000000000000000 ) ) ;
#2368 = ADVANCED_FACE ( 'NONE', ( #2670 ), #3906, .T. ) ;
#2369 = PRESENTATION_LAYER_ASSIGNMENT (  '', '', ( #1621 ) ) ;
#2370 = AXIS2_PLACEMENT_3D ( 'NONE', #4867, #4111, #5646 ) ;
#2371 = FACE_OUTER_BOUND ( 'NONE', #8108, .T. ) ;
#2372 = UNCERTAINTY_MEASURE_WITH_UNIT (LENGTH_MEASURE( 1.000000000000000082E-05 ), #6260, 'distance_accuracy_value', 'NONE');
#2373 = SURFACE_SIDE_STYLE ('',( #1258 ) ) ;
#2374 = CARTESIAN_POINT ( 'NONE',  ( -0.5099632742307173006, -0.2250000000000000056, 0.5999999999999999778 ) ) ;
#2375 = STYLED_ITEM ( 'NONE', ( #4892 ), #7321 ) ;
#2376 = VERTEX_POINT ( 'NONE', #7782 ) ;
#2377 = DIRECTION ( 'NONE',  ( 0.9956342260592881965, 0.000000000000000000, 0.09334070869305798046 ) ) ;
#2378 = CARTESIAN_POINT ( 'NONE',  ( 0.2340000000000000968, -0.2250000000000000611, -0.3799999999999999489 ) ) ;
#2379 = PRESENTATION_LAYER_ASSIGNMENT (  '', '', ( #3982 ) ) ;
#2380 = CIRCLE ( 'NONE', #9662, 0.02500000000000002220 ) ;
#2381 = DIRECTION ( 'NONE',  ( 0.000000000000000000, 0.000000000000000000, 1.000000000000000000 ) ) ;
#2382 = SURFACE_STYLE_FILL_AREA ( #523 ) ;
#2383 = FILL_AREA_STYLE_COLOUR ( '', #8403 ) ;
#2384 = FILL_AREA_STYLE ('',( #1624 ) ) ;
#2385 = ORIENTED_EDGE ( 'NONE', *, *, #6506, .F. ) ;
#2386 = FILL_AREA_STYLE_COLOUR ( '', #1096 ) ;
#2387 = MECHANICAL_DESIGN_GEOMETRIC_PRESENTATION_REPRESENTATION (  '', ( #1499 ), #8793 ) ;
#2388 = VECTOR ( 'NONE', #9080, 1000.000000000000000 ) ;
#2389 = ORIENTED_EDGE ( 'NONE', *, *, #5741, .F. ) ;
#2390 =( NAMED_UNIT ( * ) SI_UNIT ( $, .STERADIAN. ) SOLID_ANGLE_UNIT ( ) );
#2391 = MECHANICAL_DESIGN_GEOMETRIC_PRESENTATION_REPRESENTATION (  '', ( #1301 ), #1156 ) ;
#2392 = PRESENTATION_LAYER_ASSIGNMENT (  '', '', ( #1883 ) ) ;
#2393 = ORIENTED_EDGE ( 'NONE', *, *, #3467, .T. ) ;
#2394 = ADVANCED_FACE ( 'NONE', ( #8018, #8147 ), #8748, .T. ) ;
#2395 = SURFACE_SIDE_STYLE ('',( #6690 ) ) ;
#2396 = ORIENTED_EDGE ( 'NONE', *, *, #9506, .F. ) ;
#2397 = CARTESIAN_POINT ( 'NONE',  ( 0.5203186132900448069, -0.2000000000000000389, 0.5896446609406725825 ) ) ;
#2398 = AXIS2_PLACEMENT_3D ( 'NONE', #4467, #518, #7431 ) ;
#2399 = AXIS2_PLACEMENT_3D ( 'NONE', #516, #3544, #5804 ) ;
#2400 = CARTESIAN_POINT ( 'NONE',  ( -0.5099632742307173006, -0.5949999999999999734, -0.4249999999999999889 ) ) ;
#2401 = UNCERTAINTY_MEASURE_WITH_UNIT (LENGTH_MEASURE( 1.000000000000000082E-05 ), #2767, 'distance_accuracy_value', 'NONE');
#2402 = ADVANCED_FACE ( 'NONE', ( #6839 ), #4772, .T. ) ;
#2403 = FILL_AREA_STYLE_COLOUR ( '', #8724 ) ;
#2404 = EDGE_LOOP ( 'NONE', ( #2365 ) ) ;
#2405 = FACE_OUTER_BOUND ( 'NONE', #5497, .T. ) ;
#2406 = PRESENTATION_STYLE_ASSIGNMENT (( #1780 ) ) ;
#2407 = CIRCLE ( 'NONE', #8917, 0.02500000000000002567 ) ;
#2408 = EDGE_CURVE ( 'NONE', #8715, #9609, #3850, .T. ) ;
#2409 = DIRECTION ( 'NONE',  ( 0.000000000000000000, 0.000000000000000000, 1.000000000000000000 ) ) ;
#2410 = CARTESIAN_POINT ( 'NONE',  ( -0.5099632742307175226, -0.6199999999999998845, -0.1599632742307184052 ) ) ;
#2411 = COLOUR_RGB ( '',1.000000000000000000, 0.7529411764705882248, 0.7529411764705882248 ) ;
#2412 = STYLED_ITEM ( 'NONE', ( #8554 ), #2522 ) ;
#2413 =( NAMED_UNIT ( * ) PLANE_ANGLE_UNIT ( ) SI_UNIT ( $, .RADIAN. ) );
#2414 = FILL_AREA_STYLE ('',( #4885 ) ) ;
#2415 = ADVANCED_FACE ( 'NONE', ( #652 ), #2628, .T. ) ;
#2416 = ORIENTED_EDGE ( 'NONE', *, *, #4352, .F. ) ;
#2417 = FILL_AREA_STYLE_COLOUR ( '', #3322 ) ;
#2418 = DIRECTION ( 'NONE',  ( 0.9825750242013556734, 0.000000000000000000, 0.1858664085188749815 ) ) ;
#2419 = ADVANCED_FACE ( 'NONE', ( #5635 ), #1173, .F. ) ;
#2420 = FACE_OUTER_BOUND ( 'NONE', #9327, .T. ) ;
#2421 = PRESENTATION_STYLE_ASSIGNMENT (( #6217 ) ) ;
#2422 = ORIENTED_EDGE ( 'NONE', *, *, #6282, .F. ) ;
#2423 =( NAMED_UNIT ( * ) PLANE_ANGLE_UNIT ( ) SI_UNIT ( $, .RADIAN. ) );
#2424 =( LENGTH_UNIT ( ) NAMED_UNIT ( * ) SI_UNIT ( .MILLI., .METRE. ) );
#2425 = SURFACE_STYLE_FILL_AREA ( #6122 ) ;
#2426 = STYLED_ITEM ( 'NONE', ( #7972 ), #3938 ) ;
#2427 = UNCERTAINTY_MEASURE_WITH_UNIT (LENGTH_MEASURE( 1.000000000000000082E-05 ), #9729, 'distance_accuracy_value', 'NONE');
#2428 = FILL_AREA_STYLE_COLOUR ( '', #8756 ) ;
#2429 = ADVANCED_FACE ( 'NONE', ( #3470, #1254 ), #6708, .T. ) ;
#2430 = ADVANCED_FACE ( 'NONE', ( #9546, #6107 ), #6097, .T. ) ;
#2431 = PRESENTATION_LAYER_ASSIGNMENT (  '', '', ( #691 ) ) ;
#2432 = EDGE_LOOP ( 'NONE', ( #8893 ) ) ;
#2433 = CARTESIAN_POINT ( 'NONE',  ( 0.5099632742307173006, -0.2250000000000000056, -0.4500000000000000111 ) ) ;
#2434 = CYLINDRICAL_SURFACE ( 'NONE', #1930, 0.02500000000000003955 ) ;
#2435 =( LENGTH_UNIT ( ) NAMED_UNIT ( * ) SI_UNIT ( .MILLI., .METRE. ) );
#2436 = COLOUR_RGB ( '',1.000000000000000000, 0.7529411764705882248, 0.7529411764705882248 ) ;
#2437 = ORIENTED_EDGE ( 'NONE', *, *, #9021, .F. ) ;
#2438 = ADVANCED_FACE ( 'NONE', ( #5616 ), #8176, .T. ) ;
#2439 = ORIENTED_EDGE ( 'NONE', *, *, #6052, .T. ) ;
#2440 = EDGE_CURVE ( 'NONE', #5542, #5542, #7393, .T. ) ;
#2441 = SURFACE_STYLE_USAGE ( .BOTH. , #1811 ) ;
#2442 =( LENGTH_UNIT ( ) NAMED_UNIT ( * ) SI_UNIT ( .MILLI., .METRE. ) );
#2443 = DIRECTION ( 'NONE',  ( 0.000000000000000000, 0.000000000000000000, -1.000000000000000000 ) ) ;
#2444 = STYLED_ITEM ( 'NONE', ( #2339 ), #7636 ) ;
#2445 = DIRECTION ( 'NONE',  ( 0.000000000000000000, 1.000000000000000000, 0.000000000000000000 ) ) ;
#2446 = DIRECTION ( 'NONE',  ( 0.000000000000000000, -0.9396926207859105373, 0.3420201433256628287 ) ) ;
#2447 = MECHANICAL_DESIGN_GEOMETRIC_PRESENTATION_REPRESENTATION (  '', ( #4633 ), #4815 ) ;
#2448 = EDGE_LOOP ( 'NONE', ( #9193 ) ) ;
#2449 =( NAMED_UNIT ( * ) PLANE_ANGLE_UNIT ( ) SI_UNIT ( $, .RADIAN. ) );
#2450 = CARTESIAN_POINT ( 'NONE',  ( -0.2139999999999998848, -0.2750000000000000777, 0.4799999999999999822 ) ) ;
#2451 = ORIENTED_EDGE ( 'NONE', *, *, #3089, .T. ) ;
#2452 = FACE_OUTER_BOUND ( 'NONE', #1207, .T. ) ;
#2453 = FACE_OUTER_BOUND ( 'NONE', #5711, .T. ) ;
#2454 =( GEOMETRIC_REPRESENTATION_CONTEXT ( 3 ) GLOBAL_UNCERTAINTY_ASSIGNED_CONTEXT ( ( #3528 ) ) GLOBAL_UNIT_ASSIGNED_CONTEXT ( ( #8609, #6356, #4826 ) ) REPRESENTATION_CONTEXT ( 'NONE', 'WORKASPACE' ) );
#2455 = DIRECTION ( 'NONE',  ( -0.000000000000000000, -1.000000000000000000, -0.000000000000000000 ) ) ;
#2456 = STYLED_ITEM ( 'NONE', ( #5658 ), #1735 ) ;
#2457 = ORIENTED_EDGE ( 'NONE', *, *, #6568, .F. ) ;
#2458 = CARTESIAN_POINT ( 'NONE',  ( 0.07300000000000007871, -0.2250000000000000611, -0.4299999999999999933 ) ) ;
#2459 = VECTOR ( 'NONE', #5743, 1000.000000000000114 ) ;
#2460 = PRESENTATION_LAYER_ASSIGNMENT (  '', '', ( #3944 ) ) ;
#2461 =( LENGTH_UNIT ( ) NAMED_UNIT ( * ) SI_UNIT ( .MILLI., .METRE. ) );
#2462 = ORIENTED_EDGE ( 'NONE', *, *, #1123, .T. ) ;
#2463 = AXIS2_PLACEMENT_3D ( 'NONE', #1247, #7269, #6529 ) ;
#2464 = COLOUR_RGB ( '',1.000000000000000000, 0.7529411764705882248, 0.7529411764705882248 ) ;
#2465 = CARTESIAN_POINT ( 'NONE',  ( 0.5099632742307173006, -0.6199999999999998845, 0.1599632742307184052 ) ) ;
#2466 = ORIENTED_EDGE ( 'NONE', *, *, #8071, .T. ) ;
#2467 = ADVANCED_FACE ( 'NONE', ( #1231 ), #6609, .T. ) ;
#2468 = COLOUR_RGB ( '',1.000000000000000000, 0.7529411764705882248, 0.7529411764705882248 ) ;
#2469 = VERTEX_POINT ( 'NONE', #9593 ) ;
#2470 = CARTESIAN_POINT ( 'NONE',  ( -0.4522282473117545387, 0.000000000000000000, -0.4999999999999998890 ) ) ;
#2471 = EDGE_CURVE ( 'NONE', #6254, #6254, #4649, .T. ) ;
#2472 = MECHANICAL_DESIGN_GEOMETRIC_PRESENTATION_REPRESENTATION (  '', ( #6196 ), #3829 ) ;
#2473 = CARTESIAN_POINT ( 'NONE',  ( -0.5099632742307173006, -0.2103553390593273786, 0.5999999999999999778 ) ) ;
#2474 = CARTESIAN_POINT ( 'NONE',  ( 0.5499999999999999334, -0.7299999999999999822, 0.1999999999999998723 ) ) ;
#2475 = VERTEX_POINT ( 'NONE', #7330 ) ;
#2476 = FACE_OUTER_BOUND ( 'NONE', #8855, .T. ) ;
#2477 = DIRECTION ( 'NONE',  ( 0.000000000000000000, -1.000000000000000000, 0.000000000000000000 ) ) ;
#2478 = EDGE_CURVE ( 'NONE', #6486, #6486, #974, .T. ) ;
#2479 = PRESENTATION_LAYER_ASSIGNMENT (  '', '', ( #4155 ) ) ;
#2480 = AXIS2_PLACEMENT_3D ( 'NONE', #4434, #695, #5176 ) ;
#2481 = VERTEX_POINT ( 'NONE', #7957 ) ;
#2482 = PRESENTATION_STYLE_ASSIGNMENT (( #6716 ) ) ;
#2483 = CYLINDRICAL_SURFACE ( 'NONE', #4645, 0.02500000000000002567 ) ;
#2484 = FILL_AREA_STYLE_COLOUR ( '', #2172 ) ;
#2485 = STYLED_ITEM ( 'NONE', ( #6163 ), #6663 ) ;
#2486 = CARTESIAN_POINT ( 'NONE',  ( 0.5099632742307173006, -0.1999999999999999833, 0.4500000000000000111 ) ) ;
#2487 = CYLINDRICAL_SURFACE ( 'NONE', #9171, 0.02499999999999995628 ) ;
#2488 = UNCERTAINTY_MEASURE_WITH_UNIT (LENGTH_MEASURE( 1.000000000000000082E-05 ), #9652, 'distance_accuracy_value', 'NONE');
#2489 = EDGE_LOOP ( 'NONE', ( #5019 ) ) ;
#2490 = CARTESIAN_POINT ( 'NONE',  ( -1.000000000000000000, -0.7299999999999999822, -0.5999999999999999778 ) ) ;
#2491 = ORIENTED_EDGE ( 'NONE', *, *, #935, .F. ) ;
#2492 = EDGE_CURVE ( 'NONE', #1908, #8631, #5233, .T. ) ;
#2493 = SURFACE_STYLE_USAGE ( .BOTH. , #4717 ) ;
#2494 = DIRECTION ( 'NONE',  ( 0.09334070869305820251, 0.000000000000000000, -0.9956342260592881965 ) ) ;
#2495 = DIRECTION ( 'NONE',  ( 0.000000000000000000, 0.000000000000000000, 1.000000000000000000 ) ) ;
#2496 =( LENGTH_UNIT ( ) NAMED_UNIT ( * ) SI_UNIT ( .MILLI., .METRE. ) );
#2497 = PRESENTATION_LAYER_ASSIGNMENT (  '', '', ( #1999 ) ) ;
#2498 = ORIENTED_EDGE ( 'NONE', *, *, #8444, .F. ) ;
#2499 = CARTESIAN_POINT ( 'NONE',  ( -0.4350000000000000533, -0.2800000000000000266, -0.4799999999999999822 ) ) ;
#2500 = DIRECTION ( 'NONE',  ( -0.09334070869305828577, 0.000000000000000000, 0.9956342260592880855 ) ) ;
#2501 =( NAMED_UNIT ( * ) PLANE_ANGLE_UNIT ( ) SI_UNIT ( $, .RADIAN. ) );
#2502 =( NAMED_UNIT ( * ) PLANE_ANGLE_UNIT ( ) SI_UNIT ( $, .RADIAN. ) );
#2503 = PRESENTATION_LAYER_ASSIGNMENT (  '', '', ( #4178 ) ) ;
#2504 = CARTESIAN_POINT ( 'NONE',  ( -0.7750000000000001332, -0.9249999999999999334, 0.3750000000000004996 ) ) ;
#2505 = VECTOR ( 'NONE', #1412, 1000.000000000000000 ) ;
#2506 =( GEOMETRIC_REPRESENTATION_CONTEXT ( 3 ) GLOBAL_UNCERTAINTY_ASSIGNED_CONTEXT ( ( #1365 ) ) GLOBAL_UNIT_ASSIGNED_CONTEXT ( ( #5923, #4485, #8966 ) ) REPRESENTATION_CONTEXT ( 'NONE', 'WORKASPACE' ) );
#2507 = VERTEX_POINT ( 'NONE', #4503 ) ;
#2508 = AXIS2_PLACEMENT_3D ( 'NONE', #4568, #4479, #6108 ) ;
#2509 =( GEOMETRIC_REPRESENTATION_CONTEXT ( 3 ) GLOBAL_UNCERTAINTY_ASSIGNED_CONTEXT ( ( #3415 ) ) GLOBAL_UNIT_ASSIGNED_CONTEXT ( ( #9025, #674, #5986 ) ) REPRESENTATION_CONTEXT ( 'NONE', 'WORKASPACE' ) );
#2510 =( NAMED_UNIT ( * ) SI_UNIT ( $, .STERADIAN. ) SOLID_ANGLE_UNIT ( ) );
#2511 = DIRECTION ( 'NONE',  ( -0.000000000000000000, 0.3420201433256628287, 0.9396926207859105373 ) ) ;
#2512 = DIRECTION ( 'NONE',  ( -1.000000000000000000, 0.000000000000000000, -6.023345402697245486E-17 ) ) ;
#2513 = ADVANCED_FACE ( 'NONE', ( #8577, #9298 ), #3531, .T. ) ;
#2514 = UNCERTAINTY_MEASURE_WITH_UNIT (LENGTH_MEASURE( 1.000000000000000082E-05 ), #6315, 'distance_accuracy_value', 'NONE');
#2515 = EDGE_CURVE ( 'NONE', #2481, #2481, #9628, .T. ) ;
#2516 = ORIENTED_EDGE ( 'NONE', *, *, #7628, .T. ) ;
#2517 = STYLED_ITEM ( 'NONE', ( #8687 ), #2305 ) ;
#2518 = VECTOR ( 'NONE', #8350, 1000.000000000000000 ) ;
#2519 = SURFACE_STYLE_FILL_AREA ( #3492 ) ;
#2520 = FILL_AREA_STYLE ('',( #7374 ) ) ;
#2521 = ORIENTED_EDGE ( 'NONE', *, *, #8302, .T. ) ;
#2522 = ADVANCED_FACE ( 'NONE', ( #2729, #5461 ), #6638, .T. ) ;
#2523 =( NAMED_UNIT ( * ) SI_UNIT ( $, .STERADIAN. ) SOLID_ANGLE_UNIT ( ) );
#2524 = EDGE_LOOP ( 'NONE', ( #4970 ) ) ;
#2525 = EDGE_CURVE ( 'NONE', #3087, #4900, #3408, .T. ) ;
#2526 = SURFACE_SIDE_STYLE ('',( #7792 ) ) ;
#2527 =( GEOMETRIC_REPRESENTATION_CONTEXT ( 3 ) GLOBAL_UNCERTAINTY_ASSIGNED_CONTEXT ( ( #67 ) ) GLOBAL_UNIT_ASSIGNED_CONTEXT ( ( #8308, #2348, #861 ) ) REPRESENTATION_CONTEXT ( 'NONE', 'WORKASPACE' ) );
#2528 = CARTESIAN_POINT ( 'NONE',  ( 0.5203186132900448069, -0.2000000000000000389, -0.5896446609406724715 ) ) ;
#2529 = LINE ( 'NONE', #9340, #3918 ) ;
#2530 = AXIS2_PLACEMENT_3D ( 'NONE', #4394, #3890, #6830 ) ;
#2531 = DIRECTION ( 'NONE',  ( -1.684437999741321543E-16, -1.000000000000000000, 3.368875999482643086E-16 ) ) ;
#2532 = FILL_AREA_STYLE_COLOUR ( '', #453 ) ;
#2533 = EDGE_LOOP ( 'NONE', ( #1855 ) ) ;
#2534 = CARTESIAN_POINT ( 'NONE',  ( 0.2585643756050340358, -0.5949999999999998623, -0.4753533397870280952 ) ) ;
#2535 = PRESENTATION_STYLE_ASSIGNMENT (( #2233 ) ) ;
#2536 = UNCERTAINTY_MEASURE_WITH_UNIT (LENGTH_MEASURE( 1.000000000000000082E-05 ), #5794, 'distance_accuracy_value', 'NONE');
#2537 = LINE ( 'NONE', #6399, #3245 ) ;
#2538 = FILL_AREA_STYLE ('',( #4771 ) ) ;
#2539 = CARTESIAN_POINT ( 'NONE',  ( -0.5499999999999999334, -0.7299999999999999822, 0.6000000000000000888 ) ) ;
#2540 = ORIENTED_EDGE ( 'NONE', *, *, #7263, .F. ) ;
#2541 = PRESENTATION_LAYER_ASSIGNMENT (  '', '', ( #1003 ) ) ;
#2542 = FILL_AREA_STYLE_COLOUR ( '', #8361 ) ;
#2543 = COLOUR_RGB ( '',1.000000000000000000, 1.000000000000000000, 1.000000000000000000 ) ;
#2544 =( GEOMETRIC_REPRESENTATION_CONTEXT ( 3 ) GLOBAL_UNCERTAINTY_ASSIGNED_CONTEXT ( ( #9237 ) ) GLOBAL_UNIT_ASSIGNED_CONTEXT ( ( #1056, #4154, #6483 ) ) REPRESENTATION_CONTEXT ( 'NONE', 'WORKASPACE' ) );
#2545 = ORIENTED_EDGE ( 'NONE', *, *, #9147, .F. ) ;
#2546 = PRESENTATION_LAYER_ASSIGNMENT (  '', '', ( #3354 ) ) ;
#2547 = ORIENTED_EDGE ( 'NONE', *, *, #950, .T. ) ;
#2548 = FILL_AREA_STYLE_COLOUR ( '', #3581 ) ;
#2549 = DIRECTION ( 'NONE',  ( 0.000000000000000000, 0.000000000000000000, -1.000000000000000000 ) ) ;
#2550 = ORIENTED_EDGE ( 'NONE', *, *, #9130, .T. ) ;
#2551 = EDGE_CURVE ( 'NONE', #3216, #9718, #7350, .T. ) ;
#2552 = SURFACE_STYLE_FILL_AREA ( #5926 ) ;
#2553 = MECHANICAL_DESIGN_GEOMETRIC_PRESENTATION_REPRESENTATION (  '', ( #3923 ), #9231 ) ;
#2554 = EDGE_LOOP ( 'NONE', ( #3395 ) ) ;
#2555 = FILL_AREA_STYLE_COLOUR ( '', #6242 ) ;
#2556 = FACE_OUTER_BOUND ( 'NONE', #3474, .T. ) ;
#2557 = MECHANICAL_DESIGN_GEOMETRIC_PRESENTATION_REPRESENTATION (  '', ( #209 ), #6949 ) ;
#2558 = CARTESIAN_POINT ( 'NONE',  ( -0.4522282473117545387, 0.000000000000000000, 0.4999999999999998890 ) ) ;
#2559 = FACE_OUTER_BOUND ( 'NONE', #1631, .T. ) ;
#2560 = DIRECTION ( 'NONE',  ( 2.409338161078898194E-16, 0.000000000000000000, -1.000000000000000000 ) ) ;
#2561 = FILL_AREA_STYLE_COLOUR ( '', #7710 ) ;
#2562 = ORIENTED_EDGE ( 'NONE', *, *, #117, .F. ) ;
#2563 = UNCERTAINTY_MEASURE_WITH_UNIT (LENGTH_MEASURE( 1.000000000000000082E-05 ), #4199, 'distance_accuracy_value', 'NONE');
#2564 = PRESENTATION_STYLE_ASSIGNMENT (( #8798 ) ) ;
#2565 = VERTEX_POINT ( 'NONE', #6232 ) ;
#2566 = EDGE_CURVE ( 'NONE', #7927, #375, #4719, .T. ) ;
#2567 =( NAMED_UNIT ( * ) PLANE_ANGLE_UNIT ( ) SI_UNIT ( $, .RADIAN. ) );
#2568 =( GEOMETRIC_REPRESENTATION_CONTEXT ( 3 ) GLOBAL_UNCERTAINTY_ASSIGNED_CONTEXT ( ( #4682 ) ) GLOBAL_UNIT_ASSIGNED_CONTEXT ( ( #7679, #8425, #9198 ) ) REPRESENTATION_CONTEXT ( 'NONE', 'WORKASPACE' ) );
#2569 =( LENGTH_UNIT ( ) NAMED_UNIT ( * ) SI_UNIT ( .MILLI., .METRE. ) );
#2570 = AXIS2_PLACEMENT_3D ( 'NONE', #4126, #330, #6386 ) ;
#2571 = EDGE_LOOP ( 'NONE', ( #2768, #5294, #995, #5053, #6642 ) ) ;
#2572 = DIRECTION ( 'NONE',  ( 0.000000000000000000, 0.7578075450417297576, -0.6524781411494385841 ) ) ;
#2573 = ORIENTED_EDGE ( 'NONE', *, *, #7597, .F. ) ;
#2574 = LINE ( 'NONE', #7086, #2127 ) ;
#2575 = MANIFOLD_SOLID_BREP ( 'Sweep19', #9508 ) ;
#2576 = LINE ( 'NONE', #8140, #4095 ) ;
#2577 = EDGE_CURVE ( 'NONE', #8215, #5037, #6376, .T. ) ;
#2578 = VERTEX_POINT ( 'NONE', #8775 ) ;
#2579 = VECTOR ( 'NONE', #5105, 1000.000000000000000 ) ;
#2580 = AXIS2_PLACEMENT_3D ( 'NONE', #3655, #4376, #4406 ) ;
#2581 = FILL_AREA_STYLE_COLOUR ( '', #8477 ) ;
#2582 = UNCERTAINTY_MEASURE_WITH_UNIT (LENGTH_MEASURE( 1.000000000000000082E-05 ), #4699, 'distance_accuracy_value', 'NONE');
#2583 = DIRECTION ( 'NONE',  ( 0.9825750242013555624, 0.000000000000000000, 0.1858664085188750648 ) ) ;
#2584 =( NAMED_UNIT ( * ) PLANE_ANGLE_UNIT ( ) SI_UNIT ( $, .RADIAN. ) );
#2585 = FACE_OUTER_BOUND ( 'NONE', #7859, .T. ) ;
#2586 = SURFACE_STYLE_USAGE ( .BOTH. , #5596 ) ;
#2587 =( GEOMETRIC_REPRESENTATION_CONTEXT ( 3 ) GLOBAL_UNCERTAINTY_ASSIGNED_CONTEXT ( ( #2427 ) ) GLOBAL_UNIT_ASSIGNED_CONTEXT ( ( #9729, #621, #5168 ) ) REPRESENTATION_CONTEXT ( 'NONE', 'WORKASPACE' ) );
#2588 = SURFACE_STYLE_USAGE ( .BOTH. , #1880 ) ;
#2589 = VERTEX_POINT ( 'NONE', #2450 ) ;
#2590 = SURFACE_SIDE_STYLE ('',( #951 ) ) ;
#2591 = ORIENTED_EDGE ( 'NONE', *, *, #626, .F. ) ;
#2592 = CARTESIAN_POINT ( 'NONE',  ( 0.03211515236786301186, -0.6426664822826733126, -0.4278949585905497677 ) ) ;
#2593 = STYLED_ITEM ( 'NONE', ( #5321 ), #3823 ) ;
#2594 = UNCERTAINTY_MEASURE_WITH_UNIT (LENGTH_MEASURE( 1.000000000000000082E-05 ), #8399, 'distance_accuracy_value', 'NONE');
#2595 =( NAMED_UNIT ( * ) PLANE_ANGLE_UNIT ( ) SI_UNIT ( $, .RADIAN. ) );
#2596 = TOROIDAL_SURFACE ( 'NONE', #6994, 0.04999999999999994726, 0.02499999999999996669 ) ;
#2597 =( NAMED_UNIT ( * ) PLANE_ANGLE_UNIT ( ) SI_UNIT ( $, .RADIAN. ) );
#2598 =( GEOMETRIC_REPRESENTATION_CONTEXT ( 3 ) GLOBAL_UNCERTAINTY_ASSIGNED_CONTEXT ( ( #7879 ) ) GLOBAL_UNIT_ASSIGNED_CONTEXT ( ( #7798, #207, #4018 ) ) REPRESENTATION_CONTEXT ( 'NONE', 'WORKASPACE' ) );
#2599 = FACE_OUTER_BOUND ( 'NONE', #5155, .T. ) ;
#2600 = SURFACE_STYLE_FILL_AREA ( #8671 ) ;
#2601 = ORIENTED_EDGE ( 'NONE', *, *, #1571, .F. ) ;
#2602 = ADVANCED_FACE ( 'NONE', ( #8181, #1307 ), #6044, .T. ) ;
#2603 = AXIS2_PLACEMENT_3D ( 'NONE', #8888, #571, #8989 ) ;
#2604 = PRESENTATION_STYLE_ASSIGNMENT (( #3609 ) ) ;
#2605 = ORIENTED_EDGE ( 'NONE', *, *, #1533, .F. ) ;
#2606 = EDGE_CURVE ( 'NONE', #444, #444, #7341, .T. ) ;
#2607 = MECHANICAL_DESIGN_GEOMETRIC_PRESENTATION_REPRESENTATION (  '', ( #1082 ), #4627 ) ;
#2608 = FILL_AREA_STYLE_COLOUR ( '', #8367 ) ;
#2609 = MECHANICAL_DESIGN_GEOMETRIC_PRESENTATION_REPRESENTATION (  '', ( #1432 ), #4631 ) ;
#2610 = DIRECTION ( 'NONE',  ( 0.000000000000000000, 0.000000000000000000, 1.000000000000000000 ) ) ;
#2611 = COLOUR_RGB ( '',1.000000000000000000, 0.7529411764705882248, 0.7529411764705882248 ) ;
#2612 = STYLED_ITEM ( 'NONE', ( #3610 ), #5830 ) ;
#2613 = VECTOR ( 'NONE', #3067, 1000.000000000000000 ) ;
#2614 = LINE ( 'NONE', #1268, #1190 ) ;
#2615 =( NAMED_UNIT ( * ) SI_UNIT ( $, .STERADIAN. ) SOLID_ANGLE_UNIT ( ) );
#2616 = CARTESIAN_POINT ( 'NONE',  ( 0.5099632742307173006, 0.000000000000000000, -0.5999999999999999778 ) ) ;
#2617 =( NAMED_UNIT ( * ) SI_UNIT ( $, .STERADIAN. ) SOLID_ANGLE_UNIT ( ) );
#2618 =( LENGTH_UNIT ( ) NAMED_UNIT ( * ) SI_UNIT ( .MILLI., .METRE. ) );
#2619 = ORIENTED_EDGE ( 'NONE', *, *, #3586, .F. ) ;
#2620 = CARTESIAN_POINT ( 'NONE',  ( 1.000000000000000444, -0.5949999999999999734, 0.1508640183740635465 ) ) ;
#2621 = CARTESIAN_POINT ( 'NONE',  ( -0.1244356243949659852, -0.5949999999999998623, -0.4753533397870280952 ) ) ;
#2622 = STYLED_ITEM ( 'NONE', ( #8799 ), #1651 ) ;
#2623 = STYLED_ITEM ( 'NONE', ( #8230 ), #8593 ) ;
#2624 = MECHANICAL_DESIGN_GEOMETRIC_PRESENTATION_REPRESENTATION (  '', ( #1162 ), #8803 ) ;
#2625 = UNCERTAINTY_MEASURE_WITH_UNIT (LENGTH_MEASURE( 1.000000000000000082E-05 ), #5962, 'distance_accuracy_value', 'NONE');
#2626 = SURFACE_STYLE_USAGE ( .BOTH. , #1102 ) ;
#2627 = CARTESIAN_POINT ( 'NONE',  ( 1.000000000000000000, -0.2000000000000000111, 0.5999999999999999778 ) ) ;
#2628 = PLANE ( 'NONE',  #5035 ) ;
#2629 = SURFACE_STYLE_USAGE ( .BOTH. , #8744 ) ;
#2630 = SURFACE_STYLE_FILL_AREA ( #7687 ) ;
#2631 = VECTOR ( 'NONE', #6325, 1000.000000000000000 ) ;
#2632 = EDGE_LOOP ( 'NONE', ( #4104, #7766, #2294, #7303 ) ) ;
#2633 = ORIENTED_EDGE ( 'NONE', *, *, #4998, .T. ) ;
#2634 = PLANE ( 'NONE',  #9106 ) ;
#2635 = PRESENTATION_LAYER_ASSIGNMENT (  '', '', ( #9696 ) ) ;
#2636 = PRESENTATION_STYLE_ASSIGNMENT (( #9471 ) ) ;
#2637 = VECTOR ( 'NONE', #4982, 1000.000000000000000 ) ;
#2638 = DIRECTION ( 'NONE',  ( -0.09334070869305828577, 0.000000000000000000, 0.9956342260592880855 ) ) ;
#2639 =( NAMED_UNIT ( * ) SI_UNIT ( $, .STERADIAN. ) SOLID_ANGLE_UNIT ( ) );
#2640 = EDGE_CURVE ( 'NONE', #2258, #2258, #5318, .T. ) ;
#2641 = CARTESIAN_POINT ( 'NONE',  ( -0.3850000000000000089, -0.2750000000000000777, -0.4799999999999999822 ) ) ;
#2642 = AXIS2_PLACEMENT_3D ( 'NONE', #4372, #3554, #595 ) ;
#2643 = UNCERTAINTY_MEASURE_WITH_UNIT (LENGTH_MEASURE( 1.000000000000000082E-05 ), #5305, 'distance_accuracy_value', 'NONE');
#2644 = VECTOR ( 'NONE', #4777, 1000.000000000000000 ) ;
#2645 = FACE_OUTER_BOUND ( 'NONE', #6821, .T. ) ;
#2646 = ORIENTED_EDGE ( 'NONE', *, *, #500, .F. ) ;
#2647 = SURFACE_SIDE_STYLE ('',( #2366 ) ) ;
#2648 = CARTESIAN_POINT ( 'NONE',  ( 0.1475643756050340483, -0.2296466602129719481, -0.4299999999999999933 ) ) ;
#2649 = PRESENTATION_LAYER_ASSIGNMENT (  '', '', ( #9460 ) ) ;
#2650 = ORIENTED_EDGE ( 'NONE', *, *, #4062, .T. ) ;
#2651 = CARTESIAN_POINT ( 'NONE',  ( 0.5099632742307173006, -0.5949999999999999734, 0.4249999999999999889 ) ) ;
#2652 =( NAMED_UNIT ( * ) PLANE_ANGLE_UNIT ( ) SI_UNIT ( $, .RADIAN. ) );
#2653 = ORIENTED_EDGE ( 'NONE', *, *, #6584, .F. ) ;
#2654 =( NAMED_UNIT ( * ) PLANE_ANGLE_UNIT ( ) SI_UNIT ( $, .RADIAN. ) );
#2655 =( GEOMETRIC_REPRESENTATION_CONTEXT ( 3 ) GLOBAL_UNCERTAINTY_ASSIGNED_CONTEXT ( ( #7296 ) ) GLOBAL_UNIT_ASSIGNED_CONTEXT ( ( #7684, #6871, #9138 ) ) REPRESENTATION_CONTEXT ( 'NONE', 'WORKASPACE' ) );
#2656 = FACE_OUTER_BOUND ( 'NONE', #2884, .T. ) ;
#2657 = ORIENTED_EDGE ( 'NONE', *, *, #2357, .T. ) ;
#2658 = FACE_OUTER_BOUND ( 'NONE', #1887, .T. ) ;
#2659 =( GEOMETRIC_REPRESENTATION_CONTEXT ( 3 ) GLOBAL_UNCERTAINTY_ASSIGNED_CONTEXT ( ( #8198 ) ) GLOBAL_UNIT_ASSIGNED_CONTEXT ( ( #9550, #1334, #2695 ) ) REPRESENTATION_CONTEXT ( 'NONE', 'WORKASPACE' ) );
#2660 =( GEOMETRIC_REPRESENTATION_CONTEXT ( 3 ) GLOBAL_UNCERTAINTY_ASSIGNED_CONTEXT ( ( #6057 ) ) GLOBAL_UNIT_ASSIGNED_CONTEXT ( ( #7112, #7144, #9579 ) ) REPRESENTATION_CONTEXT ( 'NONE', 'WORKASPACE' ) );
#2661 = SURFACE_SIDE_STYLE ('',( #8131 ) ) ;
#2662 = VERTEX_POINT ( 'NONE', #1627 ) ;
#2663 = CARTESIAN_POINT ( 'NONE',  ( -0.5099632742307173006, -0.1999999999999999833, 0.5999999999999999778 ) ) ;
#2664 = ORIENTED_EDGE ( 'NONE', *, *, #8071, .F. ) ;
#2665 = STYLED_ITEM ( 'NONE', ( #7622 ), #4928 ) ;
#2666 = FILL_AREA_STYLE ('',( #4319 ) ) ;
#2667 = ORIENTED_EDGE ( 'NONE', *, *, #340, .T. ) ;
#2668 = SURFACE_STYLE_USAGE ( .BOTH. , #7210 ) ;
#2669 = PLANE ( 'NONE',  #6608 ) ;
#2670 = FACE_OUTER_BOUND ( 'NONE', #7257, .T. ) ;
#2671 = UNCERTAINTY_MEASURE_WITH_UNIT (LENGTH_MEASURE( 1.000000000000000082E-05 ), #7090, 'distance_accuracy_value', 'NONE');
#2672 = DIRECTION ( 'NONE',  ( -1.000000000000000000, -0.000000000000000000, -0.000000000000000000 ) ) ;
#2673 = AXIS2_PLACEMENT_3D ( 'NONE', #5456, #4145, #8623 ) ;
#2674 = CIRCLE ( 'NONE', #6321, 0.02500000000000002567 ) ;
#2675 = FILL_AREA_STYLE ('',( #2318 ) ) ;
#2676 = CARTESIAN_POINT ( 'NONE',  ( 0.4699999999999998623, -0.6499999999999998002, -0.3750000000000000555 ) ) ;
#2677 = CARTESIAN_POINT ( 'NONE',  ( 0.2903329645653460189, -0.5949999999999997513, -0.4302182886970357112 ) ) ;
#2678 = CARTESIAN_POINT ( 'NONE',  ( -1.000000000000000000, -0.1999999999999999833, 0.4249999999999999889 ) ) ;
#2679 = EDGE_LOOP ( 'NONE', ( #8031 ) ) ;
#2680 = VERTEX_POINT ( 'NONE', #6560 ) ;
#2681 = ORIENTED_EDGE ( 'NONE', *, *, #8180, .T. ) ;
#2682 = FACE_OUTER_BOUND ( 'NONE', #5269, .T. ) ;
#2683 = MECHANICAL_DESIGN_GEOMETRIC_PRESENTATION_REPRESENTATION (  '', ( #2219 ), #160 ) ;
#2684 = SURFACE_STYLE_USAGE ( .BOTH. , #5615 ) ;
#2685 = VERTEX_POINT ( 'NONE', #1916 ) ;
#2686 = EDGE_LOOP ( 'NONE', ( #4006 ) ) ;
#2687 = UNCERTAINTY_MEASURE_WITH_UNIT (LENGTH_MEASURE( 1.000000000000000082E-05 ), #78, 'distance_accuracy_value', 'NONE');
#2688 = DIRECTION ( 'NONE',  ( 0.000000000000000000, 0.000000000000000000, -1.000000000000000000 ) ) ;
#2689 = EDGE_CURVE ( 'NONE', #4544, #1859, #5690, .T. ) ;
#2690 = PRESENTATION_LAYER_ASSIGNMENT (  '', '', ( #9331 ) ) ;
#2691 = EDGE_LOOP ( 'NONE', ( #2540 ) ) ;
#2692 = PRESENTATION_STYLE_ASSIGNMENT (( #3630 ) ) ;
#2693 = SURFACE_SIDE_STYLE ('',( #5589 ) ) ;
#2694 =( NAMED_UNIT ( * ) PLANE_ANGLE_UNIT ( ) SI_UNIT ( $, .RADIAN. ) );
#2695 =( NAMED_UNIT ( * ) SI_UNIT ( $, .STERADIAN. ) SOLID_ANGLE_UNIT ( ) );
#2696 = CARTESIAN_POINT ( 'NONE',  ( -0.4522282473117545387, 0.000000000000000000, -0.4999999999999998890 ) ) ;
#2697 = FACE_OUTER_BOUND ( 'NONE', #1761, .T. ) ;
#2698 = VECTOR ( 'NONE', #733, 1000.000000000000000 ) ;
#2699 = EDGE_LOOP ( 'NONE', ( #9015 ) ) ;
#2700 = CIRCLE ( 'NONE', #2073, 0.02500000000000002914 ) ;
#2701 = CARTESIAN_POINT ( 'NONE',  ( 0.5199999999999999067, -0.6999999999999997335, -0.3999999999999999112 ) ) ;
#2702 = CARTESIAN_POINT ( 'NONE',  ( -0.04855077676283003213, -0.6426664822826733126, 0.4325416188035215992 ) ) ;
#2703 = DIRECTION ( 'NONE',  ( -0.9956342260592881965, -0.000000000000000000, -0.09334070869305820251 ) ) ;
#2704 = AXIS2_PLACEMENT_3D ( 'NONE', #8120, #578, #8458 ) ;
#2705 = EDGE_LOOP ( 'NONE', ( #9406, #2765, #3707, #3109 ) ) ;
#2706 = AXIS2_PLACEMENT_3D ( 'NONE', #9207, #3837, #5334 ) ;
#2707 = ADVANCED_FACE ( 'NONE', ( #2166 ), #9239, .F. ) ;
#2708 =( NAMED_UNIT ( * ) SI_UNIT ( $, .STERADIAN. ) SOLID_ANGLE_UNIT ( ) );
#2709 = SURFACE_STYLE_FILL_AREA ( #9153 ) ;
#2710 = FILL_AREA_STYLE_COLOUR ( '', #9484 ) ;
#2711 = STYLED_ITEM ( 'NONE', ( #7801 ), #7023 ) ;
#2712 = EDGE_LOOP ( 'NONE', ( #1393 ) ) ;
#2713 = FILL_AREA_STYLE ('',( #3346 ) ) ;
#2714 = CIRCLE ( 'NONE', #7915, 0.02500000000000001180 ) ;
#2715 = CYLINDRICAL_SURFACE ( 'NONE', #2943, 0.02500000000000003955 ) ;
#2716 =( NAMED_UNIT ( * ) PLANE_ANGLE_UNIT ( ) SI_UNIT ( $, .RADIAN. ) );
#2717 = EDGE_LOOP ( 'NONE', ( #6116 ) ) ;
#2718 = CARTESIAN_POINT ( 'NONE',  ( 0.8170483142762321460, -0.9300000000000001599, 0.3999999999999992450 ) ) ;
#2719 = TOROIDAL_SURFACE ( 'NONE', #6184, 0.05000000000000002359, 0.02500000000000002914 ) ;
#2720 = EDGE_CURVE ( 'NONE', #8292, #8292, #5924, .T. ) ;
#2721 = FACE_OUTER_BOUND ( 'NONE', #5283, .T. ) ;
#2722 = FACE_OUTER_BOUND ( 'NONE', #2240, .T. ) ;
#2723 = PRESENTATION_LAYER_ASSIGNMENT (  '', '', ( #503 ) ) ;
#2724 = CARTESIAN_POINT ( 'NONE',  ( 0.9750000000000001998, -0.1999999999999999833, -0.5749999999999998446 ) ) ;
#2725 = MECHANICAL_DESIGN_GEOMETRIC_PRESENTATION_REPRESENTATION (  '', ( #4758 ), #7665 ) ;
#2726 = FILL_AREA_STYLE ('',( #2215 ) ) ;
#2727 = CARTESIAN_POINT ( 'NONE',  ( -1.000000000000000000, -0.2000000000000000111, 0.5999999999999999778 ) ) ;
#2728 = SURFACE_STYLE_FILL_AREA ( #2234 ) ;
#2729 = FACE_OUTER_BOUND ( 'NONE', #5788, .T. ) ;
#2730 =( LENGTH_UNIT ( ) NAMED_UNIT ( * ) SI_UNIT ( .MILLI., .METRE. ) );
#2731 = FILL_AREA_STYLE ('',( #7287 ) ) ;
#2732 = TOROIDAL_SURFACE ( 'NONE', #9559, 0.05000000000000002359, 0.02500000000000002914 ) ;
#2733 = DIRECTION ( 'NONE',  ( -1.000000000000000000, -0.000000000000000000, -0.000000000000000000 ) ) ;
#2734 = COLOUR_RGB ( '',1.000000000000000000, 0.7529411764705882248, 0.7529411764705882248 ) ;
#2735 =( NAMED_UNIT ( * ) PLANE_ANGLE_UNIT ( ) SI_UNIT ( $, .RADIAN. ) );
#2736 = AXIS2_PLACEMENT_3D ( 'NONE', #4193, #1198, #4162 ) ;
#2737 = EDGE_LOOP ( 'NONE', ( #650 ) ) ;
#2738 = CARTESIAN_POINT ( 'NONE',  ( -0.1639999999999998403, -0.5949999999999997513, 0.4799999999999999822 ) ) ;
#2739 = MECHANICAL_DESIGN_GEOMETRIC_PRESENTATION_REPRESENTATION (  '', ( #6355 ), #9749 ) ;
#2740 = COLOUR_RGB ( '',1.000000000000000000, 0.7529411764705882248, 0.7529411764705882248 ) ;
#2741 = DIRECTION ( 'NONE',  ( 1.000000000000000000, 0.000000000000000000, 0.000000000000000000 ) ) ;
#2742 = AXIS2_PLACEMENT_3D ( 'NONE', #6940, #8439, #9332 ) ;
#2743 = FACE_OUTER_BOUND ( 'NONE', #4775, .T. ) ;
#2744 = DIRECTION ( 'NONE',  ( -1.000000000000000000, -0.000000000000000000, -0.000000000000000000 ) ) ;
#2745 = CARTESIAN_POINT ( 'NONE',  ( -0.5699999999999998401, -0.9249999999999999334, 0.4000000000000000222 ) ) ;
#2746 = FILL_AREA_STYLE_COLOUR ( '', #4388 ) ;
#2747 = ORIENTED_EDGE ( 'NONE', *, *, #2098, .T. ) ;
#2748 = VECTOR ( 'NONE', #3177, 1000.000000000000000 ) ;
#2749 = FACE_OUTER_BOUND ( 'NONE', #8525, .T. ) ;
#2750 = EDGE_CURVE ( 'NONE', #9305, #421, #8897, .T. ) ;
#2751 = CARTESIAN_POINT ( 'NONE',  ( -0.2999999999999998779, -0.5949999999999997513, 0.4799999999999999822 ) ) ;
#2752 = CIRCLE ( 'NONE', #783, 0.02499999999999995628 ) ;
#2753 = AXIS2_PLACEMENT_3D ( 'NONE', #1923, #3498, #2784 ) ;
#2754 = SURFACE_STYLE_FILL_AREA ( #7494 ) ;
#2755 =( NAMED_UNIT ( * ) PLANE_ANGLE_UNIT ( ) SI_UNIT ( $, .RADIAN. ) );
#2756 = ORIENTED_EDGE ( 'NONE', *, *, #3413, .T. ) ;
#2757 = FILL_AREA_STYLE ('',( #641 ) ) ;
#2758 =( NAMED_UNIT ( * ) PLANE_ANGLE_UNIT ( ) SI_UNIT ( $, .RADIAN. ) );
#2759 = PRESENTATION_STYLE_ASSIGNMENT (( #4933 ) ) ;
#2760 = STYLED_ITEM ( 'NONE', ( #5193 ), #9833 ) ;
#2761 = UNCERTAINTY_MEASURE_WITH_UNIT (LENGTH_MEASURE( 1.000000000000000082E-05 ), #3834, 'distance_accuracy_value', 'NONE');
#2762 = FACE_OUTER_BOUND ( 'NONE', #1638, .T. ) ;
#2763 = DIRECTION ( 'NONE',  ( -0.000000000000000000, -1.000000000000000000, -0.000000000000000000 ) ) ;
#2764 =( NAMED_UNIT ( * ) PLANE_ANGLE_UNIT ( ) SI_UNIT ( $, .RADIAN. ) );
#2765 = ORIENTED_EDGE ( 'NONE', *, *, #2038, .F. ) ;
#2766 = FACE_OUTER_BOUND ( 'NONE', #8358, .T. ) ;
#2767 =( LENGTH_UNIT ( ) NAMED_UNIT ( * ) SI_UNIT ( .MILLI., .METRE. ) );
#2768 = ORIENTED_EDGE ( 'NONE', *, *, #6728, .F. ) ;
#2769 = DIRECTION ( 'NONE',  ( 0.000000000000000000, 0.000000000000000000, 1.000000000000000000 ) ) ;
#2770 =( GEOMETRIC_REPRESENTATION_CONTEXT ( 3 ) GLOBAL_UNCERTAINTY_ASSIGNED_CONTEXT ( ( #5174 ) ) GLOBAL_UNIT_ASSIGNED_CONTEXT ( ( #756, #1442, #4459 ) ) REPRESENTATION_CONTEXT ( 'NONE', 'WORKASPACE' ) );
#2771 =( NAMED_UNIT ( * ) SI_UNIT ( $, .STERADIAN. ) SOLID_ANGLE_UNIT ( ) );
#2772 =( NAMED_UNIT ( * ) PLANE_ANGLE_UNIT ( ) SI_UNIT ( $, .RADIAN. ) );
#2773 = CIRCLE ( 'NONE', #948, 0.02500000000000002567 ) ;
#2774 = ADVANCED_FACE ( 'NONE', ( #4954, #7943 ), #442, .T. ) ;
#2775 = SURFACE_SIDE_STYLE ('',( #5535 ) ) ;
#2776 = CARTESIAN_POINT ( 'NONE',  ( 0.4099999999999999756, -0.2750000000000000777, 0.4799999999999999822 ) ) ;
#2777 = MECHANICAL_DESIGN_GEOMETRIC_PRESENTATION_REPRESENTATION (  '', ( #6033 ), #5706 ) ;
#2778 = CARTESIAN_POINT ( 'NONE',  ( 1.000000000000000000, -0.2000000000000000111, 0.5999999999999999778 ) ) ;
#2779 = FILL_AREA_STYLE ('',( #126 ) ) ;
#2780 = ORIENTED_EDGE ( 'NONE', *, *, #8531, .T. ) ;
#2781 = FACE_OUTER_BOUND ( 'NONE', #7073, .T. ) ;
#2782 = DIRECTION ( 'NONE',  ( 0.000000000000000000, -0.000000000000000000, 1.000000000000000000 ) ) ;
#2783 =( LENGTH_UNIT ( ) NAMED_UNIT ( * ) SI_UNIT ( .MILLI., .METRE. ) );
#2784 = DIRECTION ( 'NONE',  ( 0.000000000000000000, 0.000000000000000000, -1.000000000000000000 ) ) ;
#2785 = DIRECTION ( 'NONE',  ( 0.000000000000000000, 0.000000000000000000, 1.000000000000000000 ) ) ;
#2786 = AXIS2_PLACEMENT_3D ( 'NONE', #5004, #2000, #1256 ) ;
#2787 = ORIENTED_EDGE ( 'NONE', *, *, #9762, .F. ) ;
#2788 =( NAMED_UNIT ( * ) PLANE_ANGLE_UNIT ( ) SI_UNIT ( $, .RADIAN. ) );
#2789 = EDGE_CURVE ( 'NONE', #7585, #7585, #9588, .T. ) ;
#2790 = SURFACE_STYLE_FILL_AREA ( #300 ) ;
#2791 =( GEOMETRIC_REPRESENTATION_CONTEXT ( 3 ) GLOBAL_UNCERTAINTY_ASSIGNED_CONTEXT ( ( #3824 ) ) GLOBAL_UNIT_ASSIGNED_CONTEXT ( ( #1948, #7222, #3461 ) ) REPRESENTATION_CONTEXT ( 'NONE', 'WORKASPACE' ) );
#2792 = ORIENTED_EDGE ( 'NONE', *, *, #6382, .T. ) ;
#2793 = COLOUR_RGB ( '',1.000000000000000000, 0.7529411764705882248, 0.7529411764705882248 ) ;
#2794 = FILL_AREA_STYLE_COLOUR ( '', #7188 ) ;
#2795 = AXIS2_PLACEMENT_3D ( 'NONE', #8558, #2494, #4718 ) ;
#2796 = AXIS2_PLACEMENT_3D ( 'NONE', #9413, #4009, #5653 ) ;
#2797 = CARTESIAN_POINT ( 'NONE',  ( -0.2999999999999999334, -0.2250000000000000611, 0.3799999999999999489 ) ) ;
#2798 = PRESENTATION_STYLE_ASSIGNMENT (( #3357 ) ) ;
#2799 = DIRECTION ( 'NONE',  ( 0.09334070869305829965, 0.000000000000000000, -0.9956342260592883076 ) ) ;
#2800 = ORIENTED_EDGE ( 'NONE', *, *, #7978, .F. ) ;
#2801 = UNCERTAINTY_MEASURE_WITH_UNIT (LENGTH_MEASURE( 1.000000000000000082E-05 ), #1709, 'distance_accuracy_value', 'NONE');
#2802 = VERTEX_POINT ( 'NONE', #5809 ) ;
#2803 = SURFACE_STYLE_USAGE ( .BOTH. , #1774 ) ;
#2804 = EDGE_LOOP ( 'NONE', ( #8454 ) ) ;
#2805 = STYLED_ITEM ( 'NONE', ( #946 ), #4968 ) ;
#2806 = CARTESIAN_POINT ( 'NONE',  ( 0.1230000000000001231, -0.2750000000000000777, -0.4299999999999999378 ) ) ;
#2807 =( GEOMETRIC_REPRESENTATION_CONTEXT ( 3 ) GLOBAL_UNCERTAINTY_ASSIGNED_CONTEXT ( ( #1625 ) ) GLOBAL_UNIT_ASSIGNED_CONTEXT ( ( #8952, #8207, #8070 ) ) REPRESENTATION_CONTEXT ( 'NONE', 'WORKASPACE' ) );
#2808 = ADVANCED_FACE ( 'NONE', ( #3745 ), #679, .T. ) ;
#2809 =( NAMED_UNIT ( * ) PLANE_ANGLE_UNIT ( ) SI_UNIT ( $, .RADIAN. ) );
#2810 = COLOUR_RGB ( '',1.000000000000000000, 0.7529411764705882248, 0.7529411764705882248 ) ;
#2811 = DIRECTION ( 'NONE',  ( 1.000000000000000000, 0.000000000000000000, -2.194312022856437318E-15 ) ) ;
#2812 = AXIS2_PLACEMENT_3D ( 'NONE', #2128, #599, #5108 ) ;
#2813 = SURFACE_STYLE_USAGE ( .BOTH. , #9584 ) ;
#2814 = DIRECTION ( 'NONE',  ( 0.2801944331475866301, -0.3437174971695491354, -0.8962975854997065062 ) ) ;
#2815 = CIRCLE ( 'NONE', #6262, 0.02500000000000003261 ) ;
#2816 = AXIS2_PLACEMENT_3D ( 'NONE', #2797, #4312, #6022 ) ;
#2817 = COLOUR_RGB ( '',1.000000000000000000, 0.7529411764705882248, 0.7529411764705882248 ) ;
#2818 = VERTEX_POINT ( 'NONE', #1885 ) ;
#2819 = FILL_AREA_STYLE_COLOUR ( '', #401 ) ;
#2820 = CARTESIAN_POINT ( 'NONE',  ( -0.4836286926444010592, -0.6466423700070998981, -0.4375351828256194842 ) ) ;
#2821 = SURFACE_SIDE_STYLE ('',( #8285 ) ) ;
#2822 = FILL_AREA_STYLE ('',( #4228 ) ) ;
#2823 =( LENGTH_UNIT ( ) NAMED_UNIT ( * ) SI_UNIT ( .MILLI., .METRE. ) );
#2824 = FILL_AREA_STYLE ('',( #1241 ) ) ;
#2825 =( NAMED_UNIT ( * ) SI_UNIT ( $, .STERADIAN. ) SOLID_ANGLE_UNIT ( ) );
#2826 = STYLED_ITEM ( 'NONE', ( #9552 ), #2343 ) ;
#2827 = FACE_OUTER_BOUND ( 'NONE', #7313, .T. ) ;
#2828 = FILL_AREA_STYLE ('',( #903 ) ) ;
#2829 =( NAMED_UNIT ( * ) PLANE_ANGLE_UNIT ( ) SI_UNIT ( $, .RADIAN. ) );
#2830 = UNCERTAINTY_MEASURE_WITH_UNIT (LENGTH_MEASURE( 1.000000000000000082E-05 ), #6207, 'distance_accuracy_value', 'NONE');
#2831 =( NAMED_UNIT ( * ) SI_UNIT ( $, .STERADIAN. ) SOLID_ANGLE_UNIT ( ) );
#2832 = COLOUR_RGB ( '',1.000000000000000000, 1.000000000000000000, 1.000000000000000000 ) ;
#2833 = FILL_AREA_STYLE ('',( #7344 ) ) ;
#2834 = CARTESIAN_POINT ( 'NONE',  ( -0.2099999999999999090, -0.2250000000000000611, -0.3799999999999999489 ) ) ;
#2835 =( NAMED_UNIT ( * ) SI_UNIT ( $, .STERADIAN. ) SOLID_ANGLE_UNIT ( ) );
#2836 = EDGE_CURVE ( 'NONE', #5299, #5299, #6746, .T. ) ;
#2837 = AXIS2_PLACEMENT_3D ( 'NONE', #1976, #4327, #6593 ) ;
#2838 = FILL_AREA_STYLE ('',( #9547 ) ) ;
#2839 = VECTOR ( 'NONE', #3880, 1000.000000000000000 ) ;
#2840 = SURFACE_STYLE_USAGE ( .BOTH. , #4457 ) ;
#2841 = FACE_OUTER_BOUND ( 'NONE', #1928, .T. ) ;
#2842 = DIRECTION ( 'NONE',  ( -1.000000000000000000, 0.000000000000000000, -1.204669080539449097E-16 ) ) ;
#2843 = VERTEX_POINT ( 'NONE', #2616 ) ;
#2844 = COLOUR_RGB ( '',1.000000000000000000, 0.7529411764705882248, 0.7529411764705882248 ) ;
#2845 =( LENGTH_UNIT ( ) NAMED_UNIT ( * ) SI_UNIT ( .MILLI., .METRE. ) );
#2846 = CARTESIAN_POINT ( 'NONE',  ( -1.000000000000000000, -0.2250000000000000056, 0.5999999999999999778 ) ) ;
#2847 = CARTESIAN_POINT ( 'NONE',  ( 0.8170483142762321460, -0.9110548113739569409, 0.4163119535287351791 ) ) ;
#2848 =( LENGTH_UNIT ( ) NAMED_UNIT ( * ) SI_UNIT ( .MILLI., .METRE. ) );
#2849 = CARTESIAN_POINT ( 'NONE',  ( 0.4522282473117545387, 0.000000000000000000, 0.4999999999999998890 ) ) ;
#2850 = FILL_AREA_STYLE_COLOUR ( '', #4572 ) ;
#2851 =( GEOMETRIC_REPRESENTATION_CONTEXT ( 3 ) GLOBAL_UNCERTAINTY_ASSIGNED_CONTEXT ( ( #3179 ) ) GLOBAL_UNIT_ASSIGNED_CONTEXT ( ( #7138, #7910, #8009 ) ) REPRESENTATION_CONTEXT ( 'NONE', 'WORKASPACE' ) );
#2852 =( LENGTH_UNIT ( ) NAMED_UNIT ( * ) SI_UNIT ( .MILLI., .METRE. ) );
#2853 = CARTESIAN_POINT ( 'NONE',  ( 0.2550000000000001710, -0.5949999999999997513, 0.4800000000000000933 ) ) ;
#2854 = DIRECTION ( 'NONE',  ( 0.000000000000000000, 0.000000000000000000, 1.000000000000000000 ) ) ;
#2855 = MECHANICAL_DESIGN_GEOMETRIC_PRESENTATION_REPRESENTATION (  '', ( #3190 ), #1144 ) ;
#2856 = FILL_AREA_STYLE ('',( #3624 ) ) ;
#2857 = EDGE_LOOP ( 'NONE', ( #8774 ) ) ;
#2858 = FILL_AREA_STYLE ('',( #5940 ) ) ;
#2859 = CYLINDRICAL_SURFACE ( 'NONE', #7244, 0.02500000000000001180 ) ;
#2860 = PRESENTATION_LAYER_ASSIGNMENT (  '', '', ( #633 ) ) ;
#2861 = DIRECTION ( 'NONE',  ( 0.000000000000000000, -0.000000000000000000, 1.000000000000000000 ) ) ;
#2862 =( BOUNDED_CURVE ( )  B_SPLINE_CURVE ( 3, ( #4686, #8491, #162, #2433 ),
 .UNSPECIFIED., .F., .F. ) 
 B_SPLINE_CURVE_WITH_KNOTS ( ( 4, 4 ),
 ( 4.712388980384689674, 6.283185307179586232 ),
 .UNSPECIFIED. ) 
 CURVE ( )  GEOMETRIC_REPRESENTATION_ITEM ( )  RATIONAL_B_SPLINE_CURVE ( ( 1.000000000000000000, 0.8047378541243649375, 0.8047378541243649375, 1.000000000000000000 ) ) 
 REPRESENTATION_ITEM ( '' )  );
#2863 = TOROIDAL_SURFACE ( 'NONE', #7538, 0.05000000000000018319, 0.02499999999999996669 ) ;
#2864 = CYLINDRICAL_SURFACE ( 'NONE', #2015, 0.02499999999999995628 ) ;
#2865 = AXIS2_PLACEMENT_3D ( 'NONE', #3669, #708, #4448 ) ;
#2866 = SURFACE_SIDE_STYLE ('',( #9532 ) ) ;
#2867 = DIRECTION ( 'NONE',  ( 0.9912875121006776702, 0.09334070869305804985, 0.09293320425943860097 ) ) ;
#2868 = AXIS2_PLACEMENT_3D ( 'NONE', #9437, #1960, #5684 ) ;
#2869 = STYLED_ITEM ( 'NONE', ( #4040 ), #8437 ) ;
#2870 = MECHANICAL_DESIGN_GEOMETRIC_PRESENTATION_REPRESENTATION (  '', ( #331 ), #5277 ) ;
#2871 = PLANE ( 'NONE',  #7433 ) ;
#2872 = VERTEX_POINT ( 'NONE', #7856 ) ;
#2873 = VERTEX_POINT ( 'NONE', #5563 ) ;
#2874 = FILL_AREA_STYLE ('',( #8085 ) ) ;
#2875 = DIRECTION ( 'NONE',  ( -1.000000000000000000, 0.000000000000000000, 0.000000000000000000 ) ) ;
#2876 = VECTOR ( 'NONE', #5404, 1000.000000000000000 ) ;
#2877 =( NAMED_UNIT ( * ) SI_UNIT ( $, .STERADIAN. ) SOLID_ANGLE_UNIT ( ) );
#2878 = FILL_AREA_STYLE_COLOUR ( '', #8069 ) ;
#2879 = FACE_OUTER_BOUND ( 'NONE', #6765, .T. ) ;
#2880 = COLOUR_RGB ( '',1.000000000000000000, 1.000000000000000000, 1.000000000000000000 ) ;
#2881 =( LENGTH_UNIT ( ) NAMED_UNIT ( * ) SI_UNIT ( .MILLI., .METRE. ) );
#2882 = CARTESIAN_POINT ( 'NONE',  ( -0.07443562439496601013, -0.2750000000000000222, -0.4753533397870281507 ) ) ;
#2883 = PRESENTATION_LAYER_ASSIGNMENT (  '', '', ( #8672 ) ) ;
#2884 = EDGE_LOOP ( 'NONE', ( #2550 ) ) ;
#2885 = SURFACE_SIDE_STYLE ('',( #3910 ) ) ;
#2886 = AXIS2_PLACEMENT_3D ( 'NONE', #3648, #4328, #7500 ) ;
#2887 = UNCERTAINTY_MEASURE_WITH_UNIT (LENGTH_MEASURE( 1.000000000000000082E-05 ), #3722, 'distance_accuracy_value', 'NONE');
#2888 = PRESENTATION_STYLE_ASSIGNMENT (( #2684 ) ) ;
#2889 = CARTESIAN_POINT ( 'NONE',  ( 1.000000000000000444, -0.6199999999999998845, 0.1599632742307184052 ) ) ;
#2890 =( LENGTH_UNIT ( ) NAMED_UNIT ( * ) SI_UNIT ( .MILLI., .METRE. ) );
#2891 = CYLINDRICAL_SURFACE ( 'NONE', #1715, 0.02499999999999995628 ) ;
#2892 = DIRECTION ( 'NONE',  ( 0.09334070869305820251, 0.000000000000000000, -0.9956342260592881965 ) ) ;
#2893 = EDGE_LOOP ( 'NONE', ( #9435, #9343, #7154, #3063 ) ) ;
#2894 = PLANE ( 'NONE',  #8674 ) ;
#2895 = LINE ( 'NONE', #6540, #3355 ) ;
#2896 = EDGE_CURVE ( 'NONE', #3446, #8215, #102, .T. ) ;
#2897 = UNCERTAINTY_MEASURE_WITH_UNIT (LENGTH_MEASURE( 1.000000000000000082E-05 ), #1681, 'distance_accuracy_value', 'NONE');
#2898 = PRESENTATION_LAYER_ASSIGNMENT (  '', '', ( #7551 ) ) ;
#2899 =( NAMED_UNIT ( * ) SI_UNIT ( $, .STERADIAN. ) SOLID_ANGLE_UNIT ( ) );
#2900 = VECTOR ( 'NONE', #6624, 1000.000000000000000 ) ;
#2901 = FILL_AREA_STYLE_COLOUR ( '', #9194 ) ;
#2902 = ORIENTED_EDGE ( 'NONE', *, *, #562, .T. ) ;
#2903 = PRESENTATION_STYLE_ASSIGNMENT (( #7398 ) ) ;
#2904 = FILL_AREA_STYLE ('',( #4808 ) ) ;
#2905 = VECTOR ( 'NONE', #5346, 1000.000000000000000 ) ;
#2906 = SURFACE_SIDE_STYLE ('',( #6158 ) ) ;
#2907 = DIRECTION ( 'NONE',  ( 4.336808689942025625E-15, 0.000000000000000000, 1.000000000000000000 ) ) ;
#2908 = ORIENTED_EDGE ( 'NONE', *, *, #3842, .T. ) ;
#2909 = ADVANCED_FACE ( 'NONE', ( #7709 ), #1911, .T. ) ;
#2910 =( NAMED_UNIT ( * ) PLANE_ANGLE_UNIT ( ) SI_UNIT ( $, .RADIAN. ) );
#2911 = DIRECTION ( 'NONE',  ( 0.000000000000000000, 0.000000000000000000, 1.000000000000000000 ) ) ;
#2912 =( GEOMETRIC_REPRESENTATION_CONTEXT ( 3 ) GLOBAL_UNCERTAINTY_ASSIGNED_CONTEXT ( ( #4737 ) ) GLOBAL_UNIT_ASSIGNED_CONTEXT ( ( #5661, #2584, #2639 ) ) REPRESENTATION_CONTEXT ( 'NONE', 'WORKASPACE' ) );
#2913 = DIRECTION ( 'NONE',  ( 0.000000000000000000, 0.000000000000000000, 1.000000000000000000 ) ) ;
#2914 = DIRECTION ( 'NONE',  ( 0.9825750242013554514, -0.1858664085188760362, 0.000000000000000000 ) ) ;
#2915 = DIRECTION ( 'NONE',  ( 2.115516434118055441E-15, 2.797131114389892915E-32, 1.000000000000000000 ) ) ;
#2916 = SURFACE_STYLE_FILL_AREA ( #2675 ) ;
#2917 = STYLED_ITEM ( 'NONE', ( #9347 ), #7031 ) ;
#2918 = FILL_AREA_STYLE_COLOUR ( '', #710 ) ;
#2919 = ORIENTED_EDGE ( 'NONE', *, *, #5590, .T. ) ;
#2920 = PRESENTATION_STYLE_ASSIGNMENT (( #3334 ) ) ;
#2921 = ORIENTED_EDGE ( 'NONE', *, *, #4626, .F. ) ;
#2922 =( NAMED_UNIT ( * ) PLANE_ANGLE_UNIT ( ) SI_UNIT ( $, .RADIAN. ) );
#2923 =( NAMED_UNIT ( * ) SI_UNIT ( $, .STERADIAN. ) SOLID_ANGLE_UNIT ( ) );
#2924 = EDGE_CURVE ( 'NONE', #8164, #8164, #9466, .T. ) ;
#2925 =( NAMED_UNIT ( * ) SI_UNIT ( $, .STERADIAN. ) SOLID_ANGLE_UNIT ( ) );
#2926 = MECHANICAL_DESIGN_GEOMETRIC_PRESENTATION_REPRESENTATION (  '', ( #7825 ), #4053 ) ;
#2927 = SURFACE_STYLE_FILL_AREA ( #5044 ) ;
#2928 = UNCERTAINTY_MEASURE_WITH_UNIT (LENGTH_MEASURE( 1.000000000000000082E-05 ), #32, 'distance_accuracy_value', 'NONE');
#2929 = AXIS2_PLACEMENT_3D ( 'NONE', #1765, #4782, #199 ) ;
#2930 = ADVANCED_FACE ( 'NONE', ( #8520, #8033 ), #7452, .T. ) ;
#2931 = VERTEX_POINT ( 'NONE', #5771 ) ;
#2932 = STYLED_ITEM ( 'NONE', ( #3180 ), #5883 ) ;
#2933 = CARTESIAN_POINT ( 'NONE',  ( 0.2950000000000001510, -0.2750000000000000222, -0.4799999999999999267 ) ) ;
#2934 = DIRECTION ( 'NONE',  ( 0.09334070869305829965, 0.000000000000000000, -0.9956342260592883076 ) ) ;
#2935 =( LENGTH_UNIT ( ) NAMED_UNIT ( * ) SI_UNIT ( .MILLI., .METRE. ) );
#2936 = CARTESIAN_POINT ( 'NONE',  ( 0.01200000000000008872, -0.2750000000000000222, -0.4799999999999999822 ) ) ;
#2937 = VECTOR ( 'NONE', #7860, 1000.000000000000000 ) ;
#2938 =( LENGTH_UNIT ( ) NAMED_UNIT ( * ) SI_UNIT ( .MILLI., .METRE. ) );
#2939 = PRESENTATION_LAYER_ASSIGNMENT (  '', '', ( #2456 ) ) ;
#2940 = DIRECTION ( 'NONE',  ( -0.000000000000000000, -0.000000000000000000, -1.000000000000000000 ) ) ;
#2941 = STYLED_ITEM ( 'NONE', ( #2406 ), #9048 ) ;
#2942 =( LENGTH_UNIT ( ) NAMED_UNIT ( * ) SI_UNIT ( .MILLI., .METRE. ) );
#2943 = AXIS2_PLACEMENT_3D ( 'NONE', #8316, #9370, #4304 ) ;
#2944 = VERTEX_POINT ( 'NONE', #5803 ) ;
#2945 = FILL_AREA_STYLE ('',( #2819 ) ) ;
#2946 = APPLICATION_CONTEXT ( 'automotive_design' ) ;
#2947 = FILL_AREA_STYLE ('',( #1342 ) ) ;
#2948 = COLOUR_RGB ( '',1.000000000000000000, 1.000000000000000000, 1.000000000000000000 ) ;
#2949 = DIRECTION ( 'NONE',  ( -2.409338161078898194E-16, 0.000000000000000000, 1.000000000000000000 ) ) ;
#2950 = EDGE_LOOP ( 'NONE', ( #9747 ) ) ;
#2951 = UNCERTAINTY_MEASURE_WITH_UNIT (LENGTH_MEASURE( 1.000000000000000082E-05 ), #2618, 'distance_accuracy_value', 'NONE');
#2952 = EDGE_CURVE ( 'NONE', #1544, #1544, #7190, .T. ) ;
#2953 = CIRCLE ( 'NONE', #4506, 0.02500000000000001180 ) ;
#2954 =( LENGTH_UNIT ( ) NAMED_UNIT ( * ) SI_UNIT ( .MILLI., .METRE. ) );
#2955 = DIRECTION ( 'NONE',  ( 0.000000000000000000, 0.000000000000000000, 1.000000000000000000 ) ) ;
#2956 = STYLED_ITEM ( 'NONE', ( #1902 ), #2602 ) ;
#2957 = CLOSED_SHELL ( 'NONE', ( #4463, #8262, #3660, #5093, #4861, #7533, #7968, #2241, #6663, #7715, #6590 ) ) ;
#2958 = CARTESIAN_POINT ( 'NONE',  ( -0.5099632742307174116, -0.6199999999999998845, 0.5999999999999999778 ) ) ;
#2959 = FACE_OUTER_BOUND ( 'NONE', #4032, .T. ) ;
#2960 = VECTOR ( 'NONE', #3752, 1000.000000000000000 ) ;
#2961 = DIRECTION ( 'NONE',  ( 0.000000000000000000, -0.000000000000000000, 1.000000000000000000 ) ) ;
#2962 = ADVANCED_FACE ( 'NONE', ( #3387, #5183 ), #8400, .T. ) ;
#2963 = DIRECTION ( 'NONE',  ( -0.9956342260592881965, -0.000000000000000000, -0.09334070869305721718 ) ) ;
#2964 = ORIENTED_EDGE ( 'NONE', *, *, #6531, .F. ) ;
#2965 = DIRECTION ( 'NONE',  ( 1.000000000000000000, -0.000000000000000000, -0.000000000000000000 ) ) ;
#2966 = PRESENTATION_STYLE_ASSIGNMENT (( #2141 ) ) ;
#2967 = DIRECTION ( 'NONE',  ( 0.000000000000000000, 0.000000000000000000, 1.000000000000000000 ) ) ;
#2968 = EDGE_CURVE ( 'NONE', #9438, #6342, #546, .T. ) ;
#2969 = ORIENTED_EDGE ( 'NONE', *, *, #6320, .F. ) ;
#2970 = DIRECTION ( 'NONE',  ( 0.000000000000000000, 0.000000000000000000, 1.000000000000000000 ) ) ;
#2971 = AXIS2_PLACEMENT_3D ( 'NONE', #2853, #8172, #8908 ) ;
#2972 = SURFACE_SIDE_STYLE ('',( #5550 ) ) ;
#2973 = DIRECTION ( 'NONE',  ( 1.000000000000000000, 0.000000000000000000, 0.000000000000000000 ) ) ;
#2974 = SURFACE_SIDE_STYLE ('',( #2754 ) ) ;
#2975 = ORIENTED_EDGE ( 'NONE', *, *, #2991, .T. ) ;
#2976 = FACE_OUTER_BOUND ( 'NONE', #8456, .T. ) ;
#2977 = PRESENTATION_LAYER_ASSIGNMENT (  '', '', ( #6919 ) ) ;
#2978 = CARTESIAN_POINT ( 'NONE',  ( -0.5099632742307173006, -0.1999999999999999833, 0.5749999999999999556 ) ) ;
#2979 = DIRECTION ( 'NONE',  ( 0.000000000000000000, 0.000000000000000000, 1.000000000000000000 ) ) ;
#2980 = CARTESIAN_POINT ( 'NONE',  ( -0.4522282473117545387, -0.2000000000000000111, -0.4999999999999998890 ) ) ;
#2981 = ADVANCED_FACE ( 'NONE', ( #8278, #4215 ), #8867, .T. ) ;
#2982 = FILL_AREA_STYLE ('',( #7646 ) ) ;
#2983 = DIRECTION ( 'NONE',  ( 0.000000000000000000, -1.000000000000000000, 0.000000000000000000 ) ) ;
#2984 = ORIENTED_EDGE ( 'NONE', *, *, #1679, .T. ) ;
#2985 = PLANE ( 'NONE',  #5647 ) ;
#2986 = ADVANCED_FACE ( 'NONE', ( #9699 ), #3456, .F. ) ;
#2987 = CIRCLE ( 'NONE', #3664, 0.02500000000000002914 ) ;
#2988 = DIRECTION ( 'NONE',  ( -1.000000000000000000, 0.000000000000000000, 0.000000000000000000 ) ) ;
#2989 = STYLED_ITEM ( 'NONE', ( #1376 ), #4320 ) ;
#2990 = COLOUR_RGB ( '',0.7921568627450980005, 0.8196078431372548767, 0.9333333333333333481 ) ;
#2991 = EDGE_CURVE ( 'NONE', #8041, #8041, #1179, .T. ) ;
#2992 =( BOUNDED_CURVE ( )  B_SPLINE_CURVE ( 3, ( #7822, #3330, #4816, #3272 ),
 .UNSPECIFIED., .F., .F. ) 
 B_SPLINE_CURVE_WITH_KNOTS ( ( 4, 4 ),
 ( 0.000000000000000000, 1.570796326794896558 ),
 .UNSPECIFIED. ) 
 CURVE ( )  GEOMETRIC_REPRESENTATION_ITEM ( )  RATIONAL_B_SPLINE_CURVE ( ( 1.000000000000000000, 0.8047378541243649375, 0.8047378541243649375, 1.000000000000000000 ) ) 
 REPRESENTATION_ITEM ( '' )  );
#2993 = FACE_OUTER_BOUND ( 'NONE', #1882, .T. ) ;
#2994 = FACE_OUTER_BOUND ( 'NONE', #4924, .T. ) ;
#2995 = DIRECTION ( 'NONE',  ( 1.000000000000000000, -0.000000000000000000, 2.409338161078898194E-16 ) ) ;
#2996 =( NAMED_UNIT ( * ) PLANE_ANGLE_UNIT ( ) SI_UNIT ( $, .RADIAN. ) );
#2997 = CARTESIAN_POINT ( 'NONE',  ( 0.4350000000000000533, -0.2300000000000000655, 0.4299999999999999933 ) ) ;
#2998 = STYLED_ITEM ( 'NONE', ( #2564 ), #7308 ) ;
#2999 = DIRECTION ( 'NONE',  ( 0.000000000000000000, -0.000000000000000000, -1.000000000000000000 ) ) ;
#3000 = ORIENTED_EDGE ( 'NONE', *, *, #8394, .F. ) ;
#3001 = MECHANICAL_DESIGN_GEOMETRIC_PRESENTATION_REPRESENTATION (  '', ( #1999 ), #4042 ) ;
#3002 = SURFACE_SIDE_STYLE ('',( #5120 ) ) ;
#3003 = CARTESIAN_POINT ( 'NONE',  ( -0.5499999999999999334, -0.9000000000000000222, 0.6000000000000000888 ) ) ;
#3004 = PRESENTATION_STYLE_ASSIGNMENT (( #8842 ) ) ;
#3005 = PRESENTATION_LAYER_ASSIGNMENT (  '', '', ( #6235 ) ) ;
#3006 = CARTESIAN_POINT ( 'NONE',  ( -0.5499999999999999334, -0.7299999999999999822, -0.1999999999999998723 ) ) ;
#3007 = ORIENTED_EDGE ( 'NONE', *, *, #8896, .F. ) ;
#3008 = MECHANICAL_DESIGN_GEOMETRIC_PRESENTATION_REPRESENTATION (  '', ( #5726 ), #6053 ) ;
#3009 = CARTESIAN_POINT ( 'NONE',  ( -0.5099632742307173006, 0.000000000000000000, 0.5999999999999999778 ) ) ;
#3010 = FACE_OUTER_BOUND ( 'NONE', #9828, .T. ) ;
#3011 = PRESENTATION_LAYER_ASSIGNMENT (  '', '', ( #7599 ) ) ;
#3012 = SURFACE_STYLE_USAGE ( .BOTH. , #613 ) ;
#3013 = STYLED_ITEM ( 'NONE', ( #8210 ), #6310 ) ;
#3014 = CARTESIAN_POINT ( 'NONE',  ( 0.2950000000000001510, -0.2750000000000000777, -0.4299999999999999378 ) ) ;
#3015 = CYLINDRICAL_SURFACE ( 'NONE', #588, 0.02500000000000006384 ) ;
#3016 = CARTESIAN_POINT ( 'NONE',  ( 0.5349632742307174338, -0.1999999999999999833, 0.5749999999999999556 ) ) ;
#3017 = FACE_OUTER_BOUND ( 'NONE', #262, .T. ) ;
#3018 =( NAMED_UNIT ( * ) PLANE_ANGLE_UNIT ( ) SI_UNIT ( $, .RADIAN. ) );
#3019 = ADVANCED_FACE ( 'NONE', ( #9634 ), #5928, .T. ) ;
#3020 = FILL_AREA_STYLE_COLOUR ( '', #6544 ) ;
#3021 = ORIENTED_EDGE ( 'NONE', *, *, #9319, .T. ) ;
#3022 = UNCERTAINTY_MEASURE_WITH_UNIT (LENGTH_MEASURE( 1.000000000000000082E-05 ), #6503, 'distance_accuracy_value', 'NONE');
#3023 = DIRECTION ( 'NONE',  ( 1.000000000000000000, 0.000000000000000000, -0.000000000000000000 ) ) ;
#3024 = SURFACE_STYLE_FILL_AREA ( #4119 ) ;
#3025 =( LENGTH_UNIT ( ) NAMED_UNIT ( * ) SI_UNIT ( .MILLI., .METRE. ) );
#3026 = MECHANICAL_DESIGN_GEOMETRIC_PRESENTATION_REPRESENTATION (  '', ( #2826 ), #7909 ) ;
#3027 = ORIENTED_EDGE ( 'NONE', *, *, #5226, .T. ) ;
#3028 =( NAMED_UNIT ( * ) SI_UNIT ( $, .STERADIAN. ) SOLID_ANGLE_UNIT ( ) );
#3029 = VERTEX_POINT ( 'NONE', #6705 ) ;
#3030 = FACE_OUTER_BOUND ( 'NONE', #4690, .T. ) ;
#3031 = DIRECTION ( 'NONE',  ( -1.000000000000000000, 0.000000000000000000, 0.000000000000000000 ) ) ;
#3032 = SURFACE_STYLE_FILL_AREA ( #2306 ) ;
#3033 = CARTESIAN_POINT ( 'NONE',  ( -0.5349632742307173228, -0.1999999999999999833, 0.4249999999999999889 ) ) ;
#3034 = DIRECTION ( 'NONE',  ( 0.9825750242013554514, -0.1858664085188761472, 0.000000000000000000 ) ) ;
#3035 =( NAMED_UNIT ( * ) PLANE_ANGLE_UNIT ( ) SI_UNIT ( $, .RADIAN. ) );
#3036 = DIRECTION ( 'NONE',  ( -0.9956342260592881965, -0.000000000000000000, -0.09334070869305721718 ) ) ;
#3037 = ORIENTED_EDGE ( 'NONE', *, *, #3763, .T. ) ;
#3038 = FILL_AREA_STYLE ('',( #8816 ) ) ;
#3039 = CARTESIAN_POINT ( 'NONE',  ( 0.5699999999999998401, -0.9249999999999999334, -0.4000000000000000222 ) ) ;
#3040 = VECTOR ( 'NONE', #651, 1000.000000000000000 ) ;
#3041 = ORIENTED_EDGE ( 'NONE', *, *, #8116, .F. ) ;
#3042 = EDGE_CURVE ( 'NONE', #3503, #3503, #3048, .T. ) ;
#3043 = LINE ( 'NONE', #9293, #3475 ) ;
#3044 = STYLED_ITEM ( 'NONE', ( #7082 ), #3512 ) ;
#3045 = STYLED_ITEM ( 'NONE', ( #1237 ), #3176 ) ;
#3046 = ORIENTED_EDGE ( 'NONE', *, *, #8239, .F. ) ;
#3047 = FILL_AREA_STYLE ('',( #4546 ) ) ;
#3048 = CIRCLE ( 'NONE', #4218, 0.02500000000000003955 ) ;
#3049 = VERTEX_POINT ( 'NONE', #2245 ) ;
#3050 = SURFACE_SIDE_STYLE ('',( #926 ) ) ;
#3051 = CARTESIAN_POINT ( 'NONE',  ( -0.5099632742307173006, 0.000000000000000000, 0.5999999999999999778 ) ) ;
#3052 = DIRECTION ( 'NONE',  ( -0.9956342260592881965, -0.000000000000000000, -0.09334070869305721718 ) ) ;
#3053 = STYLED_ITEM ( 'NONE', ( #7275 ), #191 ) ;
#3054 = MECHANICAL_DESIGN_GEOMETRIC_PRESENTATION_REPRESENTATION (  '', ( #129 ), #6272 ) ;
#3055 =( NAMED_UNIT ( * ) PLANE_ANGLE_UNIT ( ) SI_UNIT ( $, .RADIAN. ) );
#3056 = ORIENTED_EDGE ( 'NONE', *, *, #7013, .F. ) ;
#3057 = CYLINDRICAL_SURFACE ( 'NONE', #6621, 0.02500000000000001180 ) ;
#3058 = EDGE_CURVE ( 'NONE', #6143, #6143, #1403, .T. ) ;
#3059 = VERTEX_POINT ( 'NONE', #6597 ) ;
#3060 = VECTOR ( 'NONE', #4728, 1000.000000000000000 ) ;
#3061 = FACE_OUTER_BOUND ( 'NONE', #6377, .T. ) ;
#3062 = DIRECTION ( 'NONE',  ( 0.000000000000000000, 0.000000000000000000, -1.000000000000000000 ) ) ;
#3063 = ORIENTED_EDGE ( 'NONE', *, *, #4809, .T. ) ;
#3064 = CARTESIAN_POINT ( 'NONE',  ( 0.2585643756050340358, -0.2750000000000000222, -0.4753533397870280952 ) ) ;
#3065 = VECTOR ( 'NONE', #5735, 1000.000000000000000 ) ;
#3066 = MECHANICAL_DESIGN_GEOMETRIC_PRESENTATION_REPRESENTATION (  '', ( #2375 ), #8271 ) ;
#3067 = DIRECTION ( 'NONE',  ( 0.000000000000000000, 1.000000000000000000, 0.000000000000000000 ) ) ;
#3068 = DIRECTION ( 'NONE',  ( 0.000000000000000000, 0.000000000000000000, 1.000000000000000000 ) ) ;
#3069 = VERTEX_POINT ( 'NONE', #7932 ) ;
#3070 = CIRCLE ( 'NONE', #7705, 0.02499999999999998404 ) ;
#3071 = FILL_AREA_STYLE_COLOUR ( '', #3229 ) ;
#3072 = VERTEX_POINT ( 'NONE', #9004 ) ;
#3073 = PLANE ( 'NONE',  #1689 ) ;
#3074 = PRESENTATION_LAYER_ASSIGNMENT (  '', '', ( #5587 ) ) ;
#3075 = ADVANCED_FACE ( 'NONE', ( #8626, #662 ), #6114, .T. ) ;
#3076 = SURFACE_SIDE_STYLE ('',( #6404 ) ) ;
#3077 = EDGE_CURVE ( 'NONE', #1031, #1031, #8977, .T. ) ;
#3078 = DIRECTION ( 'NONE',  ( 1.000000000000000000, 0.000000000000000000, 0.000000000000000000 ) ) ;
#3079 = PRESENTATION_LAYER_ASSIGNMENT (  '', '', ( #4442 ) ) ;
#3080 = PRESENTATION_STYLE_ASSIGNMENT (( #5965 ) ) ;
#3081 = STYLED_ITEM ( 'NONE', ( #8113 ), #8174 ) ;
#3082 = PRESENTATION_LAYER_ASSIGNMENT (  '', '', ( #4445 ) ) ;
#3083 = DIRECTION ( 'NONE',  ( -1.000000000000000000, 0.000000000000000000, 0.000000000000000000 ) ) ;
#3084 = CYLINDRICAL_SURFACE ( 'NONE', #3238, 0.02499999999999995628 ) ;
#3085 = SURFACE_STYLE_USAGE ( .BOTH. , #2395 ) ;
#3086 = SURFACE_SIDE_STYLE ('',( #4336 ) ) ;
#3087 = VERTEX_POINT ( 'NONE', #5868 ) ;
#3088 = TOROIDAL_SURFACE ( 'NONE', #5130, 0.05000000000000003053, 0.02500000000000002914 ) ;
#3089 = EDGE_CURVE ( 'NONE', #6030, #6030, #8849, .T. ) ;
#3090 = DIRECTION ( 'NONE',  ( -0.000000000000000000, 0.000000000000000000, 1.000000000000000000 ) ) ;
#3091 = PRESENTATION_STYLE_ASSIGNMENT (( #2803 ) ) ;
#3092 = AXIS2_PLACEMENT_3D ( 'NONE', #8334, #3757, #8655 ) ;
#3093 = PRESENTATION_LAYER_ASSIGNMENT (  '', '', ( #3753 ) ) ;
#3094 = DIRECTION ( 'NONE',  ( -1.000000000000000000, 0.000000000000000000, 0.000000000000000000 ) ) ;
#3095 =( NAMED_UNIT ( * ) PLANE_ANGLE_UNIT ( ) SI_UNIT ( $, .RADIAN. ) );
#3096 = DIRECTION ( 'NONE',  ( -0.09334070869305828577, 0.000000000000000000, 0.9956342260592880855 ) ) ;
#3097 = FILL_AREA_STYLE ('',( #6867 ) ) ;
#3098 = CARTESIAN_POINT ( 'NONE',  ( -0.2999999999999999334, -0.2250000000000000611, 0.4299999999999999378 ) ) ;
#3099 = SURFACE_STYLE_FILL_AREA ( #5225 ) ;
#3100 = ORIENTED_EDGE ( 'NONE', *, *, #299, .T. ) ;
#3101 = EDGE_CURVE ( 'NONE', #3069, #3069, #8617, .T. ) ;
#3102 =( GEOMETRIC_REPRESENTATION_CONTEXT ( 3 ) GLOBAL_UNCERTAINTY_ASSIGNED_CONTEXT ( ( #8286 ) ) GLOBAL_UNIT_ASSIGNED_CONTEXT ( ( #3765, #6873, #8272 ) ) REPRESENTATION_CONTEXT ( 'NONE', 'WORKASPACE' ) );
#3103 =( NAMED_UNIT ( * ) SI_UNIT ( $, .STERADIAN. ) SOLID_ANGLE_UNIT ( ) );
#3104 = DIRECTION ( 'NONE',  ( 0.7578075450417297576, 0.000000000000000000, 0.6524781411494385841 ) ) ;
#3105 = CIRCLE ( 'NONE', #6189, 0.02500000000000001874 ) ;
#3106 = PRESENTATION_LAYER_ASSIGNMENT (  '', '', ( #241 ) ) ;
#3107 = DIRECTION ( 'NONE',  ( -0.9956342260592881965, -0.000000000000000000, -0.09334070869305721718 ) ) ;
#3108 = SURFACE_STYLE_USAGE ( .BOTH. , #5344 ) ;
#3109 = ORIENTED_EDGE ( 'NONE', *, *, #2525, .F. ) ;
#3110 = COLOUR_RGB ( '',1.000000000000000000, 0.7529411764705882248, 0.7529411764705882248 ) ;
#3111 = DIRECTION ( 'NONE',  ( 0.000000000000000000, 0.000000000000000000, 1.000000000000000000 ) ) ;
#3112 = FILL_AREA_STYLE ('',( #189 ) ) ;
#3113 = CARTESIAN_POINT ( 'NONE',  ( 1.000000000000000444, -0.5949999999999999734, 0.1508640183740635465 ) ) ;
#3114 = COLOUR_RGB ( '',1.000000000000000000, 0.7529411764705882248, 0.7529411764705882248 ) ;
#3115 =( GEOMETRIC_REPRESENTATION_CONTEXT ( 3 ) GLOBAL_UNCERTAINTY_ASSIGNED_CONTEXT ( ( #8838 ) ) GLOBAL_UNIT_ASSIGNED_CONTEXT ( ( #1642, #3916, #4685 ) ) REPRESENTATION_CONTEXT ( 'NONE', 'WORKASPACE' ) );
#3116 = PRESENTATION_LAYER_ASSIGNMENT (  '', '', ( #3908 ) ) ;
#3117 = ADVANCED_FACE ( 'NONE', ( #1384 ), #2891, .T. ) ;
#3118 =( NAMED_UNIT ( * ) PLANE_ANGLE_UNIT ( ) SI_UNIT ( $, .RADIAN. ) );
#3119 = AXIS2_PLACEMENT_3D ( 'NONE', #3164, #2500, #4757 ) ;
#3120 = UNCERTAINTY_MEASURE_WITH_UNIT (LENGTH_MEASURE( 1.000000000000000082E-05 ), #4743, 'distance_accuracy_value', 'NONE');
#3121 = SURFACE_STYLE_FILL_AREA ( #5209 ) ;
#3122 = PRESENTATION_STYLE_ASSIGNMENT (( #9314 ) ) ;
#3123 = SURFACE_STYLE_FILL_AREA ( #2779 ) ;
#3124 = CARTESIAN_POINT ( 'NONE',  ( -1.000000000000000000, -0.9000000000000000222, 0.5999999999999999778 ) ) ;
#3125 = SURFACE_SIDE_STYLE ('',( #1978 ) ) ;
#3126 = ORIENTED_EDGE ( 'NONE', *, *, #4214, .F. ) ;
#3127 = FILL_AREA_STYLE ('',( #5328 ) ) ;
#3128 = MECHANICAL_DESIGN_GEOMETRIC_PRESENTATION_REPRESENTATION (  '', ( #2989 ), #8392 ) ;
#3129 = VERTEX_POINT ( 'NONE', #2304 ) ;
#3130 = EDGE_CURVE ( 'NONE', #8871, #8755, #6318, .T. ) ;
#3131 = CIRCLE ( 'NONE', #5460, 0.02499999999999995628 ) ;
#3132 = PRESENTATION_LAYER_ASSIGNMENT (  '', '', ( #6336 ) ) ;
#3133 = DIRECTION ( 'NONE',  ( 0.000000000000000000, 0.000000000000000000, 1.000000000000000000 ) ) ;
#3134 = PRESENTATION_STYLE_ASSIGNMENT (( #4141 ) ) ;
#3135 = SURFACE_STYLE_USAGE ( .BOTH. , #801 ) ;
#3136 = STYLED_ITEM ( 'NONE', ( #1125 ), #7607 ) ;
#3137 = DIRECTION ( 'NONE',  ( 0.000000000000000000, 0.000000000000000000, -1.000000000000000000 ) ) ;
#3138 = FILL_AREA_STYLE ('',( #5370 ) ) ;
#3139 = LINE ( 'NONE', #8016, #2637 ) ;
#3140 = DIRECTION ( 'NONE',  ( -1.000000000000000000, 0.000000000000000000, 0.000000000000000000 ) ) ;
#3141 = ORIENTED_EDGE ( 'NONE', *, *, #2229, .F. ) ;
#3142 = PLANE ( 'NONE',  #6017 ) ;
#3143 = SURFACE_STYLE_FILL_AREA ( #3047 ) ;
#3144 =( GEOMETRIC_REPRESENTATION_CONTEXT ( 3 ) GLOBAL_UNCERTAINTY_ASSIGNED_CONTEXT ( ( #9172 ) ) GLOBAL_UNIT_ASSIGNED_CONTEXT ( ( #8668, #1950, #7260 ) ) REPRESENTATION_CONTEXT ( 'NONE', 'WORKASPACE' ) );
#3145 = CARTESIAN_POINT ( 'NONE',  ( 0.000000000000000000, 0.000000000000000000, 0.5999999999999999778 ) ) ;
#3146 = ORIENTED_EDGE ( 'NONE', *, *, #1108, .F. ) ;
#3147 = EDGE_CURVE ( 'NONE', #2818, #2818, #182, .T. ) ;
#3148 = SURFACE_SIDE_STYLE ('',( #3784 ) ) ;
#3149 = MECHANICAL_DESIGN_GEOMETRIC_PRESENTATION_REPRESENTATION (  '', ( #4321 ), #7730 ) ;
#3150 = SURFACE_STYLE_USAGE ( .BOTH. , #6954 ) ;
#3151 =( GEOMETRIC_REPRESENTATION_CONTEXT ( 3 ) GLOBAL_UNCERTAINTY_ASSIGNED_CONTEXT ( ( #8737 ) ) GLOBAL_UNIT_ASSIGNED_CONTEXT ( ( #5910, #9668, #8205 ) ) REPRESENTATION_CONTEXT ( 'NONE', 'WORKASPACE' ) );
#3152 = UNCERTAINTY_MEASURE_WITH_UNIT (LENGTH_MEASURE( 1.000000000000000082E-05 ), #5383, 'distance_accuracy_value', 'NONE');
#3153 = CARTESIAN_POINT ( 'NONE',  ( 1.000000000000000000, -0.7299999999999999822, 0.5999999999999999778 ) ) ;
#3154 = MECHANICAL_DESIGN_GEOMETRIC_PRESENTATION_REPRESENTATION (  '', ( #9813 ), #967 ) ;
#3155 = FILL_AREA_STYLE ('',( #2850 ) ) ;
#3156 = ORIENTED_EDGE ( 'NONE', *, *, #2952, .T. ) ;
#3157 = FILL_AREA_STYLE ('',( #9166 ) ) ;
#3158 = LINE ( 'NONE', #9582, #5154 ) ;
#3159 = EDGE_LOOP ( 'NONE', ( #8447, #4224, #6689, #3898 ) ) ;
#3160 = CARTESIAN_POINT ( 'NONE',  ( -0.4350000000000000533, -0.2300000000000000655, -0.3799999999999999489 ) ) ;
#3161 =( GEOMETRIC_REPRESENTATION_CONTEXT ( 3 ) GLOBAL_UNCERTAINTY_ASSIGNED_CONTEXT ( ( #2563 ) ) GLOBAL_UNIT_ASSIGNED_CONTEXT ( ( #4199, #4964, #1989 ) ) REPRESENTATION_CONTEXT ( 'NONE', 'WORKASPACE' ) );
#3162 = VERTEX_POINT ( 'NONE', #6165 ) ;
#3163 = ORIENTED_EDGE ( 'NONE', *, *, #8717, .F. ) ;
#3164 = CARTESIAN_POINT ( 'NONE',  ( -0.2646670354346528642, -0.6449999999999997957, -0.4302182886970356002 ) ) ;
#3165 =( GEOMETRIC_REPRESENTATION_CONTEXT ( 3 ) GLOBAL_UNCERTAINTY_ASSIGNED_CONTEXT ( ( #6397 ) ) GLOBAL_UNIT_ASSIGNED_CONTEXT ( ( #3662, #6015, #5944 ) ) REPRESENTATION_CONTEXT ( 'NONE', 'WORKASPACE' ) );
#3166 = COLOUR_RGB ( '',1.000000000000000000, 1.000000000000000000, 1.000000000000000000 ) ;
#3167 = COLOUR_RGB ( '',1.000000000000000000, 0.7529411764705882248, 0.7529411764705882248 ) ;
#3168 = FILL_AREA_STYLE ('',( #2290 ) ) ;
#3169 = EDGE_LOOP ( 'NONE', ( #7151 ) ) ;
#3170 = LINE ( 'NONE', #2341, #5641 ) ;
#3171 = EDGE_CURVE ( 'NONE', #9764, #4580, #8595, .T. ) ;
#3172 =( LENGTH_UNIT ( ) NAMED_UNIT ( * ) SI_UNIT ( .MILLI., .METRE. ) );
#3173 = VERTEX_POINT ( 'NONE', #9786 ) ;
#3174 =( GEOMETRIC_REPRESENTATION_CONTEXT ( 3 ) GLOBAL_UNCERTAINTY_ASSIGNED_CONTEXT ( ( #3283 ) ) GLOBAL_UNIT_ASSIGNED_CONTEXT ( ( #3693, #7438, #8203 ) ) REPRESENTATION_CONTEXT ( 'NONE', 'WORKASPACE' ) );
#3175 = CARTESIAN_POINT ( 'NONE',  ( 0.1230000000000001231, -0.2750000000000000222, -0.4799999999999999267 ) ) ;
#3176 = ADVANCED_FACE ( 'NONE', ( #3248 ), #3822, .T. ) ;
#3177 = DIRECTION ( 'NONE',  ( -1.000000000000000000, -0.000000000000000000, -0.000000000000000000 ) ) ;
#3178 = PRESENTATION_STYLE_ASSIGNMENT (( #7578 ) ) ;
#3179 = UNCERTAINTY_MEASURE_WITH_UNIT (LENGTH_MEASURE( 1.000000000000000082E-05 ), #7138, 'distance_accuracy_value', 'NONE');
#3180 = PRESENTATION_STYLE_ASSIGNMENT (( #7274 ) ) ;
#3181 = FILL_AREA_STYLE ('',( #2428 ) ) ;
#3182 = VERTEX_POINT ( 'NONE', #4227 ) ;
#3184 = CARTESIAN_POINT ( 'NONE',  ( 0.3850000000000000089, -0.5999999999999998668, 0.4299999999999999378 ) ) ;
#3183 = PRESENTATION_STYLE_ASSIGNMENT (( #1623 ) ) ;
#3185 = PRESENTATION_STYLE_ASSIGNMENT (( #7720 ) ) ;
#3186 = EDGE_LOOP ( 'NONE', ( #1012 ) ) ;
#3187 = FILL_AREA_STYLE ('',( #7765 ) ) ;
#3188 = DIRECTION ( 'NONE',  ( -0.000000000000000000, -0.000000000000000000, 1.000000000000000000 ) ) ;
#3189 = DIRECTION ( 'NONE',  ( -1.000000000000000000, -0.000000000000000000, -0.000000000000000000 ) ) ;
#3190 = STYLED_ITEM ( 'NONE', ( #3841 ), #7373 ) ;
#3191 = MECHANICAL_DESIGN_GEOMETRIC_PRESENTATION_REPRESENTATION (  '', ( #3982 ), #5397 ) ;
#3192 = FACE_OUTER_BOUND ( 'NONE', #1708, .T. ) ;
#3193 = DIRECTION ( 'NONE',  ( 1.684437999741321543E-16, -1.000000000000000000, -3.368875999482643086E-16 ) ) ;
#3194 = FACE_OUTER_BOUND ( 'NONE', #2632, .T. ) ;
#3195 = SURFACE_STYLE_USAGE ( .BOTH. , #8563 ) ;
#3196 = DIRECTION ( 'NONE',  ( -0.000000000000000000, 0.000000000000000000, 1.000000000000000000 ) ) ;
#3197 = CLOSED_SHELL ( 'NONE', ( #3382, #4364, #7459, #1651, #9065, #8951, #2081, #9683, #1282, #3819, #6310 ) ) ;
#3198 = SURFACE_SIDE_STYLE ('',( #5945 ) ) ;
#3199 = STYLED_ITEM ( 'NONE', ( #1929 ), #4914 ) ;
#3200 = VECTOR ( 'NONE', #116, 1000.000000000000000 ) ;
#3201 = CARTESIAN_POINT ( 'NONE',  ( -0.5349632742307173228, -0.1999999999999999833, -0.4249999999999999334 ) ) ;
#3202 = VERTEX_POINT ( 'NONE', #4555 ) ;
#3203 = CARTESIAN_POINT ( 'NONE',  ( 0.008000000000000109454, -0.2250000000000000611, 0.4299999999999999378 ) ) ;
#3204 = UNCERTAINTY_MEASURE_WITH_UNIT (LENGTH_MEASURE( 1.000000000000000082E-05 ), #1127, 'distance_accuracy_value', 'NONE');
#3205 = STYLED_ITEM ( 'NONE', ( #2888 ), #1109 ) ;
#3206 = AXIS2_PLACEMENT_3D ( 'NONE', #5639, #8039, #8782 ) ;
#3207 = AXIS2_PLACEMENT_3D ( 'NONE', #5922, #2934, #2178 ) ;
#3208 = EDGE_LOOP ( 'NONE', ( #7277 ) ) ;
#3209 = CYLINDRICAL_SURFACE ( 'NONE', #1573, 0.02500000000000001180 ) ;
#3210 = FILL_AREA_STYLE_COLOUR ( '', #5251 ) ;
#3211 = UNCERTAINTY_MEASURE_WITH_UNIT (LENGTH_MEASURE( 1.000000000000000082E-05 ), #3482, 'distance_accuracy_value', 'NONE');
#3212 = SURFACE_SIDE_STYLE ('',( #6433 ) ) ;
#3213 = AXIS2_PLACEMENT_3D ( 'NONE', #2156, #5167, #2915 ) ;
#3214 = PRESENTATION_STYLE_ASSIGNMENT (( #9386 ) ) ;
#3215 = CARTESIAN_POINT ( 'NONE',  ( 0.5099632742307173006, -0.5949999999999999734, -0.4249999999999999889 ) ) ;
#3216 = VERTEX_POINT ( 'NONE', #5455 ) ;
#3217 = PRODUCT_DEFINITION_SHAPE ( 'NONE', 'NONE',  #3773 ) ;
#3218 = CYLINDRICAL_SURFACE ( 'NONE', #2742, 0.02500000000000002914 ) ;
#3219 = DIRECTION ( 'NONE',  ( -1.000000000000000000, 0.000000000000000000, 0.000000000000000000 ) ) ;
#3220 = EDGE_CURVE ( 'NONE', #2872, #9352, #8356, .T. ) ;
#3221 = FILL_AREA_STYLE_COLOUR ( '', #1646 ) ;
#3222 =( NAMED_UNIT ( * ) PLANE_ANGLE_UNIT ( ) SI_UNIT ( $, .RADIAN. ) );
#3223 =( GEOMETRIC_REPRESENTATION_CONTEXT ( 3 ) GLOBAL_UNCERTAINTY_ASSIGNED_CONTEXT ( ( #8585 ) ) GLOBAL_UNIT_ASSIGNED_CONTEXT ( ( #1265, #5765, #2771 ) ) REPRESENTATION_CONTEXT ( 'NONE', 'WORKASPACE' ) );
#3224 = DIRECTION ( 'NONE',  ( 0.2983734002630562543, 0.000000000000000000, -0.9544492202393283220 ) ) ;
#3225 = ORIENTED_EDGE ( 'NONE', *, *, #3601, .F. ) ;
#3226 = CARTESIAN_POINT ( 'NONE',  ( -1.000000000000000000, -0.7299999999999999822, 0.1999999999999999001 ) ) ;
#3227 = CARTESIAN_POINT ( 'NONE',  ( 0.3195643756050340345, -0.2750000000000000222, -0.4753533397870280397 ) ) ;
#3228 =( LENGTH_UNIT ( ) NAMED_UNIT ( * ) SI_UNIT ( .MILLI., .METRE. ) );
#3229 = COLOUR_RGB ( '',1.000000000000000000, 0.7529411764705882248, 0.7529411764705882248 ) ;
#3230 = COLOUR_RGB ( '',1.000000000000000000, 0.7529411764705882248, 0.7529411764705882248 ) ;
#3231 = ORIENTED_EDGE ( 'NONE', *, *, #3992, .F. ) ;
#3232 = CARTESIAN_POINT ( 'NONE',  ( 0.1440000000000000724, -0.2250000000000000611, 0.4299999999999999378 ) ) ;
#3233 =( NAMED_UNIT ( * ) PLANE_ANGLE_UNIT ( ) SI_UNIT ( $, .RADIAN. ) );
#3234 = CARTESIAN_POINT ( 'NONE',  ( 1.000000000000000444, -0.7299999999999999822, -0.1999999999999999278 ) ) ;
#3235 = STYLED_ITEM ( 'NONE', ( #2333 ), #4308 ) ;
#3236 = CARTESIAN_POINT ( 'NONE',  ( -0.09899999999999990752, -0.2750000000000000777, -0.4299999999999999378 ) ) ;
#3237 = UNCERTAINTY_MEASURE_WITH_UNIT (LENGTH_MEASURE( 1.000000000000000082E-05 ), #8119, 'distance_accuracy_value', 'NONE');
#3238 = AXIS2_PLACEMENT_3D ( 'NONE', #1315, #6499, #1170 ) ;
#3239 = CARTESIAN_POINT ( 'NONE',  ( 0.000000000000000000, -0.7299999999999999822, 0.000000000000000000 ) ) ;
#3240 = ORIENTED_EDGE ( 'NONE', *, *, #4599, .T. ) ;
#3241 = PRESENTATION_STYLE_ASSIGNMENT (( #3150 ) ) ;
#3242 = SURFACE_STYLE_FILL_AREA ( #1773 ) ;
#3243 = CARTESIAN_POINT ( 'NONE',  ( 0.9896446609406728268, -0.2000000000000000389, 0.5896446609406725825 ) ) ;
#3244 = CARTESIAN_POINT ( 'NONE',  ( -0.1889999999999999458, -0.2750000000000000777, 0.4299999999999999378 ) ) ;
#3245 = VECTOR ( 'NONE', #1895, 1000.000000000000000 ) ;
#3246 = PRESENTATION_STYLE_ASSIGNMENT (( #2629 ) ) ;
#3247 = FACE_OUTER_BOUND ( 'NONE', #5858, .T. ) ;
#3248 = FACE_OUTER_BOUND ( 'NONE', #2265, .T. ) ;
#3249 = EDGE_LOOP ( 'NONE', ( #3521 ) ) ;
#3250 = EDGE_CURVE ( 'NONE', #3129, #2507, #6091, .T. ) ;
#3251 = PRESENTATION_LAYER_ASSIGNMENT (  '', '', ( #204 ) ) ;
#3252 = PRESENTATION_LAYER_ASSIGNMENT (  '', '', ( #5087 ) ) ;
#3253 = CARTESIAN_POINT ( 'NONE',  ( -1.000000000000000000, -0.004883178698856914350, 0.06392093931933583162 ) ) ;
#3254 = ORIENTED_EDGE ( 'NONE', *, *, #2471, .T. ) ;
#3255 = CARTESIAN_POINT ( 'NONE',  ( 0.7750000000000001332, -0.9249999999999999334, -0.3750000000000004996 ) ) ;
#3256 = PRESENTATION_STYLE_ASSIGNMENT (( #8971 ) ) ;
#3257 = ORIENTED_EDGE ( 'NONE', *, *, #2750, .F. ) ;
#3258 = FILL_AREA_STYLE ('',( #8512 ) ) ;
#3259 = LINE ( 'NONE', #4937, #4432 ) ;
#3260 = UNCERTAINTY_MEASURE_WITH_UNIT (LENGTH_MEASURE( 1.000000000000000082E-05 ), #2852, 'distance_accuracy_value', 'NONE');
#3261 = AXIS2_PLACEMENT_3D ( 'NONE', #1497, #5915, #5981 ) ;
#3262 = STYLED_ITEM ( 'NONE', ( #9157 ), #1614 ) ;
#3263 = EDGE_LOOP ( 'NONE', ( #5363, #6161, #9134, #805 ) ) ;
#3264 = DIRECTION ( 'NONE',  ( -0.000000000000000000, -0.000000000000000000, -1.000000000000000000 ) ) ;
#3265 =( GEOMETRIC_REPRESENTATION_CONTEXT ( 3 ) GLOBAL_UNCERTAINTY_ASSIGNED_CONTEXT ( ( #825 ) ) GLOBAL_UNIT_ASSIGNED_CONTEXT ( ( #1815, #4086, #6347 ) ) REPRESENTATION_CONTEXT ( 'NONE', 'WORKASPACE' ) );
#3266 = EDGE_LOOP ( 'NONE', ( #5240 ) ) ;
#3267 = SURFACE_STYLE_FILL_AREA ( #4008 ) ;
#3268 = ORIENTED_EDGE ( 'NONE', *, *, #3505, .F. ) ;
#3269 = EDGE_LOOP ( 'NONE', ( #7162, #7418, #8377, #5311 ) ) ;
#3270 = EDGE_CURVE ( 'NONE', #3202, #4789, #2862, .T. ) ;
#3271 = DIRECTION ( 'NONE',  ( 0.000000000000000000, 0.000000000000000000, 1.000000000000000000 ) ) ;
#3272 = CARTESIAN_POINT ( 'NONE',  ( 0.5349632742307174338, -0.1999999999999999833, 0.4249999999999999889 ) ) ;
#3273 = ORIENTED_EDGE ( 'NONE', *, *, #2551, .F. ) ;
#3274 =( NAMED_UNIT ( * ) SI_UNIT ( $, .STERADIAN. ) SOLID_ANGLE_UNIT ( ) );
#3275 = AXIS2_PLACEMENT_3D ( 'NONE', #243, #9822, #4495 ) ;
#3276 = VERTEX_POINT ( 'NONE', #8199 ) ;
#3277 = DIRECTION ( 'NONE',  ( -0.000000000000000000, -0.000000000000000000, 1.000000000000000000 ) ) ;
#3278 = DIRECTION ( 'NONE',  ( 0.000000000000000000, 0.000000000000000000, 1.000000000000000000 ) ) ;
#3279 = ORIENTED_EDGE ( 'NONE', *, *, #2551, .T. ) ;
#3280 = ADVANCED_FACE ( 'NONE', ( #7400 ), #4656, .T. ) ;
#3281 = SURFACE_STYLE_USAGE ( .BOTH. , #2590 ) ;
#3282 = EDGE_CURVE ( 'NONE', #8643, #8643, #2815, .T. ) ;
#3283 = UNCERTAINTY_MEASURE_WITH_UNIT (LENGTH_MEASURE( 1.000000000000000082E-05 ), #3693, 'distance_accuracy_value', 'NONE');
#3284 = STYLED_ITEM ( 'NONE', ( #8383 ), #3733 ) ;
#3285 = CLOSED_SHELL ( 'NONE', ( #4561, #982, #2909, #2419, #5143, #2032, #4077, #112, #9756, #2707, #164, #3897, #8296, #5486, #8123, #8881, #5883, #6623, #8730, #2402, #6481, #4320, #5002, #993, #7230, #7644, #7031, #4273, #5196, #3117, #2808, #5307, #3681, #3761, #1548, #9474, #5413, #6792, #1397, #3628, #782, #5942 ) ) ;
#3286 = VERTEX_POINT ( 'NONE', #8699 ) ;
#3287 = VECTOR ( 'NONE', #629, 1000.000000000000000 ) ;
#3288 = FACE_OUTER_BOUND ( 'NONE', #6084, .T. ) ;
#3289 = EDGE_LOOP ( 'NONE', ( #8749 ) ) ;
#3290 = SURFACE_STYLE_FILL_AREA ( #9617 ) ;
#3291 =( NAMED_UNIT ( * ) SI_UNIT ( $, .STERADIAN. ) SOLID_ANGLE_UNIT ( ) );
#3292 = AXIS2_PLACEMENT_3D ( 'NONE', #8809, #5779, #4235 ) ;
#3293 = ORIENTED_EDGE ( 'NONE', *, *, #8055, .F. ) ;
#3294 = MANIFOLD_SOLID_BREP ( 'LPattern1[3]', #7748 ) ;
#3295 = VECTOR ( 'NONE', #181, 1000.000000000000000 ) ;
#3296 = FACE_OUTER_BOUND ( 'NONE', #3760, .T. ) ;
#3297 = EDGE_CURVE ( 'NONE', #1584, #1122, #2576, .T. ) ;
#3298 = CARTESIAN_POINT ( 'NONE',  ( 1.000000000000000222, -0.2103553390593273786, 0.5999999999999999778 ) ) ;
#3299 = MECHANICAL_DESIGN_GEOMETRIC_PRESENTATION_REPRESENTATION (  '', ( #2310 ), #824 ) ;
#3300 = MECHANICAL_DESIGN_GEOMETRIC_PRESENTATION_REPRESENTATION (  '', ( #5339 ), #8075 ) ;
#3301 = ADVANCED_FACE ( 'NONE', ( #7450, #7914 ), #9465, .T. ) ;
#3302 = FACE_OUTER_BOUND ( 'NONE', #8895, .T. ) ;
#3304 = DIRECTION ( 'NONE',  ( 0.000000000000000000, 0.000000000000000000, 1.000000000000000000 ) ) ;
#3303 = SURFACE_STYLE_FILL_AREA ( #267 ) ;
#3305 = DIRECTION ( 'NONE',  ( 0.000000000000000000, -1.000000000000000000, 0.000000000000000000 ) ) ;
#3306 =( NAMED_UNIT ( * ) SI_UNIT ( $, .STERADIAN. ) SOLID_ANGLE_UNIT ( ) );
#3307 = COLOUR_RGB ( '',1.000000000000000000, 0.7529411764705882248, 0.7529411764705882248 ) ;
#3308 = AXIS2_PLACEMENT_3D ( 'NONE', #7100, #7266, #3497 ) ;
#3309 = COLOUR_RGB ( '',0.7921568627450980005, 0.8196078431372548767, 0.9333333333333333481 ) ;
#3310 = VERTEX_POINT ( 'NONE', #4297 ) ;
#3311 = CARTESIAN_POINT ( 'NONE',  ( -0.9896446609406726047, -0.6199999999999997735, 0.1599632742307184052 ) ) ;
#3312 = SURFACE_STYLE_USAGE ( .BOTH. , #7095 ) ;
#3313 = SURFACE_STYLE_FILL_AREA ( #7573 ) ;
#3314 = COLOUR_RGB ( '',1.000000000000000000, 0.7529411764705882248, 0.7529411764705882248 ) ;
#3315 = MECHANICAL_DESIGN_GEOMETRIC_PRESENTATION_REPRESENTATION (  '', ( #6760 ), #7247 ) ;
#3316 = EDGE_LOOP ( 'NONE', ( #7788 ) ) ;
#3317 = PRESENTATION_LAYER_ASSIGNMENT (  '', '', ( #281 ) ) ;
#3318 = SURFACE_STYLE_USAGE ( .BOTH. , #4886 ) ;
#3319 = DIRECTION ( 'NONE',  ( 1.000000000000000000, 0.000000000000000000, 0.000000000000000000 ) ) ;
#3320 = COLOUR_RGB ( '',1.000000000000000000, 0.7529411764705882248, 0.7529411764705882248 ) ;
#3321 = DIRECTION ( 'NONE',  ( 6.023345402697245486E-17, 0.000000000000000000, -1.000000000000000000 ) ) ;
#3322 = COLOUR_RGB ( '',1.000000000000000000, 0.7529411764705882248, 0.7529411764705882248 ) ;
#3323 = STYLED_ITEM ( 'NONE', ( #2346 ), #2394 ) ;
#3324 = FACE_OUTER_BOUND ( 'NONE', #8978, .T. ) ;
#3325 = COLOUR_RGB ( '',1.000000000000000000, 0.7529411764705882248, 0.7529411764705882248 ) ;
#3326 = FILL_AREA_STYLE_COLOUR ( '', #7673 ) ;
#3327 =( GEOMETRIC_REPRESENTATION_CONTEXT ( 3 ) GLOBAL_UNCERTAINTY_ASSIGNED_CONTEXT ( ( #945 ) ) GLOBAL_UNIT_ASSIGNED_CONTEXT ( ( #2783, #3870, #9205 ) ) REPRESENTATION_CONTEXT ( 'NONE', 'WORKASPACE' ) );
#3328 = ORIENTED_EDGE ( 'NONE', *, *, #11, .T. ) ;
#3329 = SURFACE_STYLE_USAGE ( .BOTH. , #7880 ) ;
#3330 = CARTESIAN_POINT ( 'NONE',  ( 0.5099632742307174116, -0.2103553390593273786, 0.4500000000000000111 ) ) ;
#3331 = FILL_AREA_STYLE_COLOUR ( '', #1013 ) ;
#3332 = PRESENTATION_STYLE_ASSIGNMENT (( #1456 ) ) ;
#3333 = EDGE_CURVE ( 'NONE', #6721, #781, #3611, .T. ) ;
#3334 = SURFACE_STYLE_USAGE ( .BOTH. , #7212 ) ;
#3335 = ADVANCED_FACE ( 'NONE', ( #3296 ), #3436, .T. ) ;
#3336 = STYLED_ITEM ( 'NONE', ( #8642 ), #2962 ) ;
#3337 = FACE_OUTER_BOUND ( 'NONE', #7083, .T. ) ;
#3338 = DIRECTION ( 'NONE',  ( 0.000000000000000000, 0.000000000000000000, -1.000000000000000000 ) ) ;
#3339 =( LENGTH_UNIT ( ) NAMED_UNIT ( * ) SI_UNIT ( .MILLI., .METRE. ) );
#3340 = ORIENTED_EDGE ( 'NONE', *, *, #3042, .T. ) ;
#3341 = CARTESIAN_POINT ( 'NONE',  ( 0.3695643756050340789, -0.2750000000000000222, -0.4753533397870280952 ) ) ;
#3342 = UNCERTAINTY_MEASURE_WITH_UNIT (LENGTH_MEASURE( 1.000000000000000082E-05 ), #4390, 'distance_accuracy_value', 'NONE');
#3343 =( NAMED_UNIT ( * ) SI_UNIT ( $, .STERADIAN. ) SOLID_ANGLE_UNIT ( ) );
#3344 = FACE_OUTER_BOUND ( 'NONE', #5355, .T. ) ;
#3345 = VECTOR ( 'NONE', #7735, 1000.000000000000000 ) ;
#3346 = FILL_AREA_STYLE_COLOUR ( '', #9535 ) ;
#3347 = AXIS2_PLACEMENT_3D ( 'NONE', #6061, #849, #8453 ) ;
#3348 = AXIS2_PLACEMENT_3D ( 'NONE', #2182, #7076, #4554 ) ;
#3349 =( LENGTH_UNIT ( ) NAMED_UNIT ( * ) SI_UNIT ( .MILLI., .METRE. ) );
#3350 = FACE_OUTER_BOUND ( 'NONE', #5775, .T. ) ;
#3351 = SURFACE_STYLE_FILL_AREA ( #314 ) ;
#3352 = PRESENTATION_STYLE_ASSIGNMENT (( #7811 ) ) ;
#3353 = CIRCLE ( 'NONE', #8700, 0.02500000000000001874 ) ;
#3354 = STYLED_ITEM ( 'NONE', ( #6252 ), #5477 ) ;
#3355 = VECTOR ( 'NONE', #7280, 1000.000000000000000 ) ;
#3356 = SURFACE_SIDE_STYLE ('',( #7874 ) ) ;
#3357 = SURFACE_STYLE_USAGE ( .BOTH. , #5622 ) ;
#3358 =( GEOMETRIC_REPRESENTATION_CONTEXT ( 3 ) GLOBAL_UNCERTAINTY_ASSIGNED_CONTEXT ( ( #3260 ) ) GLOBAL_UNIT_ASSIGNED_CONTEXT ( ( #2852, #8171, #8942 ) ) REPRESENTATION_CONTEXT ( 'NONE', 'WORKASPACE' ) );
#3359 = ORIENTED_EDGE ( 'NONE', *, *, #7113, .F. ) ;
#3360 = AXIS2_PLACEMENT_3D ( 'NONE', #5785, #4967, #4241 ) ;
#3361 = DIRECTION ( 'NONE',  ( 1.000000000000000000, 0.000000000000000000, 0.000000000000000000 ) ) ;
#3362 = ORIENTED_EDGE ( 'NONE', *, *, #8763, .T. ) ;
#3363 = AXIS2_PLACEMENT_3D ( 'NONE', #1721, #3264, #6364 ) ;
#3364 = UNCERTAINTY_MEASURE_WITH_UNIT (LENGTH_MEASURE( 1.000000000000000082E-05 ), #1670, 'distance_accuracy_value', 'NONE');
#3365 = DIRECTION ( 'NONE',  ( 0.000000000000000000, -1.000000000000000000, 0.000000000000000000 ) ) ;
#3366 = UNCERTAINTY_MEASURE_WITH_UNIT (LENGTH_MEASURE( 1.000000000000000082E-05 ), #9534, 'distance_accuracy_value', 'NONE');
#3367 = DIRECTION ( 'NONE',  ( -1.000000000000000000, -0.000000000000000000, -0.000000000000000000 ) ) ;
#3368 = CIRCLE ( 'NONE', #685, 0.02499999999999995628 ) ;
#3369 = CARTESIAN_POINT ( 'NONE',  ( -1.000000000000000000, -0.6096446609406724892, 0.1561942390473891329 ) ) ;
#3370 = CARTESIAN_POINT ( 'NONE',  ( 0.09311515236786298277, -0.6426664822826733126, -0.4278949585905497122 ) ) ;
#3371 = ORIENTED_EDGE ( 'NONE', *, *, #1328, .T. ) ;
#3372 = FILL_AREA_STYLE ('',( #6268 ) ) ;
#3373 = ORIENTED_EDGE ( 'NONE', *, *, #9290, .F. ) ;
#3374 =( LENGTH_UNIT ( ) NAMED_UNIT ( * ) SI_UNIT ( .MILLI., .METRE. ) );
#3375 = SURFACE_SIDE_STYLE ('',( #4679 ) ) ;
#3376 =( GEOMETRIC_REPRESENTATION_CONTEXT ( 3 ) GLOBAL_UNCERTAINTY_ASSIGNED_CONTEXT ( ( #2928 ) ) GLOBAL_UNIT_ASSIGNED_CONTEXT ( ( #32, #6833, #8301 ) ) REPRESENTATION_CONTEXT ( 'NONE', 'WORKASPACE' ) );
#3377 = SURFACE_SIDE_STYLE ('',( #4046 ) ) ;
#3378 = SURFACE_STYLE_FILL_AREA ( #2033 ) ;
#3379 = PRESENTATION_LAYER_ASSIGNMENT (  '', '', ( #5182 ) ) ;
#3380 = ORIENTED_EDGE ( 'NONE', *, *, #6222, .F. ) ;
#3381 = CIRCLE ( 'NONE', #9680, 0.02500000000000003261 ) ;
#3382 = ADVANCED_FACE ( 'NONE', ( #220 ), #6715, .F. ) ;
#3383 = ORIENTED_EDGE ( 'NONE', *, *, #4998, .F. ) ;
#3384 = ORIENTED_EDGE ( 'NONE', *, *, #6869, .T. ) ;
#3385 = CIRCLE ( 'NONE', #7379, 0.02500000000000002567 ) ;
#3386 = EDGE_CURVE ( 'NONE', #6748, #6748, #5431, .T. ) ;
#3387 = FACE_OUTER_BOUND ( 'NONE', #3888, .T. ) ;
#3388 = VERTEX_POINT ( 'NONE', #8805 ) ;
#3389 =( LENGTH_UNIT ( ) NAMED_UNIT ( * ) SI_UNIT ( .MILLI., .METRE. ) );
#3390 = ORIENTED_EDGE ( 'NONE', *, *, #7375, .T. ) ;
#3391 = CARTESIAN_POINT ( 'NONE',  ( -1.000000000000000000, -0.9000000000000000222, 0.1999999999999999001 ) ) ;
#3392 = DIRECTION ( 'NONE',  ( 0.000000000000000000, 1.000000000000000000, 0.000000000000000000 ) ) ;
#3393 = UNCERTAINTY_MEASURE_WITH_UNIT (LENGTH_MEASURE( 1.000000000000000082E-05 ), #6334, 'distance_accuracy_value', 'NONE');
#3394 = DIRECTION ( 'NONE',  ( 0.000000000000000000, -1.000000000000000000, 0.000000000000000000 ) ) ;
#3395 = ORIENTED_EDGE ( 'NONE', *, *, #5644, .T. ) ;
#3396 = VERTEX_POINT ( 'NONE', #1745 ) ;
#3397 = FACE_OUTER_BOUND ( 'NONE', #5042, .T. ) ;
#3398 = CARTESIAN_POINT ( 'NONE',  ( 0.4599999999999999645, -0.6018290529695971003, 0.4799999999999999822 ) ) ;
#3399 = FACE_OUTER_BOUND ( 'NONE', #9430, .T. ) ;
#3400 = MECHANICAL_DESIGN_GEOMETRIC_PRESENTATION_REPRESENTATION (  '', ( #7420 ), #8382 ) ;
#3401 = FACE_OUTER_BOUND ( 'NONE', #9793, .T. ) ;
#3402 = ORIENTED_EDGE ( 'NONE', *, *, #2836, .T. ) ;
#3403 = PRESENTATION_STYLE_ASSIGNMENT (( #3012 ) ) ;
#3404 = AXIS2_PLACEMENT_3D ( 'NONE', #174, #5465, #927 ) ;
#3405 = VECTOR ( 'NONE', #8386, 1000.000000000000000 ) ;
#3406 = LINE ( 'NONE', #5150, #2839 ) ;
#3407 = FILL_AREA_STYLE_COLOUR ( '', #3167 ) ;
#3408 = LINE ( 'NONE', #1686, #1438 ) ;
#3409 = CIRCLE ( 'NONE', #1264, 0.02500000000000003608 ) ;
#3410 = PRESENTATION_LAYER_ASSIGNMENT (  '', '', ( #698 ) ) ;
#3411 = SURFACE_STYLE_USAGE ( .BOTH. , #7276 ) ;
#3412 = FACE_OUTER_BOUND ( 'NONE', #5792, .T. ) ;
#3413 = EDGE_CURVE ( 'NONE', #6616, #6616, #814, .T. ) ;
#3414 = UNCERTAINTY_MEASURE_WITH_UNIT (LENGTH_MEASURE( 1.000000000000000082E-05 ), #893, 'distance_accuracy_value', 'NONE');
#3415 = UNCERTAINTY_MEASURE_WITH_UNIT (LENGTH_MEASURE( 1.000000000000000082E-05 ), #9025, 'distance_accuracy_value', 'NONE');
#3416 = AXIS2_PLACEMENT_3D ( 'NONE', #4010, #6198, #201 ) ;
#3417 =( GEOMETRIC_REPRESENTATION_CONTEXT ( 3 ) GLOBAL_UNCERTAINTY_ASSIGNED_CONTEXT ( ( #7473 ) ) GLOBAL_UNIT_ASSIGNED_CONTEXT ( ( #1707, #4748, #8526 ) ) REPRESENTATION_CONTEXT ( 'NONE', 'WORKASPACE' ) );
#3418 =( NAMED_UNIT ( * ) SI_UNIT ( $, .STERADIAN. ) SOLID_ANGLE_UNIT ( ) );
#3419 = MECHANICAL_DESIGN_GEOMETRIC_PRESENTATION_REPRESENTATION (  '', ( #2932 ), #6999 ) ;
#3420 = SURFACE_SIDE_STYLE ('',( #8638 ) ) ;
#3421 = EDGE_LOOP ( 'NONE', ( #4749 ) ) ;
#3422 = CIRCLE ( 'NONE', #4588, 0.02499999999999995628 ) ;
#3423 = CYLINDRICAL_SURFACE ( 'NONE', #590, 0.02500000000000004302 ) ;
#3424 =( LENGTH_UNIT ( ) NAMED_UNIT ( * ) SI_UNIT ( .MILLI., .METRE. ) );
#3425 = DIRECTION ( 'NONE',  ( 0.000000000000000000, 0.000000000000000000, -1.000000000000000000 ) ) ;
#3426 = AXIS2_PLACEMENT_3D ( 'NONE', #2651, #2741, #8941 ) ;
#3427 = VERTEX_POINT ( 'NONE', #8238 ) ;
#3428 = FILL_AREA_STYLE_COLOUR ( '', #6021 ) ;
#3429 = CARTESIAN_POINT ( 'NONE',  ( 0.5199999999999999067, -0.6999999999999997335, -0.3750000000000000000 ) ) ;
#3430 = FACE_OUTER_BOUND ( 'NONE', #1532, .T. ) ;
#3431 = AXIS2_PLACEMENT_3D ( 'NONE', #2701, #462, #3490 ) ;
#3432 = CARTESIAN_POINT ( 'NONE',  ( 0.03300000000000010564, -0.2250000000000000888, 0.4299999999999999378 ) ) ;
#3433 =( LENGTH_UNIT ( ) NAMED_UNIT ( * ) SI_UNIT ( .MILLI., .METRE. ) );
#3434 = AXIS2_PLACEMENT_3D ( 'NONE', #1743, #7804, #2446 ) ;
#3435 = STYLED_ITEM ( 'NONE', ( #3214 ), #6367 ) ;
#3436 = PLANE ( 'NONE',  #1126 ) ;
#3437 = EDGE_LOOP ( 'NONE', ( #8222, #5172, #634, #388 ) ) ;
#3438 = SURFACE_SIDE_STYLE ('',( #1899 ) ) ;
#3439 = FILL_AREA_STYLE_COLOUR ( '', #6212 ) ;
#3440 = SURFACE_STYLE_FILL_AREA ( #2757 ) ;
#3441 = SURFACE_SIDE_STYLE ('',( #7395 ) ) ;
#3442 = COLOUR_RGB ( '',1.000000000000000000, 0.7529411764705882248, 0.7529411764705882248 ) ;
#3443 = TOROIDAL_SURFACE ( 'NONE', #9411, 0.05000000000000002359, 0.02499999999999996669 ) ;
#3444 = EDGE_CURVE ( 'NONE', #7327, #7327, #8411, .T. ) ;
#3445 = STYLED_ITEM ( 'NONE', ( #3635 ), #2774 ) ;
#3446 = VERTEX_POINT ( 'NONE', #9796 ) ;
#3447 = CARTESIAN_POINT ( 'NONE',  ( -0.5099632742307173006, -0.2000000000000000111, -0.5999999999999999778 ) ) ;
#3448 = DIRECTION ( 'NONE',  ( -1.000000000000000000, 0.000000000000000000, 0.000000000000000000 ) ) ;
#3449 = FACE_OUTER_BOUND ( 'NONE', #9623, .T. ) ;
#3450 = ORIENTED_EDGE ( 'NONE', *, *, #9736, .F. ) ;
#3451 = CYLINDRICAL_SURFACE ( 'NONE', #6414, 0.02500000000000001180 ) ;
#3452 = FILL_AREA_STYLE ('',( #5248 ) ) ;
#3453 = CARTESIAN_POINT ( 'NONE',  ( 1.000000000000000000, -0.7299999999999999822, 0.1999999999999999278 ) ) ;
#3454 = EDGE_CURVE ( 'NONE', #1889, #1889, #7465, .T. ) ;
#3455 =( GEOMETRIC_REPRESENTATION_CONTEXT ( 3 ) GLOBAL_UNCERTAINTY_ASSIGNED_CONTEXT ( ( #7111 ) ) GLOBAL_UNIT_ASSIGNED_CONTEXT ( ( #5333, #8434, #832 ) ) REPRESENTATION_CONTEXT ( 'NONE', 'WORKASPACE' ) );
#3456 = PLANE ( 'NONE',  #9648 ) ;
#3457 = AXIS2_PLACEMENT_3D ( 'NONE', #2222, #7508, #3582 ) ;
#3458 = COLOUR_RGB ( '',1.000000000000000000, 0.7529411764705882248, 0.7529411764705882248 ) ;
#3459 = CARTESIAN_POINT ( 'NONE',  ( 0.3695643756050340789, -0.2296466602129719481, -0.4299999999999999933 ) ) ;
#3460 = EDGE_LOOP ( 'NONE', ( #8280 ) ) ;
#3461 =( NAMED_UNIT ( * ) SI_UNIT ( $, .STERADIAN. ) SOLID_ANGLE_UNIT ( ) );
#3462 = FACE_OUTER_BOUND ( 'NONE', #3679, .T. ) ;
#3463 = DIRECTION ( 'NONE',  ( -1.000000000000000000, 0.000000000000000000, -2.409338161078898194E-16 ) ) ;
#3464 = SURFACE_SIDE_STYLE ('',( #8440 ) ) ;
#3465 = AXIS2_PLACEMENT_3D ( 'NONE', #2718, #2068, #1931 ) ;
#3466 = ORIENTED_EDGE ( 'NONE', *, *, #2131, .T. ) ;
#3467 = EDGE_CURVE ( 'NONE', #898, #4168, #4711, .T. ) ;
#3468 = PRESENTATION_STYLE_ASSIGNMENT (( #6864 ) ) ;
#3469 = STYLED_ITEM ( 'NONE', ( #3256 ), #7459 ) ;
#3470 = FACE_OUTER_BOUND ( 'NONE', #4644, .T. ) ;
#3471 = AXIS2_PLACEMENT_3D ( 'NONE', #4093, #5875, #9695 ) ;
#3472 = VERTEX_POINT ( 'NONE', #8944 ) ;
#3473 =( NAMED_UNIT ( * ) PLANE_ANGLE_UNIT ( ) SI_UNIT ( $, .RADIAN. ) );
#3474 = EDGE_LOOP ( 'NONE', ( #550 ) ) ;
#3475 = VECTOR ( 'NONE', #7736, 1000.000000000000000 ) ;
#3476 = DIRECTION ( 'NONE',  ( 0.09334070869305820251, 0.000000000000000000, -0.9956342260592881965 ) ) ;
#3477 = PRESENTATION_LAYER_ASSIGNMENT (  '', '', ( #4245 ) ) ;
#3478 = STYLED_ITEM ( 'NONE', ( #8048 ), #982 ) ;
#3479 = ORIENTED_EDGE ( 'NONE', *, *, #1554, .F. ) ;
#3480 = ADVANCED_FACE ( 'NONE', ( #2827, #9017 ), #4106, .T. ) ;
#3481 = FILL_AREA_STYLE_COLOUR ( '', #2793 ) ;
#3482 =( LENGTH_UNIT ( ) NAMED_UNIT ( * ) SI_UNIT ( .MILLI., .METRE. ) );
#3483 = SURFACE_STYLE_FILL_AREA ( #3112 ) ;
#3484 = MECHANICAL_DESIGN_GEOMETRIC_PRESENTATION_REPRESENTATION (  '', ( #5022 ), #1506 ) ;
#3485 = SURFACE_STYLE_USAGE ( .BOTH. , #1940 ) ;
#3486 = CARTESIAN_POINT ( 'NONE',  ( 0.4350000000000000533, -0.2300000000000000655, 0.3799999999999999489 ) ) ;
#3487 = ORIENTED_EDGE ( 'NONE', *, *, #8153, .F. ) ;
#3488 = PRESENTATION_LAYER_ASSIGNMENT (  '', '', ( #3612 ) ) ;
#3489 = COLOUR_RGB ( '',1.000000000000000000, 0.7529411764705882248, 0.7529411764705882248 ) ;
#3490 = DIRECTION ( 'NONE',  ( 0.000000000000000000, 0.000000000000000000, 1.000000000000000000 ) ) ;
#3491 = CARTESIAN_POINT ( 'NONE',  ( 0.4099999999999999756, -0.2250000000000000611, 0.3799999999999999489 ) ) ;
#3492 = FILL_AREA_STYLE ('',( #4990 ) ) ;
#3493 = VERTEX_POINT ( 'NONE', #484 ) ;
#3494 = ORIENTED_EDGE ( 'NONE', *, *, #8025, .T. ) ;
#3495 = FACE_OUTER_BOUND ( 'NONE', #7024, .T. ) ;
#3496 = DIRECTION ( 'NONE',  ( -0.9956342260592881965, -0.000000000000000000, -0.09334070869305721718 ) ) ;
#3497 = DIRECTION ( 'NONE',  ( 0.000000000000000000, 0.000000000000000000, 1.000000000000000000 ) ) ;
#3498 = DIRECTION ( 'NONE',  ( -0.000000000000000000, -1.000000000000000000, -0.000000000000000000 ) ) ;
#3499 = FILL_AREA_STYLE_COLOUR ( '', #3928 ) ;
#3500 = UNCERTAINTY_MEASURE_WITH_UNIT (LENGTH_MEASURE( 1.000000000000000082E-05 ), #1656, 'distance_accuracy_value', 'NONE');
#3501 = FILL_AREA_STYLE ('',( #4103 ) ) ;
#3502 = ADVANCED_FACE ( 'NONE', ( #3288, #1545 ), #1032, .T. ) ;
#3503 = VERTEX_POINT ( 'NONE', #4824 ) ;
#3504 = DIRECTION ( 'NONE',  ( 1.000000000000000000, -0.000000000000000000, 0.000000000000000000 ) ) ;
#3505 = EDGE_CURVE ( 'NONE', #1122, #3049, #4347, .T. ) ;
#3506 = FACE_OUTER_BOUND ( 'NONE', #5873, .T. ) ;
#3507 = UNCERTAINTY_MEASURE_WITH_UNIT (LENGTH_MEASURE( 1.000000000000000082E-05 ), #1660, 'distance_accuracy_value', 'NONE');
#3508 = ORIENTED_EDGE ( 'NONE', *, *, #7768, .F. ) ;
#3509 = CARTESIAN_POINT ( 'NONE',  ( 0.1440000000000000724, -0.2250000000000000611, 0.3799999999999999489 ) ) ;
#3510 =( NAMED_UNIT ( * ) SI_UNIT ( $, .STERADIAN. ) SOLID_ANGLE_UNIT ( ) );
#3511 = VECTOR ( 'NONE', #9492, 999.9999999999998863 ) ;
#3512 = ADVANCED_FACE ( 'NONE', ( #9712, #1291 ), #5185, .T. ) ;
#3513 = FILL_AREA_STYLE ('',( #4358 ) ) ;
#3514 = DIRECTION ( 'NONE',  ( 0.000000000000000000, 0.7578075450417297576, 0.6524781411494385841 ) ) ;
#3515 = CARTESIAN_POINT ( 'NONE',  ( -1.000000000000000000, 0.000000000000000000, -0.5999999999999999778 ) ) ;
#3516 = SURFACE_SIDE_STYLE ('',( #2053 ) ) ;
#3517 = CARTESIAN_POINT ( 'NONE',  ( -0.1288848476321369507, -0.6426664822826732015, -0.4278949585905497122 ) ) ;
#3518 = VECTOR ( 'NONE', #7044, 1000.000000000000000 ) ;
#3519 =( NAMED_UNIT ( * ) SI_UNIT ( $, .STERADIAN. ) SOLID_ANGLE_UNIT ( ) );
#3520 = PRESENTATION_LAYER_ASSIGNMENT (  '', '', ( #3053 ) ) ;
#3521 = ORIENTED_EDGE ( 'NONE', *, *, #9709, .T. ) ;
#3522 = STYLED_ITEM ( 'NONE', ( #3468 ), #4080 ) ;
#3523 =( LENGTH_UNIT ( ) NAMED_UNIT ( * ) SI_UNIT ( .MILLI., .METRE. ) );
#3524 = MECHANICAL_DESIGN_GEOMETRIC_PRESENTATION_REPRESENTATION (  '', ( #3469 ), #4502 ) ;
#3525 = CARTESIAN_POINT ( 'NONE',  ( -0.1233329645653470086, -0.6449999999999997957, 0.4302182886970356557 ) ) ;
#3526 =( NAMED_UNIT ( * ) SI_UNIT ( $, .STERADIAN. ) SOLID_ANGLE_UNIT ( ) );
#3527 = ORIENTED_EDGE ( 'NONE', *, *, #6039, .F. ) ;
#3528 = UNCERTAINTY_MEASURE_WITH_UNIT (LENGTH_MEASURE( 1.000000000000000082E-05 ), #8609, 'distance_accuracy_value', 'NONE');
#3529 =( NAMED_UNIT ( * ) PLANE_ANGLE_UNIT ( ) SI_UNIT ( $, .RADIAN. ) );
#3530 = MECHANICAL_DESIGN_GEOMETRIC_PRESENTATION_REPRESENTATION (  '', ( #5587 ), #4049 ) ;
#3531 = CYLINDRICAL_SURFACE ( 'NONE', #6306, 0.02500000000000002914 ) ;
#3532 = EDGE_CURVE ( 'NONE', #3286, #3286, #2018, .T. ) ;
#3533 = PRESENTATION_LAYER_ASSIGNMENT (  '', '', ( #7825 ) ) ;
#3534 = FILL_AREA_STYLE ('',( #8158 ) ) ;
#3535 = PRESENTATION_LAYER_ASSIGNMENT (  '', '', ( #3081 ) ) ;
#3536 = CARTESIAN_POINT ( 'NONE',  ( -0.4924923623104890957, -0.6386234481023126408, -0.4596967682515315512 ) ) ;
#3537 = AXIS2_PLACEMENT_3D ( 'NONE', #4615, #3321, #2512 ) ;
#3538 = DIRECTION ( 'NONE',  ( 1.000000000000000000, 0.000000000000000000, 0.000000000000000000 ) ) ;
#3539 = ORIENTED_EDGE ( 'NONE', *, *, #862, .F. ) ;
#3540 = SURFACE_STYLE_USAGE ( .BOTH. , #4221 ) ;
#3541 = DIRECTION ( 'NONE',  ( 0.9825750242013554514, -0.1858664085188760362, 0.000000000000000000 ) ) ;
#3542 = SURFACE_STYLE_USAGE ( .BOTH. , #8058 ) ;
#3543 = CIRCLE ( 'NONE', #3207, 0.02500000000000002567 ) ;
#3544 = DIRECTION ( 'NONE',  ( 2.024511871002025217E-15, -1.000000000000000000, -7.767426133932690114E-16 ) ) ;
#3545 = FILL_AREA_STYLE ('',( #8263 ) ) ;
#3546 = ORIENTED_EDGE ( 'NONE', *, *, #6439, .F. ) ;
#3547 = EDGE_CURVE ( 'NONE', #9609, #8714, #3749, .T. ) ;
#3548 = CARTESIAN_POINT ( 'NONE',  ( -0.1244356243949659852, -0.2296466602129719481, -0.4299999999999999933 ) ) ;
#3549 = SURFACE_SIDE_STYLE ('',( #6366 ) ) ;
#3550 = VERTEX_POINT ( 'NONE', #1525 ) ;
#3551 = STYLED_ITEM ( 'NONE', ( #3952 ), #2064 ) ;
#3552 = VECTOR ( 'NONE', #1154, 1000.000000000000000 ) ;
#3553 =( GEOMETRIC_REPRESENTATION_CONTEXT ( 3 ) GLOBAL_UNCERTAINTY_ASSIGNED_CONTEXT ( ( #1874 ) ) GLOBAL_UNIT_ASSIGNED_CONTEXT ( ( #7150, #1026, #2617 ) ) REPRESENTATION_CONTEXT ( 'NONE', 'WORKASPACE' ) );
#3554 = DIRECTION ( 'NONE',  ( 0.09334070869305829965, 0.000000000000000000, -0.9956342260592883076 ) ) ;
#3555 = FILL_AREA_STYLE_COLOUR ( '', #9631 ) ;
#3556 =( NAMED_UNIT ( * ) SI_UNIT ( $, .STERADIAN. ) SOLID_ANGLE_UNIT ( ) );
#3557 = SURFACE_STYLE_USAGE ( .BOTH. , #7369 ) ;
#3558 = EDGE_LOOP ( 'NONE', ( #8243 ) ) ;
#3559 = PRESENTATION_STYLE_ASSIGNMENT (( #7245 ) ) ;
#3560 = CIRCLE ( 'NONE', #3921, 0.02500000000000002914 ) ;
#3561 = UNCERTAINTY_MEASURE_WITH_UNIT (LENGTH_MEASURE( 1.000000000000000082E-05 ), #435, 'distance_accuracy_value', 'NONE');
#3562 = DIRECTION ( 'NONE',  ( -0.9396926207859060964, -0.3420201433256752077, 0.000000000000000000 ) ) ;
#3563 = AXIS2_PLACEMENT_3D ( 'NONE', #9361, #3394, #8728 ) ;
#3564 = EDGE_LOOP ( 'NONE', ( #5354 ) ) ;
#3565 = SURFACE_STYLE_USAGE ( .BOTH. , #4350 ) ;
#3566 = PRESENTATION_STYLE_ASSIGNMENT (( #5348 ) ) ;
#3567 = CIRCLE ( 'NONE', #764, 0.02500000000000003608 ) ;
#3568 = ADVANCED_FACE ( 'NONE', ( #3979, #7803 ), #538, .T. ) ;
#3569 = DIRECTION ( 'NONE',  ( 0.000000000000000000, 0.000000000000000000, 1.000000000000000000 ) ) ;
#3570 = ORIENTED_EDGE ( 'NONE', *, *, #3734, .T. ) ;
#3571 = CARTESIAN_POINT ( 'NONE',  ( 0.5099632742307173006, -0.2250000000000000056, -0.4500000000000000111 ) ) ;
#3572 = STYLED_ITEM ( 'NONE', ( #2260 ), #3813 ) ;
#3573 = DIRECTION ( 'NONE',  ( 0.09334070869305829965, 0.000000000000000000, -0.9956342260592883076 ) ) ;
#3574 = SURFACE_SIDE_STYLE ('',( #8666 ) ) ;
#3575 = SURFACE_SIDE_STYLE ('',( #5739 ) ) ;
#3576 = CARTESIAN_POINT ( 'NONE',  ( 0.4600000000000000200, -0.2300000000000000655, 0.3799999999999999489 ) ) ;
#3577 =( GEOMETRIC_REPRESENTATION_CONTEXT ( 3 ) GLOBAL_UNCERTAINTY_ASSIGNED_CONTEXT ( ( #5878 ) ) GLOBAL_UNIT_ASSIGNED_CONTEXT ( ( #2195, #2922, #8980 ) ) REPRESENTATION_CONTEXT ( 'NONE', 'WORKASPACE' ) );
#3578 = DIRECTION ( 'NONE',  ( 1.000000000000000000, 0.000000000000000000, 2.409338161078898194E-16 ) ) ;
#3579 = UNCERTAINTY_MEASURE_WITH_UNIT (LENGTH_MEASURE( 1.000000000000000082E-05 ), #7268, 'distance_accuracy_value', 'NONE');
#3580 = ORIENTED_EDGE ( 'NONE', *, *, #9410, .F. ) ;
#3581 = COLOUR_RGB ( '',1.000000000000000000, 0.7529411764705882248, 0.7529411764705882248 ) ;
#3582 = DIRECTION ( 'NONE',  ( 0.9825750242013556734, 0.000000000000000000, 0.1858664085188750648 ) ) ;
#3583 = DIRECTION ( 'NONE',  ( 1.000000000000000000, 0.000000000000000000, -0.000000000000000000 ) ) ;
#3584 = EDGE_LOOP ( 'NONE', ( #3971 ) ) ;
#3585 = SURFACE_STYLE_USAGE ( .BOTH. , #2168 ) ;
#3586 = EDGE_CURVE ( 'NONE', #7917, #7917, #9114, .T. ) ;
#3587 = ORIENTED_EDGE ( 'NONE', *, *, #1932, .F. ) ;
#3588 = PRESENTATION_STYLE_ASSIGNMENT (( #6664 ) ) ;
#3589 = AXIS2_PLACEMENT_3D ( 'NONE', #2663, #4148, #7977 ) ;
#3590 = UNCERTAINTY_MEASURE_WITH_UNIT (LENGTH_MEASURE( 1.000000000000000082E-05 ), #8067, 'distance_accuracy_value', 'NONE');
#3591 = STYLED_ITEM ( 'NONE', ( #2798 ), #5631 ) ;
#3592 = FILL_AREA_STYLE_COLOUR ( '', #9663 ) ;
#3593 = EDGE_LOOP ( 'NONE', ( #1634 ) ) ;
#3594 = PRESENTATION_STYLE_ASSIGNMENT (( #8391 ) ) ;
#3595 = SURFACE_SIDE_STYLE ('',( #402 ) ) ;
#3596 = SURFACE_SIDE_STYLE ('',( #9040 ) ) ;
#3597 = DIRECTION ( 'NONE',  ( -0.1063852927564772344, -0.9168282602547884741, -0.3848481657528028399 ) ) ;
#3598 = DIRECTION ( 'NONE',  ( 0.9825750242013554514, -0.1858664085188760362, 0.000000000000000000 ) ) ;
#3599 =( GEOMETRIC_REPRESENTATION_CONTEXT ( 3 ) GLOBAL_UNCERTAINTY_ASSIGNED_CONTEXT ( ( #8557 ) ) GLOBAL_UNIT_ASSIGNED_CONTEXT ( ( #3172, #4541, #7629 ) ) REPRESENTATION_CONTEXT ( 'NONE', 'WORKASPACE' ) );
#3600 = CARTESIAN_POINT ( 'NONE',  ( -0.4522282473117545387, 0.000000000000000000, 0.4999999999999998890 ) ) ;
#3601 = EDGE_CURVE ( 'NONE', #3087, #3711, #9618, .T. ) ;
#3602 = ADVANCED_FACE ( 'NONE', ( #4466, #3061 ), #1152, .T. ) ;
#3603 = STYLED_ITEM ( 'NONE', ( #6752 ), #1726 ) ;
#3604 = DIRECTION ( 'NONE',  ( -1.000000000000000000, 0.000000000000000000, 0.000000000000000000 ) ) ;
#3605 =( NAMED_UNIT ( * ) SI_UNIT ( $, .STERADIAN. ) SOLID_ANGLE_UNIT ( ) );
#3606 = MECHANICAL_DESIGN_GEOMETRIC_PRESENTATION_REPRESENTATION (  '', ( #4461 ), #4776 ) ;
#3607 = DIRECTION ( 'NONE',  ( 0.000000000000000000, -1.000000000000000000, 0.000000000000000000 ) ) ;
#3608 = ORIENTED_EDGE ( 'NONE', *, *, #379, .T. ) ;
#3609 = SURFACE_STYLE_USAGE ( .BOTH. , #3574 ) ;
#3610 = PRESENTATION_STYLE_ASSIGNMENT (( #6250 ) ) ;
#3611 = LINE ( 'NONE', #7298, #1653 ) ;
#3612 = STYLED_ITEM ( 'NONE', ( #4904 ), #6134 ) ;
#3613 = VERTEX_POINT ( 'NONE', #3459 ) ;
#3614 = DIRECTION ( 'NONE',  ( 1.000000000000000000, 0.000000000000000000, 0.000000000000000000 ) ) ;
#3615 = EDGE_LOOP ( 'NONE', ( #7639 ) ) ;
#3616 = CARTESIAN_POINT ( 'NONE',  ( 0.1734492232371699638, -0.6426664822826733126, 0.4325416188035217102 ) ) ;
#3617 = DIRECTION ( 'NONE',  ( 0.9825750242013556734, 0.000000000000000000, 0.1858664085188749815 ) ) ;
#3618 =( NAMED_UNIT ( * ) SI_UNIT ( $, .STERADIAN. ) SOLID_ANGLE_UNIT ( ) );
#3619 = FACE_OUTER_BOUND ( 'NONE', #1182, .T. ) ;
#3620 = EDGE_LOOP ( 'NONE', ( #8241 ) ) ;
#3621 = FILL_AREA_STYLE_COLOUR ( '', #8886 ) ;
#3622 = SURFACE_SIDE_STYLE ('',( #3303 ) ) ;
#3623 = SURFACE_STYLE_FILL_AREA ( #961 ) ;
#3624 = FILL_AREA_STYLE_COLOUR ( '', #2543 ) ;
#3625 = AXIS2_PLACEMENT_3D ( 'NONE', #4166, #8143, #1423 ) ;
#3626 = PRESENTATION_STYLE_ASSIGNMENT (( #3652 ) ) ;
#3627 = PLANE ( 'NONE',  #6357 ) ;
#3628 = ADVANCED_FACE ( 'NONE', ( #552 ), #4099, .T. ) ;
#3629 = SURFACE_STYLE_USAGE ( .BOTH. , #8877 ) ;
#3630 = SURFACE_STYLE_USAGE ( .BOTH. , #8209 ) ;
#3631 = AXIS2_PLACEMENT_3D ( 'NONE', #6780, #4441, #7555 ) ;
#3632 =( BOUNDED_CURVE ( )  B_SPLINE_CURVE ( 3, ( #7930, #3369, #3311, #4130 ),
 .UNSPECIFIED., .F., .T. ) 
 B_SPLINE_CURVE_WITH_KNOTS ( ( 4, 4 ),
 ( 4.712388980384688786, 6.283185307179581791 ),
 .UNSPECIFIED. ) 
 CURVE ( )  GEOMETRIC_REPRESENTATION_ITEM ( )  RATIONAL_B_SPLINE_CURVE ( ( 1.000000000000000000, 0.8047378541243648264, 0.8047378541243648264, 1.000000000000000000 ) ) 
 REPRESENTATION_ITEM ( '' )  );
#3633 = ORIENTED_EDGE ( 'NONE', *, *, #8915, .F. ) ;
#3634 = VECTOR ( 'NONE', #5861, 1000.000000000000000 ) ;
#3635 = PRESENTATION_STYLE_ASSIGNMENT (( #271 ) ) ;
#3636 = DIRECTION ( 'NONE',  ( 0.000000000000000000, 0.000000000000000000, 1.000000000000000000 ) ) ;
#3637 = FACE_OUTER_BOUND ( 'NONE', #8937, .T. ) ;
#3638 = CARTESIAN_POINT ( 'NONE',  ( -0.9750000000000001998, -0.6199999999999998845, -0.1599632742307184052 ) ) ;
#3639 = STYLED_ITEM ( 'NONE', ( #4219 ), #3568 ) ;
#3640 = STYLED_ITEM ( 'NONE', ( #6622 ), #3480 ) ;
#3641 =( NAMED_UNIT ( * ) SI_UNIT ( $, .STERADIAN. ) SOLID_ANGLE_UNIT ( ) );
#3642 = DIRECTION ( 'NONE',  ( 0.000000000000000000, -0.000000000000000000, -1.000000000000000000 ) ) ;
#3643 = VECTOR ( 'NONE', #4392, 1000.000000000000000 ) ;
#3644 = STYLED_ITEM ( 'NONE', ( #2275 ), #6623 ) ;
#3645 = FACE_OUTER_BOUND ( 'NONE', #4725, .T. ) ;
#3646 = EDGE_LOOP ( 'NONE', ( #3254 ) ) ;
#3647 = DIRECTION ( 'NONE',  ( 0.5000000000000014433, 0.000000000000000000, -0.8660254037844378194 ) ) ;
#3648 = CARTESIAN_POINT ( 'NONE',  ( 0.2340000000000000968, -0.2250000000000000611, -0.3799999999999999489 ) ) ;
#3649 =( LENGTH_UNIT ( ) NAMED_UNIT ( * ) SI_UNIT ( .MILLI., .METRE. ) );
#3650 = FILL_AREA_STYLE ('',( #2918 ) ) ;
#3651 = UNCERTAINTY_MEASURE_WITH_UNIT (LENGTH_MEASURE( 1.000000000000000082E-05 ), #3389, 'distance_accuracy_value', 'NONE');
#3652 = SURFACE_STYLE_USAGE ( .BOTH. , #5138 ) ;
#3653 = SURFACE_SIDE_STYLE ('',( #7702 ) ) ;
#3654 = PRESENTATION_LAYER_ASSIGNMENT (  '', '', ( #132 ) ) ;
#3655 = CARTESIAN_POINT ( 'NONE',  ( -0.5499999999999999334, -0.7299999999999999822, -0.5999999999999999778 ) ) ;
#3656 = EDGE_LOOP ( 'NONE', ( #5625 ) ) ;
#3657 =( LENGTH_UNIT ( ) NAMED_UNIT ( * ) SI_UNIT ( .MILLI., .METRE. ) );
#3658 =( NAMED_UNIT ( * ) PLANE_ANGLE_UNIT ( ) SI_UNIT ( $, .RADIAN. ) );
#3659 =( GEOMETRIC_REPRESENTATION_CONTEXT ( 3 ) GLOBAL_UNCERTAINTY_ASSIGNED_CONTEXT ( ( #9292 ) ) GLOBAL_UNIT_ASSIGNED_CONTEXT ( ( #9814, #5256, #6029 ) ) REPRESENTATION_CONTEXT ( 'NONE', 'WORKASPACE' ) );
#3660 = ADVANCED_FACE ( 'NONE', ( #93, #6478 ), #6963, .T. ) ;
#3661 = DIRECTION ( 'NONE',  ( 0.000000000000000000, -1.000000000000000000, 0.000000000000000000 ) ) ;
#3662 =( LENGTH_UNIT ( ) NAMED_UNIT ( * ) SI_UNIT ( .MILLI., .METRE. ) );
#3663 = VERTEX_POINT ( 'NONE', #4016 ) ;
#3664 = AXIS2_PLACEMENT_3D ( 'NONE', #8848, #7458, #8889 ) ;
#3665 = DIRECTION ( 'NONE',  ( -3.614007241618344333E-16, 0.000000000000000000, 1.000000000000000000 ) ) ;
#3666 = ORIENTED_EDGE ( 'NONE', *, *, #5685, .T. ) ;
#3667 = SURFACE_STYLE_USAGE ( .BOTH. , #9085 ) ;
#3668 = EDGE_CURVE ( 'NONE', #4789, #4700, #2574, .T. ) ;
#3669 = CARTESIAN_POINT ( 'NONE',  ( -0.2646670354346539189, -0.5949999999999997513, -0.4302182886970357112 ) ) ;
#3670 = AXIS2_PLACEMENT_3D ( 'NONE', #4203, #4893, #438 ) ;
#3671 = CARTESIAN_POINT ( 'NONE',  ( 0.5349632742307174338, -0.1999999999999999833, 0.5999999999999999778 ) ) ;
#3672 = SURFACE_STYLE_FILL_AREA ( #8312 ) ;
#3673 = STYLED_ITEM ( 'NONE', ( #6432 ), #8524 ) ;
#3674 = VECTOR ( 'NONE', #7, 1000.000000000000000 ) ;
#3675 = FACE_OUTER_BOUND ( 'NONE', #4624, .T. ) ;
#3676 = DIRECTION ( 'NONE',  ( -0.000000000000000000, -1.000000000000000000, -0.000000000000000000 ) ) ;
#3677 = PRESENTATION_LAYER_ASSIGNMENT (  '', '', ( #5732 ) ) ;
#3678 = DIRECTION ( 'NONE',  ( 0.000000000000000000, -1.000000000000000000, 0.000000000000000000 ) ) ;
#3679 = EDGE_LOOP ( 'NONE', ( #6277 ) ) ;
#3680 = CARTESIAN_POINT ( 'NONE',  ( 0.07300000000000007871, -0.5949999999999998623, -0.4799999999999999822 ) ) ;
#3681 = ADVANCED_FACE ( 'NONE', ( #1143 ), #899, .T. ) ;
#3682 = SURFACE_SIDE_STYLE ('',( #5124 ) ) ;
#3683 = FACE_OUTER_BOUND ( 'NONE', #5061, .T. ) ;
#3684 = CARTESIAN_POINT ( 'NONE',  ( -0.01233296456534701060, -0.6449999999999997957, 0.4302182886970356557 ) ) ;
#3685 =( NAMED_UNIT ( * ) PLANE_ANGLE_UNIT ( ) SI_UNIT ( $, .RADIAN. ) );
#3686 = DIRECTION ( 'NONE',  ( -0.000000000000000000, -1.000000000000000000, -0.000000000000000000 ) ) ;
#3687 = DIRECTION ( 'NONE',  ( -1.000000000000000000, -0.000000000000000000, -2.409338161078898194E-16 ) ) ;
#3688 =( LENGTH_UNIT ( ) NAMED_UNIT ( * ) SI_UNIT ( .MILLI., .METRE. ) );
#3689 = AXIS2_PLACEMENT_3D ( 'NONE', #5099, #6740, #657 ) ;
#3690 = EDGE_LOOP ( 'NONE', ( #9578 ) ) ;
#3691 = FACE_OUTER_BOUND ( 'NONE', #5211, .T. ) ;
#3692 = UNCERTAINTY_MEASURE_WITH_UNIT (LENGTH_MEASURE( 1.000000000000000082E-05 ), #6034, 'distance_accuracy_value', 'NONE');
#3693 =( LENGTH_UNIT ( ) NAMED_UNIT ( * ) SI_UNIT ( .MILLI., .METRE. ) );
#3694 = DIRECTION ( 'NONE',  ( 1.263880071562429078E-15, -1.000000000000000000, -6.319400357812145388E-16 ) ) ;
#3695 = FILL_AREA_STYLE_COLOUR ( '', #5338 ) ;
#3696 = FACE_OUTER_BOUND ( 'NONE', #3269, .T. ) ;
#3697 = FILL_AREA_STYLE_COLOUR ( '', #8695 ) ;
#3698 = FILL_AREA_STYLE_COLOUR ( '', #4401 ) ;
#3699 = ORIENTED_EDGE ( 'NONE', *, *, #66, .T. ) ;
#3700 = CARTESIAN_POINT ( 'NONE',  ( -0.5099632742307174116, -0.6199999999999998845, 0.5999999999999999778 ) ) ;
#3701 = FACE_OUTER_BOUND ( 'NONE', #6953, .T. ) ;
#3702 = EDGE_CURVE ( 'NONE', #2578, #2578, #7440, .T. ) ;
#3703 = FILL_AREA_STYLE_COLOUR ( '', #9151 ) ;
#3704 = ADVANCED_FACE ( 'NONE', ( #6139, #1406 ), #5534, .T. ) ;
#3705 = MECHANICAL_DESIGN_GEOMETRIC_PRESENTATION_REPRESENTATION (  '', ( #4731 ), #9022 ) ;
#3706 = CARTESIAN_POINT ( 'NONE',  ( 0.1440000000000000724, -0.5949999999999997513, 0.4799999999999999822 ) ) ;
#3707 = ORIENTED_EDGE ( 'NONE', *, *, #6970, .T. ) ;
#3708 = SURFACE_SIDE_STYLE ('',( #4011 ) ) ;
#3709 = FACE_OUTER_BOUND ( 'NONE', #5145, .T. ) ;
#3710 = DIRECTION ( 'NONE',  ( -0.8660254037844379305, 0.000000000000000000, 0.5000000000000014433 ) ) ;
#3711 = VERTEX_POINT ( 'NONE', #4874 ) ;
#3712 = VECTOR ( 'NONE', #1327, 1000.000000000000114 ) ;
#3713 = SURFACE_STYLE_USAGE ( .BOTH. , #2972 ) ;
#3714 = TOROIDAL_SURFACE ( 'NONE', #8331, 0.05000000000000002359, 0.02500000000000002914 ) ;
#3715 = FILL_AREA_STYLE_COLOUR ( '', #4693 ) ;
#3716 = EDGE_LOOP ( 'NONE', ( #1006 ) ) ;
#3717 = DIRECTION ( 'NONE',  ( 0.9912875121006776702, 0.09334070869305804985, 0.09293320425943860097 ) ) ;
#3718 = AXIS2_PLACEMENT_3D ( 'NONE', #4810, #1580, #7640 ) ;
#3719 = UNCERTAINTY_MEASURE_WITH_UNIT (LENGTH_MEASURE( 1.000000000000000082E-05 ), #1597, 'distance_accuracy_value', 'NONE');
#3720 = DIRECTION ( 'NONE',  ( 1.000000000000000000, 0.000000000000000000, 0.000000000000000000 ) ) ;
#3721 = CARTESIAN_POINT ( 'NONE',  ( -1.000000000000000000, -0.9000000000000000222, -0.5999999999999999778 ) ) ;
#3722 =( LENGTH_UNIT ( ) NAMED_UNIT ( * ) SI_UNIT ( .MILLI., .METRE. ) );
#3723 = PRESENTATION_LAYER_ASSIGNMENT (  '', '', ( #2711 ) ) ;
#3724 = CARTESIAN_POINT ( 'NONE',  ( 0.5099632742307173006, 0.000000000000000000, 0.5999999999999999778 ) ) ;
#3725 = ORIENTED_EDGE ( 'NONE', *, *, #9675, .T. ) ;
#3726 = VERTEX_POINT ( 'NONE', #2776 ) ;
#3727 = DIRECTION ( 'NONE',  ( -0.9956342260592881965, -0.000000000000000000, -0.09334070869305820251 ) ) ;
#3728 = CARTESIAN_POINT ( 'NONE',  ( 0.09400000000000009737, -0.5949999999999997513, 0.4799999999999999822 ) ) ;
#3729 = UNCERTAINTY_MEASURE_WITH_UNIT (LENGTH_MEASURE( 1.000000000000000082E-05 ), #6088, 'distance_accuracy_value', 'NONE');
#3730 = CARTESIAN_POINT ( 'NONE',  ( -0.3453329645653470670, -0.6449999999999997957, 0.4302182886970357112 ) ) ;
#3731 = FILL_AREA_STYLE_COLOUR ( '', #8579 ) ;
#3732 = PRESENTATION_LAYER_ASSIGNMENT (  '', '', ( #6990 ) ) ;
#3733 = ADVANCED_FACE ( 'NONE', ( #3495, #1538 ), #4208, .T. ) ;
#3734 = EDGE_CURVE ( 'NONE', #8402, #8402, #2674, .T. ) ;
#3735 = CARTESIAN_POINT ( 'NONE',  ( 0.2340000000000000968, -0.2750000000000000777, -0.4299999999999999378 ) ) ;
#3736 = PRESENTATION_LAYER_ASSIGNMENT (  '', '', ( #9543 ) ) ;
#3737 = VERTEX_POINT ( 'NONE', #3391 ) ;
#3738 = MECHANICAL_DESIGN_GEOMETRIC_PRESENTATION_REPRESENTATION (  '', ( #8346 ), #7118 ) ;
#3739 = VERTEX_POINT ( 'NONE', #4365 ) ;
#3740 = SURFACE_SIDE_STYLE ('',( #8206 ) ) ;
#3741 = DIRECTION ( 'NONE',  ( 0.000000000000000000, 1.000000000000000000, 0.000000000000000000 ) ) ;
#3742 = DIRECTION ( 'NONE',  ( -0.000000000000000000, -1.000000000000000000, -0.000000000000000000 ) ) ;
#3743 = SURFACE_STYLE_FILL_AREA ( #2824 ) ;
#3744 = DIRECTION ( 'NONE',  ( -1.000000000000000000, 0.000000000000000000, 0.000000000000000000 ) ) ;
#3745 = FACE_OUTER_BOUND ( 'NONE', #6827, .T. ) ;
#3746 = PRESENTATION_LAYER_ASSIGNMENT (  '', '', ( #6351 ) ) ;
#3747 = VERTEX_POINT ( 'NONE', #8733 ) ;
#3748 = FILL_AREA_STYLE_COLOUR ( '', #7645 ) ;
#3749 = LINE ( 'NONE', #769, #9590 ) ;
#3750 = ORIENTED_EDGE ( 'NONE', *, *, #5112, .F. ) ;
#3751 = AXIS2_PLACEMENT_3D ( 'NONE', #180, #5472, #1629 ) ;
#3752 = DIRECTION ( 'NONE',  ( 1.000000000000000000, -0.000000000000000000, -0.000000000000000000 ) ) ;
#3753 = STYLED_ITEM ( 'NONE', ( #7741 ), #9065 ) ;
#3754 = DIRECTION ( 'NONE',  ( 1.000000000000000000, 0.000000000000000000, 0.000000000000000000 ) ) ;
#3755 =( NAMED_UNIT ( * ) SI_UNIT ( $, .STERADIAN. ) SOLID_ANGLE_UNIT ( ) );
#3756 = COLOUR_RGB ( '',0.2509803921568627416, 0.2509803921568627416, 0.2509803921568627416 ) ;
#3757 = DIRECTION ( 'NONE',  ( 0.1063852927564772344, -0.9168282602547884741, 0.3848481657528028399 ) ) ;
#3758 = VERTEX_POINT ( 'NONE', #2534 ) ;
#3759 = DIRECTION ( 'NONE',  ( 0.000000000000000000, 0.000000000000000000, 1.000000000000000000 ) ) ;
#3760 = EDGE_LOOP ( 'NONE', ( #7790 ) ) ;
#3761 = ADVANCED_FACE ( 'NONE', ( #72 ), #1870, .T. ) ;
#3762 = SURFACE_STYLE_USAGE ( .BOTH. , #4563 ) ;
#3763 = EDGE_CURVE ( 'NONE', #5586, #3216, #6244, .T. ) ;
#3764 = CARTESIAN_POINT ( 'NONE',  ( 0.5199999999999999067, -0.6999999999999997335, -0.3999999999999999667 ) ) ;
#3765 =( LENGTH_UNIT ( ) NAMED_UNIT ( * ) SI_UNIT ( .MILLI., .METRE. ) );
#3766 =( GEOMETRIC_REPRESENTATION_CONTEXT ( 3 ) GLOBAL_UNCERTAINTY_ASSIGNED_CONTEXT ( ( #4306 ) ) GLOBAL_UNIT_ASSIGNED_CONTEXT ( ( #5909, #8947, #2923 ) ) REPRESENTATION_CONTEXT ( 'NONE', 'WORKASPACE' ) );
#3767 = SURFACE_SIDE_STYLE ('',( #699 ) ) ;
#3768 = CARTESIAN_POINT ( 'NONE',  ( -1.000000000000000000, -0.2000000000000000111, -0.5999999999999999778 ) ) ;
#3769 = CYLINDRICAL_SURFACE ( 'NONE', #853, 0.02499999999999995628 ) ;
#3770 = SURFACE_STYLE_FILL_AREA ( #1921 ) ;
#3771 = CARTESIAN_POINT ( 'NONE',  ( 0.1486670354346529832, -0.5949999999999997513, 0.4302182886970356002 ) ) ;
#3772 = DIRECTION ( 'NONE',  ( 0.000000000000000000, 0.000000000000000000, -1.000000000000000000 ) ) ;
#3773 = PRODUCT_DEFINITION ( 'UNKNOWN', '', #5121, #5754 ) ;
#3774 = SURFACE_STYLE_FILL_AREA ( #5948 ) ;
#3775 = SURFACE_STYLE_USAGE ( .BOTH. , #6853 ) ;
#3776 = SURFACE_STYLE_FILL_AREA ( #4534 ) ;
#3777 = LINE ( 'NONE', #3721, #5215 ) ;
#3778 = PRESENTATION_STYLE_ASSIGNMENT (( #4931 ) ) ;
#3779 =( NAMED_UNIT ( * ) PLANE_ANGLE_UNIT ( ) SI_UNIT ( $, .RADIAN. ) );
#3780 = COLOUR_RGB ( '',1.000000000000000000, 0.7529411764705882248, 0.7529411764705882248 ) ;
#3781 =( GEOMETRIC_REPRESENTATION_CONTEXT ( 3 ) GLOBAL_UNCERTAINTY_ASSIGNED_CONTEXT ( ( #8710 ) ) GLOBAL_UNIT_ASSIGNED_CONTEXT ( ( #9651, #2694, #5094 ) ) REPRESENTATION_CONTEXT ( 'NONE', 'WORKASPACE' ) );
#3782 = DIRECTION ( 'NONE',  ( 0.000000000000000000, 0.000000000000000000, -1.000000000000000000 ) ) ;
#3783 = ORIENTED_EDGE ( 'NONE', *, *, #7660, .F. ) ;
#3784 = SURFACE_STYLE_FILL_AREA ( #1605 ) ;
#3785 =( GEOMETRIC_REPRESENTATION_CONTEXT ( 3 ) GLOBAL_UNCERTAINTY_ASSIGNED_CONTEXT ( ( #1007 ) ) GLOBAL_UNIT_ASSIGNED_CONTEXT ( ( #7837, #6393, #3291 ) ) REPRESENTATION_CONTEXT ( 'NONE', 'WORKASPACE' ) );
#3786 = CIRCLE ( 'NONE', #5864, 0.02499999999999995628 ) ;
#3787 =( NAMED_UNIT ( * ) SI_UNIT ( $, .STERADIAN. ) SOLID_ANGLE_UNIT ( ) );
#3788 = CYLINDRICAL_SURFACE ( 'NONE', #7535, 0.02499999999999995628 ) ;
#3789 = FILL_AREA_STYLE_COLOUR ( '', #5989 ) ;
#3790 =( NAMED_UNIT ( * ) SI_UNIT ( $, .STERADIAN. ) SOLID_ANGLE_UNIT ( ) );
#3791 = DIRECTION ( 'NONE',  ( -1.000000000000000000, -0.000000000000000000, -0.000000000000000000 ) ) ;
#3792 = DIRECTION ( 'NONE',  ( 0.9825750242013555624, -0.1858664085188759807, 0.000000000000000000 ) ) ;
#3793 = DIRECTION ( 'NONE',  ( 0.000000000000000000, 0.000000000000000000, 1.000000000000000000 ) ) ;
#3794 =( GEOMETRIC_REPRESENTATION_CONTEXT ( 3 ) GLOBAL_UNCERTAINTY_ASSIGNED_CONTEXT ( ( #9717 ) ) GLOBAL_UNIT_ASSIGNED_CONTEXT ( ( #1963, #497, #7238 ) ) REPRESENTATION_CONTEXT ( 'NONE', 'WORKASPACE' ) );
#3795 = CYLINDRICAL_SURFACE ( 'NONE', #7008, 0.02499999999999995628 ) ;
#3796 = EDGE_CURVE ( 'NONE', #5037, #6293, #8023, .T. ) ;
#3797 = PRESENTATION_STYLE_ASSIGNMENT (( #9209 ) ) ;
#3798 = AXIS2_PLACEMENT_3D ( 'NONE', #9030, #3678, #3642 ) ;
#3799 = CARTESIAN_POINT ( 'NONE',  ( 0.4350000000000000533, -0.6499999999999998002, -0.4000000000000001332 ) ) ;
#3800 = SURFACE_SIDE_STYLE ('',( #1388 ) ) ;
#3801 = AXIS2_PLACEMENT_3D ( 'NONE', #3244, #8627, #9326 ) ;
#3802 = DIRECTION ( 'NONE',  ( -1.000000000000000000, 0.000000000000000000, 0.000000000000000000 ) ) ;
#3803 = CARTESIAN_POINT ( 'NONE',  ( -0.5099632742307174116, -0.6199999999999998845, -0.5999999999999999778 ) ) ;
#3804 = ORIENTED_EDGE ( 'NONE', *, *, #9072, .T. ) ;
#3805 = DIRECTION ( 'NONE',  ( -0.09334070869305721718, 0.000000000000000000, 0.9956342260592883076 ) ) ;
#3806 = ORIENTED_EDGE ( 'NONE', *, *, #6584, .T. ) ;
#3807 = FILL_AREA_STYLE ('',( #3698 ) ) ;
#3808 = CARTESIAN_POINT ( 'NONE',  ( 0.2340000000000000968, -0.2750000000000000222, -0.4799999999999999822 ) ) ;
#3809 = ADVANCED_FACE ( 'NONE', ( #6338, #3853 ), #4712, .T. ) ;
#3810 = VECTOR ( 'NONE', #6295, 1000.000000000000000 ) ;
#3811 =( GEOMETRIC_REPRESENTATION_CONTEXT ( 3 ) GLOBAL_UNCERTAINTY_ASSIGNED_CONTEXT ( ( #6661 ) ) GLOBAL_UNIT_ASSIGNED_CONTEXT ( ( #6214, #2423, #9252 ) ) REPRESENTATION_CONTEXT ( 'NONE', 'WORKASPACE' ) );
#3812 = ORIENTED_EDGE ( 'NONE', *, *, #9204, .F. ) ;
#3813 = ADVANCED_FACE ( 'NONE', ( #9594, #5671 ), #5304, .T. ) ;
#3814 = CARTESIAN_POINT ( 'NONE',  ( 1.000000000000000444, -0.7299999999999999822, 0.1999999999999999001 ) ) ;
#3815 = MECHANICAL_DESIGN_GEOMETRIC_PRESENTATION_REPRESENTATION (  '', ( #8610 ), #6056 ) ;
#3816 = AXIS2_PLACEMENT_3D ( 'NONE', #9250, #150, #8571 ) ;
#3817 = PRESENTATION_STYLE_ASSIGNMENT (( #8294 ) ) ;
#3818 = SURFACE_SIDE_STYLE ('',( #9817 ) ) ;
#3819 = ADVANCED_FACE ( 'NONE', ( #6032, #6490 ), #9372, .T. ) ;
#3820 = CARTESIAN_POINT ( 'NONE',  ( 0.01200000000000008872, -0.2250000000000000611, -0.3799999999999999489 ) ) ;
#3821 = EDGE_LOOP ( 'NONE', ( #2307 ) ) ;
#3822 = PLANE ( 'NONE',  #5564 ) ;
#3823 = ADVANCED_FACE ( 'NONE', ( #1568, #6511 ), #3088, .T. ) ;
#3824 = UNCERTAINTY_MEASURE_WITH_UNIT (LENGTH_MEASURE( 1.000000000000000082E-05 ), #1948, 'distance_accuracy_value', 'NONE');
#3825 = SURFACE_STYLE_FILL_AREA ( #2856 ) ;
#3826 = FILL_AREA_STYLE ('',( #6701 ) ) ;
#3827 = DIRECTION ( 'NONE',  ( 0.09334070869305820251, 0.000000000000000000, -0.9956342260592881965 ) ) ;
#3828 = FILL_AREA_STYLE_COLOUR ( '', #9827 ) ;
#3829 =( GEOMETRIC_REPRESENTATION_CONTEXT ( 3 ) GLOBAL_UNCERTAINTY_ASSIGNED_CONTEXT ( ( #8160 ) ) GLOBAL_UNIT_ASSIGNED_CONTEXT ( ( #50, #6216, #6981 ) ) REPRESENTATION_CONTEXT ( 'NONE', 'WORKASPACE' ) );
#3830 =( LENGTH_UNIT ( ) NAMED_UNIT ( * ) SI_UNIT ( .MILLI., .METRE. ) );
#3831 = DIRECTION ( 'NONE',  ( 0.000000000000000000, 0.000000000000000000, -1.000000000000000000 ) ) ;
#3832 = ORIENTED_EDGE ( 'NONE', *, *, #9204, .T. ) ;
#3833 = FILL_AREA_STYLE ('',( #9135 ) ) ;
#3834 =( LENGTH_UNIT ( ) NAMED_UNIT ( * ) SI_UNIT ( .MILLI., .METRE. ) );
#3835 = PRESENTATION_STYLE_ASSIGNMENT (( #7722 ) ) ;
#3836 = AXIS2_PLACEMENT_3D ( 'NONE', #3735, #9671, #2201 ) ;
#3837 = DIRECTION ( 'NONE',  ( -1.000000000000000000, 0.000000000000000000, 0.000000000000000000 ) ) ;
#3838 = PLANE ( 'NONE',  #7333 ) ;
#3839 = EDGE_LOOP ( 'NONE', ( #2282 ) ) ;
#3840 = ADVANCED_FACE ( 'NONE', ( #1051 ), #5127, .T. ) ;
#3841 = PRESENTATION_STYLE_ASSIGNMENT (( #4984 ) ) ;
#3842 = EDGE_CURVE ( 'NONE', #4335, #3472, #3139, .T. ) ;
#3843 =( GEOMETRIC_REPRESENTATION_CONTEXT ( 3 ) GLOBAL_UNCERTAINTY_ASSIGNED_CONTEXT ( ( #7694 ) ) GLOBAL_UNIT_ASSIGNED_CONTEXT ( ( #8500, #1020, #1775 ) ) REPRESENTATION_CONTEXT ( 'NONE', 'WORKASPACE' ) );
#3844 = AXIS2_PLACEMENT_3D ( 'NONE', #2216, #1410, #6733 ) ;
#3845 = COLOUR_RGB ( '',0.2509803921568627416, 0.2509803921568627416, 0.2509803921568627416 ) ;
#3846 = DIRECTION ( 'NONE',  ( 0.000000000000000000, 0.000000000000000000, -1.000000000000000000 ) ) ;
#3847 = FILL_AREA_STYLE_COLOUR ( '', #4325 ) ;
#3848 = EDGE_LOOP ( 'NONE', ( #8608 ) ) ;
#3849 = FILL_AREA_STYLE ('',( #86 ) ) ;
#3850 = LINE ( 'NONE', #1891, #2459 ) ;
#3851 = UNCERTAINTY_MEASURE_WITH_UNIT (LENGTH_MEASURE( 1.000000000000000082E-05 ), #999, 'distance_accuracy_value', 'NONE');
#3852 = VERTEX_POINT ( 'NONE', #2149 ) ;
#3853 = FACE_OUTER_BOUND ( 'NONE', #4635, .T. ) ;
#3854 = PLANE ( 'NONE',  #2138 ) ;
#3855 = SURFACE_STYLE_USAGE ( .BOTH. , #3212 ) ;
#3856 = MECHANICAL_DESIGN_GEOMETRIC_PRESENTATION_REPRESENTATION (  '', ( #6094 ), #1286 ) ;
#3857 = AXIS2_PLACEMENT_3D ( 'NONE', #7619, #3068, #7654 ) ;
#3858 = EDGE_LOOP ( 'NONE', ( #717 ) ) ;
#3859 = CIRCLE ( 'NONE', #6418, 0.02500000000000003955 ) ;
#3860 = CARTESIAN_POINT ( 'NONE',  ( 0.2903329645653460189, -0.6449999999999997957, -0.4302182886970356557 ) ) ;
#3861 = CARTESIAN_POINT ( 'NONE',  ( -0.5099632742307173006, 0.000000000000000000, 0.5999999999999999778 ) ) ;
#3862 = PRESENTATION_LAYER_ASSIGNMENT (  '', '', ( #1998 ) ) ;
#3863 = DIRECTION ( 'NONE',  ( -1.000000000000000000, 0.000000000000000000, 0.000000000000000000 ) ) ;
#3864 = DIRECTION ( 'NONE',  ( 0.000000000000000000, 0.000000000000000000, 1.000000000000000000 ) ) ;
#3865 = MECHANICAL_DESIGN_GEOMETRIC_PRESENTATION_REPRESENTATION (  '', ( #3354 ), #8466 ) ;
#3866 = PRESENTATION_STYLE_ASSIGNMENT (( #9170 ) ) ;
#3867 = VERTEX_POINT ( 'NONE', #3453 ) ;
#3868 = DIRECTION ( 'NONE',  ( -0.09334070869305818863, 0.000000000000000000, 0.9956342260592880855 ) ) ;
#3869 = CARTESIAN_POINT ( 'NONE',  ( -0.2099999999999999090, -0.2250000000000000611, -0.3799999999999999489 ) ) ;
#3870 =( NAMED_UNIT ( * ) PLANE_ANGLE_UNIT ( ) SI_UNIT ( $, .RADIAN. ) );
#3871 = SURFACE_STYLE_FILL_AREA ( #8801 ) ;
#3872 = VERTEX_POINT ( 'NONE', #7185 ) ;
#3873 = FACE_OUTER_BOUND ( 'NONE', #6571, .T. ) ;
#3874 = SURFACE_STYLE_USAGE ( .BOTH. , #3988 ) ;
#3875 = ORIENTED_EDGE ( 'NONE', *, *, #3953, .T. ) ;
#3876 = STYLED_ITEM ( 'NONE', ( #5356 ), #4764 ) ;
#3877 =( NAMED_UNIT ( * ) SI_UNIT ( $, .STERADIAN. ) SOLID_ANGLE_UNIT ( ) );
#3878 = DIRECTION ( 'NONE',  ( -2.024511871002025217E-15, -1.000000000000000000, 7.767426133932690114E-16 ) ) ;
#3879 = AXIS2_PLACEMENT_3D ( 'NONE', #7409, #5109, #8986 ) ;
#3880 = DIRECTION ( 'NONE',  ( 1.084202172485504434E-15, 0.000000000000000000, 1.000000000000000000 ) ) ;
#3881 = CYLINDRICAL_SURFACE ( 'NONE', #1460, 0.02499999999999995628 ) ;
#3882 = EDGE_LOOP ( 'NONE', ( #8641 ) ) ;
#3883 = FILL_AREA_STYLE ('',( #3210 ) ) ;
#3884 = UNCERTAINTY_MEASURE_WITH_UNIT (LENGTH_MEASURE( 1.000000000000000082E-05 ), #4756, 'distance_accuracy_value', 'NONE');
#3885 = FACE_OUTER_BOUND ( 'NONE', #2699, .T. ) ;
#3886 = PRESENTATION_STYLE_ASSIGNMENT (( #1890 ) ) ;
#3887 = FACE_OUTER_BOUND ( 'NONE', #2066, .T. ) ;
#3888 = EDGE_LOOP ( 'NONE', ( #6928 ) ) ;
#3889 = PRESENTATION_LAYER_ASSIGNMENT (  '', '', ( #8489 ) ) ;
#3890 = DIRECTION ( 'NONE',  ( 0.000000000000000000, 0.000000000000000000, 1.000000000000000000 ) ) ;
#3891 = DIRECTION ( 'NONE',  ( -1.000000000000000000, 0.000000000000000000, 0.000000000000000000 ) ) ;
#3892 = LINE ( 'NONE', #1664, #1913 ) ;
#3893 = DIRECTION ( 'NONE',  ( 1.000000000000000000, 0.000000000000000000, 0.000000000000000000 ) ) ;
#3894 = ORIENTED_EDGE ( 'NONE', *, *, #354, .T. ) ;
#3895 = DIRECTION ( 'NONE',  ( 1.084202172485504434E-15, 0.000000000000000000, 1.000000000000000000 ) ) ;
#3896 = FACE_OUTER_BOUND ( 'NONE', #660, .T. ) ;
#3897 = ADVANCED_FACE ( 'NONE', ( #8232 ), #476, .F. ) ;
#3898 = ORIENTED_EDGE ( 'NONE', *, *, #8315, .T. ) ;
#3899 = EDGE_CURVE ( 'NONE', #4096, #4096, #1360, .T. ) ;
#3900 =( NAMED_UNIT ( * ) PLANE_ANGLE_UNIT ( ) SI_UNIT ( $, .RADIAN. ) );
#3901 = DIRECTION ( 'NONE',  ( 0.9825750242013556734, 0.000000000000000000, 0.1858664085188749815 ) ) ;
#3902 = FILL_AREA_STYLE_COLOUR ( '', #2844 ) ;
#3903 =( BOUNDED_CURVE ( )  B_SPLINE_CURVE ( 3, ( #5243, #8314, #1429, #5978 ),
 .UNSPECIFIED., .F., .T. ) 
 B_SPLINE_CURVE_WITH_KNOTS ( ( 4, 4 ),
 ( 4.712388980384689674, 6.283185307179586232 ),
 .UNSPECIFIED. ) 
 CURVE ( )  GEOMETRIC_REPRESENTATION_ITEM ( )  RATIONAL_B_SPLINE_CURVE ( ( 1.000000000000000000, 0.8047378541243649375, 0.8047378541243649375, 1.000000000000000000 ) ) 
 REPRESENTATION_ITEM ( '' )  );
#3904 = FACE_OUTER_BOUND ( 'NONE', #3289, .T. ) ;
#3905 =( NAMED_UNIT ( * ) PLANE_ANGLE_UNIT ( ) SI_UNIT ( $, .RADIAN. ) );
#3906 = PLANE ( 'NONE',  #5881 ) ;
#3907 =( NAMED_UNIT ( * ) SI_UNIT ( $, .STERADIAN. ) SOLID_ANGLE_UNIT ( ) );
#3908 = STYLED_ITEM ( 'NONE', ( #7900 ), #3761 ) ;
#3909 = COLOUR_RGB ( '',1.000000000000000000, 0.7529411764705882248, 0.7529411764705882248 ) ;
#3910 = SURFACE_STYLE_FILL_AREA ( #1484 ) ;
#3911 = DIRECTION ( 'NONE',  ( -0.000000000000000000, -0.000000000000000000, 1.000000000000000000 ) ) ;
#3912 = UNCERTAINTY_MEASURE_WITH_UNIT (LENGTH_MEASURE( 1.000000000000000082E-05 ), #7079, 'distance_accuracy_value', 'NONE');
#3913 = SURFACE_SIDE_STYLE ('',( #31 ) ) ;
#3914 = ORIENTED_EDGE ( 'NONE', *, *, #766, .T. ) ;
#3915 =( GEOMETRIC_REPRESENTATION_CONTEXT ( 3 ) GLOBAL_UNCERTAINTY_ASSIGNED_CONTEXT ( ( #9654 ) ) GLOBAL_UNIT_ASSIGNED_CONTEXT ( ( #1490, #5880, #6674 ) ) REPRESENTATION_CONTEXT ( 'NONE', 'WORKASPACE' ) );
#3916 =( NAMED_UNIT ( * ) PLANE_ANGLE_UNIT ( ) SI_UNIT ( $, .RADIAN. ) );
#3917 = CIRCLE ( 'NONE', #9254, 0.02500000000000002567 ) ;
#3918 = VECTOR ( 'NONE', #7787, 1000.000000000000000 ) ;
#3919 = DIRECTION ( 'NONE',  ( 1.000000000000000000, -0.000000000000000000, 0.000000000000000000 ) ) ;
#3920 = ORIENTED_EDGE ( 'NONE', *, *, #5849, .F. ) ;
#3921 = AXIS2_PLACEMENT_3D ( 'NONE', #6245, #9311, #5513 ) ;
#3922 = EDGE_CURVE ( 'NONE', #5790, #5790, #1104, .T. ) ;
#3923 = STYLED_ITEM ( 'NONE', ( #6883 ), #782 ) ;
#3924 = FILL_AREA_STYLE ('',( #9233 ) ) ;
#3925 =( NAMED_UNIT ( * ) PLANE_ANGLE_UNIT ( ) SI_UNIT ( $, .RADIAN. ) );
#3926 = DIRECTION ( 'NONE',  ( 0.000000000000000000, 0.000000000000000000, 1.000000000000000000 ) ) ;
#3927 = PRESENTATION_LAYER_ASSIGNMENT (  '', '', ( #5467 ) ) ;
#3928 = COLOUR_RGB ( '',1.000000000000000000, 0.7529411764705882248, 0.7529411764705882248 ) ;
#3929 = CARTESIAN_POINT ( 'NONE',  ( 0.000000000000000000, -0.7299999999999999822, 0.000000000000000000 ) ) ;
#3930 = LINE ( 'NONE', #6031, #2077 ) ;
#3931 =( NAMED_UNIT ( * ) SI_UNIT ( $, .STERADIAN. ) SOLID_ANGLE_UNIT ( ) );
#3932 = ADVANCED_FACE ( 'NONE', ( #5247, #3344 ), #6194, .T. ) ;
#3933 = ORIENTED_EDGE ( 'NONE', *, *, #7487, .F. ) ;
#3934 = CARTESIAN_POINT ( 'NONE',  ( 0.5499999999999999334, -0.7299999999999999822, 0.5999999999999998668 ) ) ;
#3935 = AXIS2_PLACEMENT_3D ( 'NONE', #7958, #336, #8702 ) ;
#3936 = ORIENTED_EDGE ( 'NONE', *, *, #3386, .F. ) ;
#3937 = PLANE ( 'NONE',  #3308 ) ;
#3938 = ADVANCED_FACE ( 'NONE', ( #1348 ), #4423, .T. ) ;
#3939 = DIRECTION ( 'NONE',  ( 1.000000000000000000, 0.000000000000000000, 0.000000000000000000 ) ) ;
#3940 = MECHANICAL_DESIGN_GEOMETRIC_PRESENTATION_REPRESENTATION (  '', ( #2456 ), #4458 ) ;
#3941 = DIRECTION ( 'NONE',  ( 1.000000000000000000, 0.000000000000000000, 0.000000000000000000 ) ) ;
#3942 = EDGE_LOOP ( 'NONE', ( #3380 ) ) ;
#3943 = VECTOR ( 'NONE', #8925, 1000.000000000000000 ) ;
#3944 = STYLED_ITEM ( 'NONE', ( #2297 ), #8881 ) ;
#3945 = AXIS2_PLACEMENT_3D ( 'NONE', #8052, #9380, #290 ) ;
#3946 = TOROIDAL_SURFACE ( 'NONE', #1281, 0.05000000000000002359, 0.02500000000000002914 ) ;
#3947 = UNCERTAINTY_MEASURE_WITH_UNIT (LENGTH_MEASURE( 1.000000000000000082E-05 ), #4683, 'distance_accuracy_value', 'NONE');
#3948 = ORIENTED_EDGE ( 'NONE', *, *, #7310, .F. ) ;
#3949 = EDGE_LOOP ( 'NONE', ( #295 ) ) ;
#3950 = VECTOR ( 'NONE', #5008, 1000.000000000000000 ) ;
#3951 = DIRECTION ( 'NONE',  ( 0.000000000000000000, 0.000000000000000000, -1.000000000000000000 ) ) ;
#3952 = PRESENTATION_STYLE_ASSIGNMENT (( #724 ) ) ;
#3953 = EDGE_CURVE ( 'NONE', #228, #3087, #4244, .T. ) ;
#3954 = CIRCLE ( 'NONE', #3857, 0.02500000000000003608 ) ;
#3955 = STYLED_ITEM ( 'NONE', ( #1666 ), #2808 ) ;
#3956 = CARTESIAN_POINT ( 'NONE',  ( -0.5099632742307173006, -0.2250000000000000056, -0.5999999999999999778 ) ) ;
#3957 = ORIENTED_EDGE ( 'NONE', *, *, #2131, .F. ) ;
#3958 = PRESENTATION_STYLE_ASSIGNMENT (( #8931 ) ) ;
#3959 = ORIENTED_EDGE ( 'NONE', *, *, #5849, .T. ) ;
#3960 = SURFACE_SIDE_STYLE ('',( #792 ) ) ;
#3961 = PRODUCT_DEFINITION_FORMATION_WITH_SPECIFIED_SOURCE ( 'ANY', '', #8004, .NOT_KNOWN. ) ;
#3962 = SURFACE_SIDE_STYLE ('',( #7217 ) ) ;
#3963 = DIRECTION ( 'NONE',  ( 0.000000000000000000, 1.000000000000000000, 0.000000000000000000 ) ) ;
#3964 = CARTESIAN_POINT ( 'NONE',  ( -0.3876730852820139406, -0.2840104672426039811, 0.03767308528201954165 ) ) ;
#3965 = ORIENTED_EDGE ( 'NONE', *, *, #1517, .T. ) ;
#3966 = EDGE_CURVE ( 'NONE', #1465, #8015, #6766, .T. ) ;
#3967 = COLOUR_RGB ( '',0.2509803921568627416, 0.2509803921568627416, 0.2509803921568627416 ) ;
#3968 = UNCERTAINTY_MEASURE_WITH_UNIT (LENGTH_MEASURE( 1.000000000000000082E-05 ), #6687, 'distance_accuracy_value', 'NONE');
#3969 = MECHANICAL_DESIGN_GEOMETRIC_PRESENTATION_REPRESENTATION (  '', ( #4490 ), #4161 ) ;
#3970 = DIRECTION ( 'NONE',  ( 0.000000000000000000, 0.000000000000000000, 1.000000000000000000 ) ) ;
#3971 = ORIENTED_EDGE ( 'NONE', *, *, #4305, .F. ) ;
#3972 = VERTEX_POINT ( 'NONE', #5133 ) ;
#3973 = ORIENTED_EDGE ( 'NONE', *, *, #1737, .T. ) ;
#3974 = STYLED_ITEM ( 'NONE', ( #2759 ), #4378 ) ;
#3975 = FACE_OUTER_BOUND ( 'NONE', #6221, .T. ) ;
#3976 = EDGE_CURVE ( 'NONE', #4346, #4346, #3409, .T. ) ;
#3977 = PRESENTATION_LAYER_ASSIGNMENT (  '', '', ( #3469 ) ) ;
#3978 = VERTEX_POINT ( 'NONE', #4850 ) ;
#3979 = FACE_OUTER_BOUND ( 'NONE', #7648, .T. ) ;
#3980 = FILL_AREA_STYLE ('',( #984 ) ) ;
#3981 = ORIENTED_EDGE ( 'NONE', *, *, #5947, .T. ) ;
#3982 = STYLED_ITEM ( 'NONE', ( #3080 ), #5446 ) ;
#3983 = ADVANCED_FACE ( 'NONE', ( #4723, #4953 ), #335, .T. ) ;
#3984 = DIRECTION ( 'NONE',  ( 0.000000000000000000, 0.000000000000000000, -1.000000000000000000 ) ) ;
#3985 = LINE ( 'NONE', #8792, #4713 ) ;
#3986 = SURFACE_SIDE_STYLE ('',( #5523 ) ) ;
#3987 = CARTESIAN_POINT ( 'NONE',  ( -0.5499999999999999334, -0.7299999999999999822, -0.1999999999999998723 ) ) ;
#3988 = SURFACE_SIDE_STYLE ('',( #6073 ) ) ;
#3989 = CIRCLE ( 'NONE', #780, 0.02500000000000003955 ) ;
#3990 = MECHANICAL_DESIGN_GEOMETRIC_PRESENTATION_REPRESENTATION (  '', ( #6235 ), #6941 ) ;
#3991 = FACE_OUTER_BOUND ( 'NONE', #3839, .T. ) ;
#3992 = EDGE_CURVE ( 'NONE', #3978, #3978, #2151, .T. ) ;
#3993 = PRESENTATION_LAYER_ASSIGNMENT (  '', '', ( #6238 ) ) ;
#3994 = UNCERTAINTY_MEASURE_WITH_UNIT (LENGTH_MEASURE( 1.000000000000000082E-05 ), #5599, 'distance_accuracy_value', 'NONE');
#3995 = STYLED_ITEM ( 'NONE', ( #6670 ), #8730 ) ;
#3996 = MECHANICAL_DESIGN_GEOMETRIC_PRESENTATION_REPRESENTATION (  '', ( #9309 ), #6764 ) ;
#3997 = ORIENTED_EDGE ( 'NONE', *, *, #3042, .F. ) ;
#3998 = DIRECTION ( 'NONE',  ( -1.000000000000000000, 0.000000000000000000, 0.000000000000000000 ) ) ;
#3999 = SURFACE_STYLE_FILL_AREA ( #4275 ) ;
#4000 = ORIENTED_EDGE ( 'NONE', *, *, #1218, .F. ) ;
#4001 = PRESENTATION_STYLE_ASSIGNMENT (( #7990 ) ) ;
#4002 = CARTESIAN_POINT ( 'NONE',  ( 0.000000000000000000, -0.7299999999999999822, 0.000000000000000000 ) ) ;
#4003 = MECHANICAL_DESIGN_GEOMETRIC_PRESENTATION_REPRESENTATION (  '', ( #796 ), #6570 ) ;
#4004 = LINE ( 'NONE', #8260, #6777 ) ;
#4005 = CIRCLE ( 'NONE', #9257, 0.02500000000000001874 ) ;
#4006 = ORIENTED_EDGE ( 'NONE', *, *, #9646, .T. ) ;
#4007 = PLANE ( 'NONE',  #7105 ) ;
#4008 = FILL_AREA_STYLE ('',( #2548 ) ) ;
#4009 = DIRECTION ( 'NONE',  ( -0.9956342260592881965, -0.000000000000000000, -0.09334070869305721718 ) ) ;
#4010 = CARTESIAN_POINT ( 'NONE',  ( 0.3850000000000000089, -0.2750000000000000777, 0.4799999999999999822 ) ) ;
#4011 = SURFACE_STYLE_FILL_AREA ( #6085 ) ;
#4012 = SURFACE_STYLE_USAGE ( .BOTH. , #6380 ) ;
#4013 = UNCERTAINTY_MEASURE_WITH_UNIT (LENGTH_MEASURE( 1.000000000000000082E-05 ), #9831, 'distance_accuracy_value', 'NONE');
#4014 = LINE ( 'NONE', #5702, #6180 ) ;
#4015 = CYLINDRICAL_SURFACE ( 'NONE', #1305, 0.02499999999999995628 ) ;
#4016 = CARTESIAN_POINT ( 'NONE',  ( 0.5499999999999999334, -0.7299999999999999822, -0.1999999999999998723 ) ) ;
#4017 = EDGE_CURVE ( 'NONE', #919, #919, #2380, .T. ) ;
#4018 =( NAMED_UNIT ( * ) SI_UNIT ( $, .STERADIAN. ) SOLID_ANGLE_UNIT ( ) );
#4019 =( NAMED_UNIT ( * ) PLANE_ANGLE_UNIT ( ) SI_UNIT ( $, .RADIAN. ) );
#4020 = PRESENTATION_LAYER_ASSIGNMENT (  '', '', ( #4731 ) ) ;
#4021 = DIRECTION ( 'NONE',  ( 0.000000000000000000, 1.000000000000000000, 0.000000000000000000 ) ) ;
#4022 = CARTESIAN_POINT ( 'NONE',  ( 0.3850000000000000089, -0.2250000000000000611, 0.3799999999999999489 ) ) ;
#4023 =( NAMED_UNIT ( * ) PLANE_ANGLE_UNIT ( ) SI_UNIT ( $, .RADIAN. ) );
#4024 = CARTESIAN_POINT ( 'NONE',  ( 1.000000000000000000, -0.7299999999999999822, -0.5999999999999999778 ) ) ;
#4025 = VECTOR ( 'NONE', #2261, 1000.000000000000000 ) ;
#4026 = DIRECTION ( 'NONE',  ( 0.000000000000000000, -1.000000000000000000, 0.000000000000000000 ) ) ;
#4027 = DIRECTION ( 'NONE',  ( -1.000000000000000000, -5.288791085295138602E-16, 2.115516434118055441E-15 ) ) ;
#4028 = FACE_OUTER_BOUND ( 'NONE', #7242, .T. ) ;
#4029 = DIRECTION ( 'NONE',  ( 0.000000000000000000, 1.000000000000000000, 0.000000000000000000 ) ) ;
#4030 = EDGE_LOOP ( 'NONE', ( #7041 ) ) ;
#4031 = FILL_AREA_STYLE_COLOUR ( '', #933 ) ;
#4032 = EDGE_LOOP ( 'NONE', ( #3231 ) ) ;
#4033 = FILL_AREA_STYLE_COLOUR ( '', #9310 ) ;
#4034 = COLOUR_RGB ( '',1.000000000000000000, 1.000000000000000000, 1.000000000000000000 ) ;
#4035 = ADVANCED_FACE ( 'NONE', ( #4360, #8179 ), #7836, .T. ) ;
#4036 = SURFACE_STYLE_FILL_AREA ( #4849 ) ;
#4037 = PRESENTATION_LAYER_ASSIGNMENT (  '', '', ( #6930 ) ) ;
#4038 = CARTESIAN_POINT ( 'NONE',  ( 1.000000000000000000, -0.2000000000000000111, 0.5999999999999999778 ) ) ;
#4039 = CIRCLE ( 'NONE', #2013, 0.02499999999999995628 ) ;
#4040 = PRESENTATION_STYLE_ASSIGNMENT (( #8616 ) ) ;
#4041 = EDGE_LOOP ( 'NONE', ( #5540, #3914, #7034, #5581, #7439 ) ) ;
#4042 =( GEOMETRIC_REPRESENTATION_CONTEXT ( 3 ) GLOBAL_UNCERTAINTY_ASSIGNED_CONTEXT ( ( #8857 ) ) GLOBAL_UNIT_ASSIGNED_CONTEXT ( ( #8427, #8336, #3790 ) ) REPRESENTATION_CONTEXT ( 'NONE', 'WORKASPACE' ) );
#4043 =( NAMED_UNIT ( * ) SI_UNIT ( $, .STERADIAN. ) SOLID_ANGLE_UNIT ( ) );
#4044 = FILL_AREA_STYLE ('',( #9263 ) ) ;
#4045 = ADVANCED_FACE ( 'NONE', ( #9383 ), #4746, .T. ) ;
#4046 = SURFACE_STYLE_FILL_AREA ( #1893 ) ;
#4047 = FACE_OUTER_BOUND ( 'NONE', #9079, .T. ) ;
#4048 = FILL_AREA_STYLE ('',( #1447 ) ) ;
#4049 =( GEOMETRIC_REPRESENTATION_CONTEXT ( 3 ) GLOBAL_UNCERTAINTY_ASSIGNED_CONTEXT ( ( #6181 ) ) GLOBAL_UNIT_ASSIGNED_CONTEXT ( ( #9642, #5117, #7380 ) ) REPRESENTATION_CONTEXT ( 'NONE', 'WORKASPACE' ) );
#4050 = DIRECTION ( 'NONE',  ( -1.000000000000000000, -0.000000000000000000, -0.000000000000000000 ) ) ;
#4051 = CLOSED_SHELL ( 'NONE', ( #6352, #5477, #3075, #6246, #8746, #6367, #2430, #3512, #5830, #7373, #744 ) ) ;
#4052 = EDGE_CURVE ( 'NONE', #5037, #5911, #1974, .T. ) ;
#4053 =( GEOMETRIC_REPRESENTATION_CONTEXT ( 3 ) GLOBAL_UNCERTAINTY_ASSIGNED_CONTEXT ( ( #3237 ) ) GLOBAL_UNIT_ASSIGNED_CONTEXT ( ( #8119, #6543, #8049 ) ) REPRESENTATION_CONTEXT ( 'NONE', 'WORKASPACE' ) );
#4054 = DIRECTION ( 'NONE',  ( 0.000000000000000000, 0.000000000000000000, 1.000000000000000000 ) ) ;
#4055 = LINE ( 'NONE', #4349, #9082 ) ;
#4056 =( GEOMETRIC_REPRESENTATION_CONTEXT ( 3 ) GLOBAL_UNCERTAINTY_ASSIGNED_CONTEXT ( ( #7717 ) ) GLOBAL_UNIT_ASSIGNED_CONTEXT ( ( #8414, #1700, #8517 ) ) REPRESENTATION_CONTEXT ( 'NONE', 'WORKASPACE' ) );
#4057 = MECHANICAL_DESIGN_GEOMETRIC_PRESENTATION_REPRESENTATION (  '', ( #1222 ), #6060 ) ;
#4058 = VECTOR ( 'NONE', #1703, 1000.000000000000000 ) ;
#4059 = CARTESIAN_POINT ( 'NONE',  ( -0.2139999999999998292, -0.5949999999999997513, 0.4799999999999999822 ) ) ;
#4060 = UNCERTAINTY_MEASURE_WITH_UNIT (LENGTH_MEASURE( 1.000000000000000082E-05 ), #6013, 'distance_accuracy_value', 'NONE');
#4061 = COLOUR_RGB ( '',1.000000000000000000, 0.7529411764705882248, 0.7529411764705882248 ) ;
#4062 = EDGE_CURVE ( 'NONE', #9187, #3049, #4120, .T. ) ;
#4063 = SURFACE_SIDE_STYLE ('',( #3770 ) ) ;
#4064 = STYLED_ITEM ( 'NONE', ( #1363 ), #2107 ) ;
#4065 = EDGE_LOOP ( 'NONE', ( #757, #5399, #1788, #4180 ) ) ;
#4066 =( LENGTH_UNIT ( ) NAMED_UNIT ( * ) SI_UNIT ( .MILLI., .METRE. ) );
#4067 = MECHANICAL_DESIGN_GEOMETRIC_PRESENTATION_REPRESENTATION (  '', ( #3753 ), #3553 ) ;
#4068 = EDGE_LOOP ( 'NONE', ( #7181 ) ) ;
#4069 = FACE_OUTER_BOUND ( 'NONE', #6744, .T. ) ;
#4070 = FACE_OUTER_BOUND ( 'NONE', #2020, .T. ) ;
#4071 = ORIENTED_EDGE ( 'NONE', *, *, #2309, .T. ) ;
#4072 = FILL_AREA_STYLE ('',( #3326 ) ) ;
#4073 = ORIENTED_EDGE ( 'NONE', *, *, #4287, .F. ) ;
#4074 = EDGE_CURVE ( 'NONE', #3872, #3872, #5824, .T. ) ;
#4075 = AXIS2_PLACEMENT_3D ( 'NONE', #628, #3727, #3868 ) ;
#4076 = AXIS2_PLACEMENT_3D ( 'NONE', #5468, #6261, #1742 ) ;
#4077 = ADVANCED_FACE ( 'NONE', ( #3887 ), #4007, .F. ) ;
#4078 = DIRECTION ( 'NONE',  ( 1.000000000000000000, -0.000000000000000000, 1.204669080539449097E-16 ) ) ;
#4079 = FACE_OUTER_BOUND ( 'NONE', #2338, .T. ) ;
#4080 = ADVANCED_FACE ( 'NONE', ( #5512, #5991 ), #3714, .T. ) ;
#4081 = ORIENTED_EDGE ( 'NONE', *, *, #988, .F. ) ;
#4082 = CARTESIAN_POINT ( 'NONE',  ( -0.9750000000000000888, -0.2250000000000000056, 0.5999999999999999778 ) ) ;
#4083 = CARTESIAN_POINT ( 'NONE',  ( -1.000000000000000000, -0.2000000000000000111, 0.5999999999999999778 ) ) ;
#4084 =( BOUNDED_CURVE ( )  B_SPLINE_CURVE ( 3, ( #9829, #2312, #6810, #3033 ),
 .UNSPECIFIED., .F., .T. ) 
 B_SPLINE_CURVE_WITH_KNOTS ( ( 4, 4 ),
 ( 3.141592653589793116, 4.712388980384689674 ),
 .UNSPECIFIED. ) 
 CURVE ( )  GEOMETRIC_REPRESENTATION_ITEM ( )  RATIONAL_B_SPLINE_CURVE ( ( 1.000000000000000000, 0.8047378541243649375, 0.8047378541243649375, 1.000000000000000000 ) ) 
 REPRESENTATION_ITEM ( '' )  );
#4085 = VERTEX_POINT ( 'NONE', #3616 ) ;
#4086 =( NAMED_UNIT ( * ) PLANE_ANGLE_UNIT ( ) SI_UNIT ( $, .RADIAN. ) );
#4087 = EDGE_LOOP ( 'NONE', ( #6606 ) ) ;
#4088 = COLOUR_RGB ( '',1.000000000000000000, 0.7529411764705882248, 0.7529411764705882248 ) ;
#4089 = FILL_AREA_STYLE_COLOUR ( '', #7753 ) ;
#4090 = CARTESIAN_POINT ( 'NONE',  ( 0.9750000000000000888, -0.6199999999999998845, 0.1599632742307184052 ) ) ;
#4091 = CARTESIAN_POINT ( 'NONE',  ( 0.2800000000000001932, -0.5949999999999997513, 0.4800000000000000933 ) ) ;
#4092 = AXIS2_PLACEMENT_3D ( 'NONE', #6782, #4027, #1029 ) ;
#4093 = CARTESIAN_POINT ( 'NONE',  ( -0.04266703543465399234, -0.5949999999999997513, -0.4302182886970357112 ) ) ;
#4094 = MECHANICAL_DESIGN_GEOMETRIC_PRESENTATION_REPRESENTATION (  '', ( #3572 ), #5956 ) ;
#4095 = VECTOR ( 'NONE', #1955, 1000.000000000000000 ) ;
#4096 = VERTEX_POINT ( 'NONE', #4880 ) ;
#4097 = COLOUR_RGB ( '',1.000000000000000000, 0.7529411764705882248, 0.7529411764705882248 ) ;
#4098 = ORIENTED_EDGE ( 'NONE', *, *, #1468, .T. ) ;
#4099 = CYLINDRICAL_SURFACE ( 'NONE', #1329, 0.02499999999999995628 ) ;
#4100 = DIRECTION ( 'NONE',  ( 1.000000000000000000, 0.000000000000000000, 0.000000000000000000 ) ) ;
#4101 = DIRECTION ( 'NONE',  ( 0.000000000000000000, 0.000000000000000000, 1.000000000000000000 ) ) ;
#4102 = MECHANICAL_DESIGN_GEOMETRIC_PRESENTATION_REPRESENTATION (  '', ( #2711 ), #1922 ) ;
#4103 = FILL_AREA_STYLE_COLOUR ( '', #1489 ) ;
#4104 = ORIENTED_EDGE ( 'NONE', *, *, #2229, .T. ) ;
#4105 = FACE_OUTER_BOUND ( 'NONE', #9670, .T. ) ;
#4106 = TOROIDAL_SURFACE ( 'NONE', #4672, 0.04999999999999997502, 0.02500000000000002914 ) ;
#4107 = ORIENTED_EDGE ( 'NONE', *, *, #3297, .T. ) ;
#4108 = MECHANICAL_DESIGN_GEOMETRIC_PRESENTATION_REPRESENTATION (  '', ( #64 ), #6466 ) ;
#4109 = EDGE_CURVE ( 'NONE', #1289, #1289, #6121, .T. ) ;
#4110 = SURFACE_STYLE_FILL_AREA ( #7848 ) ;
#4111 = DIRECTION ( 'NONE',  ( 0.000000000000000000, 0.000000000000000000, 1.000000000000000000 ) ) ;
#4112 = AXIS2_PLACEMENT_3D ( 'NONE', #682, #580, #1471 ) ;
#4113 = SURFACE_STYLE_USAGE ( .BOTH. , #4812 ) ;
#4114 = AXIS2_PLACEMENT_3D ( 'NONE', #3860, #9196, #881 ) ;
#4115 = ORIENTED_EDGE ( 'NONE', *, *, #7861, .F. ) ;
#4116 = FILL_AREA_STYLE_COLOUR ( '', #9031 ) ;
#4117 = PRESENTATION_LAYER_ASSIGNMENT (  '', '', ( #5339 ) ) ;
#4119 = FILL_AREA_STYLE ('',( #8690 ) ) ;
#4118 = FACE_OUTER_BOUND ( 'NONE', #6444, .T. ) ;
#4120 = LINE ( 'NONE', #6302, #3405 ) ;
#4121 = EDGE_LOOP ( 'NONE', ( #1224, #1514, #8288, #7270 ) ) ;
#4122 = SURFACE_STYLE_USAGE ( .BOTH. , #7248 ) ;
#4123 =( NAMED_UNIT ( * ) PLANE_ANGLE_UNIT ( ) SI_UNIT ( $, .RADIAN. ) );
#4124 = UNCERTAINTY_MEASURE_WITH_UNIT (LENGTH_MEASURE( 1.000000000000000082E-05 ), #2730, 'distance_accuracy_value', 'NONE');
#4125 = FILL_AREA_STYLE_COLOUR ( '', #1683 ) ;
#4126 = CARTESIAN_POINT ( 'NONE',  ( 0.2340000000000000968, -0.2250000000000000611, -0.4299999999999999933 ) ) ;
#4127 = ADVANCED_FACE ( 'NONE', ( #6717, #8981 ), #5751, .T. ) ;
#4128 = SURFACE_STYLE_USAGE ( .BOTH. , #8731 ) ;
#4129 = STYLED_ITEM ( 'NONE', ( #338 ), #5196 ) ;
#4130 = CARTESIAN_POINT ( 'NONE',  ( -0.9750000000000001998, -0.6199999999999998845, 0.1599632742307184052 ) ) ;
#4131 = CARTESIAN_POINT ( 'NONE',  ( -0.1029999999999998556, -0.5949999999999997513, 0.4799999999999999822 ) ) ;
#4132 = PRESENTATION_LAYER_ASSIGNMENT (  '', '', ( #3603 ) ) ;
#4133 = ORIENTED_EDGE ( 'NONE', *, *, #6506, .T. ) ;
#4134 = AXIS2_PLACEMENT_3D ( 'NONE', #5768, #2047, #1232 ) ;
#4135 = PRESENTATION_LAYER_ASSIGNMENT (  '', '', ( #3435 ) ) ;
#4136 =( NAMED_UNIT ( * ) SI_UNIT ( $, .STERADIAN. ) SOLID_ANGLE_UNIT ( ) );
#4137 = SURFACE_SIDE_STYLE ('',( #3313 ) ) ;
#4138 =( NAMED_UNIT ( * ) SI_UNIT ( $, .STERADIAN. ) SOLID_ANGLE_UNIT ( ) );
#4139 = VECTOR ( 'NONE', #7649, 1000.000000000000000 ) ;
#4140 = SURFACE_STYLE_FILL_AREA ( #2520 ) ;
#4141 = SURFACE_STYLE_USAGE ( .BOTH. , #3441 ) ;
#4142 = EDGE_CURVE ( 'NONE', #1908, #6495, #1252, .T. ) ;
#4143 = PRESENTATION_LAYER_ASSIGNMENT (  '', '', ( #7074 ) ) ;
#4144 = CARTESIAN_POINT ( 'NONE',  ( -0.1279999999999999472, -0.2250000000000000611, 0.4299999999999999378 ) ) ;
#4145 = DIRECTION ( 'NONE',  ( 0.000000000000000000, 0.000000000000000000, 1.000000000000000000 ) ) ;
#4146 = VECTOR ( 'NONE', #4848, 1000.000000000000000 ) ;
#4147 = UNCERTAINTY_MEASURE_WITH_UNIT (LENGTH_MEASURE( 1.000000000000000082E-05 ), #2062, 'distance_accuracy_value', 'NONE');
#4148 = DIRECTION ( 'NONE',  ( -1.000000000000000000, 0.000000000000000000, 0.000000000000000000 ) ) ;
#4149 = ORIENTED_EDGE ( 'NONE', *, *, #1970, .T. ) ;
#4150 = ORIENTED_EDGE ( 'NONE', *, *, #4062, .F. ) ;
#4151 = FACE_OUTER_BOUND ( 'NONE', #5954, .T. ) ;
#4152 = DIRECTION ( 'NONE',  ( -1.000000000000000000, -0.000000000000000000, -0.000000000000000000 ) ) ;
#4153 = FACE_OUTER_BOUND ( 'NONE', #1595, .T. ) ;
#4154 =( NAMED_UNIT ( * ) PLANE_ANGLE_UNIT ( ) SI_UNIT ( $, .RADIAN. ) );
#4155 = STYLED_ITEM ( 'NONE', ( #6977 ), #3628 ) ;
#4156 = STYLED_ITEM ( 'NONE', ( #3185 ), #3502 ) ;
#4157 = CARTESIAN_POINT ( 'NONE',  ( -0.07799999999999991662, -0.5949999999999997513, 0.4799999999999999822 ) ) ;
#4158 =( LENGTH_UNIT ( ) NAMED_UNIT ( * ) SI_UNIT ( .MILLI., .METRE. ) );
#4159 = ORIENTED_EDGE ( 'NONE', *, *, #4585, .T. ) ;
#4160 = CARTESIAN_POINT ( 'NONE',  ( 0.2041151523678630120, -0.6426664822826733126, -0.4278949585905497122 ) ) ;
#4161 =( GEOMETRIC_REPRESENTATION_CONTEXT ( 3 ) GLOBAL_UNCERTAINTY_ASSIGNED_CONTEXT ( ( #7777 ) ) GLOBAL_UNIT_ASSIGNED_CONTEXT ( ( #7108, #6370, #6809 ) ) REPRESENTATION_CONTEXT ( 'NONE', 'WORKASPACE' ) );
#4162 = DIRECTION ( 'NONE',  ( 0.000000000000000000, 0.000000000000000000, 1.000000000000000000 ) ) ;
#4163 = CARTESIAN_POINT ( 'NONE',  ( 0.03300000000000010564, -0.2750000000000000777, 0.4799999999999999822 ) ) ;
#4164 = CARTESIAN_POINT ( 'NONE',  ( 0.07300000000000007871, -0.2250000000000000611, -0.3799999999999999489 ) ) ;
#4165 =( LENGTH_UNIT ( ) NAMED_UNIT ( * ) SI_UNIT ( .MILLI., .METRE. ) );
#4166 = CARTESIAN_POINT ( 'NONE',  ( 0.1440000000000000724, -0.2750000000000000777, 0.4299999999999999378 ) ) ;
#4167 = DIRECTION ( 'NONE',  ( -1.000000000000000000, 0.000000000000000000, 0.000000000000000000 ) ) ;
#4168 = VERTEX_POINT ( 'NONE', #9434 ) ;
#4169 = EDGE_CURVE ( 'NONE', #5899, #5899, #4895, .T. ) ;
#4170 = TOROIDAL_SURFACE ( 'NONE', #5017, 0.05000000000000002359, 0.02500000000000002914 ) ;
#4171 = AXIS2_PLACEMENT_3D ( 'NONE', #1228, #587, #1302 ) ;
#4172 = SURFACE_SIDE_STYLE ('',( #5819 ) ) ;
#4173 = AXIS2_PLACEMENT_3D ( 'NONE', #5384, #1640, #2050 ) ;
#4174 = SURFACE_SIDE_STYLE ('',( #8117 ) ) ;
#4175 = ORIENTED_EDGE ( 'NONE', *, *, #6781, .T. ) ;
#4176 = VECTOR ( 'NONE', #711, 1000.000000000000114 ) ;
#4177 = COLOUR_RGB ( '',1.000000000000000000, 0.7529411764705882248, 0.7529411764705882248 ) ;
#4178 = STYLED_ITEM ( 'NONE', ( #6072 ), #4859 ) ;
#4179 =( LENGTH_UNIT ( ) NAMED_UNIT ( * ) SI_UNIT ( .MILLI., .METRE. ) );
#4180 = ORIENTED_EDGE ( 'NONE', *, *, #7113, .T. ) ;
#4181 = AXIS2_PLACEMENT_3D ( 'NONE', #2486, #8519, #8578 ) ;
#4182 = FILL_AREA_STYLE ('',( #6412 ) ) ;
#4183 = EDGE_LOOP ( 'NONE', ( #2975 ) ) ;
#4184 = FILL_AREA_STYLE ('',( #2555 ) ) ;
#4185 = VECTOR ( 'NONE', #1220, 1000.000000000000000 ) ;
#4186 = MECHANICAL_DESIGN_GEOMETRIC_PRESENTATION_REPRESENTATION (  '', ( #7785 ), #4704 ) ;
#4187 = FILL_AREA_STYLE_COLOUR ( '', #7080 ) ;
#4188 = SURFACE_SIDE_STYLE ('',( #9277 ) ) ;
#4189 = COLOUR_RGB ( '',0.2509803921568627416, 0.2509803921568627416, 0.2509803921568627416 ) ;
#4190 = STYLED_ITEM ( 'NONE', ( #8683 ), #6297 ) ;
#4191 =( NAMED_UNIT ( * ) PLANE_ANGLE_UNIT ( ) SI_UNIT ( $, .RADIAN. ) );
#4192 = CARTESIAN_POINT ( 'NONE',  ( 0.008000000000000102515, -0.2250000000000000611, 0.3799999999999999489 ) ) ;
#4193 = CARTESIAN_POINT ( 'NONE',  ( -1.000000000000000000, -0.2250000000000000056, -0.5749999999999998446 ) ) ;
#4194 = CIRCLE ( 'NONE', #4171, 0.02499999999999995628 ) ;
#4195 = ORIENTED_EDGE ( 'NONE', *, *, #203, .F. ) ;
#4196 = EDGE_CURVE ( 'NONE', #2137, #2137, #1863, .T. ) ;
#4197 = FILL_AREA_STYLE ('',( #8781 ) ) ;
#4198 = PRESENTATION_STYLE_ASSIGNMENT (( #517 ) ) ;
#4199 =( LENGTH_UNIT ( ) NAMED_UNIT ( * ) SI_UNIT ( .MILLI., .METRE. ) );
#4200 = AXIS2_PLACEMENT_3D ( 'NONE', #4951, #1129, #1234 ) ;
#4201 = FILL_AREA_STYLE_COLOUR ( '', #3458 ) ;
#4202 = EDGE_LOOP ( 'NONE', ( #5505 ) ) ;
#4203 = CARTESIAN_POINT ( 'NONE',  ( -0.03799999999999989497, -0.2250000000000000611, -0.3799999999999999489 ) ) ;
#4204 = SURFACE_STYLE_FILL_AREA ( #7007 ) ;
#4205 = VERTEX_POINT ( 'NONE', #6834 ) ;
#4206 = COLOUR_RGB ( '',0.7921568627450980005, 0.8196078431372548767, 0.9333333333333333481 ) ;
#4207 = ORIENTED_EDGE ( 'NONE', *, *, #9762, .T. ) ;
#4208 = CYLINDRICAL_SURFACE ( 'NONE', #6157, 0.02500000000000001180 ) ;
#4209 = CYLINDRICAL_SURFACE ( 'NONE', #3431, 0.02499999999999995628 ) ;
#4210 =( LENGTH_UNIT ( ) NAMED_UNIT ( * ) SI_UNIT ( .MILLI., .METRE. ) );
#4211 = DIRECTION ( 'NONE',  ( 0.000000000000000000, 0.000000000000000000, -1.000000000000000000 ) ) ;
#4212 = CIRCLE ( 'NONE', #7522, 0.02500000000000003608 ) ;
#4213 = DIRECTION ( 'NONE',  ( -1.000000000000000000, 0.000000000000000000, 0.000000000000000000 ) ) ;
#4214 = EDGE_CURVE ( 'NONE', #8771, #8771, #7548, .T. ) ;
#4215 = FACE_OUTER_BOUND ( 'NONE', #4449, .T. ) ;
#4216 = UNCERTAINTY_MEASURE_WITH_UNIT (LENGTH_MEASURE( 1.000000000000000082E-05 ), #2935, 'distance_accuracy_value', 'NONE');
#4217 = VERTEX_POINT ( 'NONE', #5100 ) ;
#4218 = AXIS2_PLACEMENT_3D ( 'NONE', #4361, #5996, #3720 ) ;
#4219 = PRESENTATION_STYLE_ASSIGNMENT (( #5365 ) ) ;
#4220 = ORIENTED_EDGE ( 'NONE', *, *, #8239, .T. ) ;
#4221 = SURFACE_SIDE_STYLE ('',( #9142 ) ) ;
#4222 = SURFACE_SIDE_STYLE ('',( #7556 ) ) ;
#4223 = FILL_AREA_STYLE ('',( #4289 ) ) ;
#4224 = ORIENTED_EDGE ( 'NONE', *, *, #289, .F. ) ;
#4225 = DIRECTION ( 'NONE',  ( 1.000000000000000000, 0.000000000000000000, 0.000000000000000000 ) ) ;
#4226 = VERTEX_POINT ( 'NONE', #7025 ) ;
#4227 = CARTESIAN_POINT ( 'NONE',  ( 0.4600000000000000200, -0.2799999999999999711, 0.4799999999999999822 ) ) ;
#4228 = FILL_AREA_STYLE_COLOUR ( '', #746 ) ;
#4229 = MECHANICAL_DESIGN_GEOMETRIC_PRESENTATION_REPRESENTATION (  '', ( #2243 ), #6794 ) ;
#4230 = FILL_AREA_STYLE_COLOUR ( '', #818 ) ;
#4231 =( GEOMETRIC_REPRESENTATION_CONTEXT ( 3 ) GLOBAL_UNCERTAINTY_ASSIGNED_CONTEXT ( ( #198 ) ) GLOBAL_UNIT_ASSIGNED_CONTEXT ( ( #7043, #7817, #4043 ) ) REPRESENTATION_CONTEXT ( 'NONE', 'WORKASPACE' ) );
#4232 = COLOUR_RGB ( '',1.000000000000000000, 0.7529411764705882248, 0.7529411764705882248 ) ;
#4233 = VERTEX_POINT ( 'NONE', #4532 ) ;
#4234 = SURFACE_STYLE_USAGE ( .BOTH. , #9495 ) ;
#4235 = DIRECTION ( 'NONE',  ( 0.9912875121006776702, 0.09334070869305804985, 0.09293320425943860097 ) ) ;
#4236 =( GEOMETRIC_REPRESENTATION_CONTEXT ( 3 ) GLOBAL_UNCERTAINTY_ASSIGNED_CONTEXT ( ( #2372 ) ) GLOBAL_UNIT_ASSIGNED_CONTEXT ( ( #6260, #6285, #9330 ) ) REPRESENTATION_CONTEXT ( 'NONE', 'WORKASPACE' ) );
#4237 = CIRCLE ( 'NONE', #3292, 0.02500000000000002567 ) ;
#4238 = SURFACE_SIDE_STYLE ('',( #2213 ) ) ;
#4239 = ORIENTED_EDGE ( 'NONE', *, *, #8847, .F. ) ;
#4240 = DIRECTION ( 'NONE',  ( 1.000000000000000000, -0.000000000000000000, -0.000000000000000000 ) ) ;
#4241 = DIRECTION ( 'NONE',  ( -0.09334070869305818863, 0.000000000000000000, 0.9956342260592880855 ) ) ;
#4242 = DIRECTION ( 'NONE',  ( 0.000000000000000000, 0.000000000000000000, -1.000000000000000000 ) ) ;
#4243 = VERTEX_POINT ( 'NONE', #9174 ) ;
#4244 = LINE ( 'NONE', #2978, #2960 ) ;
#4245 = STYLED_ITEM ( 'NONE', ( #8954 ), #4621 ) ;
#4246 = FILL_AREA_STYLE ('',( #5753 ) ) ;
#4247 = FACE_OUTER_BOUND ( 'NONE', #9674, .T. ) ;
#4248 = EDGE_CURVE ( 'NONE', #4708, #4708, #7290, .T. ) ;
#4249 = DIRECTION ( 'NONE',  ( -0.7578075450417297576, 0.000000000000000000, -0.6524781411494385841 ) ) ;
#4250 = UNCERTAINTY_MEASURE_WITH_UNIT (LENGTH_MEASURE( 1.000000000000000082E-05 ), #6353, 'distance_accuracy_value', 'NONE');
#4251 = DIRECTION ( 'NONE',  ( -0.09334070869305721718, 0.000000000000000000, 0.9956342260592883076 ) ) ;
#4252 = FACE_OUTER_BOUND ( 'NONE', #9803, .T. ) ;
#4253 = MECHANICAL_DESIGN_GEOMETRIC_PRESENTATION_REPRESENTATION (  '', ( #4878 ), #6119 ) ;
#4254 = FACE_OUTER_BOUND ( 'NONE', #9408, .T. ) ;
#4255 = CIRCLE ( 'NONE', #6395, 0.02500000000000002914 ) ;
#4256 = ORIENTED_EDGE ( 'NONE', *, *, #7612, .T. ) ;
#4257 =( NAMED_UNIT ( * ) SI_UNIT ( $, .STERADIAN. ) SOLID_ANGLE_UNIT ( ) );
#4258 = PRESENTATION_LAYER_ASSIGNMENT (  '', '', ( #2805 ) ) ;
#4259 = ORIENTED_EDGE ( 'NONE', *, *, #6332, .T. ) ;
#4260 = FILL_AREA_STYLE_COLOUR ( '', #1561 ) ;
#4261 = CARTESIAN_POINT ( 'NONE',  ( -0.2398848476321369383, -0.6426664822826733126, -0.4278949585905497122 ) ) ;
#4262 = MECHANICAL_DESIGN_GEOMETRIC_PRESENTATION_REPRESENTATION (  '', ( #584 ), #222 ) ;
#4263 = SURFACE_STYLE_USAGE ( .BOTH. , #7295 ) ;
#4264 =( GEOMETRIC_REPRESENTATION_CONTEXT ( 3 ) GLOBAL_UNCERTAINTY_ASSIGNED_CONTEXT ( ( #4013 ) ) GLOBAL_UNIT_ASSIGNED_CONTEXT ( ( #9831, #6750, #6812 ) ) REPRESENTATION_CONTEXT ( 'NONE', 'WORKASPACE' ) );
#4265 = FACE_OUTER_BOUND ( 'NONE', #8887, .T. ) ;
#4266 =( NAMED_UNIT ( * ) SI_UNIT ( $, .STERADIAN. ) SOLID_ANGLE_UNIT ( ) );
#4267 = ORIENTED_EDGE ( 'NONE', *, *, #5273, .T. ) ;
#4268 = PRESENTATION_STYLE_ASSIGNMENT (( #2072 ) ) ;
#4269 = FILL_AREA_STYLE ('',( #9636 ) ) ;
#4270 = PRESENTATION_STYLE_ASSIGNMENT (( #645 ) ) ;
#4271 = UNCERTAINTY_MEASURE_WITH_UNIT (LENGTH_MEASURE( 1.000000000000000082E-05 ), #8452, 'distance_accuracy_value', 'NONE');
#4272 = EDGE_CURVE ( 'NONE', #2017, #2017, #3954, .T. ) ;
#4273 = ADVANCED_FACE ( 'NONE', ( #6449 ), #7163, .T. ) ;
#4274 = SURFACE_STYLE_USAGE ( .BOTH. , #6579 ) ;
#4275 = FILL_AREA_STYLE ('',( #7546 ) ) ;
#4276 = AXIS2_PLACEMENT_3D ( 'NONE', #480, #1230, #7323 ) ;
#4277 = EDGE_LOOP ( 'NONE', ( #2385 ) ) ;
#4278 = SURFACE_STYLE_USAGE ( .BOTH. , #8845 ) ;
#4279 = FACE_OUTER_BOUND ( 'NONE', #6239, .T. ) ;
#4280 = DIRECTION ( 'NONE',  ( -0.09334070869305828577, 0.000000000000000000, 0.9956342260592880855 ) ) ;
#4281 = FILL_AREA_STYLE ('',( #5119 ) ) ;
#4282 = AXIS2_PLACEMENT_3D ( 'NONE', #3808, #2320, #2418 ) ;
#4283 = COLOUR_RGB ( '',1.000000000000000000, 0.7529411764705882248, 0.7529411764705882248 ) ;
#4284 = CARTESIAN_POINT ( 'NONE',  ( 0.7750000000000001332, -0.9249999999999999334, -0.4000000000000004663 ) ) ;
#4285 =( LENGTH_UNIT ( ) NAMED_UNIT ( * ) SI_UNIT ( .MILLI., .METRE. ) );
#4286 = ORIENTED_EDGE ( 'NONE', *, *, #2492, .T. ) ;
#4287 = EDGE_CURVE ( 'NONE', #2685, #2685, #3368, .T. ) ;
#4288 = AXIS2_PLACEMENT_3D ( 'NONE', #8194, #7426, #3717 ) ;
#4289 = FILL_AREA_STYLE_COLOUR ( '', #2817 ) ;
#4290 = CIRCLE ( 'NONE', #3670, 0.02500000000000002567 ) ;
#4291 = DIRECTION ( 'NONE',  ( -1.000000000000000000, 0.000000000000000000, -2.409338161078898194E-16 ) ) ;
#4292 = CARTESIAN_POINT ( 'NONE',  ( 0.4099999999999999756, -0.6499999999999999112, 0.4299999999999999933 ) ) ;
#4293 = AXIS2_PLACEMENT_3D ( 'NONE', #8037, #7226, #1988 ) ;
#4294 =( NAMED_UNIT ( * ) SI_UNIT ( $, .STERADIAN. ) SOLID_ANGLE_UNIT ( ) );
#4295 = ORIENTED_EDGE ( 'NONE', *, *, #2836, .F. ) ;
#4296 = SURFACE_SIDE_STYLE ('',( #8581 ) ) ;
#4297 = CARTESIAN_POINT ( 'NONE',  ( -0.9750000000000001998, -0.6199999999999998845, 0.1599632742307184052 ) ) ;
#4298 = PRESENTATION_STYLE_ASSIGNMENT (( #24 ) ) ;
#4299 = DIRECTION ( 'NONE',  ( -0.09334070869305721718, 0.000000000000000000, 0.9956342260592883076 ) ) ;
#4300 = DIRECTION ( 'NONE',  ( 0.000000000000000000, 0.000000000000000000, 1.000000000000000000 ) ) ;
#4301 = VECTOR ( 'NONE', #7427, 1000.000000000000000 ) ;
#4302 =( NAMED_UNIT ( * ) SI_UNIT ( $, .STERADIAN. ) SOLID_ANGLE_UNIT ( ) );
#4303 = EDGE_LOOP ( 'NONE', ( #1217 ) ) ;
#4304 = DIRECTION ( 'NONE',  ( -1.000000000000000000, 0.000000000000000000, 0.000000000000000000 ) ) ;
#4305 = EDGE_CURVE ( 'NONE', #9125, #9125, #1128, .T. ) ;
#4306 = UNCERTAINTY_MEASURE_WITH_UNIT (LENGTH_MEASURE( 1.000000000000000082E-05 ), #5909, 'distance_accuracy_value', 'NONE');
#4307 = AXIS2_PLACEMENT_3D ( 'NONE', #5457, #1732, #6337 ) ;
#4308 = ADVANCED_FACE ( 'NONE', ( #2453 ), #5436, .T. ) ;
#4309 = MECHANICAL_DESIGN_GEOMETRIC_PRESENTATION_REPRESENTATION (  '', ( #1292 ), #2316 ) ;
#4310 = DIRECTION ( 'NONE',  ( 0.9912875121006776702, 0.09334070869305804985, 0.09293320425943860097 ) ) ;
#4311 = ORIENTED_EDGE ( 'NONE', *, *, #1801, .F. ) ;
#4312 = DIRECTION ( 'NONE',  ( 0.000000000000000000, 0.000000000000000000, 1.000000000000000000 ) ) ;
#4313 =( NAMED_UNIT ( * ) PLANE_ANGLE_UNIT ( ) SI_UNIT ( $, .RADIAN. ) );
#4314 =( LENGTH_UNIT ( ) NAMED_UNIT ( * ) SI_UNIT ( .MILLI., .METRE. ) );
#4315 = VERTEX_POINT ( 'NONE', #2410 ) ;
#4316 = PRESENTATION_STYLE_ASSIGNMENT (( #8854 ) ) ;
#4317 = PRESENTATION_LAYER_ASSIGNMENT (  '', '', ( #5343 ) ) ;
#4318 = MANIFOLD_SOLID_BREP ( 'Mirror2[1]', #3197 ) ;
#4319 = FILL_AREA_STYLE_COLOUR ( '', #6964 ) ;
#4320 = ADVANCED_FACE ( 'NONE', ( #7877 ), #8504, .F. ) ;
#4321 = STYLED_ITEM ( 'NONE', ( #6372 ), #1725 ) ;
#4322 = ORIENTED_EDGE ( 'NONE', *, *, #6039, .T. ) ;
#4323 = DIRECTION ( 'NONE',  ( -0.09334070869305818863, 0.000000000000000000, 0.9956342260592880855 ) ) ;
#4324 = SURFACE_SIDE_STYLE ('',( #4668 ) ) ;
#4325 = COLOUR_RGB ( '',1.000000000000000000, 0.7529411764705882248, 0.7529411764705882248 ) ;
#4326 = AXIS2_PLACEMENT_3D ( 'NONE', #2745, #6394, #1139 ) ;
#4327 = DIRECTION ( 'NONE',  ( -0.9544492202393285440, 0.000000000000000000, -0.2983734002630562543 ) ) ;
#4328 = DIRECTION ( 'NONE',  ( -0.000000000000000000, -0.000000000000000000, -1.000000000000000000 ) ) ;
#4329 = ORIENTED_EDGE ( 'NONE', *, *, #5435, .F. ) ;
#4330 =( GEOMETRIC_REPRESENTATION_CONTEXT ( 3 ) GLOBAL_UNCERTAINTY_ASSIGNED_CONTEXT ( ( #8251 ) ) GLOBAL_UNIT_ASSIGNED_CONTEXT ( ( #6788, #785, #1404 ) ) REPRESENTATION_CONTEXT ( 'NONE', 'WORKASPACE' ) );
#4331 = FACE_OUTER_BOUND ( 'NONE', #5125, .T. ) ;
#4332 =( NAMED_UNIT ( * ) PLANE_ANGLE_UNIT ( ) SI_UNIT ( $, .RADIAN. ) );
#4333 = CARTESIAN_POINT ( 'NONE',  ( -0.2749999999999999112, -0.2750000000000000777, 0.4799999999999999822 ) ) ;
#4334 = UNCERTAINTY_MEASURE_WITH_UNIT (LENGTH_MEASURE( 1.000000000000000082E-05 ), #1924, 'distance_accuracy_value', 'NONE');
#4335 = VERTEX_POINT ( 'NONE', #3447 ) ;
#4336 = SURFACE_STYLE_FILL_AREA ( #3181 ) ;
#4337 = DIRECTION ( 'NONE',  ( -1.000000000000000000, -5.288791085295138602E-16, 2.115516434118055441E-15 ) ) ;
#4338 =( LENGTH_UNIT ( ) NAMED_UNIT ( * ) SI_UNIT ( .MILLI., .METRE. ) );
#4339 = PRESENTATION_LAYER_ASSIGNMENT (  '', '', ( #8621 ) ) ;
#4340 = FILL_AREA_STYLE ('',( #8876 ) ) ;
#4341 = CARTESIAN_POINT ( 'NONE',  ( -1.000000000000000000, 0.000000000000000000, 0.5999999999999999778 ) ) ;
#4342 = ADVANCED_FACE ( 'NONE', ( #4550 ), #472, .T. ) ;
#4343 = DIRECTION ( 'NONE',  ( 0.9825750242013554514, -0.1858664085188760362, 0.000000000000000000 ) ) ;
#4344 = AXIS2_PLACEMENT_3D ( 'NONE', #6706, #8163, #5998 ) ;
#4345 = UNCERTAINTY_MEASURE_WITH_UNIT (LENGTH_MEASURE( 1.000000000000000082E-05 ), #6465, 'distance_accuracy_value', 'NONE');
#4346 = VERTEX_POINT ( 'NONE', #7153 ) ;
#4347 = LINE ( 'NONE', #6905, #5302 ) ;
#4348 = COLOUR_RGB ( '',1.000000000000000000, 0.7529411764705882248, 0.7529411764705882248 ) ;
#4349 = CARTESIAN_POINT ( 'NONE',  ( 1.000000000000000000, -0.5949999999999999734, 0.5999999999999999778 ) ) ;
#4350 = SURFACE_SIDE_STYLE ('',( #6902 ) ) ;
#4351 = SURFACE_STYLE_USAGE ( .BOTH. , #3595 ) ;
#4352 = EDGE_CURVE ( 'NONE', #9830, #9830, #2773, .T. ) ;
#4353 = STYLED_ITEM ( 'NONE', ( #8998 ), #3681 ) ;
#4354 = PRESENTATION_LAYER_ASSIGNMENT (  '', '', ( #7802 ) ) ;
#4355 = ORIENTED_EDGE ( 'NONE', *, *, #8686, .T. ) ;
#4356 = CARTESIAN_POINT ( 'NONE',  ( 0.3403329645653460078, -0.6449999999999997957, -0.4302182886970357112 ) ) ;
#4357 = TOROIDAL_SURFACE ( 'NONE', #1966, 0.05000000000000002359, 0.02499999999999996669 ) ;
#4358 = FILL_AREA_STYLE_COLOUR ( '', #2832 ) ;
#4359 = CARTESIAN_POINT ( 'NONE',  ( -0.5499999999999999334, -0.7299999999999999822, 0.6000000000000000888 ) ) ;
#4360 = FACE_OUTER_BOUND ( 'NONE', #8745, .T. ) ;
#4361 = CARTESIAN_POINT ( 'NONE',  ( 0.2050000000000000988, -0.2250000000000000611, 0.4299999999999999378 ) ) ;
#4362 =( NAMED_UNIT ( * ) SI_UNIT ( $, .STERADIAN. ) SOLID_ANGLE_UNIT ( ) );
#4363 = FACE_OUTER_BOUND ( 'NONE', #8269, .T. ) ;
#4364 = ADVANCED_FACE ( 'NONE', ( #8844 ), #6580, .T. ) ;
#4365 = CARTESIAN_POINT ( 'NONE',  ( 0.1234492232371699333, -0.6426664822826733126, 0.4325416188035215992 ) ) ;
#4366 = LINE ( 'NONE', #7411, #342 ) ;
#4367 = COLOUR_RGB ( '',1.000000000000000000, 0.7529411764705882248, 0.7529411764705882248 ) ;
#4368 = CARTESIAN_POINT ( 'NONE',  ( 0.4752780579937240790, -0.6584768409303793923, 0.4171584264866688430 ) ) ;
#4369 = MECHANICAL_DESIGN_GEOMETRIC_PRESENTATION_REPRESENTATION (  '', ( #6870 ), #7875 ) ;
#4370 = FILL_AREA_STYLE ('',( #6602 ) ) ;
#4371 = STYLED_ITEM ( 'NONE', ( #1509 ), #4273 ) ;
#4372 = CARTESIAN_POINT ( 'NONE',  ( 0.2596670354346529153, -0.6449999999999997957, 0.4302182886970357667 ) ) ;
#4373 =( NAMED_UNIT ( * ) PLANE_ANGLE_UNIT ( ) SI_UNIT ( $, .RADIAN. ) );
#4374 =( NAMED_UNIT ( * ) SI_UNIT ( $, .STERADIAN. ) SOLID_ANGLE_UNIT ( ) );
#4375 = MECHANICAL_DESIGN_GEOMETRIC_PRESENTATION_REPRESENTATION (  '', ( #1998 ), #2196 ) ;
#4376 = DIRECTION ( 'NONE',  ( 1.000000000000000000, 0.000000000000000000, -0.000000000000000000 ) ) ;
#4377 = AXIS2_PLACEMENT_3D ( 'NONE', #4979, #4942, #6479 ) ;
#4378 = ADVANCED_FACE ( 'NONE', ( #7037, #7148 ), #3946, .T. ) ;
#4379 = COLOUR_RGB ( '',1.000000000000000000, 0.7529411764705882248, 0.7529411764705882248 ) ;
#4380 = CARTESIAN_POINT ( 'NONE',  ( -1.000000000000000000, -0.7299999999999999822, 0.5999999999999999778 ) ) ;
#4381 = CARTESIAN_POINT ( 'NONE',  ( 0.2293329645653471860, -0.6449999999999997957, -0.4302182886970355447 ) ) ;
#4382 = UNCERTAINTY_MEASURE_WITH_UNIT (LENGTH_MEASURE( 1.000000000000000082E-05 ), #5144, 'distance_accuracy_value', 'NONE');
#4383 =( GEOMETRIC_REPRESENTATION_CONTEXT ( 3 ) GLOBAL_UNCERTAINTY_ASSIGNED_CONTEXT ( ( #337 ) ) GLOBAL_UNIT_ASSIGNED_CONTEXT ( ( #4417, #4313, #6648 ) ) REPRESENTATION_CONTEXT ( 'NONE', 'WORKASPACE' ) );
#4384 = DIRECTION ( 'NONE',  ( 0.000000000000000000, 0.000000000000000000, -1.000000000000000000 ) ) ;
#4385 = COLOUR_RGB ( '',1.000000000000000000, 0.7529411764705882248, 0.7529411764705882248 ) ;
#4386 =( LENGTH_UNIT ( ) NAMED_UNIT ( * ) SI_UNIT ( .MILLI., .METRE. ) );
#4387 = CIRCLE ( 'NONE', #4134, 0.02500000000000001180 ) ;
#4388 = COLOUR_RGB ( '',0.2509803921568627416, 0.2509803921568627416, 0.2509803921568627416 ) ;
#4389 = AXIS2_PLACEMENT_3D ( 'NONE', #8913, #5943, #4343 ) ;
#4390 =( LENGTH_UNIT ( ) NAMED_UNIT ( * ) SI_UNIT ( .MILLI., .METRE. ) );
#4391 = EDGE_LOOP ( 'NONE', ( #20, #3027, #4207, #4107 ) ) ;
#4392 = DIRECTION ( 'NONE',  ( 0.000000000000000000, 0.000000000000000000, -1.000000000000000000 ) ) ;
#4393 =( LENGTH_UNIT ( ) NAMED_UNIT ( * ) SI_UNIT ( .MILLI., .METRE. ) );
#4394 = CARTESIAN_POINT ( 'NONE',  ( 0.1840000000000000802, -0.2250000000000000611, -0.3799999999999999489 ) ) ;
#4395 = CLOSED_SHELL ( 'NONE', ( #4738, #1841, #4439, #422, #776, #395, #6257, #9779, #3568, #8524, #1726, #5361, #9698 ) ) ;
#4396 = SURFACE_STYLE_USAGE ( .BOTH. , #8939 ) ;
#4397 = DIRECTION ( 'NONE',  ( 1.000000000000000000, 0.000000000000000000, 0.000000000000000000 ) ) ;
#4398 = PRESENTATION_STYLE_ASSIGNMENT (( #2086 ) ) ;
#4399 = DIRECTION ( 'NONE',  ( 0.000000000000000000, -1.000000000000000000, 0.000000000000000000 ) ) ;
#4400 =( GEOMETRIC_REPRESENTATION_CONTEXT ( 3 ) GLOBAL_UNCERTAINTY_ASSIGNED_CONTEXT ( ( #4638 ) ) GLOBAL_UNIT_ASSIGNED_CONTEXT ( ( #635, #5212, #4508 ) ) REPRESENTATION_CONTEXT ( 'NONE', 'WORKASPACE' ) );
#4401 = COLOUR_RGB ( '',1.000000000000000000, 0.7529411764705882248, 0.7529411764705882248 ) ;
#4402 = CIRCLE ( 'NONE', #8865, 0.02499999999999995628 ) ;
#4403 = UNCERTAINTY_MEASURE_WITH_UNIT (LENGTH_MEASURE( 1.000000000000000082E-05 ), #6452, 'distance_accuracy_value', 'NONE');
#4404 = FILL_AREA_STYLE_COLOUR ( '', #1043 ) ;
#4405 = DIRECTION ( 'NONE',  ( 0.000000000000000000, 1.000000000000000000, 0.000000000000000000 ) ) ;
#4406 = DIRECTION ( 'NONE',  ( -0.000000000000000000, 0.000000000000000000, -1.000000000000000000 ) ) ;
#4407 = DIRECTION ( 'NONE',  ( 0.000000000000000000, -1.000000000000000000, 0.000000000000000000 ) ) ;
#4408 = ORIENTED_EDGE ( 'NONE', *, *, #4272, .F. ) ;
#4409 = DIRECTION ( 'NONE',  ( -0.09334070869305721718, 0.000000000000000000, 0.9956342260592883076 ) ) ;
#4410 = FILL_AREA_STYLE ('',( #7486 ) ) ;
#4411 = COLOUR_RGB ( '',1.000000000000000000, 0.7529411764705882248, 0.7529411764705882248 ) ;
#4412 = EDGE_CURVE ( 'NONE', #3747, #3747, #3567, .T. ) ;
#4413 = VECTOR ( 'NONE', #6572, 1000.000000000000000 ) ;
#4414 = PRESENTATION_LAYER_ASSIGNMENT (  '', '', ( #2956 ) ) ;
#4415 =( NAMED_UNIT ( * ) PLANE_ANGLE_UNIT ( ) SI_UNIT ( $, .RADIAN. ) );
#4416 = ORIENTED_EDGE ( 'NONE', *, *, #1620, .T. ) ;
#4417 =( LENGTH_UNIT ( ) NAMED_UNIT ( * ) SI_UNIT ( .MILLI., .METRE. ) );
#4418 = SURFACE_STYLE_USAGE ( .BOTH. , #9843 ) ;
#4419 = COLOUR_RGB ( '',0.2509803921568627416, 0.2509803921568627416, 0.2509803921568627416 ) ;
#4420 = SURFACE_STYLE_FILL_AREA ( #9345 ) ;
#4421 =( NAMED_UNIT ( * ) SI_UNIT ( $, .STERADIAN. ) SOLID_ANGLE_UNIT ( ) );
#4422 = EDGE_LOOP ( 'NONE', ( #5433 ) ) ;
#4423 = PLANE ( 'NONE',  #9583 ) ;
#4424 = ORIENTED_EDGE ( 'NONE', *, *, #541, .F. ) ;
#4425 = CARTESIAN_POINT ( 'NONE',  ( 0.000000000000000000, -0.9000000000000000222, 0.000000000000000000 ) ) ;
#4426 = FILL_AREA_STYLE_COLOUR ( '', #4379 ) ;
#4427 = CARTESIAN_POINT ( 'NONE',  ( -0.3850000000000000089, -0.2250000000000000611, -0.3799999999999999489 ) ) ;
#4428 = AXIS2_PLACEMENT_3D ( 'NONE', #8270, #4405, #6637 ) ;
#4429 = ORIENTED_EDGE ( 'NONE', *, *, #9385, .F. ) ;
#4430 = FACE_OUTER_BOUND ( 'NONE', #6851, .T. ) ;
#4431 = EDGE_LOOP ( 'NONE', ( #8022 ) ) ;
#4432 = VECTOR ( 'NONE', #1149, 1000.000000000000000 ) ;
#4433 = UNCERTAINTY_MEASURE_WITH_UNIT (LENGTH_MEASURE( 1.000000000000000082E-05 ), #1582, 'distance_accuracy_value', 'NONE');
#4434 = CARTESIAN_POINT ( 'NONE',  ( 0.4350000000000000533, -0.2300000000000000655, 0.3799999999999999489 ) ) ;
#4435 = FILL_AREA_STYLE_COLOUR ( '', #4097 ) ;
#4436 = CARTESIAN_POINT ( 'NONE',  ( 0.000000000000000000, -0.2000000000000000111, 0.000000000000000000 ) ) ;
#4437 = PRESENTATION_LAYER_ASSIGNMENT (  '', '', ( #7657 ) ) ;
#4438 = ORIENTED_EDGE ( 'NONE', *, *, #3922, .F. ) ;
#4439 = ADVANCED_FACE ( 'NONE', ( #3350, #1364 ), #9318, .T. ) ;
#4440 = EDGE_CURVE ( 'NONE', #8277, #4669, #4055, .T. ) ;
#4441 = DIRECTION ( 'NONE',  ( 0.000000000000000000, 1.000000000000000000, 0.000000000000000000 ) ) ;
#4442 = STYLED_ITEM ( 'NONE', ( #8429 ), #823 ) ;
#4443 = ORIENTED_EDGE ( 'NONE', *, *, #9646, .F. ) ;
#4444 = MECHANICAL_DESIGN_GEOMETRIC_PRESENTATION_REPRESENTATION (  '', ( #5467 ), #5526 ) ;
#4445 = STYLED_ITEM ( 'NONE', ( #1754 ), #5942 ) ;
#4446 = CARTESIAN_POINT ( 'NONE',  ( -1.000000000000000000, -0.7299999999999999822, 0.1999999999999999001 ) ) ;
#4447 = SURFACE_STYLE_FILL_AREA ( #754 ) ;
#4448 = DIRECTION ( 'NONE',  ( -0.09334070869305818863, 0.000000000000000000, 0.9956342260592880855 ) ) ;
#4449 = EDGE_LOOP ( 'NONE', ( #1944 ) ) ;
#4450 = SURFACE_STYLE_USAGE ( .BOTH. , #8324 ) ;
#4451 = VERTEX_POINT ( 'NONE', #2252 ) ;
#4452 = VECTOR ( 'NONE', #6203, 1000.000000000000000 ) ;
#4453 = CARTESIAN_POINT ( 'NONE',  ( 0.000000000000000000, -0.7299999999999999822, 0.000000000000000000 ) ) ;
#4454 = CARTESIAN_POINT ( 'NONE',  ( 0.1440000000000000724, -0.2250000000000000611, 0.3799999999999999489 ) ) ;
#4455 = ORIENTED_EDGE ( 'NONE', *, *, #5644, .F. ) ;
#4456 = MECHANICAL_DESIGN_GEOMETRIC_PRESENTATION_REPRESENTATION (  '', ( #2805 ), #7529 ) ;
#4457 = SURFACE_SIDE_STYLE ('',( #9656 ) ) ;
#4458 =( GEOMETRIC_REPRESENTATION_CONTEXT ( 3 ) GLOBAL_UNCERTAINTY_ASSIGNED_CONTEXT ( ( #1795 ) ) GLOBAL_UNIT_ASSIGNED_CONTEXT ( ( #7328, #7956, #8832 ) ) REPRESENTATION_CONTEXT ( 'NONE', 'WORKASPACE' ) );
#4459 =( NAMED_UNIT ( * ) SI_UNIT ( $, .STERADIAN. ) SOLID_ANGLE_UNIT ( ) );
#4460 = SURFACE_STYLE_FILL_AREA ( #2726 ) ;
#4461 = STYLED_ITEM ( 'NONE', ( #5707 ), #8951 ) ;
#4462 =( GEOMETRIC_REPRESENTATION_CONTEXT ( 3 ) GLOBAL_UNCERTAINTY_ASSIGNED_CONTEXT ( ( #5385 ) ) GLOBAL_UNIT_ASSIGNED_CONTEXT ( ( #5156, #6058, #23 ) ) REPRESENTATION_CONTEXT ( 'NONE', 'WORKASPACE' ) );
#4463 = ADVANCED_FACE ( 'NONE', ( #6565, #9784 ), #2434, .T. ) ;
#4464 = VERTEX_POINT ( 'NONE', #8133 ) ;
#4465 = FACE_OUTER_BOUND ( 'NONE', #8698, .T. ) ;
#4466 = FACE_OUTER_BOUND ( 'NONE', #6421, .T. ) ;
#4467 = CARTESIAN_POINT ( 'NONE',  ( -0.2389999999999999347, -0.2250000000000000611, 0.4299999999999999378 ) ) ;
#4468 = EDGE_LOOP ( 'NONE', ( #9549 ) ) ;
#4469 = CARTESIAN_POINT ( 'NONE',  ( -0.2749999999999999112, -0.2250000000000000611, 0.3799999999999999489 ) ) ;
#4470 = ADVANCED_FACE ( 'NONE', ( #1847 ), #9673, .T. ) ;
#4471 = DIRECTION ( 'NONE',  ( 2.168404344971012812E-15, 0.000000000000000000, -1.000000000000000000 ) ) ;
#4472 = DIRECTION ( 'NONE',  ( 1.000000000000000000, -0.000000000000000000, -0.000000000000000000 ) ) ;
#4473 = EDGE_CURVE ( 'NONE', #9321, #4233, #7526, .T. ) ;
#4474 = CARTESIAN_POINT ( 'NONE',  ( -0.4350000000000000533, -0.2799999999999999711, -0.4299999999999999933 ) ) ;
#4475 = VERTEX_POINT ( 'NONE', #1818 ) ;
#4476 = CARTESIAN_POINT ( 'NONE',  ( -0.09899999999999990752, -0.2250000000000000611, -0.4299999999999999933 ) ) ;
#4477 = SURFACE_STYLE_FILL_AREA ( #6778 ) ;
#4478 = MECHANICAL_DESIGN_GEOMETRIC_PRESENTATION_REPRESENTATION (  '', ( #1317 ), #2286 ) ;
#4479 = DIRECTION ( 'NONE',  ( -1.000000000000000000, -0.000000000000000000, -0.000000000000000000 ) ) ;
#4480 = ORIENTED_EDGE ( 'NONE', *, *, #7375, .F. ) ;
#4481 = FILL_AREA_STYLE_COLOUR ( '', #1810 ) ;
#4482 = FILL_AREA_STYLE ('',( #2132 ) ) ;
#4483 = FILL_AREA_STYLE_COLOUR ( '', #7403 ) ;
#4484 = EDGE_CURVE ( 'NONE', #9589, #9589, #6692, .T. ) ;
#4485 =( NAMED_UNIT ( * ) PLANE_ANGLE_UNIT ( ) SI_UNIT ( $, .RADIAN. ) );
#4486 = SURFACE_STYLE_USAGE ( .BOTH. , #3050 ) ;
#4487 = DIRECTION ( 'NONE',  ( -0.5000000000000014433, 0.000000000000000000, 0.8660254037844379305 ) ) ;
#4488 = ORIENTED_EDGE ( 'NONE', *, *, #9279, .F. ) ;
#4489 = CARTESIAN_POINT ( 'NONE',  ( -0.5099632742307173006, 0.000000000000000000, -0.5999999999999999778 ) ) ;
#4490 = STYLED_ITEM ( 'NONE', ( #6885 ), #6578 ) ;
#4491 = COLOUR_RGB ( '',1.000000000000000000, 0.7529411764705882248, 0.7529411764705882248 ) ;
#4492 = ADVANCED_FACE ( 'NONE', ( #7273 ), #7414, .F. ) ;
#4493 = ORIENTED_EDGE ( 'NONE', *, *, #8266, .T. ) ;
#4494 = DIRECTION ( 'NONE',  ( 0.9825750242013555624, -0.1858664085188759807, 0.000000000000000000 ) ) ;
#4495 = DIRECTION ( 'NONE',  ( 1.000000000000000000, 0.000000000000000000, 0.000000000000000000 ) ) ;
#4496 = CARTESIAN_POINT ( 'NONE',  ( -0.5099632742307173006, -0.2250000000000000056, -0.4500000000000000111 ) ) ;
#4497 = PRESENTATION_STYLE_ASSIGNMENT (( #7517 ) ) ;
#4498 = EDGE_CURVE ( 'NONE', #3867, #1122, #8709, .T. ) ;
#4499 = FILL_AREA_STYLE ('',( #3621 ) ) ;
#4500 = DIRECTION ( 'NONE',  ( 1.000000000000000000, 0.000000000000000000, -2.168404344971010051E-15 ) ) ;
#4501 = DIRECTION ( 'NONE',  ( -0.000000000000000000, -0.000000000000000000, 1.000000000000000000 ) ) ;
#4502 =( GEOMETRIC_REPRESENTATION_CONTEXT ( 3 ) GLOBAL_UNCERTAINTY_ASSIGNED_CONTEXT ( ( #4651 ) ) GLOBAL_UNIT_ASSIGNED_CONTEXT ( ( #4393, #9003, #5427 ) ) REPRESENTATION_CONTEXT ( 'NONE', 'WORKASPACE' ) );
#4503 = CARTESIAN_POINT ( 'NONE',  ( 0.9750000000000000888, -0.6199999999999998845, 0.1599632742307184052 ) ) ;
#4504 = EDGE_LOOP ( 'NONE', ( #3100 ) ) ;
#4505 = DIRECTION ( 'NONE',  ( 0.000000000000000000, 0.000000000000000000, 1.000000000000000000 ) ) ;
#4506 = AXIS2_PLACEMENT_3D ( 'NONE', #6806, #3793, #2281 ) ;
#4507 = CARTESIAN_POINT ( 'NONE',  ( -0.9999999999999995559, -0.7299999999999999822, -0.1999999999999998723 ) ) ;
#4508 =( NAMED_UNIT ( * ) SI_UNIT ( $, .STERADIAN. ) SOLID_ANGLE_UNIT ( ) );
#4509 = FACE_OUTER_BOUND ( 'NONE', #2686, .T. ) ;
#4510 = AXIS2_PLACEMENT_3D ( 'NONE', #6350, #1183, #6470 ) ;
#4511 =( NAMED_UNIT ( * ) PLANE_ANGLE_UNIT ( ) SI_UNIT ( $, .RADIAN. ) );
#4512 = VECTOR ( 'NONE', #8960, 1000.000000000000000 ) ;
#4513 = MECHANICAL_DESIGN_GEOMETRIC_PRESENTATION_REPRESENTATION (  '', ( #6238 ), #6549 ) ;
#4514 = CARTESIAN_POINT ( 'NONE',  ( 0.5099632742307173006, -0.2250000000000000056, 0.4500000000000000111 ) ) ;
#4515 = AXIS2_PLACEMENT_3D ( 'NONE', #7934, #1246, #4167 ) ;
#4516 = SURFACE_STYLE_FILL_AREA ( #2206 ) ;
#4517 = CIRCLE ( 'NONE', #9163, 0.02500000000000003955 ) ;
#4518 = AXIS2_PLACEMENT_3D ( 'NONE', #8590, #9719, #4251 ) ;
#4519 = CARTESIAN_POINT ( 'NONE',  ( 0.5099632742307173006, -0.6199999999999998845, 0.5999999999999999778 ) ) ;
#4520 =( NAMED_UNIT ( * ) SI_UNIT ( $, .STERADIAN. ) SOLID_ANGLE_UNIT ( ) );
#4521 = UNCERTAINTY_MEASURE_WITH_UNIT (LENGTH_MEASURE( 1.000000000000000082E-05 ), #2257, 'distance_accuracy_value', 'NONE');
#4522 = FACE_OUTER_BOUND ( 'NONE', #4422, .T. ) ;
#4523 = PRESENTATION_STYLE_ASSIGNMENT (( #5257 ) ) ;
#4524 = DIRECTION ( 'NONE',  ( 0.000000000000000000, 0.000000000000000000, 1.000000000000000000 ) ) ;
#4525 = STYLED_ITEM ( 'NONE', ( #8499 ), #2415 ) ;
#4526 = ORIENTED_EDGE ( 'NONE', *, *, #6781, .F. ) ;
#4527 = SURFACE_SIDE_STYLE ('',( #9291 ) ) ;
#4528 = CARTESIAN_POINT ( 'NONE',  ( -1.000000000000000000, -0.2250000000000000056, -0.5749999999999998446 ) ) ;
#4529 =( NAMED_UNIT ( * ) SI_UNIT ( $, .STERADIAN. ) SOLID_ANGLE_UNIT ( ) );
#4530 = FACE_OUTER_BOUND ( 'NONE', #3249, .T. ) ;
#4531 = DIRECTION ( 'NONE',  ( 1.000000000000000000, 0.000000000000000000, 0.000000000000000000 ) ) ;
#4532 = CARTESIAN_POINT ( 'NONE',  ( -0.5499999999999999334, -0.7299999999999999822, 0.1999999999999999278 ) ) ;
#4533 = COLOUR_RGB ( '',1.000000000000000000, 0.7529411764705882248, 0.7529411764705882248 ) ;
#4534 = FILL_AREA_STYLE ('',( #40 ) ) ;
#4535 = DIRECTION ( 'NONE',  ( 0.000000000000000000, -0.000000000000000000, -1.000000000000000000 ) ) ;
#4536 = DIRECTION ( 'NONE',  ( 0.000000000000000000, 0.000000000000000000, -1.000000000000000000 ) ) ;
#4537 = CARTESIAN_POINT ( 'NONE',  ( -1.000000000000000000, -0.7299999999999999822, 0.5999999999999999778 ) ) ;
#4538 = EDGE_LOOP ( 'NONE', ( #811, #8488, #1746, #1876, #8125 ) ) ;
#4539 = LINE ( 'NONE', #6650, #3943 ) ;
#4540 = EDGE_CURVE ( 'NONE', #5571, #4789, #494, .T. ) ;
#4541 =( NAMED_UNIT ( * ) PLANE_ANGLE_UNIT ( ) SI_UNIT ( $, .RADIAN. ) );
#4542 = AXIS2_PLACEMENT_3D ( 'NONE', #3684, #3573, #6625 ) ;
#4543 = DIRECTION ( 'NONE',  ( 0.000000000000000000, 0.000000000000000000, 1.000000000000000000 ) ) ;
#4544 = VERTEX_POINT ( 'NONE', #3006 ) ;
#4545 =( NAMED_UNIT ( * ) SI_UNIT ( $, .STERADIAN. ) SOLID_ANGLE_UNIT ( ) );
#4546 = FILL_AREA_STYLE_COLOUR ( '', #7525 ) ;
#4547 = ORIENTED_EDGE ( 'NONE', *, *, #4440, .F. ) ;
#4548 = SURFACE_STYLE_USAGE ( .BOTH. , #9810 ) ;
#4549 = DIRECTION ( 'NONE',  ( 1.000000000000000000, 0.000000000000000000, 0.000000000000000000 ) ) ;
#4550 = FACE_OUTER_BOUND ( 'NONE', #8878, .T. ) ;
#4551 = DIRECTION ( 'NONE',  ( 1.000000000000000000, 0.000000000000000000, -2.168404344971010446E-15 ) ) ;
#4552 = DIRECTION ( 'NONE',  ( 0.000000000000000000, 0.000000000000000000, 1.000000000000000000 ) ) ;
#4553 = ORIENTED_EDGE ( 'NONE', *, *, #7246, .T. ) ;
#4554 = DIRECTION ( 'NONE',  ( 1.000000000000000000, 0.000000000000000000, 0.000000000000000000 ) ) ;
#4555 = CARTESIAN_POINT ( 'NONE',  ( 0.5349632742307174338, -0.1999999999999999833, -0.4249999999999999334 ) ) ;
#4556 = EDGE_LOOP ( 'NONE', ( #6785 ) ) ;
#4557 = UNCERTAINTY_MEASURE_WITH_UNIT (LENGTH_MEASURE( 1.000000000000000082E-05 ), #2938, 'distance_accuracy_value', 'NONE');
#4558 =( NAMED_UNIT ( * ) SI_UNIT ( $, .STERADIAN. ) SOLID_ANGLE_UNIT ( ) );
#4559 = STYLED_ITEM ( 'NONE', ( #7695 ), #7121 ) ;
#4560 =( NAMED_UNIT ( * ) SI_UNIT ( $, .STERADIAN. ) SOLID_ANGLE_UNIT ( ) );
#4561 = ADVANCED_FACE ( 'NONE', ( #3691 ), #19, .T. ) ;
#4562 = MECHANICAL_DESIGN_GEOMETRIC_PRESENTATION_REPRESENTATION (  '', ( #7445 ), #830 ) ;
#4563 = SURFACE_SIDE_STYLE ('',( #2382 ) ) ;
#4564 = ORIENTED_EDGE ( 'NONE', *, *, #7355, .F. ) ;
#4565 = EDGE_LOOP ( 'NONE', ( #5515 ) ) ;
#4566 =( LENGTH_UNIT ( ) NAMED_UNIT ( * ) SI_UNIT ( .MILLI., .METRE. ) );
#4567 = CARTESIAN_POINT ( 'NONE',  ( 0.03300000000000010564, -0.2250000000000000888, 0.4299999999999999378 ) ) ;
#4568 = CARTESIAN_POINT ( 'NONE',  ( 0.2050000000000000988, -0.2750000000000000777, 0.4299999999999999378 ) ) ;
#4569 = EDGE_CURVE ( 'NONE', #3737, #3162, #7862, .T. ) ;
#4570 = PRESENTATION_LAYER_ASSIGNMENT (  '', '', ( #8010 ) ) ;
#4571 = ORIENTED_EDGE ( 'NONE', *, *, #1766, .F. ) ;
#4572 = COLOUR_RGB ( '',0.7921568627450980005, 0.8196078431372548767, 0.9333333333333333481 ) ;
#4573 = CARTESIAN_POINT ( 'NONE',  ( -1.000000000000000000, 0.000000000000000000, -0.5999999999999999778 ) ) ;
#4574 = ADVANCED_FACE ( 'NONE', ( #7028 ), #6083, .F. ) ;
#4575 =( GEOMETRIC_REPRESENTATION_CONTEXT ( 3 ) GLOBAL_UNCERTAINTY_ASSIGNED_CONTEXT ( ( #7391 ) ) GLOBAL_UNIT_ASSIGNED_CONTEXT ( ( #4314, #2758, #8851 ) ) REPRESENTATION_CONTEXT ( 'NONE', 'WORKASPACE' ) );
#4576 = VERTEX_POINT ( 'NONE', #3064 ) ;
#4577 = AXIS2_PLACEMENT_3D ( 'NONE', #200, #1049, #6378 ) ;
#4578 = CARTESIAN_POINT ( 'NONE',  ( 1.000000000000000000, -0.7299999999999999822, -0.5999999999999999778 ) ) ;
#4579 = UNCERTAINTY_MEASURE_WITH_UNIT (LENGTH_MEASURE( 1.000000000000000082E-05 ), #6646, 'distance_accuracy_value', 'NONE');
#4580 = VERTEX_POINT ( 'NONE', #845 ) ;
#4581 = SURFACE_STYLE_USAGE ( .BOTH. , #2906 ) ;
#4582 = VERTEX_POINT ( 'NONE', #7258 ) ;
#4583 =( NAMED_UNIT ( * ) SI_UNIT ( $, .STERADIAN. ) SOLID_ANGLE_UNIT ( ) );
#4584 = VERTEX_POINT ( 'NONE', #9841 ) ;
#4585 = EDGE_CURVE ( 'NONE', #7081, #7081, #3131, .T. ) ;
#4586 = MECHANICAL_DESIGN_GEOMETRIC_PRESENTATION_REPRESENTATION (  '', ( #8487 ), #5610 ) ;
#4587 = ADVANCED_FACE ( 'NONE', ( #7651, #3683 ), #155, .T. ) ;
#4588 = AXIS2_PLACEMENT_3D ( 'NONE', #3486, #7361, #4225 ) ;
#4589 = DIRECTION ( 'NONE',  ( 0.000000000000000000, 1.000000000000000000, 0.000000000000000000 ) ) ;
#4590 = ORIENTED_EDGE ( 'NONE', *, *, #7872, .F. ) ;
#4591 = SURFACE_SIDE_STYLE ('',( #9792 ) ) ;
#4592 = FILL_AREA_STYLE ('',( #689 ) ) ;
#4593 = FACE_OUTER_BOUND ( 'NONE', #597, .T. ) ;
#4594 =( LENGTH_UNIT ( ) NAMED_UNIT ( * ) SI_UNIT ( .MILLI., .METRE. ) );
#4595 = VECTOR ( 'NONE', #5034, 1000.000000000000000 ) ;
#4596 = DIRECTION ( 'NONE',  ( 0.9825750242013554514, -0.1858664085188761472, 0.000000000000000000 ) ) ;
#4597 =( LENGTH_UNIT ( ) NAMED_UNIT ( * ) SI_UNIT ( .MILLI., .METRE. ) );
#4598 = DIRECTION ( 'NONE',  ( 0.000000000000000000, 0.000000000000000000, -1.000000000000000000 ) ) ;
#4599 = EDGE_CURVE ( 'NONE', #5060, #5060, #3560, .T. ) ;
#4600 = CIRCLE ( 'NONE', #5912, 0.02500000000000002914 ) ;
#4601 = SURFACE_STYLE_USAGE ( .BOTH. , #3800 ) ;
#4602 = PRESENTATION_LAYER_ASSIGNMENT (  '', '', ( #3044 ) ) ;
#4603 = PRESENTATION_LAYER_ASSIGNMENT (  '', '', ( #5438 ) ) ;
#4604 = COLOUR_RGB ( '',1.000000000000000000, 0.7529411764705882248, 0.7529411764705882248 ) ;
#4605 = PRESENTATION_STYLE_ASSIGNMENT (( #740 ) ) ;
#4606 = FILL_AREA_STYLE ('',( #3902 ) ) ;
#4607 = PRESENTATION_LAYER_ASSIGNMENT (  '', '', ( #9396 ) ) ;
#4608 = ADVANCED_FACE ( 'NONE', ( #1949, #6201 ), #7515, .T. ) ;
#4609 = DIRECTION ( 'NONE',  ( 0.000000000000000000, -1.000000000000000000, 0.000000000000000000 ) ) ;
#4610 = DIRECTION ( 'NONE',  ( -0.000000000000000000, -0.000000000000000000, -1.000000000000000000 ) ) ;
#4611 = DIRECTION ( 'NONE',  ( 0.000000000000000000, 0.000000000000000000, 1.000000000000000000 ) ) ;
#4612 = MECHANICAL_DESIGN_GEOMETRIC_PRESENTATION_REPRESENTATION (  '', ( #3053 ), #5128 ) ;
#4613 = UNCERTAINTY_MEASURE_WITH_UNIT (LENGTH_MEASURE( 1.000000000000000082E-05 ), #9620, 'distance_accuracy_value', 'NONE');
#4614 = MECHANICAL_DESIGN_GEOMETRIC_PRESENTATION_REPRESENTATION (  '', ( #2593 ), #6455 ) ;
#4615 = CARTESIAN_POINT ( 'NONE',  ( -1.000000000000000000, -0.7299999999999999822, 0.1999999999999999001 ) ) ;
#4616 = STYLED_ITEM ( 'NONE', ( #5654 ), #6952 ) ;
#4617 = FILL_AREA_STYLE_COLOUR ( '', #2314 ) ;
#4618 = LINE ( 'NONE', #829, #2613 ) ;
#4619 = COLOUR_RGB ( '',1.000000000000000000, 1.000000000000000000, 1.000000000000000000 ) ;
#4620 = FILL_AREA_STYLE ('',( #6659 ) ) ;
#4621 = ADVANCED_FACE ( 'NONE', ( #972, #5364 ), #7016, .T. ) ;
#4622 = CARTESIAN_POINT ( 'NONE',  ( -0.1036670354346539424, -0.6449999999999997957, -0.4302182886970357112 ) ) ;
#4623 =( LENGTH_UNIT ( ) NAMED_UNIT ( * ) SI_UNIT ( .MILLI., .METRE. ) );
#4624 = EDGE_LOOP ( 'NONE', ( #3580 ) ) ;
#4625 = FACE_OUTER_BOUND ( 'NONE', #6124, .T. ) ;
#4626 = EDGE_CURVE ( 'NONE', #5569, #5260, #8820, .T. ) ;
#4627 =( GEOMETRIC_REPRESENTATION_CONTEXT ( 3 ) GLOBAL_UNCERTAINTY_ASSIGNED_CONTEXT ( ( #9271 ) ) GLOBAL_UNIT_ASSIGNED_CONTEXT ( ( #6742, #1450, #5170 ) ) REPRESENTATION_CONTEXT ( 'NONE', 'WORKASPACE' ) );
#4628 = SURFACE_SIDE_STYLE ('',( #5421 ) ) ;
#4629 = FILL_AREA_STYLE ('',( #2383 ) ) ;
#4630 = FILL_AREA_STYLE ('',( #5466 ) ) ;
#4631 =( GEOMETRIC_REPRESENTATION_CONTEXT ( 3 ) GLOBAL_UNCERTAINTY_ASSIGNED_CONTEXT ( ( #9462 ) ) GLOBAL_UNIT_ASSIGNED_CONTEXT ( ( #504, #5797, #2835 ) ) REPRESENTATION_CONTEXT ( 'NONE', 'WORKASPACE' ) );
#4632 = ORIENTED_EDGE ( 'NONE', *, *, #9279, .T. ) ;
#4633 = STYLED_ITEM ( 'NONE', ( #3178 ), #5577 ) ;
#4634 = SURFACE_SIDE_STYLE ('',( #1086 ) ) ;
#4635 = EDGE_LOOP ( 'NONE', ( #2491 ) ) ;
#4636 = CARTESIAN_POINT ( 'NONE',  ( 0.1440000000000000724, -0.2750000000000000777, 0.4799999999999999822 ) ) ;
#4637 = PRODUCT_DEFINITION_CONTEXT ( 'detailed design', #5963, 'design' ) ;
#4638 = UNCERTAINTY_MEASURE_WITH_UNIT (LENGTH_MEASURE( 1.000000000000000082E-05 ), #635, 'distance_accuracy_value', 'NONE');
#4639 = VECTOR ( 'NONE', #3661, 1000.000000000000000 ) ;
#4640 = PRESENTATION_LAYER_ASSIGNMENT (  '', '', ( #9553 ) ) ;
#4641 = CARTESIAN_POINT ( 'NONE',  ( 0.5699999999999997291, -0.9300000000000001599, 0.3999999999999998002 ) ) ;
#4642 = ORIENTED_EDGE ( 'NONE', *, *, #7419, .F. ) ;
#4643 = EDGE_CURVE ( 'NONE', #434, #434, #5605, .T. ) ;
#4644 = EDGE_LOOP ( 'NONE', ( #656 ) ) ;
#4645 = AXIS2_PLACEMENT_3D ( 'NONE', #7218, #5808, #1163 ) ;
#4646 = DIRECTION ( 'NONE',  ( -1.000000000000000000, -0.000000000000000000, -0.000000000000000000 ) ) ;
#4647 = COLOUR_RGB ( '',1.000000000000000000, 0.7529411764705882248, 0.7529411764705882248 ) ;
#4648 = AXIS2_PLACEMENT_3D ( 'NONE', #7289, #9587, #8802 ) ;
#4649 = CIRCLE ( 'NONE', #4784, 0.02499999999999995628 ) ;
#4650 = PRESENTATION_LAYER_ASSIGNMENT (  '', '', ( #7189 ) ) ;
#4651 = UNCERTAINTY_MEASURE_WITH_UNIT (LENGTH_MEASURE( 1.000000000000000082E-05 ), #4393, 'distance_accuracy_value', 'NONE');
#4652 =( NAMED_UNIT ( * ) SI_UNIT ( $, .STERADIAN. ) SOLID_ANGLE_UNIT ( ) );
#4653 = FILL_AREA_STYLE_COLOUR ( '', #5734 ) ;
#4654 = EDGE_LOOP ( 'NONE', ( #3539 ) ) ;
#4655 = LINE ( 'NONE', #123, #7981 ) ;
#4656 = PLANE ( 'NONE',  #6783 ) ;
#4657 = FACE_OUTER_BOUND ( 'NONE', #631, .T. ) ;
#4658 = VECTOR ( 'NONE', #4609, 1000.000000000000000 ) ;
#4659 = FACE_OUTER_BOUND ( 'NONE', #2155, .T. ) ;
#4660 = PRESENTATION_LAYER_ASSIGNMENT (  '', '', ( #3323 ) ) ;
#4661 =( NAMED_UNIT ( * ) PLANE_ANGLE_UNIT ( ) SI_UNIT ( $, .RADIAN. ) );
#4662 =( NAMED_UNIT ( * ) SI_UNIT ( $, .STERADIAN. ) SOLID_ANGLE_UNIT ( ) );
#4663 = SURFACE_STYLE_USAGE ( .BOTH. , #3986 ) ;
#4664 = PRESENTATION_LAYER_ASSIGNMENT (  '', '', ( #7745 ) ) ;
#4665 = CARTESIAN_POINT ( 'NONE',  ( 0.3850000000000000089, -0.6499999999999999112, -0.3499999999999999223 ) ) ;
#4666 = CARTESIAN_POINT ( 'NONE',  ( -0.5099632742307173006, -0.2103553390593273786, -0.4499999999999999556 ) ) ;
#4667 = SURFACE_SIDE_STYLE ('',( #3623 ) ) ;
#4668 = SURFACE_STYLE_FILL_AREA ( #2083 ) ;
#4669 = VERTEX_POINT ( 'NONE', #7656 ) ;
#4670 = PRESENTATION_STYLE_ASSIGNMENT (( #320 ) ) ;
#4671 =( GEOMETRIC_REPRESENTATION_CONTEXT ( 3 ) GLOBAL_UNCERTAINTY_ASSIGNED_CONTEXT ( ( #7234 ) ) GLOBAL_UNIT_ASSIGNED_CONTEXT ( ( #5529, #7051, #4662 ) ) REPRESENTATION_CONTEXT ( 'NONE', 'WORKASPACE' ) );
#4672 = AXIS2_PLACEMENT_3D ( 'NONE', #1451, #9042, #1488 ) ;
#4673 = COLOUR_RGB ( '',1.000000000000000000, 0.7529411764705882248, 0.7529411764705882248 ) ;
#4674 = SURFACE_STYLE_FILL_AREA ( #1147 ) ;
#4675 = DIRECTION ( 'NONE',  ( 0.000000000000000000, 0.000000000000000000, 1.000000000000000000 ) ) ;
#4676 = MECHANICAL_DESIGN_GEOMETRIC_PRESENTATION_REPRESENTATION (  '', ( #9778 ), #7760 ) ;
#4677 = SURFACE_SIDE_STYLE ('',( #3483 ) ) ;
#4678 = CARTESIAN_POINT ( 'NONE',  ( -0.2510447443221270891, 0.09137281440222518036, -0.5999999999999999778 ) ) ;
#4679 = SURFACE_STYLE_FILL_AREA ( #6426 ) ;
#4680 = ORIENTED_EDGE ( 'NONE', *, *, #2515, .T. ) ;
#4681 = PRESENTATION_STYLE_ASSIGNMENT (( #2187 ) ) ;
#4682 = UNCERTAINTY_MEASURE_WITH_UNIT (LENGTH_MEASURE( 1.000000000000000082E-05 ), #7679, 'distance_accuracy_value', 'NONE');
#4683 =( LENGTH_UNIT ( ) NAMED_UNIT ( * ) SI_UNIT ( .MILLI., .METRE. ) );
#4684 = PRESENTATION_STYLE_ASSIGNMENT (( #6388 ) ) ;
#4685 =( NAMED_UNIT ( * ) SI_UNIT ( $, .STERADIAN. ) SOLID_ANGLE_UNIT ( ) );
#4686 = CARTESIAN_POINT ( 'NONE',  ( 0.5349632742307174338, -0.1999999999999999833, -0.4249999999999999334 ) ) ;
#4687 = ORIENTED_EDGE ( 'NONE', *, *, #9736, .T. ) ;
#4688 = EDGE_CURVE ( 'NONE', #8914, #3867, #860, .T. ) ;
#4689 = CIRCLE ( 'NONE', #7738, 0.02499999999999995628 ) ;
#4690 = EDGE_LOOP ( 'NONE', ( #65 ) ) ;
#4691 = PRESENTATION_LAYER_ASSIGNMENT (  '', '', ( #4559 ) ) ;
#4692 = AXIS2_PLACEMENT_3D ( 'NONE', #6491, #2158, #5169 ) ;
#4693 = COLOUR_RGB ( '',1.000000000000000000, 1.000000000000000000, 1.000000000000000000 ) ;
#4694 = FILL_AREA_STYLE_COLOUR ( '', #8613 ) ;
#4695 = SURFACE_STYLE_FILL_AREA ( #4223 ) ;
#4696 = VERTEX_POINT ( 'NONE', #5901 ) ;
#4697 = DIRECTION ( 'NONE',  ( 0.000000000000000000, 1.000000000000000000, 0.000000000000000000 ) ) ;
#4698 = PRESENTATION_STYLE_ASSIGNMENT (( #7019 ) ) ;
#4699 =( LENGTH_UNIT ( ) NAMED_UNIT ( * ) SI_UNIT ( .MILLI., .METRE. ) );
#4700 = VERTEX_POINT ( 'NONE', #836 ) ;
#4701 = DIRECTION ( 'NONE',  ( -0.000000000000000000, -1.000000000000000000, -0.000000000000000000 ) ) ;
#4702 = EDGE_CURVE ( 'NONE', #3216, #2319, #6795, .T. ) ;
#4703 = AXIS2_PLACEMENT_3D ( 'NONE', #7464, #1542, #9029 ) ;
#4704 =( GEOMETRIC_REPRESENTATION_CONTEXT ( 3 ) GLOBAL_UNCERTAINTY_ASSIGNED_CONTEXT ( ( #8490 ) ) GLOBAL_UNIT_ASSIGNED_CONTEXT ( ( #2890, #632, #7483 ) ) REPRESENTATION_CONTEXT ( 'NONE', 'WORKASPACE' ) );
#4705 = UNCERTAINTY_MEASURE_WITH_UNIT (LENGTH_MEASURE( 1.000000000000000082E-05 ), #5214, 'distance_accuracy_value', 'NONE');
#4706 = EDGE_LOOP ( 'NONE', ( #6461 ) ) ;
#4707 = STYLED_ITEM ( 'NONE', ( #730 ), #6300 ) ;
#4708 = VERTEX_POINT ( 'NONE', #1130 ) ;
#4709 = FILL_AREA_STYLE_COLOUR ( '', #1711 ) ;
#4710 = FACE_OUTER_BOUND ( 'NONE', #2705, .T. ) ;
#4711 = LINE ( 'NONE', #6007, #8773 ) ;
#4712 = CYLINDRICAL_SURFACE ( 'NONE', #5451, 0.02500000000000006384 ) ;
#4713 = VECTOR ( 'NONE', #8827, 1000.000000000000000 ) ;
#4714 = VERTEX_POINT ( 'NONE', #1530 ) ;
#4715 = CARTESIAN_POINT ( 'NONE',  ( 1.000000000000000000, -0.9000000000000000222, 0.5999999999999999778 ) ) ;
#4716 = AXIS2_PLACEMENT_3D ( 'NONE', #4622, #3827, #9168 ) ;
#4717 = SURFACE_SIDE_STYLE ('',( #4110 ) ) ;
#4718 = DIRECTION ( 'NONE',  ( 0.9912875121006776702, 0.09334070869305804985, 0.09293320425943860097 ) ) ;
#4719 = LINE ( 'NONE', #9175, #2698 ) ;
#4720 = EDGE_LOOP ( 'NONE', ( #9274 ) ) ;
#4721 = COLOUR_RGB ( '',0.2509803921568627416, 0.2509803921568627416, 0.2509803921568627416 ) ;
#4722 = PLANE ( 'NONE',  #326 ) ;
#4723 = FACE_OUTER_BOUND ( 'NONE', #7050, .T. ) ;
#4724 = LINE ( 'NONE', #2228, #9023 ) ;
#4725 = EDGE_LOOP ( 'NONE', ( #8195 ) ) ;
#4726 = CARTESIAN_POINT ( 'NONE',  ( -0.5099632742307173006, -0.2250000000000000056, 0.5999999999999999778 ) ) ;
#4727 = EDGE_CURVE ( 'NONE', #1534, #1534, #1835, .T. ) ;
#4728 = DIRECTION ( 'NONE',  ( 1.000000000000000000, 0.000000000000000000, 0.000000000000000000 ) ) ;
#4729 = ADVANCED_FACE ( 'NONE', ( #8701 ), #75, .T. ) ;
#4730 = FILL_AREA_STYLE ('',( #177 ) ) ;
#4731 = STYLED_ITEM ( 'NONE', ( #6160 ), #3019 ) ;
#4732 = DIRECTION ( 'NONE',  ( -0.000000000000000000, -0.000000000000000000, -1.000000000000000000 ) ) ;
#4733 = EDGE_LOOP ( 'NONE', ( #5633 ) ) ;
#4734 = SURFACE_STYLE_FILL_AREA ( #3127 ) ;
#4735 = FACE_OUTER_BOUND ( 'NONE', #6230, .T. ) ;
#4736 = FACE_OUTER_BOUND ( 'NONE', #4030, .T. ) ;
#4737 = UNCERTAINTY_MEASURE_WITH_UNIT (LENGTH_MEASURE( 1.000000000000000082E-05 ), #5661, 'distance_accuracy_value', 'NONE');
#4738 = ADVANCED_FACE ( 'NONE', ( #9182 ), #3073, .F. ) ;
#4739 =( LENGTH_UNIT ( ) NAMED_UNIT ( * ) SI_UNIT ( .MILLI., .METRE. ) );
#4740 = PRESENTATION_LAYER_ASSIGNMENT (  '', '', ( #3235 ) ) ;
#4741 = VECTOR ( 'NONE', #2995, 1000.000000000000000 ) ;
#4742 = PRESENTATION_LAYER_ASSIGNMENT (  '', '', ( #4925 ) ) ;
#4743 =( LENGTH_UNIT ( ) NAMED_UNIT ( * ) SI_UNIT ( .MILLI., .METRE. ) );
#4744 = ORIENTED_EDGE ( 'NONE', *, *, #5297, .F. ) ;
#4745 = COLOUR_RGB ( '',1.000000000000000000, 0.7529411764705882248, 0.7529411764705882248 ) ;
#4746 = PLANE ( 'NONE',  #7434 ) ;
#4747 = FACE_OUTER_BOUND ( 'NONE', #6169, .T. ) ;
#4748 =( NAMED_UNIT ( * ) PLANE_ANGLE_UNIT ( ) SI_UNIT ( $, .RADIAN. ) );
#4749 = ORIENTED_EDGE ( 'NONE', *, *, #1554, .T. ) ;
#4750 = DIRECTION ( 'NONE',  ( 0.000000000000000000, 0.000000000000000000, 1.000000000000000000 ) ) ;
#4751 = AXIS2_PLACEMENT_3D ( 'NONE', #149, #7096, #7960 ) ;
#4752 = DIRECTION ( 'NONE',  ( -1.000000000000000000, 0.000000000000000000, -0.000000000000000000 ) ) ;
#4753 = EDGE_CURVE ( 'NONE', #9819, #9819, #8098, .T. ) ;
#4754 = PRESENTATION_STYLE_ASSIGNMENT (( #3775 ) ) ;
#4755 = MECHANICAL_DESIGN_GEOMETRIC_PRESENTATION_REPRESENTATION (  '', ( #8010 ), #5463 ) ;
#4756 =( LENGTH_UNIT ( ) NAMED_UNIT ( * ) SI_UNIT ( .MILLI., .METRE. ) );
#4757 = DIRECTION ( 'NONE',  ( 0.9956342260592881965, 0.000000000000000000, 0.09334070869305798046 ) ) ;
#4758 = STYLED_ITEM ( 'NONE', ( #3566 ), #8123 ) ;
#4759 = CIRCLE ( 'NONE', #7250, 0.02500000000000002567 ) ;
#4760 = DIRECTION ( 'NONE',  ( 0.000000000000000000, 0.9396926207859105373, 0.3420201433256625512 ) ) ;
#4761 = TOROIDAL_SURFACE ( 'NONE', #6600, 0.04999999999999991951, 0.02500000000000002914 ) ;
#4762 = CARTESIAN_POINT ( 'NONE',  ( 0.3850000000000000089, -0.2250000000000000611, 0.3799999999999999489 ) ) ;
#4763 = MECHANICAL_DESIGN_GEOMETRIC_PRESENTATION_REPRESENTATION (  '', ( #1883 ), #508 ) ;
#4764 = ADVANCED_FACE ( 'NONE', ( #4856, #4279 ), #2071, .T. ) ;
#4765 = CARTESIAN_POINT ( 'NONE',  ( 0.9896446609406726047, -0.6199999999999998845, 0.1599632742307184052 ) ) ;
#4766 = ORIENTED_EDGE ( 'NONE', *, *, #4727, .T. ) ;
#4767 = CARTESIAN_POINT ( 'NONE',  ( 0.1690000000000001779, -0.5949999999999997513, 0.4799999999999999822 ) ) ;
#4768 = LINE ( 'NONE', #1606, #2748 ) ;
#4769 = AXIS2_PLACEMENT_3D ( 'NONE', #7159, #7127, #4101 ) ;
#4770 = VECTOR ( 'NONE', #5221, 1000.000000000000114 ) ;
#4771 = FILL_AREA_STYLE_COLOUR ( '', #2948 ) ;
#4772 = PLANE ( 'NONE',  #8948 ) ;
#4773 =( GEOMETRIC_REPRESENTATION_CONTEXT ( 3 ) GLOBAL_UNCERTAINTY_ASSIGNED_CONTEXT ( ( #4250 ) ) GLOBAL_UNIT_ASSIGNED_CONTEXT ( ( #6353, #9333, #7892 ) ) REPRESENTATION_CONTEXT ( 'NONE', 'WORKASPACE' ) );
#4774 = DIRECTION ( 'NONE',  ( 1.000000000000000000, 0.000000000000000000, 0.000000000000000000 ) ) ;
#4775 = EDGE_LOOP ( 'NONE', ( #6960 ) ) ;
#4776 =( GEOMETRIC_REPRESENTATION_CONTEXT ( 3 ) GLOBAL_UNCERTAINTY_ASSIGNED_CONTEXT ( ( #3414 ) ) GLOBAL_UNIT_ASSIGNED_CONTEXT ( ( #893, #8507, #3931 ) ) REPRESENTATION_CONTEXT ( 'NONE', 'WORKASPACE' ) );
#4777 = DIRECTION ( 'NONE',  ( -0.000000000000000000, -1.000000000000000000, -0.000000000000000000 ) ) ;
#4778 = VECTOR ( 'NONE', #6365, 1000.000000000000000 ) ;
#4779 = ORIENTED_EDGE ( 'NONE', *, *, #4074, .T. ) ;
#4780 = EDGE_LOOP ( 'NONE', ( #4766 ) ) ;
#4781 = DIRECTION ( 'NONE',  ( 0.000000000000000000, 1.000000000000000000, 0.000000000000000000 ) ) ;
#4782 = DIRECTION ( 'NONE',  ( 0.000000000000000000, 0.000000000000000000, 1.000000000000000000 ) ) ;
#4783 = EDGE_CURVE ( 'NONE', #2221, #4544, #7381, .T. ) ;
#4784 = AXIS2_PLACEMENT_3D ( 'NONE', #7586, #7550, #5971 ) ;
#4785 = ADVANCED_FACE ( 'NONE', ( #4151, #2191 ), #9510, .T. ) ;
#4786 = ORIENTED_EDGE ( 'NONE', *, *, #7165, .F. ) ;
#4787 = LINE ( 'NONE', #6896, #3040 ) ;
#4788 =( NAMED_UNIT ( * ) PLANE_ANGLE_UNIT ( ) SI_UNIT ( $, .RADIAN. ) );
#4789 = VERTEX_POINT ( 'NONE', #7239 ) ;
#4790 =( LENGTH_UNIT ( ) NAMED_UNIT ( * ) SI_UNIT ( .MILLI., .METRE. ) );
#4791 = SURFACE_SIDE_STYLE ('',( #9374 ) ) ;
#4792 = DIRECTION ( 'NONE',  ( -1.000000000000000000, 0.000000000000000000, -0.000000000000000000 ) ) ;
#4793 = FILL_AREA_STYLE_COLOUR ( '', #7944 ) ;
#4794 = DIRECTION ( 'NONE',  ( 1.000000000000000000, 0.000000000000000000, 0.000000000000000000 ) ) ;
#4795 = CARTESIAN_POINT ( 'NONE',  ( -0.03799999999999989497, -0.2250000000000000611, -0.3799999999999999489 ) ) ;
#4796 = EDGE_LOOP ( 'NONE', ( #6942 ) ) ;
#4797 = EDGE_CURVE ( 'NONE', #9238, #9238, #2987, .T. ) ;
#4798 = CARTESIAN_POINT ( 'NONE',  ( -1.000000000000000000, -0.1999999999999999833, 0.5999999999999999778 ) ) ;
#4799 = AXIS2_PLACEMENT_3D ( 'NONE', #720, #2940, #3604 ) ;
#4800 = ORIENTED_EDGE ( 'NONE', *, *, #4412, .F. ) ;
#4801 =( NAMED_UNIT ( * ) SI_UNIT ( $, .STERADIAN. ) SOLID_ANGLE_UNIT ( ) );
#4802 = AXIS2_PLACEMENT_3D ( 'NONE', #405, #3496, #4299 ) ;
#4803 = VECTOR ( 'NONE', #2367, 1000.000000000000000 ) ;
#4804 = DIRECTION ( 'NONE',  ( 0.000000000000000000, 0.000000000000000000, 1.000000000000000000 ) ) ;
#4805 = VERTEX_POINT ( 'NONE', #591 ) ;
#4806 = CYLINDRICAL_SURFACE ( 'NONE', #9037, 0.02500000000000006384 ) ;
#4807 =( NAMED_UNIT ( * ) SI_UNIT ( $, .STERADIAN. ) SOLID_ANGLE_UNIT ( ) );
#4808 = FILL_AREA_STYLE_COLOUR ( '', #3325 ) ;
#4809 = EDGE_CURVE ( 'NONE', #558, #9288, #6290, .T. ) ;
#4810 = CARTESIAN_POINT ( 'NONE',  ( -0.2146670354346539300, -0.6449999999999997957, -0.4302182886970357667 ) ) ;
#4811 = STYLED_ITEM ( 'NONE', ( #272 ), #315 ) ;
#4812 = SURFACE_SIDE_STYLE ('',( #8979 ) ) ;
#4813 = MECHANICAL_DESIGN_GEOMETRIC_PRESENTATION_REPRESENTATION (  '', ( #772 ), #2313 ) ;
#4814 = VERTEX_POINT ( 'NONE', #994 ) ;
#4815 =( GEOMETRIC_REPRESENTATION_CONTEXT ( 3 ) GLOBAL_UNCERTAINTY_ASSIGNED_CONTEXT ( ( #7077 ) ) GLOBAL_UNIT_ASSIGNED_CONTEXT ( ( #3025, #920, #7772 ) ) REPRESENTATION_CONTEXT ( 'NONE', 'WORKASPACE' ) );
#4816 = CARTESIAN_POINT ( 'NONE',  ( 0.5203186132900448069, -0.2000000000000000389, 0.4396446609406725603 ) ) ;
#4817 = DIRECTION ( 'NONE',  ( 1.000000000000000000, 0.000000000000000000, 0.000000000000000000 ) ) ;
#4818 = UNCERTAINTY_MEASURE_WITH_UNIT (LENGTH_MEASURE( 1.000000000000000082E-05 ), #7192, 'distance_accuracy_value', 'NONE');
#4819 = CARTESIAN_POINT ( 'NONE',  ( 0.5349632742307174338, -0.1999999999999999833, -0.5749999999999998446 ) ) ;
#4820 = CARTESIAN_POINT ( 'NONE',  ( -1.000000000000000000, -0.2000000000000000111, -0.5999999999999999778 ) ) ;
#4821 = MECHANICAL_DESIGN_GEOMETRIC_PRESENTATION_REPRESENTATION (  '', ( #5343 ), #1943 ) ;
#4822 = VERTEX_POINT ( 'NONE', #8640 ) ;
#4823 = PRESENTATION_STYLE_ASSIGNMENT (( #1986 ) ) ;
#4824 = CARTESIAN_POINT ( 'NONE',  ( 0.2300000000000001488, -0.2250000000000000611, 0.4299999999999999378 ) ) ;
#4825 = STYLED_ITEM ( 'NONE', ( #3332 ), #1461 ) ;
#4826 =( NAMED_UNIT ( * ) SI_UNIT ( $, .STERADIAN. ) SOLID_ANGLE_UNIT ( ) );
#4827 = AXIS2_PLACEMENT_3D ( 'NONE', #1001, #1793, #3970 ) ;
#4828 = PRESENTATION_LAYER_ASSIGNMENT (  '', '', ( #1162 ) ) ;
#4829 = CYLINDRICAL_SURFACE ( 'NONE', #7663, 0.02500000000000006384 ) ;
#4830 = DIRECTION ( 'NONE',  ( 1.000000000000000000, 0.000000000000000000, -0.000000000000000000 ) ) ;
#4831 = ADVANCED_FACE ( 'NONE', ( #21, #3324 ), #2859, .T. ) ;
#4832 = CARTESIAN_POINT ( 'NONE',  ( -0.5349632742307173228, -0.1999999999999999833, -0.5749999999999998446 ) ) ;
#4833 = EDGE_CURVE ( 'NONE', #5420, #5420, #5232, .T. ) ;
#4834 = PRESENTATION_STYLE_ASSIGNMENT (( #7806 ) ) ;
#4835 = EDGE_LOOP ( 'NONE', ( #7003 ) ) ;
#4836 = EDGE_LOOP ( 'NONE', ( #5222, #6308, #1361, #7324 ) ) ;
#4837 =( NAMED_UNIT ( * ) SI_UNIT ( $, .STERADIAN. ) SOLID_ANGLE_UNIT ( ) );
#4838 = AXIS2_PLACEMENT_3D ( 'NONE', #2696, #5059, #9621 ) ;
#4839 = TOROIDAL_SURFACE ( 'NONE', #6485, 0.05000000000000002359, 0.02500000000000002914 ) ;
#4840 = FACE_OUTER_BOUND ( 'NONE', #1825, .T. ) ;
#4841 = DIRECTION ( 'NONE',  ( -1.000000000000000000, 0.000000000000000000, 0.000000000000000000 ) ) ;
#4842 = EDGE_CURVE ( 'NONE', #5569, #5296, #8082, .T. ) ;
#4843 = SURFACE_SIDE_STYLE ('',( #9701 ) ) ;
#4844 = UNCERTAINTY_MEASURE_WITH_UNIT (LENGTH_MEASURE( 1.000000000000000082E-05 ), #7544, 'distance_accuracy_value', 'NONE');
#4845 =( GEOMETRIC_REPRESENTATION_CONTEXT ( 3 ) GLOBAL_UNCERTAINTY_ASSIGNED_CONTEXT ( ( #6505 ) ) GLOBAL_UNIT_ASSIGNED_CONTEXT ( ( #9267, #6229, #1712 ) ) REPRESENTATION_CONTEXT ( 'NONE', 'WORKASPACE' ) );
#4846 = FILL_AREA_STYLE ('',( #1814 ) ) ;
#4847 =( GEOMETRIC_REPRESENTATION_CONTEXT ( 3 ) GLOBAL_UNCERTAINTY_ASSIGNED_CONTEXT ( ( #7969 ) ) GLOBAL_UNIT_ASSIGNED_CONTEXT ( ( #7610, #3055, #3787 ) ) REPRESENTATION_CONTEXT ( 'NONE', 'WORKASPACE' ) );
#4848 = DIRECTION ( 'NONE',  ( -0.000000000000000000, -0.000000000000000000, 1.000000000000000000 ) ) ;
#4849 = FILL_AREA_STYLE ('',( #4089 ) ) ;
#4850 = CARTESIAN_POINT ( 'NONE',  ( 0.4099999999999999756, -0.5999999999999998668, 0.4799999999999999822 ) ) ;
#4851 = VECTOR ( 'NONE', #2200, 1000.000000000000000 ) ;
#4852 = EDGE_LOOP ( 'NONE', ( #8074, #6889, #7000, #5985 ) ) ;
#4853 = CARTESIAN_POINT ( 'NONE',  ( -0.5099632742307174116, -0.6199999999999998845, 0.5999999999999999778 ) ) ;
#4854 = CARTESIAN_POINT ( 'NONE',  ( 0.09400000000000005573, -0.2750000000000000777, 0.4299999999999999378 ) ) ;
#4855 = PRESENTATION_LAYER_ASSIGNMENT (  '', '', ( #2310 ) ) ;
#4856 = FACE_OUTER_BOUND ( 'NONE', #6652, .T. ) ;
#4857 = PRESENTATION_LAYER_ASSIGNMENT (  '', '', ( #4371 ) ) ;
#4858 = DIRECTION ( 'NONE',  ( 0.9336413089640335228, 0.000000000000000000, -0.3582093050102498344 ) ) ;
#4859 = ADVANCED_FACE ( 'NONE', ( #5829 ), #535, .T. ) ;
#4860 = COLOUR_RGB ( '',0.2509803921568627416, 0.2509803921568627416, 0.2509803921568627416 ) ;
#4861 = ADVANCED_FACE ( 'NONE', ( #4625, #2059 ), #728, .T. ) ;
#4862 = EDGE_LOOP ( 'NONE', ( #7596 ) ) ;
#4863 = PRESENTATION_LAYER_ASSIGNMENT (  '', '', ( #446 ) ) ;
#4864 = ORIENTED_EDGE ( 'NONE', *, *, #7027, .T. ) ;
#4865 = SURFACE_STYLE_FILL_AREA ( #7068 ) ;
#4866 = UNCERTAINTY_MEASURE_WITH_UNIT (LENGTH_MEASURE( 1.000000000000000082E-05 ), #1635, 'distance_accuracy_value', 'NONE');
#4867 = CARTESIAN_POINT ( 'NONE',  ( -0.03799999999999989497, -0.2250000000000000611, -0.4299999999999999933 ) ) ;
#4868 = UNCERTAINTY_MEASURE_WITH_UNIT (LENGTH_MEASURE( 1.000000000000000082E-05 ), #2218, 'distance_accuracy_value', 'NONE');
#4869 = FILL_AREA_STYLE_COLOUR ( '', #184 ) ;
#4870 = AXIS2_PLACEMENT_3D ( 'NONE', #7750, #8770, #1195 ) ;
#4871 = SURFACE_SIDE_STYLE ('',( #9081 ) ) ;
#4872 = EDGE_LOOP ( 'NONE', ( #9246 ) ) ;
#4873 = STYLED_ITEM ( 'NONE', ( #7018 ), #1357 ) ;
#4874 = CARTESIAN_POINT ( 'NONE',  ( -0.5099632742307173006, -0.2250000000000000056, 0.5999999999999999778 ) ) ;
#4875 =( GEOMETRIC_REPRESENTATION_CONTEXT ( 3 ) GLOBAL_UNCERTAINTY_ASSIGNED_CONTEXT ( ( #2001 ) ) GLOBAL_UNIT_ASSIGNED_CONTEXT ( ( #4066, #9407, #7069 ) ) REPRESENTATION_CONTEXT ( 'NONE', 'WORKASPACE' ) );
#4876 = FILL_AREA_STYLE ('',( #4125 ) ) ;
#4877 = DIRECTION ( 'NONE',  ( 0.000000000000000000, 0.000000000000000000, -1.000000000000000000 ) ) ;
#4878 = STYLED_ITEM ( 'NONE', ( #1273 ), #5969 ) ;
#4879 = EDGE_LOOP ( 'NONE', ( #1501, #9568, #2349, #3037 ) ) ;
#4880 = CARTESIAN_POINT ( 'NONE',  ( 0.06244922323716996931, -0.6426664822826733126, 0.4325416188035217102 ) ) ;
#4881 =( NAMED_UNIT ( * ) PLANE_ANGLE_UNIT ( ) SI_UNIT ( $, .RADIAN. ) );
#4882 = CYLINDRICAL_SURFACE ( 'NONE', #1704, 0.02499999999999995628 ) ;
#4883 =( LENGTH_UNIT ( ) NAMED_UNIT ( * ) SI_UNIT ( .MILLI., .METRE. ) );
#4884 = COLOUR_RGB ( '',1.000000000000000000, 0.7529411764705882248, 0.7529411764705882248 ) ;
#4885 = FILL_AREA_STYLE_COLOUR ( '', #4647 ) ;
#4886 = SURFACE_SIDE_STYLE ('',( #2600 ) ) ;
#4887 = SURFACE_SIDE_STYLE ('',( #466 ) ) ;
#4888 =( NAMED_UNIT ( * ) SI_UNIT ( $, .STERADIAN. ) SOLID_ANGLE_UNIT ( ) );
#4889 = PRESENTATION_LAYER_ASSIGNMENT (  '', '', ( #2089 ) ) ;
#4890 = FILL_AREA_STYLE ('',( #4201 ) ) ;
#4891 = MECHANICAL_DESIGN_GEOMETRIC_PRESENTATION_REPRESENTATION (  '', ( #2350 ), #3327 ) ;
#4892 = PRESENTATION_STYLE_ASSIGNMENT (( #477 ) ) ;
#4893 = DIRECTION ( 'NONE',  ( 0.000000000000000000, 0.000000000000000000, 1.000000000000000000 ) ) ;
#4894 = ORIENTED_EDGE ( 'NONE', *, *, #8116, .T. ) ;
#4895 = CIRCLE ( 'NONE', #6396, 0.02499999999999995628 ) ;
#4896 = CARTESIAN_POINT ( 'NONE',  ( 0.5099632742307173006, -0.1999999999999999833, -0.4500000000000000111 ) ) ;
#4897 = EDGE_LOOP ( 'NONE', ( #7895 ) ) ;
#4898 = DIRECTION ( 'NONE',  ( -0.000000000000000000, -0.000000000000000000, -1.000000000000000000 ) ) ;
#4899 = COLOUR_RGB ( '',1.000000000000000000, 0.7529411764705882248, 0.7529411764705882248 ) ;
#4900 = VERTEX_POINT ( 'NONE', #8322 ) ;
#4901 = EDGE_CURVE ( 'NONE', #781, #1859, #6530, .T. ) ;
#4902 = FILL_AREA_STYLE_COLOUR ( '', #1016 ) ;
#4903 = PRESENTATION_LAYER_ASSIGNMENT (  '', '', ( #3445 ) ) ;
#4904 = PRESENTATION_STYLE_ASSIGNMENT (( #1507 ) ) ;
#4905 = CARTESIAN_POINT ( 'NONE',  ( -1.000000000000000000, 0.000000000000000000, 0.5999999999999999778 ) ) ;
#4906 = ORIENTED_EDGE ( 'NONE', *, *, #9072, .F. ) ;
#4907 = ADVANCED_FACE ( 'NONE', ( #8814, #8338 ), #7006, .T. ) ;
#4908 = DIRECTION ( 'NONE',  ( 1.000000000000000000, 0.000000000000000000, -0.000000000000000000 ) ) ;
#4909 = LINE ( 'NONE', #2474, #7179 ) ;
#4910 = FILL_AREA_STYLE ('',( #8059 ) ) ;
#4911 = CARTESIAN_POINT ( 'NONE',  ( -0.1489999999999999103, -0.2250000000000000611, -0.4299999999999999933 ) ) ;
#4912 = ORIENTED_EDGE ( 'NONE', *, *, #1468, .F. ) ;
#4913 = ADVANCED_FACE ( 'NONE', ( #2976, #3430 ), #7740, .T. ) ;
#4914 = MANIFOLD_SOLID_BREP ( 'Sweep3', #1710 ) ;
#4915 =( NAMED_UNIT ( * ) SI_UNIT ( $, .STERADIAN. ) SOLID_ANGLE_UNIT ( ) );
#4916 = CARTESIAN_POINT ( 'NONE',  ( 0.4350000000000000533, -0.6499999999999999112, -0.3750000000000001110 ) ) ;
#4917 = DIRECTION ( 'NONE',  ( 1.000000000000000000, 0.000000000000000000, 0.000000000000000000 ) ) ;
#4918 = MECHANICAL_DESIGN_GEOMETRIC_PRESENTATION_REPRESENTATION (  '', ( #749 ), #1069 ) ;
#4919 = EDGE_LOOP ( 'NONE', ( #238 ) ) ;
#4920 = PRESENTATION_STYLE_ASSIGNMENT (( #4274 ) ) ;
#4921 = VERTEX_POINT ( 'NONE', #3517 ) ;
#4922 = FACE_OUTER_BOUND ( 'NONE', #884, .T. ) ;
#4923 = SURFACE_STYLE_USAGE ( .BOTH. , #5842 ) ;
#4924 = EDGE_LOOP ( 'NONE', ( #6920 ) ) ;
#4925 = STYLED_ITEM ( 'NONE', ( #4698 ), #7055 ) ;
#4926 = DIRECTION ( 'NONE',  ( -1.084202172485504434E-15, 0.000000000000000000, -1.000000000000000000 ) ) ;
#4927 =( BOUNDED_CURVE ( )  B_SPLINE_CURVE ( 3, ( #4832, #7033, #223, #6247 ),
 .UNSPECIFIED., .F., .T. ) 
 B_SPLINE_CURVE_WITH_KNOTS ( ( 4, 4 ),
 ( 4.712388980384689674, 6.283185307179586232 ),
 .UNSPECIFIED. ) 
 CURVE ( )  GEOMETRIC_REPRESENTATION_ITEM ( )  RATIONAL_B_SPLINE_CURVE ( ( 1.000000000000000000, 0.8047378541243649375, 0.8047378541243649375, 1.000000000000000000 ) ) 
 REPRESENTATION_ITEM ( '' )  );
#4928 = ADVANCED_FACE ( 'NONE', ( #8, #9626 ), #9504, .T. ) ;
#4929 = COLOUR_RGB ( '',1.000000000000000000, 0.7529411764705882248, 0.7529411764705882248 ) ;
#4930 = ORIENTED_EDGE ( 'NONE', *, *, #3101, .T. ) ;
#4931 = SURFACE_STYLE_USAGE ( .BOTH. , #4172 ) ;
#4932 = EDGE_LOOP ( 'NONE', ( #3981 ) ) ;
#4933 = SURFACE_STYLE_USAGE ( .BOTH. , #4174 ) ;
#4934 = EDGE_CURVE ( 'NONE', #909, #909, #364, .T. ) ;
#4935 = SURFACE_STYLE_USAGE ( .BOTH. , #8754 ) ;
#4936 = AXIS2_PLACEMENT_3D ( 'NONE', #9099, #6901, #6805 ) ;
#4937 = CARTESIAN_POINT ( 'NONE',  ( -1.000000000000000000, -0.2000000000000000111, 0.5999999999999999778 ) ) ;
#4938 = PRESENTATION_LAYER_ASSIGNMENT (  '', '', ( #3136 ) ) ;
#4939 = UNCERTAINTY_MEASURE_WITH_UNIT (LENGTH_MEASURE( 1.000000000000000082E-05 ), #1184, 'distance_accuracy_value', 'NONE');
#4940 = VECTOR ( 'NONE', #5255, 1000.000000000000114 ) ;
#4941 = AXIS2_PLACEMENT_3D ( 'NONE', #6615, #3562, #534 ) ;
#4942 = DIRECTION ( 'NONE',  ( -1.000000000000000000, 0.000000000000000000, 0.000000000000000000 ) ) ;
#4943 = PRESENTATION_STYLE_ASSIGNMENT (( #2355 ) ) ;
#4944 = CIRCLE ( 'NONE', #8968, 0.02500000000000002567 ) ;
#4945 = PRESENTATION_STYLE_ASSIGNMENT (( #7060 ) ) ;
#4946 = FILL_AREA_STYLE_COLOUR ( '', #1756 ) ;
#4947 = SURFACE_STYLE_USAGE ( .BOTH. , #3767 ) ;
#4948 = CYLINDRICAL_SURFACE ( 'NONE', #2736, 0.02499999999999995628 ) ;
#4949 = STYLED_ITEM ( 'NONE', ( #7602 ), #5241 ) ;
#4950 = LINE ( 'NONE', #3956, #6510 ) ;
#4951 = CARTESIAN_POINT ( 'NONE',  ( -0.2599999999999998979, -0.2750000000000000222, -0.4800000000000000377 ) ) ;
#4952 = CARTESIAN_POINT ( 'NONE',  ( -0.3250000000000000111, -0.2250000000000000611, 0.4299999999999999378 ) ) ;
#4953 = FACE_OUTER_BOUND ( 'NONE', #712, .T. ) ;
#4954 = FACE_OUTER_BOUND ( 'NONE', #6665, .T. ) ;
#4955 = PRESENTATION_STYLE_ASSIGNMENT (( #4947 ) ) ;
#4956 = DIRECTION ( 'NONE',  ( -0.09334070869305818863, 0.000000000000000000, 0.9956342260592880855 ) ) ;
#4957 = DIRECTION ( 'NONE',  ( 0.000000000000000000, 0.000000000000000000, -1.000000000000000000 ) ) ;
#4958 = EDGE_LOOP ( 'NONE', ( #6208, #5798, #7852, #726 ) ) ;
#4959 = STYLED_ITEM ( 'NONE', ( #5825 ), #9184 ) ;
#4960 = MECHANICAL_DESIGN_GEOMETRIC_PRESENTATION_REPRESENTATION (  '', ( #7733 ), #4462 ) ;
#4961 = DIRECTION ( 'NONE',  ( 1.000000000000000000, 0.000000000000000000, 0.000000000000000000 ) ) ;
#4962 = PRESENTATION_STYLE_ASSIGNMENT (( #8038 ) ) ;
#4963 = CARTESIAN_POINT ( 'NONE',  ( -0.1889999999999999458, -0.2250000000000000611, 0.4299999999999999378 ) ) ;
#4964 =( NAMED_UNIT ( * ) PLANE_ANGLE_UNIT ( ) SI_UNIT ( $, .RADIAN. ) );
#4965 =( LENGTH_UNIT ( ) NAMED_UNIT ( * ) SI_UNIT ( .MILLI., .METRE. ) );
#4966 = FACE_OUTER_BOUND ( 'NONE', #5279, .T. ) ;
#4967 = DIRECTION ( 'NONE',  ( -0.9956342260592881965, -0.000000000000000000, -0.09334070869305820251 ) ) ;
#4968 = ADVANCED_FACE ( 'NONE', ( #2405, #356 ), #4839, .T. ) ;
#4969 = DIRECTION ( 'NONE',  ( 1.000000000000000000, 0.000000000000000000, 0.000000000000000000 ) ) ;
#4970 = ORIENTED_EDGE ( 'NONE', *, *, #1079, .F. ) ;
#4971 = STYLED_ITEM ( 'NONE', ( #5898 ), #2909 ) ;
#4972 = FILL_AREA_STYLE_COLOUR ( '', #8599 ) ;
#4973 = COLOUR_RGB ( '',1.000000000000000000, 1.000000000000000000, 1.000000000000000000 ) ;
#4974 = PRESENTATION_STYLE_ASSIGNMENT (( #6105 ) ) ;
#4975 = CARTESIAN_POINT ( 'NONE',  ( 1.000000000000000000, -0.2249999999999999500, -0.5999999999999999778 ) ) ;
#4976 =( GEOMETRIC_REPRESENTATION_CONTEXT ( 3 ) GLOBAL_UNCERTAINTY_ASSIGNED_CONTEXT ( ( #2687 ) ) GLOBAL_UNIT_ASSIGNED_CONTEXT ( ( #78, #1531, #806 ) ) REPRESENTATION_CONTEXT ( 'NONE', 'WORKASPACE' ) );
#4977 = UNCERTAINTY_MEASURE_WITH_UNIT (LENGTH_MEASURE( 1.000000000000000082E-05 ), #2461, 'distance_accuracy_value', 'NONE');
#4978 = DIRECTION ( 'NONE',  ( 1.000000000000000000, -5.288791085295138602E-16, -2.115516434118055441E-15 ) ) ;
#4979 = CARTESIAN_POINT ( 'NONE',  ( 0.5499999999999999334, -0.7299999999999999822, -0.6000000000000000888 ) ) ;
#4980 = SURFACE_STYLE_USAGE ( .BOTH. , #2693 ) ;
#4981 = ORIENTED_EDGE ( 'NONE', *, *, #7978, .T. ) ;
#4982 = DIRECTION ( 'NONE',  ( -1.000000000000000000, -0.000000000000000000, -0.000000000000000000 ) ) ;
#4983 = EDGE_CURVE ( 'NONE', #7072, #7072, #7734, .T. ) ;
#4984 = SURFACE_STYLE_USAGE ( .BOTH. , #4222 ) ;
#4985 = COLOUR_RGB ( '',1.000000000000000000, 0.7529411764705882248, 0.7529411764705882248 ) ;
#4986 = SURFACE_STYLE_USAGE ( .BOTH. , #4188 ) ;
#4987 = ORIENTED_EDGE ( 'NONE', *, *, #7246, .F. ) ;
#4988 = CARTESIAN_POINT ( 'NONE',  ( -0.1595507767628300544, -0.6426664822826733126, 0.4325416188035216547 ) ) ;
#4989 = EDGE_LOOP ( 'NONE', ( #5677 ) ) ;
#4990 = FILL_AREA_STYLE_COLOUR ( '', #7012 ) ;
#4991 = PRESENTATION_STYLE_ASSIGNMENT (( #938 ) ) ;
#4992 = SURFACE_SIDE_STYLE ('',( #6927 ) ) ;
#4993 = SURFACE_SIDE_STYLE ('',( #6502 ) ) ;
#4994 = CARTESIAN_POINT ( 'NONE',  ( 0.000000000000000000, 0.000000000000000000, -0.5999999999999999778 ) ) ;
#4995 = CARTESIAN_POINT ( 'NONE',  ( 0.5349632742307174338, -0.1999999999999999833, 0.4249999999999999889 ) ) ;
#4996 = ORIENTED_EDGE ( 'NONE', *, *, #3220, .F. ) ;
#4997 =( LENGTH_UNIT ( ) NAMED_UNIT ( * ) SI_UNIT ( .MILLI., .METRE. ) );
#4998 = EDGE_CURVE ( 'NONE', #8714, #1749, #592, .T. ) ;
#4999 = UNCERTAINTY_MEASURE_WITH_UNIT (LENGTH_MEASURE( 1.000000000000000082E-05 ), #6818, 'distance_accuracy_value', 'NONE');
#5000 = DIRECTION ( 'NONE',  ( 0.9912875121006776702, 0.09334070869305804985, 0.09293320425943860097 ) ) ;
#5001 = MECHANICAL_DESIGN_GEOMETRIC_PRESENTATION_REPRESENTATION (  '', ( #8720 ), #6535 ) ;
#5002 = ADVANCED_FACE ( 'NONE', ( #7225 ), #3937, .F. ) ;
#5003 = AXIS2_PLACEMENT_3D ( 'NONE', #9823, #3863, #2495 ) ;
#5004 = CARTESIAN_POINT ( 'NONE',  ( -0.9999999999999995559, -0.7299999999999999822, -0.1999999999999998723 ) ) ;
#5005 = SURFACE_STYLE_FILL_AREA ( #3157 ) ;
#5006 = ORIENTED_EDGE ( 'NONE', *, *, #6170, .F. ) ;
#5007 = FACE_OUTER_BOUND ( 'NONE', #7582, .T. ) ;
#5008 = DIRECTION ( 'NONE',  ( -0.000000000000000000, -0.000000000000000000, -1.000000000000000000 ) ) ;
#5009 = COLOUR_RGB ( '',1.000000000000000000, 0.7529411764705882248, 0.7529411764705882248 ) ;
#5010 = SURFACE_SIDE_STYLE ('',( #7299 ) ) ;
#5011 = LINE ( 'NONE', #6273, #2644 ) ;
#5012 =( GEOMETRIC_REPRESENTATION_CONTEXT ( 3 ) GLOBAL_UNCERTAINTY_ASSIGNED_CONTEXT ( ( #8128 ) ) GLOBAL_UNIT_ASSIGNED_CONTEXT ( ( #4386, #9714, #5919 ) ) REPRESENTATION_CONTEXT ( 'NONE', 'WORKASPACE' ) );
#5013 =( NAMED_UNIT ( * ) SI_UNIT ( $, .STERADIAN. ) SOLID_ANGLE_UNIT ( ) );
#5014 = EDGE_LOOP ( 'NONE', ( #6319, #5821, #161, #9026 ) ) ;
#5015 = ADVANCED_FACE ( 'NONE', ( #1688 ), #467, .F. ) ;
#5016 = CYLINDRICAL_SURFACE ( 'NONE', #6684, 0.02499999999999995628 ) ;
#5017 = AXIS2_PLACEMENT_3D ( 'NONE', #1755, #8676, #7272 ) ;
#5018 = DIRECTION ( 'NONE',  ( -0.000000000000000000, 1.000000000000000000, -0.000000000000000000 ) ) ;
#5019 = ORIENTED_EDGE ( 'NONE', *, *, #6644, .T. ) ;
#5020 = FILL_AREA_STYLE_COLOUR ( '', #4899 ) ;
#5021 = FACE_OUTER_BOUND ( 'NONE', #4897, .T. ) ;
#5022 = STYLED_ITEM ( 'NONE', ( #7520 ), #8716 ) ;
#5023 = DIRECTION ( 'NONE',  ( 1.000000000000000000, 0.000000000000000000, 0.000000000000000000 ) ) ;
#5024 = PRESENTATION_LAYER_ASSIGNMENT (  '', '', ( #4707 ) ) ;
#5025 = DIRECTION ( 'NONE',  ( -0.000000000000000000, -1.000000000000000000, -0.000000000000000000 ) ) ;
#5026 = CARTESIAN_POINT ( 'NONE',  ( -0.01343562439496598024, -0.5949999999999998623, -0.4753533397870280952 ) ) ;
#5027 = VERTEX_POINT ( 'NONE', #1204 ) ;
#5028 =( NAMED_UNIT ( * ) PLANE_ANGLE_UNIT ( ) SI_UNIT ( $, .RADIAN. ) );
#5029 = SURFACE_SIDE_STYLE ('',( #1047 ) ) ;
#5030 = PRESENTATION_STYLE_ASSIGNMENT (( #5955 ) ) ;
#5031 = EDGE_LOOP ( 'NONE', ( #3936 ) ) ;
#5032 =( LENGTH_UNIT ( ) NAMED_UNIT ( * ) SI_UNIT ( .MILLI., .METRE. ) );
#5033 = EDGE_CURVE ( 'NONE', #1022, #1022, #8791, .T. ) ;
#5034 = DIRECTION ( 'NONE',  ( -1.000000000000000000, 0.000000000000000000, 0.000000000000000000 ) ) ;
#5035 = AXIS2_PLACEMENT_3D ( 'NONE', #371, #1206, #4926 ) ;
#5036 = DIRECTION ( 'NONE',  ( 0.000000000000000000, 0.000000000000000000, 1.000000000000000000 ) ) ;
#5037 = VERTEX_POINT ( 'NONE', #9044 ) ;
#5038 = ADVANCED_FACE ( 'NONE', ( #8552, #6514 ), #7613, .T. ) ;
#5039 = SURFACE_SIDE_STYLE ('',( #5841 ) ) ;
#5040 = CYLINDRICAL_SURFACE ( 'NONE', #2163, 0.02500000000000004302 ) ;
#5041 = UNCERTAINTY_MEASURE_WITH_UNIT (LENGTH_MEASURE( 1.000000000000000082E-05 ), #5162, 'distance_accuracy_value', 'NONE');
#5042 = EDGE_LOOP ( 'NONE', ( #7532 ) ) ;
#5043 = VECTOR ( 'NONE', #4152, 1000.000000000000000 ) ;
#5044 = FILL_AREA_STYLE ('',( #2794 ) ) ;
#5045 = FILL_AREA_STYLE ('',( #377 ) ) ;
#5046 = FACE_OUTER_BOUND ( 'NONE', #5126, .T. ) ;
#5047 = DIRECTION ( 'NONE',  ( -0.000000000000000000, -0.000000000000000000, -1.000000000000000000 ) ) ;
#5048 = ORIENTED_EDGE ( 'NONE', *, *, #8248, .T. ) ;
#5049 = PRESENTATION_STYLE_ASSIGNMENT (( #54 ) ) ;
#5050 = EDGE_CURVE ( 'NONE', #193, #1076, #8909, .T. ) ;
#5051 = VERTEX_POINT ( 'NONE', #2088 ) ;
#5052 = AXIS2_PLACEMENT_3D ( 'NONE', #2400, #2278, #758 ) ;
#5053 = ORIENTED_EDGE ( 'NONE', *, *, #2098, .F. ) ;
#5054 = MANIFOLD_SOLID_BREP ( 'LPattern1[7]', #1398 ) ;
#5055 =( NAMED_UNIT ( * ) PLANE_ANGLE_UNIT ( ) SI_UNIT ( $, .RADIAN. ) );
#5056 = SURFACE_STYLE_FILL_AREA ( #9856 ) ;
#5057 = CARTESIAN_POINT ( 'NONE',  ( 0.03300000000000009870, -0.2250000000000000611, 0.3799999999999999489 ) ) ;
#5058 =( LENGTH_UNIT ( ) NAMED_UNIT ( * ) SI_UNIT ( .MILLI., .METRE. ) );
#5059 = DIRECTION ( 'NONE',  ( 0.000000000000000000, 0.000000000000000000, 1.000000000000000000 ) ) ;
#5060 = VERTEX_POINT ( 'NONE', #9493 ) ;
#5061 = EDGE_LOOP ( 'NONE', ( #8604 ) ) ;
#5062 = CARTESIAN_POINT ( 'NONE',  ( 0.4099999999999999756, -0.2250000000000000611, 0.4299999999999999378 ) ) ;
#5063 = CARTESIAN_POINT ( 'NONE',  ( 1.000000000000000444, -0.6199999999999998845, -0.1599632742307184052 ) ) ;
#5064 =( GEOMETRIC_REPRESENTATION_CONTEXT ( 3 ) GLOBAL_UNCERTAINTY_ASSIGNED_CONTEXT ( ( #3947 ) ) GLOBAL_UNIT_ASSIGNED_CONTEXT ( ( #4683, #9218, #4652 ) ) REPRESENTATION_CONTEXT ( 'NONE', 'WORKASPACE' ) );
#5065 = CARTESIAN_POINT ( 'NONE',  ( -0.9999999999999995559, -0.9000000000000000222, -0.1999999999999998723 ) ) ;
#5066 = AXIS2_PLACEMENT_3D ( 'NONE', #2337, #3052, #1836 ) ;
#5067 = VECTOR ( 'NONE', #7259, 1000.000000000000000 ) ;
#5068 = EDGE_LOOP ( 'NONE', ( #5186 ) ) ;
#5069 = FILL_AREA_STYLE_COLOUR ( '', #498 ) ;
#5070 = PRESENTATION_LAYER_ASSIGNMENT (  '', '', ( #5395 ) ) ;
#5071 = FILL_AREA_STYLE_COLOUR ( '', #5131 ) ;
#5072 = PRESENTATION_STYLE_ASSIGNMENT (( #9526 ) ) ;
#5073 = SURFACE_STYLE_FILL_AREA ( #2125 ) ;
#5074 = DIRECTION ( 'NONE',  ( 0.000000000000000000, 0.000000000000000000, 1.000000000000000000 ) ) ;
#5075 = ORIENTED_EDGE ( 'NONE', *, *, #9748, .F. ) ;
#5076 = STYLED_ITEM ( 'NONE', ( #3866 ), #5533 ) ;
#5077 = DIRECTION ( 'NONE',  ( 0.000000000000000000, 0.000000000000000000, 1.000000000000000000 ) ) ;
#5078 = PLANE ( 'NONE',  #4941 ) ;
#5079 = ORIENTED_EDGE ( 'NONE', *, *, #5977, .T. ) ;
#5080 = AXIS2_PLACEMENT_3D ( 'NONE', #1500, #5249, #9152 ) ;
#5081 = CARTESIAN_POINT ( 'NONE',  ( 1.000000000000000444, -0.7299999999999999822, -0.1999999999999999278 ) ) ;
#5082 = EDGE_CURVE ( 'NONE', #9764, #622, #3406, .T. ) ;
#5083 =( NAMED_UNIT ( * ) SI_UNIT ( $, .STERADIAN. ) SOLID_ANGLE_UNIT ( ) );
#5084 = CARTESIAN_POINT ( 'NONE',  ( -1.000000000000000000, -0.2250000000000000056, 0.5999999999999999778 ) ) ;
#5085 = MECHANICAL_DESIGN_GEOMETRIC_PRESENTATION_REPRESENTATION (  '', ( #6115 ), #6472 ) ;
#5086 = CARTESIAN_POINT ( 'NONE',  ( 0.5499999999999999334, -0.9000000000000000222, -0.2000000000000000944 ) ) ;
#5087 = STYLED_ITEM ( 'NONE', ( #501 ), #8060 ) ;
#5088 = DIRECTION ( 'NONE',  ( 0.000000000000000000, 0.000000000000000000, 1.000000000000000000 ) ) ;
#5089 = CARTESIAN_POINT ( 'NONE',  ( 0.3450000000000001399, -0.2250000000000000611, -0.4299999999999999933 ) ) ;
#5091 = DIRECTION ( 'NONE',  ( 0.000000000000000000, 0.000000000000000000, 1.000000000000000000 ) ) ;
#5090 = VECTOR ( 'NONE', #4760, 1000.000000000000114 ) ;
#5092 = ORIENTED_EDGE ( 'NONE', *, *, #7211, .F. ) ;
#5093 = ADVANCED_FACE ( 'NONE', ( #7940, #5686 ), #5813, .T. ) ;
#5094 =( NAMED_UNIT ( * ) SI_UNIT ( $, .STERADIAN. ) SOLID_ANGLE_UNIT ( ) );
#5095 = ORIENTED_EDGE ( 'NONE', *, *, #9771, .F. ) ;
#5096 =( NAMED_UNIT ( * ) SI_UNIT ( $, .STERADIAN. ) SOLID_ANGLE_UNIT ( ) );
#5097 = LINE ( 'NONE', #1063, #8325 ) ;
#5098 =( LENGTH_UNIT ( ) NAMED_UNIT ( * ) SI_UNIT ( .MILLI., .METRE. ) );
#5099 = CARTESIAN_POINT ( 'NONE',  ( -0.2146670354346539855, -0.5949999999999997513, -0.4302182886970357112 ) ) ;
#5100 = CARTESIAN_POINT ( 'NONE',  ( -0.4699999999999998623, -0.6499999999999998002, 0.3750000000000000555 ) ) ;
#5101 = FILL_AREA_STYLE ('',( #7331 ) ) ;
#5102 = AXIS2_PLACEMENT_3D ( 'NONE', #1015, #7950, #9391 ) ;
#5103 = AXIS2_PLACEMENT_3D ( 'NONE', #5630, #2531, #3278 ) ;
#5104 = VECTOR ( 'NONE', #4240, 1000.000000000000000 ) ;
#5105 = DIRECTION ( 'NONE',  ( -1.000000000000000000, -0.000000000000000000, -0.000000000000000000 ) ) ;
#5106 = SURFACE_SIDE_STYLE ('',( #3825 ) ) ;
#5107 = EDGE_LOOP ( 'NONE', ( #312 ) ) ;
#5108 = DIRECTION ( 'NONE',  ( 0.9956342260592881965, 0.000000000000000000, 0.09334070869305803597 ) ) ;
#5109 = DIRECTION ( 'NONE',  ( -1.000000000000000000, 0.000000000000000000, 0.000000000000000000 ) ) ;
#5110 = FILL_AREA_STYLE ('',( #8276 ) ) ;
#5111 = LINE ( 'NONE', #1091, #4146 ) ;
#5112 = EDGE_CURVE ( 'NONE', #5296, #2221, #3892, .T. ) ;
#5113 = DIRECTION ( 'NONE',  ( -1.000000000000000000, 0.000000000000000000, -2.409338161078898194E-16 ) ) ;
#5114 =( BOUNDED_CURVE ( )  B_SPLINE_CURVE ( 3, ( #8804, #6488, #5770, #8861 ),
 .UNSPECIFIED., .F., .T. ) 
 B_SPLINE_CURVE_WITH_KNOTS ( ( 4, 4 ),
 ( 1.570796326794896558, 3.141592653589793116 ),
 .UNSPECIFIED. ) 
 CURVE ( )  GEOMETRIC_REPRESENTATION_ITEM ( )  RATIONAL_B_SPLINE_CURVE ( ( 1.000000000000000000, 0.8047378541243649375, 0.8047378541243649375, 1.000000000000000000 ) ) 
 REPRESENTATION_ITEM ( '' )  );
#5115 = MECHANICAL_DESIGN_GEOMETRIC_PRESENTATION_REPRESENTATION (  '', ( #3044 ), #5621 ) ;
#5116 = PRESENTATION_LAYER_ASSIGNMENT (  '', '', ( #2412 ) ) ;
#5117 =( NAMED_UNIT ( * ) PLANE_ANGLE_UNIT ( ) SI_UNIT ( $, .RADIAN. ) );
#5118 = ORIENTED_EDGE ( 'NONE', *, *, #173, .F. ) ;
#5119 = FILL_AREA_STYLE_COLOUR ( '', #7156 ) ;
#5120 = SURFACE_STYLE_FILL_AREA ( #3807 ) ;
#5121 = PRODUCT_DEFINITION_FORMATION_WITH_SPECIFIED_SOURCE ( 'ANY', '', #7763, .NOT_KNOWN. ) ;
#5122 = FACE_OUTER_BOUND ( 'NONE', #1257, .T. ) ;
#5123 = CARTESIAN_POINT ( 'NONE',  ( -1.000000000000000000, -0.2000000000000000111, 0.5999999999999999778 ) ) ;
#5124 = SURFACE_STYLE_FILL_AREA ( #5223 ) ;
#5125 = EDGE_LOOP ( 'NONE', ( #7167 ) ) ;
#5126 = EDGE_LOOP ( 'NONE', ( #9464 ) ) ;
#5127 = PLANE ( 'NONE',  #8057 ) ;
#5128 =( GEOMETRIC_REPRESENTATION_CONTEXT ( 3 ) GLOBAL_UNCERTAINTY_ASSIGNED_CONTEXT ( ( #8534 ) ) GLOBAL_UNIT_ASSIGNED_CONTEXT ( ( #7261, #7507, #8307 ) ) REPRESENTATION_CONTEXT ( 'NONE', 'WORKASPACE' ) );
#5129 = SURFACE_SIDE_STYLE ('',( #1867 ) ) ;
#5130 = AXIS2_PLACEMENT_3D ( 'NONE', #512, #9580, #4323 ) ;
#5131 = COLOUR_RGB ( '',1.000000000000000000, 1.000000000000000000, 1.000000000000000000 ) ;
#5132 = DIRECTION ( 'NONE',  ( 1.000000000000000000, 0.000000000000000000, -2.168404344971010051E-15 ) ) ;
#5133 = CARTESIAN_POINT ( 'NONE',  ( -0.1854356243949659699, -0.2296466602129719481, -0.3799999999999999489 ) ) ;
#5134 = PRESENTATION_LAYER_ASSIGNMENT (  '', '', ( #6162 ) ) ;
#5135 = ORIENTED_EDGE ( 'NONE', *, *, #7513, .F. ) ;
#5136 = DIRECTION ( 'NONE',  ( 0.3340253860270789299, 0.4733788369311800470, 0.8150702535580256480 ) ) ;
#5137 = UNCERTAINTY_MEASURE_WITH_UNIT (LENGTH_MEASURE( 1.000000000000000082E-05 ), #9161, 'distance_accuracy_value', 'NONE');
#5138 = SURFACE_SIDE_STYLE ('',( #5073 ) ) ;
#5139 = FACE_OUTER_BOUND ( 'NONE', #6, .T. ) ;
#5140 = SURFACE_SIDE_STYLE ('',( #4477 ) ) ;
#5141 = ORIENTED_EDGE ( 'NONE', *, *, #8880, .T. ) ;
#5142 =( NAMED_UNIT ( * ) PLANE_ANGLE_UNIT ( ) SI_UNIT ( $, .RADIAN. ) );
#5143 = ADVANCED_FACE ( 'NONE', ( #4252 ), #5411, .F. ) ;
#5144 =( LENGTH_UNIT ( ) NAMED_UNIT ( * ) SI_UNIT ( .MILLI., .METRE. ) );
#5145 = EDGE_LOOP ( 'NONE', ( #4590 ) ) ;
#5146 = EDGE_CURVE ( 'NONE', #2221, #781, #5326, .T. ) ;
#5147 = PRESENTATION_STYLE_ASSIGNMENT (( #5900 ) ) ;
#5148 = PRESENTATION_STYLE_ASSIGNMENT (( #2037 ) ) ;
#5149 = AXIS2_PLACEMENT_3D ( 'NONE', #4368, #9694, #5136 ) ;
#5150 = CARTESIAN_POINT ( 'NONE',  ( 1.000000000000000000, -0.7299999999999999822, -0.5999999999999999778 ) ) ;
#5151 = MECHANICAL_DESIGN_GEOMETRIC_PRESENTATION_REPRESENTATION (  '', ( #3136 ), #73 ) ;
#5152 = FILL_AREA_STYLE_COLOUR ( '', #5009 ) ;
#5153 = ORIENTED_EDGE ( 'NONE', *, *, #299, .F. ) ;
#5154 = VECTOR ( 'NONE', #6592, 999.9999999999998863 ) ;
#5155 = EDGE_LOOP ( 'NONE', ( #794 ) ) ;
#5156 =( LENGTH_UNIT ( ) NAMED_UNIT ( * ) SI_UNIT ( .MILLI., .METRE. ) );
#5157 = SURFACE_STYLE_FILL_AREA ( #2384 ) ;
#5158 =( GEOMETRIC_REPRESENTATION_CONTEXT ( 3 ) GLOBAL_UNCERTAINTY_ASSIGNED_CONTEXT ( ( #547 ) ) GLOBAL_UNIT_ASSIGNED_CONTEXT ( ( #1915, #9554, #2048 ) ) REPRESENTATION_CONTEXT ( 'NONE', 'WORKASPACE' ) );
#5159 = EDGE_LOOP ( 'NONE', ( #3959 ) ) ;
#5160 =( NAMED_UNIT ( * ) PLANE_ANGLE_UNIT ( ) SI_UNIT ( $, .RADIAN. ) );
#5161 = STYLED_ITEM ( 'NONE', ( #6064 ), #9149 ) ;
#5162 =( LENGTH_UNIT ( ) NAMED_UNIT ( * ) SI_UNIT ( .MILLI., .METRE. ) );
#5163 = CIRCLE ( 'NONE', #7647, 0.02500000000000001874 ) ;
#5164 = SURFACE_STYLE_USAGE ( .BOTH. , #6735 ) ;
#5165 = EDGE_LOOP ( 'NONE', ( #4115 ) ) ;
#5166 = AXIS2_PLACEMENT_3D ( 'NONE', #5620, #9481, #9738 ) ;
#5167 = DIRECTION ( 'NONE',  ( 1.000000000000000000, -5.288791085295138602E-16, -2.115516434118055441E-15 ) ) ;
#5168 =( NAMED_UNIT ( * ) SI_UNIT ( $, .STERADIAN. ) SOLID_ANGLE_UNIT ( ) );
#5169 = DIRECTION ( 'NONE',  ( 0.000000000000000000, 0.000000000000000000, 1.000000000000000000 ) ) ;
#5170 =( NAMED_UNIT ( * ) SI_UNIT ( $, .STERADIAN. ) SOLID_ANGLE_UNIT ( ) );
#5171 = FILL_AREA_STYLE_COLOUR ( '', #8417 ) ;
#5172 = ORIENTED_EDGE ( 'NONE', *, *, #5146, .F. ) ;
#5173 = VECTOR ( 'NONE', #8416, 1000.000000000000000 ) ;
#5174 = UNCERTAINTY_MEASURE_WITH_UNIT (LENGTH_MEASURE( 1.000000000000000082E-05 ), #756, 'distance_accuracy_value', 'NONE');
#5175 = VERTEX_POINT ( 'NONE', #725 ) ;
#5176 = DIRECTION ( 'NONE',  ( 1.000000000000000000, 0.000000000000000000, 0.000000000000000000 ) ) ;
#5177 = ORIENTED_EDGE ( 'NONE', *, *, #4484, .F. ) ;
#5178 = AXIS2_PLACEMENT_3D ( 'NONE', #8630, #8079, #451 ) ;
#5179 = SURFACE_STYLE_USAGE ( .BOTH. , #1351 ) ;
#5180 = CYLINDRICAL_SURFACE ( 'NONE', #6102, 0.02500000000000004302 ) ;
#5181 = CIRCLE ( 'NONE', #264, 0.02500000000000001180 ) ;
#5182 = STYLED_ITEM ( 'NONE', ( #4955 ), #9502 ) ;
#5183 = FACE_OUTER_BOUND ( 'NONE', #9475, .T. ) ;
#5184 = VERTEX_POINT ( 'NONE', #2157 ) ;
#5185 = TOROIDAL_SURFACE ( 'NONE', #9772, 0.05000000000000002359, 0.02500000000000002914 ) ;
#5186 = ORIENTED_EDGE ( 'NONE', *, *, #6993, .T. ) ;
#5187 = EDGE_CURVE ( 'NONE', #7065, #9288, #7349, .T. ) ;
#5188 = CYLINDRICAL_SURFACE ( 'NONE', #4173, 0.02500000000000001180 ) ;
#5189 =( GEOMETRIC_REPRESENTATION_CONTEXT ( 3 ) GLOBAL_UNCERTAINTY_ASSIGNED_CONTEXT ( ( #9744 ) ) GLOBAL_UNIT_ASSIGNED_CONTEXT ( ( #7262, #8839, #2708 ) ) REPRESENTATION_CONTEXT ( 'NONE', 'WORKASPACE' ) );
#5190 =( NAMED_UNIT ( * ) SI_UNIT ( $, .STERADIAN. ) SOLID_ANGLE_UNIT ( ) );
#5191 = COLOUR_RGB ( '',0.2509803921568627416, 0.2509803921568627416, 0.2509803921568627416 ) ;
#5192 = ADVANCED_FACE ( 'NONE', ( #1796 ), #5508, .T. ) ;
#5193 = PRESENTATION_STYLE_ASSIGNMENT (( #3312 ) ) ;
#5194 = DIRECTION ( 'NONE',  ( 0.000000000000000000, 0.000000000000000000, -1.000000000000000000 ) ) ;
#5195 = ORIENTED_EDGE ( 'NONE', *, *, #1428, .F. ) ;
#5196 = ADVANCED_FACE ( 'NONE', ( #1178 ), #4948, .T. ) ;
#5197 = SURFACE_STYLE_USAGE ( .BOTH. , #6767 ) ;
#5198 = UNCERTAINTY_MEASURE_WITH_UNIT (LENGTH_MEASURE( 1.000000000000000082E-05 ), #8606, 'distance_accuracy_value', 'NONE');
#5199 = FILL_AREA_STYLE ('',( #7499 ) ) ;
#5200 = TOROIDAL_SURFACE ( 'NONE', #6227, 0.05000000000000002359, 0.02500000000000002914 ) ;
#5201 = FACE_OUTER_BOUND ( 'NONE', #4087, .T. ) ;
#5202 =( NAMED_UNIT ( * ) PLANE_ANGLE_UNIT ( ) SI_UNIT ( $, .RADIAN. ) );
#5203 = SURFACE_STYLE_FILL_AREA ( #4482 ) ;
#5204 = SURFACE_STYLE_USAGE ( .BOTH. , #8906 ) ;
#5205 = EDGE_CURVE ( 'NONE', #3550, #8636, #1565, .T. ) ;
#5206 = PRESENTATION_STYLE_ASSIGNMENT (( #3762 ) ) ;
#5207 = AXIS2_PLACEMENT_3D ( 'NONE', #9725, #8258, #2875 ) ;
#5208 = EDGE_LOOP ( 'NONE', ( #9416 ) ) ;
#5209 = FILL_AREA_STYLE ('',( #3731 ) ) ;
#5210 =( GEOMETRIC_REPRESENTATION_CONTEXT ( 3 ) GLOBAL_UNCERTAINTY_ASSIGNED_CONTEXT ( ( #4271 ) ) GLOBAL_UNIT_ASSIGNED_CONTEXT ( ( #8452, #4881, #5672 ) ) REPRESENTATION_CONTEXT ( 'NONE', 'WORKASPACE' ) );
#5211 = EDGE_LOOP ( 'NONE', ( #9337, #9788, #4981, #9179, #1276 ) ) ;
#5212 =( NAMED_UNIT ( * ) PLANE_ANGLE_UNIT ( ) SI_UNIT ( $, .RADIAN. ) );
#5213 = DIRECTION ( 'NONE',  ( 1.000000000000000000, 0.000000000000000000, 3.614007241618344333E-16 ) ) ;
#5214 =( LENGTH_UNIT ( ) NAMED_UNIT ( * ) SI_UNIT ( .MILLI., .METRE. ) );
#5215 = VECTOR ( 'NONE', #9727, 1000.000000000000000 ) ;
#5216 =( GEOMETRIC_REPRESENTATION_CONTEXT ( 3 ) GLOBAL_UNCERTAINTY_ASSIGNED_CONTEXT ( ( #1498 ) ) GLOBAL_UNIT_ASSIGNED_CONTEXT ( ( #7195, #7161, #8784 ) ) REPRESENTATION_CONTEXT ( 'NONE', 'WORKASPACE' ) );
#5217 = FILL_AREA_STYLE_COLOUR ( '', #286 ) ;
#5218 = TOROIDAL_SURFACE ( 'NONE', #7386, 0.04999999999999991257, 0.02499999999999996669 ) ;
#5219 = AXIS2_PLACEMENT_3D ( 'NONE', #8949, #5074, #8242 ) ;
#5220 = DIRECTION ( 'NONE',  ( 1.000000000000000000, 0.000000000000000000, 0.000000000000000000 ) ) ;
#5221 = DIRECTION ( 'NONE',  ( 0.000000000000000000, -0.9396926207859105373, -0.3420201433256625512 ) ) ;
#5222 = ORIENTED_EDGE ( 'NONE', *, *, #7628, .F. ) ;
#5223 = FILL_AREA_STYLE ('',( #3020 ) ) ;
#5224 = COLOUR_RGB ( '',1.000000000000000000, 0.7529411764705882248, 0.7529411764705882248 ) ;
#5225 = FILL_AREA_STYLE ('',( #5929 ) ) ;
#5226 = EDGE_CURVE ( 'NONE', #3049, #9539, #8651, .T. ) ;
#5227 = CARTESIAN_POINT ( 'NONE',  ( 0.2085643756050339914, -0.2750000000000000222, -0.4753533397870280952 ) ) ;
#5228 = FILL_AREA_STYLE ('',( #3828 ) ) ;
#5229 = ORIENTED_EDGE ( 'NONE', *, *, #2896, .F. ) ;
#5230 = STYLED_ITEM ( 'NONE', ( #7035 ), #2016 ) ;
#5231 = CARTESIAN_POINT ( 'NONE',  ( 0.2950000000000001510, -0.2750000000000000222, -0.4799999999999999267 ) ) ;
#5232 = CIRCLE ( 'NONE', #8471, 0.02500000000000002567 ) ;
#5233 = LINE ( 'NONE', #5238, #6910 ) ;
#5234 = FACE_OUTER_BOUND ( 'NONE', #8498, .T. ) ;
#5235 = PRESENTATION_STYLE_ASSIGNMENT (( #63 ) ) ;
#5236 =( NAMED_UNIT ( * ) PLANE_ANGLE_UNIT ( ) SI_UNIT ( $, .RADIAN. ) );
#5237 = CARTESIAN_POINT ( 'NONE',  ( 0.2050000000000000988, -0.2250000000000000611, 0.3799999999999999489 ) ) ;
#5238 = CARTESIAN_POINT ( 'NONE',  ( -1.000000000000000000, -0.1999999999999999833, 0.5999999999999999778 ) ) ;
#5239 = EDGE_LOOP ( 'NONE', ( #2135 ) ) ;
#5240 = ORIENTED_EDGE ( 'NONE', *, *, #4248, .T. ) ;
#5241 = ADVANCED_FACE ( 'NONE', ( #459, #4363 ), #6507, .T. ) ;
#5242 =( NAMED_UNIT ( * ) PLANE_ANGLE_UNIT ( ) SI_UNIT ( $, .RADIAN. ) );
#5243 = CARTESIAN_POINT ( 'NONE',  ( 1.000000000000000000, -0.5949999999999999734, -0.1508640183740635465 ) ) ;
#5244 = EDGE_CURVE ( 'NONE', #9503, #7813, #9603, .T. ) ;
#5245 =( NAMED_UNIT ( * ) PLANE_ANGLE_UNIT ( ) SI_UNIT ( $, .RADIAN. ) );
#5246 = PRESENTATION_LAYER_ASSIGNMENT (  '', '', ( #8635 ) ) ;
#5247 = FACE_OUTER_BOUND ( 'NONE', #8656, .T. ) ;
#5248 = FILL_AREA_STYLE_COLOUR ( '', #2880 ) ;
#5249 = DIRECTION ( 'NONE',  ( 0.000000000000000000, -1.000000000000000000, 0.000000000000000000 ) ) ;
#5250 = ORIENTED_EDGE ( 'NONE', *, *, #3220, .T. ) ;
#5251 = COLOUR_RGB ( '',1.000000000000000000, 0.7529411764705882248, 0.7529411764705882248 ) ;
#5252 = DIRECTION ( 'NONE',  ( 0.000000000000000000, -0.000000000000000000, -1.000000000000000000 ) ) ;
#5253 = VECTOR ( 'NONE', #2965, 1000.000000000000000 ) ;
#5254 = CARTESIAN_POINT ( 'NONE',  ( 0.09400000000000005573, -0.2250000000000000611, 0.3799999999999999489 ) ) ;
#5255 = DIRECTION ( 'NONE',  ( 0.000000000000000000, 0.9396926207859105373, -0.3420201433256628287 ) ) ;
#5256 =( NAMED_UNIT ( * ) PLANE_ANGLE_UNIT ( ) SI_UNIT ( $, .RADIAN. ) );
#5257 = SURFACE_STYLE_USAGE ( .BOTH. , #716 ) ;
#5258 = VECTOR ( 'NONE', #8658, 1000.000000000000000 ) ;
#5259 = CARTESIAN_POINT ( 'NONE',  ( 0.007332964565347208259, -0.6449999999999997957, -0.4302182886970356557 ) ) ;
#5260 = VERTEX_POINT ( 'NONE', #5065 ) ;
#5261 = SURFACE_STYLE_FILL_AREA ( #6761 ) ;
#5262 = MECHANICAL_DESIGN_GEOMETRIC_PRESENTATION_REPRESENTATION (  '', ( #3235 ), #9850 ) ;
#5263 = SURFACE_STYLE_USAGE ( .BOTH. , #9062 ) ;
#5264 =( LENGTH_UNIT ( ) NAMED_UNIT ( * ) SI_UNIT ( .MILLI., .METRE. ) );
#5265 = UNCERTAINTY_MEASURE_WITH_UNIT (LENGTH_MEASURE( 1.000000000000000082E-05 ), #3374, 'distance_accuracy_value', 'NONE');
#5266 = SURFACE_SIDE_STYLE ('',( #3032 ) ) ;
#5267 = APPLICATION_CONTEXT ( 'automotive_design' ) ;
#5268 =( GEOMETRIC_REPRESENTATION_CONTEXT ( 3 ) GLOBAL_UNCERTAINTY_ASSIGNED_CONTEXT ( ( #834 ) ) GLOBAL_UNIT_ASSIGNED_CONTEXT ( ( #4790, #5501, #240 ) ) REPRESENTATION_CONTEXT ( 'NONE', 'WORKASPACE' ) );
#5269 = EDGE_LOOP ( 'NONE', ( #761 ) ) ;
#5270 = CARTESIAN_POINT ( 'NONE',  ( -0.1489999999999999103, -0.2750000000000000777, -0.4299999999999999378 ) ) ;
#5271 = SURFACE_STYLE_FILL_AREA ( #4592 ) ;
#5272 = DIRECTION ( 'NONE',  ( 0.000000000000000000, 0.000000000000000000, 1.000000000000000000 ) ) ;
#5273 = EDGE_CURVE ( 'NONE', #7800, #7800, #4600, .T. ) ;
#5274 = FACE_OUTER_BOUND ( 'NONE', #4919, .T. ) ;
#5275 = ORIENTED_EDGE ( 'NONE', *, *, #7419, .T. ) ;
#5276 = PRESENTATION_LAYER_ASSIGNMENT (  '', '', ( #4758 ) ) ;
#5277 =( GEOMETRIC_REPRESENTATION_CONTEXT ( 3 ) GLOBAL_UNCERTAINTY_ASSIGNED_CONTEXT ( ( #1941 ) ) GLOBAL_UNIT_ASSIGNED_CONTEXT ( ( #3830, #828, #1806 ) ) REPRESENTATION_CONTEXT ( 'NONE', 'WORKASPACE' ) );
#5278 = CARTESIAN_POINT ( 'NONE',  ( -0.5499999999999999334, -0.9000000000000000222, -0.5999999999999999778 ) ) ;
#5279 = EDGE_LOOP ( 'NONE', ( #9807 ) ) ;
#5280 = DIRECTION ( 'NONE',  ( 0.5000000000000014433, 0.000000000000000000, -0.8660254037844378194 ) ) ;
#5281 = PRESENTATION_STYLE_ASSIGNMENT (( #4663 ) ) ;
#5282 =( NAMED_UNIT ( * ) SI_UNIT ( $, .STERADIAN. ) SOLID_ANGLE_UNIT ( ) );
#5283 = EDGE_LOOP ( 'NONE', ( #2080 ) ) ;
#5284 = AXIS2_PLACEMENT_3D ( 'NONE', #3232, #4675, #188 ) ;
#5285 = FILL_AREA_STYLE_COLOUR ( '', #5601 ) ;
#5286 = LINE ( 'NONE', #8384, #4803 ) ;
#5287 = PRESENTATION_LAYER_ASSIGNMENT (  '', '', ( #721 ) ) ;
#5288 = CARTESIAN_POINT ( 'NONE',  ( 1.000000000000000000, -0.7299999999999999822, -0.5999999999999999778 ) ) ;
#5289 = EDGE_LOOP ( 'NONE', ( #1967, #2908, #9682, #9202 ) ) ;
#5290 = UNCERTAINTY_MEASURE_WITH_UNIT (LENGTH_MEASURE( 1.000000000000000082E-05 ), #7712, 'distance_accuracy_value', 'NONE');
#5291 = VERTEX_POINT ( 'NONE', #8862 ) ;
#5292 = TOROIDAL_SURFACE ( 'NONE', #9219, 0.05000000000000002359, 0.02500000000000002914 ) ;
#5293 = DIRECTION ( 'NONE',  ( 1.000000000000000000, 0.000000000000000000, -0.000000000000000000 ) ) ;
#5294 = ORIENTED_EDGE ( 'NONE', *, *, #1663, .T. ) ;
#5295 = SURFACE_SIDE_STYLE ('',( #7691 ) ) ;
#5296 = VERTEX_POINT ( 'NONE', #8099 ) ;
#5297 = EDGE_CURVE ( 'NONE', #7575, #7575, #2953, .T. ) ;
#5298 = DIRECTION ( 'NONE',  ( -1.000000000000000000, -0.000000000000000000, -0.000000000000000000 ) ) ;
#5299 = VERTEX_POINT ( 'NONE', #1094 ) ;
#5300 = DIRECTION ( 'NONE',  ( 0.000000000000000000, 0.000000000000000000, -1.000000000000000000 ) ) ;
#5301 = MECHANICAL_DESIGN_GEOMETRIC_PRESENTATION_REPRESENTATION (  '', ( #6844 ), #6509 ) ;
#5302 = VECTOR ( 'NONE', #7652, 1000.000000000000000 ) ;
#5303 = CARTESIAN_POINT ( 'NONE',  ( -0.3850000000000000089, -0.6499999999999999112, -0.4299999999999999933 ) ) ;
#5304 = CYLINDRICAL_SURFACE ( 'NONE', #542, 0.02500000000000006384 ) ;
#5305 =( LENGTH_UNIT ( ) NAMED_UNIT ( * ) SI_UNIT ( .MILLI., .METRE. ) );
#5306 = DIRECTION ( 'NONE',  ( -0.9336413089640335228, 0.000000000000000000, 0.3582093050102498344 ) ) ;
#5307 = ADVANCED_FACE ( 'NONE', ( #2697 ), #2487, .T. ) ;
#5308 = CIRCLE ( 'NONE', #9616, 0.02500000000000001180 ) ;
#5309 = LINE ( 'NONE', #8510, #3295 ) ;
#5310 = FILL_AREA_STYLE_COLOUR ( '', #627 ) ;
#5311 = ORIENTED_EDGE ( 'NONE', *, *, #2566, .T. ) ;
#5312 = ADVANCED_FACE ( 'NONE', ( #565 ), #9100, .T. ) ;
#5313 = FILL_AREA_STYLE ('',( #4483 ) ) ;
#5314 = EDGE_CURVE ( 'NONE', #8755, #9758, #3985, .T. ) ;
#5315 = PRESENTATION_LAYER_ASSIGNMENT (  '', '', ( #9034 ) ) ;
#5316 =( BOUNDED_CURVE ( )  B_SPLINE_CURVE ( 3, ( #4975, #7139, #8821, #2724 ),
 .UNSPECIFIED., .F., .T. ) 
 B_SPLINE_CURVE_WITH_KNOTS ( ( 4, 4 ),
 ( 0.000000000000000000, 1.570796326794896558 ),
 .UNSPECIFIED. ) 
 CURVE ( )  GEOMETRIC_REPRESENTATION_ITEM ( )  RATIONAL_B_SPLINE_CURVE ( ( 1.000000000000000000, 0.8047378541243649375, 0.8047378541243649375, 1.000000000000000000 ) ) 
 REPRESENTATION_ITEM ( '' )  );
#5317 = UNCERTAINTY_MEASURE_WITH_UNIT (LENGTH_MEASURE( 1.000000000000000082E-05 ), #7235, 'distance_accuracy_value', 'NONE');
#5319 = CARTESIAN_POINT ( 'NONE',  ( 0.4522282473117545387, 0.000000000000000000, -0.4999999999999998890 ) ) ;
#5318 = CIRCLE ( 'NONE', #5494, 0.02500000000000002914 ) ;
#5320 = EDGE_LOOP ( 'NONE', ( #5275, #3146, #2664, #2036 ) ) ;
#5321 = PRESENTATION_STYLE_ASSIGNMENT (( #3540 ) ) ;
#5322 = AXIS2_PLACEMENT_3D ( 'NONE', #4963, #1278, #6569 ) ;
#5323 =( NAMED_UNIT ( * ) SI_UNIT ( $, .STERADIAN. ) SOLID_ANGLE_UNIT ( ) );
#5324 = ORIENTED_EDGE ( 'NONE', *, *, #4498, .F. ) ;
#5325 =( NAMED_UNIT ( * ) PLANE_ANGLE_UNIT ( ) SI_UNIT ( $, .RADIAN. ) );
#5326 = LINE ( 'NONE', #7755, #8065 ) ;
#5327 = PRESENTATION_STYLE_ASSIGNMENT (( #954 ) ) ;
#5328 = FILL_AREA_STYLE_COLOUR ( '', #9857 ) ;
#5329 = LINE ( 'NONE', #9783, #2505 ) ;
#5330 = ORIENTED_EDGE ( 'NONE', *, *, #862, .T. ) ;
#5331 = EDGE_CURVE ( 'NONE', #3613, #3613, #1776, .T. ) ;
#5332 =( GEOMETRIC_REPRESENTATION_CONTEXT ( 3 ) GLOBAL_UNCERTAINTY_ASSIGNED_CONTEXT ( ( #5722 ) ) GLOBAL_UNIT_ASSIGNED_CONTEXT ( ( #2273, #8419, #1510 ) ) REPRESENTATION_CONTEXT ( 'NONE', 'WORKASPACE' ) );
#5333 =( LENGTH_UNIT ( ) NAMED_UNIT ( * ) SI_UNIT ( .MILLI., .METRE. ) );
#5334 = DIRECTION ( 'NONE',  ( 0.000000000000000000, 0.000000000000000000, 1.000000000000000000 ) ) ;
#5335 = PRESENTATION_LAYER_ASSIGNMENT (  '', '', ( #8918 ) ) ;
#5336 = SURFACE_SIDE_STYLE ('',( #3776 ) ) ;
#5337 = CARTESIAN_POINT ( 'NONE',  ( -0.5099632742307174116, -0.6199999999999998845, -0.4249999999999999889 ) ) ;
#5338 = COLOUR_RGB ( '',1.000000000000000000, 0.7529411764705882248, 0.7529411764705882248 ) ;
#5339 = STYLED_ITEM ( 'NONE', ( #8152 ), #5699 ) ;
#5340 = CARTESIAN_POINT ( 'NONE',  ( -1.000000000000000000, -0.7299999999999999822, -0.5999999999999999778 ) ) ;
#5341 = DIRECTION ( 'NONE',  ( 1.000000000000000000, 0.000000000000000000, 0.000000000000000000 ) ) ;
#5342 =( LENGTH_UNIT ( ) NAMED_UNIT ( * ) SI_UNIT ( .MILLI., .METRE. ) );
#5343 = STYLED_ITEM ( 'NONE', ( #4962 ), #5038 ) ;
#5344 = SURFACE_SIDE_STYLE ('',( #8237 ) ) ;
#5345 = ORIENTED_EDGE ( 'NONE', *, *, #5833, .F. ) ;
#5346 = DIRECTION ( 'NONE',  ( 0.000000000000000000, 0.000000000000000000, -1.000000000000000000 ) ) ;
#5347 = PRESENTATION_LAYER_ASSIGNMENT (  '', '', ( #4825 ) ) ;
#5348 = SURFACE_STYLE_USAGE ( .BOTH. , #815 ) ;
#5349 = UNCERTAINTY_MEASURE_WITH_UNIT (LENGTH_MEASURE( 1.000000000000000082E-05 ), #3424, 'distance_accuracy_value', 'NONE');
#5350 = MECHANICAL_DESIGN_GEOMETRIC_PRESENTATION_REPRESENTATION (  '', ( #7599 ), #9619 ) ;
#5351 = LINE ( 'NONE', #4820, #9505 ) ;
#5352 = PRESENTATION_LAYER_ASSIGNMENT (  '', '', ( #787 ) ) ;
#5353 = DIRECTION ( 'NONE',  ( 0.000000000000000000, -1.000000000000000000, 0.000000000000000000 ) ) ;
#5354 = ORIENTED_EDGE ( 'NONE', *, *, #8962, .T. ) ;
#5355 = EDGE_LOOP ( 'NONE', ( #8432 ) ) ;
#5356 = PRESENTATION_STYLE_ASSIGNMENT (( #4128 ) ) ;
#5357 = CIRCLE ( 'NONE', #6118, 0.02500000000000001180 ) ;
#5358 = FACE_OUTER_BOUND ( 'NONE', #5320, .T. ) ;
#5359 = CARTESIAN_POINT ( 'NONE',  ( -0.5099632742307173006, -0.2000000000000000111, 0.5999999999999999778 ) ) ;
#5360 = DIRECTION ( 'NONE',  ( -0.000000000000000000, -1.000000000000000000, -0.000000000000000000 ) ) ;
#5361 = ADVANCED_FACE ( 'NONE', ( #3506, #3401 ), #688, .T. ) ;
#5362 =( NAMED_UNIT ( * ) SI_UNIT ( $, .STERADIAN. ) SOLID_ANGLE_UNIT ( ) );
#5363 = ORIENTED_EDGE ( 'NONE', *, *, #9050, .F. ) ;
#5364 = FACE_OUTER_BOUND ( 'NONE', #8341, .T. ) ;
#5365 = SURFACE_STYLE_USAGE ( .BOTH. , #9173 ) ;
#5366 = SURFACE_STYLE_FILL_AREA ( #8747 ) ;
#5367 = FILL_AREA_STYLE_COLOUR ( '', #1759 ) ;
#5368 = FILL_AREA_STYLE_COLOUR ( '', #3845 ) ;
#5369 = FACE_OUTER_BOUND ( 'NONE', #7005, .T. ) ;
#5370 = FILL_AREA_STYLE_COLOUR ( '', #6532 ) ;
#5371 = EDGE_LOOP ( 'NONE', ( #6815 ) ) ;
#5372 = FACE_OUTER_BOUND ( 'NONE', #8819, .T. ) ;
#5373 = UNCERTAINTY_MEASURE_WITH_UNIT (LENGTH_MEASURE( 1.000000000000000082E-05 ), #2569, 'distance_accuracy_value', 'NONE');
#5374 = EDGE_CURVE ( 'NONE', #670, #670, #1431, .T. ) ;
#5375 = SURFACE_STYLE_FILL_AREA ( #2833 ) ;
#5376 = AXIS2_PLACEMENT_3D ( 'NONE', #7470, #653, #5957 ) ;
#5377 = FACE_OUTER_BOUND ( 'NONE', #8300, .T. ) ;
#5378 =( LENGTH_UNIT ( ) NAMED_UNIT ( * ) SI_UNIT ( .MILLI., .METRE. ) );
#5379 = SURFACE_STYLE_USAGE ( .BOTH. , #3148 ) ;
#5380 = PRESENTATION_LAYER_ASSIGNMENT (  '', '', ( #9778 ) ) ;
#5381 = DIRECTION ( 'NONE',  ( -0.3420201433256743195, -0.9396926207859063185, -0.000000000000000000 ) ) ;
#5382 = LINE ( 'NONE', #3009, #5725 ) ;
#5383 =( LENGTH_UNIT ( ) NAMED_UNIT ( * ) SI_UNIT ( .MILLI., .METRE. ) );
#5384 = CARTESIAN_POINT ( 'NONE',  ( -1.000000000000000000, -0.2250000000000000056, 0.4249999999999999889 ) ) ;
#5385 = UNCERTAINTY_MEASURE_WITH_UNIT (LENGTH_MEASURE( 1.000000000000000082E-05 ), #5156, 'distance_accuracy_value', 'NONE');
#5386 = SURFACE_STYLE_USAGE ( .BOTH. , #6129 ) ;
#5387 = CARTESIAN_POINT ( 'NONE',  ( 0.5349632742307174338, -0.1999999999999999833, 0.5999999999999999778 ) ) ;
#5388 = DIRECTION ( 'NONE',  ( 0.000000000000000000, -1.000000000000000000, 0.000000000000000000 ) ) ;
#5389 = ORIENTED_EDGE ( 'NONE', *, *, #4352, .T. ) ;
#5390 = PRESENTATION_LAYER_ASSIGNMENT (  '', '', ( #6171 ) ) ;
#5391 = FACE_OUTER_BOUND ( 'NONE', #5988, .T. ) ;
#5392 = ORIENTED_EDGE ( 'NONE', *, *, #3953, .F. ) ;
#5393 = SURFACE_STYLE_FILL_AREA ( #8587 ) ;
#5394 = DIRECTION ( 'NONE',  ( 1.000000000000000000, 0.000000000000000000, 0.000000000000000000 ) ) ;
#5395 = STYLED_ITEM ( 'NONE', ( #417 ), #7128 ) ;
#5396 =( LENGTH_UNIT ( ) NAMED_UNIT ( * ) SI_UNIT ( .MILLI., .METRE. ) );
#5397 =( GEOMETRIC_REPRESENTATION_CONTEXT ( 3 ) GLOBAL_UNCERTAINTY_ASSIGNED_CONTEXT ( ( #1647 ) ) GLOBAL_UNIT_ASSIGNED_CONTEXT ( ( #3688, #2121, #554 ) ) REPRESENTATION_CONTEXT ( 'NONE', 'WORKASPACE' ) );
#5398 = ADVANCED_FACE ( 'NONE', ( #1553, #1296 ), #5200, .T. ) ;
#5399 = ORIENTED_EDGE ( 'NONE', *, *, #4540, .T. ) ;
#5400 = EDGE_LOOP ( 'NONE', ( #5643 ) ) ;
#5401 = CARTESIAN_POINT ( 'NONE',  ( 0.1230000000000001231, -0.5949999999999998623, -0.4799999999999999267 ) ) ;
#5402 =( LENGTH_UNIT ( ) NAMED_UNIT ( * ) SI_UNIT ( .MILLI., .METRE. ) );
#5403 =( LENGTH_UNIT ( ) NAMED_UNIT ( * ) SI_UNIT ( .MILLI., .METRE. ) );
#5404 = DIRECTION ( 'NONE',  ( 0.000000000000000000, -1.000000000000000000, 0.000000000000000000 ) ) ;
#5405 = STYLED_ITEM ( 'NONE', ( #1077 ), #4831 ) ;
#5406 = CARTESIAN_POINT ( 'NONE',  ( -0.3850000000000000089, -0.2250000000000000611, -0.4299999999999999378 ) ) ;
#5407 = DIRECTION ( 'NONE',  ( 1.000000000000000000, 0.000000000000000000, 0.000000000000000000 ) ) ;
#5408 = PRESENTATION_LAYER_ASSIGNMENT (  '', '', ( #4873 ) ) ;
#5409 = ORIENTED_EDGE ( 'NONE', *, *, #7310, .T. ) ;
#5410 = LINE ( 'NONE', #1577, #5173 ) ;
#5411 = PLANE ( 'NONE',  #8541 ) ;
#5412 = PRESENTATION_LAYER_ASSIGNMENT (  '', '', ( #209 ) ) ;
#5413 = ADVANCED_FACE ( 'NONE', ( #3194 ), #5188, .T. ) ;
#5414 = PRESENTATION_STYLE_ASSIGNMENT (( #6741 ) ) ;
#5415 = EDGE_LOOP ( 'NONE', ( #3973, #7832, #694, #2516 ) ) ;
#5416 = ADVANCED_FACE ( 'NONE', ( #3619, #7923 ), #7707, .T. ) ;
#5417 = EDGE_LOOP ( 'NONE', ( #6539 ) ) ;
#5418 = COLOUR_RGB ( '',0.2509803921568627416, 0.2509803921568627416, 0.2509803921568627416 ) ;
#5419 = UNCERTAINTY_MEASURE_WITH_UNIT (LENGTH_MEASURE( 1.000000000000000082E-05 ), #3433, 'distance_accuracy_value', 'NONE');
#5420 = VERTEX_POINT ( 'NONE', #7123 ) ;
#5421 = SURFACE_STYLE_FILL_AREA ( #4499 ) ;
#5422 = SURFACE_STYLE_FILL_AREA ( #925 ) ;
#5423 =( GEOMETRIC_REPRESENTATION_CONTEXT ( 3 ) GLOBAL_UNCERTAINTY_ASSIGNED_CONTEXT ( ( #865 ) ) GLOBAL_UNIT_ASSIGNED_CONTEXT ( ( #3649, #8165, #6596 ) ) REPRESENTATION_CONTEXT ( 'NONE', 'WORKASPACE' ) );
#5424 = MECHANICAL_DESIGN_GEOMETRIC_PRESENTATION_REPRESENTATION (  '', ( #8244 ), #9269 ) ;
#5425 = CARTESIAN_POINT ( 'NONE',  ( 0.5499999999999999334, -0.7299999999999999822, 0.5999999999999998668 ) ) ;
#5426 = COLOUR_RGB ( '',1.000000000000000000, 0.7529411764705882248, 0.7529411764705882248 ) ;
#5427 =( NAMED_UNIT ( * ) SI_UNIT ( $, .STERADIAN. ) SOLID_ANGLE_UNIT ( ) );
#5428 = FACE_OUTER_BOUND ( 'NONE', #4720, .T. ) ;
#5429 =( NAMED_UNIT ( * ) PLANE_ANGLE_UNIT ( ) SI_UNIT ( $, .RADIAN. ) );
#5430 = CIRCLE ( 'NONE', #5322, 0.02500000000000003955 ) ;
#5431 = CIRCLE ( 'NONE', #2971, 0.02500000000000001180 ) ;
#5432 = FILL_AREA_STYLE ('',( #235 ) ) ;
#5433 = ORIENTED_EDGE ( 'NONE', *, *, #8880, .F. ) ;
#5434 = CARTESIAN_POINT ( 'NONE',  ( 0.2550000000000001155, -0.5949999999999997513, 0.4799999999999999822 ) ) ;
#5435 = EDGE_CURVE ( 'NONE', #3852, #4584, #5662, .T. ) ;
#5436 = PLANE ( 'NONE',  #1551 ) ;
#5437 = DIRECTION ( 'NONE',  ( 0.000000000000000000, -1.000000000000000000, 0.000000000000000000 ) ) ;
#5438 = STYLED_ITEM ( 'NONE', ( #1615 ), #2438 ) ;
#5439 = FILL_AREA_STYLE ('',( #8470 ) ) ;
#5440 = CARTESIAN_POINT ( 'NONE',  ( -0.5099632742307173006, -0.2250000000000000056, -0.4500000000000000111 ) ) ;
#5441 = ORIENTED_EDGE ( 'NONE', *, *, #9058, .F. ) ;
#5442 = CARTESIAN_POINT ( 'NONE',  ( -0.05299999999999989442, -0.2250000000000000611, 0.3799999999999999489 ) ) ;
#5443 = UNCERTAINTY_MEASURE_WITH_UNIT (LENGTH_MEASURE( 1.000000000000000082E-05 ), #4623, 'distance_accuracy_value', 'NONE');
#5444 = EDGE_LOOP ( 'NONE', ( #6575 ) ) ;
#5445 = CYLINDRICAL_SURFACE ( 'NONE', #8532, 0.02500000000000001180 ) ;
#5446 = ADVANCED_FACE ( 'NONE', ( #2585, #7196 ), #914, .T. ) ;
#5447 = SURFACE_STYLE_USAGE ( .BOTH. , #4677 ) ;
#5448 = CARTESIAN_POINT ( 'NONE',  ( 0.2550000000000001155, -0.2250000000000000611, 0.4299999999999999378 ) ) ;
#5449 = MECHANICAL_DESIGN_GEOMETRIC_PRESENTATION_REPRESENTATION (  '', ( #8835 ), #1550 ) ;
#5450 = EDGE_LOOP ( 'NONE', ( #533 ) ) ;
#5451 = AXIS2_PLACEMENT_3D ( 'NONE', #1191, #6344, #3569 ) ;
#5452 = SURFACE_STYLE_USAGE ( .BOTH. , #3913 ) ;
#5453 = STYLED_ITEM ( 'NONE', ( #2249 ), #7059 ) ;
#5454 = CIRCLE ( 'NONE', #4648, 0.02500000000000003955 ) ;
#5455 = CARTESIAN_POINT ( 'NONE',  ( -1.000000000000000000, -0.7299999999999999822, -0.1999999999999998723 ) ) ;
#5456 = CARTESIAN_POINT ( 'NONE',  ( 0.1230000000000001231, -0.2250000000000000611, -0.3799999999999999489 ) ) ;
#5457 = CARTESIAN_POINT ( 'NONE',  ( -0.1036670354346539563, -0.5949999999999997513, -0.4302182886970357112 ) ) ;
#5458 = CARTESIAN_POINT ( 'NONE',  ( -0.5499999999999999334, -0.9000000000000000222, -0.5999999999999999778 ) ) ;
#5459 = COLOUR_RGB ( '',1.000000000000000000, 0.7529411764705882248, 0.7529411764705882248 ) ;
#5460 = AXIS2_PLACEMENT_3D ( 'NONE', #6916, #7631, #3083 ) ;
#5461 = FACE_OUTER_BOUND ( 'NONE', #4654, .T. ) ;
#5462 = COLOUR_RGB ( '',1.000000000000000000, 0.7529411764705882248, 0.7529411764705882248 ) ;
#5463 =( GEOMETRIC_REPRESENTATION_CONTEXT ( 3 ) GLOBAL_UNCERTAINTY_ASSIGNED_CONTEXT ( ( #5290 ) ) GLOBAL_UNIT_ASSIGNED_CONTEXT ( ( #7712, #8306, #9069 ) ) REPRESENTATION_CONTEXT ( 'NONE', 'WORKASPACE' ) );
#5464 =( NAMED_UNIT ( * ) SI_UNIT ( $, .STERADIAN. ) SOLID_ANGLE_UNIT ( ) );
#5465 = DIRECTION ( 'NONE',  ( 0.000000000000000000, 0.000000000000000000, 1.000000000000000000 ) ) ;
#5466 = FILL_AREA_STYLE_COLOUR ( '', #8006 ) ;
#5467 = STYLED_ITEM ( 'NONE', ( #4670 ), #7658 ) ;
#5468 = CARTESIAN_POINT ( 'NONE',  ( 0.06833296456534601604, -0.6449999999999997957, -0.4302182886970357112 ) ) ;
#5469 = CARTESIAN_POINT ( 'NONE',  ( 0.4499186700131528327, -0.6018290529695972113, 0.4322775389880334496 ) ) ;
#5470 = ORIENTED_EDGE ( 'NONE', *, *, #5187, .T. ) ;
#5471 = AXIS2_PLACEMENT_3D ( 'NONE', #1511, #9845, #5578 ) ;
#5472 = DIRECTION ( 'NONE',  ( -1.000000000000000000, -0.000000000000000000, -0.000000000000000000 ) ) ;
#5473 = FILL_AREA_STYLE_COLOUR ( '', #1300 ) ;
#5474 = VECTOR ( 'NONE', #9610, 1000.000000000000000 ) ;
#5475 = PRESENTATION_STYLE_ASSIGNMENT (( #5 ) ) ;
#5476 = CYLINDRICAL_SURFACE ( 'NONE', #1633, 0.02499999999999995628 ) ;
#5477 = ADVANCED_FACE ( 'NONE', ( #2371, #808 ), #1158, .T. ) ;
#5478 = UNCERTAINTY_MEASURE_WITH_UNIT (LENGTH_MEASURE( 1.000000000000000082E-05 ), #5865, 'distance_accuracy_value', 'NONE');
#5479 = AXIS2_PLACEMENT_3D ( 'NONE', #3764, #6971, #8110 ) ;
#5480 = ORIENTED_EDGE ( 'NONE', *, *, #7013, .T. ) ;
#5481 = FILL_AREA_STYLE_COLOUR ( '', #2611 ) ;
#5482 = ORIENTED_EDGE ( 'NONE', *, *, #9181, .F. ) ;
#5483 =( GEOMETRIC_REPRESENTATION_CONTEXT ( 3 ) GLOBAL_UNCERTAINTY_ASSIGNED_CONTEXT ( ( #3507 ) ) GLOBAL_UNIT_ASSIGNED_CONTEXT ( ( #1660, #2449, #3103 ) ) REPRESENTATION_CONTEXT ( 'NONE', 'WORKASPACE' ) );
#5484 = PRESENTATION_LAYER_ASSIGNMENT (  '', '', ( #4959 ) ) ;
#5485 = MECHANICAL_DESIGN_GEOMETRIC_PRESENTATION_REPRESENTATION (  '', ( #8228 ), #1952 ) ;
#5486 = ADVANCED_FACE ( 'NONE', ( #98 ), #9627, .F. ) ;
#5487 = PRESENTATION_STYLE_ASSIGNMENT (( #8177 ) ) ;
#5488 = ORIENTED_EDGE ( 'NONE', *, *, #411, .T. ) ;
#5489 = SURFACE_STYLE_FILL_AREA ( #5313 ) ;
#5490 = PLANE ( 'NONE',  #2673 ) ;
#5491 = SURFACE_STYLE_USAGE ( .BOTH. , #9351 ) ;
#5492 =( NAMED_UNIT ( * ) SI_UNIT ( $, .STERADIAN. ) SOLID_ANGLE_UNIT ( ) );
#5493 = EDGE_CURVE ( 'NONE', #4217, #4217, #5786, .T. ) ;
#5494 = AXIS2_PLACEMENT_3D ( 'NONE', #109, #2445, #3901 ) ;
#5495 =( NAMED_UNIT ( * ) SI_UNIT ( $, .STERADIAN. ) SOLID_ANGLE_UNIT ( ) );
#5496 = ADVANCED_FACE ( 'NONE', ( #9002, #6142 ), #5180, .T. ) ;
#5497 = EDGE_LOOP ( 'NONE', ( #3570 ) ) ;
#5498 = COLOUR_RGB ( '',1.000000000000000000, 0.7529411764705882248, 0.7529411764705882248 ) ;
#5499 = UNCERTAINTY_MEASURE_WITH_UNIT (LENGTH_MEASURE( 1.000000000000000082E-05 ), #9799, 'distance_accuracy_value', 'NONE');
#5500 = DIRECTION ( 'NONE',  ( -0.000000000000000000, 1.000000000000000000, -0.000000000000000000 ) ) ;
#5501 =( NAMED_UNIT ( * ) PLANE_ANGLE_UNIT ( ) SI_UNIT ( $, .RADIAN. ) );
#5502 = SURFACE_STYLE_FILL_AREA ( #6724 ) ;
#5503 = FILL_AREA_STYLE ('',( #9302 ) ) ;
#5504 = DIRECTION ( 'NONE',  ( 0.000000000000000000, 0.000000000000000000, 1.000000000000000000 ) ) ;
#5505 = ORIENTED_EDGE ( 'NONE', *, *, #2357, .F. ) ;
#5506 = DIRECTION ( 'NONE',  ( -1.000000000000000000, 0.000000000000000000, 2.168404344971010446E-15 ) ) ;
#5507 = ORIENTED_EDGE ( 'NONE', *, *, #1185, .T. ) ;
#5508 = PLANE ( 'NONE',  #3935 ) ;
#5509 = VECTOR ( 'NONE', #2074, 1000.000000000000000 ) ;
#5510 = STYLED_ITEM ( 'NONE', ( #6146 ), #3660 ) ;
#5511 = CYLINDRICAL_SURFACE ( 'NONE', #7964, 0.02500000000000001180 ) ;
#5512 = FACE_OUTER_BOUND ( 'NONE', #1805, .T. ) ;
#5513 = DIRECTION ( 'NONE',  ( 0.9825750242013556734, 0.000000000000000000, 0.1858664085188749815 ) ) ;
#5514 = MECHANICAL_DESIGN_GEOMETRIC_PRESENTATION_REPRESENTATION (  '', ( #3644 ), #7363 ) ;
#5515 = ORIENTED_EDGE ( 'NONE', *, *, #4196, .F. ) ;
#5516 = COLOUR_RGB ( '',1.000000000000000000, 1.000000000000000000, 1.000000000000000000 ) ;
#5517 = VERTEX_POINT ( 'NONE', #6598 ) ;
#5518 =( NAMED_UNIT ( * ) SI_UNIT ( $, .STERADIAN. ) SOLID_ANGLE_UNIT ( ) );
#5519 = MECHANICAL_DESIGN_GEOMETRIC_PRESENTATION_REPRESENTATION (  '', ( #1003 ), #7228 ) ;
#5520 = EDGE_LOOP ( 'NONE', ( #5141 ) ) ;
#5521 = EDGE_CURVE ( 'NONE', #2319, #1866, #9350, .T. ) ;
#5522 = CARTESIAN_POINT ( 'NONE',  ( -0.5499999999999999334, -0.6199999999999998845, 0.5999999999999999778 ) ) ;
#5523 = SURFACE_STYLE_FILL_AREA ( #9234 ) ;
#5524 = FILL_AREA_STYLE_COLOUR ( '', #7889 ) ;
#5525 = ORIENTED_EDGE ( 'NONE', *, *, #6025, .F. ) ;
#5526 =( GEOMETRIC_REPRESENTATION_CONTEXT ( 3 ) GLOBAL_UNCERTAINTY_ASSIGNED_CONTEXT ( ( #8505 ) ) GLOBAL_UNIT_ASSIGNED_CONTEXT ( ( #8685, #8011, #9480 ) ) REPRESENTATION_CONTEXT ( 'NONE', 'WORKASPACE' ) );
#5527 = PRESENTATION_LAYER_ASSIGNMENT (  '', '', ( #2612 ) ) ;
#5528 =( NAMED_UNIT ( * ) PLANE_ANGLE_UNIT ( ) SI_UNIT ( $, .RADIAN. ) );
#5529 =( LENGTH_UNIT ( ) NAMED_UNIT ( * ) SI_UNIT ( .MILLI., .METRE. ) );
#5530 = DIRECTION ( 'NONE',  ( 0.000000000000000000, -1.000000000000000000, 0.000000000000000000 ) ) ;
#5531 = VERTEX_POINT ( 'NONE', #9625 ) ;
#5532 = EDGE_LOOP ( 'NONE', ( #3450 ) ) ;
#5533 = ADVANCED_FACE ( 'NONE', ( #3975, #7186 ), #1284, .T. ) ;
#5534 = TOROIDAL_SURFACE ( 'NONE', #53, 0.05000000000000002359, 0.02500000000000002914 ) ;
#5535 = SURFACE_STYLE_FILL_AREA ( #6420 ) ;
#5536 = PRESENTATION_LAYER_ASSIGNMENT (  '', '', ( #450 ) ) ;
#5537 =( NAMED_UNIT ( * ) PLANE_ANGLE_UNIT ( ) SI_UNIT ( $, .RADIAN. ) );
#5538 = PRESENTATION_LAYER_ASSIGNMENT (  '', '', ( #5726 ) ) ;
#5539 = PRESENTATION_LAYER_ASSIGNMENT (  '', '', ( #2869 ) ) ;
#5540 = ORIENTED_EDGE ( 'NONE', *, *, #1702, .F. ) ;
#5541 = PRESENTATION_LAYER_ASSIGNMENT (  '', '', ( #3013 ) ) ;
#5542 = VERTEX_POINT ( 'NONE', #6390 ) ;
#5543 = PRESENTATION_STYLE_ASSIGNMENT (( #3135 ) ) ;
#5544 = SURFACE_STYLE_USAGE ( .BOTH. , #4887 ) ;
#5545 = DIRECTION ( 'NONE',  ( 0.000000000000000000, -0.000000000000000000, 1.000000000000000000 ) ) ;
#5546 = SURFACE_SIDE_STYLE ('',( #6416 ) ) ;
#5547 = SURFACE_SIDE_STYLE ('',( #4420 ) ) ;
#5548 = COLOUR_RGB ( '',0.2509803921568627416, 0.2509803921568627416, 0.2509803921568627416 ) ;
#5549 = EDGE_LOOP ( 'NONE', ( #8596 ) ) ;
#5550 = SURFACE_STYLE_FILL_AREA ( #8326 ) ;
#5551 = COLOUR_RGB ( '',0.7921568627450980005, 0.8196078431372548767, 0.9333333333333333481 ) ;
#5552 = VECTOR ( 'NONE', #5025, 1000.000000000000000 ) ;
#5553 = SURFACE_STYLE_USAGE ( .BOTH. , #952 ) ;
#5554 = CARTESIAN_POINT ( 'NONE',  ( 0.5099632742307173006, -0.2000000000000000111, 0.5999999999999999778 ) ) ;
#5555 = SURFACE_STYLE_FILL_AREA ( #5634 ) ;
#5556 = COLOUR_RGB ( '',1.000000000000000000, 0.7529411764705882248, 0.7529411764705882248 ) ;
#5557 = PRESENTATION_STYLE_ASSIGNMENT (( #7567 ) ) ;
#5558 = SURFACE_STYLE_FILL_AREA ( #4410 ) ;
#5559 =( LENGTH_UNIT ( ) NAMED_UNIT ( * ) SI_UNIT ( .MILLI., .METRE. ) );
#5560 = ORIENTED_EDGE ( 'NONE', *, *, #3444, .T. ) ;
#5561 = FILL_AREA_STYLE ('',( #6969 ) ) ;
#5562 = EDGE_CURVE ( 'NONE', #8279, #8279, #6613, .T. ) ;
#5563 = CARTESIAN_POINT ( 'NONE',  ( 1.000000000000000444, -0.7299999999999999822, -0.1999999999999998723 ) ) ;
#5564 = AXIS2_PLACEMENT_3D ( 'NONE', #1613, #9221, #1678 ) ;
#5565 = FILL_AREA_STYLE_COLOUR ( '', #6903 ) ;
#5566 =( NAMED_UNIT ( * ) SI_UNIT ( $, .STERADIAN. ) SOLID_ANGLE_UNIT ( ) );
#5567 = CARTESIAN_POINT ( 'NONE',  ( 0.1690000000000001223, -0.2250000000000000611, 0.3799999999999999489 ) ) ;
#5568 = SURFACE_STYLE_FILL_AREA ( #9096 ) ;
#5569 = VERTEX_POINT ( 'NONE', #9067 ) ;
#5570 = DIRECTION ( 'NONE',  ( 0.000000000000000000, -0.000000000000000000, -1.000000000000000000 ) ) ;
#5571 = VERTEX_POINT ( 'NONE', #4496 ) ;
#5572 = DIRECTION ( 'NONE',  ( -0.000000000000000000, -0.000000000000000000, -1.000000000000000000 ) ) ;
#5573 =( NAMED_UNIT ( * ) SI_UNIT ( $, .STERADIAN. ) SOLID_ANGLE_UNIT ( ) );
#5574 = PRESENTATION_LAYER_ASSIGNMENT (  '', '', ( #1082 ) ) ;
#5575 = STYLED_ITEM ( 'NONE', ( #9049 ), #4077 ) ;
#5576 = COLOUR_RGB ( '',0.7921568627450980005, 0.8196078431372548767, 0.9333333333333333481 ) ;
#5577 = ADVANCED_FACE ( 'NONE', ( #7075, #2011 ), #8753, .T. ) ;
#5578 = DIRECTION ( 'NONE',  ( -1.000000000000000000, 0.000000000000000000, 0.000000000000000000 ) ) ;
#5579 = AXIS2_PLACEMENT_3D ( 'NONE', #1088, #9395, #4817 ) ;
#5580 = FILL_AREA_STYLE_COLOUR ( '', #831 ) ;
#5581 = ORIENTED_EDGE ( 'NONE', *, *, #3130, .T. ) ;
#5582 = PRESENTATION_LAYER_ASSIGNMENT (  '', '', ( #5076 ) ) ;
#5583 = FACE_OUTER_BOUND ( 'NONE', #1111, .T. ) ;
#5584 = SURFACE_STYLE_USAGE ( .BOTH. , #260 ) ;
#5585 =( LENGTH_UNIT ( ) NAMED_UNIT ( * ) SI_UNIT ( .MILLI., .METRE. ) );
#5586 = VERTEX_POINT ( 'NONE', #6965 ) ;
#5587 = STYLED_ITEM ( 'NONE', ( #2535 ), #4492 ) ;
#5588 = CARTESIAN_POINT ( 'NONE',  ( -0.1489999999999999103, -0.5949999999999998623, -0.4799999999999999822 ) ) ;
#5589 = SURFACE_STYLE_FILL_AREA ( #509 ) ;
#5590 = EDGE_CURVE ( 'NONE', #1274, #1274, #4212, .T. ) ;
#5591 = PRESENTATION_STYLE_ASSIGNMENT (( #9143 ) ) ;
#5592 = PRESENTATION_LAYER_ASSIGNMENT (  '', '', ( #8155 ) ) ;
#5593 = CARTESIAN_POINT ( 'NONE',  ( -0.2599999999999998979, -0.2250000000000000611, -0.4299999999999999933 ) ) ;
#5594 = FACE_OUTER_BOUND ( 'NONE', #6917, .T. ) ;
#5595 = SURFACE_STYLE_USAGE ( .BOTH. , #7827 ) ;
#5596 = SURFACE_SIDE_STYLE ('',( #2790 ) ) ;
#5597 = MANIFOLD_SOLID_BREP ( 'Fillet1', #3285 ) ;
#5598 = MECHANICAL_DESIGN_GEOMETRIC_PRESENTATION_REPRESENTATION (  '', ( #6819 ), #4056 ) ;
#5599 =( LENGTH_UNIT ( ) NAMED_UNIT ( * ) SI_UNIT ( .MILLI., .METRE. ) );
#5600 = LINE ( 'NONE', #2539, #2631 ) ;
#5601 = COLOUR_RGB ( '',1.000000000000000000, 0.7529411764705882248, 0.7529411764705882248 ) ;
#5602 =( NAMED_UNIT ( * ) PLANE_ANGLE_UNIT ( ) SI_UNIT ( $, .RADIAN. ) );
#5603 = ORIENTED_EDGE ( 'NONE', *, *, #8081, .F. ) ;
#5604 = CARTESIAN_POINT ( 'NONE',  ( -0.01343562439496598024, -0.2296466602129719481, -0.4299999999999999933 ) ) ;
#5605 = CIRCLE ( 'NONE', #7780, 0.02499999999999995628 ) ;
#5606 = CARTESIAN_POINT ( 'NONE',  ( -0.4522282473117545387, -0.2000000000000000111, -0.4999999999999998890 ) ) ;
#5607 = TOROIDAL_SURFACE ( 'NONE', #3360, 0.05000000000000008604, 0.02500000000000002914 ) ;
#5608 = SURFACE_SIDE_STYLE ('',( #6462 ) ) ;
#5609 = DIRECTION ( 'NONE',  ( 0.9825750242013556734, 0.000000000000000000, 0.1858664085188749815 ) ) ;
#5610 =( GEOMETRIC_REPRESENTATION_CONTEXT ( 3 ) GLOBAL_UNCERTAINTY_ASSIGNED_CONTEXT ( ( #799 ) ) GLOBAL_UNIT_ASSIGNED_CONTEXT ( ( #5659, #1118, #9485 ) ) REPRESENTATION_CONTEXT ( 'NONE', 'WORKASPACE' ) );
#5611 =( LENGTH_UNIT ( ) NAMED_UNIT ( * ) SI_UNIT ( .MILLI., .METRE. ) );
#5612 = ORIENTED_EDGE ( 'NONE', *, *, #4833, .F. ) ;
#5613 = MECHANICAL_DESIGN_GEOMETRIC_PRESENTATION_REPRESENTATION (  '', ( #3995 ), #6829 ) ;
#5614 = LINE ( 'NONE', #1872, #8115 ) ;
#5615 = SURFACE_SIDE_STYLE ('',( #3351 ) ) ;
#5616 = FACE_OUTER_BOUND ( 'NONE', #3437, .T. ) ;
#5617 = CLOSED_SHELL ( 'NONE', ( #4764, #2226, #6323, #4035, #2602, #5241, #924, #5577, #6155, #9635, #649 ) ) ;
#5618 = UNCERTAINTY_MEASURE_WITH_UNIT (LENGTH_MEASURE( 1.000000000000000082E-05 ), #7975, 'distance_accuracy_value', 'NONE');
#5619 = CARTESIAN_POINT ( 'NONE',  ( -0.1889999999999999458, -0.2250000000000000611, 0.3799999999999999489 ) ) ;
#5620 = CARTESIAN_POINT ( 'NONE',  ( -0.1536670354346539868, -0.5949999999999997513, -0.4302182886970357112 ) ) ;
#5621 =( GEOMETRIC_REPRESENTATION_CONTEXT ( 3 ) GLOBAL_UNCERTAINTY_ASSIGNED_CONTEXT ( ( #7428 ) ) GLOBAL_UNIT_ASSIGNED_CONTEXT ( ( #1622, #8398, #4529 ) ) REPRESENTATION_CONTEXT ( 'NONE', 'WORKASPACE' ) );
#5622 = SURFACE_SIDE_STYLE ('',( #7571 ) ) ;
#5623 = AXIS2_PLACEMENT_3D ( 'NONE', #9107, #7509, #2999 ) ;
#5624 = DIRECTION ( 'NONE',  ( 0.9956342260592881965, 0.000000000000000000, 0.09334070869305798046 ) ) ;
#5625 = ORIENTED_EDGE ( 'NONE', *, *, #6025, .T. ) ;
#5626 = FILL_AREA_STYLE ('',( #3331 ) ) ;
#5627 = ORIENTED_EDGE ( 'NONE', *, *, #1067, .F. ) ;
#5628 =( NAMED_UNIT ( * ) SI_UNIT ( $, .STERADIAN. ) SOLID_ANGLE_UNIT ( ) );
#5629 =( LENGTH_UNIT ( ) NAMED_UNIT ( * ) SI_UNIT ( .MILLI., .METRE. ) );
#5630 = CARTESIAN_POINT ( 'NONE',  ( 0.4350000000000000533, -0.2800000000000000266, 0.4799999999999999822 ) ) ;
#5631 = ADVANCED_FACE ( 'NONE', ( #8029, #5046 ), #6601, .T. ) ;
#5632 = CARTESIAN_POINT ( 'NONE',  ( -0.2354356243949659866, -0.2750000000000000222, -0.4753533397870281507 ) ) ;
#5633 = ORIENTED_EDGE ( 'NONE', *, *, #9690, .F. ) ;
#5634 = FILL_AREA_STYLE ('',( #4230 ) ) ;
#5635 = FACE_OUTER_BOUND ( 'NONE', #7898, .T. ) ;
#5636 = ORIENTED_EDGE ( 'NONE', *, *, #702, .F. ) ;
#5637 = DIRECTION ( 'NONE',  ( 0.000000000000000000, -1.000000000000000000, 0.000000000000000000 ) ) ;
#5638 = MECHANICAL_DESIGN_GEOMETRIC_PRESENTATION_REPRESENTATION (  '', ( #1421 ), #59 ) ;
#5639 = CARTESIAN_POINT ( 'NONE',  ( 0.4522282473117545387, 0.000000000000000000, 0.4999999999999998890 ) ) ;
#5640 = EDGE_LOOP ( 'NONE', ( #4355 ) ) ;
#5641 = VECTOR ( 'NONE', #8365, 1000.000000000000000 ) ;
#5642 = PRESENTATION_STYLE_ASSIGNMENT (( #3542 ) ) ;
#5643 = ORIENTED_EDGE ( 'NONE', *, *, #6368, .T. ) ;
#5644 = EDGE_CURVE ( 'NONE', #3972, #3972, #1272, .T. ) ;
#5645 = UNCERTAINTY_MEASURE_WITH_UNIT (LENGTH_MEASURE( 1.000000000000000082E-05 ), #9449, 'distance_accuracy_value', 'NONE');
#5646 = DIRECTION ( 'NONE',  ( 0.9825750242013554514, -0.1858664085188761195, 0.000000000000000000 ) ) ;
#5647 = AXIS2_PLACEMENT_3D ( 'NONE', #7506, #2949, #3578 ) ;
#5648 = ORIENTED_EDGE ( 'NONE', *, *, #2896, .T. ) ;
#5649 = SURFACE_SIDE_STYLE ('',( #1251 ) ) ;
#5650 = COLOUR_RGB ( '',1.000000000000000000, 0.7529411764705882248, 0.7529411764705882248 ) ;
#5651 = AXIS2_PLACEMENT_3D ( 'NONE', #3215, #3919, #3951 ) ;
#5652 = VERTEX_POINT ( 'NONE', #7432 ) ;
#5653 = DIRECTION ( 'NONE',  ( -0.09334070869305721718, 0.000000000000000000, 0.9956342260592883076 ) ) ;
#5654 = PRESENTATION_STYLE_ASSIGNMENT (( #6009 ) ) ;
#5655 = FILL_AREA_STYLE ('',( #4116 ) ) ;
#5656 = ORIENTED_EDGE ( 'NONE', *, *, #4473, .T. ) ;
#5657 = COLOUR_RGB ( '',0.2509803921568627416, 0.2509803921568627416, 0.2509803921568627416 ) ;
#5658 = PRESENTATION_STYLE_ASSIGNMENT (( #9517 ) ) ;
#5659 =( LENGTH_UNIT ( ) NAMED_UNIT ( * ) SI_UNIT ( .MILLI., .METRE. ) );
#5660 = CARTESIAN_POINT ( 'NONE',  ( 0.3450000000000001399, -0.5949999999999998623, -0.4799999999999999822 ) ) ;
#5661 =( LENGTH_UNIT ( ) NAMED_UNIT ( * ) SI_UNIT ( .MILLI., .METRE. ) );
#5662 = LINE ( 'NONE', #2778, #5067 ) ;
#5663 =( LENGTH_UNIT ( ) NAMED_UNIT ( * ) SI_UNIT ( .MILLI., .METRE. ) );
#5664 = CARTESIAN_POINT ( 'NONE',  ( 1.000000000000000000, -0.7299999999999999822, 0.5999999999999999778 ) ) ;
#5665 = ORIENTED_EDGE ( 'NONE', *, *, #2193, .F. ) ;
#5666 = DIRECTION ( 'NONE',  ( -0.000000000000000000, -0.000000000000000000, 1.000000000000000000 ) ) ;
#5667 = STYLED_ITEM ( 'NONE', ( #6773 ), #5002 ) ;
#5668 = LINE ( 'NONE', #8104, #4595 ) ;
#5669 = EDGE_LOOP ( 'NONE', ( #6197, #9046, #1546, #7319 ) ) ;
#5670 = CARTESIAN_POINT ( 'NONE',  ( 0.2844492232371698681, -0.6426664822826733126, 0.4325416188035217102 ) ) ;
#5671 = FACE_OUTER_BOUND ( 'NONE', #2112, .T. ) ;
#5672 =( NAMED_UNIT ( * ) SI_UNIT ( $, .STERADIAN. ) SOLID_ANGLE_UNIT ( ) );
#5673 = STYLED_ITEM ( 'NONE', ( #4945 ), #1699 ) ;
#5674 =( NAMED_UNIT ( * ) PLANE_ANGLE_UNIT ( ) SI_UNIT ( $, .RADIAN. ) );
#5675 = AXIS2_PLACEMENT_3D ( 'NONE', #930, #3963, #9303 ) ;
#5676 = AXIS2_PLACEMENT_3D ( 'NONE', #1781, #1027, #1414 ) ;
#5677 = ORIENTED_EDGE ( 'NONE', *, *, #8342, .F. ) ;
#5678 = CIRCLE ( 'NONE', #1430, 0.02500000000000002914 ) ;
#5679 = PLANE ( 'NONE',  #1791 ) ;
#5680 =( NAMED_UNIT ( * ) PLANE_ANGLE_UNIT ( ) SI_UNIT ( $, .RADIAN. ) );
#5681 = SURFACE_STYLE_USAGE ( .BOTH. , #7194 ) ;
#5682 = SURFACE_STYLE_USAGE ( .BOTH. , #3622 ) ;
#5683 =( BOUNDED_CURVE ( )  B_SPLINE_CURVE ( 3, ( #8858, #6594, #1942, #7216 ),
 .UNSPECIFIED., .F., .T. ) 
 B_SPLINE_CURVE_WITH_KNOTS ( ( 4, 4 ),
 ( 4.712388980384689674, 6.283185307179586232 ),
 .UNSPECIFIED. ) 
 CURVE ( )  GEOMETRIC_REPRESENTATION_ITEM ( )  RATIONAL_B_SPLINE_CURVE ( ( 1.000000000000000000, 0.8047378541243649375, 0.8047378541243649375, 1.000000000000000000 ) ) 
 REPRESENTATION_ITEM ( '' )  );
#5684 = DIRECTION ( 'NONE',  ( 0.9912875121006776702, 0.09334070869305803597, 0.09293320425943858709 ) ) ;
#5685 = EDGE_CURVE ( 'NONE', #5776, #5776, #6014, .T. ) ;
#5686 = FACE_OUTER_BOUND ( 'NONE', #9529, .T. ) ;
#5687 = AXIS2_PLACEMENT_3D ( 'NONE', #2806, #8014, #8794 ) ;
#5688 = ORIENTED_EDGE ( 'NONE', *, *, #6069, .T. ) ;
#5689 = SURFACE_STYLE_FILL_AREA ( #1476 ) ;
#5690 = LINE ( 'NONE', #3987, #121 ) ;
#5691 = ORIENTED_EDGE ( 'NONE', *, *, #4702, .F. ) ;
#5692 = DIRECTION ( 'NONE',  ( -1.000000000000000000, 0.000000000000000000, 0.000000000000000000 ) ) ;
#5693 = CARTESIAN_POINT ( 'NONE',  ( -1.000000000000000000, -0.7299999999999999822, -0.5999999999999999778 ) ) ;
#5694 = MECHANICAL_DESIGN_GEOMETRIC_PRESENTATION_REPRESENTATION (  '', ( #7745 ), #7133 ) ;
#5695 = UNCERTAINTY_MEASURE_WITH_UNIT (LENGTH_MEASURE( 1.000000000000000082E-05 ), #2435, 'distance_accuracy_value', 'NONE');
#5696 = CARTESIAN_POINT ( 'NONE',  ( -0.9750000000000001998, -0.6199999999999998845, -0.1599632742307184052 ) ) ;
#5697 = COLOUR_RGB ( '',0.2509803921568627416, 0.2509803921568627416, 0.2509803921568627416 ) ;
#5698 = LINE ( 'NONE', #125, #5104 ) ;
#5699 = ADVANCED_FACE ( 'NONE', ( #77 ), #1936, .T. ) ;
#5700 = DIRECTION ( 'NONE',  ( 0.000000000000000000, 0.000000000000000000, 1.000000000000000000 ) ) ;
#5701 = PRESENTATION_LAYER_ASSIGNMENT (  '', '', ( #427 ) ) ;
#5702 = CARTESIAN_POINT ( 'NONE',  ( -0.9750000000000000888, -0.1999999999999999833, 0.5999999999999999778 ) ) ;
#5703 = EDGE_LOOP ( 'NONE', ( #8493 ) ) ;
#5704 = SURFACE_STYLE_USAGE ( .BOTH. , #9591 ) ;
#5705 = CARTESIAN_POINT ( 'NONE',  ( 0.01244922323716995613, -0.6426664822826733126, 0.4325416188035215992 ) ) ;
#5706 =( GEOMETRIC_REPRESENTATION_CONTEXT ( 3 ) GLOBAL_UNCERTAINTY_ASSIGNED_CONTEXT ( ( #6287 ) ) GLOBAL_UNIT_ASSIGNED_CONTEXT ( ( #1790, #9404, #1071 ) ) REPRESENTATION_CONTEXT ( 'NONE', 'WORKASPACE' ) );
#5707 = PRESENTATION_STYLE_ASSIGNMENT (( #9241 ) ) ;
#5708 = COLOUR_RGB ( '',1.000000000000000000, 0.7529411764705882248, 0.7529411764705882248 ) ;
#5709 = VECTOR ( 'NONE', #8235, 999.9999999999998863 ) ;
#5710 = SURFACE_STYLE_USAGE ( .BOTH. , #4992 ) ;
#5711 = EDGE_LOOP ( 'NONE', ( #2787, #9112, #7592, #1267 ) ) ;
#5712 =( NAMED_UNIT ( * ) PLANE_ANGLE_UNIT ( ) SI_UNIT ( $, .RADIAN. ) );
#5713 =( LENGTH_UNIT ( ) NAMED_UNIT ( * ) SI_UNIT ( .MILLI., .METRE. ) );
#5714 = DIRECTION ( 'NONE',  ( -0.000000000000000000, -1.000000000000000000, -0.000000000000000000 ) ) ;
#5715 = EDGE_CURVE ( 'NONE', #4584, #7410, #5286, .T. ) ;
#5716 = TOROIDAL_SURFACE ( 'NONE', #8395, 0.05000000000000002359, 0.02499999999999996669 ) ;
#5717 = ORIENTED_EDGE ( 'NONE', *, *, #4287, .T. ) ;
#5718 = PRESENTATION_LAYER_ASSIGNMENT (  '', '', ( #1353 ) ) ;
#5719 =( LENGTH_UNIT ( ) NAMED_UNIT ( * ) SI_UNIT ( .MILLI., .METRE. ) );
#5720 =( NAMED_UNIT ( * ) SI_UNIT ( $, .STERADIAN. ) SOLID_ANGLE_UNIT ( ) );
#5721 = SURFACE_SIDE_STYLE ('',( #8494 ) ) ;
#5722 = UNCERTAINTY_MEASURE_WITH_UNIT (LENGTH_MEASURE( 1.000000000000000082E-05 ), #2273, 'distance_accuracy_value', 'NONE');
#5723 = DIRECTION ( 'NONE',  ( 0.000000000000000000, 1.000000000000000000, 0.000000000000000000 ) ) ;
#5724 = ORIENTED_EDGE ( 'NONE', *, *, #3966, .T. ) ;
#5725 = VECTOR ( 'NONE', #5280, 999.9999999999998863 ) ;
#5726 = STYLED_ITEM ( 'NONE', ( #9197 ), #1072 ) ;
#5727 = SURFACE_STYLE_USAGE ( .BOTH. , #1968 ) ;
#5728 = DIRECTION ( 'NONE',  ( 1.000000000000000000, 0.000000000000000000, -0.000000000000000000 ) ) ;
#5729 = PRESENTATION_LAYER_ASSIGNMENT (  '', '', ( #2623 ) ) ;
#5730 =( NAMED_UNIT ( * ) SI_UNIT ( $, .STERADIAN. ) SOLID_ANGLE_UNIT ( ) );
#5731 =( LENGTH_UNIT ( ) NAMED_UNIT ( * ) SI_UNIT ( .MILLI., .METRE. ) );
#5732 = STYLED_ITEM ( 'NONE', ( #4198 ), #6199 ) ;
#5733 = TOROIDAL_SURFACE ( 'NONE', #9431, 0.05000000000000002359, 0.02500000000000002914 ) ;
#5734 = COLOUR_RGB ( '',1.000000000000000000, 1.000000000000000000, 1.000000000000000000 ) ;
#5735 = DIRECTION ( 'NONE',  ( 1.084202172485504434E-15, 0.000000000000000000, 1.000000000000000000 ) ) ;
#5736 = CARTESIAN_POINT ( 'NONE',  ( 0.05800000000000013478, -0.2750000000000000777, 0.4799999999999999822 ) ) ;
#5737 = CARTESIAN_POINT ( 'NONE',  ( 0.2050000000000001543, -0.5949999999999997513, 0.4800000000000000933 ) ) ;
#5738 = ORIENTED_EDGE ( 'NONE', *, *, #9050, .T. ) ;
#5739 = SURFACE_STYLE_FILL_AREA ( #2945 ) ;
#5740 = FILL_AREA_STYLE_COLOUR ( '', #5650 ) ;
#5741 = EDGE_CURVE ( 'NONE', #44, #8636, #7795, .T. ) ;
#5742 = DIRECTION ( 'NONE',  ( 0.000000000000000000, 0.000000000000000000, 1.000000000000000000 ) ) ;
#5743 = DIRECTION ( 'NONE',  ( 0.3420201433256743195, 0.9396926207859063185, -0.000000000000000000 ) ) ;
#5744 = MECHANICAL_DESIGN_GEOMETRIC_PRESENTATION_REPRESENTATION (  '', ( #2089 ), #5423 ) ;
#5745 = VERTEX_POINT ( 'NONE', #5696 ) ;
#5746 = FILL_AREA_STYLE ('',( #3439 ) ) ;
#5747 = ADVANCED_FACE ( 'NONE', ( #4079 ), #3854, .F. ) ;
#5748 = EDGE_LOOP ( 'NONE', ( #8364, #2126, #9777, #6428 ) ) ;
#5749 = CYLINDRICAL_SURFACE ( 'NONE', #6339, 0.02500000000000003955 ) ;
#5750 = UNCERTAINTY_MEASURE_WITH_UNIT (LENGTH_MEASURE( 1.000000000000000082E-05 ), #5719, 'distance_accuracy_value', 'NONE');
#5751 = CYLINDRICAL_SURFACE ( 'NONE', #1677, 0.02500000000000003955 ) ;
#5752 =( NAMED_UNIT ( * ) SI_UNIT ( $, .STERADIAN. ) SOLID_ANGLE_UNIT ( ) );
#5753 = FILL_AREA_STYLE_COLOUR ( '', #6826 ) ;
#5754 = PRODUCT_DEFINITION_CONTEXT ( 'detailed design', #5267, 'design' ) ;
#5755 = DIRECTION ( 'NONE',  ( 0.000000000000000000, 0.000000000000000000, -1.000000000000000000 ) ) ;
#5756 = ORIENTED_EDGE ( 'NONE', *, *, #4727, .F. ) ;
#5757 = EDGE_CURVE ( 'NONE', #6473, #2872, #6968, .T. ) ;
#5758 = DIRECTION ( 'NONE',  ( 0.000000000000000000, 0.000000000000000000, 1.000000000000000000 ) ) ;
#5759 = SURFACE_STYLE_USAGE ( .BOTH. , #2142 ) ;
#5760 = FILL_AREA_STYLE ('',( #1809 ) ) ;
#5761 = EDGE_LOOP ( 'NONE', ( #5665, #9177, #3806, #1612 ) ) ;
#5762 = DIRECTION ( 'NONE',  ( 0.000000000000000000, -0.000000000000000000, 1.000000000000000000 ) ) ;
#5763 = DIRECTION ( 'NONE',  ( -1.000000000000000000, 0.000000000000000000, -0.000000000000000000 ) ) ;
#5764 = SURFACE_STYLE_FILL_AREA ( #7503 ) ;
#5765 =( NAMED_UNIT ( * ) PLANE_ANGLE_UNIT ( ) SI_UNIT ( $, .RADIAN. ) );
#5766 = FACE_OUTER_BOUND ( 'NONE', #7425, .T. ) ;
#5767 = SURFACE_STYLE_FILL_AREA ( #7539 ) ;
#5768 = CARTESIAN_POINT ( 'NONE',  ( -0.2999999999999999334, -0.2750000000000000777, 0.4799999999999999822 ) ) ;
#5769 = VECTOR ( 'NONE', #4841, 1000.000000000000000 ) ;
#5770 = CARTESIAN_POINT ( 'NONE',  ( -1.000000000000000000, -0.2103553390593273786, 0.5999999999999999778 ) ) ;
#5771 = CARTESIAN_POINT ( 'NONE',  ( 0.03656437560503399825, -0.2296466602129719481, -0.4299999999999999933 ) ) ;
#5772 = SURFACE_STYLE_USAGE ( .BOTH. , #7989 ) ;
#5773 = PRESENTATION_LAYER_ASSIGNMENT (  '', '', ( #2243 ) ) ;
#5774 = COLOUR_RGB ( '',0.7921568627450980005, 0.8196078431372548767, 0.9333333333333333481 ) ;
#5775 = EDGE_LOOP ( 'NONE', ( #2498 ) ) ;
#5776 = VERTEX_POINT ( 'NONE', #5871 ) ;
#5777 = DIRECTION ( 'NONE',  ( 0.000000000000000000, 1.000000000000000000, 0.000000000000000000 ) ) ;
#5778 = ORIENTED_EDGE ( 'NONE', *, *, #1571, .T. ) ;
#5779 = DIRECTION ( 'NONE',  ( 0.09334070869305829965, 0.000000000000000000, -0.9956342260592883076 ) ) ;
#5780 = STYLED_ITEM ( 'NONE', ( #7304 ), #7084 ) ;
#5781 = FILL_AREA_STYLE_COLOUR ( '', #5993 ) ;
#5782 = CARTESIAN_POINT ( 'NONE',  ( 0.07300000000000007871, -0.2750000000000000222, -0.4799999999999999822 ) ) ;
#5783 = SURFACE_SIDE_STYLE ('',( #8555 ) ) ;
#5784 = DIRECTION ( 'NONE',  ( -0.000000000000000000, 1.000000000000000000, -0.000000000000000000 ) ) ;
#5785 = CARTESIAN_POINT ( 'NONE',  ( 0.007332964565346045994, -0.5949999999999997513, -0.4302182886970357112 ) ) ;
#5786 = CIRCLE ( 'NONE', #955, 0.02499999999999995628 ) ;
#5787 = UNCERTAINTY_MEASURE_WITH_UNIT (LENGTH_MEASURE( 1.000000000000000082E-05 ), #892, 'distance_accuracy_value', 'NONE');
#5788 = EDGE_LOOP ( 'NONE', ( #4267 ) ) ;
#5789 = SURFACE_STYLE_USAGE ( .BOTH. , #2136 ) ;
#5790 = VERTEX_POINT ( 'NONE', #2702 ) ;
#5791 = COLOUR_RGB ( '',1.000000000000000000, 0.7529411764705882248, 0.7529411764705882248 ) ;
#5792 = EDGE_LOOP ( 'NONE', ( #3812 ) ) ;
#5793 = PRESENTATION_LAYER_ASSIGNMENT (  '', '', ( #5974 ) ) ;
#5794 =( LENGTH_UNIT ( ) NAMED_UNIT ( * ) SI_UNIT ( .MILLI., .METRE. ) );
#5795 = EDGE_CURVE ( 'NONE', #9438, #4335, #7173, .T. ) ;
#5796 = AXIS2_PLACEMENT_3D ( 'NONE', #169, #3271, #6255 ) ;
#5797 =( NAMED_UNIT ( * ) PLANE_ANGLE_UNIT ( ) SI_UNIT ( $, .RADIAN. ) );
#5798 = ORIENTED_EDGE ( 'NONE', *, *, #2566, .F. ) ;
#5799 = VERTEX_POINT ( 'NONE', #7805 ) ;
#5800 = FILL_AREA_STYLE ('',( #8051 ) ) ;
#5801 = DIRECTION ( 'NONE',  ( 0.000000000000000000, 0.000000000000000000, 1.000000000000000000 ) ) ;
#5802 = DIRECTION ( 'NONE',  ( 1.000000000000000000, 0.000000000000000000, 2.409338161078898194E-16 ) ) ;
#5803 = CARTESIAN_POINT ( 'NONE',  ( 0.5099632742307173006, -0.2000000000000000111, -0.5999999999999999778 ) ) ;
#5804 = DIRECTION ( 'NONE',  ( -0.7578075450417297576, 0.000000000000000000, -0.6524781411494385841 ) ) ;
#5805 = VECTOR ( 'NONE', #3463, 1000.000000000000000 ) ;
#5806 = EDGE_LOOP ( 'NONE', ( #197 ) ) ;
#5807 = CIRCLE ( 'NONE', #8344, 0.02500000000000002567 ) ;
#5808 = DIRECTION ( 'NONE',  ( -0.000000000000000000, -0.000000000000000000, -1.000000000000000000 ) ) ;
#5809 = CARTESIAN_POINT ( 'NONE',  ( -0.5389451886260430147, -0.8800000000000001155, -0.4163119535287359563 ) ) ;
#5810 =( GEOMETRIC_REPRESENTATION_CONTEXT ( 3 ) GLOBAL_UNCERTAINTY_ASSIGNED_CONTEXT ( ( #6035 ) ) GLOBAL_UNIT_ASSIGNED_CONTEXT ( ( #7554, #10, #6846 ) ) REPRESENTATION_CONTEXT ( 'NONE', 'WORKASPACE' ) );
#5811 = AXIS2_PLACEMENT_3D ( 'NONE', #2558, #3338, #4792 ) ;
#5812 = UNCERTAINTY_MEASURE_WITH_UNIT (LENGTH_MEASURE( 1.000000000000000082E-05 ), #4965, 'distance_accuracy_value', 'NONE');
#5813 = TOROIDAL_SURFACE ( 'NONE', #217, 0.05000000000000002359, 0.02500000000000002914 ) ;
#5814 = CARTESIAN_POINT ( 'NONE',  ( 1.000000000000000444, -0.6199999999999998845, 0.1599632742307184052 ) ) ;
#5815 = COLOUR_RGB ( '',1.000000000000000000, 0.7529411764705882248, 0.7529411764705882248 ) ;
#5816 = ORIENTED_EDGE ( 'NONE', *, *, #3796, .F. ) ;
#5817 = SURFACE_SIDE_STYLE ('',( #1101 ) ) ;
#5818 = LINE ( 'NONE', #3724, #4139 ) ;
#5819 = SURFACE_STYLE_FILL_AREA ( #7199 ) ;
#5820 = SURFACE_STYLE_USAGE ( .BOTH. , #5039 ) ;
#5821 = ORIENTED_EDGE ( 'NONE', *, *, #5244, .F. ) ;
#5822 = EDGE_LOOP ( 'NONE', ( #7286 ) ) ;
#5823 = AXIS2_PLACEMENT_3D ( 'NONE', #3730, #2224, #9075 ) ;
#5824 = CIRCLE ( 'NONE', #3718, 0.02500000000000002567 ) ;
#5825 = PRESENTATION_STYLE_ASSIGNMENT (( #8129 ) ) ;
#5826 = DIRECTION ( 'NONE',  ( -0.000000000000000000, -1.000000000000000000, -0.000000000000000000 ) ) ;
#5827 = SURFACE_SIDE_STYLE ('',( #1673 ) ) ;
#5828 = DIRECTION ( 'NONE',  ( -0.09334070869305828577, 0.000000000000000000, 0.9956342260592880855 ) ) ;
#5829 = FACE_OUTER_BOUND ( 'NONE', #2554, .T. ) ;
#5830 = ADVANCED_FACE ( 'NONE', ( #7912, #8509 ), #1148, .T. ) ;
#5831 =( LENGTH_UNIT ( ) NAMED_UNIT ( * ) SI_UNIT ( .MILLI., .METRE. ) );
#5832 = SURFACE_SIDE_STYLE ('',( #821 ) ) ;
#5833 = EDGE_CURVE ( 'NONE', #7191, #7191, #3385, .T. ) ;
#5834 = CARTESIAN_POINT ( 'NONE',  ( -1.000000000000000000, -0.7299999999999999822, 0.5999999999999999778 ) ) ;
#5835 = CARTESIAN_POINT ( 'NONE',  ( -0.5499999999999999334, -0.9000000000000000222, -0.1999999999999998723 ) ) ;
#5836 = CARTESIAN_POINT ( 'NONE',  ( -0.07443562439496601013, -0.2296466602129719481, -0.3799999999999999489 ) ) ;
#5837 = AXIS2_PLACEMENT_3D ( 'NONE', #9637, #80, #5609 ) ;
#5838 = DIRECTION ( 'NONE',  ( 0.000000000000000000, 0.3420201433256626067, -0.9396926207859106484 ) ) ;
#5839 = EDGE_LOOP ( 'NONE', ( #857, #1522, #7919, #8834, #4256 ) ) ;
#5840 = DIRECTION ( 'NONE',  ( 0.9912875121006776702, 0.09334070869305804985, 0.09293320425943860097 ) ) ;
#5841 = SURFACE_STYLE_FILL_AREA ( #2061 ) ;
#5842 = SURFACE_SIDE_STYLE ('',( #9124 ) ) ;
#5843 = DIRECTION ( 'NONE',  ( 0.000000000000000000, 0.000000000000000000, 1.000000000000000000 ) ) ;
#5844 = DIRECTION ( 'NONE',  ( 1.000000000000000000, 0.000000000000000000, 0.000000000000000000 ) ) ;
#5845 = ORIENTED_EDGE ( 'NONE', *, *, #473, .F. ) ;
#5846 = PRESENTATION_LAYER_ASSIGNMENT (  '', '', ( #3974 ) ) ;
#5847 = ADVANCED_FACE ( 'NONE', ( #6460, #1413 ), #7449, .T. ) ;
#5848 = DIRECTION ( 'NONE',  ( 0.9912875121006776702, 0.09334070869305795271, 0.09293320425943848995 ) ) ;
#5849 = EDGE_CURVE ( 'NONE', #6018, #6018, #5181, .T. ) ;
#5850 = VECTOR ( 'NONE', #6051, 1000.000000000000000 ) ;
#5851 = MECHANICAL_DESIGN_GEOMETRIC_PRESENTATION_REPRESENTATION (  '', ( #4811 ), #6682 ) ;
#5852 = DIRECTION ( 'NONE',  ( -0.09334070869305721718, 0.000000000000000000, 0.9956342260592883076 ) ) ;
#5853 = MANIFOLD_SOLID_BREP ( 'Sweep20', #6078 ) ;
#5854 = MECHANICAL_DESIGN_GEOMETRIC_PRESENTATION_REPRESENTATION (  '', ( #8918 ), #8401 ) ;
#5855 = CYLINDRICAL_SURFACE ( 'NONE', #2152, 0.02500000000000006384 ) ;
#5856 = PRESENTATION_LAYER_ASSIGNMENT (  '', '', ( #3591 ) ) ;
#5857 = SURFACE_SIDE_STYLE ('',( #8360 ) ) ;
#5858 = EDGE_LOOP ( 'NONE', ( #6678 ) ) ;
#5859 = FACE_OUTER_BOUND ( 'NONE', #308, .T. ) ;
#5860 = SURFACE_STYLE_FILL_AREA ( #157 ) ;
#5861 = DIRECTION ( 'NONE',  ( -0.000000000000000000, -0.000000000000000000, 1.000000000000000000 ) ) ;
#5862 = STYLED_ITEM ( 'NONE', ( #6178 ), #5015 ) ;
#5863 =( NAMED_UNIT ( * ) PLANE_ANGLE_UNIT ( ) SI_UNIT ( $, .RADIAN. ) );
#5864 = AXIS2_PLACEMENT_3D ( 'NONE', #5406, #1717, #3140 ) ;
#5865 =( LENGTH_UNIT ( ) NAMED_UNIT ( * ) SI_UNIT ( .MILLI., .METRE. ) );
#5866 = FILL_AREA_STYLE_COLOUR ( '', #6326 ) ;
#5867 = PRESENTATION_LAYER_ASSIGNMENT (  '', '', ( #2331 ) ) ;
#5868 = CARTESIAN_POINT ( 'NONE',  ( -0.5349632742307173228, -0.1999999999999999833, 0.5749999999999999556 ) ) ;
#5869 = PRESENTATION_STYLE_ASSIGNMENT (( #9608 ) ) ;
#5870 = FILL_AREA_STYLE ('',( #9785 ) ) ;
#5871 = CARTESIAN_POINT ( 'NONE',  ( 0.09756437560503398998, -0.5949999999999998623, -0.4753533397870280952 ) ) ;
#5872 = FILL_AREA_STYLE_COLOUR ( '', #5426 ) ;
#5873 = EDGE_LOOP ( 'NONE', ( #4488 ) ) ;
#5874 = CARTESIAN_POINT ( 'NONE',  ( 0.000000000000000000, -0.2250000000000000056, -0.5999999999999999778 ) ) ;
#5875 = DIRECTION ( 'NONE',  ( -0.9956342260592881965, -0.000000000000000000, -0.09334070869305820251 ) ) ;
#5876 = FACE_OUTER_BOUND ( 'NONE', #8265, .T. ) ;
#5877 = COLOUR_RGB ( '',1.000000000000000000, 1.000000000000000000, 1.000000000000000000 ) ;
#5878 = UNCERTAINTY_MEASURE_WITH_UNIT (LENGTH_MEASURE( 1.000000000000000082E-05 ), #2195, 'distance_accuracy_value', 'NONE');
#5879 = CARTESIAN_POINT ( 'NONE',  ( -0.07799999999999991662, -0.2750000000000000777, 0.4799999999999999822 ) ) ;
#5880 =( NAMED_UNIT ( * ) PLANE_ANGLE_UNIT ( ) SI_UNIT ( $, .RADIAN. ) );
#5881 = AXIS2_PLACEMENT_3D ( 'NONE', #153, #9283, #943 ) ;
#5882 = CARTESIAN_POINT ( 'NONE',  ( -1.000000000000000000, -0.2000000000000000111, -0.5999999999999999778 ) ) ;
#5883 = ADVANCED_FACE ( 'NONE', ( #659 ), #5078, .T. ) ;
#5884 = VERTEX_POINT ( 'NONE', #9641 ) ;
#5885 =( LENGTH_UNIT ( ) NAMED_UNIT ( * ) SI_UNIT ( .MILLI., .METRE. ) );
#5886 = PRESENTATION_STYLE_ASSIGNMENT (( #2586 ) ) ;
#5887 = ORIENTED_EDGE ( 'NONE', *, *, #5374, .F. ) ;
#5888 = PRESENTATION_LAYER_ASSIGNMENT (  '', '', ( #604 ) ) ;
#5889 = DIRECTION ( 'NONE',  ( 1.000000000000000000, -0.000000000000000000, 0.000000000000000000 ) ) ;
#5890 = FILL_AREA_STYLE ('',( #4617 ) ) ;
#5891 = EDGE_LOOP ( 'NONE', ( #8975 ) ) ;
#5892 = EDGE_CURVE ( 'NONE', #8215, #2872, #8157, .T. ) ;
#5893 = FILL_AREA_STYLE_COLOUR ( '', #6270 ) ;
#5894 = FILL_AREA_STYLE ('',( #9722 ) ) ;
#5895 =( GEOMETRIC_REPRESENTATION_CONTEXT ( 3 ) GLOBAL_UNCERTAINTY_ASSIGNED_CONTEXT ( ( #5265 ) ) GLOBAL_UNIT_ASSIGNED_CONTEXT ( ( #3374, #2597, #3343 ) ) REPRESENTATION_CONTEXT ( 'NONE', 'WORKASPACE' ) );
#5896 = PLANE ( 'NONE',  #953 ) ;
#5897 = DIRECTION ( 'NONE',  ( 0.000000000000000000, 1.000000000000000000, 0.000000000000000000 ) ) ;
#5898 = PRESENTATION_STYLE_ASSIGNMENT (( #6312 ) ) ;
#5899 = VERTEX_POINT ( 'NONE', #334 ) ;
#5900 = SURFACE_STYLE_USAGE ( .BOTH. , #3575 ) ;
#5901 = CARTESIAN_POINT ( 'NONE',  ( 0.008000000000000109454, -0.2750000000000000777, 0.4799999999999999822 ) ) ;
#5902 =( NAMED_UNIT ( * ) PLANE_ANGLE_UNIT ( ) SI_UNIT ( $, .RADIAN. ) );
#5903 =( GEOMETRIC_REPRESENTATION_CONTEXT ( 3 ) GLOBAL_UNCERTAINTY_ASSIGNED_CONTEXT ( ( #4844 ) ) GLOBAL_UNIT_ASSIGNED_CONTEXT ( ( #7544, #7478, #9660 ) ) REPRESENTATION_CONTEXT ( 'NONE', 'WORKASPACE' ) );
#5904 = UNCERTAINTY_MEASURE_WITH_UNIT (LENGTH_MEASURE( 1.000000000000000082E-05 ), #1877, 'distance_accuracy_value', 'NONE');
#5905 = DIRECTION ( 'NONE',  ( -0.3340253860270789299, 0.4733788369311800470, -0.8150702535580256480 ) ) ;
#5906 =( NAMED_UNIT ( * ) SI_UNIT ( $, .STERADIAN. ) SOLID_ANGLE_UNIT ( ) );
#5907 = AXIS2_PLACEMENT_3D ( 'NONE', #1021, #1812, #7744 ) ;
#5908 = VERTEX_POINT ( 'NONE', #6209 ) ;
#5909 =( LENGTH_UNIT ( ) NAMED_UNIT ( * ) SI_UNIT ( .MILLI., .METRE. ) );
#5910 =( LENGTH_UNIT ( ) NAMED_UNIT ( * ) SI_UNIT ( .MILLI., .METRE. ) );
#5911 = VERTEX_POINT ( 'NONE', #2099 ) ;
#5912 = AXIS2_PLACEMENT_3D ( 'NONE', #2052, #7364, #8137 ) ;
#5913 = SURFACE_STYLE_FILL_AREA ( #7256 ) ;
#5914 = FILL_AREA_STYLE ('',( #8146 ) ) ;
#5915 = DIRECTION ( 'NONE',  ( -0.09334070869305828577, 0.000000000000000000, 0.9956342260592880855 ) ) ;
#5916 = PRESENTATION_LAYER_ASSIGNMENT (  '', '', ( #3199 ) ) ;
#5917 =( NAMED_UNIT ( * ) SI_UNIT ( $, .STERADIAN. ) SOLID_ANGLE_UNIT ( ) );
#5918 = FACE_OUTER_BOUND ( 'NONE', #4932, .T. ) ;
#5919 =( NAMED_UNIT ( * ) SI_UNIT ( $, .STERADIAN. ) SOLID_ANGLE_UNIT ( ) );
#5920 =( GEOMETRIC_REPRESENTATION_CONTEXT ( 3 ) GLOBAL_UNCERTAINTY_ASSIGNED_CONTEXT ( ( #316 ) ) GLOBAL_UNIT_ASSIGNED_CONTEXT ( ( #5885, #6612, #3526 ) ) REPRESENTATION_CONTEXT ( 'NONE', 'WORKASPACE' ) );
#5921 =( GEOMETRIC_REPRESENTATION_CONTEXT ( 3 ) GLOBAL_UNCERTAINTY_ASSIGNED_CONTEXT ( ( #1645 ) ) GLOBAL_UNIT_ASSIGNED_CONTEXT ( ( #2271, #9808, #6023 ) ) REPRESENTATION_CONTEXT ( 'NONE', 'WORKASPACE' ) );
#5922 = CARTESIAN_POINT ( 'NONE',  ( 0.09866703543465296655, -0.6449999999999997957, 0.4302182886970356557 ) ) ;
#5923 =( LENGTH_UNIT ( ) NAMED_UNIT ( * ) SI_UNIT ( .MILLI., .METRE. ) );
#5924 = CIRCLE ( 'NONE', #8043, 0.02499999999999995628 ) ;
#5925 = EDGE_LOOP ( 'NONE', ( #5778, #115, #7672, #1262 ) ) ;
#5926 = FILL_AREA_STYLE ('',( #2403 ) ) ;
#5927 = UNCERTAINTY_MEASURE_WITH_UNIT (LENGTH_MEASURE( 1.000000000000000082E-05 ), #2424, 'distance_accuracy_value', 'NONE');
#5928 = PLANE ( 'NONE',  #3844 ) ;
#5929 = FILL_AREA_STYLE_COLOUR ( '', #7110 ) ;
#5930 =( NAMED_UNIT ( * ) PLANE_ANGLE_UNIT ( ) SI_UNIT ( $, .RADIAN. ) );
#5931 =( NAMED_UNIT ( * ) PLANE_ANGLE_UNIT ( ) SI_UNIT ( $, .RADIAN. ) );
#5932 = DIRECTION ( 'NONE',  ( 0.000000000000000000, 0.000000000000000000, 1.000000000000000000 ) ) ;
#5933 = CARTESIAN_POINT ( 'NONE',  ( -0.2389999999999999347, -0.2750000000000000777, 0.4299999999999999378 ) ) ;
#5934 =( GEOMETRIC_REPRESENTATION_CONTEXT ( 3 ) GLOBAL_UNCERTAINTY_ASSIGNED_CONTEXT ( ( #1564 ) ) GLOBAL_UNIT_ASSIGNED_CONTEXT ( ( #265, #5528, #101 ) ) REPRESENTATION_CONTEXT ( 'NONE', 'WORKASPACE' ) );
#5935 = CYLINDRICAL_SURFACE ( 'NONE', #1738, 0.02499999999999995628 ) ;
#5936 = DIRECTION ( 'NONE',  ( -1.000000000000000000, 0.000000000000000000, 0.000000000000000000 ) ) ;
#5937 = LINE ( 'NONE', #7180, #130 ) ;
#5938 = CIRCLE ( 'NONE', #6000, 0.02500000000000003608 ) ;
#5939 = UNCERTAINTY_MEASURE_WITH_UNIT (LENGTH_MEASURE( 1.000000000000000082E-05 ), #5585, 'distance_accuracy_value', 'NONE');
#5940 = FILL_AREA_STYLE_COLOUR ( '', #4533 ) ;
#5941 = PRESENTATION_STYLE_ASSIGNMENT (( #675 ) ) ;
#5942 = ADVANCED_FACE ( 'NONE', ( #790 ), #3057, .T. ) ;
#5943 = DIRECTION ( 'NONE',  ( 0.000000000000000000, 0.000000000000000000, 1.000000000000000000 ) ) ;
#5944 =( NAMED_UNIT ( * ) SI_UNIT ( $, .STERADIAN. ) SOLID_ANGLE_UNIT ( ) );
#5945 = SURFACE_STYLE_FILL_AREA ( #5439 ) ;
#5946 = LINE ( 'NONE', #1381, #5709 ) ;
#5947 = EDGE_CURVE ( 'NONE', #5531, #5531, #3859, .T. ) ;
#5948 = FILL_AREA_STYLE ('',( #3703 ) ) ;
#5949 = AXIS2_PLACEMENT_3D ( 'NONE', #1477, #2153, #2979 ) ;
#5950 = PRESENTATION_STYLE_ASSIGNMENT (( #5820 ) ) ;
#5951 = CIRCLE ( 'NONE', #843, 0.02500000000000002567 ) ;
#5952 = LINE ( 'NONE', #2678, #8943 ) ;
#5953 = DIRECTION ( 'NONE',  ( 0.000000000000000000, -1.000000000000000000, 0.000000000000000000 ) ) ;
#5954 = EDGE_LOOP ( 'NONE', ( #419 ) ) ;
#5955 = SURFACE_STYLE_USAGE ( .BOTH. , #2373 ) ;
#5956 =( GEOMETRIC_REPRESENTATION_CONTEXT ( 3 ) GLOBAL_UNCERTAINTY_ASSIGNED_CONTEXT ( ( #5478 ) ) GLOBAL_UNIT_ASSIGNED_CONTEXT ( ( #5865, #540, #8856 ) ) REPRESENTATION_CONTEXT ( 'NONE', 'WORKASPACE' ) );
#5957 = DIRECTION ( 'NONE',  ( 0.000000000000000000, 0.000000000000000000, 1.000000000000000000 ) ) ;
#5958 = FILL_AREA_STYLE ('',( #9005 ) ) ;
#5959 = DIRECTION ( 'NONE',  ( 0.9825750242013554514, -0.1858664085188760362, 0.000000000000000000 ) ) ;
#5960 = CIRCLE ( 'NONE', #5219, 0.02500000000000003608 ) ;
#5961 = LINE ( 'NONE', #5319, #7764 ) ;
#5962 =( LENGTH_UNIT ( ) NAMED_UNIT ( * ) SI_UNIT ( .MILLI., .METRE. ) );
#5963 = APPLICATION_CONTEXT ( 'automotive_design' ) ;
#5964 = STYLED_ITEM ( 'NONE', ( #5281 ), #7071 ) ;
#5965 = SURFACE_STYLE_USAGE ( .BOTH. , #3549 ) ;
#5966 = ORIENTED_EDGE ( 'NONE', *, *, #1702, .T. ) ;
#5967 = SURFACE_STYLE_USAGE ( .BOTH. , #9012 ) ;
#5968 = FILL_AREA_STYLE ('',( #8141 ) ) ;
#5969 = MANIFOLD_SOLID_BREP ( 'LPattern1[4]', #4051 ) ;
#5970 = FACE_OUTER_BOUND ( 'NONE', #7146, .T. ) ;
#5971 = DIRECTION ( 'NONE',  ( 0.000000000000000000, 0.000000000000000000, -1.000000000000000000 ) ) ;
#5972 = FACE_OUTER_BOUND ( 'NONE', #7678, .T. ) ;
#5973 = DIRECTION ( 'NONE',  ( 0.000000000000000000, -0.000000000000000000, 1.000000000000000000 ) ) ;
#5974 = STYLED_ITEM ( 'NONE', ( #4754 ), #4587 ) ;
#5975 = DIRECTION ( 'NONE',  ( 0.000000000000000000, 0.000000000000000000, -1.000000000000000000 ) ) ;
#5976 = ORIENTED_EDGE ( 'NONE', *, *, #3270, .T. ) ;
#5977 = EDGE_CURVE ( 'NONE', #3867, #9187, #2124, .T. ) ;
#5978 = CARTESIAN_POINT ( 'NONE',  ( 0.9750000000000000888, -0.6199999999999998845, -0.1599632742307184052 ) ) ;
#5979 = PRESENTATION_LAYER_ASSIGNMENT (  '', '', ( #3923 ) ) ;
#5980 = ADVANCED_FACE ( 'NONE', ( #2247 ), #1671, .T. ) ;
#5981 = DIRECTION ( 'NONE',  ( 0.9956342260592881965, 0.000000000000000000, 0.09334070869305803597 ) ) ;
#5982 = PRESENTATION_STYLE_ASSIGNMENT (( #6718 ) ) ;
#5983 = MECHANICAL_DESIGN_GEOMETRIC_PRESENTATION_REPRESENTATION (  '', ( #8920 ), #1433 ) ;
#5984 = FILL_AREA_STYLE ('',( #5152 ) ) ;
#5985 = ORIENTED_EDGE ( 'NONE', *, *, #4498, .T. ) ;
#5986 =( NAMED_UNIT ( * ) SI_UNIT ( $, .STERADIAN. ) SOLID_ANGLE_UNIT ( ) );
#5987 = CARTESIAN_POINT ( 'NONE',  ( -1.000000000000000000, -0.6096446609406724892, -0.1561942390473891606 ) ) ;
#5988 = EDGE_LOOP ( 'NONE', ( #9382 ) ) ;
#5989 = COLOUR_RGB ( '',1.000000000000000000, 0.7529411764705882248, 0.7529411764705882248 ) ;
#5990 = FILL_AREA_STYLE_COLOUR ( '', #3756 ) ;
#5991 = FACE_OUTER_BOUND ( 'NONE', #4706, .T. ) ;
#5992 = PRESENTATION_LAYER_ASSIGNMENT (  '', '', ( #1436 ) ) ;
#5993 = COLOUR_RGB ( '',0.2509803921568627416, 0.2509803921568627416, 0.2509803921568627416 ) ;
#5994 =( NAMED_UNIT ( * ) PLANE_ANGLE_UNIT ( ) SI_UNIT ( $, .RADIAN. ) );
#5995 = PRESENTATION_LAYER_ASSIGNMENT (  '', '', ( #3995 ) ) ;
#5996 = DIRECTION ( 'NONE',  ( 0.000000000000000000, 0.000000000000000000, 1.000000000000000000 ) ) ;
#5997 = FACE_OUTER_BOUND ( 'NONE', #6070, .T. ) ;
#5998 = DIRECTION ( 'NONE',  ( 0.9912875121006776702, 0.09334070869305804985, 0.09293320425943860097 ) ) ;
#5999 = ORIENTED_EDGE ( 'NONE', *, *, #6679, .T. ) ;
#6000 = AXIS2_PLACEMENT_3D ( 'NONE', #7430, #6225, #5959 ) ;
#6001 = TOROIDAL_SURFACE ( 'NONE', #7169, 0.05000000000000008604, 0.02500000000000002914 ) ;
#6002 = UNCERTAINTY_MEASURE_WITH_UNIT (LENGTH_MEASURE( 1.000000000000000082E-05 ), #2954, 'distance_accuracy_value', 'NONE');
#6003 = SURFACE_SIDE_STYLE ('',( #5764 ) ) ;
#6004 = DIRECTION ( 'NONE',  ( 0.000000000000000000, 0.000000000000000000, 1.000000000000000000 ) ) ;
#6005 = ORIENTED_EDGE ( 'NONE', *, *, #3444, .F. ) ;
#6006 = VERTEX_POINT ( 'NONE', #8938 ) ;
#6007 = CARTESIAN_POINT ( 'NONE',  ( -1.000000000000000000, -0.2000000000000000111, 0.5999999999999999778 ) ) ;
#6008 = EDGE_CURVE ( 'NONE', #9087, #9849, #5410, .T. ) ;
#6009 = SURFACE_STYLE_USAGE ( .BOTH. , #3653 ) ;
#6010 = DIRECTION ( 'NONE',  ( 0.000000000000000000, -1.000000000000000000, 0.000000000000000000 ) ) ;
#6011 = STYLED_ITEM ( 'NONE', ( #5475 ), #2513 ) ;
#6012 = FILL_AREA_STYLE ('',( #697 ) ) ;
#6013 =( LENGTH_UNIT ( ) NAMED_UNIT ( * ) SI_UNIT ( .MILLI., .METRE. ) );
#6014 = CIRCLE ( 'NONE', #8404, 0.02500000000000001874 ) ;
#6015 =( NAMED_UNIT ( * ) PLANE_ANGLE_UNIT ( ) SI_UNIT ( $, .RADIAN. ) );
#6016 = ORIENTED_EDGE ( 'NONE', *, *, #8315, .F. ) ;
#6017 = AXIS2_PLACEMENT_3D ( 'NONE', #6179, #8475, #1661 ) ;
#6018 = VERTEX_POINT ( 'NONE', #9658 ) ;
#6019 = CIRCLE ( 'NONE', #8705, 0.02499999999999993894 ) ;
#6020 = EDGE_LOOP ( 'NONE', ( #683, #9054, #133, #4416, #2462, #3894, #8993, #8245, #7174, #5738, #4071, #2466 ) ) ;
#6021 = COLOUR_RGB ( '',1.000000000000000000, 0.7529411764705882248, 0.7529411764705882248 ) ;
#6022 = DIRECTION ( 'NONE',  ( 1.000000000000000000, 0.000000000000000000, -0.000000000000000000 ) ) ;
#6023 =( NAMED_UNIT ( * ) SI_UNIT ( $, .STERADIAN. ) SOLID_ANGLE_UNIT ( ) );
#6024 =( NAMED_UNIT ( * ) PLANE_ANGLE_UNIT ( ) SI_UNIT ( $, .RADIAN. ) );
#6025 = EDGE_CURVE ( 'NONE', #3276, #3276, #3381, .T. ) ;
#6026 = CARTESIAN_POINT ( 'NONE',  ( 0.2050000000000000988, -0.5949999999999997513, 0.4799999999999999822 ) ) ;
#6027 = ORIENTED_EDGE ( 'NONE', *, *, #1017, .T. ) ;
#6028 =( LENGTH_UNIT ( ) NAMED_UNIT ( * ) SI_UNIT ( .MILLI., .METRE. ) );
#6029 =( NAMED_UNIT ( * ) SI_UNIT ( $, .STERADIAN. ) SOLID_ANGLE_UNIT ( ) );
#6030 = VERTEX_POINT ( 'NONE', #5632 ) ;
#6031 = CARTESIAN_POINT ( 'NONE',  ( -0.5499999999999999334, -0.7299999999999999822, 0.1999999999999999278 ) ) ;
#6032 = FACE_OUTER_BOUND ( 'NONE', #8970, .T. ) ;
#6033 = STYLED_ITEM ( 'NONE', ( #6878 ), #6627 ) ;
#6034 =( LENGTH_UNIT ( ) NAMED_UNIT ( * ) SI_UNIT ( .MILLI., .METRE. ) );
#6035 = UNCERTAINTY_MEASURE_WITH_UNIT (LENGTH_MEASURE( 1.000000000000000082E-05 ), #7554, 'distance_accuracy_value', 'NONE');
#6036 = SURFACE_SIDE_STYLE ('',( #5271 ) ) ;
#6037 = APPLICATION_PROTOCOL_DEFINITION ( 'draft international standard', 'automotive_design', 1998, #1556 ) ;
#6038 = DIRECTION ( 'NONE',  ( -1.000000000000000000, 0.000000000000000000, -1.548860246407869056E-15 ) ) ;
#6039 = EDGE_CURVE ( 'NONE', #2359, #2873, #9223, .T. ) ;
#6040 =( NAMED_UNIT ( * ) SI_UNIT ( $, .STERADIAN. ) SOLID_ANGLE_UNIT ( ) );
#6041 = DIRECTION ( 'NONE',  ( 1.000000000000000000, 0.000000000000000000, 0.000000000000000000 ) ) ;
#6042 =( GEOMETRIC_REPRESENTATION_CONTEXT ( 3 ) GLOBAL_UNCERTAINTY_ASSIGNED_CONTEXT ( ( #2203 ) ) GLOBAL_UNIT_ASSIGNED_CONTEXT ( ( #1114, #8719, #4837 ) ) REPRESENTATION_CONTEXT ( 'NONE', 'WORKASPACE' ) );
#6043 =( LENGTH_UNIT ( ) NAMED_UNIT ( * ) SI_UNIT ( .MILLI., .METRE. ) );
#6044 = CYLINDRICAL_SURFACE ( 'NONE', #41, 0.02500000000000003261 ) ;
#6045 = CARTESIAN_POINT ( 'NONE',  ( -0.1536670354346527934, -0.6449999999999996847, -0.4302182886970355447 ) ) ;
#6046 = PRESENTATION_LAYER_ASSIGNMENT (  '', '', ( #4633 ) ) ;
#6047 = TOROIDAL_SURFACE ( 'NONE', #1131, 0.05000000000000002359, 0.02499999999999996669 ) ;
#6048 = DIRECTION ( 'NONE',  ( -0.09334070869305721718, 0.000000000000000000, 0.9956342260592883076 ) ) ;
#6049 = VECTOR ( 'NONE', #6240, 1000.000000000000000 ) ;
#6050 =( GEOMETRIC_REPRESENTATION_CONTEXT ( 3 ) GLOBAL_UNCERTAINTY_ASSIGNED_CONTEXT ( ( #4705 ) ) GLOBAL_UNIT_ASSIGNED_CONTEXT ( ( #5214, #7632, #4545 ) ) REPRESENTATION_CONTEXT ( 'NONE', 'WORKASPACE' ) );
#6051 = DIRECTION ( 'NONE',  ( 1.000000000000000000, 0.000000000000000000, 6.023345402697245486E-17 ) ) ;
#6052 = EDGE_CURVE ( 'NONE', #1758, #1758, #7436, .T. ) ;
#6053 =( GEOMETRIC_REPRESENTATION_CONTEXT ( 3 ) GLOBAL_UNCERTAINTY_ASSIGNED_CONTEXT ( ( #4977 ) ) GLOBAL_UNIT_ASSIGNED_CONTEXT ( ( #2461, #7812, #1005 ) ) REPRESENTATION_CONTEXT ( 'NONE', 'WORKASPACE' ) );
#6054 = CARTESIAN_POINT ( 'NONE',  ( -0.2999999999999999334, -0.5949999999999997513, 0.4799999999999999822 ) ) ;
#6055 = ORIENTED_EDGE ( 'NONE', *, *, #8040, .F. ) ;
#6056 =( GEOMETRIC_REPRESENTATION_CONTEXT ( 3 ) GLOBAL_UNCERTAINTY_ASSIGNED_CONTEXT ( ( #5373 ) ) GLOBAL_UNIT_ASSIGNED_CONTEXT ( ( #2569, #6528, #2030 ) ) REPRESENTATION_CONTEXT ( 'NONE', 'WORKASPACE' ) );
#6057 = UNCERTAINTY_MEASURE_WITH_UNIT (LENGTH_MEASURE( 1.000000000000000082E-05 ), #7112, 'distance_accuracy_value', 'NONE');
#6058 =( NAMED_UNIT ( * ) PLANE_ANGLE_UNIT ( ) SI_UNIT ( $, .RADIAN. ) );
#6059 = FILL_AREA_STYLE_COLOUR ( '', #6496 ) ;
#6060 =( GEOMETRIC_REPRESENTATION_CONTEXT ( 3 ) GLOBAL_UNCERTAINTY_ASSIGNED_CONTEXT ( ( #165 ) ) GLOBAL_UNIT_ASSIGNED_CONTEXT ( ( #8189, #8965, #7347 ) ) REPRESENTATION_CONTEXT ( 'NONE', 'WORKASPACE' ) );
#6061 = CARTESIAN_POINT ( 'NONE',  ( -0.3850000000000000089, -0.6499999999999999112, -0.4299999999999999933 ) ) ;
#6062 = SURFACE_SIDE_STYLE ('',( #4447 ) ) ;
#6063 = SURFACE_STYLE_FILL_AREA ( #8538 ) ;
#6064 = PRESENTATION_STYLE_ASSIGNMENT (( #4986 ) ) ;
#6065 = CARTESIAN_POINT ( 'NONE',  ( -0.2099999999999999090, -0.2750000000000000222, -0.4799999999999999822 ) ) ;
#6066 = CIRCLE ( 'NONE', #3816, 0.02499999999999995628 ) ;
#6067 = PRESENTATION_STYLE_ASSIGNMENT (( #6147 ) ) ;
#6068 = CARTESIAN_POINT ( 'NONE',  ( -1.000000000000000000, -0.1999999999999999833, 0.5999999999999999778 ) ) ;
#6069 = EDGE_CURVE ( 'NONE', #1859, #5260, #1142, .T. ) ;
#6070 = EDGE_LOOP ( 'NONE', ( #6838, #6016, #1862, #7887 ) ) ;
#6071 =( GEOMETRIC_REPRESENTATION_CONTEXT ( 3 ) GLOBAL_UNCERTAINTY_ASSIGNED_CONTEXT ( ( #7846 ) ) GLOBAL_UNIT_ASSIGNED_CONTEXT ( ( #4285, #5055, #2008 ) ) REPRESENTATION_CONTEXT ( 'NONE', 'WORKASPACE' ) );
#6072 = PRESENTATION_STYLE_ASSIGNMENT (( #6581 ) ) ;
#6073 = SURFACE_STYLE_FILL_AREA ( #3138 ) ;
#6074 = CARTESIAN_POINT ( 'NONE',  ( -0.2099999999999999090, -0.2750000000000000222, -0.4799999999999999822 ) ) ;
#6075 = DIRECTION ( 'NONE',  ( 1.000000000000000000, 0.000000000000000000, 0.000000000000000000 ) ) ;
#6076 = ORIENTED_EDGE ( 'NONE', *, *, #3763, .F. ) ;
#6077 = CARTESIAN_POINT ( 'NONE',  ( 0.4699999999999999178, -0.6499999999999998002, -0.4000000000000000222 ) ) ;
#6078 = CLOSED_SHELL ( 'NONE', ( #282, #1614, #6845, #6573, #895, #2981, #3602, #6832, #7442, #2107, #9280 ) ) ;
#6079 = LINE ( 'NONE', #1223, #3552 ) ;
#6080 = DIRECTION ( 'NONE',  ( 0.000000000000000000, -1.000000000000000000, 0.000000000000000000 ) ) ;
#6081 = EDGE_CURVE ( 'NONE', #7370, #5037, #3170, .T. ) ;
#6082 = STYLED_ITEM ( 'NONE', ( #283 ), #3280 ) ;
#6083 = PLANE ( 'NONE',  #6813 ) ;
#6084 = EDGE_LOOP ( 'NONE', ( #8859 ) ) ;
#6085 = FILL_AREA_STYLE ('',( #7490 ) ) ;
#6086 = PLANE ( 'NONE',  #9185 ) ;
#6087 = UNCERTAINTY_MEASURE_WITH_UNIT (LENGTH_MEASURE( 1.000000000000000082E-05 ), #1792, 'distance_accuracy_value', 'NONE');
#6088 =( LENGTH_UNIT ( ) NAMED_UNIT ( * ) SI_UNIT ( .MILLI., .METRE. ) );
#6089 = TOROIDAL_SURFACE ( 'NONE', #4515, 0.05000000000000002359, 0.02499999999999996669 ) ;
#6090 = PRESENTATION_STYLE_ASSIGNMENT (( #9614 ) ) ;
#6091 = LINE ( 'NONE', #6959, #6688 ) ;
#6092 = CARTESIAN_POINT ( 'NONE',  ( -1.000000000000000000, -0.2000000000000000111, 0.5999999999999999778 ) ) ;
#6093 = ORIENTED_EDGE ( 'NONE', *, *, #9771, .T. ) ;
#6094 = STYLED_ITEM ( 'NONE', ( #8704 ), #237 ) ;
#6095 = AXIS2_PLACEMENT_3D ( 'NONE', #5259, #7570, #9032 ) ;
#6096 = COLOUR_RGB ( '',1.000000000000000000, 0.7529411764705882248, 0.7529411764705882248 ) ;
#6097 = CYLINDRICAL_SURFACE ( 'NONE', #2753, 0.02500000000000006384 ) ;
#6098 = DIRECTION ( 'NONE',  ( -1.000000000000000000, 0.000000000000000000, 0.000000000000000000 ) ) ;
#6099 = MANIFOLD_SOLID_BREP ( 'LPattern1[8]', #6456 ) ;
#6100 = SURFACE_SIDE_STYLE ('',( #8393 ) ) ;
#6101 = SURFACE_SIDE_STYLE ('',( #4734 ) ) ;
#6102 = AXIS2_PLACEMENT_3D ( 'NONE', #9787, #3096, #2377 ) ;
#6103 = VECTOR ( 'NONE', #3687, 1000.000000000000000 ) ;
#6104 = VECTOR ( 'NONE', #5360, 1000.000000000000000 ) ;
#6105 = SURFACE_STYLE_USAGE ( .BOTH. , #800 ) ;
#6106 = FILL_AREA_STYLE_COLOUR ( '', #83 ) ;
#6107 = FACE_OUTER_BOUND ( 'NONE', #6407, .T. ) ;
#6108 = DIRECTION ( 'NONE',  ( 0.000000000000000000, 0.000000000000000000, 1.000000000000000000 ) ) ;
#6109 = STYLED_ITEM ( 'NONE', ( #2084 ), #4561 ) ;
#6110 = DIRECTION ( 'NONE',  ( 0.000000000000000000, -1.000000000000000000, 0.000000000000000000 ) ) ;
#6111 = EDGE_CURVE ( 'NONE', #8868, #8868, #8620, .T. ) ;
#6112 = CARTESIAN_POINT ( 'NONE',  ( 0.9750000000000001998, -0.1999999999999999833, 0.5999999999999999778 ) ) ;
#6113 = UNCERTAINTY_MEASURE_WITH_UNIT (LENGTH_MEASURE( 1.000000000000000082E-05 ), #7655, 'distance_accuracy_value', 'NONE');
#6114 = CYLINDRICAL_SURFACE ( 'NONE', #5376, 0.02500000000000006384 ) ;
#6115 = STYLED_ITEM ( 'NONE', ( #8310 ), #895 ) ;
#6116 = ORIENTED_EDGE ( 'NONE', *, *, #9181, .T. ) ;
#6117 = TOROIDAL_SURFACE ( 'NONE', #3801, 0.05000000000000002359, 0.02500000000000002914 ) ;
#6118 = AXIS2_PLACEMENT_3D ( 'NONE', #5448, #4611, #3941 ) ;
#6119 =( GEOMETRIC_REPRESENTATION_CONTEXT ( 3 ) GLOBAL_UNCERTAINTY_ASSIGNED_CONTEXT ( ( #3152 ) ) GLOBAL_UNIT_ASSIGNED_CONTEXT ( ( #5383, #8451, #9158 ) ) REPRESENTATION_CONTEXT ( 'NONE', 'WORKASPACE' ) );
#6120 = ADVANCED_FACE ( 'NONE', ( #1644, #7175 ), #9804, .T. ) ;
#6121 = CIRCLE ( 'NONE', #2370, 0.02500000000000002567 ) ;
#6122 = FILL_AREA_STYLE ('',( #6784 ) ) ;
#6123 = CARTESIAN_POINT ( 'NONE',  ( -0.8170483142762321460, -0.9300000000000001599, -0.3999999999999992450 ) ) ;
#6124 = EDGE_LOOP ( 'NONE', ( #5560 ) ) ;
#6125 = EDGE_LOOP ( 'NONE', ( #3371 ) ) ;
#6126 = PRESENTATION_STYLE_ASSIGNMENT (( #6381 ) ) ;
#6127 = FILL_AREA_STYLE ('',( #9775 ) ) ;
#6128 = UNCERTAINTY_MEASURE_WITH_UNIT (LENGTH_MEASURE( 1.000000000000000082E-05 ), #9301, 'distance_accuracy_value', 'NONE');
#6129 = SURFACE_SIDE_STYLE ('',( #9649 ) ) ;
#6130 = EDGE_CURVE ( 'NONE', #7701, #7701, #6723, .T. ) ;
#6131 = AXIS2_PLACEMENT_3D ( 'NONE', #5588, #1842, #7920 ) ;
#6132 =( GEOMETRIC_REPRESENTATION_CONTEXT ( 3 ) GLOBAL_UNCERTAINTY_ASSIGNED_CONTEXT ( ( #2582 ) ) GLOBAL_UNIT_ASSIGNED_CONTEXT ( ( #4699, #2501, #110 ) ) REPRESENTATION_CONTEXT ( 'NONE', 'WORKASPACE' ) );
#6133 = ORIENTED_EDGE ( 'NONE', *, *, #8444, .T. ) ;
#6134 = ADVANCED_FACE ( 'NONE', ( #1008 ), #8252, .T. ) ;
#6135 = VERTEX_POINT ( 'NONE', #5026 ) ;
#6136 = CARTESIAN_POINT ( 'NONE',  ( 1.000000000000000000, 0.000000000000000000, -0.5999999999999999778 ) ) ;
#6137 = PLANE ( 'NONE',  #5102 ) ;
#6138 = ORIENTED_EDGE ( 'NONE', *, *, #8785, .T. ) ;
#6139 = FACE_OUTER_BOUND ( 'NONE', #3593, .T. ) ;
#6140 = DIRECTION ( 'NONE',  ( 0.000000000000000000, 0.000000000000000000, 1.000000000000000000 ) ) ;
#6141 = CARTESIAN_POINT ( 'NONE',  ( -0.5699999999999998401, -0.9249999999999999334, 0.4000000000000000222 ) ) ;
#6142 = FACE_OUTER_BOUND ( 'NONE', #586, .T. ) ;
#6143 = VERTEX_POINT ( 'NONE', #6489 ) ;
#6144 = PRESENTATION_LAYER_ASSIGNMENT (  '', '', ( #6011 ) ) ;
#6145 = CARTESIAN_POINT ( 'NONE',  ( -0.5099632742307173006, -0.5949999999999999734, -0.4500000000000000111 ) ) ;
#6146 = PRESENTATION_STYLE_ASSIGNMENT (( #8598 ) ) ;
#6147 = SURFACE_STYLE_USAGE ( .BOTH. , #6943 ) ;
#6148 = SURFACE_SIDE_STYLE ('',( #9483 ) ) ;
#6149 =( GEOMETRIC_REPRESENTATION_CONTEXT ( 3 ) GLOBAL_UNCERTAINTY_ASSIGNED_CONTEXT ( ( #225 ) ) GLOBAL_UNIT_ASSIGNED_CONTEXT ( ( #9276, #5537, #6289 ) ) REPRESENTATION_CONTEXT ( 'NONE', 'WORKASPACE' ) );
#6150 =( NAMED_UNIT ( * ) SI_UNIT ( $, .STERADIAN. ) SOLID_ANGLE_UNIT ( ) );
#6151 = ORIENTED_EDGE ( 'NONE', *, *, #9602, .T. ) ;
#6152 =( NAMED_UNIT ( * ) SI_UNIT ( $, .STERADIAN. ) SOLID_ANGLE_UNIT ( ) );
#6153 = VECTOR ( 'NONE', #2744, 1000.000000000000000 ) ;
#6154 = DIRECTION ( 'NONE',  ( 0.000000000000000000, 0.7578075450417297576, -0.6524781411494385841 ) ) ;
#6155 = ADVANCED_FACE ( 'NONE', ( #420, #2559 ), #1137, .T. ) ;
#6156 = COLOUR_RGB ( '',1.000000000000000000, 0.7529411764705882248, 0.7529411764705882248 ) ;
#6157 = AXIS2_PLACEMENT_3D ( 'NONE', #357, #1055, #1121 ) ;
#6158 = SURFACE_STYLE_FILL_AREA ( #8894 ) ;
#6159 = UNCERTAINTY_MEASURE_WITH_UNIT (LENGTH_MEASURE( 1.000000000000000082E-05 ), #2881, 'distance_accuracy_value', 'NONE');
#6160 = PRESENTATION_STYLE_ASSIGNMENT (( #8298 ) ) ;
#6161 = ORIENTED_EDGE ( 'NONE', *, *, #8633, .F. ) ;
#6162 = STYLED_ITEM ( 'NONE', ( #3183 ), #6986 ) ;
#6163 = PRESENTATION_STYLE_ASSIGNMENT (( #1826 ) ) ;
#6164 = EDGE_LOOP ( 'NONE', ( #6976 ) ) ;
#6165 = CARTESIAN_POINT ( 'NONE',  ( -0.5499999999999999334, -0.9000000000000000222, 0.1999999999999999278 ) ) ;
#6166 = PRESENTATION_STYLE_ASSIGNMENT (( #2293 ) ) ;
#6167 = SURFACE_STYLE_FILL_AREA ( #3980 ) ;
#6168 = FACE_OUTER_BOUND ( 'NONE', #1331, .T. ) ;
#6169 = EDGE_LOOP ( 'NONE', ( #5887 ) ) ;
#6170 = EDGE_CURVE ( 'NONE', #6249, #6249, #8264, .T. ) ;
#6171 = STYLED_ITEM ( 'NONE', ( #1458 ), #560 ) ;
#6172 = DIRECTION ( 'NONE',  ( 2.168404344971012812E-15, 0.000000000000000000, -1.000000000000000000 ) ) ;
#6173 = DIRECTION ( 'NONE',  ( 0.9825750242013556734, 0.000000000000000000, 0.1858664085188749815 ) ) ;
#6174 = CARTESIAN_POINT ( 'NONE',  ( 0.2550000000000001155, -0.2250000000000000611, 0.3799999999999999489 ) ) ;
#6175 = PRESENTATION_LAYER_ASSIGNMENT (  '', '', ( #8720 ) ) ;
#6176 = SURFACE_SIDE_STYLE ('',( #1787 ) ) ;
#6177 = DIRECTION ( 'NONE',  ( 0.000000000000000000, 0.000000000000000000, 1.000000000000000000 ) ) ;
#6178 = PRESENTATION_STYLE_ASSIGNMENT (( #8742 ) ) ;
#6179 = CARTESIAN_POINT ( 'NONE',  ( 0.000000000000000000, -0.7299999999999999822, 0.000000000000000000 ) ) ;
#6180 = VECTOR ( 'NONE', #1977, 1000.000000000000000 ) ;
#6181 = UNCERTAINTY_MEASURE_WITH_UNIT (LENGTH_MEASURE( 1.000000000000000082E-05 ), #9642, 'distance_accuracy_value', 'NONE');
#6182 = MECHANICAL_DESIGN_GEOMETRIC_PRESENTATION_REPRESENTATION (  '', ( #5667 ), #9424 ) ;
#6183 = ORIENTED_EDGE ( 'NONE', *, *, #3976, .T. ) ;
#6184 = AXIS2_PLACEMENT_3D ( 'NONE', #3771, #2963, #6048 ) ;
#6185 =( NAMED_UNIT ( * ) PLANE_ANGLE_UNIT ( ) SI_UNIT ( $, .RADIAN. ) );
#6186 = PRESENTATION_LAYER_ASSIGNMENT (  '', '', ( #4461 ) ) ;
#6187 = FACE_OUTER_BOUND ( 'NONE', #2691, .T. ) ;
#6188 = VECTOR ( 'NONE', #1981, 999.9999999999998863 ) ;
#6189 = AXIS2_PLACEMENT_3D ( 'NONE', #7030, #4029, #937 ) ;
#6190 = FACE_OUTER_BOUND ( 'NONE', #3858, .T. ) ;
#6191 = DIRECTION ( 'NONE',  ( 0.000000000000000000, 1.000000000000000000, 0.000000000000000000 ) ) ;
#6192 = FACE_OUTER_BOUND ( 'NONE', #5703, .T. ) ;
#6193 = SURFACE_STYLE_USAGE ( .BOTH. , #6932 ) ;
#6194 = CYLINDRICAL_SURFACE ( 'NONE', #4799, 0.02500000000000001180 ) ;
#6195 = FILL_AREA_STYLE_COLOUR ( '', #5774 ) ;
#6196 = STYLED_ITEM ( 'NONE', ( #1011 ), #2368 ) ;
#6197 = ORIENTED_EDGE ( 'NONE', *, *, #3333, .F. ) ;
#6198 = DIRECTION ( 'NONE',  ( 0.000000000000000000, -1.000000000000000000, 0.000000000000000000 ) ) ;
#6199 = ADVANCED_FACE ( 'NONE', ( #7172 ), #5490, .T. ) ;
#6200 = FACE_OUTER_BOUND ( 'NONE', #1483, .T. ) ;
#6201 = FACE_OUTER_BOUND ( 'NONE', #4565, .T. ) ;
#6202 = DIRECTION ( 'NONE',  ( 0.000000000000000000, 0.000000000000000000, 1.000000000000000000 ) ) ;
#6203 = DIRECTION ( 'NONE',  ( -1.000000000000000000, 0.000000000000000000, 0.000000000000000000 ) ) ;
#6204 = MECHANICAL_DESIGN_GEOMETRIC_PRESENTATION_REPRESENTATION (  '', ( #9696 ), #3165 ) ;
#6205 = DIRECTION ( 'NONE',  ( -1.000000000000000000, 0.000000000000000000, -0.000000000000000000 ) ) ;
#6206 =( NAMED_UNIT ( * ) PLANE_ANGLE_UNIT ( ) SI_UNIT ( $, .RADIAN. ) );
#6207 =( LENGTH_UNIT ( ) NAMED_UNIT ( * ) SI_UNIT ( .MILLI., .METRE. ) );
#6208 = ORIENTED_EDGE ( 'NONE', *, *, #6568, .T. ) ;
#6209 = CARTESIAN_POINT ( 'NONE',  ( -0.1639999999999998959, -0.2750000000000000777, 0.4799999999999999822 ) ) ;
#6210 = VECTOR ( 'NONE', #6341, 1000.000000000000000 ) ;
#6211 = UNCERTAINTY_MEASURE_WITH_UNIT (LENGTH_MEASURE( 1.000000000000000082E-05 ), #8828, 'distance_accuracy_value', 'NONE');
#6212 = COLOUR_RGB ( '',1.000000000000000000, 0.7529411764705882248, 0.7529411764705882248 ) ;
#6213 = LINE ( 'NONE', #7675, #4058 ) ;
#6214 =( LENGTH_UNIT ( ) NAMED_UNIT ( * ) SI_UNIT ( .MILLI., .METRE. ) );
#6215 = STYLED_ITEM ( 'NONE', ( #6487 ), #6832 ) ;
#6216 =( NAMED_UNIT ( * ) PLANE_ANGLE_UNIT ( ) SI_UNIT ( $, .RADIAN. ) );
#6217 = SURFACE_STYLE_USAGE ( .BOTH. , #7633 ) ;
#6218 = ORIENTED_EDGE ( 'NONE', *, *, #4440, .T. ) ;
#6219 = LINE ( 'NONE', #6629, #6103 ) ;
#6220 = ORIENTED_EDGE ( 'NONE', *, *, #6332, .F. ) ;
#6221 = EDGE_LOOP ( 'NONE', ( #3240 ) ) ;
#6222 = EDGE_CURVE ( 'NONE', #3739, #3739, #3543, .T. ) ;
#6223 = TOROIDAL_SURFACE ( 'NONE', #3689, 0.04999999999999997502, 0.02500000000000002914 ) ;
#6224 = MECHANICAL_DESIGN_GEOMETRIC_PRESENTATION_REPRESENTATION (  '', ( #132 ), #6747 ) ;
#6225 = DIRECTION ( 'NONE',  ( 0.000000000000000000, 0.000000000000000000, 1.000000000000000000 ) ) ;
#6226 = SURFACE_STYLE_USAGE ( .BOTH. , #6966 ) ;
#6227 = AXIS2_PLACEMENT_3D ( 'NONE', #3014, #3744, #7604 ) ;
#6228 = EDGE_LOOP ( 'NONE', ( #9156, #5095, #2389, #2024, #4996 ) ) ;
#6229 =( NAMED_UNIT ( * ) PLANE_ANGLE_UNIT ( ) SI_UNIT ( $, .RADIAN. ) );
#6230 = EDGE_LOOP ( 'NONE', ( #8501 ) ) ;
#6231 = SURFACE_SIDE_STYLE ('',( #6739 ) ) ;
#6232 = CARTESIAN_POINT ( 'NONE',  ( 1.000000000000000000, 0.000000000000000000, 0.5999999999999999778 ) ) ;
#6233 = FILL_AREA_STYLE ('',( #6908 ) ) ;
#6234 = SURFACE_STYLE_FILL_AREA ( #9363 ) ;
#6235 = STYLED_ITEM ( 'NONE', ( #4268 ), #4861 ) ;
#6236 = CARTESIAN_POINT ( 'NONE',  ( 0.5971271687890935542, -0.8594808320908571275, 0.2471271687890910229 ) ) ;
#6237 = DIRECTION ( 'NONE',  ( -1.000000000000000000, 0.000000000000000000, 2.168404344971010446E-15 ) ) ;
#6238 = STYLED_ITEM ( 'NONE', ( #3134 ), #1261 ) ;
#6239 = EDGE_LOOP ( 'NONE', ( #2416 ) ) ;
#6240 = DIRECTION ( 'NONE',  ( -1.000000000000000000, -0.000000000000000000, -0.000000000000000000 ) ) ;
#6241 = VERTEX_POINT ( 'NONE', #3576 ) ;
#6242 = COLOUR_RGB ( '',1.000000000000000000, 0.7529411764705882248, 0.7529411764705882248 ) ;
#6243 = AXIS2_PLACEMENT_3D ( 'NONE', #5254, #7600, #4549 ) ;
#6244 = LINE ( 'NONE', #297, #5043 ) ;
#6245 = CARTESIAN_POINT ( 'NONE',  ( 0.1840000000000000802, -0.5949999999999998623, -0.4799999999999999822 ) ) ;
#6246 = ADVANCED_FACE ( 'NONE', ( #6533, #4028 ), #8089, .T. ) ;
#6247 = CARTESIAN_POINT ( 'NONE',  ( -0.5099632742307173006, -0.2250000000000000056, -0.5999999999999999778 ) ) ;
#6248 = VECTOR ( 'NONE', #2733, 1000.000000000000000 ) ;
#6249 = VERTEX_POINT ( 'NONE', #3548 ) ;
#6250 = SURFACE_STYLE_USAGE ( .BOTH. , #6062 ) ;
#6251 = CARTESIAN_POINT ( 'NONE',  ( 0.01200000000000008872, -0.2750000000000000222, -0.4799999999999999822 ) ) ;
#6252 = PRESENTATION_STYLE_ASSIGNMENT (( #8201 ) ) ;
#6253 =( NAMED_UNIT ( * ) PLANE_ANGLE_UNIT ( ) SI_UNIT ( $, .RADIAN. ) );
#6254 = VERTEX_POINT ( 'NONE', #9459 ) ;
#6255 = DIRECTION ( 'NONE',  ( 1.000000000000000000, 0.000000000000000000, 0.000000000000000000 ) ) ;
#6256 = EDGE_LOOP ( 'NONE', ( #1993 ) ) ;
#6257 = ADVANCED_FACE ( 'NONE', ( #5583, #8339 ), #2864, .T. ) ;
#6258 = FILL_AREA_STYLE_COLOUR ( '', #5657 ) ;
#6259 = EDGE_CURVE ( 'NONE', #7682, #2565, #9514, .T. ) ;
#6260 =( LENGTH_UNIT ( ) NAMED_UNIT ( * ) SI_UNIT ( .MILLI., .METRE. ) );
#6261 = DIRECTION ( 'NONE',  ( 0.09334070869305820251, 0.000000000000000000, -0.9956342260592881965 ) ) ;
#6262 = AXIS2_PLACEMENT_3D ( 'NONE', #4163, #8870, #2026 ) ;
#6263 = PLANE ( 'NONE',  #3434 ) ;
#6264 = CYLINDRICAL_SURFACE ( 'NONE', #7062, 0.02500000000000006384 ) ;
#6265 = DIRECTION ( 'NONE',  ( 1.000000000000000000, 0.000000000000000000, 0.000000000000000000 ) ) ;
#6266 = ORIENTED_EDGE ( 'NONE', *, *, #6993, .F. ) ;
#6267 = DIRECTION ( 'NONE',  ( -0.3236155771181907781, -0.8891264907159884823, 0.3236155771181782881 ) ) ;
#6268 = FILL_AREA_STYLE_COLOUR ( '', #3307 ) ;
#6269 = ORIENTED_EDGE ( 'NONE', *, *, #1079, .T. ) ;
#6270 = COLOUR_RGB ( '',1.000000000000000000, 0.7529411764705882248, 0.7529411764705882248 ) ;
#6271 = COLOUR_RGB ( '',1.000000000000000000, 0.7529411764705882248, 0.7529411764705882248 ) ;
#6272 =( GEOMETRIC_REPRESENTATION_CONTEXT ( 3 ) GLOBAL_UNCERTAINTY_ASSIGNED_CONTEXT ( ( #3393 ) ) GLOBAL_UNIT_ASSIGNED_CONTEXT ( ( #6334, #1802, #1731 ) ) REPRESENTATION_CONTEXT ( 'NONE', 'WORKASPACE' ) );
#6273 = CARTESIAN_POINT ( 'NONE',  ( 0.4522282473117545387, 0.000000000000000000, -0.4999999999999998890 ) ) ;
#6274 = MECHANICAL_DESIGN_GEOMETRIC_PRESENTATION_REPRESENTATION (  '', ( #2917 ), #4236 ) ;
#6275 = DIRECTION ( 'NONE',  ( 0.000000000000000000, -1.000000000000000000, 0.000000000000000000 ) ) ;
#6276 = LINE ( 'NONE', #9019, #3518 ) ;
#6277 = ORIENTED_EDGE ( 'NONE', *, *, #2478, .F. ) ;
#6278 = FILL_AREA_STYLE ('',( #1648 ) ) ;
#6279 = EDGE_LOOP ( 'NONE', ( #3383, #2207, #8852, #3373 ) ) ;
#6280 =( NAMED_UNIT ( * ) SI_UNIT ( $, .STERADIAN. ) SOLID_ANGLE_UNIT ( ) );
#6281 = DIRECTION ( 'NONE',  ( -1.000000000000000000, 0.000000000000000000, 0.000000000000000000 ) ) ;
#6282 = EDGE_CURVE ( 'NONE', #877, #8914, #848, .T. ) ;
#6283 = STYLED_ITEM ( 'NONE', ( #939 ), #776 ) ;
#6284 = FILL_AREA_STYLE_COLOUR ( '', #4348 ) ;
#6285 =( NAMED_UNIT ( * ) PLANE_ANGLE_UNIT ( ) SI_UNIT ( $, .RADIAN. ) );
#6286 = AXIS2_PLACEMENT_3D ( 'NONE', #190, #8481, #9284 ) ;
#6287 = UNCERTAINTY_MEASURE_WITH_UNIT (LENGTH_MEASURE( 1.000000000000000082E-05 ), #1790, 'distance_accuracy_value', 'NONE');
#6288 = FILL_AREA_STYLE ('',( #2532 ) ) ;
#6289 =( NAMED_UNIT ( * ) SI_UNIT ( $, .STERADIAN. ) SOLID_ANGLE_UNIT ( ) );
#6290 = LINE ( 'NONE', #8154, #5474 ) ;
#6291 = EDGE_LOOP ( 'NONE', ( #1969 ) ) ;
#6292 = FILL_AREA_STYLE_COLOUR ( '', #4367 ) ;
#6293 = VERTEX_POINT ( 'NONE', #8435 ) ;
#6294 = MECHANICAL_DESIGN_GEOMETRIC_PRESENTATION_REPRESENTATION (  '', ( #5673 ), #902 ) ;
#6295 = DIRECTION ( 'NONE',  ( -1.000000000000000000, 0.000000000000000000, -3.614007241618344826E-16 ) ) ;
#6296 = SURFACE_STYLE_FILL_AREA ( #4340 ) ;
#6297 = ADVANCED_FACE ( 'NONE', ( #3675 ), #7743, .F. ) ;
#6298 = ORIENTED_EDGE ( 'NONE', *, *, #4142, .F. ) ;
#6299 = COLOUR_RGB ( '',1.000000000000000000, 0.7529411764705882248, 0.7529411764705882248 ) ;
#6300 = ADVANCED_FACE ( 'NONE', ( #2993, #966 ), #9754, .T. ) ;
#6301 = COLOUR_RGB ( '',1.000000000000000000, 1.000000000000000000, 1.000000000000000000 ) ;
#6302 = CARTESIAN_POINT ( 'NONE',  ( 1.000000000000000000, -0.7299999999999999822, 0.5999999999999999778 ) ) ;
#6303 = SURFACE_SIDE_STYLE ('',( #5393 ) ) ;
#6304 = FACE_OUTER_BOUND ( 'NONE', #3263, .T. ) ;
#6305 = EDGE_CURVE ( 'NONE', #9006, #9006, #6066, .T. ) ;
#6306 = AXIS2_PLACEMENT_3D ( 'NONE', #4567, #5300, #3802 ) ;
#6307 = SURFACE_STYLE_USAGE ( .BOTH. , #8591 ) ;
#6308 = ORIENTED_EDGE ( 'NONE', *, *, #6911, .F. ) ;
#6309 = PRESENTATION_STYLE_ASSIGNMENT (( #9740 ) ) ;
#6310 = ADVANCED_FACE ( 'NONE', ( #6187, #7626 ), #4015, .T. ) ;
#6311 =( BOUNDED_CURVE ( )  B_SPLINE_CURVE ( 3, ( #3201, #76, #4666, #5440 ),
 .UNSPECIFIED., .F., .T. ) 
 B_SPLINE_CURVE_WITH_KNOTS ( ( 4, 4 ),
 ( 4.712388980384689674, 6.283185307179586232 ),
 .UNSPECIFIED. ) 
 CURVE ( )  GEOMETRIC_REPRESENTATION_ITEM ( )  RATIONAL_B_SPLINE_CURVE ( ( 1.000000000000000000, 0.8047378541243649375, 0.8047378541243649375, 1.000000000000000000 ) ) 
 REPRESENTATION_ITEM ( '' )  );
#6312 = SURFACE_STYLE_USAGE ( .BOTH. , #7056 ) ;
#6313 = DIRECTION ( 'NONE',  ( 0.9825750242013556734, 0.000000000000000000, 0.1858664085188749815 ) ) ;
#6314 = CIRCLE ( 'NONE', #9451, 0.02499999999999995628 ) ;
#6315 =( LENGTH_UNIT ( ) NAMED_UNIT ( * ) SI_UNIT ( .MILLI., .METRE. ) );
#6316 = CARTESIAN_POINT ( 'NONE',  ( -0.4099999999999999756, -0.2250000000000000611, -0.3799999999999999489 ) ) ;
#6317 = CYLINDRICAL_SURFACE ( 'NONE', #1557, 0.02499999999999995628 ) ;
#6318 = CIRCLE ( 'NONE', #5052, 0.02500000000000001180 ) ;
#6319 = ORIENTED_EDGE ( 'NONE', *, *, #8008, .F. ) ;
#6320 = EDGE_CURVE ( 'NONE', #5517, #9764, #8806, .T. ) ;
#6321 = AXIS2_PLACEMENT_3D ( 'NONE', #389, #5700, #1157 ) ;
#6322 = SURFACE_SIDE_STYLE ('',( #343 ) ) ;
#6323 = ADVANCED_FACE ( 'NONE', ( #4509, #2722 ), #8450, .T. ) ;
#6324 = ORIENTED_EDGE ( 'NONE', *, *, #839, .F. ) ;
#6325 = DIRECTION ( 'NONE',  ( 0.000000000000000000, -1.000000000000000000, 0.000000000000000000 ) ) ;
#6326 = COLOUR_RGB ( '',1.000000000000000000, 1.000000000000000000, 1.000000000000000000 ) ;
#6327 = CLOSED_SHELL ( 'NONE', ( #7084, #3840, #4308, #482, #6134, #2986 ) ) ;
#6328 = LINE ( 'NONE', #2470, #7054 ) ;
#6329 = PRESENTATION_LAYER_ASSIGNMENT (  '', '', ( #7372 ) ) ;
#6330 = ORIENTED_EDGE ( 'NONE', *, *, #9088, .F. ) ;
#6331 = CARTESIAN_POINT ( 'NONE',  ( -0.2343329645653469961, -0.5949999999999997513, 0.4302182886970356002 ) ) ;
#6332 = EDGE_CURVE ( 'NONE', #8542, #399, #7742, .T. ) ;
#6333 = ADVANCED_FACE ( 'NONE', ( #603, #7841 ), #3423, .T. ) ;
#6334 =( LENGTH_UNIT ( ) NAMED_UNIT ( * ) SI_UNIT ( .MILLI., .METRE. ) );
#6335 = UNCERTAINTY_MEASURE_WITH_UNIT (LENGTH_MEASURE( 1.000000000000000082E-05 ), #9842, 'distance_accuracy_value', 'NONE');
#6336 = STYLED_ITEM ( 'NONE', ( #4523 ), #339 ) ;
#6337 = DIRECTION ( 'NONE',  ( -0.09334070869305818863, 0.000000000000000000, 0.9956342260592880855 ) ) ;
#6338 = FACE_OUTER_BOUND ( 'NONE', #3615, .T. ) ;
#6339 = AXIS2_PLACEMENT_3D ( 'NONE', #7241, #2688, #4213 ) ;
#6340 = MECHANICAL_DESIGN_GEOMETRIC_PRESENTATION_REPRESENTATION (  '', ( #2612 ), #6876 ) ;
#6341 = DIRECTION ( 'NONE',  ( -1.000000000000000000, 0.000000000000000000, -3.614007241618344826E-16 ) ) ;
#6342 = VERTEX_POINT ( 'NONE', #4573 ) ;
#6343 = COLOUR_RGB ( '',0.2509803921568627416, 0.2509803921568627416, 0.2509803921568627416 ) ;
#6344 = DIRECTION ( 'NONE',  ( -0.000000000000000000, 1.000000000000000000, -0.000000000000000000 ) ) ;
#6345 = DIRECTION ( 'NONE',  ( 0.000000000000000000, 0.000000000000000000, 1.000000000000000000 ) ) ;
#6346 = DIRECTION ( 'NONE',  ( 0.000000000000000000, 0.000000000000000000, -1.000000000000000000 ) ) ;
#6347 =( NAMED_UNIT ( * ) SI_UNIT ( $, .STERADIAN. ) SOLID_ANGLE_UNIT ( ) );
#6348 = ORIENTED_EDGE ( 'NONE', *, *, #4643, .T. ) ;
#6349 = CYLINDRICAL_SURFACE ( 'NONE', #4200, 0.02500000000000001180 ) ;
#6350 = CARTESIAN_POINT ( 'NONE',  ( -0.4699999999999999178, -0.6999999999999997335, 0.3999999999999999667 ) ) ;
#6351 = STYLED_ITEM ( 'NONE', ( #6166 ), #5054 ) ;
#6352 = ADVANCED_FACE ( 'NONE', ( #4735, #4840 ), #2715, .T. ) ;
#6353 =( LENGTH_UNIT ( ) NAMED_UNIT ( * ) SI_UNIT ( .MILLI., .METRE. ) );
#6354 = CARTESIAN_POINT ( 'NONE',  ( 0.2800000000000001377, -0.2250000000000000611, 0.3799999999999999489 ) ) ;
#6355 = STYLED_ITEM ( 'NONE', ( #6067 ), #1548 ) ;
#6356 =( NAMED_UNIT ( * ) PLANE_ANGLE_UNIT ( ) SI_UNIT ( $, .RADIAN. ) );
#6357 = AXIS2_PLACEMENT_3D ( 'NONE', #6610, #1280, #9763 ) ;
#6358 = VECTOR ( 'NONE', #1641, 1000.000000000000114 ) ;
#6359 =( GEOMETRIC_REPRESENTATION_CONTEXT ( 3 ) GLOBAL_UNCERTAINTY_ASSIGNED_CONTEXT ( ( #648 ) ) GLOBAL_UNIT_ASSIGNED_CONTEXT ( ( #416, #6468, #5720 ) ) REPRESENTATION_CONTEXT ( 'NONE', 'WORKASPACE' ) );
#6360 = VERTEX_POINT ( 'NONE', #9369 ) ;
#6361 = SURFACE_STYLE_FILL_AREA ( #4629 ) ;
#6362 = DIRECTION ( 'NONE',  ( 0.000000000000000000, 0.000000000000000000, 1.000000000000000000 ) ) ;
#6363 = FACE_OUTER_BOUND ( 'NONE', #8907, .T. ) ;
#6364 = DIRECTION ( 'NONE',  ( -1.000000000000000000, 0.000000000000000000, 0.000000000000000000 ) ) ;
#6365 = DIRECTION ( 'NONE',  ( 0.000000000000000000, 1.000000000000000000, 0.000000000000000000 ) ) ;
#6366 = SURFACE_STYLE_FILL_AREA ( #5101 ) ;
#6367 = ADVANCED_FACE ( 'NONE', ( #6649, #8795 ), #7365, .T. ) ;
#6368 = EDGE_CURVE ( 'NONE', #9113, #9113, #5938, .T. ) ;
#6369 = FACE_OUTER_BOUND ( 'NONE', #5165, .T. ) ;
#6370 =( NAMED_UNIT ( * ) PLANE_ANGLE_UNIT ( ) SI_UNIT ( $, .RADIAN. ) );
#6371 = STYLED_ITEM ( 'NONE', ( #1996 ), #2402 ) ;
#6372 = PRESENTATION_STYLE_ASSIGNMENT (( #5704 ) ) ;
#6373 = UNCERTAINTY_MEASURE_WITH_UNIT (LENGTH_MEASURE( 1.000000000000000082E-05 ), #6939, 'distance_accuracy_value', 'NONE');
#6374 = DIRECTION ( 'NONE',  ( 1.000000000000000000, 0.000000000000000000, 0.000000000000000000 ) ) ;
#6375 =( GEOMETRIC_REPRESENTATION_CONTEXT ( 3 ) GLOBAL_UNCERTAINTY_ASSIGNED_CONTEXT ( ( #8923 ) ) GLOBAL_UNIT_ASSIGNED_CONTEXT ( ( #2942, #1478, #544 ) ) REPRESENTATION_CONTEXT ( 'NONE', 'WORKASPACE' ) );
#6376 = LINE ( 'NONE', #866, #6874 ) ;
#6377 = EDGE_LOOP ( 'NONE', ( #3402 ) ) ;
#6378 = DIRECTION ( 'NONE',  ( 0.7578075450417297576, 0.000000000000000000, 0.6524781411494385841 ) ) ;
#6379 = LINE ( 'NONE', #2170, #2388 ) ;
#6380 = SURFACE_SIDE_STYLE ('',( #3242 ) ) ;
#6381 = SURFACE_STYLE_USAGE ( .BOTH. , #1087 ) ;
#6382 = EDGE_CURVE ( 'NONE', #2843, #2944, #2614, .T. ) ;
#6383 =( NAMED_UNIT ( * ) SI_UNIT ( $, .STERADIAN. ) SOLID_ANGLE_UNIT ( ) );
#6384 = AXIS2_PLACEMENT_3D ( 'NONE', #1938, #7982, #3361 ) ;
#6385 = DIRECTION ( 'NONE',  ( -1.000000000000000000, 0.000000000000000000, 0.000000000000000000 ) ) ;
#6386 = DIRECTION ( 'NONE',  ( 0.9825750242013554514, -0.1858664085188760362, 0.000000000000000000 ) ) ;
#6387 = MANIFOLD_SOLID_BREP ( 'LPattern1[9]', #2102 ) ;
#6388 = SURFACE_STYLE_USAGE ( .BOTH. , #333 ) ;
#6389 = DIRECTION ( 'NONE',  ( 0.000000000000000000, 0.000000000000000000, -1.000000000000000000 ) ) ;
#6390 = CARTESIAN_POINT ( 'NONE',  ( -0.1029999999999998833, -0.2250000000000000611, 0.3799999999999999489 ) ) ;
#6391 = PRESENTATION_LAYER_ASSIGNMENT (  '', '', ( #6033 ) ) ;
#6392 = VECTOR ( 'NONE', #2154, 1000.000000000000000 ) ;
#6393 =( NAMED_UNIT ( * ) PLANE_ANGLE_UNIT ( ) SI_UNIT ( $, .RADIAN. ) );
#6394 = DIRECTION ( 'NONE',  ( -1.000000000000000000, 0.000000000000000000, 2.168404344971010051E-15 ) ) ;
#6395 = AXIS2_PLACEMENT_3D ( 'NONE', #5231, #6776, #3617 ) ;
#6396 = AXIS2_PLACEMENT_3D ( 'NONE', #8020, #3607, #29 ) ;
#6397 = UNCERTAINTY_MEASURE_WITH_UNIT (LENGTH_MEASURE( 1.000000000000000082E-05 ), #3662, 'distance_accuracy_value', 'NONE');
#6398 = CIRCLE ( 'NONE', #5676, 0.02500000000000002567 ) ;
#6399 = CARTESIAN_POINT ( 'NONE',  ( -1.000000000000000000, 0.000000000000000000, -0.5999999999999999778 ) ) ;
#6400 = LINE ( 'NONE', #4905, #8202 ) ;
#6401 =( GEOMETRIC_REPRESENTATION_CONTEXT ( 3 ) GLOBAL_UNCERTAINTY_ASSIGNED_CONTEXT ( ( #108 ) ) GLOBAL_UNIT_ASSIGNED_CONTEXT ( ( #9420, #328, #6383 ) ) REPRESENTATION_CONTEXT ( 'NONE', 'WORKASPACE' ) );
#6402 = EDGE_LOOP ( 'NONE', ( #298 ) ) ;
#6403 = AXIS2_PLACEMENT_3D ( 'NONE', #5933, #1449, #6711 ) ;
#6404 = SURFACE_STYLE_FILL_AREA ( #8275 ) ;
#6405 = UNCERTAINTY_MEASURE_WITH_UNIT (LENGTH_MEASURE( 1.000000000000000082E-05 ), #8224, 'distance_accuracy_value', 'NONE');
#6406 =( NAMED_UNIT ( * ) PLANE_ANGLE_UNIT ( ) SI_UNIT ( $, .RADIAN. ) );
#6407 = EDGE_LOOP ( 'NONE', ( #406 ) ) ;
#6408 = MECHANICAL_DESIGN_GEOMETRIC_PRESENTATION_REPRESENTATION (  '', ( #3199 ), #8409 ) ;
#6409 = SURFACE_STYLE_USAGE ( .BOTH. , #9415 ) ;
#6410 = COLOUR_RGB ( '',1.000000000000000000, 0.7529411764705882248, 0.7529411764705882248 ) ;
#6411 = STYLED_ITEM ( 'NONE', ( #5950 ), #1397 ) ;
#6412 = FILL_AREA_STYLE_COLOUR ( '', #4088 ) ;
#6413 = DIRECTION ( 'NONE',  ( 0.9825750242013555624, 0.000000000000000000, 0.1858664085188750648 ) ) ;
#6414 = AXIS2_PLACEMENT_3D ( 'NONE', #2933, #6786, #7562 ) ;
#6415 = CARTESIAN_POINT ( 'NONE',  ( 0.5099632742307173006, -0.2250000000000000056, -0.5999999999999999778 ) ) ;
#6416 = SURFACE_STYLE_FILL_AREA ( #8673 ) ;
#6417 = FILL_AREA_STYLE ('',( #5565 ) ) ;
#6418 = AXIS2_PLACEMENT_3D ( 'NONE', #5737, #2983, #3893 ) ;
#6419 = FILL_AREA_STYLE ('',( #931 ) ) ;
#6420 = FILL_AREA_STYLE ('',( #3428 ) ) ;
#6421 = EDGE_LOOP ( 'NONE', ( #2964 ) ) ;
#6422 = CARTESIAN_POINT ( 'NONE',  ( 0.3195643756050340345, -0.2296466602129719481, -0.3799999999999999489 ) ) ;
#6423 = ORIENTED_EDGE ( 'NONE', *, *, #5521, .F. ) ;
#6424 = EDGE_CURVE ( 'NONE', #399, #5911, #5698, .T. ) ;
#6425 = DIRECTION ( 'NONE',  ( 0.000000000000000000, 0.000000000000000000, -1.000000000000000000 ) ) ;
#6426 = FILL_AREA_STYLE ('',( #7193 ) ) ;
#6427 =( NAMED_UNIT ( * ) SI_UNIT ( $, .STERADIAN. ) SOLID_ANGLE_UNIT ( ) );
#6428 = ORIENTED_EDGE ( 'NONE', *, *, #8990, .T. ) ;
#6429 = LINE ( 'NONE', #1400, #7767 ) ;
#6430 = AXIS2_PLACEMENT_3D ( 'NONE', #9687, #5132, #687 ) ;
#6431 = CARTESIAN_POINT ( 'NONE',  ( 0.5200000000000000178, -0.7084327450237908330, 0.3999999999999999112 ) ) ;
#6432 = PRESENTATION_STYLE_ASSIGNMENT (( #1208 ) ) ;
#6433 = SURFACE_STYLE_FILL_AREA ( #3187 ) ;
#6434 = ORIENTED_EDGE ( 'NONE', *, *, #7165, .T. ) ;
#6435 = FACE_OUTER_BOUND ( 'NONE', #5107, .T. ) ;
#6436 =( LENGTH_UNIT ( ) NAMED_UNIT ( * ) SI_UNIT ( .MILLI., .METRE. ) );
#6437 =( NAMED_UNIT ( * ) PLANE_ANGLE_UNIT ( ) SI_UNIT ( $, .RADIAN. ) );
#6438 = FACE_OUTER_BOUND ( 'NONE', #34, .T. ) ;
#6439 = EDGE_CURVE ( 'NONE', #6972, #6972, #6398, .T. ) ;
#6440 = UNCERTAINTY_MEASURE_WITH_UNIT (LENGTH_MEASURE( 1.000000000000000082E-05 ), #6801, 'distance_accuracy_value', 'NONE');
#6441 = STYLED_ITEM ( 'NONE', ( #3958 ), #3075 ) ;
#6442 = DIRECTION ( 'NONE',  ( 0.9825750242013556734, 0.000000000000000000, 0.1858664085188749815 ) ) ;
#6443 = DIRECTION ( 'NONE',  ( 0.000000000000000000, -0.000000000000000000, 1.000000000000000000 ) ) ;
#6444 = EDGE_LOOP ( 'NONE', ( #4987 ) ) ;
#6445 = COLOUR_RGB ( '',1.000000000000000000, 0.7529411764705882248, 0.7529411764705882248 ) ;
#6446 = FACE_OUTER_BOUND ( 'NONE', #3584, .T. ) ;
#6447 = FILL_AREA_STYLE ('',( #8767 ) ) ;
#6448 =( NAMED_UNIT ( * ) SI_UNIT ( $, .STERADIAN. ) SOLID_ANGLE_UNIT ( ) );
#6449 = FACE_OUTER_BOUND ( 'NONE', #7455, .T. ) ;
#6450 = CARTESIAN_POINT ( 'NONE',  ( -0.5099632742307173006, -0.5949999999999999734, 0.4500000000000000111 ) ) ;
#6451 = CARTESIAN_POINT ( 'NONE',  ( -0.8170483142762321460, -0.9110548113739569409, -0.4163119535287351791 ) ) ;
#6452 =( LENGTH_UNIT ( ) NAMED_UNIT ( * ) SI_UNIT ( .MILLI., .METRE. ) );
#6453 = MECHANICAL_DESIGN_GEOMETRIC_PRESENTATION_REPRESENTATION (  '', ( #609 ), #3115 ) ;
#6454 = SURFACE_SIDE_STYLE ('',( #8663 ) ) ;
#6455 =( GEOMETRIC_REPRESENTATION_CONTEXT ( 3 ) GLOBAL_UNCERTAINTY_ASSIGNED_CONTEXT ( ( #2401 ) ) GLOBAL_UNIT_ASSIGNED_CONTEXT ( ( #2767, #2809, #2082 ) ) REPRESENTATION_CONTEXT ( 'NONE', 'WORKASPACE' ) );
#6456 = CLOSED_SHELL ( 'NONE', ( #2930, #2429, #4587, #1496, #6333, #361, #844, #9516, #9365, #823, #600 ) ) ;
#6457 =( NAMED_UNIT ( * ) PLANE_ANGLE_UNIT ( ) SI_UNIT ( $, .RADIAN. ) );
#6458 = AXIS2_PLACEMENT_3D ( 'NONE', #4474, #7547, #665 ) ;
#6459 = DIRECTION ( 'NONE',  ( 0.000000000000000000, 0.000000000000000000, 1.000000000000000000 ) ) ;
#6460 = FACE_OUTER_BOUND ( 'NONE', #5159, .T. ) ;
#6461 = ORIENTED_EDGE ( 'NONE', *, *, #1328, .F. ) ;
#6462 = SURFACE_STYLE_FILL_AREA ( #9188 ) ;
#6463 = VERTEX_POINT ( 'NONE', #4469 ) ;
#6464 = UNCERTAINTY_MEASURE_WITH_UNIT (LENGTH_MEASURE( 1.000000000000000082E-05 ), #2205, 'distance_accuracy_value', 'NONE');
#6465 =( LENGTH_UNIT ( ) NAMED_UNIT ( * ) SI_UNIT ( .MILLI., .METRE. ) );
#6466 =( GEOMETRIC_REPRESENTATION_CONTEXT ( 3 ) GLOBAL_UNCERTAINTY_ASSIGNED_CONTEXT ( ( #3968 ) ) GLOBAL_UNIT_ASSIGNED_CONTEXT ( ( #6687, #4415, #2899 ) ) REPRESENTATION_CONTEXT ( 'NONE', 'WORKASPACE' ) );
#6467 =( NAMED_UNIT ( * ) PLANE_ANGLE_UNIT ( ) SI_UNIT ( $, .RADIAN. ) );
#6468 =( NAMED_UNIT ( * ) PLANE_ANGLE_UNIT ( ) SI_UNIT ( $, .RADIAN. ) );
#6469 = EDGE_CURVE ( 'NONE', #3388, #3388, #3105, .T. ) ;
#6470 = DIRECTION ( 'NONE',  ( 1.000000000000000000, 0.000000000000000000, 0.000000000000000000 ) ) ;
#6471 =( NAMED_UNIT ( * ) PLANE_ANGLE_UNIT ( ) SI_UNIT ( $, .RADIAN. ) );
#6472 =( GEOMETRIC_REPRESENTATION_CONTEXT ( 3 ) GLOBAL_UNCERTAINTY_ASSIGNED_CONTEXT ( ( #1039 ) ) GLOBAL_UNIT_ASSIGNED_CONTEXT ( ( #7348, #6763, #5282 ) ) REPRESENTATION_CONTEXT ( 'NONE', 'WORKASPACE' ) );
#6473 = VERTEX_POINT ( 'NONE', #8612 ) ;
#6474 = SURFACE_STYLE_USAGE ( .BOTH. , #5721 ) ;
#6475 = VERTEX_POINT ( 'NONE', #2738 ) ;
#6476 = ORIENTED_EDGE ( 'NONE', *, *, #4052, .T. ) ;
#6477 = PRESENTATION_LAYER_ASSIGNMENT (  '', '', ( #2932 ) ) ;
#6478 = FACE_OUTER_BOUND ( 'NONE', #5031, .T. ) ;
#6479 = DIRECTION ( 'NONE',  ( 0.000000000000000000, 0.000000000000000000, 1.000000000000000000 ) ) ;
#6480 = DIRECTION ( 'NONE',  ( 0.000000000000000000, 1.000000000000000000, 0.000000000000000000 ) ) ;
#6481 = ADVANCED_FACE ( 'NONE', ( #1075 ), #1991, .F. ) ;
#6482 =( NAMED_UNIT ( * ) PLANE_ANGLE_UNIT ( ) SI_UNIT ( $, .RADIAN. ) );
#6483 =( NAMED_UNIT ( * ) SI_UNIT ( $, .STERADIAN. ) SOLID_ANGLE_UNIT ( ) );
#6484 = FILL_AREA_STYLE_COLOUR ( '', #13 ) ;
#6485 = AXIS2_PLACEMENT_3D ( 'NONE', #7759, #8543, #3111 ) ;
#6486 = VERTEX_POINT ( 'NONE', #429 ) ;
#6487 = PRESENTATION_STYLE_ASSIGNMENT (( #556 ) ) ;
#6488 = CARTESIAN_POINT ( 'NONE',  ( -0.9896446609406726047, -0.2000000000000000389, 0.5896446609406725825 ) ) ;
#6489 = CARTESIAN_POINT ( 'NONE',  ( 0.5199999999999997957, -0.8749999999999998890, -0.3749999999999998335 ) ) ;
#6490 = FACE_OUTER_BOUND ( 'NONE', #5417, .T. ) ;
#6491 = CARTESIAN_POINT ( 'NONE',  ( 0.07300000000000007871, -0.2750000000000000777, -0.4299999999999999378 ) ) ;
#6492 = STYLED_ITEM ( 'NONE', ( #854 ), #1437 ) ;
#6493 = CARTESIAN_POINT ( 'NONE',  ( 0.3850000000000000089, -0.2750000000000000777, 0.4299999999999999378 ) ) ;
#6494 = PRESENTATION_STYLE_ASSIGNMENT (( #1840 ) ) ;
#6495 = VERTEX_POINT ( 'NONE', #7808 ) ;
#6496 = COLOUR_RGB ( '',1.000000000000000000, 0.7529411764705882248, 0.7529411764705882248 ) ;
#6497 = SURFACE_SIDE_STYLE ('',( #7326 ) ) ;
#6498 =( LENGTH_UNIT ( ) NAMED_UNIT ( * ) SI_UNIT ( .MILLI., .METRE. ) );
#6499 = DIRECTION ( 'NONE',  ( 0.000000000000000000, 0.000000000000000000, -1.000000000000000000 ) ) ;
#6500 = SURFACE_STYLE_FILL_AREA ( #3168 ) ;
#6501 = FILL_AREA_STYLE_COLOUR ( '', #7291 ) ;
#6502 = SURFACE_STYLE_FILL_AREA ( #1956 ) ;
#6503 =( LENGTH_UNIT ( ) NAMED_UNIT ( * ) SI_UNIT ( .MILLI., .METRE. ) );
#6504 = DIRECTION ( 'NONE',  ( -0.3420201433256751522, 0.9396926207859059854, -0.000000000000000000 ) ) ;
#6505 = UNCERTAINTY_MEASURE_WITH_UNIT (LENGTH_MEASURE( 1.000000000000000082E-05 ), #9267, 'distance_accuracy_value', 'NONE');
#6506 = EDGE_CURVE ( 'NONE', #1416, #1416, #4005, .T. ) ;
#6507 = TOROIDAL_SURFACE ( 'NONE', #3471, 0.04999999999999997502, 0.02500000000000002914 ) ;
#6508 = SURFACE_SIDE_STYLE ('',( #2927 ) ) ;
#6509 =( GEOMETRIC_REPRESENTATION_CONTEXT ( 3 ) GLOBAL_UNCERTAINTY_ASSIGNED_CONTEXT ( ( #7564 ) ) GLOBAL_UNIT_ASSIGNED_CONTEXT ( ( #4338, #9667, #6843 ) ) REPRESENTATION_CONTEXT ( 'NONE', 'WORKASPACE' ) );
#6510 = VECTOR ( 'NONE', #7047, 1000.000000000000000 ) ;
#6511 = FACE_OUTER_BOUND ( 'NONE', #6536, .T. ) ;
#6512 =( NAMED_UNIT ( * ) PLANE_ANGLE_UNIT ( ) SI_UNIT ( $, .RADIAN. ) );
#6513 =( NAMED_UNIT ( * ) PLANE_ANGLE_UNIT ( ) SI_UNIT ( $, .RADIAN. ) );
#6514 = FACE_OUTER_BOUND ( 'NONE', #3848, .T. ) ;
#6515 = CARTESIAN_POINT ( 'NONE',  ( 0.000000000000000000, -0.9000000000000000222, 0.000000000000000000 ) ) ;
#6516 =( NAMED_UNIT ( * ) SI_UNIT ( $, .STERADIAN. ) SOLID_ANGLE_UNIT ( ) );
#6517 = EDGE_CURVE ( 'NONE', #3059, #3059, #1, .T. ) ;
#6518 = ORIENTED_EDGE ( 'NONE', *, *, #3077, .T. ) ;
#6519 = DIRECTION ( 'NONE',  ( -2.409338161078898194E-16, 0.000000000000000000, 1.000000000000000000 ) ) ;
#6520 =( NAMED_UNIT ( * ) PLANE_ANGLE_UNIT ( ) SI_UNIT ( $, .RADIAN. ) );
#6521 = EDGE_LOOP ( 'NONE', ( #8213, #1604, #3487, #7039, #1827 ) ) ;
#6522 = CARTESIAN_POINT ( 'NONE',  ( -0.05299999999999985278, -0.5949999999999997513, 0.4799999999999999822 ) ) ;
#6523 = AXIS2_PLACEMENT_3D ( 'NONE', #341, #8614, #4830 ) ;
#6524 = CARTESIAN_POINT ( 'NONE',  ( 0.4522282473117545387, -0.2000000000000000111, 0.4999999999999998890 ) ) ;
#6525 =( NAMED_UNIT ( * ) SI_UNIT ( $, .STERADIAN. ) SOLID_ANGLE_UNIT ( ) );
#6526 = CARTESIAN_POINT ( 'NONE',  ( 1.000000000000000000, -0.7299999999999999822, -0.5999999999999999778 ) ) ;
#6527 =( LENGTH_UNIT ( ) NAMED_UNIT ( * ) SI_UNIT ( .MILLI., .METRE. ) );
#6528 =( NAMED_UNIT ( * ) PLANE_ANGLE_UNIT ( ) SI_UNIT ( $, .RADIAN. ) );
#6529 = DIRECTION ( 'NONE',  ( 1.000000000000000000, 0.000000000000000000, -0.000000000000000000 ) ) ;
#6530 = LINE ( 'NONE', #5278, #2518 ) ;
#6531 = EDGE_CURVE ( 'NONE', #5184, #5184, #583, .T. ) ;
#6532 = COLOUR_RGB ( '',0.2509803921568627416, 0.2509803921568627416, 0.2509803921568627416 ) ;
#6533 = FACE_OUTER_BOUND ( 'NONE', #3421, .T. ) ;
#6534 = FILL_AREA_STYLE ('',( #1324 ) ) ;
#6535 =( GEOMETRIC_REPRESENTATION_CONTEXT ( 3 ) GLOBAL_UNCERTAINTY_ASSIGNED_CONTEXT ( ( #6737 ) ) GLOBAL_UNIT_ASSIGNED_CONTEXT ( ( #9444, #6437, #7204 ) ) REPRESENTATION_CONTEXT ( 'NONE', 'WORKASPACE' ) );
#6536 = EDGE_LOOP ( 'NONE', ( #8381 ) ) ;
#6537 = PRESENTATION_LAYER_ASSIGNMENT (  '', '', ( #8721 ) ) ;
#6538 =( NAMED_UNIT ( * ) SI_UNIT ( $, .STERADIAN. ) SOLID_ANGLE_UNIT ( ) );
#6539 = ORIENTED_EDGE ( 'NONE', *, *, #6111, .T. ) ;
#6540 = CARTESIAN_POINT ( 'NONE',  ( -1.000000000000000000, -0.1999999999999999833, -0.5999999999999999778 ) ) ;
#6541 = FACE_OUTER_BOUND ( 'NONE', #266, .T. ) ;
#6542 = FACE_OUTER_BOUND ( 'NONE', #5444, .T. ) ;
#6543 =( NAMED_UNIT ( * ) PLANE_ANGLE_UNIT ( ) SI_UNIT ( $, .RADIAN. ) );
#6544 = COLOUR_RGB ( '',1.000000000000000000, 0.7529411764705882248, 0.7529411764705882248 ) ;
#6545 = STYLED_ITEM ( 'NONE', ( #5591 ), #4738 ) ;
#6546 = SURFACE_SIDE_STYLE ('',( #7388 ) ) ;
#6547 = ORIENTED_EDGE ( 'NONE', *, *, #8248, .F. ) ;
#6548 = FACE_OUTER_BOUND ( 'NONE', #870, .T. ) ;
#6549 =( GEOMETRIC_REPRESENTATION_CONTEXT ( 3 ) GLOBAL_UNCERTAINTY_ASSIGNED_CONTEXT ( ( #743 ) ) GLOBAL_UNIT_ASSIGNED_CONTEXT ( ( #3349, #2716, #9473 ) ) REPRESENTATION_CONTEXT ( 'NONE', 'WORKASPACE' ) );
#6550 = SURFACE_STYLE_USAGE ( .BOTH. , #7354 ) ;
#6551 = DIRECTION ( 'NONE',  ( 0.000000000000000000, 0.000000000000000000, -1.000000000000000000 ) ) ;
#6552 = MECHANICAL_DESIGN_GEOMETRIC_PRESENTATION_REPRESENTATION (  '', ( #456 ), #1098 ) ;
#6553 = CARTESIAN_POINT ( 'NONE',  ( 0.1440000000000000724, -0.2250000000000000611, 0.4299999999999999378 ) ) ;
#6554 = PLANE ( 'NONE',  #1116 ) ;
#6555 = FACE_OUTER_BOUND ( 'NONE', #2737, .T. ) ;
#6556 = AXIS2_PLACEMENT_3D ( 'NONE', #4911, #458, #2914 ) ;
#6557 = ADVANCED_FACE ( 'NONE', ( #2167 ), #7053, .T. ) ;
#6558 = PRESENTATION_STYLE_ASSIGNMENT (( #5179 ) ) ;
#6559 = FILL_AREA_STYLE_COLOUR ( '', #2147 ) ;
#6560 = CARTESIAN_POINT ( 'NONE',  ( -0.2354356243949659866, -0.2296466602129719481, -0.3799999999999999489 ) ) ;
#6561 = ORIENTED_EDGE ( 'NONE', *, *, #9130, .F. ) ;
#6562 = CARTESIAN_POINT ( 'NONE',  ( -0.2389999999999999347, -0.2750000000000000777, 0.4799999999999999822 ) ) ;
#6563 = VECTOR ( 'NONE', #608, 1000.000000000000000 ) ;
#6564 = TOROIDAL_SURFACE ( 'NONE', #3092, 0.04999999999999994726, 0.02499999999999996669 ) ;
#6565 = FACE_OUTER_BOUND ( 'NONE', #9643, .T. ) ;
#6566 =( NAMED_UNIT ( * ) SI_UNIT ( $, .STERADIAN. ) SOLID_ANGLE_UNIT ( ) );
#6567 = FACE_OUTER_BOUND ( 'NONE', #7164, .T. ) ;
#6568 = EDGE_CURVE ( 'NONE', #226, #375, #1575, .T. ) ;
#6569 = DIRECTION ( 'NONE',  ( 1.000000000000000000, 0.000000000000000000, 0.000000000000000000 ) ) ;
#6570 =( GEOMETRIC_REPRESENTATION_CONTEXT ( 3 ) GLOBAL_UNCERTAINTY_ASSIGNED_CONTEXT ( ( #2283 ) ) GLOBAL_UNIT_ASSIGNED_CONTEXT ( ( #9527, #5680, #2028 ) ) REPRESENTATION_CONTEXT ( 'NONE', 'WORKASPACE' ) );
#6571 = EDGE_LOOP ( 'NONE', ( #8582 ) ) ;
#6572 = DIRECTION ( 'NONE',  ( 0.000000000000000000, 1.000000000000000000, 0.000000000000000000 ) ) ;
#6573 = ADVANCED_FACE ( 'NONE', ( #3412, #3645 ), #1066, .T. ) ;
#6574 = FILL_AREA_STYLE_COLOUR ( '', #1210 ) ;
#6575 = ORIENTED_EDGE ( 'NONE', *, *, #8717, .T. ) ;
#6576 = LINE ( 'NONE', #7947, #4185 ) ;
#6577 = SURFACE_STYLE_USAGE ( .BOTH. , #8988 ) ;
#6578 = ADVANCED_FACE ( 'NONE', ( #9154, #7484 ), #1054, .T. ) ;
#6579 = SURFACE_SIDE_STYLE ('',( #3378 ) ) ;
#6580 = PLANE ( 'NONE',  #3465 ) ;
#6581 = SURFACE_STYLE_USAGE ( .BOTH. , #8186 ) ;
#6582 = SURFACE_SIDE_STYLE ('',( #6702 ) ) ;
#6583 = EDGE_LOOP ( 'NONE', ( #7352, #4912, #7807, #1106 ) ) ;
#6584 = EDGE_CURVE ( 'NONE', #622, #9503, #6276, .T. ) ;
#6585 = SURFACE_STYLE_FILL_AREA ( #3545 ) ;
#6586 = MECHANICAL_DESIGN_GEOMETRIC_PRESENTATION_REPRESENTATION (  '', ( #3336 ), #3223 ) ;
#6587 = DIRECTION ( 'NONE',  ( 0.000000000000000000, 0.000000000000000000, -1.000000000000000000 ) ) ;
#6588 = COLOUR_RGB ( '',1.000000000000000000, 0.7529411764705882248, 0.7529411764705882248 ) ;
#6589 = ORIENTED_EDGE ( 'NONE', *, *, #9748, .T. ) ;
#6590 = ADVANCED_FACE ( 'NONE', ( #4254 ), #1253, .T. ) ;
#6591 = FILL_AREA_STYLE_COLOUR ( '', #234 ) ;
#6592 = DIRECTION ( 'NONE',  ( -0.5000000000000014433, -0.000000000000000000, 0.8660254037844378194 ) ) ;
#6593 = DIRECTION ( 'NONE',  ( -0.2983734002630562543, 0.000000000000000000, 0.9544492202393283220 ) ) ;
#6594 = CARTESIAN_POINT ( 'NONE',  ( -0.9896446609406726047, -0.2000000000000000389, -0.5896446609406724715 ) ) ;
#6595 = ORIENTED_EDGE ( 'NONE', *, *, #3842, .F. ) ;
#6596 =( NAMED_UNIT ( * ) SI_UNIT ( $, .STERADIAN. ) SOLID_ANGLE_UNIT ( ) );
#6597 = CARTESIAN_POINT ( 'NONE',  ( 0.3695643756050340789, -0.5949999999999998623, -0.4753533397870280952 ) ) ;
#6598 = CARTESIAN_POINT ( 'NONE',  ( 0.5499999999999999334, -0.7299999999999999822, -0.6000000000000000888 ) ) ;
#6599 =( LENGTH_UNIT ( ) NAMED_UNIT ( * ) SI_UNIT ( .MILLI., .METRE. ) );
#6600 = AXIS2_PLACEMENT_3D ( 'NONE', #158, #2703, #1271 ) ;
#6601 = TOROIDAL_SURFACE ( 'NONE', #2796, 0.05000000000000002359, 0.02500000000000002914 ) ;
#6602 = FILL_AREA_STYLE_COLOUR ( '', #9136 ) ;
#6603 = MECHANICAL_DESIGN_GEOMETRIC_PRESENTATION_REPRESENTATION (  '', ( #5575 ), #4231 ) ;
#6604 = SURFACE_STYLE_FILL_AREA ( #6534 ) ;
#6605 =( NAMED_UNIT ( * ) SI_UNIT ( $, .STERADIAN. ) SOLID_ANGLE_UNIT ( ) );
#6606 = ORIENTED_EDGE ( 'NONE', *, *, #8847, .T. ) ;
#6607 = FILL_AREA_STYLE_COLOUR ( '', #219 ) ;
#6608 = AXIS2_PLACEMENT_3D ( 'NONE', #1878, #6345, #5728 ) ;
#6609 = PLANE ( 'NONE',  #5623 ) ;
#6610 = CARTESIAN_POINT ( 'NONE',  ( -0.01699999999999992489, -0.2250000000000000611, 0.3799999999999999489 ) ) ;
#6611 = MECHANICAL_DESIGN_GEOMETRIC_PRESENTATION_REPRESENTATION (  '', ( #5076 ), #8214 ) ;
#6612 =( NAMED_UNIT ( * ) PLANE_ANGLE_UNIT ( ) SI_UNIT ( $, .RADIAN. ) );
#6613 = CIRCLE ( 'NONE', #9109, 0.02500000000000002567 ) ;
#6614 = EDGE_LOOP ( 'NONE', ( #4455 ) ) ;
#6615 = CARTESIAN_POINT ( 'NONE',  ( 0.5499999999999999334, -0.7299999999999984279, 0.5999999999999999778 ) ) ;
#6616 = VERTEX_POINT ( 'NONE', #9427 ) ;
#6617 = SURFACE_SIDE_STYLE ('',( #5502 ) ) ;
#6618 = EDGE_CURVE ( 'NONE', #7453, #7453, #7606, .T. ) ;
#6619 = MECHANICAL_DESIGN_GEOMETRIC_PRESENTATION_REPRESENTATION (  '', ( #8155 ), #9677 ) ;
#6620 = PLANE ( 'NONE',  #17 ) ;
#6621 = AXIS2_PLACEMENT_3D ( 'NONE', #566, #5889, #4242 ) ;
#6622 = PRESENTATION_STYLE_ASSIGNMENT (( #2161 ) ) ;
#6623 = ADVANCED_FACE ( 'NONE', ( #700 ), #9339, .T. ) ;
#6624 = DIRECTION ( 'NONE',  ( -1.000000000000000000, 0.000000000000000000, 0.000000000000000000 ) ) ;
#6625 = DIRECTION ( 'NONE',  ( 0.9912875121006776702, 0.09334070869305804985, 0.09293320425943860097 ) ) ;
#6626 = CARTESIAN_POINT ( 'NONE',  ( 0.5099632742307173006, -0.2250000000000000056, -0.5999999999999999778 ) ) ;
#6627 = ADVANCED_FACE ( 'NONE', ( #6631 ), #7126, .F. ) ;
#6628 = ORIENTED_EDGE ( 'NONE', *, *, #748, .T. ) ;
#6629 = CARTESIAN_POINT ( 'NONE',  ( -1.000000000000000000, -0.7299999999999999822, 0.5999999999999999778 ) ) ;
#6630 = CARTESIAN_POINT ( 'NONE',  ( -0.1854356243949659699, -0.5949999999999998623, -0.4753533397870280952 ) ) ;
#6631 = FACE_OUTER_BOUND ( 'NONE', #1730, .T. ) ;
#6632 =( GEOMETRIC_REPRESENTATION_CONTEXT ( 3 ) GLOBAL_UNCERTAINTY_ASSIGNED_CONTEXT ( ( #2625 ) ) GLOBAL_UNIT_ASSIGNED_CONTEXT ( ( #5962, #5202, #1448 ) ) REPRESENTATION_CONTEXT ( 'NONE', 'WORKASPACE' ) );
#6633 =( NAMED_UNIT ( * ) PLANE_ANGLE_UNIT ( ) SI_UNIT ( $, .RADIAN. ) );
#6634 = ORIENTED_EDGE ( 'NONE', *, *, #257, .T. ) ;
#6635 = MECHANICAL_DESIGN_GEOMETRIC_PRESENTATION_REPRESENTATION (  '', ( #4959 ), #7677 ) ;
#6636 =( BOUNDED_CURVE ( )  B_SPLINE_CURVE ( 3, ( #4090, #4765, #1853, #2620 ),
 .UNSPECIFIED., .F., .T. ) 
 B_SPLINE_CURVE_WITH_KNOTS ( ( 4, 4 ),
 ( 3.141592653589793116, 4.712388980384689674 ),
 .UNSPECIFIED. ) 
 CURVE ( )  GEOMETRIC_REPRESENTATION_ITEM ( )  RATIONAL_B_SPLINE_CURVE ( ( 1.000000000000000000, 0.8047378541243649375, 0.8047378541243649375, 1.000000000000000000 ) ) 
 REPRESENTATION_ITEM ( '' )  );
#6637 = DIRECTION ( 'NONE',  ( 0.9825750242013556734, 0.000000000000000000, 0.1858664085188749815 ) ) ;
#6638 = CYLINDRICAL_SURFACE ( 'NONE', #233, 0.02500000000000003261 ) ;
#6639 = CARTESIAN_POINT ( 'NONE',  ( 0.5099632742307173006, -0.6199999999999998845, -0.1599632742307184052 ) ) ;
#6640 = ADVANCED_FACE ( 'NONE', ( #4247, #8311 ), #6047, .T. ) ;
#6641 = CARTESIAN_POINT ( 'NONE',  ( -0.9750000000000000888, -0.5949999999999999734, 0.5999999999999999778 ) ) ;
#6642 = ORIENTED_EDGE ( 'NONE', *, *, #1588, .T. ) ;
#6643 = CARTESIAN_POINT ( 'NONE',  ( 0.5499999999999999334, -0.9000000000000000222, 0.5999999999999998668 ) ) ;
#6644 = EDGE_CURVE ( 'NONE', #5051, #5051, #4944, .T. ) ;
#6645 =( NAMED_UNIT ( * ) PLANE_ANGLE_UNIT ( ) SI_UNIT ( $, .RADIAN. ) );
#6646 =( LENGTH_UNIT ( ) NAMED_UNIT ( * ) SI_UNIT ( .MILLI., .METRE. ) );
#6647 = MECHANICAL_DESIGN_GEOMETRIC_PRESENTATION_REPRESENTATION (  '', ( #2412 ), #9388 ) ;
#6648 =( NAMED_UNIT ( * ) SI_UNIT ( $, .STERADIAN. ) SOLID_ANGLE_UNIT ( ) );
#6649 = FACE_OUTER_BOUND ( 'NONE', #1728, .T. ) ;
#6650 = CARTESIAN_POINT ( 'NONE',  ( 0.5099632742307173006, -0.1999999999999999833, 0.5999999999999999778 ) ) ;
#6651 = ADVANCED_FACE ( 'NONE', ( #1675 ), #5679, .T. ) ;
#6652 = EDGE_LOOP ( 'NONE', ( #7329 ) ) ;
#6653 = COLOUR_RGB ( '',1.000000000000000000, 0.7529411764705882248, 0.7529411764705882248 ) ;
#6654 = CARTESIAN_POINT ( 'NONE',  ( 0.000000000000000000, -0.7299999999999999822, 0.000000000000000000 ) ) ;
#6655 = PLANE ( 'NONE',  #2056 ) ;
#6656 = STYLED_ITEM ( 'NONE', ( #8653 ), #3840 ) ;
#6657 =( BOUNDED_CURVE ( )  B_SPLINE_CURVE ( 3, ( #3638, #8995, #5987, #643 ),
 .UNSPECIFIED., .F., .T. ) 
 B_SPLINE_CURVE_WITH_KNOTS ( ( 4, 4 ),
 ( 3.141592653589797113, 4.712388980384690562 ),
 .UNSPECIFIED. ) 
 CURVE ( )  GEOMETRIC_REPRESENTATION_ITEM ( )  RATIONAL_B_SPLINE_CURVE ( ( 1.000000000000000000, 0.8047378541243658256, 0.8047378541243658256, 1.000000000000000000 ) ) 
 REPRESENTATION_ITEM ( '' )  );
#6658 = FACE_OUTER_BOUND ( 'NONE', #1764, .T. ) ;
#6659 = FILL_AREA_STYLE_COLOUR ( '', #9095 ) ;
#6660 = SURFACE_STYLE_FILL_AREA ( #9038 ) ;
#6661 = UNCERTAINTY_MEASURE_WITH_UNIT (LENGTH_MEASURE( 1.000000000000000082E-05 ), #6214, 'distance_accuracy_value', 'NONE');
#6662 = CARTESIAN_POINT ( 'NONE',  ( -0.5099632742307173006, -0.1999999999999999833, -0.4500000000000000111 ) ) ;
#6663 = ADVANCED_FACE ( 'NONE', ( #3637, #4118 ), #2269, .T. ) ;
#6664 = SURFACE_STYLE_USAGE ( .BOTH. , #1310 ) ;
#6665 = EDGE_LOOP ( 'NONE', ( #8327 ) ) ;
#6666 = CARTESIAN_POINT ( 'NONE',  ( 0.5389451886260430147, -0.8800000000000001155, 0.4163119535287359563 ) ) ;
#6667 =( GEOMETRIC_REPRESENTATION_CONTEXT ( 3 ) GLOBAL_UNCERTAINTY_ASSIGNED_CONTEXT ( ( #2594 ) ) GLOBAL_UNIT_ASSIGNED_CONTEXT ( ( #8399, #7618, #770 ) ) REPRESENTATION_CONTEXT ( 'NONE', 'WORKASPACE' ) );
#6668 = ORIENTED_EDGE ( 'NONE', *, *, #6869, .F. ) ;
#6669 = CARTESIAN_POINT ( 'NONE',  ( -0.4522282473117545387, 0.000000000000000000, -0.4999999999999998890 ) ) ;
#6670 = PRESENTATION_STYLE_ASSIGNMENT (( #2259 ) ) ;
#6671 = SURFACE_STYLE_FILL_AREA ( #3849 ) ;
#6672 = PRESENTATION_STYLE_ASSIGNMENT (( #5772 ) ) ;
#6673 = FILL_AREA_STYLE ('',( #1386 ) ) ;
#6674 =( NAMED_UNIT ( * ) SI_UNIT ( $, .STERADIAN. ) SOLID_ANGLE_UNIT ( ) );
#6675 = DIRECTION ( 'NONE',  ( 0.09334070869305829965, 0.000000000000000000, -0.9956342260592883076 ) ) ;
#6676 = ORIENTED_EDGE ( 'NONE', *, *, #9540, .F. ) ;
#6677 = ADVANCED_FACE ( 'NONE', ( #3991 ), #7335, .T. ) ;
#6678 = ORIENTED_EDGE ( 'NONE', *, *, #4272, .T. ) ;
#6679 = EDGE_CURVE ( 'NONE', #3182, #3182, #9367, .T. ) ;
#6680 =( LENGTH_UNIT ( ) NAMED_UNIT ( * ) SI_UNIT ( .MILLI., .METRE. ) );
#6681 = VECTOR ( 'NONE', #868, 1000.000000000000000 ) ;
#6682 =( GEOMETRIC_REPRESENTATION_CONTEXT ( 3 ) GLOBAL_UNCERTAINTY_ASSIGNED_CONTEXT ( ( #7502 ) ) GLOBAL_UNIT_ASSIGNED_CONTEXT ( ( #1609, #9090, #4583 ) ) REPRESENTATION_CONTEXT ( 'NONE', 'WORKASPACE' ) );
#6683 = DIRECTION ( 'NONE',  ( -0.09334070869305828577, 0.000000000000000000, 0.9956342260592880855 ) ) ;
#6684 = AXIS2_PLACEMENT_3D ( 'NONE', #7469, #6732, #5394 ) ;
#6685 = CIRCLE ( 'NONE', #9120, 0.02500000000000002914 ) ;
#6686 =( GEOMETRIC_REPRESENTATION_CONTEXT ( 3 ) GLOBAL_UNCERTAINTY_ASSIGNED_CONTEXT ( ( #3651 ) ) GLOBAL_UNIT_ASSIGNED_CONTEXT ( ( #3389, #6406, #9447 ) ) REPRESENTATION_CONTEXT ( 'NONE', 'WORKASPACE' ) );
#6687 =( LENGTH_UNIT ( ) NAMED_UNIT ( * ) SI_UNIT ( .MILLI., .METRE. ) );
#6688 = VECTOR ( 'NONE', #3188, 1000.000000000000000 ) ;
#6689 = ORIENTED_EDGE ( 'NONE', *, *, #9385, .T. ) ;
#6690 = SURFACE_STYLE_FILL_AREA ( #847 ) ;
#6691 = COLOUR_RGB ( '',1.000000000000000000, 0.7529411764705882248, 0.7529411764705882248 ) ;
#6692 = CIRCLE ( 'NONE', #8530, 0.02500000000000002567 ) ;
#6693 = DIRECTION ( 'NONE',  ( 0.000000000000000000, 0.000000000000000000, -1.000000000000000000 ) ) ;
#6694 = AXIS2_PLACEMENT_3D ( 'NONE', #8105, #2955, #8946 ) ;
#6695 = VECTOR ( 'NONE', #1990, 1000.000000000000000 ) ;
#6696 = FILL_AREA_STYLE_COLOUR ( '', #1493 ) ;
#6697 = PRESENTATION_STYLE_ASSIGNMENT (( #127 ) ) ;
#6698 = EDGE_CURVE ( 'NONE', #2003, #2003, #4237, .T. ) ;
#6699 = ADVANCED_FACE ( 'NONE', ( #5918, #8305 ), #7711, .T. ) ;
#6700 = ORIENTED_EDGE ( 'NONE', *, *, #1932, .T. ) ;
#6701 = FILL_AREA_STYLE_COLOUR ( '', #1383 ) ;
#6702 = SURFACE_STYLE_FILL_AREA ( #4281 ) ;
#6703 = UNCERTAINTY_MEASURE_WITH_UNIT (LENGTH_MEASURE( 1.000000000000000082E-05 ), #2184, 'distance_accuracy_value', 'NONE');
#6704 = PRESENTATION_LAYER_ASSIGNMENT (  '', '', ( #5161 ) ) ;
#6705 = CARTESIAN_POINT ( 'NONE',  ( 0.5499999999999999334, -0.9000000000000000222, -0.6000000000000000888 ) ) ;
#6706 = CARTESIAN_POINT ( 'NONE',  ( 0.1486670354346529832, -0.6449999999999997957, 0.4302182886970357667 ) ) ;
#6707 = AXIS2_PLACEMENT_3D ( 'NONE', #9000, #5194, #4752 ) ;
#6708 = TOROIDAL_SURFACE ( 'NONE', #3625, 0.05000000000000002359, 0.02500000000000002914 ) ;
#6709 = FILL_AREA_STYLE_COLOUR ( '', #3489 ) ;
#6710 = DIRECTION ( 'NONE',  ( 1.000000000000000000, 0.000000000000000000, 0.000000000000000000 ) ) ;
#6711 = DIRECTION ( 'NONE',  ( 0.000000000000000000, 0.000000000000000000, 1.000000000000000000 ) ) ;
#6712 = LINE ( 'NONE', #5359, #7884 ) ;
#6713 = ORIENTED_EDGE ( 'NONE', *, *, #4196, .T. ) ;
#6714 = COLOUR_RGB ( '',0.2509803921568627416, 0.2509803921568627416, 0.2509803921568627416 ) ;
#6715 = PLANE ( 'NONE',  #2480 ) ;
#6716 = SURFACE_STYLE_USAGE ( .BOTH. , #5140 ) ;
#6717 = FACE_OUTER_BOUND ( 'NONE', #1918, .T. ) ;
#6718 = SURFACE_STYLE_USAGE ( .BOTH. , #1350 ) ;
#6719 = VERTEX_POINT ( 'NONE', #9598 ) ;
#6720 = CARTESIAN_POINT ( 'NONE',  ( -0.5199999999999999067, -0.6999999999999997335, 0.3999999999999999112 ) ) ;
#6721 = VERTEX_POINT ( 'NONE', #1243 ) ;
#6722 = AXIS2_PLACEMENT_3D ( 'NONE', #9146, #8343, #3078 ) ;
#6723 = CIRCLE ( 'NONE', #6243, 0.02500000000000002567 ) ;
#6724 = FILL_AREA_STYLE ('',( #3592 ) ) ;
#6725 = FILL_AREA_STYLE_COLOUR ( '', #2734 ) ;
#6726 = UNCERTAINTY_MEASURE_WITH_UNIT (LENGTH_MEASURE( 1.000000000000000082E-05 ), #5403, 'distance_accuracy_value', 'NONE');
#6727 = EDGE_LOOP ( 'NONE', ( #141 ) ) ;
#6728 = EDGE_CURVE ( 'NONE', #2507, #44, #2145, .T. ) ;
#6729 =( GEOMETRIC_REPRESENTATION_CONTEXT ( 3 ) GLOBAL_UNCERTAINTY_ASSIGNED_CONTEXT ( ( #3561 ) ) GLOBAL_UNIT_ASSIGNED_CONTEXT ( ( #435, #9597, #6525 ) ) REPRESENTATION_CONTEXT ( 'NONE', 'WORKASPACE' ) );
#6730 = DIRECTION ( 'NONE',  ( 1.000000000000000000, 0.000000000000000000, 0.000000000000000000 ) ) ;
#6731 = PRESENTATION_LAYER_ASSIGNMENT (  '', '', ( #6215 ) ) ;
#6732 = DIRECTION ( 'NONE',  ( 0.000000000000000000, 0.000000000000000000, 1.000000000000000000 ) ) ;
#6733 = DIRECTION ( 'NONE',  ( 0.000000000000000000, 0.000000000000000000, -1.000000000000000000 ) ) ;
#6734 = EDGE_LOOP ( 'NONE', ( #7063, #8707, #7378, #3359 ) ) ;
#6735 = SURFACE_SIDE_STYLE ('',( #841 ) ) ;
#6736 = VECTOR ( 'NONE', #5113, 1000.000000000000000 ) ;
#6737 = UNCERTAINTY_MEASURE_WITH_UNIT (LENGTH_MEASURE( 1.000000000000000082E-05 ), #9444, 'distance_accuracy_value', 'NONE');
#6738 = VERTEX_POINT ( 'NONE', #6522 ) ;
#6739 = SURFACE_STYLE_FILL_AREA ( #7721 ) ;
#6740 = DIRECTION ( 'NONE',  ( -0.9956342260592881965, -0.000000000000000000, -0.09334070869305820251 ) ) ;
#6741 = SURFACE_STYLE_USAGE ( .BOTH. , #6003 ) ;
#6742 =( LENGTH_UNIT ( ) NAMED_UNIT ( * ) SI_UNIT ( .MILLI., .METRE. ) );
#6743 = EDGE_CURVE ( 'NONE', #1150, #1150, #5430, .T. ) ;
#6744 = EDGE_LOOP ( 'NONE', ( #4779 ) ) ;
#6745 = CARTESIAN_POINT ( 'NONE',  ( -0.4752780579937240790, -0.6584768409303793923, -0.4171584264866688430 ) ) ;
#6746 = CIRCLE ( 'NONE', #3563, 0.02499999999999995628 ) ;
#6747 =( GEOMETRIC_REPRESENTATION_CONTEXT ( 3 ) GLOBAL_UNCERTAINTY_ASSIGNED_CONTEXT ( ( #6405 ) ) GLOBAL_UNIT_ASSIGNED_CONTEXT ( ( #8224, #1616, #3605 ) ) REPRESENTATION_CONTEXT ( 'NONE', 'WORKASPACE' ) );
#6748 = VERTEX_POINT ( 'NONE', #4091 ) ;
#6749 = COLOUR_RGB ( '',1.000000000000000000, 0.7529411764705882248, 0.7529411764705882248 ) ;
#6750 =( NAMED_UNIT ( * ) PLANE_ANGLE_UNIT ( ) SI_UNIT ( $, .RADIAN. ) );
#6751 = STYLED_ITEM ( 'NONE', ( #6980 ), #5486 ) ;
#6752 = PRESENTATION_STYLE_ASSIGNMENT (( #2019 ) ) ;
#6753 = CARTESIAN_POINT ( 'NONE',  ( -1.000000000000000000, -0.7299999999999999822, 0.1999999999999999001 ) ) ;
#6754 = SURFACE_SIDE_STYLE ('',( #5558 ) ) ;
#6755 = EDGE_LOOP ( 'NONE', ( #573 ) ) ;
#6756 = LINE ( 'NONE', #2227, #1242 ) ;
#6757 = MECHANICAL_DESIGN_GEOMETRIC_PRESENTATION_REPRESENTATION (  '', ( #4245 ), #3358 ) ;
#6758 = FACE_OUTER_BOUND ( 'NONE', #8829, .T. ) ;
#6759 = CARTESIAN_POINT ( 'NONE',  ( 0.1793329645653460314, -0.6449999999999997957, -0.4302182886970357112 ) ) ;
#6760 = STYLED_ITEM ( 'NONE', ( #1838 ), #1282 ) ;
#6761 = FILL_AREA_STYLE ('',( #9743 ) ) ;
#6762 =( LENGTH_UNIT ( ) NAMED_UNIT ( * ) SI_UNIT ( .MILLI., .METRE. ) );
#6763 =( NAMED_UNIT ( * ) PLANE_ANGLE_UNIT ( ) SI_UNIT ( $, .RADIAN. ) );
#6764 =( GEOMETRIC_REPRESENTATION_CONTEXT ( 3 ) GLOBAL_UNCERTAINTY_ASSIGNED_CONTEXT ( ( #2951 ) ) GLOBAL_UNIT_ASSIGNED_CONTEXT ( ( #2618, #6024, #9716 ) ) REPRESENTATION_CONTEXT ( 'NONE', 'WORKASPACE' ) );
#6765 = EDGE_LOOP ( 'NONE', ( #6518 ) ) ;
#6766 = LINE ( 'NONE', #684, #3643 ) ;
#6767 = SURFACE_SIDE_STYLE ('',( #5689 ) ) ;
#6768 = EDGE_LOOP ( 'NONE', ( #5480 ) ) ;
#6769 = DIRECTION ( 'NONE',  ( 0.000000000000000000, 1.000000000000000000, 0.000000000000000000 ) ) ;
#6770 = UNCERTAINTY_MEASURE_WITH_UNIT (LENGTH_MEASURE( 1.000000000000000082E-05 ), #2496, 'distance_accuracy_value', 'NONE');
#6771 = DIRECTION ( 'NONE',  ( -0.9956342260592881965, -0.000000000000000000, -0.09334070869305721718 ) ) ;
#6772 = CARTESIAN_POINT ( 'NONE',  ( 0.000000000000000000, 0.000000000000000000, 0.000000000000000000 ) ) ;
#6773 = PRESENTATION_STYLE_ASSIGNMENT (( #5544 ) ) ;
#6774 = CARTESIAN_POINT ( 'NONE',  ( 0.03300000000000009870, -0.2250000000000000611, 0.3799999999999999489 ) ) ;
#6775 = PRESENTATION_LAYER_ASSIGNMENT (  '', '', ( #7789 ) ) ;
#6776 = DIRECTION ( 'NONE',  ( 0.000000000000000000, 1.000000000000000000, 0.000000000000000000 ) ) ;
#6777 = VECTOR ( 'NONE', #8299, 1000.000000000000000 ) ;
#6778 = FILL_AREA_STYLE ('',( #9705 ) ) ;
#6779 = FILL_AREA_STYLE_COLOUR ( '', #2990 ) ;
#6780 = CARTESIAN_POINT ( 'NONE',  ( -0.2599999999999998979, -0.5949999999999998623, -0.4800000000000000377 ) ) ;
#6781 = EDGE_CURVE ( 'NONE', #1119, #421, #5668, .T. ) ;
#6782 = CARTESIAN_POINT ( 'NONE',  ( -0.7750000000000001332, -0.9249999999999999334, 0.4000000000000004663 ) ) ;
#6783 = AXIS2_PLACEMENT_3D ( 'NONE', #7367, #5777, #2782 ) ;
#6784 = FILL_AREA_STYLE_COLOUR ( '', #4411 ) ;
#6785 = ORIENTED_EDGE ( 'NONE', *, *, #3413, .F. ) ;
#6786 = DIRECTION ( 'NONE',  ( -0.000000000000000000, -1.000000000000000000, -0.000000000000000000 ) ) ;
#6787 = UNCERTAINTY_MEASURE_WITH_UNIT (LENGTH_MEASURE( 1.000000000000000082E-05 ), #309, 'distance_accuracy_value', 'NONE');
#6788 =( LENGTH_UNIT ( ) NAMED_UNIT ( * ) SI_UNIT ( .MILLI., .METRE. ) );
#6789 = FILL_AREA_STYLE ('',( #6059 ) ) ;
#6790 = FILL_AREA_STYLE_COLOUR ( '', #1480 ) ;
#6791 = EDGE_LOOP ( 'NONE', ( #969 ) ) ;
#6792 = ADVANCED_FACE ( 'NONE', ( #4710 ), #3084, .T. ) ;
#6793 = SURFACE_STYLE_USAGE ( .BOTH. , #3682 ) ;
#6794 =( GEOMETRIC_REPRESENTATION_CONTEXT ( 3 ) GLOBAL_UNCERTAINTY_ASSIGNED_CONTEXT ( ( #8407 ) ) GLOBAL_UNIT_ASSIGNED_CONTEXT ( ( #5831, #5994, #1474 ) ) REPRESENTATION_CONTEXT ( 'NONE', 'WORKASPACE' ) );
#6795 = LINE ( 'NONE', #5340, #8576 ) ;
#6796 = MECHANICAL_DESIGN_GEOMETRIC_PRESENTATION_REPRESENTATION (  '', ( #6930 ), #8647 ) ;
#6797 = DIRECTION ( 'NONE',  ( 0.9825750242013556734, 0.000000000000000000, 0.1858664085188749815 ) ) ;
#6798 =( NAMED_UNIT ( * ) PLANE_ANGLE_UNIT ( ) SI_UNIT ( $, .RADIAN. ) );
#6799 = FACE_OUTER_BOUND ( 'NONE', #2489, .T. ) ;
#6800 = SURFACE_STYLE_FILL_AREA ( #6012 ) ;
#6801 =( LENGTH_UNIT ( ) NAMED_UNIT ( * ) SI_UNIT ( .MILLI., .METRE. ) );
#6802 = PRESENTATION_LAYER_ASSIGNMENT (  '', '', ( #1421 ) ) ;
#6803 = FILL_AREA_STYLE_COLOUR ( '', #1762 ) ;
#6804 = VERTEX_POINT ( 'NONE', #7264 ) ;
#6805 = DIRECTION ( 'NONE',  ( 1.000000000000000000, 0.000000000000000000, 0.000000000000000000 ) ) ;
#6806 = CARTESIAN_POINT ( 'NONE',  ( -0.3499999999999999778, -0.2250000000000000611, 0.4299999999999999378 ) ) ;
#6807 = CIRCLE ( 'NONE', #1741, 0.02500000000000002220 ) ;
#6808 = COLOUR_RGB ( '',1.000000000000000000, 0.7529411764705882248, 0.7529411764705882248 ) ;
#6809 =( NAMED_UNIT ( * ) SI_UNIT ( $, .STERADIAN. ) SOLID_ANGLE_UNIT ( ) );
#6810 = CARTESIAN_POINT ( 'NONE',  ( -0.5203186132900446959, -0.2000000000000000389, 0.4396446609406725603 ) ) ;
#6811 =( NAMED_UNIT ( * ) SI_UNIT ( $, .STERADIAN. ) SOLID_ANGLE_UNIT ( ) );
#6812 =( NAMED_UNIT ( * ) SI_UNIT ( $, .STERADIAN. ) SOLID_ANGLE_UNIT ( ) );
#6813 = AXIS2_PLACEMENT_3D ( 'NONE', #813, #3846, #9186 ) ;
#6814 = DIRECTION ( 'NONE',  ( 0.000000000000000000, 0.000000000000000000, -1.000000000000000000 ) ) ;
#6815 = ORIENTED_EDGE ( 'NONE', *, *, #6368, .F. ) ;
#6816 = VECTOR ( 'NONE', #5252, 1000.000000000000000 ) ;
#6817 = PRESENTATION_LAYER_ASSIGNMENT (  '', '', ( #6283 ) ) ;
#6818 =( LENGTH_UNIT ( ) NAMED_UNIT ( * ) SI_UNIT ( .MILLI., .METRE. ) );
#6819 = STYLED_ITEM ( 'NONE', ( #3241 ), #8262 ) ;
#6820 = CARTESIAN_POINT ( 'NONE',  ( -1.000000000000000000, -0.9000000000000000222, 0.1999999999999999001 ) ) ;
#6821 = EDGE_LOOP ( 'NONE', ( #977 ) ) ;
#6822 = DIRECTION ( 'NONE',  ( -1.000000000000000000, 0.000000000000000000, 0.000000000000000000 ) ) ;
#6823 =( NAMED_UNIT ( * ) SI_UNIT ( $, .STERADIAN. ) SOLID_ANGLE_UNIT ( ) );
#6824 = EDGE_LOOP ( 'NONE', ( #3390, #5656, #4149, #6700 ) ) ;
#6825 = UNCERTAINTY_MEASURE_WITH_UNIT (LENGTH_MEASURE( 1.000000000000000082E-05 ), #5058, 'distance_accuracy_value', 'NONE');
#6826 = COLOUR_RGB ( '',1.000000000000000000, 0.7529411764705882248, 0.7529411764705882248 ) ;
#6827 = EDGE_LOOP ( 'NONE', ( #568, #8408, #170, #1192 ) ) ;
#6828 = DIRECTION ( 'NONE',  ( 0.9825750242013555624, -0.1858664085188759807, 0.000000000000000000 ) ) ;
#6829 =( GEOMETRIC_REPRESENTATION_CONTEXT ( 3 ) GLOBAL_UNCERTAINTY_ASSIGNED_CONTEXT ( ( #502 ) ) GLOBAL_UNIT_ASSIGNED_CONTEXT ( ( #1455, #7552, #2352 ) ) REPRESENTATION_CONTEXT ( 'NONE', 'WORKASPACE' ) );
#6830 = DIRECTION ( 'NONE',  ( 0.9825750242013554514, -0.1858664085188760362, 0.000000000000000000 ) ) ;
#6831 = ORIENTED_EDGE ( 'NONE', *, *, #1970, .F. ) ;
#6832 = ADVANCED_FACE ( 'NONE', ( #1041, #3397 ), #8410, .T. ) ;
#6833 =( NAMED_UNIT ( * ) PLANE_ANGLE_UNIT ( ) SI_UNIT ( $, .RADIAN. ) );
#6834 = CARTESIAN_POINT ( 'NONE',  ( 0.5699999999999998401, -0.9249999999999999334, -0.3750000000000000555 ) ) ;
#6835 = MANIFOLD_SOLID_BREP ( 'LPattern1[5]', #5617 ) ;
#6836 = CARTESIAN_POINT ( 'NONE',  ( -0.09899999999999990752, -0.2250000000000000611, -0.3799999999999999489 ) ) ;
#6837 = PLANE ( 'NONE',  #15 ) ;
#6838 = ORIENTED_EDGE ( 'NONE', *, *, #6008, .F. ) ;
#6839 = FACE_OUTER_BOUND ( 'NONE', #9145, .T. ) ;
#6840 = EDGE_LOOP ( 'NONE', ( #7577 ) ) ;
#6841 = EDGE_CURVE ( 'NONE', #6850, #6850, #9248, .T. ) ;
#6842 = CARTESIAN_POINT ( 'NONE',  ( 0.5699999999999997291, -0.9300000000000001599, 0.3999999999999997446 ) ) ;
#6843 =( NAMED_UNIT ( * ) SI_UNIT ( $, .STERADIAN. ) SOLID_ANGLE_UNIT ( ) );
#6844 = STYLED_ITEM ( 'NONE', ( #7770 ), #2467 ) ;
#6845 = ADVANCED_FACE ( 'NONE', ( #6369, #8772 ), #7918, .T. ) ;
#6846 =( NAMED_UNIT ( * ) SI_UNIT ( $, .STERADIAN. ) SOLID_ANGLE_UNIT ( ) );
#6847 = DIRECTION ( 'NONE',  ( 0.000000000000000000, 1.000000000000000000, 0.000000000000000000 ) ) ;
#6848 = ORIENTED_EDGE ( 'NONE', *, *, #7716, .F. ) ;
#6849 =( NAMED_UNIT ( * ) SI_UNIT ( $, .STERADIAN. ) SOLID_ANGLE_UNIT ( ) );
#6850 = VERTEX_POINT ( 'NONE', #7362 ) ;
#6851 = EDGE_LOOP ( 'NONE', ( #8094 ) ) ;
#6852 = CARTESIAN_POINT ( 'NONE',  ( -1.000000000000000000, -0.7299999999999999822, 0.1999999999999999001 ) ) ;
#6853 = SURFACE_SIDE_STYLE ('',( #2425 ) ) ;
#6854 = DIRECTION ( 'NONE',  ( 0.000000000000000000, 0.000000000000000000, 1.000000000000000000 ) ) ;
#6855 = EDGE_CURVE ( 'NONE', #9710, #9710, #3070, .T. ) ;
#6856 =( GEOMETRIC_REPRESENTATION_CONTEXT ( 3 ) GLOBAL_UNCERTAINTY_ASSIGNED_CONTEXT ( ( #3692 ) ) GLOBAL_UNIT_ASSIGNED_CONTEXT ( ( #6034, #2910, #2242 ) ) REPRESENTATION_CONTEXT ( 'NONE', 'WORKASPACE' ) );
#6857 =( NAMED_UNIT ( * ) PLANE_ANGLE_UNIT ( ) SI_UNIT ( $, .RADIAN. ) );
#6858 = DIRECTION ( 'NONE',  ( -1.000000000000000000, 0.000000000000000000, -2.409338161078898194E-16 ) ) ;
#6859 = PRESENTATION_STYLE_ASSIGNMENT (( #3485 ) ) ;
#6860 = UNCERTAINTY_MEASURE_WITH_UNIT (LENGTH_MEASURE( 1.000000000000000082E-05 ), #1435, 'distance_accuracy_value', 'NONE');
#6861 = VERTEX_POINT ( 'NONE', #4059 ) ;
#6862 = DIRECTION ( 'NONE',  ( 0.000000000000000000, -1.000000000000000000, 0.000000000000000000 ) ) ;
#6863 =( GEOMETRIC_REPRESENTATION_CONTEXT ( 3 ) GLOBAL_UNCERTAINTY_ASSIGNED_CONTEXT ( ( #9522 ) ) GLOBAL_UNIT_ASSIGNED_CONTEXT ( ( #3523, #5712, #9632 ) ) REPRESENTATION_CONTEXT ( 'NONE', 'WORKASPACE' ) );
#6864 = SURFACE_STYLE_USAGE ( .BOTH. , #8586 ) ;
#6865 = DIRECTION ( 'NONE',  ( -0.09334070869305721718, 0.000000000000000000, 0.9956342260592883076 ) ) ;
#6866 = COLOUR_RGB ( '',1.000000000000000000, 0.7529411764705882248, 0.7529411764705882248 ) ;
#6867 = FILL_AREA_STYLE_COLOUR ( '', #9697 ) ;
#6868 =( NAMED_UNIT ( * ) SI_UNIT ( $, .STERADIAN. ) SOLID_ANGLE_UNIT ( ) );
#6869 = EDGE_CURVE ( 'NONE', #6719, #3310, #9468, .T. ) ;
#6870 = STYLED_ITEM ( 'NONE', ( #6672 ), #395 ) ;
#6871 =( NAMED_UNIT ( * ) PLANE_ANGLE_UNIT ( ) SI_UNIT ( $, .RADIAN. ) );
#6872 = MECHANICAL_DESIGN_GEOMETRIC_PRESENTATION_REPRESENTATION (  '', ( #9412 ), #3417 ) ;
#6873 =( NAMED_UNIT ( * ) PLANE_ANGLE_UNIT ( ) SI_UNIT ( $, .RADIAN. ) );
#6874 = VECTOR ( 'NONE', #7778, 1000.000000000000000 ) ;
#6875 = DIRECTION ( 'NONE',  ( -0.000000000000000000, -1.000000000000000000, -0.000000000000000000 ) ) ;
#6876 =( GEOMETRIC_REPRESENTATION_CONTEXT ( 3 ) GLOBAL_UNCERTAINTY_ASSIGNED_CONTEXT ( ( #5317 ) ) GLOBAL_UNIT_ASSIGNED_CONTEXT ( ( #7235, #7843, #4807 ) ) REPRESENTATION_CONTEXT ( 'NONE', 'WORKASPACE' ) );
#6877 = COLOUR_RGB ( '',1.000000000000000000, 0.7529411764705882248, 0.7529411764705882248 ) ;
#6878 = PRESENTATION_STYLE_ASSIGNMENT (( #249 ) ) ;
#6879 = DIRECTION ( 'NONE',  ( 1.000000000000000000, 0.000000000000000000, 0.000000000000000000 ) ) ;
#6880 = CARTESIAN_POINT ( 'NONE',  ( -0.1279999999999999194, -0.2250000000000000611, 0.3799999999999999489 ) ) ;
#6881 = MECHANICAL_DESIGN_GEOMETRIC_PRESENTATION_REPRESENTATION (  '', ( #2665 ), #3811 ) ;
#6882 =( NAMED_UNIT ( * ) PLANE_ANGLE_UNIT ( ) SI_UNIT ( $, .RADIAN. ) );
#6883 = PRESENTATION_STYLE_ASSIGNMENT (( #6226 ) ) ;
#6884 = CARTESIAN_POINT ( 'NONE',  ( 0.01200000000000008872, -0.2250000000000000611, -0.3799999999999999489 ) ) ;
#6885 = PRESENTATION_STYLE_ASSIGNMENT (( #1042 ) ) ;
#6886 = PRESENTATION_LAYER_ASSIGNMENT (  '', '', ( #6355 ) ) ;
#6887 = DIRECTION ( 'NONE',  ( -1.000000000000000000, 0.000000000000000000, 0.000000000000000000 ) ) ;
#6888 = DIRECTION ( 'NONE',  ( -0.000000000000000000, -0.000000000000000000, -1.000000000000000000 ) ) ;
#6889 = ORIENTED_EDGE ( 'NONE', *, *, #7087, .F. ) ;
#6890 = FILL_AREA_STYLE_COLOUR ( '', #1107 ) ;
#6891 =( GEOMETRIC_REPRESENTATION_CONTEXT ( 3 ) GLOBAL_UNCERTAINTY_ASSIGNED_CONTEXT ( ( #6860 ) ) GLOBAL_UNIT_ASSIGNED_CONTEXT ( ( #1435, #3905, #610 ) ) REPRESENTATION_CONTEXT ( 'NONE', 'WORKASPACE' ) );
#6892 = DIRECTION ( 'NONE',  ( 2.168404344971010446E-15, 0.000000000000000000, 1.000000000000000000 ) ) ;
#6893 = UNCERTAINTY_MEASURE_WITH_UNIT (LENGTH_MEASURE( 1.000000000000000082E-05 ), #6028, 'distance_accuracy_value', 'NONE');
#6894 = PLANE ( 'NONE',  #1803 ) ;
#6895 = SURFACE_STYLE_USAGE ( .BOTH. , #3818 ) ;
#6896 = CARTESIAN_POINT ( 'NONE',  ( -1.000000000000000000, -0.7299999999999999822, 0.5999999999999999778 ) ) ;
#6897 = SURFACE_STYLE_USAGE ( .BOTH. , #1617 ) ;
#6898 = DIRECTION ( 'NONE',  ( 0.000000000000000000, 0.000000000000000000, -1.000000000000000000 ) ) ;
#6899 = EDGE_LOOP ( 'NONE', ( #2336 ) ) ;
#6900 = AXIS2_PLACEMENT_3D ( 'NONE', #6884, #4610, #7866 ) ;
#6901 = DIRECTION ( 'NONE',  ( 0.000000000000000000, -1.000000000000000000, 0.000000000000000000 ) ) ;
#6902 = SURFACE_STYLE_FILL_AREA ( #607 ) ;
#6903 = COLOUR_RGB ( '',1.000000000000000000, 0.7529411764705882248, 0.7529411764705882248 ) ;
#6904 = SURFACE_STYLE_FILL_AREA ( #3924 ) ;
#6905 = CARTESIAN_POINT ( 'NONE',  ( 1.000000000000000000, -0.9000000000000000222, 0.5999999999999999778 ) ) ;
#6906 =( NAMED_UNIT ( * ) SI_UNIT ( $, .STERADIAN. ) SOLID_ANGLE_UNIT ( ) );
#6907 = PRESENTATION_LAYER_ASSIGNMENT (  '', '', ( #1382 ) ) ;
#6908 = FILL_AREA_STYLE_COLOUR ( '', #4985 ) ;
#6909 = EDGE_LOOP ( 'NONE', ( #7543 ) ) ;
#6910 = VECTOR ( 'NONE', #6010, 1000.000000000000000 ) ;
#6911 = EDGE_CURVE ( 'NONE', #5517, #3029, #92, .T. ) ;
#6912 = AXIS2_PLACEMENT_3D ( 'NONE', #3799, #70, #6172 ) ;
#6913 = UNCERTAINTY_MEASURE_WITH_UNIT (LENGTH_MEASURE( 1.000000000000000082E-05 ), #9770, 'distance_accuracy_value', 'NONE');
#6914 = STYLED_ITEM ( 'NONE', ( #545 ), #3294 ) ;
#6915 = UNCERTAINTY_MEASURE_WITH_UNIT (LENGTH_MEASURE( 1.000000000000000082E-05 ), #1578, 'distance_accuracy_value', 'NONE');
#6916 = CARTESIAN_POINT ( 'NONE',  ( -0.3850000000000000089, -0.6499999999999999112, 0.3499999999999999223 ) ) ;
#6917 = EDGE_LOOP ( 'NONE', ( #8111 ) ) ;
#6918 = SURFACE_STYLE_USAGE ( .BOTH. , #1632 ) ;
#6919 = STYLED_ITEM ( 'NONE', ( #3886 ), #6651 ) ;
#6920 = ORIENTED_EDGE ( 'NONE', *, *, #3992, .T. ) ;
#6921 = CARTESIAN_POINT ( 'NONE',  ( 0.2550000000000001155, -0.2750000000000000777, 0.4299999999999999378 ) ) ;
#6922 = SURFACE_STYLE_FILL_AREA ( #4269 ) ;
#6923 = DIRECTION ( 'NONE',  ( 1.000000000000000000, 0.000000000000000000, 0.000000000000000000 ) ) ;
#6924 = FACE_OUTER_BOUND ( 'NONE', #6824, .T. ) ;
#6925 = SURFACE_STYLE_USAGE ( .BOTH. , #8824 ) ;
#6926 =( NAMED_UNIT ( * ) PLANE_ANGLE_UNIT ( ) SI_UNIT ( $, .RADIAN. ) );
#6927 = SURFACE_STYLE_FILL_AREA ( #8035 ) ;
#6928 = ORIENTED_EDGE ( 'NONE', *, *, #5297, .T. ) ;
#6929 = PRESENTATION_LAYER_ASSIGNMENT (  '', '', ( #6094 ) ) ;
#6930 = STYLED_ITEM ( 'NONE', ( #7360 ), #4045 ) ;
#6931 = PRESENTATION_STYLE_ASSIGNMENT (( #606 ) ) ;
#6932 = SURFACE_SIDE_STYLE ('',( #194 ) ) ;
#6933 = MECHANICAL_DESIGN_GEOMETRIC_PRESENTATION_REPRESENTATION (  '', ( #7107 ), #9169 ) ;
#6934 = DIRECTION ( 'NONE',  ( 1.000000000000000000, 0.000000000000000000, 0.000000000000000000 ) ) ;
#6935 =( NAMED_UNIT ( * ) SI_UNIT ( $, .STERADIAN. ) SOLID_ANGLE_UNIT ( ) );
#6936 =( GEOMETRIC_REPRESENTATION_CONTEXT ( 3 ) GLOBAL_UNCERTAINTY_ASSIGNED_CONTEXT ( ( #880 ) ) GLOBAL_UNIT_ASSIGNED_CONTEXT ( ( #56, #751, #819 ) ) REPRESENTATION_CONTEXT ( 'NONE', 'WORKASPACE' ) );
#6937 = CARTESIAN_POINT ( 'NONE',  ( -0.5349632742307173228, -0.1999999999999999833, 0.5749999999999999556 ) ) ;
#6938 = DIRECTION ( 'NONE',  ( -0.000000000000000000, -1.000000000000000000, -0.000000000000000000 ) ) ;
#6939 =( LENGTH_UNIT ( ) NAMED_UNIT ( * ) SI_UNIT ( .MILLI., .METRE. ) );
#6940 = CARTESIAN_POINT ( 'NONE',  ( -0.1036670354346528045, -0.6449999999999997957, -0.4302182886970356002 ) ) ;
#6941 =( GEOMETRIC_REPRESENTATION_CONTEXT ( 3 ) GLOBAL_UNCERTAINTY_ASSIGNED_CONTEXT ( ( #9463 ) ) GLOBAL_UNIT_ASSIGNED_CONTEXT ( ( #8112, #9644, #5083 ) ) REPRESENTATION_CONTEXT ( 'NONE', 'WORKASPACE' ) );
#6942 = ORIENTED_EDGE ( 'NONE', *, *, #4797, .F. ) ;
#6943 = SURFACE_SIDE_STYLE ('',( #6063 ) ) ;
#6944 = CARTESIAN_POINT ( 'NONE',  ( 0.4733179345517982695, -0.7084327450237907220, 0.4179104652505124529 ) ) ;
#6945 = LINE ( 'NONE', #1263, #2900 ) ;
#6946 = MECHANICAL_DESIGN_GEOMETRIC_PRESENTATION_REPRESENTATION (  '', ( #8284 ), #277 ) ;
#6947 = ORIENTED_EDGE ( 'NONE', *, *, #9290, .T. ) ;
#6948 = UNCERTAINTY_MEASURE_WITH_UNIT (LENGTH_MEASURE( 1.000000000000000082E-05 ), #7536, 'distance_accuracy_value', 'NONE');
#6949 =( GEOMETRIC_REPRESENTATION_CONTEXT ( 3 ) GLOBAL_UNCERTAINTY_ASSIGNED_CONTEXT ( ( #1822 ) ) GLOBAL_UNIT_ASSIGNED_CONTEXT ( ( #2209, #3779, #9119 ) ) REPRESENTATION_CONTEXT ( 'NONE', 'WORKASPACE' ) );
#6950 = PRESENTATION_STYLE_ASSIGNMENT (( #8743 ) ) ;
#6951 =( NAMED_UNIT ( * ) PLANE_ANGLE_UNIT ( ) SI_UNIT ( $, .RADIAN. ) );
#6952 = ADVANCED_FACE ( 'NONE', ( #8042 ), #1452, .F. ) ;
#6953 = EDGE_LOOP ( 'NONE', ( #664 ) ) ;
#6954 = SURFACE_SIDE_STYLE ('',( #1225 ) ) ;
#6955 = VECTOR ( 'NONE', #7357, 1000.000000000000000 ) ;
#6956 = CARTESIAN_POINT ( 'NONE',  ( -0.4733179345517982695, -0.7084327450237907220, -0.4179104652505124529 ) ) ;
#6957 = EDGE_CURVE ( 'NONE', #9305, #7370, #1290, .T. ) ;
#6958 = PRESENTATION_LAYER_ASSIGNMENT (  '', '', ( #9013 ) ) ;
#6959 = CARTESIAN_POINT ( 'NONE',  ( 0.9749999999999999778, -0.6199999999999998845, 0.5999999999999999778 ) ) ;
#6960 = ORIENTED_EDGE ( 'NONE', *, *, #7563, .F. ) ;
#6961 =( NAMED_UNIT ( * ) SI_UNIT ( $, .STERADIAN. ) SOLID_ANGLE_UNIT ( ) );
#6962 =( NAMED_UNIT ( * ) PLANE_ANGLE_UNIT ( ) SI_UNIT ( $, .RADIAN. ) );
#6963 = CYLINDRICAL_SURFACE ( 'NONE', #8766, 0.02500000000000006384 ) ;
#6964 = COLOUR_RGB ( '',1.000000000000000000, 0.7529411764705882248, 0.7529411764705882248 ) ;
#6965 = CARTESIAN_POINT ( 'NONE',  ( -0.5499999999999999334, -0.7299999999999999822, -0.1999999999999998723 ) ) ;
#6966 = SURFACE_SIDE_STYLE ('',( #349 ) ) ;
#6967 = UNCERTAINTY_MEASURE_WITH_UNIT (LENGTH_MEASURE( 1.000000000000000082E-05 ), #8333, 'distance_accuracy_value', 'NONE');
#6968 = LINE ( 'NONE', #8421, #6358 ) ;
#6969 = FILL_AREA_STYLE_COLOUR ( '', #317 ) ;
#6970 = EDGE_CURVE ( 'NONE', #1076, #4900, #4084, .T. ) ;
#6971 = DIRECTION ( 'NONE',  ( -0.000000000000000000, -1.000000000000000000, -0.000000000000000000 ) ) ;
#6972 = VERTEX_POINT ( 'NONE', #4261 ) ;
#6973 = DIRECTION ( 'NONE',  ( 0.9956342260592881965, 0.000000000000000000, 0.09334070869305802209 ) ) ;
#6974 = LINE ( 'NONE', #889, #3060 ) ;
#6975 = AXIS2_PLACEMENT_3D ( 'NONE', #6065, #4589, #6797 ) ;
#6976 = ORIENTED_EDGE ( 'NONE', *, *, #6517, .T. ) ;
#6977 = PRESENTATION_STYLE_ASSIGNMENT (( #269 ) ) ;
#6978 = CARTESIAN_POINT ( 'NONE',  ( 0.5499999999999999334, -0.9000000000000000222, 0.1999999999999998723 ) ) ;
#6979 =( NAMED_UNIT ( * ) SI_UNIT ( $, .STERADIAN. ) SOLID_ANGLE_UNIT ( ) );
#6980 = PRESENTATION_STYLE_ASSIGNMENT (( #4396 ) ) ;
#6981 =( NAMED_UNIT ( * ) SI_UNIT ( $, .STERADIAN. ) SOLID_ANGLE_UNIT ( ) );
#6982 =( NAMED_UNIT ( * ) SI_UNIT ( $, .STERADIAN. ) SOLID_ANGLE_UNIT ( ) );
#6983 = DIRECTION ( 'NONE',  ( -1.000000000000000000, -0.000000000000000000, 2.168404344971010051E-15 ) ) ;
#6984 = LINE ( 'NONE', #2239, #4940 ) ;
#6985 = DIRECTION ( 'NONE',  ( -0.000000000000000000, 1.000000000000000000, -0.000000000000000000 ) ) ;
#6986 = ADVANCED_FACE ( 'NONE', ( #3873, #9240 ), #1769, .T. ) ;
#6987 = AXIS2_PLACEMENT_3D ( 'NONE', #1387, #3694, #9043 ) ;
#6988 = CIRCLE ( 'NONE', #5796, 0.02500000000000002567 ) ;
#6989 =( NAMED_UNIT ( * ) PLANE_ANGLE_UNIT ( ) SI_UNIT ( $, .RADIAN. ) );
#6990 = STYLED_ITEM ( 'NONE', ( #4991 ), #4608 ) ;
#6991 = ADVANCED_FACE ( 'NONE', ( #7810, #7587 ), #5292, .T. ) ;
#6992 = ORIENTED_EDGE ( 'NONE', *, *, #2924, .F. ) ;
#6993 = EDGE_CURVE ( 'NONE', #2475, #2475, #212, .T. ) ;
#6994 = AXIS2_PLACEMENT_3D ( 'NONE', #3536, #3597, #7527 ) ;
#6995 = FILL_AREA_STYLE_COLOUR ( '', #672 ) ;
#6996 = SURFACE_STYLE_USAGE ( .BOTH. , #2526 ) ;
#6997 =( NAMED_UNIT ( * ) SI_UNIT ( $, .STERADIAN. ) SOLID_ANGLE_UNIT ( ) );
#6998 = CARTESIAN_POINT ( 'NONE',  ( 0.5499999999999999334, -0.7299999999999999822, -0.6000000000000000888 ) ) ;
#6999 =( GEOMETRIC_REPRESENTATION_CONTEXT ( 3 ) GLOBAL_UNCERTAINTY_ASSIGNED_CONTEXT ( ( #7394 ) ) GLOBAL_UNIT_ASSIGNED_CONTEXT ( ( #8882, #3529, #2831 ) ) REPRESENTATION_CONTEXT ( 'NONE', 'WORKASPACE' ) );
#7000 = ORIENTED_EDGE ( 'NONE', *, *, #4688, .T. ) ;
#7001 = DIRECTION ( 'NONE',  ( -0.3236155771181914997, 0.8891264907159882602, -0.3236155771181782326 ) ) ;
#7002 = DIRECTION ( 'NONE',  ( 0.000000000000000000, 0.000000000000000000, 1.000000000000000000 ) ) ;
#7003 = ORIENTED_EDGE ( 'NONE', *, *, #1235, .F. ) ;
#7004 = PRESENTATION_LAYER_ASSIGNMENT (  '', '', ( #4129 ) ) ;
#7005 = EDGE_LOOP ( 'NONE', ( #4786 ) ) ;
#7006 = CYLINDRICAL_SURFACE ( 'NONE', #1299, 0.02500000000000003955 ) ;
#7007 = FILL_AREA_STYLE ('',( #7129 ) ) ;
#7008 = AXIS2_PLACEMENT_3D ( 'NONE', #6720, #1569, #5975 ) ;
#7009 = STYLED_ITEM ( 'NONE', ( #602 ), #9001 ) ;
#7010 = MECHANICAL_DESIGN_GEOMETRIC_PRESENTATION_REPRESENTATION (  '', ( #3435 ), #8739 ) ;
#7011 = DIRECTION ( 'NONE',  ( 0.9825750242013555624, 0.000000000000000000, 0.1858664085188750648 ) ) ;
#7012 = COLOUR_RGB ( '',1.000000000000000000, 0.7529411764705882248, 0.7529411764705882248 ) ;
#7013 = EDGE_CURVE ( 'NONE', #8034, #8034, #6019, .T. ) ;
#7014 =( GEOMETRIC_REPRESENTATION_CONTEXT ( 3 ) GLOBAL_UNCERTAINTY_ASSIGNED_CONTEXT ( ( #478 ) ) GLOBAL_UNIT_ASSIGNED_CONTEXT ( ( #5629, #7890, #7925 ) ) REPRESENTATION_CONTEXT ( 'NONE', 'WORKASPACE' ) );
#7015 = ORIENTED_EDGE ( 'NONE', *, *, #5741, .T. ) ;
#7016 = TOROIDAL_SURFACE ( 'NONE', #9805, 0.05000000000000002359, 0.02500000000000002914 ) ;
#7017 = FILL_AREA_STYLE ('',( #6284 ) ) ;
#7018 = PRESENTATION_STYLE_ASSIGNMENT (( #3629 ) ) ;
#7019 = SURFACE_STYLE_USAGE ( .BOTH. , #3960 ) ;
#7020 =( GEOMETRIC_REPRESENTATION_CONTEXT ( 3 ) GLOBAL_UNCERTAINTY_ASSIGNED_CONTEXT ( ( #2887 ) ) GLOBAL_UNIT_ASSIGNED_CONTEXT ( ( #3722, #690, #9854 ) ) REPRESENTATION_CONTEXT ( 'NONE', 'WORKASPACE' ) );
#7021 =( NAMED_UNIT ( * ) PLANE_ANGLE_UNIT ( ) SI_UNIT ( $, .RADIAN. ) );
#7022 = DIRECTION ( 'NONE',  ( -0.5000000000000014433, -0.000000000000000000, -0.8660254037844378194 ) ) ;
#7023 = ADVANCED_FACE ( 'NONE', ( #9575, #2476 ), #4806, .T. ) ;
#7024 = EDGE_LOOP ( 'NONE', ( #888 ) ) ;
#7025 = CARTESIAN_POINT ( 'NONE',  ( 0.2085643756050339914, -0.2296466602129719481, -0.4299999999999999933 ) ) ;
#7026 = LINE ( 'NONE', #4678, #978 ) ;
#7027 = EDGE_CURVE ( 'NONE', #5652, #5652, #1535, .T. ) ;
#7028 = FACE_OUTER_BOUND ( 'NONE', #1843, .T. ) ;
#7029 = COLOUR_RGB ( '',1.000000000000000000, 1.000000000000000000, 1.000000000000000000 ) ;
#7030 = CARTESIAN_POINT ( 'NONE',  ( 0.01200000000000008872, -0.5949999999999998623, -0.4799999999999999822 ) ) ;
#7031 = ADVANCED_FACE ( 'NONE', ( #910 ), #8760, .T. ) ;
#7032 = AXIS2_PLACEMENT_3D ( 'NONE', #9262, #4300, #7057 ) ;
#7033 = CARTESIAN_POINT ( 'NONE',  ( -0.5203186132900446959, -0.2000000000000000389, -0.5896446609406724715 ) ) ;
#7034 = ORIENTED_EDGE ( 'NONE', *, *, #9401, .T. ) ;
#7035 = PRESENTATION_STYLE_ASSIGNMENT (( #9820 ) ) ;
#7036 = PRESENTATION_STYLE_ASSIGNMENT (( #1907 ) ) ;
#7037 = FACE_OUTER_BOUND ( 'NONE', #2857, .T. ) ;
#7038 = VECTOR ( 'NONE', #6858, 1000.000000000000000 ) ;
#7039 = ORIENTED_EDGE ( 'NONE', *, *, #1185, .F. ) ;
#7040 = FACE_OUTER_BOUND ( 'NONE', #8000, .T. ) ;
#7041 = ORIENTED_EDGE ( 'NONE', *, *, #6679, .F. ) ;
#7042 = EDGE_CURVE ( 'NONE', #7616, #3852, #6974, .T. ) ;
#7043 =( LENGTH_UNIT ( ) NAMED_UNIT ( * ) SI_UNIT ( .MILLI., .METRE. ) );
#7044 = DIRECTION ( 'NONE',  ( -1.000000000000000000, 0.000000000000000000, -3.614007241618344826E-16 ) ) ;
#7045 = AXIS2_PLACEMENT_3D ( 'NONE', #7876, #1934, #8790 ) ;
#7046 = SURFACE_STYLE_FILL_AREA ( #1138 ) ;
#7047 = DIRECTION ( 'NONE',  ( -0.000000000000000000, -0.000000000000000000, 1.000000000000000000 ) ) ;
#7048 = PRESENTATION_LAYER_ASSIGNMENT (  '', '', ( #9606 ) ) ;
#7049 = FILL_AREA_STYLE_COLOUR ( '', #6808 ) ;
#7050 = EDGE_LOOP ( 'NONE', ( #307 ) ) ;
#7051 =( NAMED_UNIT ( * ) PLANE_ANGLE_UNIT ( ) SI_UNIT ( $, .RADIAN. ) );
#7052 = FILL_AREA_STYLE_COLOUR ( '', #7566 ) ;
#7053 = PLANE ( 'NONE',  #6707 ) ;
#7054 = VECTOR ( 'NONE', #3189, 1000.000000000000000 ) ;
#7055 = MANIFOLD_SOLID_BREP ( 'LPattern1[10]', #2957 ) ;
#7056 = SURFACE_SIDE_STYLE ('',( #7700 ) ) ;
#7057 = DIRECTION ( 'NONE',  ( 0.9825750242013555624, -0.1858664085188759807, 0.000000000000000000 ) ) ;
#7058 = MECHANICAL_DESIGN_GEOMETRIC_PRESENTATION_REPRESENTATION (  '', ( #6545 ), #2007 ) ;
#7059 = ADVANCED_FACE ( 'NONE', ( #4465, #4922 ), #8513, .T. ) ;
#7060 = SURFACE_STYLE_USAGE ( .BOTH. , #1783 ) ;
#7061 = CARTESIAN_POINT ( 'NONE',  ( 0.03656437560503399825, -0.2750000000000000222, -0.4753533397870280952 ) ) ;
#7062 = AXIS2_PLACEMENT_3D ( 'NONE', #2936, #3742, #6693 ) ;
#7063 = ORIENTED_EDGE ( 'NONE', *, *, #7612, .F. ) ;
#7064 = PRESENTATION_LAYER_ASSIGNMENT (  '', '', ( #280 ) ) ;
#7065 = VERTEX_POINT ( 'NONE', #7776 ) ;
#7066 = AXIS2_PLACEMENT_3D ( 'NONE', #6331, #2298, #9189 ) ;
#7067 = COLOUR_RGB ( '',0.2509803921568627416, 0.2509803921568627416, 0.2509803921568627416 ) ;
#7068 = FILL_AREA_STYLE ('',( #4709 ) ) ;
#7069 =( NAMED_UNIT ( * ) SI_UNIT ( $, .STERADIAN. ) SOLID_ANGLE_UNIT ( ) );
#7070 = DIRECTION ( 'NONE',  ( -1.000000000000000000, 0.000000000000000000, 0.000000000000000000 ) ) ;
#7071 = ADVANCED_FACE ( 'NONE', ( #1266, #9336 ), #1523, .T. ) ;
#7072 = VERTEX_POINT ( 'NONE', #6451 ) ;
#7073 = EDGE_LOOP ( 'NONE', ( #5153 ) ) ;
#7074 = STYLED_ITEM ( 'NONE', ( #8484 ), #2429 ) ;
#7075 = FACE_OUTER_BOUND ( 'NONE', #7339, .T. ) ;
#7076 = DIRECTION ( 'NONE',  ( -0.000000000000000000, -1.000000000000000000, -0.000000000000000000 ) ) ;
#7077 = UNCERTAINTY_MEASURE_WITH_UNIT (LENGTH_MEASURE( 1.000000000000000082E-05 ), #3025, 'distance_accuracy_value', 'NONE');
#7078 = EDGE_LOOP ( 'NONE', ( #4159 ) ) ;
#7079 =( LENGTH_UNIT ( ) NAMED_UNIT ( * ) SI_UNIT ( .MILLI., .METRE. ) );
#7080 = COLOUR_RGB ( '',1.000000000000000000, 0.7529411764705882248, 0.7529411764705882248 ) ;
#7081 = VERTEX_POINT ( 'NONE', #1854 ) ;
#7082 = PRESENTATION_STYLE_ASSIGNMENT (( #7617 ) ) ;
#7083 = EDGE_LOOP ( 'NONE', ( #7737 ) ) ;
#7084 = ADVANCED_FACE ( 'NONE', ( #5766 ), #1777, .T. ) ;
#7085 = FILL_AREA_STYLE ('',( #2581 ) ) ;
#7086 = CARTESIAN_POINT ( 'NONE',  ( 0.5099632742307173006, -0.1999999999999999833, -0.4500000000000000111 ) ) ;
#7087 = EDGE_CURVE ( 'NONE', #8914, #1584, #4909, .T. ) ;
#7088 = FILL_AREA_STYLE_COLOUR ( '', #1024 ) ;
#7089 = PRESENTATION_LAYER_ASSIGNMENT (  '', '', ( #5510 ) ) ;
#7090 =( LENGTH_UNIT ( ) NAMED_UNIT ( * ) SI_UNIT ( .MILLI., .METRE. ) );
#7091 = MECHANICAL_DESIGN_GEOMETRIC_PRESENTATION_REPRESENTATION (  '', ( #7802 ), #8118 ) ;
#7092 =( NAMED_UNIT ( * ) SI_UNIT ( $, .STERADIAN. ) SOLID_ANGLE_UNIT ( ) );
#7093 = FACE_OUTER_BOUND ( 'NONE', #9122, .T. ) ;
#7094 = PLANE ( 'NONE',  #8413 ) ;
#7095 = SURFACE_SIDE_STYLE ('',( #8175 ) ) ;
#7096 = DIRECTION ( 'NONE',  ( -1.000000000000000000, 0.000000000000000000, 0.000000000000000000 ) ) ;
#7097 = COLOUR_RGB ( '',1.000000000000000000, 1.000000000000000000, 1.000000000000000000 ) ;
#7098 = ORIENTED_EDGE ( 'NONE', *, *, #2525, .T. ) ;
#7099 =( LENGTH_UNIT ( ) NAMED_UNIT ( * ) SI_UNIT ( .MILLI., .METRE. ) );
#7100 = CARTESIAN_POINT ( 'NONE',  ( -0.5099632742307173006, -0.1999999999999999833, -0.5999999999999999778 ) ) ;
#7101 = COLOUR_RGB ( '',1.000000000000000000, 0.7529411764705882248, 0.7529411764705882248 ) ;
#7102 = CARTESIAN_POINT ( 'NONE',  ( 0.3850000000000000089, -0.2250000000000000611, 0.4299999999999999378 ) ) ;
#7103 = DIRECTION ( 'NONE',  ( -1.000000000000000000, 0.000000000000000000, 0.000000000000000000 ) ) ;
#7104 = AXIS2_PLACEMENT_3D ( 'NONE', #2214, #7422, #2907 ) ;
#7105 = AXIS2_PLACEMENT_3D ( 'NONE', #5522, #4781, #293 ) ;
#7106 = CARTESIAN_POINT ( 'NONE',  ( -0.5699999999999997291, -0.9300000000000001599, -0.3999999999999997446 ) ) ;
#7107 = STYLED_ITEM ( 'NONE', ( #2920 ), #7117 ) ;
#7108 =( LENGTH_UNIT ( ) NAMED_UNIT ( * ) SI_UNIT ( .MILLI., .METRE. ) );
#7109 =( GEOMETRIC_REPRESENTATION_CONTEXT ( 3 ) GLOBAL_UNCERTAINTY_ASSIGNED_CONTEXT ( ( #4403 ) ) GLOBAL_UNIT_ASSIGNED_CONTEXT ( ( #6452, #1946, #1197 ) ) REPRESENTATION_CONTEXT ( 'NONE', 'WORKASPACE' ) );
#7110 = COLOUR_RGB ( '',1.000000000000000000, 0.7529411764705882248, 0.7529411764705882248 ) ;
#7111 = UNCERTAINTY_MEASURE_WITH_UNIT (LENGTH_MEASURE( 1.000000000000000082E-05 ), #5333, 'distance_accuracy_value', 'NONE');
#7112 =( LENGTH_UNIT ( ) NAMED_UNIT ( * ) SI_UNIT ( .MILLI., .METRE. ) );
#7113 = EDGE_CURVE ( 'NONE', #4700, #8871, #1748, .T. ) ;
#7114 = PRESENTATION_LAYER_ASSIGNMENT (  '', '', ( #7935 ) ) ;
#7115 = DIRECTION ( 'NONE',  ( -1.000000000000000000, 0.000000000000000000, 0.000000000000000000 ) ) ;
#7116 = SURFACE_SIDE_STYLE ('',( #2238 ) ) ;
#7117 = ADVANCED_FACE ( 'NONE', ( #7437 ), #1846, .T. ) ;
#7118 =( GEOMETRIC_REPRESENTATION_CONTEXT ( 3 ) GLOBAL_UNCERTAINTY_ASSIGNED_CONTEXT ( ( #6913 ) ) GLOBAL_UNIT_ASSIGNED_CONTEXT ( ( #9770, #7492, #6823 ) ) REPRESENTATION_CONTEXT ( 'NONE', 'WORKASPACE' ) );
#7119 = SURFACE_STYLE_USAGE ( .BOTH. , #360 ) ;
#7120 = FILL_AREA_STYLE_COLOUR ( '', #2464 ) ;
#7121 = MANIFOLD_SOLID_BREP ( 'Boss-Extrude3[4]', #8511 ) ;
#7122 = EDGE_LOOP ( 'NONE', ( #3466 ) ) ;
#7123 = CARTESIAN_POINT ( 'NONE',  ( 0.2344492232371699625, -0.6426664822826733126, 0.4325416188035215992 ) ) ;
#7124 = FACE_OUTER_BOUND ( 'NONE', #4202, .T. ) ;
#7125 = FACE_OUTER_BOUND ( 'NONE', #9821, .T. ) ;
#7126 = PLANE ( 'NONE',  #6523 ) ;
#7127 = DIRECTION ( 'NONE',  ( -1.000000000000000000, 0.000000000000000000, 0.000000000000000000 ) ) ;
#7128 = ADVANCED_FACE ( 'NONE', ( #8268 ), #2669, .F. ) ;
#7129 = FILL_AREA_STYLE_COLOUR ( '', #3967 ) ;
#7130 = ORIENTED_EDGE ( 'NONE', *, *, #950, .F. ) ;
#7131 = STYLED_ITEM ( 'NONE', ( #7983 ), #2226 ) ;
#7132 = DIRECTION ( 'NONE',  ( 0.000000000000000000, -1.000000000000000000, 0.000000000000000000 ) ) ;
#7133 =( GEOMETRIC_REPRESENTATION_CONTEXT ( 3 ) GLOBAL_UNCERTAINTY_ASSIGNED_CONTEXT ( ( #96 ) ) GLOBAL_UNIT_ASSIGNED_CONTEXT ( ( #6680, #703, #2925 ) ) REPRESENTATION_CONTEXT ( 'NONE', 'WORKASPACE' ) );
#7134 = UNCERTAINTY_MEASURE_WITH_UNIT (LENGTH_MEASURE( 1.000000000000000082E-05 ), #2845, 'distance_accuracy_value', 'NONE');
#7135 = SURFACE_STYLE_FILL_AREA ( #1828 ) ;
#7136 = ORIENTED_EDGE ( 'NONE', *, *, #702, .T. ) ;
#7137 = ORIENTED_EDGE ( 'NONE', *, *, #1285, .T. ) ;
#7138 =( LENGTH_UNIT ( ) NAMED_UNIT ( * ) SI_UNIT ( .MILLI., .METRE. ) );
#7139 = CARTESIAN_POINT ( 'NONE',  ( 1.000000000000000222, -0.2103553390593273786, -0.5999999999999998668 ) ) ;
#7140 = AXIS2_PLACEMENT_3D ( 'NONE', #2311, #3133, #3 ) ;
#7141 = UNCERTAINTY_MEASURE_WITH_UNIT (LENGTH_MEASURE( 1.000000000000000082E-05 ), #424, 'distance_accuracy_value', 'NONE');
#7142 = MECHANICAL_DESIGN_GEOMETRIC_PRESENTATION_REPRESENTATION (  '', ( #7551 ), #9570 ) ;
#7143 = DIRECTION ( 'NONE',  ( -1.000000000000000000, 0.000000000000000000, 0.000000000000000000 ) ) ;
#7144 =( NAMED_UNIT ( * ) PLANE_ANGLE_UNIT ( ) SI_UNIT ( $, .RADIAN. ) );
#7145 = CARTESIAN_POINT ( 'NONE',  ( -0.1279999999999999472, -0.2750000000000000777, 0.4299999999999999378 ) ) ;
#7146 = EDGE_LOOP ( 'NONE', ( #471 ) ) ;
#7147 =( NAMED_UNIT ( * ) PLANE_ANGLE_UNIT ( ) SI_UNIT ( $, .RADIAN. ) );
#7148 = FACE_OUTER_BOUND ( 'NONE', #5208, .T. ) ;
#7149 =( GEOMETRIC_REPRESENTATION_CONTEXT ( 3 ) GLOBAL_UNCERTAINTY_ASSIGNED_CONTEXT ( ( #3719 ) ) GLOBAL_UNIT_ASSIGNED_CONTEXT ( ( #1597, #1630, #2390 ) ) REPRESENTATION_CONTEXT ( 'NONE', 'WORKASPACE' ) );
#7150 =( LENGTH_UNIT ( ) NAMED_UNIT ( * ) SI_UNIT ( .MILLI., .METRE. ) );
#7151 = ORIENTED_EDGE ( 'NONE', *, *, #9410, .T. ) ;
#7152 = DIRECTION ( 'NONE',  ( 0.000000000000000000, 0.000000000000000000, -1.000000000000000000 ) ) ;
#7153 = CARTESIAN_POINT ( 'NONE',  ( 0.2585643756050340358, -0.2296466602129719481, -0.3799999999999999489 ) ) ;
#7154 = ORIENTED_EDGE ( 'NONE', *, *, #519, .F. ) ;
#7155 = AXIS2_PLACEMENT_3D ( 'NONE', #4002, #1213, #2065 ) ;
#7156 = COLOUR_RGB ( '',1.000000000000000000, 1.000000000000000000, 1.000000000000000000 ) ;
#7157 = PRESENTATION_LAYER_ASSIGNMENT (  '', '', ( #6656 ) ) ;
#7158 = CARTESIAN_POINT ( 'NONE',  ( 0.5499999999999999334, -0.7299999999999984279, 0.5999999999999999778 ) ) ;
#7159 = CARTESIAN_POINT ( 'NONE',  ( -0.5099632742307173006, -0.5949999999999999734, 0.4249999999999999889 ) ) ;
#7160 = EDGE_LOOP ( 'NONE', ( #5330 ) ) ;
#7161 =( NAMED_UNIT ( * ) PLANE_ANGLE_UNIT ( ) SI_UNIT ( $, .RADIAN. ) );
#7162 = ORIENTED_EDGE ( 'NONE', *, *, #473, .T. ) ;
#7163 = CYLINDRICAL_SURFACE ( 'NONE', #2706, 0.02500000000000001180 ) ;
#7164 = EDGE_LOOP ( 'NONE', ( #154 ) ) ;
#7165 = EDGE_CURVE ( 'NONE', #5291, #5291, #5163, .T. ) ;
#7166 = MECHANICAL_DESIGN_GEOMETRIC_PRESENTATION_REPRESENTATION (  '', ( #8976 ), #5064 ) ;
#7167 = ORIENTED_EDGE ( 'NONE', *, *, #839, .T. ) ;
#7168 = UNCERTAINTY_MEASURE_WITH_UNIT (LENGTH_MEASURE( 1.000000000000000082E-05 ), #1377, 'distance_accuracy_value', 'NONE');
#7169 = AXIS2_PLACEMENT_3D ( 'NONE', #2150, #294, #980 ) ;
#7170 =( LENGTH_UNIT ( ) NAMED_UNIT ( * ) SI_UNIT ( .MILLI., .METRE. ) );
#7171 =( GEOMETRIC_REPRESENTATION_CONTEXT ( 3 ) GLOBAL_UNCERTAINTY_ASSIGNED_CONTEXT ( ( #5137 ) ) GLOBAL_UNIT_ASSIGNED_CONTEXT ( ( #9161, #3018, #58 ) ) REPRESENTATION_CONTEXT ( 'NONE', 'WORKASPACE' ) );
#7172 = FACE_OUTER_BOUND ( 'NONE', #2533, .T. ) ;
#7173 = LINE ( 'NONE', #4489, #9708 ) ;
#7174 = ORIENTED_EDGE ( 'NONE', *, *, #2968, .T. ) ;
#7175 = FACE_OUTER_BOUND ( 'NONE', #3942, .T. ) ;
#7176 = FILL_AREA_STYLE ('',( #1844 ) ) ;
#7177 = CARTESIAN_POINT ( 'NONE',  ( 0.5099632742307173006, -0.1999999999999999833, 0.4500000000000000111 ) ) ;
#7178 = VERTEX_POINT ( 'NONE', #8167 ) ;
#7179 = VECTOR ( 'NONE', #3305, 1000.000000000000000 ) ;
#7180 = CARTESIAN_POINT ( 'NONE',  ( -0.5099632742307174116, -0.6199999999999998845, 0.1599632742307184052 ) ) ;
#7181 = ORIENTED_EDGE ( 'NONE', *, *, #9058, .T. ) ;
#7182 = CARTESIAN_POINT ( 'NONE',  ( -0.5499999999999999334, -0.7299999999999999822, -0.5999999999999999778 ) ) ;
#7183 = MECHANICAL_DESIGN_GEOMETRIC_PRESENTATION_REPRESENTATION (  '', ( #4129 ), #2272 ) ;
#7184 = EDGE_CURVE ( 'NONE', #9346, #9346, #1637, .T. ) ;
#7185 = CARTESIAN_POINT ( 'NONE',  ( -0.1898848476321369494, -0.6426664822826733126, -0.4278949585905497677 ) ) ;
#7186 = FACE_OUTER_BOUND ( 'NONE', #1472, .T. ) ;
#7187 = MECHANICAL_DESIGN_GEOMETRIC_PRESENTATION_REPRESENTATION (  '', ( #5161 ), #403 ) ;
#7188 = COLOUR_RGB ( '',0.7921568627450980005, 0.8196078431372548767, 0.9333333333333333481 ) ;
#7189 = STYLED_ITEM ( 'NONE', ( #8323 ), #6573 ) ;
#7190 = CIRCLE ( 'NONE', #810, 0.02500000000000002567 ) ;
#7191 = VERTEX_POINT ( 'NONE', #9555 ) ;
#7192 =( LENGTH_UNIT ( ) NAMED_UNIT ( * ) SI_UNIT ( .MILLI., .METRE. ) );
#7193 = FILL_AREA_STYLE_COLOUR ( '', #5516 ) ;
#7194 = SURFACE_SIDE_STYLE ('',( #1720 ) ) ;
#7195 =( LENGTH_UNIT ( ) NAMED_UNIT ( * ) SI_UNIT ( .MILLI., .METRE. ) );
#7196 = FACE_OUTER_BOUND ( 'NONE', #436, .T. ) ;
#7197 = UNCERTAINTY_MEASURE_WITH_UNIT (LENGTH_MEASURE( 1.000000000000000082E-05 ), #763, 'distance_accuracy_value', 'NONE');
#7198 = EDGE_CURVE ( 'NONE', #193, #3550, #784, .T. ) ;
#7199 = FILL_AREA_STYLE ('',( #5580 ) ) ;
#7200 = SURFACE_STYLE_FILL_AREA ( #5968 ) ;
#7201 = PRESENTATION_LAYER_ASSIGNMENT (  '', '', ( #2517 ) ) ;
#7202 = FILL_AREA_STYLE ('',( #4694 ) ) ;
#7203 =( NAMED_UNIT ( * ) SI_UNIT ( $, .STERADIAN. ) SOLID_ANGLE_UNIT ( ) );
#7204 =( NAMED_UNIT ( * ) SI_UNIT ( $, .STERADIAN. ) SOLID_ANGLE_UNIT ( ) );
#7205 = PRESENTATION_STYLE_ASSIGNMENT (( #4581 ) ) ;
#7206 = MECHANICAL_DESIGN_GEOMETRIC_PRESENTATION_REPRESENTATION (  '', ( #1382 ), #7413 ) ;
#7207 = CARTESIAN_POINT ( 'NONE',  ( -0.2099999999999999090, -0.2250000000000000611, -0.3799999999999999489 ) ) ;
#7208 = LINE ( 'NONE', #6112, #3200 ) ;
#7209 = CARTESIAN_POINT ( 'NONE',  ( 0.4349999999999999978, -0.6018290529695971003, 0.4799999999999999822 ) ) ;
#7210 = SURFACE_SIDE_STYLE ('',( #8629 ) ) ;
#7211 = EDGE_CURVE ( 'NONE', #9574, #9574, #2347, .T. ) ;
#7212 = SURFACE_SIDE_STYLE ('',( #9104 ) ) ;
#7213 = PRESENTATION_LAYER_ASSIGNMENT (  '', '', ( #4353 ) ) ;
#7214 = CARTESIAN_POINT ( 'NONE',  ( -0.1279999999999998916, -0.5949999999999997513, 0.4799999999999999822 ) ) ;
#7215 = MECHANICAL_DESIGN_GEOMETRIC_PRESENTATION_REPRESENTATION (  '', ( #427 ), #1470 ) ;
#7216 = CARTESIAN_POINT ( 'NONE',  ( -1.000000000000000000, -0.2250000000000000056, -0.5999999999999999778 ) ) ;
#7217 = SURFACE_STYLE_FILL_AREA ( #4730 ) ;
#7218 = CARTESIAN_POINT ( 'NONE',  ( 0.1230000000000001231, -0.2250000000000000611, -0.3799999999999999489 ) ) ;
#7219 = CARTESIAN_POINT ( 'NONE',  ( 0.1690000000000001223, -0.2250000000000000611, 0.4299999999999999378 ) ) ;
#7220 = AXIS2_PLACEMENT_3D ( 'NONE', #6956, #7907, #4858 ) ;
#7221 = COLOUR_RGB ( '',0.7921568627450980005, 0.8196078431372548767, 0.9333333333333333481 ) ;
#7222 =( NAMED_UNIT ( * ) PLANE_ANGLE_UNIT ( ) SI_UNIT ( $, .RADIAN. ) );
#7223 = ORIENTED_EDGE ( 'NONE', *, *, #5033, .T. ) ;
#7224 = FACE_OUTER_BOUND ( 'NONE', #8080, .T. ) ;
#7225 = FACE_OUTER_BOUND ( 'NONE', #4041, .T. ) ;
#7226 = DIRECTION ( 'NONE',  ( -0.000000000000000000, -1.000000000000000000, -0.000000000000000000 ) ) ;
#7227 =( NAMED_UNIT ( * ) PLANE_ANGLE_UNIT ( ) SI_UNIT ( $, .RADIAN. ) );
#7228 =( GEOMETRIC_REPRESENTATION_CONTEXT ( 3 ) GLOBAL_UNCERTAINTY_ASSIGNED_CONTEXT ( ( #1785 ) ) GLOBAL_UNIT_ASSIGNED_CONTEXT ( ( #5402, #864, #9538 ) ) REPRESENTATION_CONTEXT ( 'NONE', 'WORKASPACE' ) );
#7229 = CIRCLE ( 'NONE', #1951, 0.02499999999999999792 ) ;
#7230 = ADVANCED_FACE ( 'NONE', ( #2115 ), #8660, .F. ) ;
#7231 = FILL_AREA_STYLE ('',( #8708 ) ) ;
#7232 = ORIENTED_EDGE ( 'NONE', *, *, #2577, .F. ) ;
#7233 = EDGE_CURVE ( 'NONE', #4789, #9305, #9802, .T. ) ;
#7234 = UNCERTAINTY_MEASURE_WITH_UNIT (LENGTH_MEASURE( 1.000000000000000082E-05 ), #5529, 'distance_accuracy_value', 'NONE');
#7235 =( LENGTH_UNIT ( ) NAMED_UNIT ( * ) SI_UNIT ( .MILLI., .METRE. ) );
#7236 = COLOUR_RGB ( '',1.000000000000000000, 0.7529411764705882248, 0.7529411764705882248 ) ;
#7237 = PRESENTATION_LAYER_ASSIGNMENT (  '', '', ( #6751 ) ) ;
#7238 =( NAMED_UNIT ( * ) SI_UNIT ( $, .STERADIAN. ) SOLID_ANGLE_UNIT ( ) );
#7239 = CARTESIAN_POINT ( 'NONE',  ( 0.5099632742307173006, -0.2250000000000000056, -0.4500000000000000111 ) ) ;
#7240 =( NAMED_UNIT ( * ) SI_UNIT ( $, .STERADIAN. ) SOLID_ANGLE_UNIT ( ) );
#7241 = CARTESIAN_POINT ( 'NONE',  ( 0.2050000000000000988, -0.2250000000000000611, 0.4299999999999999378 ) ) ;
#7242 = EDGE_LOOP ( 'NONE', ( #5345 ) ) ;
#7243 = FILL_AREA_STYLE_COLOUR ( '', #7472 ) ;
#7244 = AXIS2_PLACEMENT_3D ( 'NONE', #9676, #5047, #8216 ) ;
#7245 = SURFACE_STYLE_USAGE ( .BOTH. , #6546 ) ;
#7246 = EDGE_CURVE ( 'NONE', #3493, #3493, #8148, .T. ) ;
#7247 =( GEOMETRIC_REPRESENTATION_CONTEXT ( 3 ) GLOBAL_UNCERTAINTY_ASSIGNED_CONTEXT ( ( #9562 ) ) GLOBAL_UNIT_ASSIGNED_CONTEXT ( ( #4997, #470, #1249 ) ) REPRESENTATION_CONTEXT ( 'NONE', 'WORKASPACE' ) );
#7248 = SURFACE_SIDE_STYLE ('',( #1277 ) ) ;
#7249 = DIRECTION ( 'NONE',  ( 0.000000000000000000, 0.000000000000000000, 1.000000000000000000 ) ) ;
#7250 = AXIS2_PLACEMENT_3D ( 'NONE', #3525, #6675, #1389 ) ;
#7251 = FACE_OUTER_BOUND ( 'NONE', #1570, .T. ) ;
#7252 = SURFACE_STYLE_USAGE ( .BOTH. , #515 ) ;
#7253 = SURFACE_STYLE_FILL_AREA ( #2904 ) ;
#7254 = DIRECTION ( 'NONE',  ( 0.000000000000000000, 0.000000000000000000, -1.000000000000000000 ) ) ;
#7255 = MECHANICAL_DESIGN_GEOMETRIC_PRESENTATION_REPRESENTATION (  '', ( #3612 ), #4330 ) ;
#7256 = FILL_AREA_STYLE ('',( #4260 ) ) ;
#7257 = EDGE_LOOP ( 'NONE', ( #2439 ) ) ;
#7258 = CARTESIAN_POINT ( 'NONE',  ( -0.07888484763213697570, -0.6426664822826733126, -0.4278949585905497122 ) ) ;
#7259 = DIRECTION ( 'NONE',  ( 0.000000000000000000, 0.000000000000000000, -1.000000000000000000 ) ) ;
#7260 =( NAMED_UNIT ( * ) SI_UNIT ( $, .STERADIAN. ) SOLID_ANGLE_UNIT ( ) );
#7261 =( LENGTH_UNIT ( ) NAMED_UNIT ( * ) SI_UNIT ( .MILLI., .METRE. ) );
#7262 =( LENGTH_UNIT ( ) NAMED_UNIT ( * ) SI_UNIT ( .MILLI., .METRE. ) );
#7263 = EDGE_CURVE ( 'NONE', #2248, #2248, #68, .T. ) ;
#7264 = CARTESIAN_POINT ( 'NONE',  ( -1.000000000000000000, -0.5949999999999999734, 0.1508640183740634633 ) ) ;
#7265 = SURFACE_STYLE_FILL_AREA ( #2874 ) ;
#7266 = DIRECTION ( 'NONE',  ( -1.000000000000000000, 0.000000000000000000, 0.000000000000000000 ) ) ;
#7267 =( GEOMETRIC_REPRESENTATION_CONTEXT ( 3 ) GLOBAL_UNCERTAINTY_ASSIGNED_CONTEXT ( ( #8229 ) ) GLOBAL_UNIT_ASSIGNED_CONTEXT ( ( #1516, #1481, #62 ) ) REPRESENTATION_CONTEXT ( 'NONE', 'WORKASPACE' ) );
#7268 =( LENGTH_UNIT ( ) NAMED_UNIT ( * ) SI_UNIT ( .MILLI., .METRE. ) );
#7269 = DIRECTION ( 'NONE',  ( 0.000000000000000000, 0.000000000000000000, 1.000000000000000000 ) ) ;
#7270 = ORIENTED_EDGE ( 'NONE', *, *, #6008, .T. ) ;
#7271 = VECTOR ( 'NONE', #6887, 1000.000000000000000 ) ;
#7272 = DIRECTION ( 'NONE',  ( -0.09334070869305721718, 0.000000000000000000, 0.9956342260592883076 ) ) ;
#7273 = FACE_OUTER_BOUND ( 'NONE', #6020, .T. ) ;
#7274 = SURFACE_STYLE_USAGE ( .BOTH. , #441 ) ;
#7275 = PRESENTATION_STYLE_ASSIGNMENT (( #1983 ) ) ;
#7276 = SURFACE_SIDE_STYLE ('',( #175 ) ) ;
#7277 = ORIENTED_EDGE ( 'NONE', *, *, #500, .T. ) ;
#7278 = VECTOR ( 'NONE', #7576, 1000.000000000000000 ) ;
#7279 = CYLINDRICAL_SURFACE ( 'NONE', #2075, 0.02500000000000006384 ) ;
#7280 = DIRECTION ( 'NONE',  ( 0.000000000000000000, -1.000000000000000000, 0.000000000000000000 ) ) ;
#7281 = EDGE_CURVE ( 'NONE', #7317, #7317, #4194, .T. ) ;
#7282 = PRESENTATION_LAYER_ASSIGNMENT (  '', '', ( #6914 ) ) ;
#7283 = DIRECTION ( 'NONE',  ( 0.000000000000000000, 0.000000000000000000, 1.000000000000000000 ) ) ;
#7284 = CARTESIAN_POINT ( 'NONE',  ( 0.2903329645653472402, -0.6449999999999997957, -0.4302182886970356002 ) ) ;
#7285 = DIRECTION ( 'NONE',  ( 2.168404344971010446E-15, 0.000000000000000000, 1.000000000000000000 ) ) ;
#7286 = ORIENTED_EDGE ( 'NONE', *, *, #7184, .F. ) ;
#7287 = FILL_AREA_STYLE_COLOUR ( '', #878 ) ;
#7288 = CIRCLE ( 'NONE', #382, 0.02500000000000003955 ) ;
#7289 = CARTESIAN_POINT ( 'NONE',  ( 0.2050000000000000988, -0.2250000000000000611, 0.3799999999999999489 ) ) ;
#7290 = CIRCLE ( 'NONE', #1861, 0.02499999999999995628 ) ;
#7291 = COLOUR_RGB ( '',1.000000000000000000, 0.7529411764705882248, 0.7529411764705882248 ) ;
#7292 = SURFACE_SIDE_STYLE ('',( #1322 ) ) ;
#7293 = CARTESIAN_POINT ( 'NONE',  ( -0.1639999999999998959, -0.2250000000000000611, 0.3799999999999999489 ) ) ;
#7294 = EDGE_LOOP ( 'NONE', ( #9469 ) ) ;
#7295 = SURFACE_SIDE_STYLE ('',( #3123 ) ) ;
#7296 = UNCERTAINTY_MEASURE_WITH_UNIT (LENGTH_MEASURE( 1.000000000000000082E-05 ), #7684, 'distance_accuracy_value', 'NONE');
#7297 = ORIENTED_EDGE ( 'NONE', *, *, #7263, .T. ) ;
#7298 = CARTESIAN_POINT ( 'NONE',  ( -1.000000000000000000, -0.9000000000000000222, -0.5999999999999999778 ) ) ;
#7299 = SURFACE_STYLE_FILL_AREA ( #9448 ) ;
#7300 = AXIS2_PLACEMENT_3D ( 'NONE', #958, #5530, #8503 ) ;
#7301 =( NAMED_UNIT ( * ) PLANE_ANGLE_UNIT ( ) SI_UNIT ( $, .RADIAN. ) );
#7302 =( NAMED_UNIT ( * ) SI_UNIT ( $, .STERADIAN. ) SOLID_ANGLE_UNIT ( ) );
#7303 = ORIENTED_EDGE ( 'NONE', *, *, #5050, .F. ) ;
#7304 = PRESENTATION_STYLE_ASSIGNMENT (( #6996 ) ) ;
#7305 = EDGE_LOOP ( 'NONE', ( #124 ) ) ;
#7306 = SURFACE_STYLE_FILL_AREA ( #5626 ) ;
#7307 = DIRECTION ( 'NONE',  ( -0.9956342260592881965, -0.000000000000000000, -0.09334070869305721718 ) ) ;
#7308 = ADVANCED_FACE ( 'NONE', ( #7897 ), #8126, .F. ) ;
#7309 = DIRECTION ( 'NONE',  ( 0.000000000000000000, 0.000000000000000000, 1.000000000000000000 ) ) ;
#7310 = EDGE_CURVE ( 'NONE', #2944, #7065, #3158, .T. ) ;
#7311 = DIRECTION ( 'NONE',  ( 0.9825750242013555624, -0.1858664085188759807, 0.000000000000000000 ) ) ;
#7312 = MECHANICAL_DESIGN_GEOMETRIC_PRESENTATION_REPRESENTATION (  '', ( #6283 ), #1018 ) ;
#7313 = EDGE_LOOP ( 'NONE', ( #9586 ) ) ;
#7314 = CARTESIAN_POINT ( 'NONE',  ( 0.5499999999999999334, -0.9000000000000000222, -0.6000000000000000888 ) ) ;
#7315 = SURFACE_STYLE_FILL_AREA ( #9551 ) ;
#7316 = PRESENTATION_LAYER_ASSIGNMENT (  '', '', ( #6819 ) ) ;
#7317 = VERTEX_POINT ( 'NONE', #1236 ) ;
#7318 = CARTESIAN_POINT ( 'NONE',  ( 0.2340000000000000968, -0.2750000000000000222, -0.4799999999999999822 ) ) ;
#7319 = ORIENTED_EDGE ( 'NONE', *, *, #5146, .T. ) ;
#7320 = SURFACE_STYLE_USAGE ( .BOTH. , #2042 ) ;
#7321 = ADVANCED_FACE ( 'NONE', ( #5997 ), #5896, .T. ) ;
#7322 =( NAMED_UNIT ( * ) PLANE_ANGLE_UNIT ( ) SI_UNIT ( $, .RADIAN. ) );
#7323 = DIRECTION ( 'NONE',  ( 0.9912875121006776702, 0.09334070869305804985, 0.09293320425943860097 ) ) ;
#7324 = ORIENTED_EDGE ( 'NONE', *, *, #3171, .T. ) ;
#7325 = CARTESIAN_POINT ( 'NONE',  ( 0.4447908620951335212, -0.6487827078363780364, 0.4486805838458380880 ) ) ;
#7326 = SURFACE_STYLE_FILL_AREA ( #1201 ) ;
#7327 = VERTEX_POINT ( 'NONE', #5670 ) ;
#7328 =( LENGTH_UNIT ( ) NAMED_UNIT ( * ) SI_UNIT ( .MILLI., .METRE. ) );
#7329 = ORIENTED_EDGE ( 'NONE', *, *, #2440, .T. ) ;
#7330 = CARTESIAN_POINT ( 'NONE',  ( 0.1190000000000001334, -0.5949999999999997513, 0.4799999999999999822 ) ) ;
#7331 = FILL_AREA_STYLE_COLOUR ( '', #4929 ) ;
#7332 = STYLED_ITEM ( 'NONE', ( #3588 ), #1841 ) ;
#7333 = AXIS2_PLACEMENT_3D ( 'NONE', #2958, #1529, #5973 ) ;
#7334 = EDGE_LOOP ( 'NONE', ( #9212 ) ) ;
#7335 = PLANE ( 'NONE',  #8574 ) ;
#7336 = VECTOR ( 'NONE', #8568, 1000.000000000000000 ) ;
#7337 = SURFACE_STYLE_FILL_AREA ( #4197 ) ;
#7338 = DIRECTION ( 'NONE',  ( 0.000000000000000000, -1.000000000000000000, 0.000000000000000000 ) ) ;
#7339 = EDGE_LOOP ( 'NONE', ( #2756 ) ) ;
#7340 = DIRECTION ( 'NONE',  ( 0.000000000000000000, -1.000000000000000000, 0.000000000000000000 ) ) ;
#7341 = CIRCLE ( 'NONE', #4076, 0.02500000000000002567 ) ;
#7342 = MECHANICAL_DESIGN_GEOMETRIC_PRESENTATION_REPRESENTATION (  '', ( #5438 ), #3766 ) ;
#7343 = FACE_OUTER_BOUND ( 'NONE', #4796, .T. ) ;
#7344 = FILL_AREA_STYLE_COLOUR ( '', #6096 ) ;
#7345 = EDGE_LOOP ( 'NONE', ( #7761 ) ) ;
#7346 = DIRECTION ( 'NONE',  ( 0.9956342260592881965, 0.000000000000000000, 0.09334070869305798046 ) ) ;
#7347 =( NAMED_UNIT ( * ) SI_UNIT ( $, .STERADIAN. ) SOLID_ANGLE_UNIT ( ) );
#7348 =( LENGTH_UNIT ( ) NAMED_UNIT ( * ) SI_UNIT ( .MILLI., .METRE. ) );
#7349 = LINE ( 'NONE', #5606, #6049 ) ;
#7351 = PLANE ( 'NONE',  #291 ) ;
#7350 = LINE ( 'NONE', #3253, #5090 ) ;
#7352 = ORIENTED_EDGE ( 'NONE', *, *, #4569, .F. ) ;
#7353 = FACE_OUTER_BOUND ( 'NONE', #1672, .T. ) ;
#7354 = SURFACE_SIDE_STYLE ('',( #3290 ) ) ;
#7355 = EDGE_CURVE ( 'NONE', #3711, #1908, #6945, .T. ) ;
#7356 = VERTEX_POINT ( 'NONE', #4359 ) ;
#7357 = DIRECTION ( 'NONE',  ( -0.000000000000000000, -0.000000000000000000, -1.000000000000000000 ) ) ;
#7358 = MECHANICAL_DESIGN_GEOMETRIC_PRESENTATION_REPRESENTATION (  '', ( #9034 ), #7863 ) ;
#7359 =( NAMED_UNIT ( * ) SI_UNIT ( $, .STERADIAN. ) SOLID_ANGLE_UNIT ( ) );
#7360 = PRESENTATION_STYLE_ASSIGNMENT (( #5491 ) ) ;
#7361 = DIRECTION ( 'NONE',  ( -0.000000000000000000, -0.000000000000000000, 1.000000000000000000 ) ) ;
#7362 = CARTESIAN_POINT ( 'NONE',  ( -0.1244356243949659852, -0.2750000000000000222, -0.4753533397870280952 ) ) ;
#7363 =( GEOMETRIC_REPRESENTATION_CONTEXT ( 3 ) GLOBAL_UNCERTAINTY_ASSIGNED_CONTEXT ( ( #4818 ) ) GLOBAL_UNIT_ASSIGNED_CONTEXT ( ( #7192, #1858, #4801 ) ) REPRESENTATION_CONTEXT ( 'NONE', 'WORKASPACE' ) );
#7364 = DIRECTION ( 'NONE',  ( 0.000000000000000000, 0.000000000000000000, 1.000000000000000000 ) ) ;
#7365 = TOROIDAL_SURFACE ( 'NONE', #5166, 0.04999999999999997502, 0.02500000000000002914 ) ;
#7366 = UNCERTAINTY_MEASURE_WITH_UNIT (LENGTH_MEASURE( 1.000000000000000082E-05 ), #8253, 'distance_accuracy_value', 'NONE');
#7367 = CARTESIAN_POINT ( 'NONE',  ( 0.000000000000000000, -0.7299999999999999822, 0.000000000000000000 ) ) ;
#7368 = SURFACE_STYLE_USAGE ( .BOTH. , #4993 ) ;
#7369 = SURFACE_SIDE_STYLE ('',( #8353 ) ) ;
#7370 = VERTEX_POINT ( 'NONE', #2113 ) ;
#7371 = CARTESIAN_POINT ( 'NONE',  ( -0.5099632742307174116, -0.6199999999999998845, 0.4249999999999999334 ) ) ;
#7372 = STYLED_ITEM ( 'NONE', ( #6931 ), #4439 ) ;
#7373 = ADVANCED_FACE ( 'NONE', ( #5876 ), #6655, .F. ) ;
#7374 = FILL_AREA_STYLE_COLOUR ( '', #1583 ) ;
#7375 = EDGE_CURVE ( 'NONE', #8631, #9321, #4787, .T. ) ;
#7376 = LINE ( 'NONE', #6524, #6188 ) ;
#7377 = AXIS2_PLACEMENT_3D ( 'NONE', #1259, #9715, #4249 ) ;
#7378 = ORIENTED_EDGE ( 'NONE', *, *, #3130, .F. ) ;
#7379 = AXIS2_PLACEMENT_3D ( 'NONE', #8750, #8786, #5000 ) ;
#7380 =( NAMED_UNIT ( * ) SI_UNIT ( $, .STERADIAN. ) SOLID_ANGLE_UNIT ( ) );
#7381 = LINE ( 'NONE', #7182, #2303 ) ;
#7382 = CARTESIAN_POINT ( 'NONE',  ( 0.3403329645653471180, -0.6449999999999997957, -0.4302182886970356002 ) ) ;
#7383 = CARTESIAN_POINT ( 'NONE',  ( -0.5499999999999999334, -0.6199999999999998845, -0.4249999999999999334 ) ) ;
#7384 = STYLED_ITEM ( 'NONE', ( #8192 ), #5093 ) ;
#7385 = EDGE_LOOP ( 'NONE', ( #9041 ) ) ;
#7386 = AXIS2_PLACEMENT_3D ( 'NONE', #8508, #1691, #5506 ) ;
#7387 = FILL_AREA_STYLE_COLOUR ( '', #1772 ) ;
#7388 = SURFACE_STYLE_FILL_AREA ( #5760 ) ;
#7389 = CARTESIAN_POINT ( 'NONE',  ( -0.5099632742307173006, -0.1999999999999999833, 0.4500000000000000111 ) ) ;
#7390 = PRESENTATION_LAYER_ASSIGNMENT (  '', '', ( #456 ) ) ;
#7391 = UNCERTAINTY_MEASURE_WITH_UNIT (LENGTH_MEASURE( 1.000000000000000082E-05 ), #4314, 'distance_accuracy_value', 'NONE');
#7392 = CARTESIAN_POINT ( 'NONE',  ( -0.2599999999999998979, -0.2750000000000000222, -0.4800000000000000377 ) ) ;
#7393 = CIRCLE ( 'NONE', #355, 0.02500000000000002567 ) ;
#7394 = UNCERTAINTY_MEASURE_WITH_UNIT (LENGTH_MEASURE( 1.000000000000000082E-05 ), #8882, 'distance_accuracy_value', 'NONE');
#7395 = SURFACE_STYLE_FILL_AREA ( #7231 ) ;
#7396 = MECHANICAL_DESIGN_GEOMETRIC_PRESENTATION_REPRESENTATION (  '', ( #787 ), #7899 ) ;
#7397 = FACE_OUTER_BOUND ( 'NONE', #60, .T. ) ;
#7398 = SURFACE_STYLE_USAGE ( .BOTH. , #8902 ) ;
#7399 = CARTESIAN_POINT ( 'NONE',  ( 0.1190000000000000918, -0.2250000000000000611, 0.3799999999999999489 ) ) ;
#7400 = FACE_OUTER_BOUND ( 'NONE', #1405, .T. ) ;
#7401 = EDGE_LOOP ( 'NONE', ( #1287 ) ) ;
#7402 = PLANE ( 'NONE',  #8850 ) ;
#7403 = COLOUR_RGB ( '',0.2509803921568627416, 0.2509803921568627416, 0.2509803921568627416 ) ;
#7404 =( NAMED_UNIT ( * ) SI_UNIT ( $, .STERADIAN. ) SOLID_ANGLE_UNIT ( ) );
#7405 = CIRCLE ( 'NONE', #2009, 0.02499999999999993894 ) ;
#7406 = PRESENTATION_LAYER_ASSIGNMENT (  '', '', ( #8751 ) ) ;
#7407 = LINE ( 'NONE', #2490, #9201 ) ;
#7408 = SURFACE_SIDE_STYLE ('',( #6296 ) ) ;
#7409 = CARTESIAN_POINT ( 'NONE',  ( -1.000000000000000000, -0.2000000000000000111, 0.5999999999999999778 ) ) ;
#7410 = VERTEX_POINT ( 'NONE', #6136 ) ;
#7411 = CARTESIAN_POINT ( 'NONE',  ( -0.9999999999999995559, -0.7299999999999999822, -0.1999999999999998723 ) ) ;
#7412 = FACE_OUTER_BOUND ( 'NONE', #2717, .T. ) ;
#7413 =( GEOMETRIC_REPRESENTATION_CONTEXT ( 3 ) GLOBAL_UNCERTAINTY_ASSIGNED_CONTEXT ( ( #7134 ) ) GLOBAL_UNIT_ASSIGNED_CONTEXT ( ( #2845, #3685, #4362 ) ) REPRESENTATION_CONTEXT ( 'NONE', 'WORKASPACE' ) );
#7414 = PLANE ( 'NONE',  #5080 ) ;
#7415 = EDGE_LOOP ( 'NONE', ( #1297 ) ) ;
#7416 = FILL_AREA_STYLE ('',( #574 ) ) ;
#7417 =( LENGTH_UNIT ( ) NAMED_UNIT ( * ) SI_UNIT ( .MILLI., .METRE. ) );
#7418 = ORIENTED_EDGE ( 'NONE', *, *, #668, .F. ) ;
#7419 = EDGE_CURVE ( 'NONE', #4168, #226, #6712, .T. ) ;
#7420 = STYLED_ITEM ( 'NONE', ( #9226 ), #3704 ) ;
#7421 = PRESENTATION_LAYER_ASSIGNMENT (  '', '', ( #6441 ) ) ;
#7422 = DIRECTION ( 'NONE',  ( -1.000000000000000000, 0.000000000000000000, 2.194312022856437713E-15 ) ) ;
#7423 = STYLED_ITEM ( 'NONE', ( #1906 ), #6677 ) ;
#7424 = ADVANCED_FACE ( 'NONE', ( #525, #5391 ), #1004, .T. ) ;
#7425 = EDGE_LOOP ( 'NONE', ( #3268, #5324, #5079, #2650 ) ) ;
#7426 = DIRECTION ( 'NONE',  ( 0.09334070869305829965, 0.000000000000000000, -0.9956342260592883076 ) ) ;
#7427 = DIRECTION ( 'NONE',  ( 0.000000000000000000, 0.000000000000000000, -1.000000000000000000 ) ) ;
#7428 = UNCERTAINTY_MEASURE_WITH_UNIT (LENGTH_MEASURE( 1.000000000000000082E-05 ), #1622, 'distance_accuracy_value', 'NONE');
#7429 = ORIENTED_EDGE ( 'NONE', *, *, #6957, .T. ) ;
#7430 = CARTESIAN_POINT ( 'NONE',  ( -0.1489999999999999103, -0.2250000000000000611, -0.3799999999999999489 ) ) ;
#7431 = DIRECTION ( 'NONE',  ( 1.000000000000000000, 0.000000000000000000, 0.000000000000000000 ) ) ;
#7432 = CARTESIAN_POINT ( 'NONE',  ( 0.1475643756050340483, -0.5949999999999998623, -0.4753533397870280397 ) ) ;
#7433 = AXIS2_PLACEMENT_3D ( 'NONE', #8254, #5091, #2146 ) ;
#7434 = AXIS2_PLACEMENT_3D ( 'NONE', #6092, #8624, #979 ) ;
#7435 = EDGE_LOOP ( 'NONE', ( #8950, #1463, #8628, #2521 ) ) ;
#7436 = CIRCLE ( 'NONE', #647, 0.02500000000000002220 ) ;
#7437 = FACE_OUTER_BOUND ( 'NONE', #1753, .T. ) ;
#7438 =( NAMED_UNIT ( * ) PLANE_ANGLE_UNIT ( ) SI_UNIT ( $, .RADIAN. ) );
#7439 = ORIENTED_EDGE ( 'NONE', *, *, #5314, .T. ) ;
#7440 = CIRCLE ( 'NONE', #6384, 0.02500000000000001180 ) ;
#7441 =( NAMED_UNIT ( * ) PLANE_ANGLE_UNIT ( ) SI_UNIT ( $, .RADIAN. ) );
#7442 = ADVANCED_FACE ( 'NONE', ( #5274, #9436 ), #6317, .T. ) ;
#7443 = AXIS2_PLACEMENT_3D ( 'NONE', #7389, #6551, #5763 ) ;
#7444 = DIRECTION ( 'NONE',  ( 1.000000000000000000, 0.000000000000000000, 0.000000000000000000 ) ) ;
#7445 = STYLED_ITEM ( 'NONE', ( #5206 ), #5307 ) ;
#7446 = SURFACE_SIDE_STYLE ('',( #1099 ) ) ;
#7447 = CARTESIAN_POINT ( 'NONE',  ( -0.01699999999999991795, -0.5949999999999997513, 0.4799999999999999822 ) ) ;
#7448 = EDGE_LOOP ( 'NONE', ( #2437 ) ) ;
#7449 = TOROIDAL_SURFACE ( 'NONE', #894, 0.05000000000000002359, 0.02500000000000002914 ) ;
#7450 = FACE_OUTER_BOUND ( 'NONE', #4504, .T. ) ;
#7451 = CARTESIAN_POINT ( 'NONE',  ( 0.2596670354346530263, -0.5949999999999997513, 0.4302182886970356002 ) ) ;
#7452 = CYLINDRICAL_SURFACE ( 'NONE', #2041, 0.02500000000000002567 ) ;
#7453 = VERTEX_POINT ( 'NONE', #6630 ) ;
#7454 = COLOUR_RGB ( '',1.000000000000000000, 0.7529411764705882248, 0.7529411764705882248 ) ;
#7455 = EDGE_LOOP ( 'NONE', ( #5976, #7523, #2601, #3046 ) ) ;
#7456 = PRESENTATION_LAYER_ASSIGNMENT (  '', '', ( #6545 ) ) ;
#7457 = CARTESIAN_POINT ( 'NONE',  ( 0.2550000000000001155, -0.2250000000000000611, 0.4299999999999999378 ) ) ;
#7458 = DIRECTION ( 'NONE',  ( 0.000000000000000000, -1.000000000000000000, 0.000000000000000000 ) ) ;
#7459 = ADVANCED_FACE ( 'NONE', ( #8001, #2656 ), #5016, .T. ) ;
#7460 = ADVANCED_BREP_SHAPE_REPRESENTATION ( 'DLW21HN900SQ2L', ( #1306, #7757, #9502, #7121, #4914, #8174, #1437, #3294, #5969, #6835, #2575, #5853, #5597, #8100, #373, #5054, #6099, #6387, #7055, #9149, #4318, #7636, #3275 ), #7020 ) ;
#7461 = MECHANICAL_DESIGN_GEOMETRIC_PRESENTATION_REPRESENTATION (  '', ( #4873 ), #5920 ) ;
#7462 = CARTESIAN_POINT ( 'NONE',  ( -1.000000000000000000, -0.3905557445107746273, 0.07645239480927226716 ) ) ;
#7463 = AXIS2_PLACEMENT_3D ( 'NONE', #6921, #4646, #6854 ) ;
#7464 = CARTESIAN_POINT ( 'NONE',  ( -0.03799999999999989497, -0.2750000000000000222, -0.4799999999999999822 ) ) ;
#7465 = CIRCLE ( 'NONE', #1665, 0.02500000000000002567 ) ;
#7466 = DIRECTION ( 'NONE',  ( 0.9825750242013556734, 0.000000000000000000, 0.1858664085188749815 ) ) ;
#7467 = LINE ( 'NONE', #7833, #5552 ) ;
#7468 = CARTESIAN_POINT ( 'NONE',  ( 0.1840000000000000802, -0.2250000000000000611, -0.3799999999999999489 ) ) ;
#7469 = CARTESIAN_POINT ( 'NONE',  ( 0.4350000000000000533, -0.2300000000000000655, 0.3799999999999999489 ) ) ;
#7470 = CARTESIAN_POINT ( 'NONE',  ( -0.2389999999999999347, -0.5949999999999997513, 0.4799999999999999822 ) ) ;
#7471 = SURFACE_STYLE_USAGE ( .BOTH. , #2185 ) ;
#7472 = COLOUR_RGB ( '',1.000000000000000000, 0.7529411764705882248, 0.7529411764705882248 ) ;
#7473 = UNCERTAINTY_MEASURE_WITH_UNIT (LENGTH_MEASURE( 1.000000000000000082E-05 ), #1707, 'distance_accuracy_value', 'NONE');
#7474 = FACE_OUTER_BOUND ( 'NONE', #1794, .T. ) ;
#7475 = CARTESIAN_POINT ( 'NONE',  ( -0.5499999999999999334, -0.7299999999999999822, -0.5999999999999999778 ) ) ;
#7476 = APPLICATION_PROTOCOL_DEFINITION ( 'draft international standard', 'automotive_design', 1998, #5963 ) ;
#7477 = MECHANICAL_DESIGN_GEOMETRIC_PRESENTATION_REPRESENTATION (  '', ( #5230 ), #7267 ) ;
#7478 =( NAMED_UNIT ( * ) PLANE_ANGLE_UNIT ( ) SI_UNIT ( $, .RADIAN. ) );
#7479 = EDGE_LOOP ( 'NONE', ( #2619 ) ) ;
#7480 = MECHANICAL_DESIGN_GEOMETRIC_PRESENTATION_REPRESENTATION (  '', ( #604 ), #6375 ) ;
#7481 =( NAMED_UNIT ( * ) SI_UNIT ( $, .STERADIAN. ) SOLID_ANGLE_UNIT ( ) );
#7482 =( NAMED_UNIT ( * ) PLANE_ANGLE_UNIT ( ) SI_UNIT ( $, .RADIAN. ) );
#7483 =( NAMED_UNIT ( * ) SI_UNIT ( $, .STERADIAN. ) SOLID_ANGLE_UNIT ( ) );
#7484 = FACE_OUTER_BOUND ( 'NONE', #6256, .T. ) ;
#7485 = SURFACE_SIDE_STYLE ('',( #3672 ) ) ;
#7486 = FILL_AREA_STYLE_COLOUR ( '', #6271 ) ;
#7487 = EDGE_CURVE ( 'NONE', #9849, #3737, #8841, .T. ) ;
#7488 =( GEOMETRIC_REPRESENTATION_CONTEXT ( 3 ) GLOBAL_UNCERTAINTY_ASSIGNED_CONTEXT ( ( #6825 ) ) GLOBAL_UNIT_ASSIGNED_CONTEXT ( ( #5058, #2085, #392 ) ) REPRESENTATION_CONTEXT ( 'NONE', 'WORKASPACE' ) );
#7489 =( NAMED_UNIT ( * ) SI_UNIT ( $, .STERADIAN. ) SOLID_ANGLE_UNIT ( ) );
#7490 = FILL_AREA_STYLE_COLOUR ( '', #5459 ) ;
#7491 = CIRCLE ( 'NONE', #6430, 0.02499999999999995628 ) ;
#7492 =( NAMED_UNIT ( * ) PLANE_ANGLE_UNIT ( ) SI_UNIT ( $, .RADIAN. ) );
#7493 =( NAMED_UNIT ( * ) PLANE_ANGLE_UNIT ( ) SI_UNIT ( $, .RADIAN. ) );
#7494 = FILL_AREA_STYLE ('',( #6696 ) ) ;
#7495 = DIRECTION ( 'NONE',  ( 0.09334070869305829965, 0.000000000000000000, -0.9956342260592883076 ) ) ;
#7496 = PRESENTATION_LAYER_ASSIGNMENT (  '', '', ( #609 ) ) ;
#7497 =( LENGTH_UNIT ( ) NAMED_UNIT ( * ) SI_UNIT ( .MILLI., .METRE. ) );
#7498 = SURFACE_STYLE_FILL_AREA ( #9398 ) ;
#7499 = FILL_AREA_STYLE_COLOUR ( '', #7097 ) ;
#7500 = DIRECTION ( 'NONE',  ( -1.000000000000000000, 0.000000000000000000, 0.000000000000000000 ) ) ;
#7501 = SURFACE_SIDE_STYLE ('',( #6234 ) ) ;
#7502 = UNCERTAINTY_MEASURE_WITH_UNIT (LENGTH_MEASURE( 1.000000000000000082E-05 ), #1609, 'distance_accuracy_value', 'NONE');
#7503 = FILL_AREA_STYLE ('',( #9064 ) ) ;
#7504 = PRESENTATION_LAYER_ASSIGNMENT (  '', '', ( #4616 ) ) ;
#7505 =( NAMED_UNIT ( * ) PLANE_ANGLE_UNIT ( ) SI_UNIT ( $, .RADIAN. ) );
#7506 = CARTESIAN_POINT ( 'NONE',  ( 1.000000000000000000, -0.7299999999999999822, 0.5999999999999999778 ) ) ;
#7507 =( NAMED_UNIT ( * ) PLANE_ANGLE_UNIT ( ) SI_UNIT ( $, .RADIAN. ) );
#7508 = DIRECTION ( 'NONE',  ( 0.000000000000000000, 1.000000000000000000, 0.000000000000000000 ) ) ;
#7509 = DIRECTION ( 'NONE',  ( 0.000000000000000000, -1.000000000000000000, 0.000000000000000000 ) ) ;
#7510 = SURFACE_SIDE_STYLE ('',( #9403 ) ) ;
#7511 = EDGE_LOOP ( 'NONE', ( #3257, #9057, #1411, #1134 ) ) ;
#7512 = AXIS2_PLACEMENT_3D ( 'NONE', #3706, #9053, #8348 ) ;
#7513 = EDGE_CURVE ( 'NONE', #4805, #4805, #2327, .T. ) ;
#7514 = DIRECTION ( 'NONE',  ( 0.000000000000000000, 0.000000000000000000, 1.000000000000000000 ) ) ;
#7515 = TOROIDAL_SURFACE ( 'NONE', #4751, 0.05000000000000002359, 0.02500000000000002914 ) ;
#7516 =( GEOMETRIC_REPRESENTATION_CONTEXT ( 3 ) GLOBAL_UNCERTAINTY_ASSIGNED_CONTEXT ( ( #8652 ) ) GLOBAL_UNIT_ASSIGNED_CONTEXT ( ( #5396, #858, #6935 ) ) REPRESENTATION_CONTEXT ( 'NONE', 'WORKASPACE' ) );
#7517 = SURFACE_STYLE_USAGE ( .BOTH. , #1459 ) ;
#7518 = CARTESIAN_POINT ( 'NONE',  ( -0.5099632742307173006, -0.2250000000000000056, 0.4500000000000000111 ) ) ;
#7519 = MECHANICAL_DESIGN_GEOMETRIC_PRESENTATION_REPRESENTATION (  '', ( #9545 ), #4575 ) ;
#7520 = PRESENTATION_STYLE_ASSIGNMENT (( #8273 ) ) ;
#7521 = PRESENTATION_STYLE_ASSIGNMENT (( #5452 ) ) ;
#7522 = AXIS2_PLACEMENT_3D ( 'NONE', #9200, #8464, #8496 ) ;
#7523 = ORIENTED_EDGE ( 'NONE', *, *, #4540, .F. ) ;
#7524 = SURFACE_STYLE_USAGE ( .BOTH. , #2326 ) ;
#7525 = COLOUR_RGB ( '',0.7921568627450980005, 0.8196078431372548767, 0.9333333333333333481 ) ;
#7526 = LINE ( 'NONE', #4446, #871 ) ;
#7527 = DIRECTION ( 'NONE',  ( -6.247754799383453610E-17, 0.3870446511820516133, -0.9220609730334344833 ) ) ;
#7528 = CARTESIAN_POINT ( 'NONE',  ( 0.3850000000000000089, -0.6499999999999999112, 0.4299999999999999933 ) ) ;
#7529 =( GEOMETRIC_REPRESENTATION_CONTEXT ( 3 ) GLOBAL_UNCERTAINTY_ASSIGNED_CONTEXT ( ( #457 ) ) GLOBAL_UNIT_ASSIGNED_CONTEXT ( ( #1668, #6951, #152 ) ) REPRESENTATION_CONTEXT ( 'NONE', 'WORKASPACE' ) );
#7530 = PRESENTATION_STYLE_ASSIGNMENT (( #5681 ) ) ;
#7531 = CARTESIAN_POINT ( 'NONE',  ( -0.9750000000000000888, -0.1999999999999999833, 0.5749999999999999556 ) ) ;
#7532 = ORIENTED_EDGE ( 'NONE', *, *, #2176, .T. ) ;
#7533 = ADVANCED_FACE ( 'NONE', ( #2766, #7040 ), #6001, .T. ) ;
#7534 = COLOUR_RGB ( '',1.000000000000000000, 1.000000000000000000, 1.000000000000000000 ) ;
#7535 = AXIS2_PLACEMENT_3D ( 'NONE', #1596, #934, #838 ) ;
#7536 =( LENGTH_UNIT ( ) NAMED_UNIT ( * ) SI_UNIT ( .MILLI., .METRE. ) );
#7537 = FACE_OUTER_BOUND ( 'NONE', #2893, .T. ) ;
#7538 = AXIS2_PLACEMENT_3D ( 'NONE', #5469, #1716, #3224 ) ;
#7539 = FILL_AREA_STYLE ('',( #8259 ) ) ;
#7540 = CARTESIAN_POINT ( 'NONE',  ( -0.4350000000000000533, -0.2300000000000000655, -0.3799999999999999489 ) ) ;
#7541 = MECHANICAL_DESIGN_GEOMETRIC_PRESENTATION_REPRESENTATION (  '', ( #404 ), #8032 ) ;
#7542 = CARTESIAN_POINT ( 'NONE',  ( -0.1029999999999999111, -0.2750000000000000777, 0.4799999999999999822 ) ) ;
#7543 = ORIENTED_EDGE ( 'NONE', *, *, #4833, .T. ) ;
#7544 =( LENGTH_UNIT ( ) NAMED_UNIT ( * ) SI_UNIT ( .MILLI., .METRE. ) );
#7545 = CLOSED_SHELL ( 'NONE', ( #7424, #7607, #3301, #4621, #8919, #7574, #3733, #1072, #4127, #1973, #2368 ) ) ;
#7546 = FILL_AREA_STYLE_COLOUR ( '', #9847 ) ;
#7547 = DIRECTION ( 'NONE',  ( -1.000000000000000000, 0.000000000000000000, 0.000000000000000000 ) ) ;
#7548 = CIRCLE ( 'NONE', #7938, 0.02500000000000001180 ) ;
#7549 = DIRECTION ( 'NONE',  ( 1.000000000000000000, 0.000000000000000000, 0.000000000000000000 ) ) ;
#7550 = DIRECTION ( 'NONE',  ( 6.195440985631449401E-16, -1.000000000000000000, -9.293161478447174101E-16 ) ) ;
#7551 = STYLED_ITEM ( 'NONE', ( #579 ), #2575 ) ;
#7552 =( NAMED_UNIT ( * ) PLANE_ANGLE_UNIT ( ) SI_UNIT ( $, .RADIAN. ) );
#7553 = ORIENTED_EDGE ( 'NONE', *, *, #4983, .F. ) ;
#7554 =( LENGTH_UNIT ( ) NAMED_UNIT ( * ) SI_UNIT ( .MILLI., .METRE. ) );
#7555 = DIRECTION ( 'NONE',  ( 0.9825750242013556734, 0.000000000000000000, 0.1858664085188749815 ) ) ;
#7556 = SURFACE_STYLE_FILL_AREA ( #2731 ) ;
#7557 = ORIENTED_EDGE ( 'NONE', *, *, #8657, .T. ) ;
#7558 = PRODUCT_RELATED_PRODUCT_CATEGORY ( 'part', '', ( #7763 ) ) ;
#7559 = CIRCLE ( 'NONE', #852, 0.02500000000000001180 ) ;
#7560 =( LENGTH_UNIT ( ) NAMED_UNIT ( * ) SI_UNIT ( .MILLI., .METRE. ) );
#7561 = ORIENTED_EDGE ( 'NONE', *, *, #6517, .F. ) ;
#7562 = DIRECTION ( 'NONE',  ( 0.000000000000000000, 0.000000000000000000, -1.000000000000000000 ) ) ;
#7563 = EDGE_CURVE ( 'NONE', #4921, #4921, #2230, .T. ) ;
#7564 = UNCERTAINTY_MEASURE_WITH_UNIT (LENGTH_MEASURE( 1.000000000000000082E-05 ), #4338, 'distance_accuracy_value', 'NONE');
#7565 = MECHANICAL_DESIGN_GEOMETRIC_PRESENTATION_REPRESENTATION (  '', ( #2114 ), #1607 ) ;
#7566 = COLOUR_RGB ( '',1.000000000000000000, 1.000000000000000000, 1.000000000000000000 ) ;
#7567 = SURFACE_STYLE_USAGE ( .BOTH. , #9745 ) ;
#7568 = CIRCLE ( 'NONE', #2398, 0.02500000000000003955 ) ;
#7569 = PRESENTATION_LAYER_ASSIGNMENT (  '', '', ( #2485 ) ) ;
#7570 = DIRECTION ( 'NONE',  ( -0.09334070869305828577, 0.000000000000000000, 0.9956342260592880855 ) ) ;
#7571 = SURFACE_STYLE_FILL_AREA ( #1117 ) ;
#7572 = ORIENTED_EDGE ( 'NONE', *, *, #4643, .F. ) ;
#7573 = FILL_AREA_STYLE ('',( #2878 ) ) ;
#7574 = ADVANCED_FACE ( 'NONE', ( #4430, #3709 ), #1729, .T. ) ;
#7575 = VERTEX_POINT ( 'NONE', #4952 ) ;
#7576 = DIRECTION ( 'NONE',  ( -0.000000000000000000, -0.000000000000000000, 1.000000000000000000 ) ) ;
#7577 = ORIENTED_EDGE ( 'NONE', *, *, #5374, .T. ) ;
#7578 = SURFACE_STYLE_USAGE ( .BOTH. , #1558 ) ;
#7579 = SURFACE_STYLE_USAGE ( .BOTH. , #762 ) ;
#7580 = FILL_AREA_STYLE_COLOUR ( '', #8046 ) ;
#7581 = EDGE_CURVE ( 'NONE', #2931, #2931, #301, .T. ) ;
#7582 = EDGE_LOOP ( 'NONE', ( #8145, #452, #1593, #5691, #3279, #3699, #179, #4480 ) ) ;
#7583 = CARTESIAN_POINT ( 'NONE',  ( 0.000000000000000000, -0.2250000000000000056, -0.5999999999999999778 ) ) ;
#7584 = STYLED_ITEM ( 'NONE', ( #2330 ), #7757 ) ;
#7585 = VERTEX_POINT ( 'NONE', #3341 ) ;
#7586 = CARTESIAN_POINT ( 'NONE',  ( -0.5199999999999997957, -0.8749999999999998890, 0.3999999999999998002 ) ) ;
#7587 = FACE_OUTER_BOUND ( 'NONE', #9703, .T. ) ;
#7588 = ORIENTED_EDGE ( 'NONE', *, *, #7281, .T. ) ;
#7589 = SURFACE_STYLE_FILL_AREA ( #585 ) ;
#7590 = CARTESIAN_POINT ( 'NONE',  ( 0.4350000000000000533, -0.6499999999999999112, -0.4000000000000000777 ) ) ;
#7591 = SURFACE_SIDE_STYLE ('',( #6500 ) ) ;
#7592 = ORIENTED_EDGE ( 'NONE', *, *, #6282, .T. ) ;
#7593 = MECHANICAL_DESIGN_GEOMETRIC_PRESENTATION_REPRESENTATION (  '', ( #4178 ), #5012 ) ;
#7594 = VERTEX_POINT ( 'NONE', #9245 ) ;
#7595 =( NAMED_UNIT ( * ) SI_UNIT ( $, .STERADIAN. ) SOLID_ANGLE_UNIT ( ) );
#7596 = ORIENTED_EDGE ( 'NONE', *, *, #7581, .F. ) ;
#7597 = EDGE_CURVE ( 'NONE', #968, #558, #6328, .T. ) ;
#7598 = STYLED_ITEM ( 'NONE', ( #3403 ), #924 ) ;
#7599 = STYLED_ITEM ( 'NONE', ( #2636 ), #8544 ) ;
#7600 = DIRECTION ( 'NONE',  ( 0.000000000000000000, 0.000000000000000000, 1.000000000000000000 ) ) ;
#7601 = SURFACE_SIDE_STYLE ('',( #5860 ) ) ;
#7602 = PRESENTATION_STYLE_ASSIGNMENT (( #624 ) ) ;
#7603 = AXIS2_PLACEMENT_3D ( 'NONE', #3869, #138, #6822 ) ;
#7604 = DIRECTION ( 'NONE',  ( 0.000000000000000000, 0.000000000000000000, 1.000000000000000000 ) ) ;
#7605 = ORIENTED_EDGE ( 'NONE', *, *, #9021, .T. ) ;
#7606 = CIRCLE ( 'NONE', #5837, 0.02500000000000002914 ) ;
#7607 = ADVANCED_FACE ( 'NONE', ( #8619, #2781 ), #6117, .T. ) ;
#7608 = FILL_AREA_STYLE ('',( #1407 ) ) ;
#7609 = ORIENTED_EDGE ( 'NONE', *, *, #7042, .T. ) ;
#7610 =( LENGTH_UNIT ( ) NAMED_UNIT ( * ) SI_UNIT ( .MILLI., .METRE. ) );
#7611 = DIRECTION ( 'NONE',  ( -0.000000000000000000, 0.000000000000000000, -1.000000000000000000 ) ) ;
#7612 = EDGE_CURVE ( 'NONE', #5027, #4700, #9440, .T. ) ;
#7613 = CYLINDRICAL_SURFACE ( 'NONE', #3261, 0.02500000000000002914 ) ;
#7614 = CARTESIAN_POINT ( 'NONE',  ( -1.000000000000000000, -0.7299999999999999822, -0.5999999999999999778 ) ) ;
#7615 = AXIS2_PLACEMENT_3D ( 'NONE', #4994, #6459, #9498 ) ;
#7616 = VERTEX_POINT ( 'NONE', #5554 ) ;
#7617 = SURFACE_STYLE_USAGE ( .BOTH. , #4628 ) ;
#7618 =( NAMED_UNIT ( * ) PLANE_ANGLE_UNIT ( ) SI_UNIT ( $, .RADIAN. ) );
#7619 = CARTESIAN_POINT ( 'NONE',  ( 0.2950000000000001510, -0.2250000000000000611, -0.3799999999999999489 ) ) ;
#7620 = CLOSED_SHELL ( 'NONE', ( #560, #4968, #9048, #1109, #3983, #1261, #908, #8437, #2394, #6627, #9421 ) ) ;
#7621 = CARTESIAN_POINT ( 'NONE',  ( 0.03300000000000010564, -0.2750000000000000777, 0.4299999999999999378 ) ) ;
#7622 = PRESENTATION_STYLE_ASSIGNMENT (( #5379 ) ) ;
#7623 = DIRECTION ( 'NONE',  ( 1.000000000000000000, 0.000000000000000000, -0.000000000000000000 ) ) ;
#7624 = CARTESIAN_POINT ( 'NONE',  ( -0.5349632742307173228, -0.1999999999999999833, -0.4249999999999999334 ) ) ;
#7625 = DIRECTION ( 'NONE',  ( 1.000000000000000000, 0.000000000000000000, -0.000000000000000000 ) ) ;
#7626 = FACE_OUTER_BOUND ( 'NONE', #6768, .T. ) ;
#7627 = FACE_OUTER_BOUND ( 'NONE', #7794, .T. ) ;
#7628 = EDGE_CURVE ( 'NONE', #3029, #4580, #3043, .T. ) ;
#7629 =( NAMED_UNIT ( * ) SI_UNIT ( $, .STERADIAN. ) SOLID_ANGLE_UNIT ( ) );
#7630 = MECHANICAL_DESIGN_GEOMETRIC_PRESENTATION_REPRESENTATION (  '', ( #6441 ), #992 ) ;
#7631 = DIRECTION ( 'NONE',  ( 0.000000000000000000, 0.000000000000000000, 1.000000000000000000 ) ) ;
#7632 =( NAMED_UNIT ( * ) PLANE_ANGLE_UNIT ( ) SI_UNIT ( $, .RADIAN. ) );
#7633 = SURFACE_SIDE_STYLE ('',( #6671 ) ) ;
#7634 = CIRCLE ( 'NONE', #7840, 0.02500000000000003955 ) ;
#7635 = CIRCLE ( 'NONE', #69, 0.02500000000000003955 ) ;
#7636 = MANIFOLD_SOLID_BREP ( 'Mirror2[2]', #4395 ) ;
#7637 = CARTESIAN_POINT ( 'NONE',  ( -0.1889999999999999458, -0.2750000000000000777, 0.4799999999999999822 ) ) ;
#7638 = CARTESIAN_POINT ( 'NONE',  ( 0.000000000000000000, -0.7299999999999999822, 0.000000000000000000 ) ) ;
#7639 = ORIENTED_EDGE ( 'NONE', *, *, #626, .T. ) ;
#7640 = DIRECTION ( 'NONE',  ( 0.9912875121006776702, 0.09334070869305804985, 0.09293320425943860097 ) ) ;
#7641 = MECHANICAL_DESIGN_GEOMETRIC_PRESENTATION_REPRESENTATION (  '', ( #6336 ), #5332 ) ;
#7642 = MECHANICAL_DESIGN_GEOMETRIC_PRESENTATION_REPRESENTATION (  '', ( #3522 ), #2851 ) ;
#7643 = SURFACE_SIDE_STYLE ('',( #9560 ) ) ;
#7644 = ADVANCED_FACE ( 'NONE', ( #4070 ), #9384, .F. ) ;
#7645 = COLOUR_RGB ( '',1.000000000000000000, 1.000000000000000000, 1.000000000000000000 ) ;
#7646 = FILL_AREA_STYLE_COLOUR ( '', #4177 ) ;
#7647 = AXIS2_PLACEMENT_3D ( 'NONE', #7888, #3392, #6413 ) ;
#7648 = EDGE_LOOP ( 'NONE', ( #7572 ) ) ;
#7649 = DIRECTION ( 'NONE',  ( -0.000000000000000000, -1.000000000000000000, -0.000000000000000000 ) ) ;
#7650 = STYLED_ITEM ( 'NONE', ( #6494 ), #5312 ) ;
#7651 = FACE_OUTER_BOUND ( 'NONE', #1736, .T. ) ;
#7652 = DIRECTION ( 'NONE',  ( -0.000000000000000000, -0.000000000000000000, 1.000000000000000000 ) ) ;
#7653 = DIRECTION ( 'NONE',  ( -1.000000000000000000, 0.000000000000000000, -1.548860246407869056E-15 ) ) ;
#7654 = DIRECTION ( 'NONE',  ( 0.9825750242013554514, -0.1858664085188760362, 0.000000000000000000 ) ) ;
#7655 =( LENGTH_UNIT ( ) NAMED_UNIT ( * ) SI_UNIT ( .MILLI., .METRE. ) );
#7656 = CARTESIAN_POINT ( 'NONE',  ( 1.000000000000000000, -0.5949999999999999734, -0.1508640183740635465 ) ) ;
#7657 = STYLED_ITEM ( 'NONE', ( #7769 ), #4574 ) ;
#7658 = ADVANCED_FACE ( 'NONE', ( #1515 ), #2634, .T. ) ;
#7659 = EDGE_LOOP ( 'NONE', ( #5118 ) ) ;
#7660 = EDGE_CURVE ( 'NONE', #8015, #483, #6576, .T. ) ;
#7661 = CARTESIAN_POINT ( 'NONE',  ( 0.5499999999999999334, -0.9000000000000000222, 0.5999999999999998668 ) ) ;
#7662 = PRESENTATION_STYLE_ASSIGNMENT (( #4450 ) ) ;
#7663 = AXIS2_PLACEMENT_3D ( 'NONE', #7318, #2763, #6587 ) ;
#7664 = SURFACE_SIDE_STYLE ('',( #8319 ) ) ;
#7665 =( GEOMETRIC_REPRESENTATION_CONTEXT ( 3 ) GLOBAL_UNCERTAINTY_ASSIGNED_CONTEXT ( ( #4866 ) ) GLOBAL_UNIT_ASSIGNED_CONTEXT ( ( #1635, #9155, #3907 ) ) REPRESENTATION_CONTEXT ( 'NONE', 'WORKASPACE' ) );
#7666 = UNCERTAINTY_MEASURE_WITH_UNIT (LENGTH_MEASURE( 1.000000000000000082E-05 ), #5559, 'distance_accuracy_value', 'NONE');
#7667 = LINE ( 'NONE', #2211, #872 ) ;
#7668 = CARTESIAN_POINT ( 'NONE',  ( 1.000000000000000000, -0.7299999999999999822, 0.1999999999999999278 ) ) ;
#7669 = EDGE_LOOP ( 'NONE', ( #615, #1896, #4286, #3587, #8256 ) ) ;
#7670 = DIRECTION ( 'NONE',  ( 0.000000000000000000, 0.000000000000000000, -1.000000000000000000 ) ) ;
#7671 = DIRECTION ( 'NONE',  ( 0.9825750242013554514, -0.1858664085188761472, 0.000000000000000000 ) ) ;
#7672 = ORIENTED_EDGE ( 'NONE', *, *, #8368, .F. ) ;
#7673 = COLOUR_RGB ( '',0.7921568627450980005, 0.8196078431372548767, 0.9333333333333333481 ) ;
#7674 =( NAMED_UNIT ( * ) SI_UNIT ( $, .STERADIAN. ) SOLID_ANGLE_UNIT ( ) );
#7675 = CARTESIAN_POINT ( 'NONE',  ( -1.000000000000000000, -0.5949999999999999734, 0.5999999999999999778 ) ) ;
#7676 = AXIS2_PLACEMENT_3D ( 'NONE', #325, #2638, #5624 ) ;
#7677 =( GEOMETRIC_REPRESENTATION_CONTEXT ( 3 ) GLOBAL_UNCERTAINTY_ASSIGNED_CONTEXT ( ( #9511 ) ) GLOBAL_UNIT_ASSIGNED_CONTEXT ( ( #1304, #2772, #9515 ) ) REPRESENTATION_CONTEXT ( 'NONE', 'WORKASPACE' ) );
#7678 = EDGE_LOOP ( 'NONE', ( #2780 ) ) ;
#7679 =( LENGTH_UNIT ( ) NAMED_UNIT ( * ) SI_UNIT ( .MILLI., .METRE. ) );
#7680 = DIRECTION ( 'NONE',  ( 1.000000000000000000, 0.000000000000000000, 0.000000000000000000 ) ) ;
#7681 = FILL_AREA_STYLE ('',( #2308 ) ) ;
#7682 = VERTEX_POINT ( 'NONE', #1965 ) ;
#7683 = DIRECTION ( 'NONE',  ( 0.000000000000000000, -1.000000000000000000, 0.000000000000000000 ) ) ;
#7684 =( LENGTH_UNIT ( ) NAMED_UNIT ( * ) SI_UNIT ( .MILLI., .METRE. ) );
#7685 = MECHANICAL_DESIGN_GEOMETRIC_PRESENTATION_REPRESENTATION (  '', ( #2956 ), #8182 ) ;
#7686 = CARTESIAN_POINT ( 'NONE',  ( 0.2050000000000000988, -0.2750000000000000777, 0.4799999999999999822 ) ) ;
#7687 = FILL_AREA_STYLE ('',( #43 ) ) ;
#7688 =( NAMED_UNIT ( * ) PLANE_ANGLE_UNIT ( ) SI_UNIT ( $, .RADIAN. ) );
#7689 = DIRECTION ( 'NONE',  ( 1.000000000000000000, -5.288791085295137616E-16, -2.115516434118055046E-15 ) ) ;
#7690 = ORIENTED_EDGE ( 'NONE', *, *, #7851, .F. ) ;
#7691 = SURFACE_STYLE_FILL_AREA ( #3097 ) ;
#7692 = AXIS2_PLACEMENT_3D ( 'NONE', #6944, #12, #5306 ) ;
#7693 = DIRECTION ( 'NONE',  ( -0.09334070869305721718, 0.000000000000000000, 0.9956342260592883076 ) ) ;
#7694 = UNCERTAINTY_MEASURE_WITH_UNIT (LENGTH_MEASURE( 1.000000000000000082E-05 ), #8500, 'distance_accuracy_value', 'NONE');
#7695 = PRESENTATION_STYLE_ASSIGNMENT (( #1910 ) ) ;
#7696 = SURFACE_STYLE_USAGE ( .BOTH. , #8320 ) ;
#7697 = AXIS2_PLACEMENT_3D ( 'NONE', #6654, #455, #5762 ) ;
#7698 = ORIENTED_EDGE ( 'NONE', *, *, #2515, .F. ) ;
#7699 = SURFACE_SIDE_STYLE ('',( #9358 ) ) ;
#7700 = SURFACE_STYLE_FILL_AREA ( #991 ) ;
#7701 = VERTEX_POINT ( 'NONE', #7399 ) ;
#7703 = DIRECTION ( 'NONE',  ( -0.5000000000000014433, -0.000000000000000000, 0.8660254037844378194 ) ) ;
#7702 = SURFACE_STYLE_FILL_AREA ( #696 ) ;
#7704 = VERTEX_POINT ( 'NONE', #9544 ) ;
#7705 = AXIS2_PLACEMENT_3D ( 'NONE', #6745, #2223, #5905 ) ;
#7706 = PLANE ( 'NONE',  #1723 ) ;
#7707 = TOROIDAL_SURFACE ( 'NONE', #1865, 0.05000000000000003053, 0.02500000000000002914 ) ;
#7708 = ORIENTED_EDGE ( 'NONE', *, *, #7581, .T. ) ;
#7709 = FACE_OUTER_BOUND ( 'NONE', #7669, .T. ) ;
#7710 = COLOUR_RGB ( '',1.000000000000000000, 0.7529411764705882248, 0.7529411764705882248 ) ;
#7711 = TOROIDAL_SURFACE ( 'NONE', #4802, 0.05000000000000002359, 0.02500000000000002914 ) ;
#7712 =( LENGTH_UNIT ( ) NAMED_UNIT ( * ) SI_UNIT ( .MILLI., .METRE. ) );
#7713 = ORIENTED_EDGE ( 'NONE', *, *, #3976, .F. ) ;
#7714 = AXIS2_PLACEMENT_3D ( 'NONE', #5081, #3665, #5213 ) ;
#7715 = ADVANCED_FACE ( 'NONE', ( #6446 ), #1868, .F. ) ;
#7716 = EDGE_CURVE ( 'NONE', #898, #4243, #3259, .T. ) ;
#7717 = UNCERTAINTY_MEASURE_WITH_UNIT (LENGTH_MEASURE( 1.000000000000000082E-05 ), #8414, 'distance_accuracy_value', 'NONE');
#7718 = UNCERTAINTY_MEASURE_WITH_UNIT (LENGTH_MEASURE( 1.000000000000000082E-05 ), #4594, 'distance_accuracy_value', 'NONE');
#7719 =( GEOMETRIC_REPRESENTATION_CONTEXT ( 3 ) GLOBAL_UNCERTAINTY_ASSIGNED_CONTEXT ( ( #2231 ) ) GLOBAL_UNIT_ASSIGNED_CONTEXT ( ( #7170, #386, #3418 ) ) REPRESENTATION_CONTEXT ( 'NONE', 'WORKASPACE' ) );
#7720 = SURFACE_STYLE_USAGE ( .BOTH. , #9071 ) ;
#7721 = FILL_AREA_STYLE ('',( #8533 ) ) ;
#7722 = SURFACE_STYLE_USAGE ( .BOTH. , #107 ) ;
#7723 = PRESENTATION_LAYER_ASSIGNMENT (  '', '', ( #2444 ) ) ;
#7724 =( NAMED_UNIT ( * ) SI_UNIT ( $, .STERADIAN. ) SOLID_ANGLE_UNIT ( ) );
#7725 = FACE_OUTER_BOUND ( 'NONE', #285, .T. ) ;
#7726 = CIRCLE ( 'NONE', #8892, 0.02499999999999993894 ) ;
#7727 =( NAMED_UNIT ( * ) SI_UNIT ( $, .STERADIAN. ) SOLID_ANGLE_UNIT ( ) );
#7728 = SURFACE_STYLE_FILL_AREA ( #3258 ) ;
#7729 = SURFACE_SIDE_STYLE ('',( #2709 ) ) ;
#7730 =( GEOMETRIC_REPRESENTATION_CONTEXT ( 3 ) GLOBAL_UNCERTAINTY_ASSIGNED_CONTEXT ( ( #1920 ) ) GLOBAL_UNIT_ASSIGNED_CONTEXT ( ( #4158, #7986, #4915 ) ) REPRESENTATION_CONTEXT ( 'NONE', 'WORKASPACE' ) );
#7731 = EDGE_LOOP ( 'NONE', ( #143 ) ) ;
#7732 = STYLED_ITEM ( 'NONE', ( #3797 ), #8919 ) ;
#7733 = STYLED_ITEM ( 'NONE', ( #2966 ), #6387 ) ;
#7734 = CIRCLE ( 'NONE', #9247, 0.02499999999999993894 ) ;
#7735 = DIRECTION ( 'NONE',  ( 0.000000000000000000, 0.000000000000000000, -1.000000000000000000 ) ) ;
#7736 = DIRECTION ( 'NONE',  ( 1.000000000000000000, -0.000000000000000000, 2.409338161078898194E-16 ) ) ;
#7737 = ORIENTED_EDGE ( 'NONE', *, *, #8763, .F. ) ;
#7738 = AXIS2_PLACEMENT_3D ( 'NONE', #7209, #7869, #3939 ) ;
#7739 = CARTESIAN_POINT ( 'NONE',  ( -0.1489999999999999103, -0.2250000000000000611, -0.3799999999999999489 ) ) ;
#7740 = TOROIDAL_SURFACE ( 'NONE', #2865, 0.05000000000000003747, 0.02500000000000002914 ) ;
#7741 = PRESENTATION_STYLE_ASSIGNMENT (( #1851 ) ) ;
#7742 = LINE ( 'NONE', #5387, #254 ) ;
#7743 = PLANE ( 'NONE',  #2816 ) ;
#7744 = DIRECTION ( 'NONE',  ( 0.000000000000000000, 0.000000000000000000, -1.000000000000000000 ) ) ;
#7745 = STYLED_ITEM ( 'NONE', ( #7821 ), #9516 ) ;
#7746 = CARTESIAN_POINT ( 'NONE',  ( 0.5499999999999999334, -0.7299999999999999822, 0.5999999999999998668 ) ) ;
#7747 = FILL_AREA_STYLE_COLOUR ( '', #4973 ) ;
#7748 = CLOSED_SHELL ( 'NONE', ( #2016, #2962, #3809, #2064, #7059, #4913, #1735, #4608, #3932, #5015, #5192 ) ) ;
#7749 = ADVANCED_FACE ( 'NONE', ( #3030, #514 ), #5749, .T. ) ;
#7750 = CARTESIAN_POINT ( 'NONE',  ( -0.1279999999999999472, -0.2250000000000000611, 0.4299999999999999378 ) ) ;
#7751 = ORIENTED_EDGE ( 'NONE', *, *, #6957, .F. ) ;
#7752 =( NAMED_UNIT ( * ) PLANE_ANGLE_UNIT ( ) SI_UNIT ( $, .RADIAN. ) );
#7753 = COLOUR_RGB ( '',1.000000000000000000, 0.7529411764705882248, 0.7529411764705882248 ) ;
#7754 = EDGE_CURVE ( 'NONE', #8759, #8759, #7288, .T. ) ;
#7755 = CARTESIAN_POINT ( 'NONE',  ( -0.5499999999999999334, -0.7299999999999999822, -0.5999999999999999778 ) ) ;
#7756 = PRESENTATION_LAYER_ASSIGNMENT (  '', '', ( #9281 ) ) ;
#7757 = MANIFOLD_SOLID_BREP ( 'Boss-Extrude3[2]', #6327 ) ;
#7758 = EDGE_LOOP ( 'NONE', ( #6476, #644, #7883, #5816 ) ) ;
#7759 = CARTESIAN_POINT ( 'NONE',  ( -0.07799999999999991662, -0.2750000000000000777, 0.4299999999999999378 ) ) ;
#7760 =( GEOMETRIC_REPRESENTATION_CONTEXT ( 3 ) GLOBAL_UNCERTAINTY_ASSIGNED_CONTEXT ( ( #4216 ) ) GLOBAL_UNIT_ASSIGNED_CONTEXT ( ( #2935, #7021, #7302 ) ) REPRESENTATION_CONTEXT ( 'NONE', 'WORKASPACE' ) );
#7761 = ORIENTED_EDGE ( 'NONE', *, *, #9709, .F. ) ;
#7762 =( NAMED_UNIT ( * ) PLANE_ANGLE_UNIT ( ) SI_UNIT ( $, .RADIAN. ) );
#7763 = PRODUCT ( 'DLW21HN900SQ2L', 'DLW21HN900SQ2L', '', ( #1518 ) ) ;
#7764 = VECTOR ( 'NONE', #7703, 999.9999999999998863 ) ;
#7765 = FILL_AREA_STYLE_COLOUR ( '', #8967 ) ;
#7766 = ORIENTED_EDGE ( 'NONE', *, *, #379, .F. ) ;
#7767 = VECTOR ( 'NONE', #1541, 1000.000000000000000 ) ;
#7768 = EDGE_CURVE ( 'NONE', #7370, #1119, #5316, .T. ) ;
#7769 = PRESENTATION_STYLE_ASSIGNMENT (( #3108 ) ) ;
#7770 = PRESENTATION_STYLE_ASSIGNMENT (( #3557 ) ) ;
#7771 = PRESENTATION_LAYER_ASSIGNMENT (  '', '', ( #8982 ) ) ;
#7772 =( NAMED_UNIT ( * ) SI_UNIT ( $, .STERADIAN. ) SOLID_ANGLE_UNIT ( ) );
#7773 = MECHANICAL_DESIGN_GEOMETRIC_PRESENTATION_REPRESENTATION (  '', ( #6751 ), #9800 ) ;
#7774 = ORIENTED_EDGE ( 'NONE', *, *, #8081, .T. ) ;
#7775 = LINE ( 'NONE', #7462, #4176 ) ;
#7776 = CARTESIAN_POINT ( 'NONE',  ( 0.4522282473117545387, -0.2000000000000000111, -0.4999999999999998890 ) ) ;
#7777 = UNCERTAINTY_MEASURE_WITH_UNIT (LENGTH_MEASURE( 1.000000000000000082E-05 ), #7108, 'distance_accuracy_value', 'NONE');
#7778 = DIRECTION ( 'NONE',  ( 0.000000000000000000, 1.000000000000000000, 0.000000000000000000 ) ) ;
#7779 = CARTESIAN_POINT ( 'NONE',  ( -0.5099632742307173006, -0.2000000000000000111, -0.5999999999999999778 ) ) ;
#7780 = AXIS2_PLACEMENT_3D ( 'NONE', #6077, #8441, #2317 ) ;
#7781 =( LENGTH_UNIT ( ) NAMED_UNIT ( * ) SI_UNIT ( .MILLI., .METRE. ) );
#7782 = CARTESIAN_POINT ( 'NONE',  ( 0.4836286926444010592, -0.6466423700070998981, 0.4375351828256194842 ) ) ;
#7783 = AXIS2_PLACEMENT_3D ( 'NONE', #6431, #7906, #1926 ) ;
#7784 = ORIENTED_EDGE ( 'NONE', *, *, #4688, .F. ) ;
#7785 = STYLED_ITEM ( 'NONE', ( #5487 ), #8712 ) ;
#7786 = AXIS2_PLACEMENT_3D ( 'NONE', #4795, #6888, #7103 ) ;
#7787 = DIRECTION ( 'NONE',  ( -0.000000000000000000, -1.000000000000000000, -0.000000000000000000 ) ) ;
#7788 = ORIENTED_EDGE ( 'NONE', *, *, #2789, .T. ) ;
#7789 = STYLED_ITEM ( 'NONE', ( #996 ), #2032 ) ;
#7790 = ORIENTED_EDGE ( 'NONE', *, *, #173, .T. ) ;
#7791 =( LENGTH_UNIT ( ) NAMED_UNIT ( * ) SI_UNIT ( .MILLI., .METRE. ) );
#7792 = SURFACE_STYLE_FILL_AREA ( #9359 ) ;
#7793 =( NAMED_UNIT ( * ) SI_UNIT ( $, .STERADIAN. ) SOLID_ANGLE_UNIT ( ) );
#7794 = EDGE_LOOP ( 'NONE', ( #6183 ) ) ;
#7795 = LINE ( 'NONE', #4519, #7903 ) ;
#7796 = DIRECTION ( 'NONE',  ( 0.000000000000000000, 0.000000000000000000, -1.000000000000000000 ) ) ;
#7797 = EDGE_CURVE ( 'NONE', #3663, #248, #1856, .T. ) ;
#7798 =( LENGTH_UNIT ( ) NAMED_UNIT ( * ) SI_UNIT ( .MILLI., .METRE. ) );
#7799 = UNCERTAINTY_MEASURE_WITH_UNIT (LENGTH_MEASURE( 1.000000000000000082E-05 ), #1283, 'distance_accuracy_value', 'NONE');
#7800 = VERTEX_POINT ( 'NONE', #4192 ) ;
#7801 = PRESENTATION_STYLE_ASSIGNMENT (( #2284 ) ) ;
#7802 = STYLED_ITEM ( 'NONE', ( #6859 ), #2981 ) ;
#7803 = FACE_OUTER_BOUND ( 'NONE', #4780, .T. ) ;
#7804 = DIRECTION ( 'NONE',  ( -0.000000000000000000, 0.3420201433256628287, 0.9396926207859105373 ) ) ;
#7805 = CARTESIAN_POINT ( 'NONE',  ( -0.2705507767628300697, -0.6426664822826733126, 0.4325416188035216547 ) ) ;
#7806 = SURFACE_STYLE_USAGE ( .BOTH. , #9371 ) ;
#7807 = ORIENTED_EDGE ( 'NONE', *, *, #203, .T. ) ;
#7808 = CARTESIAN_POINT ( 'NONE',  ( -1.000000000000000000, -0.2250000000000000056, -0.5999999999999999778 ) ) ;
#7809 = VERTEX_POINT ( 'NONE', #1064 ) ;
#7810 = FACE_OUTER_BOUND ( 'NONE', #7160, .T. ) ;
#7811 = SURFACE_STYLE_USAGE ( .BOTH. , #284 ) ;
#7812 =( NAMED_UNIT ( * ) PLANE_ANGLE_UNIT ( ) SI_UNIT ( $, .RADIAN. ) );
#7813 = VERTEX_POINT ( 'NONE', #5086 ) ;
#7814 =( GEOMETRIC_REPRESENTATION_CONTEXT ( 3 ) GLOBAL_UNCERTAINTY_ASSIGNED_CONTEXT ( ( #6002 ) ) GLOBAL_UNIT_ASSIGNED_CONTEXT ( ( #2954, #4373, #3556 ) ) REPRESENTATION_CONTEXT ( 'NONE', 'WORKASPACE' ) );
#7815 = LINE ( 'NONE', #3934, #2937 ) ;
#7816 = CARTESIAN_POINT ( 'NONE',  ( 0.3850000000000000089, -0.6499999999999999112, 0.4299999999999999933 ) ) ;
#7817 =( NAMED_UNIT ( * ) PLANE_ANGLE_UNIT ( ) SI_UNIT ( $, .RADIAN. ) );
#7818 = UNCERTAINTY_MEASURE_WITH_UNIT (LENGTH_MEASURE( 1.000000000000000082E-05 ), #5378, 'distance_accuracy_value', 'NONE');
#7819 = SURFACE_SIDE_STYLE ('',( #4140 ) ) ;
#7820 = SURFACE_STYLE_USAGE ( .BOTH. , #1768 ) ;
#7821 = PRESENTATION_STYLE_ASSIGNMENT (( #8178 ) ) ;
#7822 = CARTESIAN_POINT ( 'NONE',  ( 0.5099632742307173006, -0.2250000000000000056, 0.4500000000000000111 ) ) ;
#7823 = ORIENTED_EDGE ( 'NONE', *, *, #1046, .F. ) ;
#7824 = EDGE_CURVE ( 'NONE', #8755, #5027, #292, .T. ) ;
#7825 = STYLED_ITEM ( 'NONE', ( #8183 ), #844 ) ;
#7826 = SURFACE_SIDE_STYLE ('',( #5422 ) ) ;
#7827 = SURFACE_SIDE_STYLE ('',( #6904 ) ) ;
#7828 =( NAMED_UNIT ( * ) SI_UNIT ( $, .STERADIAN. ) SOLID_ANGLE_UNIT ( ) );
#7829 = STYLED_ITEM ( 'NONE', ( #2421 ), #8296 ) ;
#7830 = CARTESIAN_POINT ( 'NONE',  ( 0.9750000000000001998, -0.2250000000000000056, 0.5999999999999999778 ) ) ;
#7831 = COLOUR_RGB ( '',1.000000000000000000, 0.7529411764705882248, 0.7529411764705882248 ) ;
#7832 = ORIENTED_EDGE ( 'NONE', *, *, #2193, .T. ) ;
#7833 = CARTESIAN_POINT ( 'NONE',  ( -0.5099632742307173006, -0.1999999999999999833, -0.5999999999999999778 ) ) ;
#7834 = CARTESIAN_POINT ( 'NONE',  ( 0.3651151523678629607, -0.6426664822826733126, -0.4278949585905497122 ) ) ;
#7835 = FACE_OUTER_BOUND ( 'NONE', #3266, .T. ) ;
#7836 = TOROIDAL_SURFACE ( 'NONE', #5066, 0.05000000000000002359, 0.02500000000000002914 ) ;
#7837 =( LENGTH_UNIT ( ) NAMED_UNIT ( * ) SI_UNIT ( .MILLI., .METRE. ) );
#7838 =( NAMED_UNIT ( * ) PLANE_ANGLE_UNIT ( ) SI_UNIT ( $, .RADIAN. ) );
#7839 = MECHANICAL_DESIGN_GEOMETRIC_PRESENTATION_REPRESENTATION (  '', ( #8672 ), #6632 ) ;
#7840 = AXIS2_PLACEMENT_3D ( 'NONE', #7686, #1687, #835 ) ;
#7841 = FACE_OUTER_BOUND ( 'NONE', #640, .T. ) ;
#7842 = SURFACE_STYLE_FILL_AREA ( #2354 ) ;
#7843 =( NAMED_UNIT ( * ) PLANE_ANGLE_UNIT ( ) SI_UNIT ( $, .RADIAN. ) );
#7844 = ORIENTED_EDGE ( 'NONE', *, *, #3058, .T. ) ;
#7845 = SURFACE_STYLE_FILL_AREA ( #7416 ) ;
#7846 = UNCERTAINTY_MEASURE_WITH_UNIT (LENGTH_MEASURE( 1.000000000000000082E-05 ), #4285, 'distance_accuracy_value', 'NONE');
#7847 = FACE_OUTER_BOUND ( 'NONE', #9426, .T. ) ;
#7848 = FILL_AREA_STYLE ('',( #9724 ) ) ;
#7849 = VECTOR ( 'NONE', #9300, 1000.000000000000000 ) ;
#7850 = FACE_OUTER_BOUND ( 'NONE', #8985, .T. ) ;
#7851 = EDGE_CURVE ( 'NONE', #5586, #4315, #1972, .T. ) ;
#7852 = ORIENTED_EDGE ( 'NONE', *, *, #244, .F. ) ;
#7853 = CARTESIAN_POINT ( 'NONE',  ( 1.000000000000000444, -0.9000000000000000222, -0.1999999999999999278 ) ) ;
#7854 =( LENGTH_UNIT ( ) NAMED_UNIT ( * ) SI_UNIT ( .MILLI., .METRE. ) );
#7855 = FILL_AREA_STYLE ('',( #9489 ) ) ;
#7856 = CARTESIAN_POINT ( 'NONE',  ( 0.5499999999999999334, -0.7299999999999999822, 0.5999999999999998668 ) ) ;
#7857 = FACE_OUTER_BOUND ( 'NONE', #8866, .T. ) ;
#7858 = DIRECTION ( 'NONE',  ( 0.000000000000000000, 0.000000000000000000, 1.000000000000000000 ) ) ;
#7859 = EDGE_LOOP ( 'NONE', ( #6434 ) ) ;
#7860 = DIRECTION ( 'NONE',  ( 0.000000000000000000, -1.000000000000000000, 0.000000000000000000 ) ) ;
#7861 = EDGE_CURVE ( 'NONE', #2802, #2802, #9323, .T. ) ;
#7862 = LINE ( 'NONE', #6820, #5850 ) ;
#7863 =( GEOMETRIC_REPRESENTATION_CONTEXT ( 3 ) GLOBAL_UNCERTAINTY_ASSIGNED_CONTEXT ( ( #6948 ) ) GLOBAL_UNIT_ASSIGNED_CONTEXT ( ( #7536, #8297, #1512 ) ) REPRESENTATION_CONTEXT ( 'NONE', 'WORKASPACE' ) );
#7864 = CIRCLE ( 'NONE', #4092, 0.02499999999999995628 ) ;
#7865 = MECHANICAL_DESIGN_GEOMETRIC_PRESENTATION_REPRESENTATION (  '', ( #7189 ), #941 ) ;
#7866 = DIRECTION ( 'NONE',  ( -1.000000000000000000, 0.000000000000000000, 0.000000000000000000 ) ) ;
#7867 = DIRECTION ( 'NONE',  ( -0.000000000000000000, -0.000000000000000000, 1.000000000000000000 ) ) ;
#7868 = ORIENTED_EDGE ( 'NONE', *, *, #439, .T. ) ;
#7869 = DIRECTION ( 'NONE',  ( -1.684437999741321789E-16, -1.000000000000000000, 3.368875999482643579E-16 ) ) ;
#7870 = LINE ( 'NONE', #3153, #7038 ) ;
#7871 = EDGE_LOOP ( 'NONE', ( #7931 ) ) ;
#7872 = EDGE_CURVE ( 'NONE', #791, #791, #9541, .T. ) ;
#7873 = VECTOR ( 'NONE', #1339, 1000.000000000000000 ) ;
#7874 = SURFACE_STYLE_FILL_AREA ( #448 ) ;
#7875 =( GEOMETRIC_REPRESENTATION_CONTEXT ( 3 ) GLOBAL_UNCERTAINTY_ASSIGNED_CONTEXT ( ( #5419 ) ) GLOBAL_UNIT_ASSIGNED_CONTEXT ( ( #3433, #5028, #8735 ) ) REPRESENTATION_CONTEXT ( 'NONE', 'WORKASPACE' ) );
#7876 = CARTESIAN_POINT ( 'NONE',  ( 0.2550000000000001155, -0.2250000000000000611, 0.3799999999999999489 ) ) ;
#7877 = FACE_OUTER_BOUND ( 'NONE', #5839, .T. ) ;
#7878 = PRESENTATION_LAYER_ASSIGNMENT (  '', '', ( #891 ) ) ;
#7879 = UNCERTAINTY_MEASURE_WITH_UNIT (LENGTH_MEASURE( 1.000000000000000082E-05 ), #7798, 'distance_accuracy_value', 'NONE');
#7880 = SURFACE_SIDE_STYLE ('',( #581 ) ) ;
#7881 =( GEOMETRIC_REPRESENTATION_CONTEXT ( 3 ) GLOBAL_UNCERTAINTY_ASSIGNED_CONTEXT ( ( #4579 ) ) GLOBAL_UNIT_ASSIGNED_CONTEXT ( ( #6646, #9604, #5752 ) ) REPRESENTATION_CONTEXT ( 'NONE', 'WORKASPACE' ) );
#7882 = CARTESIAN_POINT ( 'NONE',  ( -0.4350000000000000533, -0.2300000000000000655, -0.4299999999999999933 ) ) ;
#7883 = ORIENTED_EDGE ( 'NONE', *, *, #340, .F. ) ;
#7884 = VECTOR ( 'NONE', #3647, 999.9999999999998863 ) ;
#7885 = PRESENTATION_STYLE_ASSIGNMENT (( #826 ) ) ;
#7886 =( NAMED_UNIT ( * ) SI_UNIT ( $, .STERADIAN. ) SOLID_ANGLE_UNIT ( ) );
#7887 = ORIENTED_EDGE ( 'NONE', *, *, #1428, .T. ) ;
#7888 = CARTESIAN_POINT ( 'NONE',  ( 0.07300000000000007871, -0.2750000000000000222, -0.4799999999999999822 ) ) ;
#7889 = COLOUR_RGB ( '',0.7921568627450980005, 0.8196078431372548767, 0.9333333333333333481 ) ;
#7890 =( NAMED_UNIT ( * ) PLANE_ANGLE_UNIT ( ) SI_UNIT ( $, .RADIAN. ) );
#7891 = PRESENTATION_LAYER_ASSIGNMENT (  '', '', ( #7384 ) ) ;
#7892 =( NAMED_UNIT ( * ) SI_UNIT ( $, .STERADIAN. ) SOLID_ANGLE_UNIT ( ) );
#7893 = CARTESIAN_POINT ( 'NONE',  ( -0.3249999999999999556, -0.2250000000000000611, 0.3799999999999999489 ) ) ;
#7894 = MECHANICAL_DESIGN_GEOMETRIC_PRESENTATION_REPRESENTATION (  '', ( #2622 ), #4773 ) ;
#7895 = ORIENTED_EDGE ( 'NONE', *, *, #1517, .F. ) ;
#7896 =( GEOMETRIC_REPRESENTATION_CONTEXT ( 3 ) GLOBAL_UNCERTAINTY_ASSIGNED_CONTEXT ( ( #5812 ) ) GLOBAL_UNIT_ASSIGNED_CONTEXT ( ( #4965, #7227, #6427 ) ) REPRESENTATION_CONTEXT ( 'NONE', 'WORKASPACE' ) );
#7897 = FACE_OUTER_BOUND ( 'NONE', #4468, .T. ) ;
#7898 = EDGE_LOOP ( 'NONE', ( #2345, #8221, #5966, #2681, #6423 ) ) ;
#7899 =( GEOMETRIC_REPRESENTATION_CONTEXT ( 3 ) GLOBAL_UNCERTAINTY_ASSIGNED_CONTEXT ( ( #4147 ) ) GLOBAL_UNIT_ASSIGNED_CONTEXT ( ( #2062, #6645, #6849 ) ) REPRESENTATION_CONTEXT ( 'NONE', 'WORKASPACE' ) );
#7900 = PRESENTATION_STYLE_ASSIGNMENT (( #2668 ) ) ;
#7901 = DIRECTION ( 'NONE',  ( 0.000000000000000000, -0.000000000000000000, 1.000000000000000000 ) ) ;
#7902 = SURFACE_SIDE_STYLE ('',( #7135 ) ) ;
#7903 = VECTOR ( 'NONE', #4552, 1000.000000000000000 ) ;
#7904 = EDGE_LOOP ( 'NONE', ( #8667, #947, #1141, #6947 ) ) ;
#7905 = VECTOR ( 'NONE', #3911, 1000.000000000000000 ) ;
#7906 = DIRECTION ( 'NONE',  ( -1.263880071562429078E-15, -1.000000000000000000, 6.319400357812145388E-16 ) ) ;
#7907 = DIRECTION ( 'NONE',  ( 0.3582093050102497789, 0.000000000000000000, 0.9336413089640334118 ) ) ;
#7908 = ORIENTED_EDGE ( 'NONE', *, *, #1394, .F. ) ;
#7909 =( GEOMETRIC_REPRESENTATION_CONTEXT ( 3 ) GLOBAL_UNCERTAINTY_ASSIGNED_CONTEXT ( ( #9203 ) ) GLOBAL_UNIT_ASSIGNED_CONTEXT ( ( #4179, #6633, #4560 ) ) REPRESENTATION_CONTEXT ( 'NONE', 'WORKASPACE' ) );
#7910 =( NAMED_UNIT ( * ) PLANE_ANGLE_UNIT ( ) SI_UNIT ( $, .RADIAN. ) );
#7911 = EDGE_LOOP ( 'NONE', ( #9387, #7823, #8002, #775 ) ) ;
#7912 = FACE_OUTER_BOUND ( 'NONE', #3620, .T. ) ;
#7913 =( NAMED_UNIT ( * ) PLANE_ANGLE_UNIT ( ) SI_UNIT ( $, .RADIAN. ) );
#7914 = FACE_OUTER_BOUND ( 'NONE', #6755, .T. ) ;
#7915 = AXIS2_PLACEMENT_3D ( 'NONE', #9852, #759, #3754 ) ;
#7916 = UNCERTAINTY_MEASURE_WITH_UNIT (LENGTH_MEASURE( 1.000000000000000082E-05 ), #7781, 'distance_accuracy_value', 'NONE');
#7917 = VERTEX_POINT ( 'NONE', #1196 ) ;
#7918 = CYLINDRICAL_SURFACE ( 'NONE', #6987, 0.02499999999999995628 ) ;
#7919 = ORIENTED_EDGE ( 'NONE', *, *, #1533, .T. ) ;
#7920 = DIRECTION ( 'NONE',  ( 0.9825750242013556734, 0.000000000000000000, 0.1858664085188749815 ) ) ;
#7921 = CARTESIAN_POINT ( 'NONE',  ( -0.09899999999999990752, -0.2750000000000000222, -0.4800000000000000377 ) ) ;
#7922 = EDGE_CURVE ( 'NONE', #6495, #2319, #2895, .T. ) ;
#7923 = FACE_OUTER_BOUND ( 'NONE', #2448, .T. ) ;
#7924 = DIRECTION ( 'NONE',  ( -0.9415733437033664277, 0.2801944331475882399, -0.1868976138434197964 ) ) ;
#7925 =( NAMED_UNIT ( * ) SI_UNIT ( $, .STERADIAN. ) SOLID_ANGLE_UNIT ( ) );
#7926 = AXIS2_PLACEMENT_3D ( 'NONE', #8127, #2672, #7984 ) ;
#7927 = VERTEX_POINT ( 'NONE', #8890 ) ;
#7928 = DIRECTION ( 'NONE',  ( 0.9825750242013554514, -0.1858664085188760362, 0.000000000000000000 ) ) ;
#7929 = VECTOR ( 'NONE', #6267, 1000.000000000000114 ) ;
#7930 = CARTESIAN_POINT ( 'NONE',  ( -1.000000000000000000, -0.5949999999999999734, 0.1508640183740634633 ) ) ;
#7931 = ORIENTED_EDGE ( 'NONE', *, *, #4934, .F. ) ;
#7932 = CARTESIAN_POINT ( 'NONE',  ( 0.2085643756050339914, -0.2296466602129719481, -0.3799999999999999489 ) ) ;
#7933 = PRESENTATION_LAYER_ASSIGNMENT (  '', '', ( #1980 ) ) ;
#7934 = CARTESIAN_POINT ( 'NONE',  ( 0.4699999999999999178, -0.6999999999999997335, -0.3999999999999999667 ) ) ;
#7935 = STYLED_ITEM ( 'NONE', ( #1925 ), #600 ) ;
#7936 = EDGE_LOOP ( 'NONE', ( #6266 ) ) ;
#7937 = FACE_OUTER_BOUND ( 'NONE', #4836, .T. ) ;
#7938 = AXIS2_PLACEMENT_3D ( 'NONE', #732, #9074, #7549 ) ;
#7939 = UNCERTAINTY_MEASURE_WITH_UNIT (LENGTH_MEASURE( 1.000000000000000082E-05 ), #1539, 'distance_accuracy_value', 'NONE');
#7940 = FACE_OUTER_BOUND ( 'NONE', #8387, .T. ) ;
#7941 = AXIS2_PLACEMENT_3D ( 'NONE', #8086, #2811, #3514 ) ;
#7942 = PRESENTATION_LAYER_ASSIGNMENT (  '', '', ( #7445 ) ) ;
#7943 = FACE_OUTER_BOUND ( 'NONE', #1722, .T. ) ;
#7944 = COLOUR_RGB ( '',1.000000000000000000, 0.7529411764705882248, 0.7529411764705882248 ) ;
#7945 = ORIENTED_EDGE ( 'NONE', *, *, #1235, .T. ) ;
#7946 = DIRECTION ( 'NONE',  ( 0.9825750242013554514, -0.1858664085188760362, 0.000000000000000000 ) ) ;
#7947 = CARTESIAN_POINT ( 'NONE',  ( -1.000000000000000000, -0.1999999999999999833, -0.5749999999999998446 ) ) ;
#7948 = DIRECTION ( 'NONE',  ( 0.000000000000000000, 1.000000000000000000, 0.000000000000000000 ) ) ;
#7949 = AXIS2_PLACEMENT_3D ( 'NONE', #8664, #428, #7928 ) ;
#7950 = DIRECTION ( 'NONE',  ( -1.000000000000000000, 1.972152263052529514E-31, 2.194312022856437318E-15 ) ) ;
#7951 = PRESENTATION_LAYER_ASSIGNMENT (  '', '', ( #6411 ) ) ;
#7952 = DIRECTION ( 'NONE',  ( -0.000000000000000000, -1.000000000000000000, -0.000000000000000000 ) ) ;
#7953 = VECTOR ( 'NONE', #7001, 1000.000000000000000 ) ;
#7954 = PRESENTATION_LAYER_ASSIGNMENT (  '', '', ( #8346 ) ) ;
#7955 = DIRECTION ( 'NONE',  ( 0.9825750242013556734, 0.000000000000000000, 0.1858664085188749815 ) ) ;
#7956 =( NAMED_UNIT ( * ) PLANE_ANGLE_UNIT ( ) SI_UNIT ( $, .RADIAN. ) );
#7957 = CARTESIAN_POINT ( 'NONE',  ( -0.07443562439496601013, -0.2296466602129719481, -0.4299999999999999933 ) ) ;
#7958 = CARTESIAN_POINT ( 'NONE',  ( -0.2599999999999998979, -0.2250000000000000611, -0.3799999999999999489 ) ) ;
#7959 = FACE_OUTER_BOUND ( 'NONE', #4958, .T. ) ;
#7960 = DIRECTION ( 'NONE',  ( 0.000000000000000000, 0.000000000000000000, 1.000000000000000000 ) ) ;
#7961 = ORIENTED_EDGE ( 'NONE', *, *, #9356, .T. ) ;
#7962 = SURFACE_SIDE_STYLE ('',( #7046 ) ) ;
#7963 = ORIENTED_EDGE ( 'NONE', *, *, #5082, .F. ) ;
#7964 = AXIS2_PLACEMENT_3D ( 'NONE', #1555, #3062, #6098 ) ;
#7965 = CARTESIAN_POINT ( 'NONE',  ( 0.09400000000000005573, -0.5949999999999997513, 0.4799999999999999822 ) ) ;
#7966 = AXIS2_PLACEMENT_3D ( 'NONE', #9818, #1513, #4494 ) ;
#7967 = FACE_OUTER_BOUND ( 'NONE', #1475, .T. ) ;
#7968 = ADVANCED_FACE ( 'NONE', ( #7991, #6435 ), #7279, .T. ) ;
#7969 = UNCERTAINTY_MEASURE_WITH_UNIT (LENGTH_MEASURE( 1.000000000000000082E-05 ), #7610, 'distance_accuracy_value', 'NONE');
#7970 = LINE ( 'NONE', #3803, #3674 ) ;
#7971 = COLOUR_RGB ( '',1.000000000000000000, 0.7529411764705882248, 0.7529411764705882248 ) ;
#7972 = PRESENTATION_STYLE_ASSIGNMENT (( #6793 ) ) ;
#7973 =( NAMED_UNIT ( * ) PLANE_ANGLE_UNIT ( ) SI_UNIT ( $, .RADIAN. ) );
#7974 = ORIENTED_EDGE ( 'NONE', *, *, #3333, .T. ) ;
#7975 =( LENGTH_UNIT ( ) NAMED_UNIT ( * ) SI_UNIT ( .MILLI., .METRE. ) );
#7976 = ORIENTED_EDGE ( 'NONE', *, *, #4169, .F. ) ;
#7977 = DIRECTION ( 'NONE',  ( 0.000000000000000000, 0.000000000000000000, 1.000000000000000000 ) ) ;
#7978 = EDGE_CURVE ( 'NONE', #6293, #6473, #4539, .T. ) ;
#7979 = CARTESIAN_POINT ( 'NONE',  ( -1.000000000000000000, -0.7299999999999999822, -0.5999999999999999778 ) ) ;
#7980 = EDGE_LOOP ( 'NONE', ( #5006 ) ) ;
#7981 = VECTOR ( 'NONE', #2329, 1000.000000000000000 ) ;
#7982 = DIRECTION ( 'NONE',  ( 0.000000000000000000, -1.000000000000000000, 0.000000000000000000 ) ) ;
#7983 = PRESENTATION_STYLE_ASSIGNMENT (( #4012 ) ) ;
#7984 = DIRECTION ( 'NONE',  ( 0.000000000000000000, 0.000000000000000000, 1.000000000000000000 ) ) ;
#7985 = CARTESIAN_POINT ( 'NONE',  ( 1.000000000000000000, -0.7299999999999999822, 0.5999999999999999778 ) ) ;
#7986 =( NAMED_UNIT ( * ) PLANE_ANGLE_UNIT ( ) SI_UNIT ( $, .RADIAN. ) );
#7987 = CARTESIAN_POINT ( 'NONE',  ( -0.4099999999999999756, -0.5999999999999998668, -0.4799999999999999822 ) ) ;
#7988 = ORIENTED_EDGE ( 'NONE', *, *, #7754, .T. ) ;
#7989 = SURFACE_SIDE_STYLE ('',( #2519 ) ) ;
#7990 = SURFACE_STYLE_USAGE ( .BOTH. , #6454 ) ;
#7991 = FACE_OUTER_BOUND ( 'NONE', #6164, .T. ) ;
#7992 = PRESENTATION_LAYER_ASSIGNMENT (  '', '', ( #2426 ) ) ;
#7993 = UNCERTAINTY_MEASURE_WITH_UNIT (LENGTH_MEASURE( 1.000000000000000082E-05 ), #3657, 'distance_accuracy_value', 'NONE');
#7994 = SURFACE_STYLE_FILL_AREA ( #2982 ) ;
#7995 = SURFACE_STYLE_FILL_AREA ( #9732 ) ;
#7996 = DIRECTION ( 'NONE',  ( -0.000000000000000000, 1.000000000000000000, -0.000000000000000000 ) ) ;
#7997 =( NAMED_UNIT ( * ) PLANE_ANGLE_UNIT ( ) SI_UNIT ( $, .RADIAN. ) );
#7998 = MECHANICAL_DESIGN_GEOMETRIC_PRESENTATION_REPRESENTATION (  '', ( #4925 ), #2598 ) ;
#7999 = SURFACE_STYLE_USAGE ( .BOTH. , #7962 ) ;
#8000 = EDGE_LOOP ( 'NONE', ( #7561 ) ) ;
#8001 = FACE_OUTER_BOUND ( 'NONE', #6291, .T. ) ;
#8002 = ORIENTED_EDGE ( 'NONE', *, *, #5435, .T. ) ;
#8003 = SURFACE_STYLE_FILL_AREA ( #5870 ) ;
#8004 = PRODUCT ( 'DLW21HN900SQ2L', 'DLW21HN900SQ2L', '', ( #1420 ) ) ;
#8005 = FACE_OUTER_BOUND ( 'NONE', #747, .T. ) ;
#8006 = COLOUR_RGB ( '',0.7921568627450980005, 0.8196078431372548767, 0.9333333333333333481 ) ;
#8007 = DIRECTION ( 'NONE',  ( 1.000000000000000000, 0.000000000000000000, 0.000000000000000000 ) ) ;
#8008 = EDGE_CURVE ( 'NONE', #7813, #3029, #9316, .T. ) ;
#8009 =( NAMED_UNIT ( * ) SI_UNIT ( $, .STERADIAN. ) SOLID_ANGLE_UNIT ( ) );
#8010 = STYLED_ITEM ( 'NONE', ( #593 ), #719 ) ;
#8011 =( NAMED_UNIT ( * ) PLANE_ANGLE_UNIT ( ) SI_UNIT ( $, .RADIAN. ) );
#8012 = EDGE_LOOP ( 'NONE', ( #4443 ) ) ;
#8013 = SURFACE_STYLE_FILL_AREA ( #168 ) ;
#8014 = DIRECTION ( 'NONE',  ( -1.000000000000000000, 0.000000000000000000, 0.000000000000000000 ) ) ;
#8015 = VERTEX_POINT ( 'NONE', #9678 ) ;
#8016 = CARTESIAN_POINT ( 'NONE',  ( -1.000000000000000000, -0.2000000000000000111, -0.5999999999999999778 ) ) ;
#8017 = CARTESIAN_POINT ( 'NONE',  ( 0.3450000000000001399, -0.2250000000000000611, -0.3799999999999999489 ) ) ;
#8018 = FACE_OUTER_BOUND ( 'NONE', #9315, .T. ) ;
#8019 = ADVANCED_FACE ( 'NONE', ( #7537 ), #6620, .F. ) ;
#8020 = CARTESIAN_POINT ( 'NONE',  ( -0.3850000000000000089, -0.2750000000000000777, -0.4799999999999999822 ) ) ;
#8021 = FILL_AREA_STYLE ('',( #6484 ) ) ;
#8022 = ORIENTED_EDGE ( 'NONE', *, *, #3101, .F. ) ;
#8023 = LINE ( 'NONE', #9419, #5769 ) ;
#8024 = MECHANICAL_DESIGN_GEOMETRIC_PRESENTATION_REPRESENTATION (  '', ( #6351 ), #3599 ) ;
#8025 = EDGE_CURVE ( 'NONE', #421, #3202, #8836, .T. ) ;
#8026 = CARTESIAN_POINT ( 'NONE',  ( -0.1029999999999999111, -0.2250000000000000611, 0.4299999999999999378 ) ) ;
#8027 = PRESENTATION_LAYER_ASSIGNMENT (  '', '', ( #6492 ) ) ;
#8028 = SURFACE_STYLE_USAGE ( .BOTH. , #4296 ) ;
#8029 = FACE_OUTER_BOUND ( 'NONE', #9723, .T. ) ;
#8030 = MECHANICAL_DESIGN_GEOMETRIC_PRESENTATION_REPRESENTATION (  '', ( #9061 ), #4264 ) ;
#8031 = ORIENTED_EDGE ( 'NONE', *, *, #3899, .F. ) ;
#8032 =( GEOMETRIC_REPRESENTATION_CONTEXT ( 3 ) GLOBAL_UNCERTAINTY_ASSIGNED_CONTEXT ( ( #4345 ) ) GLOBAL_UNIT_ASSIGNED_CONTEXT ( ( #6465, #7973, #413 ) ) REPRESENTATION_CONTEXT ( 'NONE', 'WORKASPACE' ) );
#8033 = FACE_OUTER_BOUND ( 'NONE', #7871, .T. ) ;
#8034 = VERTEX_POINT ( 'NONE', #8833 ) ;
#8035 = FILL_AREA_STYLE ('',( #5069 ) ) ;
#8036 = EDGE_LOOP ( 'NONE', ( #738 ) ) ;
#8037 = CARTESIAN_POINT ( 'NONE',  ( 0.4350000000000000533, -0.2799999999999999711, 0.4799999999999999822 ) ) ;
#8038 = SURFACE_STYLE_USAGE ( .BOTH. , #7729 ) ;
#8039 = DIRECTION ( 'NONE',  ( 0.8660254037844379305, 0.000000000000000000, -0.5000000000000014433 ) ) ;
#8040 = EDGE_CURVE ( 'NONE', #6293, #193, #636, .T. ) ;
#8041 = VERTEX_POINT ( 'NONE', #2648 ) ;
#8042 = FACE_OUTER_BOUND ( 'NONE', #1959, .T. ) ;
#8043 = AXIS2_PLACEMENT_3D ( 'NONE', #9397, #3365, #9491 ) ;
#8044 = CARTESIAN_POINT ( 'NONE',  ( -0.2999999999999999334, -0.2750000000000000777, 0.4299999999999999378 ) ) ;
#8045 = CARTESIAN_POINT ( 'NONE',  ( 0.5499999999999999334, -0.7299999999999999822, -0.6000000000000000888 ) ) ;
#8046 = COLOUR_RGB ( '',1.000000000000000000, 1.000000000000000000, 1.000000000000000000 ) ;
#8047 = ORIENTED_EDGE ( 'NONE', *, *, #935, .T. ) ;
#8048 = PRESENTATION_STYLE_ASSIGNMENT (( #3713 ) ) ;
#8049 =( NAMED_UNIT ( * ) SI_UNIT ( $, .STERADIAN. ) SOLID_ANGLE_UNIT ( ) );
#8050 = VECTOR ( 'NONE', #1391, 1000.000000000000000 ) ;
#8051 = FILL_AREA_STYLE_COLOUR ( '', #2411 ) ;
#8052 = CARTESIAN_POINT ( 'NONE',  ( -0.4349999999999999978, -0.6018290529695971003, -0.4799999999999999822 ) ) ;
#8053 = ORIENTED_EDGE ( 'NONE', *, *, #9230, .F. ) ;
#8054 = SURFACE_SIDE_STYLE ('',( #9414 ) ) ;
#8055 = EDGE_CURVE ( 'NONE', #6804, #9321, #7775, .T. ) ;
#8056 = FILL_AREA_STYLE ('',( #5020 ) ) ;
#8057 = AXIS2_PLACEMENT_3D ( 'NONE', #1372, #8124, #2842 ) ;
#8058 = SURFACE_SIDE_STYLE ('',( #7315 ) ) ;
#8059 = FILL_AREA_STYLE_COLOUR ( '', #4619 ) ;
#8060 = ADVANCED_FACE ( 'NONE', ( #171, #3701 ), #3451, .T. ) ;
#8061 = CARTESIAN_POINT ( 'NONE',  ( 0.2300000000000001488, -0.2750000000000000777, 0.4799999999999999822 ) ) ;
#8062 = MECHANICAL_DESIGN_GEOMETRIC_PRESENTATION_REPRESENTATION (  '', ( #2485 ), #122 ) ;
#8063 = ORIENTED_EDGE ( 'NONE', *, *, #4017, .F. ) ;
#8064 =( NAMED_UNIT ( * ) PLANE_ANGLE_UNIT ( ) SI_UNIT ( $, .RADIAN. ) );
#8065 = VECTOR ( 'NONE', #4026, 1000.000000000000000 ) ;
#8066 = ORIENTED_EDGE ( 'NONE', *, *, #1766, .T. ) ;
#8067 =( LENGTH_UNIT ( ) NAMED_UNIT ( * ) SI_UNIT ( .MILLI., .METRE. ) );
#8068 = MECHANICAL_DESIGN_GEOMETRIC_PRESENTATION_REPRESENTATION (  '', ( #3974 ), #256 ) ;
#8069 = COLOUR_RGB ( '',0.2509803921568627416, 0.2509803921568627416, 0.2509803921568627416 ) ;
#8070 =( NAMED_UNIT ( * ) SI_UNIT ( $, .STERADIAN. ) SOLID_ANGLE_UNIT ( ) );
#8071 = EDGE_CURVE ( 'NONE', #2662, #3427, #5382, .T. ) ;
#8072 = SURFACE_STYLE_USAGE ( .BOTH. , #6508 ) ;
#8073 = PRESENTATION_LAYER_ASSIGNMENT (  '', '', ( #7584 ) ) ;
#8074 = ORIENTED_EDGE ( 'NONE', *, *, #3297, .F. ) ;
#8075 =( GEOMETRIC_REPRESENTATION_CONTEXT ( 3 ) GLOBAL_UNCERTAINTY_ASSIGNED_CONTEXT ( ( #6915 ) ) GLOBAL_UNIT_ASSIGNED_CONTEXT ( ( #1578, #3118, #1547 ) ) REPRESENTATION_CONTEXT ( 'NONE', 'WORKASPACE' ) );
#8076 = CYLINDRICAL_SURFACE ( 'NONE', #5103, 0.02499999999999995628 ) ;
#8077 = CARTESIAN_POINT ( 'NONE',  ( -0.3518292873640456730, -0.1855304418354932205, -0.001829287364052677731 ) ) ;
#8078 = STYLED_ITEM ( 'NONE', ( #1344 ), #4729 ) ;
#8079 = DIRECTION ( 'NONE',  ( -1.000000000000000000, 0.000000000000000000, 0.000000000000000000 ) ) ;
#8080 = EDGE_LOOP ( 'NONE', ( #5135 ) ) ;
#8081 = EDGE_CURVE ( 'NONE', #4315, #5745, #6429, .T. ) ;
#8082 = LINE ( 'NONE', #8991, #4512 ) ;
#8083 = PRESENTATION_LAYER_ASSIGNMENT (  '', '', ( #3205 ) ) ;
#8084 = ADVANCED_FACE ( 'NONE', ( #1485, #8597 ), #2321, .T. ) ;
#8085 = FILL_AREA_STYLE_COLOUR ( '', #387 ) ;
#8086 = CARTESIAN_POINT ( 'NONE',  ( 0.8170483142762321460, -0.9300000000000001599, 0.3999999999999992450 ) ) ;
#8087 = VECTOR ( 'NONE', #4732, 1000.000000000000000 ) ;
#8088 =( NAMED_UNIT ( * ) PLANE_ANGLE_UNIT ( ) SI_UNIT ( $, .RADIAN. ) );
#8089 = TOROIDAL_SURFACE ( 'NONE', #7066, 0.05000000000000002359, 0.02500000000000002914 ) ;
#8090 = VECTOR ( 'NONE', #4472, 1000.000000000000000 ) ;
#8091 = PLANE ( 'NONE',  #4838 ) ;
#8092 = MECHANICAL_DESIGN_GEOMETRIC_PRESENTATION_REPRESENTATION (  '', ( #3013 ), #9622 ) ;
#8093 = CARTESIAN_POINT ( 'NONE',  ( 1.000000000000000000, -0.9000000000000000222, -0.5999999999999999778 ) ) ;
#8094 = ORIENTED_EDGE ( 'NONE', *, *, #1995, .T. ) ;
#8095 = CARTESIAN_POINT ( 'NONE',  ( -0.4683301956877177208, -0.6417778470076883623, -0.4533530241919235815 ) ) ;
#8096 = SURFACE_STYLE_USAGE ( .BOTH. , #8734 ) ;
#8097 = CARTESIAN_POINT ( 'NONE',  ( -0.2953329645653470226, -0.6449999999999997957, 0.4302182886970357112 ) ) ;
#8098 = CIRCLE ( 'NONE', #7949, 0.02500000000000003608 ) ;
#8099 = CARTESIAN_POINT ( 'NONE',  ( -1.000000000000000000, -0.7299999999999999822, -0.5999999999999999778 ) ) ;
#8100 = MANIFOLD_SOLID_BREP ( 'Cut-Extrude4', #1371 ) ;
#8101 = SURFACE_STYLE_FILL_AREA ( #9108 ) ;
#8102 = LINE ( 'NONE', #8547, #3810 ) ;
#8103 = CYLINDRICAL_SURFACE ( 'NONE', #7104, 0.02499999999999995628 ) ;
#8104 = CARTESIAN_POINT ( 'NONE',  ( -1.000000000000000000, -0.1999999999999999833, -0.5749999999999998446 ) ) ;
#8105 = CARTESIAN_POINT ( 'NONE',  ( -0.3499999999999999223, -0.2250000000000000611, 0.3799999999999999489 ) ) ;
#8106 = MECHANICAL_DESIGN_GEOMETRIC_PRESENTATION_REPRESENTATION (  '', ( #7074 ), #3161 ) ;
#8107 = SURFACE_STYLE_USAGE ( .BOTH. , #5817 ) ;
#8108 = EDGE_LOOP ( 'NONE', ( #949 ) ) ;
#8109 = COLOUR_RGB ( '',1.000000000000000000, 0.7529411764705882248, 0.7529411764705882248 ) ;
#8110 = DIRECTION ( 'NONE',  ( 0.000000000000000000, 0.000000000000000000, 1.000000000000000000 ) ) ;
#8111 = ORIENTED_EDGE ( 'NONE', *, *, #2471, .F. ) ;
#8112 =( LENGTH_UNIT ( ) NAMED_UNIT ( * ) SI_UNIT ( .MILLI., .METRE. ) );
#8113 = PRESENTATION_STYLE_ASSIGNMENT (( #3085 ) ) ;
#8114 =( NAMED_UNIT ( * ) SI_UNIT ( $, .STERADIAN. ) SOLID_ANGLE_UNIT ( ) );
#8115 = VECTOR ( 'NONE', #4078, 1000.000000000000000 ) ;
#8116 = EDGE_CURVE ( 'NONE', #5745, #9718, #6657, .T. ) ;
#8117 = SURFACE_STYLE_FILL_AREA ( #447 ) ;
#8118 =( GEOMETRIC_REPRESENTATION_CONTEXT ( 3 ) GLOBAL_UNCERTAINTY_ASSIGNED_CONTEXT ( ( #1857 ) ) GLOBAL_UNIT_ASSIGNED_CONTEXT ( ( #9513, #8088, #7359 ) ) REPRESENTATION_CONTEXT ( 'NONE', 'WORKASPACE' ) );
#8119 =( LENGTH_UNIT ( ) NAMED_UNIT ( * ) SI_UNIT ( .MILLI., .METRE. ) );
#8120 = CARTESIAN_POINT ( 'NONE',  ( 0.4522282473117545387, 0.000000000000000000, -0.4999999999999998890 ) ) ;
#8121 =( LENGTH_UNIT ( ) NAMED_UNIT ( * ) SI_UNIT ( .MILLI., .METRE. ) );
#8122 = SURFACE_STYLE_FILL_AREA ( #1727 ) ;
#8123 = ADVANCED_FACE ( 'NONE', ( #5372 ), #8217, .F. ) ;
#8124 = DIRECTION ( 'NONE',  ( 1.204669080539449097E-16, 0.000000000000000000, -1.000000000000000000 ) ) ;
#8125 = ORIENTED_EDGE ( 'NONE', *, *, #1713, .T. ) ;
#8126 = PLANE ( 'NONE',  #443 ) ;
#8127 = CARTESIAN_POINT ( 'NONE',  ( -0.3499999999999999778, -0.2750000000000000777, 0.4299999999999999378 ) ) ;
#8128 = UNCERTAINTY_MEASURE_WITH_UNIT (LENGTH_MEASURE( 1.000000000000000082E-05 ), #4386, 'distance_accuracy_value', 'NONE');
#8129 = SURFACE_STYLE_USAGE ( .BOTH. , #3516 ) ;
#8130 = PRESENTATION_STYLE_ASSIGNMENT (( #6897 ) ) ;
#8131 = SURFACE_STYLE_FILL_AREA ( #5045 ) ;
#8132 = DIRECTION ( 'NONE',  ( 0.000000000000000000, 0.000000000000000000, 1.000000000000000000 ) ) ;
#8133 = CARTESIAN_POINT ( 'NONE',  ( -0.09855077676283004184, -0.6426664822826733126, 0.4325416188035215992 ) ) ;
#8134 = ORIENTED_EDGE ( 'NONE', *, *, #918, .T. ) ;
#8135 =( NAMED_UNIT ( * ) PLANE_ANGLE_UNIT ( ) SI_UNIT ( $, .RADIAN. ) );
#8136 = PRESENTATION_LAYER_ASSIGNMENT (  '', '', ( #128 ) ) ;
#8137 = DIRECTION ( 'NONE',  ( 1.000000000000000000, 0.000000000000000000, 0.000000000000000000 ) ) ;
#8138 = PRESENTATION_LAYER_ASSIGNMENT (  '', '', ( #129 ) ) ;
#8139 = ORIENTED_EDGE ( 'NONE', *, *, #7513, .T. ) ;
#8140 = CARTESIAN_POINT ( 'NONE',  ( 1.000000000000000000, -0.9000000000000000222, 0.1999999999999999278 ) ) ;
#8141 = FILL_AREA_STYLE_COLOUR ( '', #8528 ) ;
#8142 = MECHANICAL_DESIGN_GEOMETRIC_PRESENTATION_REPRESENTATION (  '', ( #8982 ), #6401 ) ;
#8143 = DIRECTION ( 'NONE',  ( -1.000000000000000000, -0.000000000000000000, -0.000000000000000000 ) ) ;
#8144 =( GEOMETRIC_REPRESENTATION_CONTEXT ( 3 ) GLOBAL_UNCERTAINTY_ASSIGNED_CONTEXT ( ( #9585 ) ) GLOBAL_UNIT_ASSIGNED_CONTEXT ( ( #2823, #8064, #3618 ) ) REPRESENTATION_CONTEXT ( 'NONE', 'WORKASPACE' ) );
#8145 = ORIENTED_EDGE ( 'NONE', *, *, #2492, .F. ) ;
#8146 = FILL_AREA_STYLE_COLOUR ( '', #7029 ) ;
#8147 = FACE_OUTER_BOUND ( 'NONE', #1010, .T. ) ;
#8148 = CIRCLE ( 'NONE', #1349, 0.02500000000000003608 ) ;
#8149 = ORIENTED_EDGE ( 'NONE', *, *, #3454, .F. ) ;
#8150 = MECHANICAL_DESIGN_GEOMETRIC_PRESENTATION_REPRESENTATION (  '', ( #7657 ), #8654 ) ;
#8151 =( NAMED_UNIT ( * ) PLANE_ANGLE_UNIT ( ) SI_UNIT ( $, .RADIAN. ) );
#8152 = PRESENTATION_STYLE_ASSIGNMENT (( #6925 ) ) ;
#8153 = EDGE_CURVE ( 'NONE', #9592, #5027, #4655, .T. ) ;
#8154 = CARTESIAN_POINT ( 'NONE',  ( -0.4522282473117545387, 0.000000000000000000, -0.4999999999999998890 ) ) ;
#8155 = STYLED_ITEM ( 'NONE', ( #5557 ), #908 ) ;
#8156 = ORIENTED_EDGE ( 'NONE', *, *, #7042, .F. ) ;
#8157 = LINE ( 'NONE', #8818, #6736 ) ;
#8158 = FILL_AREA_STYLE_COLOUR ( '', #4884 ) ;
#8159 =( NAMED_UNIT ( * ) PLANE_ANGLE_UNIT ( ) SI_UNIT ( $, .RADIAN. ) );
#8160 = UNCERTAINTY_MEASURE_WITH_UNIT (LENGTH_MEASURE( 1.000000000000000082E-05 ), #50, 'distance_accuracy_value', 'NONE');
#8161 = CARTESIAN_POINT ( 'NONE',  ( -0.5349632742307173228, -0.2250000000000000056, 0.5999999999999999778 ) ) ;
#8162 = EDGE_LOOP ( 'NONE', ( #2106 ) ) ;
#8163 = DIRECTION ( 'NONE',  ( 0.09334070869305829965, 0.000000000000000000, -0.9956342260592883076 ) ) ;
#8164 = VERTEX_POINT ( 'NONE', #2592 ) ;
#8165 =( NAMED_UNIT ( * ) PLANE_ANGLE_UNIT ( ) SI_UNIT ( $, .RADIAN. ) );
#8166 = EDGE_LOOP ( 'NONE', ( #2605, #7429, #5636, #1214, #5507 ) ) ;
#8167 = CARTESIAN_POINT ( 'NONE',  ( 0.1190000000000000918, -0.2750000000000000777, 0.4799999999999999822 ) ) ;
#8168 = SURFACE_STYLE_FILL_AREA ( #7017 ) ;
#8169 = MECHANICAL_DESIGN_GEOMETRIC_PRESENTATION_REPRESENTATION (  '', ( #3551 ), #521 ) ;
#8170 = STYLED_ITEM ( 'NONE', ( #4605 ), #9683 ) ;
#8171 =( NAMED_UNIT ( * ) PLANE_ANGLE_UNIT ( ) SI_UNIT ( $, .RADIAN. ) );
#8172 = DIRECTION ( 'NONE',  ( 0.000000000000000000, -1.000000000000000000, 0.000000000000000000 ) ) ;
#8173 = CARTESIAN_POINT ( 'NONE',  ( -0.4350000000000000533, -0.6499999999999998002, 0.4000000000000001332 ) ) ;
#8174 = MANIFOLD_SOLID_BREP ( 'LPattern1[1]', #7545 ) ;
#8175 = SURFACE_STYLE_FILL_AREA ( #276 ) ;
#8176 = PLANE ( 'NONE',  #2580 ) ;
#8177 = SURFACE_STYLE_USAGE ( .BOTH. , #7408 ) ;
#8178 = SURFACE_STYLE_USAGE ( .BOTH. , #6754 ) ;
#8179 = FACE_OUTER_BOUND ( 'NONE', #2235, .T. ) ;
#8180 = EDGE_CURVE ( 'NONE', #9758, #1866, #7026, .T. ) ;
#8181 = FACE_OUTER_BOUND ( 'NONE', #5640, .T. ) ;
#8182 =( GEOMETRIC_REPRESENTATION_CONTEXT ( 3 ) GLOBAL_UNCERTAINTY_ASSIGNED_CONTEXT ( ( #5787 ) ) GLOBAL_UNIT_ASSIGNED_CONTEXT ( ( #892, #6206, #9272 ) ) REPRESENTATION_CONTEXT ( 'NONE', 'WORKASPACE' ) );
#8183 = PRESENTATION_STYLE_ASSIGNMENT (( #5759 ) ) ;
#8184 = SURFACE_SIDE_STYLE ('',( #5375 ) ) ;
#8185 = ORIENTED_EDGE ( 'NONE', *, *, #4809, .F. ) ;
#8186 = SURFACE_SIDE_STYLE ('',( #7845 ) ) ;
#8187 = UNCERTAINTY_MEASURE_WITH_UNIT (LENGTH_MEASURE( 1.000000000000000082E-05 ), #5731, 'distance_accuracy_value', 'NONE');
#8188 = PRODUCT_DEFINITION ( 'UNKNOWN', '', #3961, #4637 ) ;
#8189 =( LENGTH_UNIT ( ) NAMED_UNIT ( * ) SI_UNIT ( .MILLI., .METRE. ) );
#8190 = DIRECTION ( 'NONE',  ( 1.000000000000000000, 0.000000000000000000, 0.000000000000000000 ) ) ;
#8191 = FACE_OUTER_BOUND ( 'NONE', #1340, .T. ) ;
#8192 = PRESENTATION_STYLE_ASSIGNMENT (( #81 ) ) ;
#8193 = COLOUR_RGB ( '',1.000000000000000000, 0.7529411764705882248, 0.7529411764705882248 ) ;
#8194 = CARTESIAN_POINT ( 'NONE',  ( -0.07333296456534699193, -0.6449999999999997957, 0.4302182886970356557 ) ) ;
#8195 = ORIENTED_EDGE ( 'NONE', *, *, #6855, .T. ) ;
#8196 = STYLED_ITEM ( 'NONE', ( #9066 ), #3932 ) ;
#8197 = PLANE ( 'NONE',  #7966 ) ;
#8198 = UNCERTAINTY_MEASURE_WITH_UNIT (LENGTH_MEASURE( 1.000000000000000082E-05 ), #9550, 'distance_accuracy_value', 'NONE');
#8199 = CARTESIAN_POINT ( 'NONE',  ( 0.05800000000000013478, -0.2250000000000000888, 0.4299999999999999378 ) ) ;
#8200 = AXIS2_PLACEMENT_3D ( 'NONE', #8173, #7653, #106 ) ;
#8201 = SURFACE_STYLE_USAGE ( .BOTH. , #2821 ) ;
#8202 = VECTOR ( 'NONE', #3538, 1000.000000000000000 ) ;
#8203 =( NAMED_UNIT ( * ) SI_UNIT ( $, .STERADIAN. ) SOLID_ANGLE_UNIT ( ) );
#8204 = SURFACE_SIDE_STYLE ('',( #681 ) ) ;
#8205 =( NAMED_UNIT ( * ) SI_UNIT ( $, .STERADIAN. ) SOLID_ANGLE_UNIT ( ) );
#8206 = SURFACE_STYLE_FILL_AREA ( #1502 ) ;
#8207 =( NAMED_UNIT ( * ) PLANE_ANGLE_UNIT ( ) SI_UNIT ( $, .RADIAN. ) );
#8208 = EDGE_CURVE ( 'NONE', #3129, #7704, #4768, .T. ) ;
#8209 = SURFACE_SIDE_STYLE ('',( #5203 ) ) ;
#8210 = PRESENTATION_STYLE_ASSIGNMENT (( #2626 ) ) ;
#8211 = MECHANICAL_DESIGN_GEOMETRIC_PRESENTATION_REPRESENTATION (  '', ( #9543 ), #7516 ) ;
#8212 = MECHANICAL_DESIGN_GEOMETRIC_PRESENTATION_REPRESENTATION (  '', ( #2444 ), #1935 ) ;
#8213 = ORIENTED_EDGE ( 'NONE', *, *, #1713, .F. ) ;
#8214 =( GEOMETRIC_REPRESENTATION_CONTEXT ( 3 ) GLOBAL_UNCERTAINTY_ASSIGNED_CONTEXT ( ( #7718 ) ) GLOBAL_UNIT_ASSIGNED_CONTEXT ( ( #4594, #692, #5362 ) ) REPRESENTATION_CONTEXT ( 'NONE', 'WORKASPACE' ) );
#8215 = VERTEX_POINT ( 'NONE', #8449 ) ;
#8216 = DIRECTION ( 'NONE',  ( -1.000000000000000000, 0.000000000000000000, 0.000000000000000000 ) ) ;
#8217 = PLANE ( 'NONE',  #6286 ) ;
#8218 = FACE_OUTER_BOUND ( 'NONE', #2571, .T. ) ;
#8219 = DIRECTION ( 'NONE',  ( 0.000000000000000000, 0.000000000000000000, 1.000000000000000000 ) ) ;
#8220 = PRESENTATION_LAYER_ASSIGNMENT (  '', '', ( #2665 ) ) ;
#8221 = ORIENTED_EDGE ( 'NONE', *, *, #541, .T. ) ;
#8222 = ORIENTED_EDGE ( 'NONE', *, *, #4901, .F. ) ;
#8223 = PRESENTATION_LAYER_ASSIGNMENT (  '', '', ( #2622 ) ) ;
#8224 =( LENGTH_UNIT ( ) NAMED_UNIT ( * ) SI_UNIT ( .MILLI., .METRE. ) );
#8225 =( GEOMETRIC_REPRESENTATION_CONTEXT ( 3 ) GLOBAL_UNCERTAINTY_ASSIGNED_CONTEXT ( ( #6113 ) ) GLOBAL_UNIT_ASSIGNED_CONTEXT ( ( #7655, #9140, #804 ) ) REPRESENTATION_CONTEXT ( 'NONE', 'WORKASPACE' ) );
#8226 =( NAMED_UNIT ( * ) PLANE_ANGLE_UNIT ( ) SI_UNIT ( $, .RADIAN. ) );
#8227 = DIRECTION ( 'NONE',  ( 0.000000000000000000, 0.000000000000000000, -1.000000000000000000 ) ) ;
#8228 = STYLED_ITEM ( 'NONE', ( #8924 ), #6481 ) ;
#8229 = UNCERTAINTY_MEASURE_WITH_UNIT (LENGTH_MEASURE( 1.000000000000000082E-05 ), #1516, 'distance_accuracy_value', 'NONE');
#8230 = PRESENTATION_STYLE_ASSIGNMENT (( #8107 ) ) ;
#8231 = DIRECTION ( 'NONE',  ( -1.000000000000000000, 0.000000000000000000, 0.000000000000000000 ) ) ;
#8232 = FACE_OUTER_BOUND ( 'NONE', #859, .T. ) ;
#8233 = FILL_AREA_STYLE_COLOUR ( '', #2810 ) ;
#8234 = ORIENTED_EDGE ( 'NONE', *, *, #5331, .T. ) ;
#8235 = DIRECTION ( 'NONE',  ( -0.5000000000000014433, -0.000000000000000000, -0.8660254037844378194 ) ) ;
#8236 = CIRCLE ( 'NONE', #9693, 0.02499999999999995628 ) ;
#8237 = SURFACE_STYLE_FILL_AREA ( #8380 ) ;
#8238 = CARTESIAN_POINT ( 'NONE',  ( -0.4522282473117545387, -0.000000000000000000, 0.4999999999999997780 ) ) ;
#8239 = EDGE_CURVE ( 'NONE', #3202, #1465, #8583, .T. ) ;
#8240 = MECHANICAL_DESIGN_GEOMETRIC_PRESENTATION_REPRESENTATION (  '', ( #7131 ), #414 ) ;
#8241 = ORIENTED_EDGE ( 'NONE', *, *, #6170, .T. ) ;
#8242 = DIRECTION ( 'NONE',  ( 0.9825750242013554514, -0.1858664085188760362, 0.000000000000000000 ) ) ;
#8243 = ORIENTED_EDGE ( 'NONE', *, *, #8584, .T. ) ;
#8244 = STYLED_ITEM ( 'NONE', ( #9039 ), #9421 ) ;
#8245 = ORIENTED_EDGE ( 'NONE', *, *, #519, .T. ) ;
#8246 = DIRECTION ( 'NONE',  ( -0.000000000000000000, -0.000000000000000000, -1.000000000000000000 ) ) ;
#8247 = ORIENTED_EDGE ( 'NONE', *, *, #4783, .F. ) ;
#8248 = EDGE_CURVE ( 'NONE', #1657, #1657, #6807, .T. ) ;
#8249 = MECHANICAL_DESIGN_GEOMETRIC_PRESENTATION_REPRESENTATION (  '', ( #4353 ), #4845 ) ;
#8250 = STYLED_ITEM ( 'NONE', ( #3626 ), #3382 ) ;
#8251 = UNCERTAINTY_MEASURE_WITH_UNIT (LENGTH_MEASURE( 1.000000000000000082E-05 ), #6788, 'distance_accuracy_value', 'NONE');
#8252 = PLANE ( 'NONE',  #8418 ) ;
#8253 =( LENGTH_UNIT ( ) NAMED_UNIT ( * ) SI_UNIT ( .MILLI., .METRE. ) );
#8254 = CARTESIAN_POINT ( 'NONE',  ( 0.2950000000000001510, -0.2250000000000000611, -0.3799999999999999489 ) ) ;
#8255 = MECHANICAL_DESIGN_GEOMETRIC_PRESENTATION_REPRESENTATION (  '', ( #9460 ), #6863 ) ;
#8256 = ORIENTED_EDGE ( 'NONE', *, *, #2408, .T. ) ;
#8257 = CARTESIAN_POINT ( 'NONE',  ( 0.03766703543465299564, -0.6449999999999997957, 0.4302182886970357667 ) ) ;
#8258 = DIRECTION ( 'NONE',  ( 0.000000000000000000, 0.000000000000000000, -1.000000000000000000 ) ) ;
#8259 = FILL_AREA_STYLE_COLOUR ( '', #9686 ) ;
#8260 = CARTESIAN_POINT ( 'NONE',  ( -0.5499999999999999334, -0.7299999999999999822, 0.6000000000000000888 ) ) ;
#8261 = ORIENTED_EDGE ( 'NONE', *, *, #66, .F. ) ;
#8262 = ADVANCED_FACE ( 'NONE', ( #6548, #9070 ), #855, .T. ) ;
#8263 = FILL_AREA_STYLE_COLOUR ( '', #779 ) ;
#8264 = CIRCLE ( 'NONE', #6556, 0.02500000000000003608 ) ;
#8265 = EDGE_LOOP ( 'NONE', ( #5092 ) ) ;
#8266 = EDGE_CURVE ( 'NONE', #9467, #9467, #5357, .T. ) ;
#8267 = VERTEX_POINT ( 'NONE', #8303 ) ;
#8268 = FACE_OUTER_BOUND ( 'NONE', #765, .T. ) ;
#8269 = EDGE_LOOP ( 'NONE', ( #4239 ) ) ;
#8270 = CARTESIAN_POINT ( 'NONE',  ( -0.1489999999999999103, -0.2750000000000000222, -0.4799999999999999822 ) ) ;
#8271 =( GEOMETRIC_REPRESENTATION_CONTEXT ( 3 ) GLOBAL_UNCERTAINTY_ASSIGNED_CONTEXT ( ( #2488 ) ) GLOBAL_UNIT_ASSIGNED_CONTEXT ( ( #9652, #2012, #5096 ) ) REPRESENTATION_CONTEXT ( 'NONE', 'WORKASPACE' ) );
#8272 =( NAMED_UNIT ( * ) SI_UNIT ( $, .STERADIAN. ) SOLID_ANGLE_UNIT ( ) );
#8273 = SURFACE_STYLE_USAGE ( .BOTH. , #9176 ) ;
#8274 = PRESENTATION_LAYER_ASSIGNMENT (  '', '', ( #9479 ) ) ;
#8275 = FILL_AREA_STYLE ('',( #9834 ) ) ;
#8276 = FILL_AREA_STYLE_COLOUR ( '', #7101 ) ;
#8277 = VERTEX_POINT ( 'NONE', #3113 ) ;
#8278 = FACE_OUTER_BOUND ( 'NONE', #5822, .T. ) ;
#8279 = VERTEX_POINT ( 'NONE', #9691 ) ;
#8280 = ORIENTED_EDGE ( 'NONE', *, *, #7027, .F. ) ;
#8281 = MECHANICAL_DESIGN_GEOMETRIC_PRESENTATION_REPRESENTATION (  '', ( #3876 ), #142 ) ;
#8282 = SURFACE_STYLE_USAGE ( .BOTH. , #6617 ) ;
#8283 = DIRECTION ( 'NONE',  ( -1.000000000000000000, 0.000000000000000000, 0.000000000000000000 ) ) ;
#8284 = STYLED_ITEM ( 'NONE', ( #981 ), #1306 ) ;
#8285 = SURFACE_STYLE_FILL_AREA ( #9692 ) ;
#8286 = UNCERTAINTY_MEASURE_WITH_UNIT (LENGTH_MEASURE( 1.000000000000000082E-05 ), #3765, 'distance_accuracy_value', 'NONE');
#8287 = PRESENTATION_LAYER_ASSIGNMENT (  '', '', ( #5022 ) ) ;
#8288 = ORIENTED_EDGE ( 'NONE', *, *, #9581, .T. ) ;
#8289 = PLANE ( 'NONE',  #9307 ) ;
#8290 = PRESENTATION_LAYER_ASSIGNMENT (  '', '', ( #9309 ) ) ;
#8291 = SURFACE_STYLE_FILL_AREA ( #4846 ) ;
#8292 = VERTEX_POINT ( 'NONE', #7987 ) ;
#8294 = SURFACE_STYLE_USAGE ( .BOTH. , #2974 ) ;
#8293 = PRESENTATION_STYLE_ASSIGNMENT (( #8945 ) ) ;
#8295 = DIRECTION ( 'NONE',  ( 0.000000000000000000, -0.000000000000000000, -1.000000000000000000 ) ) ;
#8296 = ADVANCED_FACE ( 'NONE', ( #8218 ), #6086, .F. ) ;
#8297 =( NAMED_UNIT ( * ) PLANE_ANGLE_UNIT ( ) SI_UNIT ( $, .RADIAN. ) );
#8298 = SURFACE_STYLE_USAGE ( .BOTH. , #589 ) ;
#8299 = DIRECTION ( 'NONE',  ( -0.000000000000000000, -0.000000000000000000, 1.000000000000000000 ) ) ;
#8300 = EDGE_LOOP ( 'NONE', ( #4438 ) ) ;
#8301 =( NAMED_UNIT ( * ) SI_UNIT ( $, .STERADIAN. ) SOLID_ANGLE_UNIT ( ) );
#8302 = EDGE_CURVE ( 'NONE', #622, #5884, #8461, .T. ) ;
#8303 = CARTESIAN_POINT ( 'NONE',  ( 0.4683301956877177208, -0.6417778470076883623, 0.4533530241919235815 ) ) ;
#8304 = FACE_OUTER_BOUND ( 'NONE', #3208, .T. ) ;
#8305 = FACE_OUTER_BOUND ( 'NONE', #789, .T. ) ;
#8306 =( NAMED_UNIT ( * ) PLANE_ANGLE_UNIT ( ) SI_UNIT ( $, .RADIAN. ) );
#8307 =( NAMED_UNIT ( * ) SI_UNIT ( $, .STERADIAN. ) SOLID_ANGLE_UNIT ( ) );
#8308 =( LENGTH_UNIT ( ) NAMED_UNIT ( * ) SI_UNIT ( .MILLI., .METRE. ) );
#8309 = SURFACE_SIDE_STYLE ('',( #1417 ) ) ;
#8310 = PRESENTATION_STYLE_ASSIGNMENT (( #2078 ) ) ;
#8311 = FACE_OUTER_BOUND ( 'NONE', #410, .T. ) ;
#8312 = FILL_AREA_STYLE ('',( #6779 ) ) ;
#8313 = ORIENTED_EDGE ( 'NONE', *, *, #2720, .T. ) ;
#8314 = CARTESIAN_POINT ( 'NONE',  ( 1.000000000000000000, -0.6096446609406724892, -0.1561942390473891606 ) ) ;
#8315 = EDGE_CURVE ( 'NONE', #7356, #9087, #5600, .T. ) ;
#8316 = CARTESIAN_POINT ( 'NONE',  ( -0.2389999999999999347, -0.2250000000000000611, 0.4299999999999999378 ) ) ;
#8317 = ADVANCED_FACE ( 'NONE', ( #9760, #6541 ), #148, .T. ) ;
#8318 = PRESENTATION_LAYER_ASSIGNMENT (  '', '', ( #3336 ) ) ;
#8319 = SURFACE_STYLE_FILL_AREA ( #47 ) ;
#8320 = SURFACE_SIDE_STYLE ('',( #278 ) ) ;
#8321 = FACE_OUTER_BOUND ( 'NONE', #7401, .T. ) ;
#8322 = CARTESIAN_POINT ( 'NONE',  ( -0.5349632742307173228, -0.1999999999999999833, 0.4249999999999999889 ) ) ;
#8323 = PRESENTATION_STYLE_ASSIGNMENT (( #8936 ) ) ;
#8324 = SURFACE_SIDE_STYLE ('',( #9417 ) ) ;
#8325 = VECTOR ( 'NONE', #6389, 1000.000000000000000 ) ;
#8326 = FILL_AREA_STYLE ('',( #5990 ) ) ;
#8327 = ORIENTED_EDGE ( 'NONE', *, *, #2720, .F. ) ;
#8328 = COLOUR_RGB ( '',0.7921568627450980005, 0.8196078431372548767, 0.9333333333333333481 ) ;
#8329 = DIRECTION ( 'NONE',  ( -0.000000000000000000, -1.000000000000000000, -0.000000000000000000 ) ) ;
#8330 = SURFACE_SIDE_STYLE ('',( #7265 ) ) ;
#8331 = AXIS2_PLACEMENT_3D ( 'NONE', #1044, #3448, #8682 ) ;
#8332 = DIRECTION ( 'NONE',  ( 0.000000000000000000, -1.000000000000000000, 0.000000000000000000 ) ) ;
#8333 =( LENGTH_UNIT ( ) NAMED_UNIT ( * ) SI_UNIT ( .MILLI., .METRE. ) );
#8334 = CARTESIAN_POINT ( 'NONE',  ( 0.4924923623104890957, -0.6386234481023126408, 0.4596967682515315512 ) ) ;
#8335 = PRESENTATION_LAYER_ASSIGNMENT (  '', '', ( #5780 ) ) ;
#8336 =( NAMED_UNIT ( * ) PLANE_ANGLE_UNIT ( ) SI_UNIT ( $, .RADIAN. ) );
#8337 = FILL_AREA_STYLE ('',( #1650 ) ) ;
#8338 = FACE_OUTER_BOUND ( 'NONE', #4431, .T. ) ;
#8339 = FACE_OUTER_BOUND ( 'NONE', #6840, .T. ) ;
#8340 = CARTESIAN_POINT ( 'NONE',  ( -0.01699999999999991795, -0.2250000000000000611, 0.4299999999999999378 ) ) ;
#8341 = EDGE_LOOP ( 'NONE', ( #151 ) ) ;
#8342 = EDGE_CURVE ( 'NONE', #6738, #6738, #5951, .T. ) ;
#8343 = DIRECTION ( 'NONE',  ( 0.000000000000000000, -1.000000000000000000, 0.000000000000000000 ) ) ;
#8344 = AXIS2_PLACEMENT_3D ( 'NONE', #4356, #3476, #507 ) ;
#8345 = FACE_OUTER_BOUND ( 'NONE', #2679, .T. ) ;
#8346 = STYLED_ITEM ( 'NONE', ( #7662 ), #8084 ) ;
#8347 = CIRCLE ( 'NONE', #1159, 0.02500000000000003955 ) ;
#8348 = DIRECTION ( 'NONE',  ( 0.000000000000000000, 0.000000000000000000, 1.000000000000000000 ) ) ;
#8349 = ORIENTED_EDGE ( 'NONE', *, *, #8559, .F. ) ;
#8350 = DIRECTION ( 'NONE',  ( 0.000000000000000000, 0.000000000000000000, 1.000000000000000000 ) ) ;
#8351 = SURFACE_STYLE_USAGE ( .BOTH. , #2175 ) ;
#8352 = TOROIDAL_SURFACE ( 'NONE', #1649, 0.05000000000000002359, 0.02500000000000002914 ) ;
#8353 = SURFACE_STYLE_FILL_AREA ( #2095 ) ;
#8354 = VECTOR ( 'NONE', #2785, 1000.000000000000000 ) ;
#8355 = FACE_OUTER_BOUND ( 'NONE', #4121, .T. ) ;
#8356 = LINE ( 'NONE', #5425, #3345 ) ;
#8357 = PRESENTATION_LAYER_ASSIGNMENT (  '', '', ( #2219 ) ) ;
#8358 = EDGE_LOOP ( 'NONE', ( #985 ) ) ;
#8359 =( GEOMETRIC_REPRESENTATION_CONTEXT ( 3 ) GLOBAL_UNCERTAINTY_ASSIGNED_CONTEXT ( ( #6726 ) ) GLOBAL_UNIT_ASSIGNED_CONTEXT ( ( #5403, #2413, #7724 ) ) REPRESENTATION_CONTEXT ( 'NONE', 'WORKASPACE' ) );
#8360 = SURFACE_STYLE_FILL_AREA ( #5984 ) ;
#8361 = COLOUR_RGB ( '',1.000000000000000000, 0.7529411764705882248, 0.7529411764705882248 ) ;
#8362 = FILL_AREA_STYLE_COLOUR ( '', #4189 ) ;
#8363 = SURFACE_SIDE_STYLE ('',( #5056 ) ) ;
#8364 = ORIENTED_EDGE ( 'NONE', *, *, #6382, .F. ) ;
#8365 = DIRECTION ( 'NONE',  ( -0.000000000000000000, -0.000000000000000000, 1.000000000000000000 ) ) ;
#8366 = SURFACE_STYLE_FILL_AREA ( #6278 ) ;
#8367 = COLOUR_RGB ( '',1.000000000000000000, 0.7529411764705882248, 0.7529411764705882248 ) ;
#8368 = EDGE_CURVE ( 'NONE', #8015, #1537, #4927, .T. ) ;
#8369 = DIRECTION ( 'NONE',  ( 0.000000000000000000, 0.000000000000000000, -1.000000000000000000 ) ) ;
#8370 = FILL_AREA_STYLE ('',( #5368 ) ) ;
#8371 = DIRECTION ( 'NONE',  ( -1.000000000000000000, 0.000000000000000000, 0.000000000000000000 ) ) ;
#8372 = AXIS2_PLACEMENT_3D ( 'NONE', #4476, #9045, #3034 ) ;
#8373 = DIRECTION ( 'NONE',  ( 0.9956342260592881965, 0.000000000000000000, 0.09334070869305798046 ) ) ;
#8374 = SURFACE_SIDE_STYLE ('',( #2630 ) ) ;
#8375 =( LENGTH_UNIT ( ) NAMED_UNIT ( * ) SI_UNIT ( .MILLI., .METRE. ) );
#8376 = DIRECTION ( 'NONE',  ( 0.9825750242013556734, 0.000000000000000000, 0.1858664085188749815 ) ) ;
#8377 = ORIENTED_EDGE ( 'NONE', *, *, #487, .F. ) ;
#8378 = STYLED_ITEM ( 'NONE', ( #4943 ), #9698 ) ;
#8379 = FILL_AREA_STYLE_COLOUR ( '', #7831 ) ;
#8380 = FILL_AREA_STYLE ('',( #5310 ) ) ;
#8381 = ORIENTED_EDGE ( 'NONE', *, *, #5685, .F. ) ;
#8382 =( GEOMETRIC_REPRESENTATION_CONTEXT ( 3 ) GLOBAL_UNCERTAINTY_ASSIGNED_CONTEXT ( ( #5349 ) ) GLOBAL_UNIT_ASSIGNED_CONTEXT ( ( #3424, #6482, #7886 ) ) REPRESENTATION_CONTEXT ( 'NONE', 'WORKASPACE' ) );
#8383 = PRESENTATION_STYLE_ASSIGNMENT (( #4122 ) ) ;
#8384 = CARTESIAN_POINT ( 'NONE',  ( 1.000000000000000000, -0.2000000000000000111, -0.5999999999999999778 ) ) ;
#8385 =( GEOMETRIC_REPRESENTATION_CONTEXT ( 3 ) GLOBAL_UNCERTAINTY_ASSIGNED_CONTEXT ( ( #6128 ) ) GLOBAL_UNIT_ASSIGNED_CONTEXT ( ( #9301, #3900, #3274 ) ) REPRESENTATION_CONTEXT ( 'NONE', 'WORKASPACE' ) );
#8386 = DIRECTION ( 'NONE',  ( 0.000000000000000000, -1.000000000000000000, 0.000000000000000000 ) ) ;
#8387 = EDGE_LOOP ( 'NONE', ( #9557 ) ) ;
#8388 =( LENGTH_UNIT ( ) NAMED_UNIT ( * ) SI_UNIT ( .MILLI., .METRE. ) );
#8389 = ORIENTED_EDGE ( 'NONE', *, *, #4305, .T. ) ;
#8390 = SURFACE_STYLE_USAGE ( .BOTH. , #8363 ) ;
#8391 = SURFACE_STYLE_USAGE ( .BOTH. , #5295 ) ;
#8392 =( GEOMETRIC_REPRESENTATION_CONTEXT ( 3 ) GLOBAL_UNCERTAINTY_ASSIGNED_CONTEXT ( ( #5618 ) ) GLOBAL_UNIT_ASSIGNED_CONTEXT ( ( #7975, #2755, #6538 ) ) REPRESENTATION_CONTEXT ( 'NONE', 'WORKASPACE' ) );
#8393 = SURFACE_STYLE_FILL_AREA ( #5228 ) ;
#8394 = EDGE_CURVE ( 'NONE', #1076, #1749, #2529, .T. ) ;
#8395 = AXIS2_PLACEMENT_3D ( 'NONE', #3184, #464, #2051 ) ;
#8396 = EDGE_LOOP ( 'NONE', ( #2902 ) ) ;
#8397 = COLOUR_RGB ( '',1.000000000000000000, 0.7529411764705882248, 0.7529411764705882248 ) ;
#8398 =( NAMED_UNIT ( * ) PLANE_ANGLE_UNIT ( ) SI_UNIT ( $, .RADIAN. ) );
#8399 =( LENGTH_UNIT ( ) NAMED_UNIT ( * ) SI_UNIT ( .MILLI., .METRE. ) );
#8400 = TOROIDAL_SURFACE ( 'NONE', #7926, 0.05000000000000002359, 0.02500000000000002914 ) ;
#8401 =( GEOMETRIC_REPRESENTATION_CONTEXT ( 3 ) GLOBAL_UNCERTAINTY_ASSIGNED_CONTEXT ( ( #2897 ) ) GLOBAL_UNIT_ASSIGNED_CONTEXT ( ( #1681, #6253, #917 ) ) REPRESENTATION_CONTEXT ( 'NONE', 'WORKASPACE' ) );
#8402 = VERTEX_POINT ( 'NONE', #397 ) ;
#8403 = COLOUR_RGB ( '',1.000000000000000000, 0.7529411764705882248, 0.7529411764705882248 ) ;
#8404 = AXIS2_PLACEMENT_3D ( 'NONE', #3680, #5723, #2004 ) ;
#8405 = CARTESIAN_POINT ( 'NONE',  ( -0.2389999999999998792, -0.5949999999999997513, 0.4799999999999999822 ) ) ;
#8406 = DIRECTION ( 'NONE',  ( 0.000000000000000000, 0.000000000000000000, 1.000000000000000000 ) ) ;
#8407 = UNCERTAINTY_MEASURE_WITH_UNIT (LENGTH_MEASURE( 1.000000000000000082E-05 ), #5831, 'distance_accuracy_value', 'NONE');
#8408 = ORIENTED_EDGE ( 'NONE', *, *, #9675, .F. ) ;
#8409 =( GEOMETRIC_REPRESENTATION_CONTEXT ( 3 ) GLOBAL_UNCERTAINTY_ASSIGNED_CONTEXT ( ( #8433 ) ) GLOBAL_UNIT_ASSIGNED_CONTEXT ( ( #1540, #9117, #2295 ) ) REPRESENTATION_CONTEXT ( 'NONE', 'WORKASPACE' ) );
#8410 = TOROIDAL_SURFACE ( 'NONE', #6458, 0.04999999999999991257, 0.02499999999999996669 ) ;
#8411 = CIRCLE ( 'NONE', #2642, 0.02500000000000002567 ) ;
#8412 = LINE ( 'NONE', #8732, #3511 ) ;
#8413 = AXIS2_PLACEMENT_3D ( 'NONE', #1744, #2560, #4291 ) ;
#8414 =( LENGTH_UNIT ( ) NAMED_UNIT ( * ) SI_UNIT ( .MILLI., .METRE. ) );
#8415 = PRESENTATION_LAYER_ASSIGNMENT (  '', '', ( #3673 ) ) ;
#8416 = DIRECTION ( 'NONE',  ( -1.000000000000000000, -0.000000000000000000, -2.409338161078898194E-16 ) ) ;
#8417 = COLOUR_RGB ( '',0.2509803921568627416, 0.2509803921568627416, 0.2509803921568627416 ) ;
#8418 = AXIS2_PLACEMENT_3D ( 'NONE', #4453, #3741, #2961 ) ;
#8419 =( NAMED_UNIT ( * ) PLANE_ANGLE_UNIT ( ) SI_UNIT ( $, .RADIAN. ) );
#8420 = FACE_OUTER_BOUND ( 'NONE', #5239, .T. ) ;
#8421 = CARTESIAN_POINT ( 'NONE',  ( 0.5499999999999999334, -0.7299999999999984279, 0.5999999999999999778 ) ) ;
#8422 = CIRCLE ( 'NONE', #3631, 0.02500000000000002914 ) ;
#8423 = DIRECTION ( 'NONE',  ( -1.000000000000000000, 0.000000000000000000, 0.000000000000000000 ) ) ;
#8424 = FILL_AREA_STYLE ('',( #61 ) ) ;
#8425 =( NAMED_UNIT ( * ) PLANE_ANGLE_UNIT ( ) SI_UNIT ( $, .RADIAN. ) );
#8426 = EDGE_CURVE ( 'NONE', #2873, #3663, #8102, .T. ) ;
#8427 =( LENGTH_UNIT ( ) NAMED_UNIT ( * ) SI_UNIT ( .MILLI., .METRE. ) );
#8428 = MECHANICAL_DESIGN_GEOMETRIC_PRESENTATION_REPRESENTATION (  '', ( #6371 ), #598 ) ;
#8429 = PRESENTATION_STYLE_ASSIGNMENT (( #3329 ) ) ;
#8430 =( NAMED_UNIT ( * ) SI_UNIT ( $, .STERADIAN. ) SOLID_ANGLE_UNIT ( ) );
#8431 = CYLINDRICAL_SURFACE ( 'NONE', #9640, 0.02500000000000002567 ) ;
#8432 = ORIENTED_EDGE ( 'NONE', *, *, #8584, .F. ) ;
#8433 = UNCERTAINTY_MEASURE_WITH_UNIT (LENGTH_MEASURE( 1.000000000000000082E-05 ), #1540, 'distance_accuracy_value', 'NONE');
#8434 =( NAMED_UNIT ( * ) PLANE_ANGLE_UNIT ( ) SI_UNIT ( $, .RADIAN. ) );
#8435 = CARTESIAN_POINT ( 'NONE',  ( 0.5099632742307173006, -0.2250000000000000056, 0.5999999999999999778 ) ) ;
#8436 = MECHANICAL_DESIGN_GEOMETRIC_PRESENTATION_REPRESENTATION (  '', ( #9013 ), #9446 ) ;
#8437 = ADVANCED_FACE ( 'NONE', ( #1830, #1346 ), #1369, .T. ) ;
#8438 = DIRECTION ( 'NONE',  ( -0.09334070869305828577, 0.000000000000000000, 0.9956342260592880855 ) ) ;
#8439 = DIRECTION ( 'NONE',  ( -0.09334070869305828577, 0.000000000000000000, 0.9956342260592880855 ) ) ;
#8440 = SURFACE_STYLE_FILL_AREA ( #8874 ) ;
#8441 = DIRECTION ( 'NONE',  ( 1.000000000000000000, -0.000000000000000000, 1.548860246407869056E-15 ) ) ;
#8442 = SURFACE_SIDE_STYLE ('',( #2045 ) ) ;
#8443 = CARTESIAN_POINT ( 'NONE',  ( 0.5200000000000000178, -0.7084327450237908330, 0.3999999999999998557 ) ) ;
#8444 = EDGE_CURVE ( 'NONE', #8521, #8521, #2752, .T. ) ;
#8445 = AXIS2_PLACEMENT_3D ( 'NONE', #957, #8562, #3984 ) ;
#8446 = AXIS2_PLACEMENT_3D ( 'NONE', #7392, #5897, #1374 ) ;
#8447 = ORIENTED_EDGE ( 'NONE', *, *, #9581, .F. ) ;
#8448 = AXIS2_PLACEMENT_3D ( 'NONE', #6026, #5784, #5077 ) ;
#8449 = CARTESIAN_POINT ( 'NONE',  ( 1.000000000000000000, -0.7299999999999999822, 0.5999999999999999778 ) ) ;
#8450 = CYLINDRICAL_SURFACE ( 'NONE', #1824, 0.02500000000000006384 ) ;
#8451 =( NAMED_UNIT ( * ) PLANE_ANGLE_UNIT ( ) SI_UNIT ( $, .RADIAN. ) );
#8452 =( LENGTH_UNIT ( ) NAMED_UNIT ( * ) SI_UNIT ( .MILLI., .METRE. ) );
#8453 = DIRECTION ( 'NONE',  ( 1.000000000000000000, 0.000000000000000000, 0.000000000000000000 ) ) ;
#8454 = ORIENTED_EDGE ( 'NONE', *, *, #807, .F. ) ;
#8455 = FILL_AREA_STYLE_COLOUR ( '', #5708 ) ;
#8456 = EDGE_LOOP ( 'NONE', ( #1085 ) ) ;
#8457 = AXIS2_PLACEMENT_3D ( 'NONE', #2159, #693, #5936 ) ;
#8458 = DIRECTION ( 'NONE',  ( 0.5000000000000014433, 0.000000000000000000, -0.8660254037844379305 ) ) ;
#8459 = PRESENTATION_LAYER_ASSIGNMENT (  '', '', ( #311 ) ) ;
#8460 = PRESENTATION_STYLE_ASSIGNMENT (( #42 ) ) ;
#8461 = LINE ( 'NONE', #3234, #8580 ) ;
#8462 = SURFACE_SIDE_STYLE ('',( #2552 ) ) ;
#8463 = PRESENTATION_LAYER_ASSIGNMENT (  '', '', ( #2375 ) ) ;
#8464 = DIRECTION ( 'NONE',  ( 0.000000000000000000, 0.000000000000000000, 1.000000000000000000 ) ) ;
#8465 = ADVANCED_FACE ( 'NONE', ( #9666, #5970 ), #5733, .T. ) ;
#8466 =( GEOMETRIC_REPRESENTATION_CONTEXT ( 3 ) GLOBAL_UNCERTAINTY_ASSIGNED_CONTEXT ( ( #768 ) ) GLOBAL_UNIT_ASSIGNED_CONTEXT ( ( #2848, #5902, #1379 ) ) REPRESENTATION_CONTEXT ( 'NONE', 'WORKASPACE' ) );
#8467 = UNCERTAINTY_MEASURE_WITH_UNIT (LENGTH_MEASURE( 1.000000000000000082E-05 ), #5713, 'distance_accuracy_value', 'NONE');
#8468 = DIRECTION ( 'NONE',  ( 1.000000000000000000, 0.000000000000000000, 0.000000000000000000 ) ) ;
#8469 = DIRECTION ( 'NONE',  ( 1.000000000000000000, 0.000000000000000000, 0.000000000000000000 ) ) ;
#8470 = FILL_AREA_STYLE_COLOUR ( '', #3442 ) ;
#8471 = AXIS2_PLACEMENT_3D ( 'NONE', #9741, #2799, #2867 ) ;
#8472 = ADVANCED_FACE ( 'NONE', ( #3696 ), #1176, .F. ) ;
#8473 =( NAMED_UNIT ( * ) SI_UNIT ( $, .STERADIAN. ) SOLID_ANGLE_UNIT ( ) );
#8474 = EDGE_LOOP ( 'NONE', ( #7137 ) ) ;
#8475 = DIRECTION ( 'NONE',  ( 0.000000000000000000, -1.000000000000000000, 0.000000000000000000 ) ) ;
#8476 = AXIS2_PLACEMENT_3D ( 'NONE', #2097, #2892, #5848 ) ;
#8477 = COLOUR_RGB ( '',1.000000000000000000, 0.7529411764705882248, 0.7529411764705882248 ) ;
#8478 = DIRECTION ( 'NONE',  ( 1.000000000000000000, 0.000000000000000000, 0.000000000000000000 ) ) ;
#8479 = MECHANICAL_DESIGN_GEOMETRIC_PRESENTATION_REPRESENTATION (  '', ( #4445 ), #1368 ) ;
#8480 = COLOUR_RGB ( '',1.000000000000000000, 0.7529411764705882248, 0.7529411764705882248 ) ;
#8481 = DIRECTION ( 'NONE',  ( 0.000000000000000000, 0.3420201433256626067, -0.9396926207859106484 ) ) ;
#8482 = FACE_OUTER_BOUND ( 'NONE', #9355, .T. ) ;
#8483 =( NAMED_UNIT ( * ) PLANE_ANGLE_UNIT ( ) SI_UNIT ( $, .RADIAN. ) );
#8484 = PRESENTATION_STYLE_ASSIGNMENT (( #7999 ) ) ;
#8485 = ADVANCED_FACE ( 'NONE', ( #2645, #396 ), #3015, .T. ) ;
#8486 = DIRECTION ( 'NONE',  ( 0.000000000000000000, 0.000000000000000000, -1.000000000000000000 ) ) ;
#8487 = STYLED_ITEM ( 'NONE', ( #7036 ), #2130 ) ;
#8488 = ORIENTED_EDGE ( 'NONE', *, *, #257, .F. ) ;
#8489 = STYLED_ITEM ( 'NONE', ( #2692 ), #9635 ) ;
#8490 = UNCERTAINTY_MEASURE_WITH_UNIT (LENGTH_MEASURE( 1.000000000000000082E-05 ), #2890, 'distance_accuracy_value', 'NONE');
#8491 = CARTESIAN_POINT ( 'NONE',  ( 0.5203186132900448069, -0.2000000000000000389, -0.4396446609406723938 ) ) ;
#8492 = PRESENTATION_STYLE_ASSIGNMENT (( #166 ) ) ;
#8493 = ORIENTED_EDGE ( 'NONE', *, *, #6698, .T. ) ;
#8494 = SURFACE_STYLE_FILL_AREA ( #418 ) ;
#8495 = SURFACE_STYLE_USAGE ( .BOTH. , #6303 ) ;
#8496 = DIRECTION ( 'NONE',  ( 0.9825750242013554514, -0.1858664085188760362, 0.000000000000000000 ) ) ;
#8497 =( NAMED_UNIT ( * ) PLANE_ANGLE_UNIT ( ) SI_UNIT ( $, .RADIAN. ) );
#8498 = EDGE_LOOP ( 'NONE', ( #2657 ) ) ;
#8499 = PRESENTATION_STYLE_ASSIGNMENT (( #9564 ) ) ;
#8500 =( LENGTH_UNIT ( ) NAMED_UNIT ( * ) SI_UNIT ( .MILLI., .METRE. ) );
#8501 = ORIENTED_EDGE ( 'NONE', *, *, #7211, .T. ) ;
#8502 = EDGE_CURVE ( 'NONE', #8636, #8714, #8713, .T. ) ;
#8503 = DIRECTION ( 'NONE',  ( 0.000000000000000000, 0.000000000000000000, -1.000000000000000000 ) ) ;
#8504 = PLANE ( 'NONE',  #1798 ) ;
#8505 = UNCERTAINTY_MEASURE_WITH_UNIT (LENGTH_MEASURE( 1.000000000000000082E-05 ), #8685, 'distance_accuracy_value', 'NONE');
#8506 =( GEOMETRIC_REPRESENTATION_CONTEXT ( 3 ) GLOBAL_UNCERTAINTY_ASSIGNED_CONTEXT ( ( #4613 ) ) GLOBAL_UNIT_ASSIGNED_CONTEXT ( ( #9620, #6520, #5730 ) ) REPRESENTATION_CONTEXT ( 'NONE', 'WORKASPACE' ) );
#8507 =( NAMED_UNIT ( * ) PLANE_ANGLE_UNIT ( ) SI_UNIT ( $, .RADIAN. ) );
#8508 = CARTESIAN_POINT ( 'NONE',  ( -0.5699999999999997291, -0.8800000000000001155, -0.3999999999999998002 ) ) ;
#8509 = FACE_OUTER_BOUND ( 'NONE', #5371, .T. ) ;
#8510 = CARTESIAN_POINT ( 'NONE',  ( 0.5099632742307173006, -0.6199999999999998845, 0.4500000000000000111 ) ) ;
#8511 = CLOSED_SHELL ( 'NONE', ( #2415, #1699, #5312, #4470, #136, #2467 ) ) ;
#8512 = FILL_AREA_STYLE_COLOUR ( '', #1060 ) ;
#8513 = CYLINDRICAL_SURFACE ( 'NONE', #3119, 0.02500000000000004302 ) ;
#8514 = ORIENTED_EDGE ( 'NONE', *, *, #5205, .T. ) ;
#8515 = LINE ( 'NONE', #8093, #3065 ) ;
#8516 = FILL_AREA_STYLE_COLOUR ( '', #3909 ) ;
#8517 =( NAMED_UNIT ( * ) SI_UNIT ( $, .STERADIAN. ) SOLID_ANGLE_UNIT ( ) );
#8518 = MECHANICAL_DESIGN_GEOMETRIC_PRESENTATION_REPRESENTATION (  '', ( #2426 ), #2770 ) ;
#8519 = DIRECTION ( 'NONE',  ( 1.000000000000000000, 0.000000000000000000, 0.000000000000000000 ) ) ;
#8520 = FACE_OUTER_BOUND ( 'NONE', #2117, .T. ) ;
#8521 = VERTEX_POINT ( 'NONE', #5062 ) ;
#8522 = PRESENTATION_LAYER_ASSIGNMENT (  '', '', ( #5964 ) ) ;
#8523 = DIRECTION ( 'NONE',  ( 0.000000000000000000, -0.000000000000000000, -1.000000000000000000 ) ) ;
#8524 = ADVANCED_FACE ( 'NONE', ( #9425, #4659 ), #6089, .T. ) ;
#8525 = EDGE_LOOP ( 'NONE', ( #9287 ) ) ;
#8526 =( NAMED_UNIT ( * ) SI_UNIT ( $, .STERADIAN. ) SOLID_ANGLE_UNIT ( ) );
#8527 = VERTEX_POINT ( 'NONE', #2621 ) ;
#8528 = COLOUR_RGB ( '',0.7921568627450980005, 0.8196078431372548767, 0.9333333333333333481 ) ;
#8529 = EDGE_LOOP ( 'NONE', ( #850 ) ) ;
#8530 = AXIS2_PLACEMENT_3D ( 'NONE', #6759, #2139, #4310 ) ;
#8531 = EDGE_CURVE ( 'NONE', #210, #210, #1608, .T. ) ;
#8532 = AXIS2_PLACEMENT_3D ( 'NONE', #3098, #3831, #9826 ) ;
#8533 = FILL_AREA_STYLE_COLOUR ( '', #2005 ) ;
#8534 = UNCERTAINTY_MEASURE_WITH_UNIT (LENGTH_MEASURE( 1.000000000000000082E-05 ), #7261, 'distance_accuracy_value', 'NONE');
#8535 = DIRECTION ( 'NONE',  ( 1.000000000000000000, 0.000000000000000000, 0.000000000000000000 ) ) ;
#8536 = FACE_OUTER_BOUND ( 'NONE', #4556, .T. ) ;
#8537 = FACE_OUTER_BOUND ( 'NONE', #7345, .T. ) ;
#8538 = FILL_AREA_STYLE ('',( #4481 ) ) ;
#8539 = ORIENTED_EDGE ( 'NONE', *, *, #5314, .F. ) ;
#8540 = CARTESIAN_POINT ( 'NONE',  ( -0.3249999999999999556, -0.5949999999999997513, 0.4799999999999999822 ) ) ;
#8541 = AXIS2_PLACEMENT_3D ( 'NONE', #4798, #279, #5570 ) ;
#8542 = VERTEX_POINT ( 'NONE', #4995 ) ;
#8543 = DIRECTION ( 'NONE',  ( -1.000000000000000000, -0.000000000000000000, -0.000000000000000000 ) ) ;
#8544 = ADVANCED_FACE ( 'NONE', ( #1358, #5369 ), #5855, .T. ) ;
#8545 = SURFACE_SIDE_STYLE ('',( #4204 ) ) ;
#8546 = PRESENTATION_LAYER_ASSIGNMENT (  '', '', ( #584 ) ) ;
#8547 = CARTESIAN_POINT ( 'NONE',  ( 1.000000000000000444, -0.7299999999999999822, -0.1999999999999999278 ) ) ;
#8548 = EDGE_LOOP ( 'NONE', ( #8689 ) ) ;
#8549 = MECHANICAL_DESIGN_GEOMETRIC_PRESENTATION_REPRESENTATION (  '', ( #7732 ), #8359 ) ;
#8550 = DIRECTION ( 'NONE',  ( -1.000000000000000000, 0.000000000000000000, 0.000000000000000000 ) ) ;
#8551 = PRESENTATION_LAYER_ASSIGNMENT (  '', '', ( #404 ) ) ;
#8552 = FACE_OUTER_BOUND ( 'NONE', #9059, .T. ) ;
#8553 = SURFACE_SIDE_STYLE ('',( #8122 ) ) ;
#8554 = PRESENTATION_STYLE_ASSIGNMENT (( #1492 ) ) ;
#8555 = SURFACE_STYLE_FILL_AREA ( #2031 ) ;
#8556 = DIRECTION ( 'NONE',  ( 0.9825750242013554514, -0.1858664085188761472, 0.000000000000000000 ) ) ;
#8557 = UNCERTAINTY_MEASURE_WITH_UNIT (LENGTH_MEASURE( 1.000000000000000082E-05 ), #3172, 'distance_accuracy_value', 'NONE');
#8558 = CARTESIAN_POINT ( 'NONE',  ( -0.1536670354346539313, -0.6449999999999996847, -0.4302182886970357112 ) ) ;
#8559 = EDGE_CURVE ( 'NONE', #4696, #4696, #6685, .T. ) ;
#8560 = EDGE_LOOP ( 'NONE', ( #4864 ) ) ;
#8561 = AXIS2_PLACEMENT_3D ( 'NONE', #1849, #8600, #7955 ) ;
#8562 = DIRECTION ( 'NONE',  ( 1.000000000000000000, 0.000000000000000000, -0.000000000000000000 ) ) ;
#8563 = SURFACE_SIDE_STYLE ('',( #1275 ) ) ;
#8564 = AXIS2_PLACEMENT_3D ( 'NONE', #1572, #6847, #8376 ) ;
#8565 = CARTESIAN_POINT ( 'NONE',  ( -0.04266703543465279885, -0.6449999999999997957, -0.4302182886970356557 ) ) ;
#8566 = SURFACE_SIDE_STYLE ('',( #729 ) ) ;
#8567 = ORIENTED_EDGE ( 'NONE', *, *, #4626, .T. ) ;
#8568 = DIRECTION ( 'NONE',  ( 0.000000000000000000, 0.000000000000000000, -1.000000000000000000 ) ) ;
#8569 = MECHANICAL_DESIGN_GEOMETRIC_PRESENTATION_REPRESENTATION (  '', ( #6656 ), #3781 ) ;
#8570 = FACE_OUTER_BOUND ( 'NONE', #1180, .T. ) ;
#8571 = DIRECTION ( 'NONE',  ( 0.000000000000000000, 0.000000000000000000, -1.000000000000000000 ) ) ;
#8572 = ORIENTED_EDGE ( 'NONE', *, *, #9794, .T. ) ;
#8573 = FILL_AREA_STYLE_COLOUR ( '', #4491 ) ;
#8574 = AXIS2_PLACEMENT_3D ( 'NONE', #4164, #5742, #8872 ) ;
#8575 =( NAMED_UNIT ( * ) SI_UNIT ( $, .STERADIAN. ) SOLID_ANGLE_UNIT ( ) );
#8576 = VECTOR ( 'NONE', #1594, 1000.000000000000000 ) ;
#8577 = FACE_OUTER_BOUND ( 'NONE', #7731, .T. ) ;
#8578 = DIRECTION ( 'NONE',  ( 0.000000000000000000, 0.000000000000000000, -1.000000000000000000 ) ) ;
#8579 = COLOUR_RGB ( '',1.000000000000000000, 0.7529411764705882248, 0.7529411764705882248 ) ;
#8580 = VECTOR ( 'NONE', #253, 1000.000000000000000 ) ;
#8581 = SURFACE_STYLE_FILL_AREA ( #2822 ) ;
#8582 = ORIENTED_EDGE ( 'NONE', *, *, #5493, .F. ) ;
#8583 = LINE ( 'NONE', #1576, #7271 ) ;
#8584 = EDGE_CURVE ( 'NONE', #2680, #2680, #5960, .T. ) ;
#8585 = UNCERTAINTY_MEASURE_WITH_UNIT (LENGTH_MEASURE( 1.000000000000000082E-05 ), #1265, 'distance_accuracy_value', 'NONE');
#8586 = SURFACE_SIDE_STYLE ('',( #9089 ) ) ;
#8587 = FILL_AREA_STYLE ('',( #5524 ) ) ;
#8588 = COLOUR_RGB ( '',1.000000000000000000, 0.7529411764705882248, 0.7529411764705882248 ) ;
#8589 = LINE ( 'NONE', #5882, #4413 ) ;
#8590 = CARTESIAN_POINT ( 'NONE',  ( 0.09866703543465298043, -0.5949999999999997513, 0.4302182886970356002 ) ) ;
#8591 = SURFACE_SIDE_STYLE ('',( #1319 ) ) ;
#8592 = MECHANICAL_DESIGN_GEOMETRIC_PRESENTATION_REPRESENTATION (  '', ( #9606 ), #7881 ) ;
#8593 = ADVANCED_FACE ( 'NONE', ( #2879, #383 ), #752, .T. ) ;
#8594 = CARTESIAN_POINT ( 'NONE',  ( -0.5499999999999999334, -0.7299999999999999822, -0.5999999999999999778 ) ) ;
#8595 = LINE ( 'NONE', #5288, #1619 ) ;
#8596 = ORIENTED_EDGE ( 'NONE', *, *, #3586, .T. ) ;
#8597 = FACE_OUTER_BOUND ( 'NONE', #9127, .T. ) ;
#8598 = SURFACE_STYLE_USAGE ( .BOTH. , #887 ) ;
#8599 = COLOUR_RGB ( '',1.000000000000000000, 0.7529411764705882248, 0.7529411764705882248 ) ;
#8600 = DIRECTION ( 'NONE',  ( 0.000000000000000000, 1.000000000000000000, 0.000000000000000000 ) ) ;
#8601 = SURFACE_SIDE_STYLE ('',( #722 ) ) ;
#8602 = TOROIDAL_SURFACE ( 'NONE', #1503, 0.05000000000000002359, 0.02500000000000002914 ) ;
#8603 = AXIS2_PLACEMENT_3D ( 'NONE', #3768, #4536, #9 ) ;
#8604 = ORIENTED_EDGE ( 'NONE', *, *, #439, .F. ) ;
#8605 = CARTESIAN_POINT ( 'NONE',  ( 0.4350000000000000533, -0.2799999999999999711, 0.4299999999999999933 ) ) ;
#8606 =( LENGTH_UNIT ( ) NAMED_UNIT ( * ) SI_UNIT ( .MILLI., .METRE. ) );
#8607 = PRESENTATION_LAYER_ASSIGNMENT (  '', '', ( #8284 ) ) ;
#8608 = ORIENTED_EDGE ( 'NONE', *, *, #231, .F. ) ;
#8609 =( LENGTH_UNIT ( ) NAMED_UNIT ( * ) SI_UNIT ( .MILLI., .METRE. ) );
#8610 = STYLED_ITEM ( 'NONE', ( #3352 ), #8465 ) ;
#8611 =( GEOMETRIC_REPRESENTATION_CONTEXT ( 3 ) GLOBAL_UNCERTAINTY_ASSIGNED_CONTEXT ( ( #1194 ) ) GLOBAL_UNIT_ASSIGNED_CONTEXT ( ( #8388, #3095, #3755 ) ) REPRESENTATION_CONTEXT ( 'NONE', 'WORKASPACE' ) );
#8612 = CARTESIAN_POINT ( 'NONE',  ( 0.5099632742307173006, -0.6199999999999998845, 0.5999999999999999778 ) ) ;
#8613 = COLOUR_RGB ( '',0.2509803921568627416, 0.2509803921568627416, 0.2509803921568627416 ) ;
#8614 = DIRECTION ( 'NONE',  ( 0.000000000000000000, 0.000000000000000000, 1.000000000000000000 ) ) ;
#8615 = ORIENTED_EDGE ( 'NONE', *, *, #3467, .F. ) ;
#8616 = SURFACE_STYLE_USAGE ( .BOTH. , #7902 ) ;
#8617 = CIRCLE ( 'NONE', #2530, 0.02500000000000003608 ) ;
#8618 = CARTESIAN_POINT ( 'NONE',  ( 0.9750000000000001998, -0.1999999999999999833, -0.5749999999999998446 ) ) ;
#8619 = FACE_OUTER_BOUND ( 'NONE', #7294, .T. ) ;
#8620 = CIRCLE ( 'NONE', #4577, 0.02499999999999993894 ) ;
#8621 = STYLED_ITEM ( 'NONE', ( #3559 ), #2241 ) ;
#8622 = ORIENTED_EDGE ( 'NONE', *, *, #6728, .T. ) ;
#8623 = DIRECTION ( 'NONE',  ( 0.9825750242013555624, -0.1858664085188759807, 0.000000000000000000 ) ) ;
#8624 = DIRECTION ( 'NONE',  ( 0.000000000000000000, 0.000000000000000000, 1.000000000000000000 ) ) ;
#8625 = COLOUR_RGB ( '',0.2509803921568627416, 0.2509803921568627416, 0.2509803921568627416 ) ;
#8626 = FACE_OUTER_BOUND ( 'NONE', #846, .T. ) ;
#8627 = DIRECTION ( 'NONE',  ( -1.000000000000000000, -0.000000000000000000, -0.000000000000000000 ) ) ;
#8628 = ORIENTED_EDGE ( 'NONE', *, *, #5082, .T. ) ;
#8629 = SURFACE_STYLE_FILL_AREA ( #7176 ) ;
#8630 = CARTESIAN_POINT ( 'NONE',  ( 0.3450000000000001399, -0.2750000000000000777, -0.4299999999999999378 ) ) ;
#8631 = VERTEX_POINT ( 'NONE', #531 ) ;
#8632 = DIRECTION ( 'NONE',  ( -1.000000000000000000, 0.000000000000000000, 0.000000000000000000 ) ) ;
#8633 = EDGE_CURVE ( 'NONE', #3472, #6342, #8589, .T. ) ;
#8634 = FILL_AREA_STYLE ('',( #1685 ) ) ;
#8635 = STYLED_ITEM ( 'NONE', ( #7885 ), #3117 ) ;
#8636 = VERTEX_POINT ( 'NONE', #1318 ) ;
#8637 = ADVANCED_FACE ( 'NONE', ( #1714 ), #3627, .F. ) ;
#8638 = SURFACE_STYLE_FILL_AREA ( #2666 ) ;
#8639 = DIRECTION ( 'NONE',  ( 0.000000000000000000, 0.000000000000000000, 1.000000000000000000 ) ) ;
#8640 = CARTESIAN_POINT ( 'NONE',  ( 0.1431151523678630133, -0.6426664822826733126, -0.4278949585905497122 ) ) ;
#8641 = ORIENTED_EDGE ( 'NONE', *, *, #4109, .T. ) ;
#8642 = PRESENTATION_STYLE_ASSIGNMENT (( #7252 ) ) ;
#8643 = VERTEX_POINT ( 'NONE', #5736 ) ;
#8644 = DIRECTION ( 'NONE',  ( -0.9396926207859060964, -0.3420201433256752077, 0.000000000000000000 ) ) ;
#8645 = DIRECTION ( 'NONE',  ( 0.000000000000000000, -0.9396926207859105373, 0.3420201433256628287 ) ) ;
#8646 = PRESENTATION_LAYER_ASSIGNMENT (  '', '', ( #6870 ) ) ;
#8647 =( GEOMETRIC_REPRESENTATION_CONTEXT ( 3 ) GLOBAL_UNCERTAINTY_ASSIGNED_CONTEXT ( ( #1680 ) ) GLOBAL_UNIT_ASSIGNED_CONTEXT ( ( #7791, #9325, #5323 ) ) REPRESENTATION_CONTEXT ( 'NONE', 'WORKASPACE' ) );
#8648 = FILL_AREA_STYLE_COLOUR ( '', #2436 ) ;
#8649 = CIRCLE ( 'NONE', #928, 0.02500000000000003955 ) ;
#8650 = MECHANICAL_DESIGN_GEOMETRIC_PRESENTATION_REPRESENTATION (  '', ( #9479 ), #6936 ) ;
#8651 = LINE ( 'NONE', #1982, #5805 ) ;
#8652 = UNCERTAINTY_MEASURE_WITH_UNIT (LENGTH_MEASURE( 1.000000000000000082E-05 ), #5396, 'distance_accuracy_value', 'NONE');
#8653 = PRESENTATION_STYLE_ASSIGNMENT (( #9548 ) ) ;
#8654 =( GEOMETRIC_REPRESENTATION_CONTEXT ( 3 ) GLOBAL_UNCERTAINTY_ASSIGNED_CONTEXT ( ( #7939 ) ) GLOBAL_UNIT_ASSIGNED_CONTEXT ( ( #1539, #6882, #7595 ) ) REPRESENTATION_CONTEXT ( 'NONE', 'WORKASPACE' ) );
#8655 = DIRECTION ( 'NONE',  ( 6.247754799383453610E-17, 0.3870446511820516133, 0.9220609730334344833 ) ) ;
#8656 = EDGE_LOOP ( 'NONE', ( #6713 ) ) ;
#8657 = EDGE_CURVE ( 'NONE', #5027, #7704, #8956, .T. ) ;
#8658 = DIRECTION ( 'NONE',  ( 1.000000000000000000, 0.000000000000000000, 6.023345402697245486E-17 ) ) ;
#8659 = PRESENTATION_LAYER_ASSIGNMENT (  '', '', ( #4949 ) ) ;
#8660 = PLANE ( 'NONE',  #7443 ) ;
#8661 = STYLED_ITEM ( 'NONE', ( #3122 ), #8317 ) ;
#8662 = CARTESIAN_POINT ( 'NONE',  ( 0.5099632742307174116, -0.2103553390593273786, -0.5999999999999998668 ) ) ;
#8663 = SURFACE_STYLE_FILL_AREA ( #3372 ) ;
#8664 = CARTESIAN_POINT ( 'NONE',  ( -0.2099999999999999090, -0.2250000000000000611, -0.4299999999999999933 ) ) ;
#8665 = CARTESIAN_POINT ( 'NONE',  ( -0.2749999999999999112, -0.2250000000000000611, 0.4299999999999999378 ) ) ;
#8666 = SURFACE_STYLE_FILL_AREA ( #5958 ) ;
#8667 = ORIENTED_EDGE ( 'NONE', *, *, #7198, .F. ) ;
#8668 =( LENGTH_UNIT ( ) NAMED_UNIT ( * ) SI_UNIT ( .MILLI., .METRE. ) );
#8669 = EDGE_CURVE ( 'NONE', #6475, #6475, #8347, .T. ) ;
#8670 = SURFACE_STYLE_FILL_AREA ( #940 ) ;
#8671 = FILL_AREA_STYLE ('',( #8573 ) ) ;
#8672 = STYLED_ITEM ( 'NONE', ( #4681 ), #1901 ) ;
#8673 = FILL_AREA_STYLE ('',( #1751 ) ) ;
#8674 = AXIS2_PLACEMENT_3D ( 'NONE', #6880, #8406, #7625 ) ;
#8675 = PRESENTATION_STYLE_ASSIGNMENT (( #5164 ) ) ;
#8676 = DIRECTION ( 'NONE',  ( -0.9956342260592881965, -0.000000000000000000, -0.09334070869305721718 ) ) ;
#8677 = UNCERTAINTY_MEASURE_WITH_UNIT (LENGTH_MEASURE( 1.000000000000000082E-05 ), #490, 'distance_accuracy_value', 'NONE');
#8678 = UNCERTAINTY_MEASURE_WITH_UNIT (LENGTH_MEASURE( 1.000000000000000082E-05 ), #5342, 'distance_accuracy_value', 'NONE');
#8679 = EDGE_LOOP ( 'NONE', ( #2919 ) ) ;
#8680 = LINE ( 'NONE', #6753, #4025 ) ;
#8681 = SURFACE_STYLE_FILL_AREA ( #6417 ) ;
#8682 = DIRECTION ( 'NONE',  ( 0.000000000000000000, 0.000000000000000000, 1.000000000000000000 ) ) ;
#8683 = PRESENTATION_STYLE_ASSIGNMENT (( #5595 ) ) ;
#8684 = LINE ( 'NONE', #5874, #8090 ) ;
#8685 =( LENGTH_UNIT ( ) NAMED_UNIT ( * ) SI_UNIT ( .MILLI., .METRE. ) );
#8686 = EDGE_CURVE ( 'NONE', #4464, #4464, #4759, .T. ) ;
#8687 = PRESENTATION_STYLE_ASSIGNMENT (( #7320 ) ) ;
#8688 = AXIS2_PLACEMENT_3D ( 'NONE', #3929, #4697, #929 ) ;
#8689 = ORIENTED_EDGE ( 'NONE', *, *, #1487, .T. ) ;
#8690 = FILL_AREA_STYLE_COLOUR ( '', #6691 ) ;
#8691 = ORIENTED_EDGE ( 'NONE', *, *, #885, .F. ) ;
#8692 = CARTESIAN_POINT ( 'NONE',  ( -0.2099999999999999090, -0.2750000000000000777, -0.4299999999999999378 ) ) ;
#8693 = VECTOR ( 'NONE', #9601, 1000.000000000000000 ) ;
#8694 = DIRECTION ( 'NONE',  ( 1.000000000000000000, 0.000000000000000000, -0.000000000000000000 ) ) ;
#8695 = COLOUR_RGB ( '',1.000000000000000000, 0.7529411764705882248, 0.7529411764705882248 ) ;
#8696 = COLOUR_RGB ( '',1.000000000000000000, 0.7529411764705882248, 0.7529411764705882248 ) ;
#8697 = CARTESIAN_POINT ( 'NONE',  ( -1.000000000000000000, -0.7299999999999999822, 0.5999999999999999778 ) ) ;
#8698 = EDGE_LOOP ( 'NONE', ( #1352 ) ) ;
#8699 = CARTESIAN_POINT ( 'NONE',  ( 0.09756437560503398998, -0.2296466602129719481, -0.3799999999999999489 ) ) ;
#8700 = AXIS2_PLACEMENT_3D ( 'NONE', #6251, #6191, #7011 ) ;
#8701 = FACE_OUTER_BOUND ( 'NONE', #5289, .T. ) ;
#8702 = DIRECTION ( 'NONE',  ( 0.9825750242013555624, -0.1858664085188759807, 0.000000000000000000 ) ) ;
#8703 = AXIS2_PLACEMENT_3D ( 'NONE', #8257, #7495, #9780 ) ;
#8704 = PRESENTATION_STYLE_ASSIGNMENT (( #2840 ) ) ;
#8705 = AXIS2_PLACEMENT_3D ( 'NONE', #6842, #4500, #1654 ) ;
#8706 = DIRECTION ( 'NONE',  ( -0.000000000000000000, 1.000000000000000000, -0.000000000000000000 ) ) ;
#8707 = ORIENTED_EDGE ( 'NONE', *, *, #7824, .F. ) ;
#8708 = FILL_AREA_STYLE_COLOUR ( '', #8588 ) ;
#8709 = LINE ( 'NONE', #7668, #4658 ) ;
#8710 = UNCERTAINTY_MEASURE_WITH_UNIT (LENGTH_MEASURE( 1.000000000000000082E-05 ), #9651, 'distance_accuracy_value', 'NONE');
#8711 = CARTESIAN_POINT ( 'NONE',  ( -0.2953329645653470226, -0.5949999999999997513, 0.4302182886970356002 ) ) ;
#8712 = ADVANCED_FACE ( 'NONE', ( #745 ), #9018, .T. ) ;
#8713 = LINE ( 'NONE', #8812, #6695 ) ;
#8714 = VERTEX_POINT ( 'NONE', #7371 ) ;
#8715 = VERTEX_POINT ( 'NONE', #735 ) ;
#8716 = ADVANCED_FACE ( 'NONE', ( #9523, #4522 ), #1479, .T. ) ;
#8717 = EDGE_CURVE ( 'NONE', #1879, #1879, #4039, .T. ) ;
#8718 =( GEOMETRIC_REPRESENTATION_CONTEXT ( 3 ) GLOBAL_UNCERTAINTY_ASSIGNED_CONTEXT ( ( #2110 ) ) GLOBAL_UNIT_ASSIGNED_CONTEXT ( ( #798, #1521, #6868 ) ) REPRESENTATION_CONTEXT ( 'NONE', 'WORKASPACE' ) );
#8719 =( NAMED_UNIT ( * ) PLANE_ANGLE_UNIT ( ) SI_UNIT ( $, .RADIAN. ) );
#8720 = STYLED_ITEM ( 'NONE', ( #767 ), #7715 ) ;
#8721 = STYLED_ITEM ( 'NONE', ( #667 ), #5747 ) ;
#8722 =( NAMED_UNIT ( * ) PLANE_ANGLE_UNIT ( ) SI_UNIT ( $, .RADIAN. ) );
#8723 = ORIENTED_EDGE ( 'NONE', *, *, #2606, .F. ) ;
#8724 = COLOUR_RGB ( '',1.000000000000000000, 0.7529411764705882248, 0.7529411764705882248 ) ;
#8725 = DIRECTION ( 'NONE',  ( 0.000000000000000000, 0.000000000000000000, -1.000000000000000000 ) ) ;
#8726 = EDGE_LOOP ( 'NONE', ( #3666 ) ) ;
#8727 = SURFACE_STYLE_FILL_AREA ( #1900 ) ;
#8728 = DIRECTION ( 'NONE',  ( -1.000000000000000000, 0.000000000000000000, 0.000000000000000000 ) ) ;
#8729 = CARTESIAN_POINT ( 'NONE',  ( 0.2950000000000001510, -0.5949999999999998623, -0.4799999999999999267 ) ) ;
#8730 = ADVANCED_FACE ( 'NONE', ( #3449 ), #3838, .T. ) ;
#8731 = SURFACE_SIDE_STYLE ('',( #486 ) ) ;
#8732 = CARTESIAN_POINT ( 'NONE',  ( 0.5612833708711251202, -0.7610008066837464780, -0.2112833708711240877 ) ) ;
#8733 = CARTESIAN_POINT ( 'NONE',  ( 0.1475643756050340483, -0.2296466602129719481, -0.3799999999999999489 ) ) ;
#8734 = SURFACE_SIDE_STYLE ('',( #8891 ) ) ;
#8735 =( NAMED_UNIT ( * ) SI_UNIT ( $, .STERADIAN. ) SOLID_ANGLE_UNIT ( ) );
#8736 = AXIS2_PLACEMENT_3D ( 'NONE', #8729, #4021, #6313 ) ;
#8737 = UNCERTAINTY_MEASURE_WITH_UNIT (LENGTH_MEASURE( 1.000000000000000082E-05 ), #5910, 'distance_accuracy_value', 'NONE');
#8738 = ORIENTED_EDGE ( 'NONE', *, *, #4797, .T. ) ;
#8739 =( GEOMETRIC_REPRESENTATION_CONTEXT ( 3 ) GLOBAL_UNCERTAINTY_ASSIGNED_CONTEXT ( ( #5939 ) ) GLOBAL_UNIT_ASSIGNED_CONTEXT ( ( #5585, #6513, #2039 ) ) REPRESENTATION_CONTEXT ( 'NONE', 'WORKASPACE' ) );
#8740 = CARTESIAN_POINT ( 'NONE',  ( -0.1843329645653470350, -0.5949999999999997513, 0.4302182886970356002 ) ) ;
#8741 =( NAMED_UNIT ( * ) PLANE_ANGLE_UNIT ( ) SI_UNIT ( $, .RADIAN. ) );
#8742 = SURFACE_STYLE_USAGE ( .BOTH. , #3464 ) ;
#8743 = SURFACE_STYLE_USAGE ( .BOTH. , #1244 ) ;
#8744 = SURFACE_SIDE_STYLE ('',( #167 ) ) ;
#8745 = EDGE_LOOP ( 'NONE', ( #3156 ) ) ;
#8746 = ADVANCED_FACE ( 'NONE', ( #8823, #2743 ), #479, .T. ) ;
#8747 = FILL_AREA_STYLE ('',( #1994 ) ) ;
#8748 = CYLINDRICAL_SURFACE ( 'NONE', #6900, 0.02500000000000002914 ) ;
#8749 = ORIENTED_EDGE ( 'NONE', *, *, #7281, .F. ) ;
#8750 = CARTESIAN_POINT ( 'NONE',  ( -0.2343329645653469961, -0.6449999999999996847, 0.4302182886970357112 ) ) ;
#8751 = STYLED_ITEM ( 'NONE', ( #2069 ), #2266 ) ;
#8752 = DIRECTION ( 'NONE',  ( -1.000000000000000000, -0.000000000000000000, -0.000000000000000000 ) ) ;
#8753 = TOROIDAL_SURFACE ( 'NONE', #5003, 0.05000000000000002359, 0.02500000000000002914 ) ;
#8754 = SURFACE_SIDE_STYLE ('',( #4674 ) ) ;
#8755 = VERTEX_POINT ( 'NONE', #5337 ) ;
#8756 = COLOUR_RGB ( '',1.000000000000000000, 1.000000000000000000, 1.000000000000000000 ) ;
#8757 = SURFACE_SIDE_STYLE ('',( #8727 ) ) ;
#8758 = MECHANICAL_DESIGN_GEOMETRIC_PRESENTATION_REPRESENTATION (  '', ( #5182 ), #1655 ) ;
#8759 = VERTEX_POINT ( 'NONE', #7293 ) ;
#8760 = CYLINDRICAL_SURFACE ( 'NONE', #3404, 0.02499999999999995628 ) ;
#8761 = SURFACE_STYLE_USAGE ( .BOTH. , #3420 ) ;
#8762 =( NAMED_UNIT ( * ) SI_UNIT ( $, .STERADIAN. ) SOLID_ANGLE_UNIT ( ) );
#8763 = EDGE_CURVE ( 'NONE', #3726, #3726, #4402, .T. ) ;
#8764 = COLOUR_RGB ( '',0.2509803921568627416, 0.2509803921568627416, 0.2509803921568627416 ) ;
#8765 =( NAMED_UNIT ( * ) PLANE_ANGLE_UNIT ( ) SI_UNIT ( $, .RADIAN. ) );
#8766 = AXIS2_PLACEMENT_3D ( 'NONE', #5434, #5500, #6202 ) ;
#8767 = FILL_AREA_STYLE_COLOUR ( '', #8883 ) ;
#8768 = MECHANICAL_DESIGN_GEOMETRIC_PRESENTATION_REPRESENTATION (  '', ( #8250 ), #9456 ) ;
#8769 = EDGE_LOOP ( 'NONE', ( #9659 ) ) ;
#8770 = DIRECTION ( 'NONE',  ( 0.000000000000000000, 0.000000000000000000, -1.000000000000000000 ) ) ;
#8771 = VERTEX_POINT ( 'NONE', #7893 ) ;
#8772 = FACE_OUTER_BOUND ( 'NONE', #183, .T. ) ;
#8773 = VECTOR ( 'NONE', #9016, 1000.000000000000000 ) ;
#8774 = ORIENTED_EDGE ( 'NONE', *, *, #1845, .T. ) ;
#8775 = CARTESIAN_POINT ( 'NONE',  ( 0.2800000000000001377, -0.2750000000000000777, 0.4799999999999999822 ) ) ;
#8776 =( GEOMETRIC_REPRESENTATION_CONTEXT ( 3 ) GLOBAL_UNCERTAINTY_ASSIGNED_CONTEXT ( ( #9838 ) ) GLOBAL_UNIT_ASSIGNED_CONTEXT ( ( #6527, #528, #2825 ) ) REPRESENTATION_CONTEXT ( 'NONE', 'WORKASPACE' ) );
#8777 = CARTESIAN_POINT ( 'NONE',  ( 0.4522282473117545387, -0.2000000000000000111, 0.4999999999999998890 ) ) ;
#8778 =( NAMED_UNIT ( * ) SI_UNIT ( $, .STERADIAN. ) SOLID_ANGLE_UNIT ( ) );
#8779 = EDGE_LOOP ( 'NONE', ( #5048 ) ) ;
#8780 =( NAMED_UNIT ( * ) PLANE_ANGLE_UNIT ( ) SI_UNIT ( $, .RADIAN. ) );
#8781 = FILL_AREA_STYLE_COLOUR ( '', #1434 ) ;
#8782 = DIRECTION ( 'NONE',  ( -0.5000000000000014433, 0.000000000000000000, -0.8660254037844379305 ) ) ;
#8783 = PRESENTATION_LAYER_ASSIGNMENT (  '', '', ( #9101 ) ) ;
#8784 =( NAMED_UNIT ( * ) SI_UNIT ( $, .STERADIAN. ) SOLID_ANGLE_UNIT ( ) );
#8785 = EDGE_CURVE ( 'NONE', #4315, #8755, #7970, .T. ) ;
#8786 = DIRECTION ( 'NONE',  ( 0.09334070869305829965, 0.000000000000000000, -0.9956342260592883076 ) ) ;
#8787 = PRESENTATION_LAYER_ASSIGNMENT (  '', '', ( #7107 ) ) ;
#8788 = AXIS2_PLACEMENT_3D ( 'NONE', #9721, #6892, #4551 ) ;
#8789 = ORIENTED_EDGE ( 'NONE', *, *, #5187, .F. ) ;
#8790 = DIRECTION ( 'NONE',  ( 1.000000000000000000, 0.000000000000000000, -0.000000000000000000 ) ) ;
#8791 = CIRCLE ( 'NONE', #5479, 0.02499999999999995628 ) ;
#8792 = CARTESIAN_POINT ( 'NONE',  ( -0.5099632742307173006, -0.6199999999999998845, -0.5999999999999999778 ) ) ;
#8793 =( GEOMETRIC_REPRESENTATION_CONTEXT ( 3 ) GLOBAL_UNCERTAINTY_ASSIGNED_CONTEXT ( ( #2255 ) ) GLOBAL_UNIT_ASSIGNED_CONTEXT ( ( #5264, #5930, #6961 ) ) REPRESENTATION_CONTEXT ( 'NONE', 'WORKASPACE' ) );
#8794 = DIRECTION ( 'NONE',  ( 0.000000000000000000, 0.000000000000000000, 1.000000000000000000 ) ) ;
#8795 = FACE_OUTER_BOUND ( 'NONE', #440, .T. ) ;
#8796 = PRESENTATION_LAYER_ASSIGNMENT (  '', '', ( #3478 ) ) ;
#8797 = ADVANCED_FACE ( 'NONE', ( #1939, #2420 ), #2732, .T. ) ;
#8798 = SURFACE_STYLE_USAGE ( .BOTH. , #5129 ) ;
#8799 = PRESENTATION_STYLE_ASSIGNMENT (( #3281 ) ) ;
#8800 = AXIS2_PLACEMENT_3D ( 'NONE', #4436, #7338, #4535 ) ;
#8801 = FILL_AREA_STYLE ('',( #4187 ) ) ;
#8802 = DIRECTION ( 'NONE',  ( 1.000000000000000000, 0.000000000000000000, 0.000000000000000000 ) ) ;
#8803 =( GEOMETRIC_REPRESENTATION_CONTEXT ( 3 ) GLOBAL_UNCERTAINTY_ASSIGNED_CONTEXT ( ( #348 ) ) GLOBAL_UNIT_ASSIGNED_CONTEXT ( ( #6762, #6467, #7203 ) ) REPRESENTATION_CONTEXT ( 'NONE', 'WORKASPACE' ) );
#8804 = CARTESIAN_POINT ( 'NONE',  ( -0.9750000000000000888, -0.1999999999999999833, 0.5749999999999999556 ) ) ;
#8805 = CARTESIAN_POINT ( 'NONE',  ( 0.03656437560503399825, -0.5949999999999998623, -0.4753533397870280952 ) ) ;
#8806 = LINE ( 'NONE', #6526, #4741 ) ;
#8807 = CARTESIAN_POINT ( 'NONE',  ( -0.7750000000000001332, -0.9249999999999999334, 0.4000000000000004663 ) ) ;
#8808 = DIRECTION ( 'NONE',  ( -4.336808689942025625E-15, 0.000000000000000000, -1.000000000000000000 ) ) ;
#8809 = CARTESIAN_POINT ( 'NONE',  ( -0.1843329645653470350, -0.6449999999999997957, 0.4302182886970357112 ) ) ;
#8810 =( NAMED_UNIT ( * ) SI_UNIT ( $, .STERADIAN. ) SOLID_ANGLE_UNIT ( ) );
#8811 = PRESENTATION_LAYER_ASSIGNMENT (  '', '', ( #8487 ) ) ;
#8812 = CARTESIAN_POINT ( 'NONE',  ( -0.5499999999999999334, -0.6199999999999998845, 0.4249999999999999889 ) ) ;
#8813 = SURFACE_STYLE_USAGE ( .BOTH. , #5783 ) ;
#8814 = FACE_OUTER_BOUND ( 'NONE', #6125, .T. ) ;
#8815 = SURFACE_SIDE_STYLE ('',( #5366 ) ) ;
#8816 = FILL_AREA_STYLE_COLOUR ( '', #3314 ) ;
#8817 = VECTOR ( 'NONE', #7022, 999.9999999999998863 ) ;
#8818 = CARTESIAN_POINT ( 'NONE',  ( 1.000000000000000000, -0.7299999999999999822, 0.5999999999999999778 ) ) ;
#8819 = EDGE_LOOP ( 'NONE', ( #6076, #820, #7774, #4894, #3273 ) ) ;
#8820 = LINE ( 'NONE', #4507, #2876 ) ;
#8821 = CARTESIAN_POINT ( 'NONE',  ( 0.9896446609406728268, -0.2000000000000000389, -0.5896446609406724715 ) ) ;
#8822 = EDGE_CURVE ( 'NONE', #7178, #7178, #3917, .T. ) ;
#8823 = FACE_OUTER_BOUND ( 'NONE', #1797, .T. ) ;
#8824 = SURFACE_SIDE_STYLE ('',( #4460 ) ) ;
#8825 = STYLED_ITEM ( 'NONE', ( #5642 ), #2986 ) ;
#8826 = FILL_AREA_STYLE ('',( #5893 ) ) ;
#8827 = DIRECTION ( 'NONE',  ( -0.000000000000000000, -0.000000000000000000, -1.000000000000000000 ) ) ;
#8828 =( LENGTH_UNIT ( ) NAMED_UNIT ( * ) SI_UNIT ( .MILLI., .METRE. ) );
#8829 = EDGE_LOOP ( 'NONE', ( #4632 ) ) ;
#8830 = DIRECTION ( 'NONE',  ( 1.000000000000000000, 0.000000000000000000, -2.168404344971010446E-15 ) ) ;
#8831 = CARTESIAN_POINT ( 'NONE',  ( 0.000000000000000000, 0.000000000000000000, 0.5999999999999999778 ) ) ;
#8832 =( NAMED_UNIT ( * ) SI_UNIT ( $, .STERADIAN. ) SOLID_ANGLE_UNIT ( ) );
#8833 = CARTESIAN_POINT ( 'NONE',  ( 0.5699999999999997291, -0.9110548113739569409, 0.4163119535287356787 ) ) ;
#8834 = ORIENTED_EDGE ( 'NONE', *, *, #8153, .T. ) ;
#8835 = STYLED_ITEM ( 'NONE', ( #6697 ), #136 ) ;
#8836 = LINE ( 'NONE', #3671, #986 ) ;
#8837 =( GEOMETRIC_REPRESENTATION_CONTEXT ( 3 ) GLOBAL_UNCERTAINTY_ASSIGNED_CONTEXT ( ( #973 ) ) GLOBAL_UNIT_ASSIGNED_CONTEXT ( ( #6436, #6471, #7240 ) ) REPRESENTATION_CONTEXT ( 'NONE', 'WORKASPACE' ) );
#8838 = UNCERTAINTY_MEASURE_WITH_UNIT (LENGTH_MEASURE( 1.000000000000000082E-05 ), #1642, 'distance_accuracy_value', 'NONE');
#8839 =( NAMED_UNIT ( * ) PLANE_ANGLE_UNIT ( ) SI_UNIT ( $, .RADIAN. ) );
#8840 = MECHANICAL_DESIGN_GEOMETRIC_PRESENTATION_REPRESENTATION (  '', ( #6215 ), #8904 ) ;
#8841 = LINE ( 'NONE', #3124, #4301 ) ;
#8842 = SURFACE_STYLE_USAGE ( .BOTH. , #7446 ) ;
#8843 = ORIENTED_EDGE ( 'NONE', *, *, #39, .T. ) ;
#8844 = FACE_OUTER_BOUND ( 'NONE', #1740, .T. ) ;
#8845 = SURFACE_SIDE_STYLE ('',( #1115 ) ) ;
#8846 = ORIENTED_EDGE ( 'NONE', *, *, #2038, .T. ) ;
#8847 = EDGE_CURVE ( 'NONE', #6135, #6135, #965, .T. ) ;
#8848 = CARTESIAN_POINT ( 'NONE',  ( -0.01699999999999986938, -0.5949999999999997513, 0.4799999999999999822 ) ) ;
#8849 = CIRCLE ( 'NONE', #8446, 0.02500000000000002914 ) ;
#8850 = AXIS2_PLACEMENT_3D ( 'NONE', #2378, #3864, #3792 ) ;
#8851 =( NAMED_UNIT ( * ) SI_UNIT ( $, .STERADIAN. ) SOLID_ANGLE_UNIT ( ) );
#8852 = ORIENTED_EDGE ( 'NONE', *, *, #5205, .F. ) ;
#8853 = PRESENTATION_LAYER_ASSIGNMENT (  '', '', ( #7829 ) ) ;
#8854 = SURFACE_STYLE_USAGE ( .BOTH. , #5010 ) ;
#8855 = EDGE_LOOP ( 'NONE', ( #2090 ) ) ;
#8856 =( NAMED_UNIT ( * ) SI_UNIT ( $, .STERADIAN. ) SOLID_ANGLE_UNIT ( ) );
#8857 = UNCERTAINTY_MEASURE_WITH_UNIT (LENGTH_MEASURE( 1.000000000000000082E-05 ), #8427, 'distance_accuracy_value', 'NONE');
#8858 = CARTESIAN_POINT ( 'NONE',  ( -0.9750000000000000888, -0.1999999999999999833, -0.5749999999999998446 ) ) ;
#8859 = ORIENTED_EDGE ( 'NONE', *, *, #231, .T. ) ;
#8860 = SURFACE_STYLE_FILL_AREA ( #9036 ) ;
#8861 = CARTESIAN_POINT ( 'NONE',  ( -1.000000000000000000, -0.2250000000000000056, 0.5999999999999999778 ) ) ;
#8862 = CARTESIAN_POINT ( 'NONE',  ( 0.09756437560503398998, -0.2750000000000000222, -0.4753533397870280952 ) ) ;
#8863 = PRESENTATION_LAYER_ASSIGNMENT (  '', '', ( #5230 ) ) ;
#8864 = DIRECTION ( 'NONE',  ( 0.09334070869305829965, 0.000000000000000000, -0.9956342260592883076 ) ) ;
#8865 = AXIS2_PLACEMENT_3D ( 'NONE', #773, #6875, #6075 ) ;
#8866 = EDGE_LOOP ( 'NONE', ( #1093 ) ) ;
#8867 = TOROIDAL_SURFACE ( 'NONE', #2837, 0.05000000000000018319, 0.02499999999999996669 ) ;
#8868 = VERTEX_POINT ( 'NONE', #6666 ) ;
#8869 = SURFACE_STYLE_FILL_AREA ( #1589 ) ;
#8870 = DIRECTION ( 'NONE',  ( 0.000000000000000000, -1.000000000000000000, 0.000000000000000000 ) ) ;
#8871 = VERTEX_POINT ( 'NONE', #6145 ) ;
#8872 = DIRECTION ( 'NONE',  ( 0.9825750242013555624, -0.1858664085188759807, 0.000000000000000000 ) ) ;
#8873 = FACE_OUTER_BOUND ( 'NONE', #7385, .T. ) ;
#8874 = FILL_AREA_STYLE ('',( #2055 ) ) ;
#8875 =( LENGTH_UNIT ( ) NAMED_UNIT ( * ) SI_UNIT ( .MILLI., .METRE. ) );
#8876 = FILL_AREA_STYLE_COLOUR ( '', #488 ) ;
#8877 = SURFACE_SIDE_STYLE ('',( #6922 ) ) ;
#8878 = EDGE_LOOP ( 'NONE', ( #916, #9567, #9377, #8567 ) ) ;
#8879 = COLOUR_RGB ( '',0.7921568627450980005, 0.8196078431372548767, 0.9333333333333333481 ) ;
#8880 = EDGE_CURVE ( 'NONE', #1747, #1747, #7634, .T. ) ;
#8881 = ADVANCED_FACE ( 'NONE', ( #8570 ), #6263, .F. ) ;
#8882 =( LENGTH_UNIT ( ) NAMED_UNIT ( * ) SI_UNIT ( .MILLI., .METRE. ) );
#8883 = COLOUR_RGB ( '',1.000000000000000000, 0.7529411764705882248, 0.7529411764705882248 ) ;
#8884 = VERTEX_POINT ( 'NONE', #8540 ) ;
#8885 = PRESENTATION_LAYER_ASSIGNMENT (  '', '', ( #6844 ) ) ;
#8886 = COLOUR_RGB ( '',1.000000000000000000, 0.7529411764705882248, 0.7529411764705882248 ) ;
#8887 = EDGE_LOOP ( 'NONE', ( #7976 ) ) ;
#8888 = CARTESIAN_POINT ( 'NONE',  ( 0.3850000000000000089, -0.2250000000000000611, 0.3799999999999999489 ) ) ;
#8889 = DIRECTION ( 'NONE',  ( 1.000000000000000000, 0.000000000000000000, 0.000000000000000000 ) ) ;
#8890 = CARTESIAN_POINT ( 'NONE',  ( 0.4522282473117545387, 0.000000000000000000, 0.4999999999999998890 ) ) ;
#8891 = SURFACE_STYLE_FILL_AREA ( #1917 ) ;
#8892 = AXIS2_PLACEMENT_3D ( 'NONE', #8443, #3878, #3104 ) ;
#8893 = ORIENTED_EDGE ( 'NONE', *, *, #5493, .T. ) ;
#8894 = FILL_AREA_STYLE ('',( #7243 ) ) ;
#8895 = EDGE_LOOP ( 'NONE', ( #5441 ) ) ;
#8896 = EDGE_CURVE ( 'NONE', #9503, #5517, #1706, .T. ) ;
#8897 =( BOUNDED_CURVE ( )  B_SPLINE_CURVE ( 3, ( #6415, #8662, #2528, #4819 ),
 .UNSPECIFIED., .F., .T. ) 
 B_SPLINE_CURVE_WITH_KNOTS ( ( 4, 4 ),
 ( 0.000000000000000000, 1.570796326794896558 ),
 .UNSPECIFIED. ) 
 CURVE ( )  GEOMETRIC_REPRESENTATION_ITEM ( )  RATIONAL_B_SPLINE_CURVE ( ( 1.000000000000000000, 0.8047378541243649375, 0.8047378541243649375, 1.000000000000000000 ) ) 
 REPRESENTATION_ITEM ( '' )  );
#8898 = PRESENTATION_LAYER_ASSIGNMENT (  '', '', ( #2114 ) ) ;
#8899 = DIRECTION ( 'NONE',  ( 0.000000000000000000, 0.000000000000000000, 1.000000000000000000 ) ) ;
#8900 = VECTOR ( 'NONE', #4399, 1000.000000000000000 ) ;
#8901 = ORIENTED_EDGE ( 'NONE', *, *, #8368, .T. ) ;
#8902 = SURFACE_SIDE_STYLE ('',( #8003 ) ) ;
#8903 = CARTESIAN_POINT ( 'NONE',  ( -0.07443562439496601013, -0.5949999999999998623, -0.4753533397870281507 ) ) ;
#8904 =( GEOMETRIC_REPRESENTATION_CONTEXT ( 3 ) GLOBAL_UNCERTAINTY_ASSIGNED_CONTEXT ( ( #4521 ) ) GLOBAL_UNIT_ASSIGNED_CONTEXT ( ( #2257, #7441, #7481 ) ) REPRESENTATION_CONTEXT ( 'NONE', 'WORKASPACE' ) );
#8905 = FACE_OUTER_BOUND ( 'NONE', #9068, .T. ) ;
#8906 = SURFACE_SIDE_STYLE ('',( #6660 ) ) ;
#8907 = EDGE_LOOP ( 'NONE', ( #944 ) ) ;
#8908 = DIRECTION ( 'NONE',  ( 1.000000000000000000, 0.000000000000000000, 0.000000000000000000 ) ) ;
#8909 = LINE ( 'NONE', #7518, #9264 ) ;
#8910 = FILL_AREA_STYLE_COLOUR ( '', #7454 ) ;
#8911 = DIRECTION ( 'NONE',  ( 0.000000000000000000, -1.000000000000000000, 0.000000000000000000 ) ) ;
#8912 = SURFACE_STYLE_FILL_AREA ( #9344 ) ;
#8913 = CARTESIAN_POINT ( 'NONE',  ( 0.1840000000000000802, -0.2250000000000000611, -0.4299999999999999933 ) ) ;
#8914 = VERTEX_POINT ( 'NONE', #9273 ) ;
#8915 = EDGE_CURVE ( 'NONE', #9288, #4335, #22, .T. ) ;
#8916 = SURFACE_STYLE_FILL_AREA ( #7608 ) ;
#8917 = AXIS2_PLACEMENT_3D ( 'NONE', #8097, #8864, #5840 ) ;
#8918 = STYLED_ITEM ( 'NONE', ( #511 ), #7533 ) ;
#8919 = ADVANCED_FACE ( 'NONE', ( #6192, #7847 ), #3218, .T. ) ;
#8920 = STYLED_ITEM ( 'NONE', ( #1873 ), #5853 ) ;
#8921 =( LENGTH_UNIT ( ) NAMED_UNIT ( * ) SI_UNIT ( .MILLI., .METRE. ) );
#8922 = FACE_OUTER_BOUND ( 'NONE', #9322, .T. ) ;
#8923 = UNCERTAINTY_MEASURE_WITH_UNIT (LENGTH_MEASURE( 1.000000000000000082E-05 ), #2942, 'distance_accuracy_value', 'NONE');
#8924 = PRESENTATION_STYLE_ASSIGNMENT (( #8813 ) ) ;
#8925 = DIRECTION ( 'NONE',  ( -0.000000000000000000, -1.000000000000000000, -0.000000000000000000 ) ) ;
#8926 = DIRECTION ( 'NONE',  ( 1.000000000000000000, 0.000000000000000000, 0.000000000000000000 ) ) ;
#8927 = PRESENTATION_LAYER_ASSIGNMENT (  '', '', ( #1095 ) ) ;
#8928 = DIRECTION ( 'NONE',  ( 0.000000000000000000, 0.000000000000000000, 1.000000000000000000 ) ) ;
#8929 = DIRECTION ( 'NONE',  ( 1.000000000000000000, 0.000000000000000000, -0.000000000000000000 ) ) ;
#8930 = PRESENTATION_LAYER_ASSIGNMENT (  '', '', ( #8610 ) ) ;
#8931 = SURFACE_STYLE_USAGE ( .BOTH. , #9685 ) ;
#8932 = CIRCLE ( 'NONE', #5149, 0.02499999999999998404 ) ;
#8933 =( NAMED_UNIT ( * ) SI_UNIT ( $, .STERADIAN. ) SOLID_ANGLE_UNIT ( ) );
#8934 = MECHANICAL_DESIGN_GEOMETRIC_PRESENTATION_REPRESENTATION (  '', ( #281 ), #6891 ) ;
#8935 = UNCERTAINTY_MEASURE_WITH_UNIT (LENGTH_MEASURE( 1.000000000000000082E-05 ), #2442, 'distance_accuracy_value', 'NONE');
#8936 = SURFACE_STYLE_USAGE ( .BOTH. , #7292 ) ;
#8937 = EDGE_LOOP ( 'NONE', ( #8234 ) ) ;
#8938 = CARTESIAN_POINT ( 'NONE',  ( 0.2300000000000001488, -0.2250000000000000611, 0.3799999999999999489 ) ) ;
#8939 = SURFACE_SIDE_STYLE ('',( #216 ) ) ;
#8940 = DIRECTION ( 'NONE',  ( 0.000000000000000000, -1.000000000000000000, 0.000000000000000000 ) ) ;
#8941 = DIRECTION ( 'NONE',  ( 0.000000000000000000, 0.000000000000000000, -1.000000000000000000 ) ) ;
#8942 =( NAMED_UNIT ( * ) SI_UNIT ( $, .STERADIAN. ) SOLID_ANGLE_UNIT ( ) );
#8943 = VECTOR ( 'NONE', #4917, 1000.000000000000000 ) ;
#8944 = CARTESIAN_POINT ( 'NONE',  ( -1.000000000000000000, -0.2000000000000000111, -0.5999999999999999778 ) ) ;
#8945 = SURFACE_STYLE_USAGE ( .BOTH. , #1347 ) ;
#8946 = DIRECTION ( 'NONE',  ( 1.000000000000000000, 0.000000000000000000, -0.000000000000000000 ) ) ;
#8947 =( NAMED_UNIT ( * ) PLANE_ANGLE_UNIT ( ) SI_UNIT ( $, .RADIAN. ) );
#8948 = AXIS2_PLACEMENT_3D ( 'NONE', #4853, #252, #5545 ) ;
#8949 = CARTESIAN_POINT ( 'NONE',  ( -0.2599999999999998979, -0.2250000000000000611, -0.3799999999999999489 ) ) ;
#8950 = ORIENTED_EDGE ( 'NONE', *, *, #1737, .F. ) ;
#8951 = ADVANCED_FACE ( 'NONE', ( #7251, #5234 ), #2863, .T. ) ;
#8952 =( LENGTH_UNIT ( ) NAMED_UNIT ( * ) SI_UNIT ( .MILLI., .METRE. ) );
#8953 = SURFACE_SIDE_STYLE ('',( #942 ) ) ;
#8954 = PRESENTATION_STYLE_ASSIGNMENT (( #2353 ) ) ;
#8955 = PRESENTATION_LAYER_ASSIGNMENT (  '', '', ( #2350 ) ) ;
#8956 = LINE ( 'NONE', #6639, #8354 ) ;
#8957 = CIRCLE ( 'NONE', #4112, 0.02500000000000002567 ) ;
#8958 = CARTESIAN_POINT ( 'NONE',  ( 0.1230000000000001231, -0.2250000000000000611, -0.3799999999999999489 ) ) ;
#8959 = ORIENTED_EDGE ( 'NONE', *, *, #8686, .F. ) ;
#8960 = DIRECTION ( 'NONE',  ( -1.084202172485504237E-15, -0.000000000000000000, -1.000000000000000000 ) ) ;
#8961 = DIRECTION ( 'NONE',  ( 0.000000000000000000, 1.000000000000000000, 0.000000000000000000 ) ) ;
#8962 = EDGE_CURVE ( 'NONE', #2469, #2469, #1199, .T. ) ;
#8963 = PRESENTATION_LAYER_ASSIGNMENT (  '', '', ( #3639 ) ) ;
#8964 = PRESENTATION_LAYER_ASSIGNMENT (  '', '', ( #8250 ) ) ;
#8965 =( NAMED_UNIT ( * ) PLANE_ANGLE_UNIT ( ) SI_UNIT ( $, .RADIAN. ) );
#8966 =( NAMED_UNIT ( * ) SI_UNIT ( $, .STERADIAN. ) SOLID_ANGLE_UNIT ( ) );
#8967 = COLOUR_RGB ( '',0.2509803921568627416, 0.2509803921568627416, 0.2509803921568627416 ) ;
#8968 = AXIS2_PLACEMENT_3D ( 'NONE', #998, #5637, #4100 ) ;
#8969 = DIRECTION ( 'NONE',  ( 0.000000000000000000, 0.000000000000000000, 1.000000000000000000 ) ) ;
#8970 = EDGE_LOOP ( 'NONE', ( #3056 ) ) ;
#8971 = SURFACE_STYLE_USAGE ( .BOTH. , #4591 ) ;
#8972 = DIRECTION ( 'NONE',  ( 0.000000000000000000, 0.000000000000000000, -1.000000000000000000 ) ) ;
#8973 = DIRECTION ( 'NONE',  ( -1.000000000000000000, 0.000000000000000000, 0.000000000000000000 ) ) ;
#8974 = UNCERTAINTY_MEASURE_WITH_UNIT (LENGTH_MEASURE( 1.000000000000000082E-05 ), #2362, 'distance_accuracy_value', 'NONE');
#8975 = ORIENTED_EDGE ( 'NONE', *, *, #8669, .T. ) ;
#8976 = STYLED_ITEM ( 'NONE', ( #7521 ), #361 ) ;
#8977 = CIRCLE ( 'NONE', #4542, 0.02500000000000002567 ) ;
#8978 = EDGE_LOOP ( 'NONE', ( #4408 ) ) ;
#8979 = SURFACE_STYLE_FILL_AREA ( #4044 ) ;
#8980 =( NAMED_UNIT ( * ) SI_UNIT ( $, .STERADIAN. ) SOLID_ANGLE_UNIT ( ) );
#8981 = FACE_OUTER_BOUND ( 'NONE', #3949, .T. ) ;
#8982 = STYLED_ITEM ( 'NONE', ( #5886 ), #7230 ) ;
#8983 = CARTESIAN_POINT ( 'NONE',  ( -0.01699999999999991795, -0.2750000000000000777, 0.4799999999999999822 ) ) ;
#8984 = MECHANICAL_DESIGN_GEOMETRIC_PRESENTATION_REPRESENTATION (  '', ( #1353 ), #5210 ) ;
#8985 = EDGE_LOOP ( 'NONE', ( #1800, #4150, #532, #8572 ) ) ;
#8986 = DIRECTION ( 'NONE',  ( 0.000000000000000000, 0.000000000000000000, 1.000000000000000000 ) ) ;
#8987 = EDGE_LOOP ( 'NONE', ( #1676, #4526, #3508, #7751 ) ) ;
#8988 = SURFACE_SIDE_STYLE ('',( #2291 ) ) ;
#8989 = DIRECTION ( 'NONE',  ( 1.000000000000000000, 0.000000000000000000, 0.000000000000000000 ) ) ;
#8990 = EDGE_CURVE ( 'NONE', #4584, #2944, #5351, .T. ) ;
#8991 = CARTESIAN_POINT ( 'NONE',  ( -1.000000000000000000, -0.7299999999999999822, -0.5999999999999999778 ) ) ;
#8992 = MECHANICAL_DESIGN_GEOMETRIC_PRESENTATION_REPRESENTATION (  '', ( #6411 ), #146 ) ;
#8993 = ORIENTED_EDGE ( 'NONE', *, *, #7597, .T. ) ;
#8994 = VECTOR ( 'NONE', #3791, 1000.000000000000000 ) ;
#8995 = CARTESIAN_POINT ( 'NONE',  ( -0.9896446609406727157, -0.6199999999999997735, -0.1599632742307184052 ) ) ;
#8996 = PRESENTATION_LAYER_ASSIGNMENT (  '', '', ( #9545 ) ) ;
#8997 = UNCERTAINTY_MEASURE_WITH_UNIT (LENGTH_MEASURE( 1.000000000000000082E-05 ), #4165, 'distance_accuracy_value', 'NONE');
#8998 = PRESENTATION_STYLE_ASSIGNMENT (( #2441 ) ) ;
#8999 = CARTESIAN_POINT ( 'NONE',  ( 1.000000000000000444, -0.6199999999999998845, -0.1599632742307184052 ) ) ;
#9000 = CARTESIAN_POINT ( 'NONE',  ( -1.000000000000000000, -0.2000000000000000111, -0.5999999999999999778 ) ) ;
#9001 = ADVANCED_FACE ( 'NONE', ( #7959 ), #9362, .F. ) ;
#9002 = FACE_OUTER_BOUND ( 'NONE', #9781, .T. ) ;
#9003 =( NAMED_UNIT ( * ) PLANE_ANGLE_UNIT ( ) SI_UNIT ( $, .RADIAN. ) );
#9004 = CARTESIAN_POINT ( 'NONE',  ( -0.5499999999999999334, -0.7299999999999999822, 0.1999999999999999278 ) ) ;
#9005 = FILL_AREA_STYLE_COLOUR ( '', #2043 ) ;
#9006 = VERTEX_POINT ( 'NONE', #2049 ) ;
#9007 = COLOUR_RGB ( '',1.000000000000000000, 0.7529411764705882248, 0.7529411764705882248 ) ;
#9008 = PLANE ( 'NONE',  #1892 ) ;
#9009 = ORIENTED_EDGE ( 'NONE', *, *, #1218, .T. ) ;
#9010 = CARTESIAN_POINT ( 'NONE',  ( -0.5389451886260432367, -0.7084327450237908330, -0.4163119535287357897 ) ) ;
#9011 = PRESENTATION_LAYER_ASSIGNMENT (  '', '', ( #3551 ) ) ;
#9012 = SURFACE_SIDE_STYLE ('',( #9278 ) ) ;
#9013 = STYLED_ITEM ( 'NONE', ( #8675 ), #9280 ) ;
#9014 = PRESENTATION_STYLE_ASSIGNMENT (( #8096 ) ) ;
#9015 = ORIENTED_EDGE ( 'NONE', *, *, #807, .T. ) ;
#9016 = DIRECTION ( 'NONE',  ( 1.000000000000000000, 0.000000000000000000, 0.000000000000000000 ) ) ;
#9017 = FACE_OUTER_BOUND ( 'NONE', #6727, .T. ) ;
#9018 = PLANE ( 'NONE',  #8800 ) ;
#9019 = CARTESIAN_POINT ( 'NONE',  ( 1.000000000000000444, -0.7299999999999999822, -0.1999999999999999278 ) ) ;
#9020 = SURFACE_STYLE_USAGE ( .BOTH. , #8953 ) ;
#9021 = EDGE_CURVE ( 'NONE', #9224, #9224, #9285, .T. ) ;
#9022 =( GEOMETRIC_REPRESENTATION_CONTEXT ( 3 ) GLOBAL_UNCERTAINTY_ASSIGNED_CONTEXT ( ( #6703 ) ) GLOBAL_UNIT_ASSIGNED_CONTEXT ( ( #2184, #686, #2877 ) ) REPRESENTATION_CONTEXT ( 'NONE', 'WORKASPACE' ) );
#9023 = VECTOR ( 'NONE', #601, 1000.000000000000000 ) ;
#9024 = FILL_AREA_STYLE_COLOUR ( '', #6301 ) ;
#9025 =( LENGTH_UNIT ( ) NAMED_UNIT ( * ) SI_UNIT ( .MILLI., .METRE. ) );
#9026 = ORIENTED_EDGE ( 'NONE', *, *, #6911, .T. ) ;
#9027 = SURFACE_STYLE_FILL_AREA ( #6288 ) ;
#9028 = UNCERTAINTY_MEASURE_WITH_UNIT (LENGTH_MEASURE( 1.000000000000000082E-05 ), #6043, 'distance_accuracy_value', 'NONE');
#9029 = DIRECTION ( 'NONE',  ( 0.000000000000000000, 0.000000000000000000, -1.000000000000000000 ) ) ;
#9030 = CARTESIAN_POINT ( 'NONE',  ( 0.000000000000000000, -0.9000000000000000222, 0.000000000000000000 ) ) ;
#9031 = COLOUR_RGB ( '',1.000000000000000000, 0.7529411764705882248, 0.7529411764705882248 ) ;
#9032 = DIRECTION ( 'NONE',  ( 0.9956342260592881965, 0.000000000000000000, 0.09334070869305803597 ) ) ;
#9033 = EDGE_LOOP ( 'NONE', ( #2220 ) ) ;
#9034 = STYLED_ITEM ( 'NONE', ( #827 ), #3983 ) ;
#9035 = CARTESIAN_POINT ( 'NONE',  ( 0.1230000000000001231, -0.2250000000000000611, -0.4299999999999999933 ) ) ;
#9036 = FILL_AREA_STYLE ('',( #6709 ) ) ;
#9037 = AXIS2_PLACEMENT_3D ( 'NONE', #6074, #6938, #8369 ) ;
#9038 = FILL_AREA_STYLE ('',( #2190 ) ) ;
#9039 = PRESENTATION_STYLE_ASSIGNMENT (( #5263 ) ) ;
#9040 = SURFACE_STYLE_FILL_AREA ( #4048 ) ;
#9041 = ORIENTED_EDGE ( 'NONE', *, *, #3089, .F. ) ;
#9042 = DIRECTION ( 'NONE',  ( -0.9956342260592881965, -0.000000000000000000, -0.09334070869305820251 ) ) ;
#9043 = DIRECTION ( 'NONE',  ( 1.000000000000000000, 0.000000000000000000, 0.000000000000000000 ) ) ;
#9044 = CARTESIAN_POINT ( 'NONE',  ( 1.000000000000000000, -0.2249999999999999500, 0.5999999999999999778 ) ) ;
#9045 = DIRECTION ( 'NONE',  ( 0.000000000000000000, 0.000000000000000000, 1.000000000000000000 ) ) ;
#9046 = ORIENTED_EDGE ( 'NONE', *, *, #11, .F. ) ;
#9047 =( NAMED_UNIT ( * ) SI_UNIT ( $, .STERADIAN. ) SOLID_ANGLE_UNIT ( ) );
#9048 = ADVANCED_FACE ( 'NONE', ( #2721, #1457 ), #1080, .T. ) ;
#9049 = PRESENTATION_STYLE_ASSIGNMENT (( #5553 ) ) ;
#9050 = EDGE_CURVE ( 'NONE', #6342, #4243, #5111, .T. ) ;
#9051 = MECHANICAL_DESIGN_GEOMETRIC_PRESENTATION_REPRESENTATION (  '', ( #4442 ), #7719 ) ;
#9052 = ORIENTED_EDGE ( 'NONE', *, *, #354, .F. ) ;
#9053 = DIRECTION ( 'NONE',  ( -0.000000000000000000, 1.000000000000000000, -0.000000000000000000 ) ) ;
#9054 = ORIENTED_EDGE ( 'NONE', *, *, #487, .T. ) ;
#9055 = DIRECTION ( 'NONE',  ( -0.000000000000000000, 1.000000000000000000, -0.000000000000000000 ) ) ;
#9056 =( NAMED_UNIT ( * ) PLANE_ANGLE_UNIT ( ) SI_UNIT ( $, .RADIAN. ) );
#9057 = ORIENTED_EDGE ( 'NONE', *, *, #7233, .F. ) ;
#9058 = EDGE_CURVE ( 'NONE', #82, #82, #9752, .T. ) ;
#9059 = EDGE_LOOP ( 'NONE', ( #9572 ) ) ;
#9060 = PRESENTATION_LAYER_ASSIGNMENT (  '', '', ( #3262 ) ) ;
#9061 = STYLED_ITEM ( 'NONE', ( #1089 ), #8746 ) ;
#9062 = SURFACE_SIDE_STYLE ('',( #5568 ) ) ;
#9063 = DIRECTION ( 'NONE',  ( 1.000000000000000000, 0.000000000000000000, -0.000000000000000000 ) ) ;
#9064 = FILL_AREA_STYLE_COLOUR ( '', #5551 ) ;
#9065 = ADVANCED_FACE ( 'NONE', ( #7124, #6658 ), #8076, .T. ) ;
#9066 = PRESENTATION_STYLE_ASSIGNMENT (( #9816 ) ) ;
#9067 = CARTESIAN_POINT ( 'NONE',  ( -0.9999999999999995559, -0.7299999999999999822, -0.1999999999999998723 ) ) ;
#9068 = EDGE_LOOP ( 'NONE', ( #6324 ) ) ;
#9069 =( NAMED_UNIT ( * ) SI_UNIT ( $, .STERADIAN. ) SOLID_ANGLE_UNIT ( ) );
#9070 = FACE_OUTER_BOUND ( 'NONE', #99, .T. ) ;
#9071 = SURFACE_SIDE_STYLE ('',( #9354 ) ) ;
#9072 = EDGE_CURVE ( 'NONE', #4714, #1701, #1692, .T. ) ;
#9073 = SURFACE_SIDE_STYLE ('',( #8869 ) ) ;
#9074 = DIRECTION ( 'NONE',  ( 0.000000000000000000, 0.000000000000000000, 1.000000000000000000 ) ) ;
#9075 = DIRECTION ( 'NONE',  ( 0.9912875121006776702, 0.09334070869305804985, 0.09293320425943860097 ) ) ;
#9076 = AXIS2_PLACEMENT_3D ( 'NONE', #7830, #1090, #6385 ) ;
#9077 = SURFACE_STYLE_USAGE ( .BOTH. , #1567 ) ;
#9078 =( NAMED_UNIT ( * ) SI_UNIT ( $, .STERADIAN. ) SOLID_ANGLE_UNIT ( ) );
#9079 = EDGE_LOOP ( 'NONE', ( #6269 ) ) ;
#9080 = DIRECTION ( 'NONE',  ( -0.000000000000000000, 0.000000000000000000, -1.000000000000000000 ) ) ;
#9081 = SURFACE_STYLE_FILL_AREA ( #7085 ) ;
#9082 = VECTOR ( 'NONE', #4384, 1000.000000000000000 ) ;
#9083 =( GEOMETRIC_REPRESENTATION_CONTEXT ( 3 ) GLOBAL_UNCERTAINTY_ASSIGNED_CONTEXT ( ( #5198 ) ) GLOBAL_UNIT_ASSIGNED_CONTEXT ( ( #8606, #7752, #6979 ) ) REPRESENTATION_CONTEXT ( 'NONE', 'WORKASPACE' ) );
#9084 = ORIENTED_EDGE ( 'NONE', *, *, #9251, .F. ) ;
#9085 = SURFACE_SIDE_STYLE ('',( #4516 ) ) ;
#9086 = SURFACE_STYLE_USAGE ( .BOTH. , #3740 ) ;
#9087 = VERTEX_POINT ( 'NONE', #1881 ) ;
#9088 = EDGE_CURVE ( 'NONE', #8714, #6719, #5937, .T. ) ;
#9089 = SURFACE_STYLE_FILL_AREA ( #788 ) ;
#9090 =( NAMED_UNIT ( * ) PLANE_ANGLE_UNIT ( ) SI_UNIT ( $, .RADIAN. ) );
#9091 = STYLED_ITEM ( 'NONE', ( #9260 ), #6699 ) ;
#9092 = EDGE_LOOP ( 'NONE', ( #492, #1040, #2396, #4547 ) ) ;
#9093 = CARTESIAN_POINT ( 'NONE',  ( 0.2340000000000000968, -0.2250000000000000611, -0.3799999999999999489 ) ) ;
#9094 =( NAMED_UNIT ( * ) SI_UNIT ( $, .STERADIAN. ) SOLID_ANGLE_UNIT ( ) );
#9095 = COLOUR_RGB ( '',0.2509803921568627416, 0.2509803921568627416, 0.2509803921568627416 ) ;
#9096 = FILL_AREA_STYLE ('',( #4426 ) ) ;
#9097 = PLANE ( 'NONE',  #658 ) ;
#9098 = APPLICATION_PROTOCOL_DEFINITION ( 'draft international standard', 'automotive_design', 1998, #2946 ) ;
#9099 = CARTESIAN_POINT ( 'NONE',  ( -0.3499999999999999778, -0.2750000000000000777, 0.4799999999999999822 ) ) ;
#9100 = PLANE ( 'NONE',  #4377 ) ;
#9101 = STYLED_ITEM ( 'NONE', ( #5869 ), #4342 ) ;
#9102 = ORIENTED_EDGE ( 'NONE', *, *, #5892, .T. ) ;
#9103 = EDGE_CURVE ( 'NONE', #426, #426, #4387, .T. ) ;
#9104 = SURFACE_STYLE_FILL_AREA ( #7855 ) ;
#9105 = ORIENTED_EDGE ( 'NONE', *, *, #1487, .F. ) ;
#9106 = AXIS2_PLACEMENT_3D ( 'NONE', #5693, #5755, #1837 ) ;
#9107 = CARTESIAN_POINT ( 'NONE',  ( 0.000000000000000000, -0.9000000000000000222, 0.000000000000000000 ) ) ;
#9108 = FILL_AREA_STYLE ('',( #3697 ) ) ;
#9109 = AXIS2_PLACEMENT_3D ( 'NONE', #6774, #6140, #7680 ) ;
#9110 = CARTESIAN_POINT ( 'NONE',  ( 1.000000000000000000, -0.7299999999999999822, 0.1999999999999999278 ) ) ;
#9111 = CARTESIAN_POINT ( 'NONE',  ( -0.3850000000000000089, -0.2250000000000000611, -0.3799999999999999489 ) ) ;
#9112 = ORIENTED_EDGE ( 'NONE', *, *, #9794, .F. ) ;
#9113 = VERTEX_POINT ( 'NONE', #1341 ) ;
#9114 = CIRCLE ( 'NONE', #118, 0.02500000000000002567 ) ;
#9115 = PRESENTATION_LAYER_ASSIGNMENT (  '', '', ( #1499 ) ) ;
#9116 =( NAMED_UNIT ( * ) SI_UNIT ( $, .STERADIAN. ) SOLID_ANGLE_UNIT ( ) );
#9117 =( NAMED_UNIT ( * ) PLANE_ANGLE_UNIT ( ) SI_UNIT ( $, .RADIAN. ) );
#9118 = MECHANICAL_DESIGN_GEOMETRIC_PRESENTATION_REPRESENTATION (  '', ( #3205 ), #5216 ) ;
#9119 =( NAMED_UNIT ( * ) SI_UNIT ( $, .STERADIAN. ) SOLID_ANGLE_UNIT ( ) );
#9120 = AXIS2_PLACEMENT_3D ( 'NONE', #8983, #4407, #5844 ) ;
#9121 = FILL_AREA_STYLE_COLOUR ( '', #9638 ) ;
#9122 = EDGE_LOOP ( 'NONE', ( #5756 ) ) ;
#9123 = DIRECTION ( 'NONE',  ( 1.000000000000000000, 0.000000000000000000, -0.000000000000000000 ) ) ;
#9124 = SURFACE_STYLE_FILL_AREA ( #527 ) ;
#9125 = VERTEX_POINT ( 'NONE', #6354 ) ;
#9126 = CARTESIAN_POINT ( 'NONE',  ( 0.5099632742307173006, -0.2250000000000000056, 0.5999999999999999778 ) ) ;
#9127 = EDGE_LOOP ( 'NONE', ( #3920 ) ) ;
#9128 = FILL_AREA_STYLE_COLOUR ( '', #186 ) ;
#9129 = FILL_AREA_STYLE ('',( #3789 ) ) ;
#9130 = EDGE_CURVE ( 'NONE', #6241, #6241, #3422, .T. ) ;
#9131 = DIRECTION ( 'NONE',  ( 1.000000000000000000, 0.000000000000000000, 0.000000000000000000 ) ) ;
#9132 =( GEOMETRIC_REPRESENTATION_CONTEXT ( 3 ) GLOBAL_UNCERTAINTY_ASSIGNED_CONTEXT ( ( #6211 ) ) GLOBAL_UNIT_ASSIGNED_CONTEXT ( ( #8828, #1187, #5013 ) ) REPRESENTATION_CONTEXT ( 'NONE', 'WORKASPACE' ) );
#9133 = DIRECTION ( 'NONE',  ( 0.9825750242013555624, -0.1858664085188759807, 0.000000000000000000 ) ) ;
#9134 = ORIENTED_EDGE ( 'NONE', *, *, #885, .T. ) ;
#9135 = FILL_AREA_STYLE_COLOUR ( '', #5791 ) ;
#9136 = COLOUR_RGB ( '',1.000000000000000000, 0.7529411764705882248, 0.7529411764705882248 ) ;
#9137 = DIRECTION ( 'NONE',  ( 1.000000000000000000, -0.000000000000000000, -0.000000000000000000 ) ) ;
#9138 =( NAMED_UNIT ( * ) SI_UNIT ( $, .STERADIAN. ) SOLID_ANGLE_UNIT ( ) );
#9139 = FILL_AREA_STYLE_COLOUR ( '', #1829 ) ;
#9140 =( NAMED_UNIT ( * ) PLANE_ANGLE_UNIT ( ) SI_UNIT ( $, .RADIAN. ) );
#9141 = LINE ( 'NONE', #2727, #3634 ) ;
#9142 = SURFACE_STYLE_FILL_AREA ( #9684 ) ;
#9143 = SURFACE_STYLE_USAGE ( .BOTH. , #8374 ) ;
#9144 =( NAMED_UNIT ( * ) PLANE_ANGLE_UNIT ( ) SI_UNIT ( $, .RADIAN. ) );
#9145 = EDGE_LOOP ( 'NONE', ( #7690, #6676, #1718, #8539, #1984 ) ) ;
#9146 = CARTESIAN_POINT ( 'NONE',  ( -0.1279999999999999472, -0.2750000000000000777, 0.4799999999999999822 ) ) ;
#9147 = EDGE_CURVE ( 'NONE', #6006, #6006, #5454, .T. ) ;
#9148 = DIRECTION ( 'NONE',  ( 0.9956342260592881965, 0.000000000000000000, 0.09334070869305798046 ) ) ;
#9149 = MANIFOLD_SOLID_BREP ( 'LPattern1[11]', #432 ) ;
#9150 = MECHANICAL_DESIGN_GEOMETRIC_PRESENTATION_REPRESENTATION (  '', ( #8635 ), #303 ) ;
#9151 = COLOUR_RGB ( '',0.7921568627450980005, 0.8196078431372548767, 0.9333333333333333481 ) ;
#9152 = DIRECTION ( 'NONE',  ( 0.000000000000000000, -0.000000000000000000, -1.000000000000000000 ) ) ;
#9153 = FILL_AREA_STYLE ('',( #3695 ) ) ;
#9154 = FACE_OUTER_BOUND ( 'NONE', #5520, .T. ) ;
#9155 =( NAMED_UNIT ( * ) PLANE_ANGLE_UNIT ( ) SI_UNIT ( $, .RADIAN. ) );
#9156 = ORIENTED_EDGE ( 'NONE', *, *, #5757, .F. ) ;
#9157 = PRESENTATION_STYLE_ASSIGNMENT (( #9275 ) ) ;
#9158 =( NAMED_UNIT ( * ) SI_UNIT ( $, .STERADIAN. ) SOLID_ANGLE_UNIT ( ) );
#9159 = CARTESIAN_POINT ( 'NONE',  ( 0.000000000000000000, 0.000000000000000000, -0.5999999999999999778 ) ) ;
#9160 = CARTESIAN_POINT ( 'NONE',  ( 0.5099632742307174116, -0.2103553390593273786, 0.5999999999999999778 ) ) ;
#9161 =( LENGTH_UNIT ( ) NAMED_UNIT ( * ) SI_UNIT ( .MILLI., .METRE. ) );
#9162 = FILL_AREA_STYLE_COLOUR ( '', #5697 ) ;
#9163 = AXIS2_PLACEMENT_3D ( 'NONE', #6562, #2022, #9629 ) ;
#9164 = PRESENTATION_LAYER_ASSIGNMENT (  '', '', ( #3522 ) ) ;
#9165 = CIRCLE ( 'NONE', #2399, 0.02499999999999993894 ) ;
#9166 = FILL_AREA_STYLE_COLOUR ( '', #7534 ) ;
#9167 = FACE_OUTER_BOUND ( 'NONE', #897, .T. ) ;
#9168 = DIRECTION ( 'NONE',  ( 0.9912875121006776702, 0.09334070869305804985, 0.09293320425943860097 ) ) ;
#9169 =( GEOMETRIC_REPRESENTATION_CONTEXT ( 3 ) GLOBAL_UNCERTAINTY_ASSIGNED_CONTEXT ( ( #7141 ) ) GLOBAL_UNIT_ASSIGNED_CONTEXT ( ( #424, #4123, #5628 ) ) REPRESENTATION_CONTEXT ( 'NONE', 'WORKASPACE' ) );
#9170 = SURFACE_STYLE_USAGE ( .BOTH. , #6100 ) ;
#9171 = AXIS2_PLACEMENT_3D ( 'NONE', #4528, #2988, #6004 ) ;
#9172 = UNCERTAINTY_MEASURE_WITH_UNIT (LENGTH_MEASURE( 1.000000000000000082E-05 ), #8668, 'distance_accuracy_value', 'NONE');
#9173 = SURFACE_SIDE_STYLE ('',( #1025 ) ) ;
#9174 = CARTESIAN_POINT ( 'NONE',  ( -1.000000000000000000, 0.000000000000000000, 0.5999999999999999778 ) ) ;
#9175 = CARTESIAN_POINT ( 'NONE',  ( 0.4522282473117545387, 0.000000000000000000, 0.4999999999999998890 ) ) ;
#9176 = SURFACE_SIDE_STYLE ('',( #8101 ) ) ;
#9177 = ORIENTED_EDGE ( 'NONE', *, *, #8302, .F. ) ;
#9178 = MECHANICAL_DESIGN_GEOMETRIC_PRESENTATION_REPRESENTATION (  '', ( #698 ), #2067 ) ;
#9179 = ORIENTED_EDGE ( 'NONE', *, *, #5757, .T. ) ;
#9180 = SURFACE_STYLE_USAGE ( .BOTH. , #144 ) ;
#9181 = EDGE_CURVE ( 'NONE', #8267, #8267, #7229, .T. ) ;
#9182 = FACE_OUTER_BOUND ( 'NONE', #7448, .T. ) ;
#9183 = LINE ( 'NONE', #4537, #4639 ) ;
#9184 = ADVANCED_FACE ( 'NONE', ( #9392 ), #8091, .F. ) ;
#9185 = AXIS2_PLACEMENT_3D ( 'NONE', #3814, #2511, #8645 ) ;
#9186 = DIRECTION ( 'NONE',  ( -1.000000000000000000, 0.000000000000000000, -0.000000000000000000 ) ) ;
#9187 = VERTEX_POINT ( 'NONE', #7985 ) ;
#9188 = FILL_AREA_STYLE ('',( #3847 ) ) ;
#9189 = DIRECTION ( 'NONE',  ( -0.09334070869305721718, 0.000000000000000000, 0.9956342260592883076 ) ) ;
#9190 = CIRCLE ( 'NONE', #8476, 0.02500000000000005343 ) ;
#9191 = SURFACE_STYLE_FILL_AREA ( #5890 ) ;
#9192 = MECHANICAL_DESIGN_GEOMETRIC_PRESENTATION_REPRESENTATION (  '', ( #4064 ), #5934 ) ;
#9193 = ORIENTED_EDGE ( 'NONE', *, *, #8962, .F. ) ;
#9194 = COLOUR_RGB ( '',1.000000000000000000, 0.7529411764705882248, 0.7529411764705882248 ) ;
#9195 = PRESENTATION_LAYER_ASSIGNMENT (  '', '', ( #8170 ) ) ;
#9196 = DIRECTION ( 'NONE',  ( 0.09334070869305820251, 0.000000000000000000, -0.9956342260592881965 ) ) ;
#9197 = PRESENTATION_STYLE_ASSIGNMENT (( #9286 ) ) ;
#9198 =( NAMED_UNIT ( * ) SI_UNIT ( $, .STERADIAN. ) SOLID_ANGLE_UNIT ( ) );
#9199 = SURFACE_STYLE_FILL_AREA ( #345 ) ;
#9200 = CARTESIAN_POINT ( 'NONE',  ( 0.2950000000000001510, -0.2250000000000000611, -0.4299999999999999933 ) ) ;
#9201 = VECTOR ( 'NONE', #6275, 1000.000000000000000 ) ;
#9202 = ORIENTED_EDGE ( 'NONE', *, *, #2968, .F. ) ;
#9203 = UNCERTAINTY_MEASURE_WITH_UNIT (LENGTH_MEASURE( 1.000000000000000082E-05 ), #4179, 'distance_accuracy_value', 'NONE');
#9204 = EDGE_CURVE ( 'NONE', #9700, #9700, #9165, .T. ) ;
#9205 =( NAMED_UNIT ( * ) SI_UNIT ( $, .STERADIAN. ) SOLID_ANGLE_UNIT ( ) );
#9206 = SURFACE_STYLE_FILL_AREA ( #4630 ) ;
#9207 = CARTESIAN_POINT ( 'NONE',  ( -1.000000000000000000, -0.2250000000000000056, -0.4249999999999999334 ) ) ;
#9208 = MECHANICAL_DESIGN_GEOMETRIC_PRESENTATION_REPRESENTATION (  '', ( #3445 ), #9711 ) ;
#9209 = SURFACE_STYLE_USAGE ( .BOTH. , #8566 ) ;
#9210 = FILL_AREA_STYLE ('',( #2386 ) ) ;
#9211 = ORIENTED_EDGE ( 'NONE', *, *, #7824, .T. ) ;
#9212 = ORIENTED_EDGE ( 'NONE', *, *, #117, .T. ) ;
#9213 = COLOUR_RGB ( '',1.000000000000000000, 0.7529411764705882248, 0.7529411764705882248 ) ;
#9214 = SURFACE_STYLE_FILL_AREA ( #1957 ) ;
#9215 = ORIENTED_EDGE ( 'NONE', *, *, #2262, .T. ) ;
#9216 =( GEOMETRIC_REPRESENTATION_CONTEXT ( 3 ) GLOBAL_UNCERTAINTY_ASSIGNED_CONTEXT ( ( #2171 ) ) GLOBAL_UNIT_ASSIGNED_CONTEXT ( ( #7854, #9394, #8762 ) ) REPRESENTATION_CONTEXT ( 'NONE', 'WORKASPACE' ) );
#9217 = CLOSED_SHELL ( 'NONE', ( #3176, #4342, #2438, #7658, #3280, #2266 ) ) ;
#9218 =( NAMED_UNIT ( * ) PLANE_ANGLE_UNIT ( ) SI_UNIT ( $, .RADIAN. ) );
#9219 = AXIS2_PLACEMENT_3D ( 'NONE', #731, #5298, #2409 ) ;
#9220 = UNCERTAINTY_MEASURE_WITH_UNIT (LENGTH_MEASURE( 1.000000000000000082E-05 ), #5611, 'distance_accuracy_value', 'NONE');
#9221 = DIRECTION ( 'NONE',  ( -1.000000000000000000, 0.000000000000000000, 1.084202172485504237E-15 ) ) ;
#9222 = ORIENTED_EDGE ( 'NONE', *, *, #7563, .T. ) ;
#9223 = LINE ( 'NONE', #9429, #1399 ) ;
#9224 = VERTEX_POINT ( 'NONE', #3491 ) ;
#9225 = FILL_AREA_STYLE_COLOUR ( '', #1248 ) ;
#9226 = PRESENTATION_STYLE_ASSIGNMENT (( #5727 ) ) ;
#9227 = FILL_AREA_STYLE_COLOUR ( '', #8193 ) ;
#9228 = MECHANICAL_DESIGN_GEOMETRIC_PRESENTATION_REPRESENTATION (  '', ( #6109 ), #1215 ) ;
#9229 = PRESENTATION_STYLE_ASSIGNMENT (( #8390 ) ) ;
#9230 = EDGE_CURVE ( 'NONE', #483, #228, #4014, .T. ) ;
#9231 =( GEOMETRIC_REPRESENTATION_CONTEXT ( 3 ) GLOBAL_UNCERTAINTY_ASSIGNED_CONTEXT ( ( #2801 ) ) GLOBAL_UNIT_ASSIGNED_CONTEXT ( ( #1709, #6989, #5495 ) ) REPRESENTATION_CONTEXT ( 'NONE', 'WORKASPACE' ) );
#9232 = ORIENTED_EDGE ( 'NONE', *, *, #6424, .T. ) ;
#9233 = FILL_AREA_STYLE_COLOUR ( '', #3230 ) ;
#9234 = FILL_AREA_STYLE ('',( #3221 ) ) ;
#9235 =( NAMED_UNIT ( * ) SI_UNIT ( $, .STERADIAN. ) SOLID_ANGLE_UNIT ( ) );
#9236 = AXIS2_PLACEMENT_3D ( 'NONE', #2105, #8961, #2002 ) ;
#9237 = UNCERTAINTY_MEASURE_WITH_UNIT (LENGTH_MEASURE( 1.000000000000000082E-05 ), #1056, 'distance_accuracy_value', 'NONE');
#9238 = VERTEX_POINT ( 'NONE', #1165 ) ;
#9239 = PLANE ( 'NONE',  #8688 ) ;
#9240 = FACE_OUTER_BOUND ( 'NONE', #9335, .T. ) ;
#9241 = SURFACE_STYLE_USAGE ( .BOTH. , #3198 ) ;
#9242 = ORIENTED_EDGE ( 'NONE', *, *, #8502, .T. ) ;
#9243 = PRESENTATION_LAYER_ASSIGNMENT (  '', '', ( #8920 ) ) ;
#9244 = CARTESIAN_POINT ( 'NONE',  ( -0.5099632742307173006, -0.2250000000000000056, -0.5999999999999999778 ) ) ;
#9245 = CARTESIAN_POINT ( 'NONE',  ( -0.4350000000000000533, -0.6499999999999999112, 0.3750000000000001110 ) ) ;
#9246 = ORIENTED_EDGE ( 'NONE', *, *, #8559, .T. ) ;
#9247 = AXIS2_PLACEMENT_3D ( 'NONE', #6123, #1698, #6154 ) ;
#9248 = CIRCLE ( 'NONE', #4428, 0.02500000000000002914 ) ;
#9249 = SURFACE_STYLE_FILL_AREA ( #9761 ) ;
#9250 = CARTESIAN_POINT ( 'NONE',  ( -0.5199999999999999067, -0.6999999999999997335, 0.3999999999999999667 ) ) ;
#9251 = EDGE_CURVE ( 'NONE', #483, #6495, #5683, .T. ) ;
#9252 =( NAMED_UNIT ( * ) SI_UNIT ( $, .STERADIAN. ) SOLID_ANGLE_UNIT ( ) );
#9253 =( GEOMETRIC_REPRESENTATION_CONTEXT ( 3 ) GLOBAL_UNCERTAINTY_ASSIGNED_CONTEXT ( ( #4060 ) ) GLOBAL_UNIT_ASSIGNED_CONTEXT ( ( #6013, #5242, #9078 ) ) REPRESENTATION_CONTEXT ( 'NONE', 'WORKASPACE' ) );
#9254 = AXIS2_PLACEMENT_3D ( 'NONE', #1659, #867, #8535 ) ;
#9255 =( LENGTH_UNIT ( ) NAMED_UNIT ( * ) SI_UNIT ( .MILLI., .METRE. ) );
#9256 = PLANE ( 'NONE',  #4181 ) ;
#9257 = AXIS2_PLACEMENT_3D ( 'NONE', #7921, #268, #2583 ) ;
#9258 = ORIENTED_EDGE ( 'NONE', *, *, #423, .T. ) ;
#9259 = CARTESIAN_POINT ( 'NONE',  ( -0.4350000000000000533, -0.6499999999999999112, 0.4000000000000000777 ) ) ;
#9260 = PRESENTATION_STYLE_ASSIGNMENT (( #9563 ) ) ;
#9261 = EDGE_LOOP ( 'NONE', ( #2169, #7784, #2422, #4081 ) ) ;
#9262 = CARTESIAN_POINT ( 'NONE',  ( 0.3450000000000001399, -0.2250000000000000611, -0.3799999999999999489 ) ) ;
#9263 = FILL_AREA_STYLE_COLOUR ( '', #6714 ) ;
#9264 = VECTOR ( 'NONE', #9739, 1000.000000000000000 ) ;
#9265 = PRESENTATION_LAYER_ASSIGNMENT (  '', '', ( #2826 ) ) ;
#9266 = ORIENTED_EDGE ( 'NONE', *, *, #6222, .T. ) ;
#9267 =( LENGTH_UNIT ( ) NAMED_UNIT ( * ) SI_UNIT ( .MILLI., .METRE. ) );
#9268 = FILL_AREA_STYLE ('',( #7088 ) ) ;
#9269 =( GEOMETRIC_REPRESENTATION_CONTEXT ( 3 ) GLOBAL_UNCERTAINTY_ASSIGNED_CONTEXT ( ( #6967 ) ) GLOBAL_UNIT_ASSIGNED_CONTEXT ( ( #8333, #6798, #4520 ) ) REPRESENTATION_CONTEXT ( 'NONE', 'WORKASPACE' ) );
#9270 = SURFACE_STYLE_USAGE ( .BOTH. , #176 ) ;
#9271 = UNCERTAINTY_MEASURE_WITH_UNIT (LENGTH_MEASURE( 1.000000000000000082E-05 ), #6742, 'distance_accuracy_value', 'NONE');
#9272 =( NAMED_UNIT ( * ) SI_UNIT ( $, .STERADIAN. ) SOLID_ANGLE_UNIT ( ) );
#9273 = CARTESIAN_POINT ( 'NONE',  ( 0.5499999999999999334, -0.7299999999999999822, 0.1999999999999998723 ) ) ;
#9274 = ORIENTED_EDGE ( 'NONE', *, *, #8531, .F. ) ;
#9275 = SURFACE_STYLE_USAGE ( .BOTH. , #8442 ) ;
#9276 =( LENGTH_UNIT ( ) NAMED_UNIT ( * ) SI_UNIT ( .MILLI., .METRE. ) );
#9277 = SURFACE_STYLE_FILL_AREA ( #393 ) ;
#9278 = SURFACE_STYLE_FILL_AREA ( #3650 ) ;
#9279 = EDGE_CURVE ( 'NONE', #4205, #4205, #7491, .T. ) ;
#9280 = ADVANCED_FACE ( 'NONE', ( #3904 ), #6554, .F. ) ;
#9281 = STYLED_ITEM ( 'NONE', ( #4823 ), #3335 ) ;
#9282 = PRESENTATION_LAYER_ASSIGNMENT (  '', '', ( #7423 ) ) ;
#9283 = DIRECTION ( 'NONE',  ( 0.000000000000000000, 0.000000000000000000, 1.000000000000000000 ) ) ;
#9284 = DIRECTION ( 'NONE',  ( 0.000000000000000000, 0.9396926207859105373, 0.3420201433256625512 ) ) ;
#9285 = CIRCLE ( 'NONE', #1038, 0.02499999999999995628 ) ;
#9286 = SURFACE_STYLE_USAGE ( .BOTH. , #5547 ) ;
#9287 = ORIENTED_EDGE ( 'NONE', *, *, #5331, .F. ) ;
#9288 = VERTEX_POINT ( 'NONE', #2980 ) ;
#9289 =( GEOMETRIC_REPRESENTATION_CONTEXT ( 3 ) GLOBAL_UNCERTAINTY_ASSIGNED_CONTEXT ( ( #2536 ) ) GLOBAL_UNIT_ASSIGNED_CONTEXT ( ( #5794, #6512, #1293 ) ) REPRESENTATION_CONTEXT ( 'NONE', 'WORKASPACE' ) );
#9290 = EDGE_CURVE ( 'NONE', #1749, #3550, #5329, .T. ) ;
#9291 = SURFACE_STYLE_FILL_AREA ( #8337 ) ;
#9292 = UNCERTAINTY_MEASURE_WITH_UNIT (LENGTH_MEASURE( 1.000000000000000082E-05 ), #9814, 'distance_accuracy_value', 'NONE');
#9293 = CARTESIAN_POINT ( 'NONE',  ( 1.000000000000000000, -0.9000000000000000222, -0.5999999999999999778 ) ) ;
#9294 = MECHANICAL_DESIGN_GEOMETRIC_PRESENTATION_REPRESENTATION (  '', ( #4559 ), #318 ) ;
#9295 = EDGE_LOOP ( 'NONE', ( #7588 ) ) ;
#9296 = MECHANICAL_DESIGN_GEOMETRIC_PRESENTATION_REPRESENTATION (  '', ( #633 ), #3659 ) ;
#9297 = EDGE_LOOP ( 'NONE', ( #7988 ) ) ;
#9298 = FACE_OUTER_BOUND ( 'NONE', #1526, .T. ) ;
#9299 = DIRECTION ( 'NONE',  ( 0.000000000000000000, 0.000000000000000000, 1.000000000000000000 ) ) ;
#9300 = DIRECTION ( 'NONE',  ( 0.000000000000000000, 0.000000000000000000, -1.000000000000000000 ) ) ;
#9301 =( LENGTH_UNIT ( ) NAMED_UNIT ( * ) SI_UNIT ( .MILLI., .METRE. ) );
#9302 = FILL_AREA_STYLE_COLOUR ( '', #5556 ) ;
#9303 = DIRECTION ( 'NONE',  ( 0.9825750242013556734, 0.000000000000000000, 0.1858664085188750648 ) ) ;
#9304 = PRESENTATION_LAYER_ASSIGNMENT (  '', '', ( #8078 ) ) ;
#9305 = VERTEX_POINT ( 'NONE', #6626 ) ;
#9306 = SURFACE_STYLE_USAGE ( .BOTH. , #4667 ) ;
#9307 = AXIS2_PLACEMENT_3D ( 'NONE', #9159, #55, #9123 ) ;
#9308 = MECHANICAL_DESIGN_GEOMETRIC_PRESENTATION_REPRESENTATION (  '', ( #2869 ), #1696 ) ;
#9309 = STYLED_ITEM ( 'NONE', ( #4684 ), #6155 ) ;
#9310 = COLOUR_RGB ( '',1.000000000000000000, 0.7529411764705882248, 0.7529411764705882248 ) ;
#9311 = DIRECTION ( 'NONE',  ( 0.000000000000000000, 1.000000000000000000, 0.000000000000000000 ) ) ;
#9312 = LINE ( 'NONE', #8999, #4770 ) ;
#9313 = SURFACE_STYLE_USAGE ( .BOTH. , #8545 ) ;
#9314 = SURFACE_STYLE_USAGE ( .BOTH. , #5546 ) ;
#9315 = EDGE_LOOP ( 'NONE', ( #7708 ) ) ;
#9316 = LINE ( 'NONE', #7314, #6563 ) ;
#9317 = FACE_OUTER_BOUND ( 'NONE', #736, .T. ) ;
#9318 = CYLINDRICAL_SURFACE ( 'NONE', #2603, 0.02499999999999995628 ) ;
#9319 = EDGE_CURVE ( 'NONE', #5260, #6721, #3777, .T. ) ;
#9320 = PRESENTATION_LAYER_ASSIGNMENT (  '', '', ( #4064 ) ) ;
#9321 = VERTEX_POINT ( 'NONE', #1338 ) ;
#9322 = EDGE_LOOP ( 'NONE', ( #2667, #6220, #3141, #6055 ) ) ;
#9323 = CIRCLE ( 'NONE', #7377, 0.02499999999999993894 ) ;
#9324 = UNCERTAINTY_MEASURE_WITH_UNIT (LENGTH_MEASURE( 1.000000000000000082E-05 ), #4739, 'distance_accuracy_value', 'NONE');
#9325 =( NAMED_UNIT ( * ) PLANE_ANGLE_UNIT ( ) SI_UNIT ( $, .RADIAN. ) );
#9326 = DIRECTION ( 'NONE',  ( 0.000000000000000000, 0.000000000000000000, 1.000000000000000000 ) ) ;
#9327 = EDGE_LOOP ( 'NONE', ( #1385 ) ) ;
#9328 = CARTESIAN_POINT ( 'NONE',  ( -0.5203186132900446959, -0.2000000000000000389, 0.5896446609406725825 ) ) ;
#9329 = CARTESIAN_POINT ( 'NONE',  ( 0.5499999999999999334, -0.7299999999999999822, 0.5999999999999998668 ) ) ;
#9330 =( NAMED_UNIT ( * ) SI_UNIT ( $, .STERADIAN. ) SOLID_ANGLE_UNIT ( ) );
#9331 = STYLED_ITEM ( 'NONE', ( #802 ), #2930 ) ;
#9332 = DIRECTION ( 'NONE',  ( 0.9956342260592881965, 0.000000000000000000, 0.09334070869305803597 ) ) ;
#9333 =( NAMED_UNIT ( * ) PLANE_ANGLE_UNIT ( ) SI_UNIT ( $, .RADIAN. ) );
#9334 = DIRECTION ( 'NONE',  ( -2.168404344971010446E-15, 0.000000000000000000, -1.000000000000000000 ) ) ;
#9335 = EDGE_LOOP ( 'NONE', ( #8843 ) ) ;
#9336 = FACE_OUTER_BOUND ( 'NONE', #7078, .T. ) ;
#9337 = ORIENTED_EDGE ( 'NONE', *, *, #2577, .T. ) ;
#9338 = FILL_AREA_STYLE ('',( #8516 ) ) ;
#9339 = PLANE ( 'NONE',  #430 ) ;
#9340 = CARTESIAN_POINT ( 'NONE',  ( -0.5099632742307173006, -0.1999999999999999833, 0.4500000000000000111 ) ) ;
#9341 = AXIS2_PLACEMENT_3D ( 'NONE', #4715, #913, #196 ) ;
#9342 = AXIS2_PLACEMENT_3D ( 'NONE', #5593, #5801, #7946 ) ;
#9343 = ORIENTED_EDGE ( 'NONE', *, *, #5795, .F. ) ;
#9344 = FILL_AREA_STYLE ('',( #4793 ) ) ;
#9345 = FILL_AREA_STYLE ('',( #2542 ) ) ;
#9346 = VERTEX_POINT ( 'NONE', #8095 ) ;
#9347 = PRESENTATION_STYLE_ASSIGNMENT (( #3195 ) ) ;
#9348 = COLOUR_RGB ( '',1.000000000000000000, 0.7529411764705882248, 0.7529411764705882248 ) ;
#9349 = MECHANICAL_DESIGN_GEOMETRIC_PRESENTATION_REPRESENTATION (  '', ( #5780 ), #491 ) ;
#9350 = LINE ( 'NONE', #7614, #1886 ) ;
#9351 = SURFACE_SIDE_STYLE ('',( #8916 ) ) ;
#9352 = VERTEX_POINT ( 'NONE', #9653 ) ;
#9353 = VERTEX_POINT ( 'NONE', #7834 ) ;
#9354 = SURFACE_STYLE_FILL_AREA ( #6673 ) ;
#9355 = EDGE_LOOP ( 'NONE', ( #906 ) ) ;
#9356 = EDGE_CURVE ( 'NONE', #4085, #4085, #582, .T. ) ;
#9357 = MECHANICAL_DESIGN_GEOMETRIC_PRESENTATION_REPRESENTATION (  '', ( #7935 ), #1219 ) ;
#9358 = SURFACE_STYLE_FILL_AREA ( #2363 ) ;
#9359 = FILL_AREA_STYLE ('',( #7052 ) ) ;
#9360 =( GEOMETRIC_REPRESENTATION_CONTEXT ( 3 ) GLOBAL_UNCERTAINTY_ASSIGNED_CONTEXT ( ( #3364 ) ) GLOBAL_UNIT_ASSIGNED_CONTEXT ( ( #1670, #6185, #6982 ) ) REPRESENTATION_CONTEXT ( 'NONE', 'WORKASPACE' ) );
#9361 = CARTESIAN_POINT ( 'NONE',  ( -0.4350000000000000533, -0.2799999999999999711, -0.4799999999999999822 ) ) ;
#9362 = PLANE ( 'NONE',  #5811 ) ;
#9363 = FILL_AREA_STYLE ('',( #7120 ) ) ;
#9364 =( LENGTH_UNIT ( ) NAMED_UNIT ( * ) SI_UNIT ( .MILLI., .METRE. ) );
#9365 = ADVANCED_FACE ( 'NONE', ( #1189, #6168 ), #350, .T. ) ;
#9366 = PRESENTATION_STYLE_ASSIGNMENT (( #9306 ) ) ;
#9367 = CIRCLE ( 'NONE', #4293, 0.02499999999999995628 ) ;
#9368 =( NAMED_UNIT ( * ) SI_UNIT ( $, .STERADIAN. ) SOLID_ANGLE_UNIT ( ) );
#9369 = CARTESIAN_POINT ( 'NONE',  ( -0.4099999999999999756, -0.2250000000000000611, -0.4299999999999999378 ) ) ;
#9370 = DIRECTION ( 'NONE',  ( 0.000000000000000000, 0.000000000000000000, -1.000000000000000000 ) ) ;
#9371 = SURFACE_SIDE_STYLE ('',( #7728 ) ) ;
#9372 = TOROIDAL_SURFACE ( 'NONE', #1919, 0.04999999999999991257, 0.02499999999999996669 ) ;
#9373 = CARTESIAN_POINT ( 'NONE',  ( 0.3450000000000001399, -0.2250000000000000611, -0.3799999999999999489 ) ) ;
#9374 = SURFACE_STYLE_FILL_AREA ( #4876 ) ;
#9375 = COLOUR_RGB ( '',0.2509803921568627416, 0.2509803921568627416, 0.2509803921568627416 ) ;
#9376 = MECHANICAL_DESIGN_GEOMETRIC_PRESENTATION_REPRESENTATION (  '', ( #7789 ), #3376 ) ;
#9377 = ORIENTED_EDGE ( 'NONE', *, *, #9613, .T. ) ;
#9378 = PRESENTATION_LAYER_ASSIGNMENT (  '', '', ( #7009 ) ) ;
#9379 = CARTESIAN_POINT ( 'NONE',  ( -0.5099632742307173006, -0.2250000000000000056, 0.4500000000000000111 ) ) ;
#9380 = DIRECTION ( 'NONE',  ( 1.684437999741321789E-16, -1.000000000000000000, -3.368875999482643579E-16 ) ) ;
#9381 = EDGE_LOOP ( 'NONE', ( #3933, #5195, #3804, #4098 ) ) ;
#9382 = ORIENTED_EDGE ( 'NONE', *, *, #6743, .F. ) ;
#9383 = FACE_OUTER_BOUND ( 'NONE', #275, .T. ) ;
#9384 = PLANE ( 'NONE',  #3589 ) ;
#9385 = EDGE_CURVE ( 'NONE', #3072, #7356, #4004, .T. ) ;
#9386 = SURFACE_STYLE_USAGE ( .BOTH. , #7819 ) ;
#9387 = ORIENTED_EDGE ( 'NONE', *, *, #1620, .F. ) ;
#9388 =( GEOMETRIC_REPRESENTATION_CONTEXT ( 3 ) GLOBAL_UNCERTAINTY_ASSIGNED_CONTEXT ( ( #9028 ) ) GLOBAL_UNIT_ASSIGNED_CONTEXT ( ( #6043, #1528, #6811 ) ) REPRESENTATION_CONTEXT ( 'NONE', 'WORKASPACE' ) );
#9389 = CARTESIAN_POINT ( 'NONE',  ( -0.5099632742307173006, -0.5949999999999999734, -0.4249999999999999889 ) ) ;
#9390 = ADVANCED_FACE ( 'NONE', ( #2841, #709 ), #8431, .T. ) ;
#9391 = DIRECTION ( 'NONE',  ( -1.431740629775232775E-15, 0.7578075450417297576, -0.6524781411494386951 ) ) ;
#9392 = FACE_OUTER_BOUND ( 'NONE', #536, .T. ) ;
#9393 = SURFACE_STYLE_FILL_AREA ( #1599 ) ;
#9394 =( NAMED_UNIT ( * ) PLANE_ANGLE_UNIT ( ) SI_UNIT ( $, .RADIAN. ) );
#9395 = DIRECTION ( 'NONE',  ( 0.000000000000000000, 0.000000000000000000, 1.000000000000000000 ) ) ;
#9396 = STYLED_ITEM ( 'NONE', ( #9366 ), #9779 ) ;
#9397 = CARTESIAN_POINT ( 'NONE',  ( -0.3850000000000000089, -0.5999999999999998668, -0.4799999999999999822 ) ) ;
#9398 = FILL_AREA_STYLE ('',( #7747 ) ) ;
#9399 = EDGE_LOOP ( 'NONE', ( #6561 ) ) ;
#9400 = CARTESIAN_POINT ( 'NONE',  ( -0.4600000000000000200, -0.2300000000000000655, -0.4299999999999999933 ) ) ;
#9401 = EDGE_CURVE ( 'NONE', #5571, #8871, #1065, .T. ) ;
#9402 = PRESENTATION_LAYER_ASSIGNMENT (  '', '', ( #3284 ) ) ;
#9403 = SURFACE_STYLE_FILL_AREA ( #2225 ) ;
#9404 =( NAMED_UNIT ( * ) PLANE_ANGLE_UNIT ( ) SI_UNIT ( $, .RADIAN. ) );
#9405 = PRESENTATION_LAYER_ASSIGNMENT (  '', '', ( #553 ) ) ;
#9406 = ORIENTED_EDGE ( 'NONE', *, *, #3601, .T. ) ;
#9407 =( NAMED_UNIT ( * ) PLANE_ANGLE_UNIT ( ) SI_UNIT ( $, .RADIAN. ) );
#9408 = EDGE_LOOP ( 'NONE', ( #4553 ) ) ;
#9409 =( GEOMETRIC_REPRESENTATION_CONTEXT ( 3 ) GLOBAL_UNCERTAINTY_ASSIGNED_CONTEXT ( ( #36 ) ) GLOBAL_UNIT_ASSIGNED_CONTEXT ( ( #8921, #8151, #5917 ) ) REPRESENTATION_CONTEXT ( 'NONE', 'WORKASPACE' ) );
#9410 = EDGE_CURVE ( 'NONE', #6463, #6463, #2714, .T. ) ;
#9411 = AXIS2_PLACEMENT_3D ( 'NONE', #6493, #431, #4957 ) ;
#9412 = STYLED_ITEM ( 'NONE', ( #8492 ), #7574 ) ;
#9413 = CARTESIAN_POINT ( 'NONE',  ( -0.01233296456534700540, -0.5949999999999997513, 0.4302182886970356002 ) ) ;
#9414 = SURFACE_STYLE_FILL_AREA ( #3452 ) ;
#9415 = SURFACE_SIDE_STYLE ('',( #3024 ) ) ;
#9416 = ORIENTED_EDGE ( 'NONE', *, *, #9103, .F. ) ;
#9417 = SURFACE_STYLE_FILL_AREA ( #2236 ) ;
#9418 = FILL_AREA_STYLE_COLOUR ( '', #9375 ) ;
#9419 = CARTESIAN_POINT ( 'NONE',  ( 0.5099632742307173006, -0.2250000000000000056, 0.5999999999999999778 ) ) ;
#9420 =( LENGTH_UNIT ( ) NAMED_UNIT ( * ) SI_UNIT ( .MILLI., .METRE. ) );
#9421 = ADVANCED_FACE ( 'NONE', ( #4966 ), #8197, .T. ) ;
#9422 =( NAMED_UNIT ( * ) SI_UNIT ( $, .STERADIAN. ) SOLID_ANGLE_UNIT ( ) );
#9423 = LINE ( 'NONE', #287, #288 ) ;
#9424 =( GEOMETRIC_REPRESENTATION_CONTEXT ( 3 ) GLOBAL_UNCERTAINTY_ASSIGNED_CONTEXT ( ( #3851 ) ) GLOBAL_UNIT_ASSIGNED_CONTEXT ( ( #999, #7838, #5573 ) ) REPRESENTATION_CONTEXT ( 'NONE', 'WORKASPACE' ) );
#9425 = FACE_OUTER_BOUND ( 'NONE', #2404, .T. ) ;
#9426 = EDGE_LOOP ( 'NONE', ( #778 ) ) ;
#9427 = CARTESIAN_POINT ( 'NONE',  ( -0.01343562439496598024, -0.2750000000000000222, -0.4753533397870280952 ) ) ;
#9428 = MECHANICAL_DESIGN_GEOMETRIC_PRESENTATION_REPRESENTATION (  '', ( #6492 ), #5810 ) ;
#9429 = CARTESIAN_POINT ( 'NONE',  ( 1.000000000000000000, -0.7299999999999999822, -0.5999999999999999778 ) ) ;
#9430 = EDGE_LOOP ( 'NONE', ( #4800 ) ) ;
#9431 = AXIS2_PLACEMENT_3D ( 'NONE', #4854, #1958, #5036 ) ;
#9432 = STYLED_ITEM ( 'NONE', ( #4497 ), #6352 ) ;
#9433 =( NAMED_UNIT ( * ) SI_UNIT ( $, .STERADIAN. ) SOLID_ANGLE_UNIT ( ) );
#9434 = CARTESIAN_POINT ( 'NONE',  ( -0.5099632742307173006, -0.2000000000000000111, 0.5999999999999999778 ) ) ;
#9435 = ORIENTED_EDGE ( 'NONE', *, *, #8915, .T. ) ;
#9436 = FACE_OUTER_BOUND ( 'NONE', #9295, .T. ) ;
#9437 = CARTESIAN_POINT ( 'NONE',  ( -0.04266703543465395071, -0.6449999999999997957, -0.4302182886970357112 ) ) ;
#9438 = VERTEX_POINT ( 'NONE', #1375 ) ;
#9439 = FACE_OUTER_BOUND ( 'NONE', #8548, .T. ) ;
#9440 = CIRCLE ( 'NONE', #5651, 0.02500000000000001180 ) ;
#9441 = UNCERTAINTY_MEASURE_WITH_UNIT (LENGTH_MEASURE( 1.000000000000000082E-05 ), #9664, 'distance_accuracy_value', 'NONE');
#9442 = PRESENTATION_LAYER_ASSIGNMENT (  '', '', ( #4525 ) ) ;
#9443 = EDGE_LOOP ( 'NONE', ( #3479 ) ) ;
#9444 =( LENGTH_UNIT ( ) NAMED_UNIT ( * ) SI_UNIT ( .MILLI., .METRE. ) );
#9445 = ORIENTED_EDGE ( 'NONE', *, *, #7184, .T. ) ;
#9446 =( GEOMETRIC_REPRESENTATION_CONTEXT ( 3 ) GLOBAL_UNCERTAINTY_ASSIGNED_CONTEXT ( ( #1120 ) ) GLOBAL_UNIT_ASSIGNED_CONTEXT ( ( #5098, #619, #8933 ) ) REPRESENTATION_CONTEXT ( 'NONE', 'WORKASPACE' ) );
#9447 =( NAMED_UNIT ( * ) SI_UNIT ( $, .STERADIAN. ) SOLID_ANGLE_UNIT ( ) );
#9448 = FILL_AREA_STYLE ('',( #797 ) ) ;
#9449 =( LENGTH_UNIT ( ) NAMED_UNIT ( * ) SI_UNIT ( .MILLI., .METRE. ) );
#9450 = DIRECTION ( 'NONE',  ( 1.000000000000000000, 0.000000000000000000, 0.000000000000000000 ) ) ;
#9451 = AXIS2_PLACEMENT_3D ( 'NONE', #9259, #8423, #8486 ) ;
#9452 =( NAMED_UNIT ( * ) SI_UNIT ( $, .STERADIAN. ) SOLID_ANGLE_UNIT ( ) );
#9453 = MECHANICAL_DESIGN_GEOMETRIC_PRESENTATION_REPRESENTATION (  '', ( #3639 ), #3455 ) ;
#9454 = VERTEX_POINT ( 'NONE', #7542 ) ;
#9455 = COLOUR_RGB ( '',1.000000000000000000, 1.000000000000000000, 1.000000000000000000 ) ;
#9456 =( GEOMETRIC_REPRESENTATION_CONTEXT ( 3 ) GLOBAL_UNCERTAINTY_ASSIGNED_CONTEXT ( ( #9441 ) ) GLOBAL_UNIT_ASSIGNED_CONTEXT ( ( #9664, #5236, #7404 ) ) REPRESENTATION_CONTEXT ( 'NONE', 'WORKASPACE' ) );
#9457 = ORIENTED_EDGE ( 'NONE', *, *, #3547, .F. ) ;
#9458 =( NAMED_UNIT ( * ) SI_UNIT ( $, .STERADIAN. ) SOLID_ANGLE_UNIT ( ) );
#9459 = CARTESIAN_POINT ( 'NONE',  ( -0.5199999999999997957, -0.8749999999999998890, 0.3749999999999998335 ) ) ;
#9460 = STYLED_ITEM ( 'NONE', ( #5072 ), #6792 ) ;
#9461 = SURFACE_STYLE_USAGE ( .BOTH. , #9558 ) ;
#9462 = UNCERTAINTY_MEASURE_WITH_UNIT (LENGTH_MEASURE( 1.000000000000000082E-05 ), #504, 'distance_accuracy_value', 'NONE');
#9463 = UNCERTAINTY_MEASURE_WITH_UNIT (LENGTH_MEASURE( 1.000000000000000082E-05 ), #8112, 'distance_accuracy_value', 'NONE');
#9464 = ORIENTED_EDGE ( 'NONE', *, *, #3077, .F. ) ;
#9465 = CYLINDRICAL_SURFACE ( 'NONE', #611, 0.02500000000000006384 ) ;
#9466 = CIRCLE ( 'NONE', #4276, 0.02500000000000002567 ) ;
#9467 = VERTEX_POINT ( 'NONE', #1378 ) ;
#9468 = LINE ( 'NONE', #2889, #2579 ) ;
#9469 = ORIENTED_EDGE ( 'NONE', *, *, #6743, .T. ) ;
#9470 = CARTESIAN_POINT ( 'NONE',  ( -0.3850000000000000089, -0.5999999999999998668, -0.4299999999999999378 ) ) ;
#9471 = SURFACE_STYLE_USAGE ( .BOTH. , #3377 ) ;
#9472 = PRESENTATION_LAYER_ASSIGNMENT (  '', '', ( #4811 ) ) ;
#9473 =( NAMED_UNIT ( * ) SI_UNIT ( $, .STERADIAN. ) SOLID_ANGLE_UNIT ( ) );
#9474 = ADVANCED_FACE ( 'NONE', ( #7353 ), #3769, .T. ) ;
#9475 = EDGE_LOOP ( 'NONE', ( #2591 ) ) ;
#9476 = AXIS2_PLACEMENT_3D ( 'NONE', #358, #1971, #7924 ) ;
#9477 = UNCERTAINTY_MEASURE_WITH_UNIT (LENGTH_MEASURE( 1.000000000000000082E-05 ), #3228, 'distance_accuracy_value', 'NONE');
#9478 = LINE ( 'NONE', #3964, #7929 ) ;
#9479 = STYLED_ITEM ( 'NONE', ( #7205 ), #5361 ) ;
#9480 =( NAMED_UNIT ( * ) SI_UNIT ( $, .STERADIAN. ) SOLID_ANGLE_UNIT ( ) );
#9481 = DIRECTION ( 'NONE',  ( -0.9956342260592881965, -0.000000000000000000, -0.09334070869305820251 ) ) ;
#9482 = AXIS2_PLACEMENT_3D ( 'NONE', #7590, #7623, #5272 ) ;
#9483 = SURFACE_STYLE_FILL_AREA ( #45 ) ;
#9485 =( NAMED_UNIT ( * ) SI_UNIT ( $, .STERADIAN. ) SOLID_ANGLE_UNIT ( ) );
#9484 = COLOUR_RGB ( '',1.000000000000000000, 0.7529411764705882248, 0.7529411764705882248 ) ;
#9486 = ORIENTED_EDGE ( 'NONE', *, *, #748, .F. ) ;
#9487 = PRESENTATION_LAYER_ASSIGNMENT (  '', '', ( #1301 ) ) ;
#9488 = FILL_AREA_STYLE ('',( #9512 ) ) ;
#9489 = FILL_AREA_STYLE_COLOUR ( '', #9455 ) ;
#9490 = MECHANICAL_DESIGN_GEOMETRIC_PRESENTATION_REPRESENTATION (  '', ( #7829 ), #9360 ) ;
#9491 = DIRECTION ( 'NONE',  ( -1.000000000000000000, 0.000000000000000000, 0.000000000000000000 ) ) ;
#9492 = DIRECTION ( 'NONE',  ( 0.3236155771181914997, -0.8891264907159882602, -0.3236155771181781216 ) ) ;
#9493 = CARTESIAN_POINT ( 'NONE',  ( 0.2085643756050339914, -0.5949999999999998623, -0.4753533397870280952 ) ) ;
#9494 = FILL_AREA_STYLE_COLOUR ( '', #327 ) ;
#9495 = SURFACE_SIDE_STYLE ('',( #3743 ) ) ;
#9496 = COLOUR_RGB ( '',1.000000000000000000, 0.7529411764705882248, 0.7529411764705882248 ) ;
#9497 = DIRECTION ( 'NONE',  ( -1.000000000000000000, 0.000000000000000000, 0.000000000000000000 ) ) ;
#9498 = DIRECTION ( 'NONE',  ( 1.000000000000000000, 0.000000000000000000, -0.000000000000000000 ) ) ;
#9499 =( GEOMETRIC_REPRESENTATION_CONTEXT ( 3 ) GLOBAL_UNCERTAINTY_ASSIGNED_CONTEXT ( ( #6159 ) ) GLOBAL_UNIT_ASSIGNED_CONTEXT ( ( #2881, #4332, #9757 ) ) REPRESENTATION_CONTEXT ( 'NONE', 'WORKASPACE' ) );
#9500 =( NAMED_UNIT ( * ) SI_UNIT ( $, .STERADIAN. ) SOLID_ANGLE_UNIT ( ) );
#9501 = FACE_OUTER_BOUND ( 'NONE', #3169, .T. ) ;
#9502 = MANIFOLD_SOLID_BREP ( 'Boss-Extrude3[3]', #9217 ) ;
#9503 = VERTEX_POINT ( 'NONE', #563 ) ;
#9504 = CYLINDRICAL_SURFACE ( 'NONE', #84, 0.02500000000000001180 ) ;
#9505 = VECTOR ( 'NONE', #3367, 1000.000000000000000 ) ;
#9506 = EDGE_CURVE ( 'NONE', #4669, #3129, #3903, .T. ) ;
#9507 = MECHANICAL_DESIGN_GEOMETRIC_PRESENTATION_REPRESENTATION (  '', ( #6082 ), #2232 ) ;
#9508 = CLOSED_SHELL ( 'NONE', ( #666, #9833, #1461, #4785, #6986, #7071, #339, #6640, #2774, #1563, #1927, #3335, #4574 ) ) ;
#9509 = ORIENTED_EDGE ( 'NONE', *, *, #2408, .F. ) ;
#9510 = TOROIDAL_SURFACE ( 'NONE', #4510, 0.05000000000000002359, 0.02499999999999996669 ) ;
#9511 = UNCERTAINTY_MEASURE_WITH_UNIT (LENGTH_MEASURE( 1.000000000000000082E-05 ), #1304, 'distance_accuracy_value', 'NONE');
#9512 = FILL_AREA_STYLE_COLOUR ( '', #9348 ) ;
#9513 =( LENGTH_UNIT ( ) NAMED_UNIT ( * ) SI_UNIT ( .MILLI., .METRE. ) );
#9514 = LINE ( 'NONE', #4341, #4851 ) ;
#9515 =( NAMED_UNIT ( * ) SI_UNIT ( $, .STERADIAN. ) SOLID_ANGLE_UNIT ( ) );
#9516 = ADVANCED_FACE ( 'NONE', ( #1440, #3302 ), #2274, .T. ) ;
#9517 = SURFACE_STYLE_USAGE ( .BOTH. , #2775 ) ;
#9518 = EDGE_LOOP ( 'NONE', ( #3997 ) ) ;
#9519 = CARTESIAN_POINT ( 'NONE',  ( -0.1854356243949659699, -0.2296466602129719481, -0.4299999999999999933 ) ) ;
#9520 = ORIENTED_EDGE ( 'NONE', *, *, #2070, .F. ) ;
#9521 = PRESENTATION_LAYER_ASSIGNMENT (  '', '', ( #7420 ) ) ;
#9522 = UNCERTAINTY_MEASURE_WITH_UNIT (LENGTH_MEASURE( 1.000000000000000082E-05 ), #3523, 'distance_accuracy_value', 'NONE');
#9523 = FACE_OUTER_BOUND ( 'NONE', #323, .T. ) ;
#9524 = FACE_OUTER_BOUND ( 'NONE', #8474, .T. ) ;
#9525 = DIRECTION ( 'NONE',  ( 0.000000000000000000, 0.000000000000000000, 1.000000000000000000 ) ) ;
#9526 = SURFACE_STYLE_USAGE ( .BOTH. , #3438 ) ;
#9527 =( LENGTH_UNIT ( ) NAMED_UNIT ( * ) SI_UNIT ( .MILLI., .METRE. ) );
#9528 = DIRECTION ( 'NONE',  ( 0.000000000000000000, 0.000000000000000000, -1.000000000000000000 ) ) ;
#9529 = EDGE_LOOP ( 'NONE', ( #6005 ) ) ;
#9530 = ADVANCED_FACE ( 'NONE', ( #9846, #7343 ), #113, .T. ) ;
#9531 = FACE_OUTER_BOUND ( 'NONE', #3316, .T. ) ;
#9532 = SURFACE_STYLE_FILL_AREA ( #2101 ) ;
#9533 = CYLINDRICAL_SURFACE ( 'NONE', #7783, 0.02499999999999995628 ) ;
#9534 =( LENGTH_UNIT ( ) NAMED_UNIT ( * ) SI_UNIT ( .MILLI., .METRE. ) );
#9535 = COLOUR_RGB ( '',1.000000000000000000, 1.000000000000000000, 1.000000000000000000 ) ;
#9536 = FACE_OUTER_BOUND ( 'NONE', #7659, .T. ) ;
#9537 = MECHANICAL_DESIGN_GEOMETRIC_PRESENTATION_REPRESENTATION (  '', ( #6990 ), #202 ) ;
#9538 =( NAMED_UNIT ( * ) SI_UNIT ( $, .STERADIAN. ) SOLID_ANGLE_UNIT ( ) );
#9539 = VERTEX_POINT ( 'NONE', #6643 ) ;
#9540 = EDGE_CURVE ( 'NONE', #1866, #5586, #4724, .T. ) ;
#9541 = CIRCLE ( 'NONE', #9236, 0.02500000000000001874 ) ;
#9542 = CARTESIAN_POINT ( 'NONE',  ( -0.09899999999999990752, -0.2250000000000000611, -0.3799999999999999489 ) ) ;
#9543 = STYLED_ITEM ( 'NONE', ( #5235 ), #666 ) ;
#9544 = CARTESIAN_POINT ( 'NONE',  ( 0.5099632742307173006, -0.6199999999999998845, -0.1599632742307184052 ) ) ;
#9545 = STYLED_ITEM ( 'NONE', ( #5148 ), #8019 ) ;
#9546 = FACE_OUTER_BOUND ( 'NONE', #7122, .T. ) ;
#9547 = FILL_AREA_STYLE_COLOUR ( '', #1050 ) ;
#9548 = SURFACE_STYLE_USAGE ( .BOTH. , #5832 ) ;
#9549 = ORIENTED_EDGE ( 'NONE', *, *, #5562, .F. ) ;
#9550 =( LENGTH_UNIT ( ) NAMED_UNIT ( * ) SI_UNIT ( .MILLI., .METRE. ) );
#9551 = FILL_AREA_STYLE ('',( #4946 ) ) ;
#9552 = PRESENTATION_STYLE_ASSIGNMENT (( #8761 ) ) ;
#9553 = STYLED_ITEM ( 'NONE', ( #4001 ), #5192 ) ;
#9554 =( NAMED_UNIT ( * ) PLANE_ANGLE_UNIT ( ) SI_UNIT ( $, .RADIAN. ) );
#9555 = CARTESIAN_POINT ( 'NONE',  ( -0.2095507767628300155, -0.6426664822826732015, 0.4325416188035216547 ) ) ;
#9556 = MECHANICAL_DESIGN_GEOMETRIC_PRESENTATION_REPRESENTATION (  '', ( #3262 ), #718 ) ;
#9557 = ORIENTED_EDGE ( 'NONE', *, *, #3386, .T. ) ;
#9558 = SURFACE_SIDE_STYLE ('',( #5555 ) ) ;
#9559 = AXIS2_PLACEMENT_3D ( 'NONE', #7621, #959, #6177 ) ;
#9560 = SURFACE_STYLE_FILL_AREA ( #4620 ) ;
#9561 = ORIENTED_EDGE ( 'NONE', *, *, #3547, .T. ) ;
#9562 = UNCERTAINTY_MEASURE_WITH_UNIT (LENGTH_MEASURE( 1.000000000000000082E-05 ), #4997, 'distance_accuracy_value', 'NONE');
#9563 = SURFACE_STYLE_USAGE ( .BOTH. , #2054 ) ;
#9564 = SURFACE_STYLE_USAGE ( .BOTH. , #3375 ) ;
#9565 =( NAMED_UNIT ( * ) PLANE_ANGLE_UNIT ( ) SI_UNIT ( $, .RADIAN. ) );
#9566 =( NAMED_UNIT ( * ) PLANE_ANGLE_UNIT ( ) SI_UNIT ( $, .RADIAN. ) );
#9567 = ORIENTED_EDGE ( 'NONE', *, *, #2689, .F. ) ;
#9568 = ORIENTED_EDGE ( 'NONE', *, *, #5521, .T. ) ;
#9569 = EDGE_CURVE ( 'NONE', #4451, #4451, #8422, .T. ) ;
#9570 =( GEOMETRIC_REPRESENTATION_CONTEXT ( 3 ) GLOBAL_UNCERTAINTY_ASSIGNED_CONTEXT ( ( #6373 ) ) GLOBAL_UNIT_ASSIGNED_CONTEXT ( ( #6939, #3222, #6997 ) ) REPRESENTATION_CONTEXT ( 'NONE', 'WORKASPACE' ) );
#9571 =( NAMED_UNIT ( * ) PLANE_ANGLE_UNIT ( ) SI_UNIT ( $, .RADIAN. ) );
#9572 = ORIENTED_EDGE ( 'NONE', *, *, #3899, .T. ) ;
#9573 = MECHANICAL_DESIGN_GEOMETRIC_PRESENTATION_REPRESENTATION (  '', ( #2760 ), #6149 ) ;
#9574 = VERTEX_POINT ( 'NONE', #463 ) ;
#9575 = FACE_OUTER_BOUND ( 'NONE', #7415, .T. ) ;
#9576 = PRESENTATION_STYLE_ASSIGNMENT (( #239 ) ) ;
#9577 = CARTESIAN_POINT ( 'NONE',  ( 0.5499999999999999334, -0.7299999999999999822, 0.5999999999999998668 ) ) ;
#9578 = ORIENTED_EDGE ( 'NONE', *, *, #3734, .F. ) ;
#9579 =( NAMED_UNIT ( * ) SI_UNIT ( $, .STERADIAN. ) SOLID_ANGLE_UNIT ( ) );
#9580 = DIRECTION ( 'NONE',  ( -0.9956342260592881965, -0.000000000000000000, -0.09334070869305820251 ) ) ;
#9581 = EDGE_CURVE ( 'NONE', #3162, #9087, #570, .T. ) ;
#9582 = CARTESIAN_POINT ( 'NONE',  ( 0.4522282473117545387, -0.2000000000000000111, -0.4999999999999998890 ) ) ;
#9583 = AXIS2_PLACEMENT_3D ( 'NONE', #7468, #8969, #6828 ) ;
#9584 = SURFACE_SIDE_STYLE ('',( #3871 ) ) ;
#9585 = UNCERTAINTY_MEASURE_WITH_UNIT (LENGTH_MEASURE( 1.000000000000000082E-05 ), #2823, 'distance_accuracy_value', 'NONE');
#9586 = ORIENTED_EDGE ( 'NONE', *, *, #4484, .T. ) ;
#9587 = DIRECTION ( 'NONE',  ( 0.000000000000000000, 0.000000000000000000, 1.000000000000000000 ) ) ;
#9588 = CIRCLE ( 'NONE', #8561, 0.02500000000000002914 ) ;
#9589 = VERTEX_POINT ( 'NONE', #4160 ) ;
#9590 = VECTOR ( 'NONE', #4598, 1000.000000000000000 ) ;
#9591 = SURFACE_SIDE_STYLE ('',( #5913 ) ) ;
#9592 = VERTEX_POINT ( 'NONE', #1354 ) ;
#9593 = CARTESIAN_POINT ( 'NONE',  ( 0.3195643756050340345, -0.5949999999999998623, -0.4753533397870280397 ) ) ;
#9594 = FACE_OUTER_BOUND ( 'NONE', #4303, .T. ) ;
#9595 = AXIS2_PLACEMENT_3D ( 'NONE', #9373, #5572, #9497 ) ;
#9596 = CYLINDRICAL_SURFACE ( 'NONE', #4703, 0.02500000000000006384 ) ;
#9597 =( NAMED_UNIT ( * ) PLANE_ANGLE_UNIT ( ) SI_UNIT ( $, .RADIAN. ) );
#9598 = CARTESIAN_POINT ( 'NONE',  ( -0.5099632742307175226, -0.6199999999999998845, 0.1599632742307184052 ) ) ;
#9599 = VERTEX_POINT ( 'NONE', #7061 ) ;
#9600 = DIRECTION ( 'NONE',  ( 0.000000000000000000, 0.000000000000000000, 1.000000000000000000 ) ) ;
#9601 = DIRECTION ( 'NONE',  ( -1.000000000000000000, -0.000000000000000000, -2.409338161078898194E-16 ) ) ;
#9602 = EDGE_CURVE ( 'NONE', #3310, #5745, #6379, .T. ) ;
#9603 = LINE ( 'NONE', #9630, #8900 ) ;
#9604 =( NAMED_UNIT ( * ) PLANE_ANGLE_UNIT ( ) SI_UNIT ( $, .RADIAN. ) );
#9605 =( GEOMETRIC_REPRESENTATION_CONTEXT ( 3 ) GLOBAL_UNCERTAINTY_ASSIGNED_CONTEXT ( ( #1462 ) ) GLOBAL_UNIT_ASSIGNED_CONTEXT ( ( #7417, #3473, #8114 ) ) REPRESENTATION_CONTEXT ( 'NONE', 'WORKASPACE' ) );
#9606 = STYLED_ITEM ( 'NONE', ( #4920 ), #5847 ) ;
#9607 = PRESENTATION_STYLE_ASSIGNMENT (( #9020 ) ) ;
#9608 = SURFACE_STYLE_USAGE ( .BOTH. , #2661 ) ;
#9609 = VERTEX_POINT ( 'NONE', #3700 ) ;
#9610 = DIRECTION ( 'NONE',  ( -0.000000000000000000, -1.000000000000000000, -0.000000000000000000 ) ) ;
#9611 = CARTESIAN_POINT ( 'NONE',  ( 0.3450000000000001399, -0.2750000000000000222, -0.4799999999999999822 ) ) ;
#9612 = MECHANICAL_DESIGN_GEOMETRIC_PRESENTATION_REPRESENTATION (  '', ( #5405 ), #4383 ) ;
#9613 = EDGE_CURVE ( 'NONE', #4544, #5569, #4366, .T. ) ;
#9614 = SURFACE_STYLE_USAGE ( .BOTH. , #8054 ) ;
#9615 = CYLINDRICAL_SURFACE ( 'NONE', #8457, 0.02500000000000002567 ) ;
#9616 = AXIS2_PLACEMENT_3D ( 'NONE', #713, #5953, #5220 ) ;
#9617 = FILL_AREA_STYLE ('',( #7387 ) ) ;
#9618 =( BOUNDED_CURVE ( )  B_SPLINE_CURVE ( 3, ( #6937, #9328, #2473, #4726 ),
 .UNSPECIFIED., .F., .F. ) 
 B_SPLINE_CURVE_WITH_KNOTS ( ( 4, 4 ),
 ( 4.712388980384689674, 6.283185307179586232 ),
 .UNSPECIFIED. ) 
 CURVE ( )  GEOMETRIC_REPRESENTATION_ITEM ( )  RATIONAL_B_SPLINE_CURVE ( ( 1.000000000000000000, 0.8047378541243649375, 0.8047378541243649375, 1.000000000000000000 ) ) 
 REPRESENTATION_ITEM ( '' )  );
#9619 =( GEOMETRIC_REPRESENTATION_CONTEXT ( 3 ) GLOBAL_UNCERTAINTY_ASSIGNED_CONTEXT ( ( #4334 ) ) GLOBAL_UNIT_ASSIGNED_CONTEXT ( ( #1924, #2654, #9500 ) ) REPRESENTATION_CONTEXT ( 'NONE', 'WORKASPACE' ) );
#9620 =( LENGTH_UNIT ( ) NAMED_UNIT ( * ) SI_UNIT ( .MILLI., .METRE. ) );
#9621 = DIRECTION ( 'NONE',  ( 1.000000000000000000, 0.000000000000000000, -0.000000000000000000 ) ) ;
#9622 =( GEOMETRIC_REPRESENTATION_CONTEXT ( 3 ) GLOBAL_UNCERTAINTY_ASSIGNED_CONTEXT ( ( #232 ) ) GLOBAL_UNIT_ASSIGNED_CONTEXT ( ( #6498, #6457, #1987 ) ) REPRESENTATION_CONTEXT ( 'NONE', 'WORKASPACE' ) );
#9623 = EDGE_LOOP ( 'NONE', ( #9509, #6831, #71, #6330, #9457 ) ) ;
#9624 = FILL_AREA_STYLE ('',( #6559 ) ) ;
#9625 = CARTESIAN_POINT ( 'NONE',  ( 0.2300000000000002043, -0.5949999999999997513, 0.4800000000000000933 ) ) ;
#9626 = FACE_OUTER_BOUND ( 'NONE', #6791, .T. ) ;
#9627 = PLANE ( 'NONE',  #1495 ) ;
#9628 = CIRCLE ( 'NONE', #8372, 0.02500000000000002220 ) ;
#9629 = DIRECTION ( 'NONE',  ( 1.000000000000000000, 0.000000000000000000, 0.000000000000000000 ) ) ;
#9630 = CARTESIAN_POINT ( 'NONE',  ( 0.5499999999999999334, -0.7299999999999999822, -0.2000000000000000944 ) ) ;
#9631 = COLOUR_RGB ( '',1.000000000000000000, 0.7529411764705882248, 0.7529411764705882248 ) ;
#9632 =( NAMED_UNIT ( * ) SI_UNIT ( $, .STERADIAN. ) SOLID_ANGLE_UNIT ( ) );
#9633 =( GEOMETRIC_REPRESENTATION_CONTEXT ( 3 ) GLOBAL_UNCERTAINTY_ASSIGNED_CONTEXT ( ( #6087 ) ) GLOBAL_UNIT_ASSIGNED_CONTEXT ( ( #1792, #3233, #8575 ) ) REPRESENTATION_CONTEXT ( 'NONE', 'WORKASPACE' ) );
#9634 = FACE_OUTER_BOUND ( 'NONE', #3159, .T. ) ;
#9635 = ADVANCED_FACE ( 'NONE', ( #2599 ), #2894, .F. ) ;
#9636 = FILL_AREA_STYLE_COLOUR ( '', #1221 ) ;
#9637 = CARTESIAN_POINT ( 'NONE',  ( -0.2099999999999999090, -0.5949999999999998623, -0.4799999999999999822 ) ) ;
#9638 = COLOUR_RGB ( '',1.000000000000000000, 0.7529411764705882248, 0.7529411764705882248 ) ;
#9639 = COLOUR_RGB ( '',1.000000000000000000, 1.000000000000000000, 1.000000000000000000 ) ;
#9640 = AXIS2_PLACEMENT_3D ( 'NONE', #655, #2116, #8973 ) ;
#9641 = CARTESIAN_POINT ( 'NONE',  ( 1.000000000000000444, -0.9000000000000000222, -0.1999999999999999278 ) ) ;
#9642 =( LENGTH_UNIT ( ) NAMED_UNIT ( * ) SI_UNIT ( .MILLI., .METRE. ) );
#9643 = EDGE_LOOP ( 'NONE', ( #8389 ) ) ;
#9644 =( NAMED_UNIT ( * ) PLANE_ANGLE_UNIT ( ) SI_UNIT ( $, .RADIAN. ) );
#9645 = UNCERTAINTY_MEASURE_WITH_UNIT (LENGTH_MEASURE( 1.000000000000000082E-05 ), #9364, 'distance_accuracy_value', 'NONE');
#9646 = EDGE_CURVE ( 'NONE', #9454, #9454, #2267, .T. ) ;
#9647 = MECHANICAL_DESIGN_GEOMETRIC_PRESENTATION_REPRESENTATION (  '', ( #4155 ), #4671 ) ;
#9648 = AXIS2_PLACEMENT_3D ( 'NONE', #4425, #6769, #1335 ) ;
#9649 = SURFACE_STYLE_FILL_AREA ( #57 ) ;
#9650 = EDGE_LOOP ( 'NONE', ( #4930 ) ) ;
#9651 =( LENGTH_UNIT ( ) NAMED_UNIT ( * ) SI_UNIT ( .MILLI., .METRE. ) );
#9652 =( LENGTH_UNIT ( ) NAMED_UNIT ( * ) SI_UNIT ( .MILLI., .METRE. ) );
#9653 = CARTESIAN_POINT ( 'NONE',  ( 0.5499999999999999334, -0.7299999999999999822, 0.1999999999999999001 ) ) ;
#9654 = UNCERTAINTY_MEASURE_WITH_UNIT (LENGTH_MEASURE( 1.000000000000000082E-05 ), #1490, 'distance_accuracy_value', 'NONE');
#9655 = SURFACE_STYLE_FILL_AREA ( #2858 ) ;
#9656 = SURFACE_STYLE_FILL_AREA ( #5894 ) ;
#9657 = CARTESIAN_POINT ( 'NONE',  ( -0.2999999999999999334, -0.2250000000000000611, 0.4299999999999999378 ) ) ;
#9658 = CARTESIAN_POINT ( 'NONE',  ( -0.2749999999999998557, -0.5949999999999997513, 0.4799999999999999822 ) ) ;
#9659 = ORIENTED_EDGE ( 'NONE', *, *, #7861, .T. ) ;
#9660 =( NAMED_UNIT ( * ) SI_UNIT ( $, .STERADIAN. ) SOLID_ANGLE_UNIT ( ) );
#9661 = AXIS2_PLACEMENT_3D ( 'NONE', #7637, #5353, #6923 ) ;
#9662 = AXIS2_PLACEMENT_3D ( 'NONE', #3820, #258, #8556 ) ;
#9663 = COLOUR_RGB ( '',1.000000000000000000, 1.000000000000000000, 1.000000000000000000 ) ;
#9664 =( LENGTH_UNIT ( ) NAMED_UNIT ( * ) SI_UNIT ( .MILLI., .METRE. ) );
#9665 = MECHANICAL_DESIGN_GEOMETRIC_PRESENTATION_REPRESENTATION (  '', ( #5395 ), #2544 ) ;
#9666 = FACE_OUTER_BOUND ( 'NONE', #5549, .T. ) ;
#9667 =( NAMED_UNIT ( * ) PLANE_ANGLE_UNIT ( ) SI_UNIT ( $, .RADIAN. ) );
#9668 =( NAMED_UNIT ( * ) PLANE_ANGLE_UNIT ( ) SI_UNIT ( $, .RADIAN. ) );
#9669 = CARTESIAN_POINT ( 'NONE',  ( 0.03766703543465300952, -0.5949999999999997513, 0.4302182886970356002 ) ) ;
#9670 = EDGE_LOOP ( 'NONE', ( #5717 ) ) ;
#9671 = DIRECTION ( 'NONE',  ( -1.000000000000000000, 0.000000000000000000, 0.000000000000000000 ) ) ;
#9672 =( GEOMETRIC_REPRESENTATION_CONTEXT ( 3 ) GLOBAL_UNCERTAINTY_ASSIGNED_CONTEXT ( ( #2643 ) ) GLOBAL_UNIT_ASSIGNED_CONTEXT ( ( #5305, #9832, #737 ) ) REPRESENTATION_CONTEXT ( 'NONE', 'WORKASPACE' ) );
#9673 = PLANE ( 'NONE',  #7714 ) ;
#9674 = EDGE_LOOP ( 'NONE', ( #3163 ) ) ;
#9675 = EDGE_CURVE ( 'NONE', #5911, #1119, #7208, .T. ) ;
#9676 = CARTESIAN_POINT ( 'NONE',  ( 0.2950000000000001510, -0.2250000000000000611, -0.3799999999999999489 ) ) ;
#9677 =( GEOMETRIC_REPRESENTATION_CONTEXT ( 3 ) GLOBAL_UNCERTAINTY_ASSIGNED_CONTEXT ( ( #7366 ) ) GLOBAL_UNIT_ASSIGNED_CONTEXT ( ( #8253, #7493, #5190 ) ) REPRESENTATION_CONTEXT ( 'NONE', 'WORKASPACE' ) );
#9678 = CARTESIAN_POINT ( 'NONE',  ( -0.5349632742307173228, -0.1999999999999999833, -0.5749999999999998446 ) ) ;
#9679 = PRESENTATION_LAYER_ASSIGNMENT (  '', '', ( #8661 ) ) ;
#9680 = AXIS2_PLACEMENT_3D ( 'NONE', #3432, #9825, #6934 ) ;
#9681 = CARTESIAN_POINT ( 'NONE',  ( -0.4522282473117545387, -0.2000000000000000111, 0.4999999999999998890 ) ) ;
#9682 = ORIENTED_EDGE ( 'NONE', *, *, #8633, .T. ) ;
#9683 = ADVANCED_FACE ( 'NONE', ( #8537, #8304 ), #1172, .T. ) ;
#9684 = FILL_AREA_STYLE ('',( #6591 ) ) ;
#9685 = SURFACE_SIDE_STYLE ('',( #5767 ) ) ;
#9686 = COLOUR_RGB ( '',1.000000000000000000, 0.7529411764705882248, 0.7529411764705882248 ) ;
#9687 = CARTESIAN_POINT ( 'NONE',  ( 0.5699999999999998401, -0.9249999999999999334, -0.4000000000000000222 ) ) ;
#9688 = ORIENTED_EDGE ( 'NONE', *, *, #4842, .F. ) ;
#9689 =( BOUNDED_CURVE ( )  B_SPLINE_CURVE ( 3, ( #9126, #9160, #2397, #3016 ),
 .UNSPECIFIED., .F., .F. ) 
 B_SPLINE_CURVE_WITH_KNOTS ( ( 4, 4 ),
 ( 0.000000000000000000, 1.570796326794896558 ),
 .UNSPECIFIED. ) 
 CURVE ( )  GEOMETRIC_REPRESENTATION_ITEM ( )  RATIONAL_B_SPLINE_CURVE ( ( 1.000000000000000000, 0.8047378541243649375, 0.8047378541243649375, 1.000000000000000000 ) ) 
 REPRESENTATION_ITEM ( '' )  );
#9690 = EDGE_CURVE ( 'NONE', #4576, #4576, #932, .T. ) ;
#9691 = CARTESIAN_POINT ( 'NONE',  ( 0.05800000000000012090, -0.2250000000000000611, 0.3799999999999999489 ) ) ;
#9692 = FILL_AREA_STYLE ('',( #5872 ) ) ;
#9693 = AXIS2_PLACEMENT_3D ( 'NONE', #7882, #2549, #6281 ) ;
#9694 = DIRECTION ( 'NONE',  ( 0.9328179137650817188, -0.04198878997975204197, -0.3578933937291896572 ) ) ;
#9695 = DIRECTION ( 'NONE',  ( -0.09334070869305818863, 0.000000000000000000, 0.9956342260592880855 ) ) ;
#9696 = STYLED_ITEM ( 'NONE', ( #9607 ), #9530 ) ;
#9697 = COLOUR_RGB ( '',0.7921568627450980005, 0.8196078431372548767, 0.9333333333333333481 ) ;
#9698 = ADVANCED_FACE ( 'NONE', ( #8905, #6758 ), #3881, .T. ) ;
#9699 = FACE_OUTER_BOUND ( 'NONE', #4391, .T. ) ;
#9700 = VERTEX_POINT ( 'NONE', #9010 ) ;
#9701 = SURFACE_STYLE_FILL_AREA ( #4184 ) ;
#9702 = FILL_AREA_STYLE_COLOUR ( '', #1424 ) ;
#9703 = EDGE_LOOP ( 'NONE', ( #8349 ) ) ;
#9704 = SURFACE_STYLE_FILL_AREA ( #5561 ) ;
#9705 = FILL_AREA_STYLE_COLOUR ( '', #6749 ) ;
#9706 =( NAMED_UNIT ( * ) SI_UNIT ( $, .STERADIAN. ) SOLID_ANGLE_UNIT ( ) );
#9707 = ORIENTED_EDGE ( 'NONE', *, *, #3250, .T. ) ;
#9708 = VECTOR ( 'NONE', #8329, 1000.000000000000000 ) ;
#9709 = EDGE_CURVE ( 'NONE', #3173, #3173, #7726, .T. ) ;
#9710 = VERTEX_POINT ( 'NONE', #2820 ) ;
#9711 =( GEOMETRIC_REPRESENTATION_CONTEXT ( 3 ) GLOBAL_UNCERTAINTY_ASSIGNED_CONTEXT ( ( #3994 ) ) GLOBAL_UNIT_ASSIGNED_CONTEXT ( ( #5599, #1058, #9422 ) ) REPRESENTATION_CONTEXT ( 'NONE', 'WORKASPACE' ) );
#9712 = FACE_OUTER_BOUND ( 'NONE', #1390, .T. ) ;
#9713 = CLOSED_SHELL ( 'NONE', ( #2513, #8797, #3813, #1357, #5038, #3502, #4928, #2305, #1725, #7308, #6199 ) ) ;
#9714 =( NAMED_UNIT ( * ) PLANE_ANGLE_UNIT ( ) SI_UNIT ( $, .RADIAN. ) );
#9715 = DIRECTION ( 'NONE',  ( 1.263880071562429078E-15, -1.000000000000000000, -6.319400357812145388E-16 ) ) ;
#9716 =( NAMED_UNIT ( * ) SI_UNIT ( $, .STERADIAN. ) SOLID_ANGLE_UNIT ( ) );
#9717 = UNCERTAINTY_MEASURE_WITH_UNIT (LENGTH_MEASURE( 1.000000000000000082E-05 ), #1963, 'distance_accuracy_value', 'NONE');
#9718 = VERTEX_POINT ( 'NONE', #840 ) ;
#9719 = DIRECTION ( 'NONE',  ( -0.9956342260592881965, -0.000000000000000000, -0.09334070869305721718 ) ) ;
#9720 = FILL_AREA_STYLE ('',( #646 ) ) ;
#9721 = CARTESIAN_POINT ( 'NONE',  ( 0.5699999999999998401, -0.8749999999999998890, -0.4000000000000000222 ) ) ;
#9722 = FILL_AREA_STYLE_COLOUR ( '', #2087 ) ;
#9723 = EDGE_LOOP ( 'NONE', ( #8738 ) ) ;
#9724 = FILL_AREA_STYLE_COLOUR ( '', #6156 ) ;
#9725 = CARTESIAN_POINT ( 'NONE',  ( -0.1889999999999999458, -0.2250000000000000611, 0.4299999999999999378 ) ) ;
#9726 = AXIS2_PLACEMENT_3D ( 'NONE', #4082, #8725, #7115 ) ;
#9727 = DIRECTION ( 'NONE',  ( -1.084202172485504237E-15, -0.000000000000000000, -1.000000000000000000 ) ) ;
#9728 = DIRECTION ( 'NONE',  ( -0.000000000000000000, -0.000000000000000000, -1.000000000000000000 ) ) ;
#9729 =( LENGTH_UNIT ( ) NAMED_UNIT ( * ) SI_UNIT ( .MILLI., .METRE. ) );
#9730 = AXIS2_PLACEMENT_3D ( 'NONE', #5401, #863, #6173 ) ;
#9731 = SURFACE_SIDE_STYLE ('',( #9249 ) ) ;
#9732 = FILL_AREA_STYLE ('',( #1279 ) ) ;
#9733 = COLOUR_RGB ( '',1.000000000000000000, 0.7529411764705882248, 0.7529411764705882248 ) ;
#9734 = AXIS2_PLACEMENT_3D ( 'NONE', #3145, #4543, #707 ) ;
#9735 = EDGE_LOOP ( 'NONE', ( #2562 ) ) ;
#9736 = EDGE_CURVE ( 'NONE', #5175, #5175, #8649, .T. ) ;
#9737 = AXIS2_PLACEMENT_3D ( 'NONE', #3509, #5088, #2006 ) ;
#9738 = DIRECTION ( 'NONE',  ( -0.09334070869305818863, 0.000000000000000000, 0.9956342260592880855 ) ) ;
#9739 = DIRECTION ( 'NONE',  ( -1.000000000000000000, -0.000000000000000000, -0.000000000000000000 ) ) ;
#9740 = SURFACE_STYLE_USAGE ( .BOTH. , #5857 ) ;
#9741 = CARTESIAN_POINT ( 'NONE',  ( 0.2096670354346529819, -0.6449999999999997957, 0.4302182886970356557 ) ) ;
#9742 = VECTOR ( 'NONE', #4877, 1000.000000000000000 ) ;
#9743 = FILL_AREA_STYLE_COLOUR ( '', #5498 ) ;
#9744 = UNCERTAINTY_MEASURE_WITH_UNIT (LENGTH_MEASURE( 1.000000000000000082E-05 ), #7262, 'distance_accuracy_value', 'NONE');
#9745 = SURFACE_SIDE_STYLE ('',( #2034 ) ) ;
#9746 =( GEOMETRIC_REPRESENTATION_CONTEXT ( 3 ) GLOBAL_UNCERTAINTY_ASSIGNED_CONTEXT ( ( #8997 ) ) GLOBAL_UNIT_ASSIGNED_CONTEXT ( ( #4165, #1171, #8810 ) ) REPRESENTATION_CONTEXT ( 'NONE', 'WORKASPACE' ) );
#9747 = ORIENTED_EDGE ( 'NONE', *, *, #2924, .T. ) ;
#9748 = EDGE_CURVE ( 'NONE', #2237, #2237, #1898, .T. ) ;
#9749 =( GEOMETRIC_REPRESENTATION_CONTEXT ( 3 ) GLOBAL_UNCERTAINTY_ASSIGNED_CONTEXT ( ( #2351 ) ) GLOBAL_UNIT_ASSIGNED_CONTEXT ( ( #869, #114, #8473 ) ) REPRESENTATION_CONTEXT ( 'NONE', 'WORKASPACE' ) );
#9750 = DIRECTION ( 'NONE',  ( 0.000000000000000000, 0.000000000000000000, 1.000000000000000000 ) ) ;
#9751 = AXIS2_PLACEMENT_3D ( 'NONE', #4157, #273, #7858 ) ;
#9752 = CIRCLE ( 'NONE', #2570, 0.02500000000000003608 ) ;
#9753 =( NAMED_UNIT ( * ) SI_UNIT ( $, .STERADIAN. ) SOLID_ANGLE_UNIT ( ) );
#9754 = CYLINDRICAL_SURFACE ( 'NONE', #7603, 0.02500000000000003955 ) ;
#9755 = AXIS2_PLACEMENT_3D ( 'NONE', #5660, #1909, #7466 ) ;
#9756 = ADVANCED_FACE ( 'NONE', ( #4593 ), #3142, .T. ) ;
#9757 =( NAMED_UNIT ( * ) SI_UNIT ( $, .STERADIAN. ) SOLID_ANGLE_UNIT ( ) );
#9758 = VERTEX_POINT ( 'NONE', #777 ) ;
#9759 = TOROIDAL_SURFACE ( 'NONE', #2208, 0.05000000000000002359, 0.02500000000000002914 ) ;
#9760 = FACE_OUTER_BOUND ( 'NONE', #8779, .T. ) ;
#9761 = FILL_AREA_STYLE ('',( #9702 ) ) ;
#9762 = EDGE_CURVE ( 'NONE', #9539, #1584, #557, .T. ) ;
#9763 = DIRECTION ( 'NONE',  ( 1.000000000000000000, 0.000000000000000000, -0.000000000000000000 ) ) ;
#9764 = VERTEX_POINT ( 'NONE', #4024 ) ;
#9765 = SURFACE_STYLE_USAGE ( .BOTH. , #7485 ) ;
#9766 = CIRCLE ( 'NONE', #4389, 0.02500000000000003608 ) ;
#9767 = DIRECTION ( 'NONE',  ( 1.000000000000000000, 0.000000000000000000, 6.023345402697245486E-17 ) ) ;
#9768 = ORIENTED_EDGE ( 'NONE', *, *, #4842, .T. ) ;
#9769 = FILL_AREA_STYLE_COLOUR ( '', #4745 ) ;
#9770 =( LENGTH_UNIT ( ) NAMED_UNIT ( * ) SI_UNIT ( .MILLI., .METRE. ) );
#9771 = EDGE_CURVE ( 'NONE', #8636, #6473, #5309, .T. ) ;
#9772 = AXIS2_PLACEMENT_3D ( 'NONE', #5270, #3031, #2381 ) ;
#9773 = MECHANICAL_DESIGN_GEOMETRIC_PRESENTATION_REPRESENTATION (  '', ( #6914 ), #6729 ) ;
#9774 = VECTOR ( 'NONE', #6504, 1000.000000000000114 ) ;
#9775 = FILL_AREA_STYLE_COLOUR ( '', #4232 ) ;
#9776 =( NAMED_UNIT ( * ) PLANE_ANGLE_UNIT ( ) SI_UNIT ( $, .RADIAN. ) );
#9777 = ORIENTED_EDGE ( 'NONE', *, *, #5715, .F. ) ;
#9778 = STYLED_ITEM ( 'NONE', ( #3091 ), #6590 ) ;
#9779 = ADVANCED_FACE ( 'NONE', ( #7093, #4105 ), #103, .T. ) ;
#9780 = DIRECTION ( 'NONE',  ( 0.9912875121006777812, 0.09334070869305803597, 0.09293320425943858709 ) ) ;
#9781 = EDGE_LOOP ( 'NONE', ( #9266 ) ) ;
#9782 = DIRECTION ( 'NONE',  ( 0.9825750242013554514, -0.1858664085188760362, 0.000000000000000000 ) ) ;
#9783 = CARTESIAN_POINT ( 'NONE',  ( -0.5099632742307173006, -0.5949999999999999734, 0.4500000000000000111 ) ) ;
#9784 = FACE_OUTER_BOUND ( 'NONE', #1245, .T. ) ;
#9785 = FILL_AREA_STYLE_COLOUR ( '', #9213 ) ;
#9786 = CARTESIAN_POINT ( 'NONE',  ( 0.5389451886260432367, -0.7084327450237908330, 0.4163119535287357897 ) ) ;
#9787 = CARTESIAN_POINT ( 'NONE',  ( 0.1793329645653471693, -0.6449999999999997957, -0.4302182886970356002 ) ) ;
#9788 = ORIENTED_EDGE ( 'NONE', *, *, #3796, .T. ) ;
#9789 = CARTESIAN_POINT ( 'NONE',  ( 0.1440000000000001279, -0.5949999999999997513, 0.4799999999999999822 ) ) ;
#9790 =( NAMED_UNIT ( * ) PLANE_ANGLE_UNIT ( ) SI_UNIT ( $, .RADIAN. ) );
#9791 = PRESENTATION_LAYER_ASSIGNMENT (  '', '', ( #2989 ) ) ;
#9792 = SURFACE_STYLE_FILL_AREA ( #1443 ) ;
#9793 = EDGE_LOOP ( 'NONE', ( #7844 ) ) ;
#9794 = EDGE_CURVE ( 'NONE', #877, #9539, #7815, .T. ) ;
#9795 = PRESENTATION_STYLE_ASSIGNMENT (( #6474 ) ) ;
#9796 = CARTESIAN_POINT ( 'NONE',  ( 1.000000000000000000, -0.7299999999999999822, 0.1999999999999999278 ) ) ;
#9797 = MECHANICAL_DESIGN_GEOMETRIC_PRESENTATION_REPRESENTATION (  '', ( #2998 ), #2659 ) ;
#9798 = SURFACE_SIDE_STYLE ('',( #1705 ) ) ;
#9799 =( LENGTH_UNIT ( ) NAMED_UNIT ( * ) SI_UNIT ( .MILLI., .METRE. ) );
#9800 =( GEOMETRIC_REPRESENTATION_CONTEXT ( 3 ) GLOBAL_UNCERTAINTY_ASSIGNED_CONTEXT ( ( #4868 ) ) GLOBAL_UNIT_ASSIGNED_CONTEXT ( ( #2218, #7505, #4294 ) ) REPRESENTATION_CONTEXT ( 'NONE', 'WORKASPACE' ) );
#9801 = DIRECTION ( 'NONE',  ( -1.000000000000000000, -0.000000000000000000, -0.000000000000000000 ) ) ;
#9802 = LINE ( 'NONE', #3571, #6955 ) ;
#9803 = EDGE_LOOP ( 'NONE', ( #3875, #7098, #3608, #4259, #9232, #3725, #4175, #3494, #4220, #5724, #465, #1560 ) ) ;
#9804 = TOROIDAL_SURFACE ( 'NONE', #4518, 0.05000000000000002359, 0.02500000000000002914 ) ;
#9805 = AXIS2_PLACEMENT_3D ( 'NONE', #8740, #3036, #3805 ) ;
#9806 = FILL_AREA_STYLE_COLOUR ( '', #8328 ) ;
#9807 = ORIENTED_EDGE ( 'NONE', *, *, #4017, .T. ) ;
#9808 =( NAMED_UNIT ( * ) PLANE_ANGLE_UNIT ( ) SI_UNIT ( $, .RADIAN. ) );
#9809 = MECHANICAL_DESIGN_GEOMETRIC_PRESENTATION_REPRESENTATION (  '', ( #2623 ), #3151 ) ;
#9810 = SURFACE_SIDE_STYLE ('',( #1587 ) ) ;
#9811 = SURFACE_SIDE_STYLE ('',( #8013 ) ) ;
#9812 = ORIENTED_EDGE ( 'NONE', *, *, #9251, .T. ) ;
#9813 = STYLED_ITEM ( 'NONE', ( #1336 ), #6257 ) ;
#9814 =( LENGTH_UNIT ( ) NAMED_UNIT ( * ) SI_UNIT ( .MILLI., .METRE. ) );
#9815 = FILL_AREA_STYLE_COLOUR ( '', #8397 ) ;
#9816 = SURFACE_STYLE_USAGE ( .BOTH. , #8330 ) ;
#9817 = SURFACE_STYLE_FILL_AREA ( #2335 ) ;
#9818 = CARTESIAN_POINT ( 'NONE',  ( 0.01200000000000008872, -0.2250000000000000611, -0.3799999999999999489 ) ) ;
#9819 = VERTEX_POINT ( 'NONE', #9519 ) ;
#9820 = SURFACE_STYLE_USAGE ( .BOTH. , #6036 ) ;
#9821 = EDGE_LOOP ( 'NONE', ( #6628 ) ) ;
#9822 = DIRECTION ( 'NONE',  ( 0.000000000000000000, 0.000000000000000000, 1.000000000000000000 ) ) ;
#9823 = CARTESIAN_POINT ( 'NONE',  ( -0.03799999999999989497, -0.2750000000000000777, -0.4299999999999999378 ) ) ;
#9824 = MECHANICAL_DESIGN_GEOMETRIC_PRESENTATION_REPRESENTATION (  '', ( #3323 ), #9633 ) ;
#9825 = DIRECTION ( 'NONE',  ( 0.000000000000000000, 0.000000000000000000, 1.000000000000000000 ) ) ;
#9826 = DIRECTION ( 'NONE',  ( -1.000000000000000000, 0.000000000000000000, 0.000000000000000000 ) ) ;
#9827 = COLOUR_RGB ( '',1.000000000000000000, 0.7529411764705882248, 0.7529411764705882248 ) ;
#9828 = EDGE_LOOP ( 'NONE', ( #5389 ) ) ;
#9829 = CARTESIAN_POINT ( 'NONE',  ( -0.5099632742307173006, -0.2250000000000000056, 0.4500000000000000111 ) ) ;
#9830 = VERTEX_POINT ( 'NONE', #8026 ) ;
#9831 =( LENGTH_UNIT ( ) NAMED_UNIT ( * ) SI_UNIT ( .MILLI., .METRE. ) );
#9832 =( NAMED_UNIT ( * ) PLANE_ANGLE_UNIT ( ) SI_UNIT ( $, .RADIAN. ) );
#9833 = ADVANCED_FACE ( 'NONE', ( #5428, #1667 ), #4357, .T. ) ;
#9834 = FILL_AREA_STYLE_COLOUR ( '', #3114 ) ;
#9835 = FILL_AREA_STYLE_COLOUR ( '', #1674 ) ;
#9836 = EDGE_CURVE ( 'NONE', #6719, #4233, #9478, .T. ) ;
#9837 = SURFACE_STYLE_FILL_AREA ( #1562 ) ;
#9838 = UNCERTAINTY_MEASURE_WITH_UNIT (LENGTH_MEASURE( 1.000000000000000082E-05 ), #6527, 'distance_accuracy_value', 'NONE');
#9839 = AXIS2_PLACEMENT_3D ( 'NONE', #9035, #2913, #9782 ) ;
#9840 = VERTEX_POINT ( 'NONE', #5442 ) ;
#9841 = CARTESIAN_POINT ( 'NONE',  ( 1.000000000000000000, -0.2000000000000000111, -0.5999999999999999778 ) ) ;
#9842 =( LENGTH_UNIT ( ) NAMED_UNIT ( * ) SI_UNIT ( .MILLI., .METRE. ) );
#9843 = SURFACE_SIDE_STYLE ('',( #5261 ) ) ;
#9844 = FILL_AREA_STYLE ('',( #9121 ) ) ;
#9845 = DIRECTION ( 'NONE',  ( -0.000000000000000000, -0.000000000000000000, -1.000000000000000000 ) ) ;
#9846 = FACE_OUTER_BOUND ( 'NONE', #4872, .T. ) ;
#9847 = COLOUR_RGB ( '',1.000000000000000000, 0.7529411764705882248, 0.7529411764705882248 ) ;
#9848 = DIRECTION ( 'NONE',  ( 0.9825750242013554514, -0.1858664085188760362, 0.000000000000000000 ) ) ;
#9849 = VERTEX_POINT ( 'NONE', #896 ) ;
#9850 =( GEOMETRIC_REPRESENTATION_CONTEXT ( 3 ) GLOBAL_UNCERTAINTY_ASSIGNED_CONTEXT ( ( #3500 ) ) GLOBAL_UNIT_ASSIGNED_CONTEXT ( ( #1656, #139, #9235 ) ) REPRESENTATION_CONTEXT ( 'NONE', 'WORKASPACE' ) );
#9851 = SURFACE_SIDE_STYLE ('',( #5005 ) ) ;
#9852 = CARTESIAN_POINT ( 'NONE',  ( -0.2999999999999999334, -0.2250000000000000611, 0.3799999999999999489 ) ) ;
#9853 = SURFACE_STYLE_USAGE ( .BOTH. , #5266 ) ;
#9854 =( NAMED_UNIT ( * ) SI_UNIT ( $, .STERADIAN. ) SOLID_ANGLE_UNIT ( ) );
#9855 = MECHANICAL_DESIGN_GEOMETRIC_PRESENTATION_REPRESENTATION (  '', ( #6162 ), #6667 ) ;
#9856 = FILL_AREA_STYLE ('',( #8233 ) ) ;
#9857 = COLOUR_RGB ( '',1.000000000000000000, 0.7529411764705882248, 0.7529411764705882248 ) ;
#9858 = DIRECTION ( 'NONE',  ( -1.000000000000000000, -5.288791085295137616E-16, 2.115516434118055046E-15 ) ) ;
ENDSEC;
END-ISO-10303-21;
