ISO-10303-21;
HEADER;
FILE_DESCRIPTION (( 'STEP AP214' ),
    '1' );
FILE_NAME ('GRM158R61A226ME15D.STEP',
    '2024-06-25T14:51:29',
    ( '' ),
    ( '' ),
    'SwSTEP 2.0',
    'SolidWorks 2024',
    '' );
FILE_SCHEMA (( 'AUTOMOTIVE_DESIGN' ));
ENDSEC;

DATA;
#1 = DIRECTION ( 'NONE',  ( -1.000000000000000000, 0.000000000000000000, 0.000000000000000000 ) ) ;
#2 = CARTESIAN_POINT ( 'NONE',  ( 0.01295257337096007190, 0.4464484431082961780, 0.2416666666666666408 ) ) ;
#3 = VECTOR ( 'NONE', #2649, 1000.000000000000000 ) ;
#4 = CARTESIAN_POINT ( 'NONE',  ( -0.1262478031016773250, 0.4339361647127004118, 0.2406666666666666399 ) ) ;
#5 = ORIENTED_EDGE ( 'NONE', *, *, #1306, .F. ) ;
#6 = FACE_OUTER_BOUND ( 'NONE', #808, .T. ) ;
#7 = DIRECTION ( 'NONE',  ( 0.000000000000000000, -1.000000000000000000, 0.000000000000000000 ) ) ;
#8 =( LENGTH_UNIT ( ) NAMED_UNIT ( * ) SI_UNIT ( .MILLI., .METRE. ) );
#9 = SURFACE_STYLE_FILL_AREA ( #2005 ) ;
#10 = CARTESIAN_POINT ( 'NONE',  ( -0.06000665909612333537, 0.4379336094586350758, 0.2406666666666666399 ) ) ;
#11 = EDGE_CURVE ( 'NONE', #895, #2148, #2364, .T. ) ;
#12 = CARTESIAN_POINT ( 'NONE',  ( -0.1091319901776568041, 0.4226523855498411919, 0.2416666666666666408 ) ) ;
#13 = CARTESIAN_POINT ( 'NONE',  ( 0.02584841081378340399, 0.4431133299352953969, 0.2416666666666666408 ) ) ;
#14 = CARTESIAN_POINT ( 'NONE',  ( 0.06152342565751628412, 0.4140840269759137882, 0.2416666666666666408 ) ) ;
#15 = DIRECTION ( 'NONE',  ( 1.084202172485511060E-14, 1.000000000000000000, 2.168404344971021884E-15 ) ) ;
#16 = CARTESIAN_POINT ( 'NONE',  ( -0.1508368938000981263, 0.4330386939858242856, 0.2406666666666666399 ) ) ;
#17 = DIRECTION ( 'NONE',  ( 0.000000000000000000, 0.000000000000000000, 1.000000000000000000 ) ) ;
#18 = DIRECTION ( 'NONE',  ( -1.000000000000000000, -0.000000000000000000, -0.000000000000000000 ) ) ;
#19 = CARTESIAN_POINT ( 'NONE',  ( 0.04856651670361714079, 0.4129530368879636426, 0.2406666666666666121 ) ) ;
#20 = ORIENTED_EDGE ( 'NONE', *, *, #2234, .T. ) ;
#21 = CARTESIAN_POINT ( 'NONE',  ( 0.2499999999940882844, 0.008333333333333333218, 0.2250000000000000056 ) ) ;
#22 = APPLICATION_PROTOCOL_DEFINITION ( 'draft international standard', 'automotive_design', 1998, #1261 ) ;
#23 = VERTEX_POINT ( 'NONE', #266 ) ;
#24 = CARTESIAN_POINT ( 'NONE',  ( -0.4749999999999994782, 0.8000000000000000444, -0.2250000000000001998 ) ) ;
#25 = DIRECTION ( 'NONE',  ( 0.000000000000000000, 0.000000000000000000, -1.000000000000000000 ) ) ;
#26 = CARTESIAN_POINT ( 'NONE',  ( -0.06666167312926687960, 0.4399078018271289636, 0.2416666666666666408 ) ) ;
#27 = SURFACE_STYLE_USAGE ( .BOTH. , #3110 ) ;
#28 = CARTESIAN_POINT ( 'NONE',  ( 0.02141997416156628600, 0.4378438155320953928, 0.2416666666666666408 ) ) ;
#29 = CARTESIAN_POINT ( 'NONE',  ( 0.06351061369080303332, 0.4103089192775649652, 0.2406666666666666399 ) ) ;
#30 = SURFACE_STYLE_FILL_AREA ( #530 ) ;
#31 = CARTESIAN_POINT ( 'NONE',  ( -0.1511509138087737680, 0.4085736331577145553, 0.2406666666666666399 ) ) ;
#32 = CARTESIAN_POINT ( 'NONE',  ( -0.1091319901776568041, 0.4226523855498411919, 0.2416666666666666408 ) ) ;
#33 = CARTESIAN_POINT ( 'NONE',  ( 0.03959401525827389162, 0.4137517743514219082, 0.2406666666666666121 ) ) ;
#34 = CARTESIAN_POINT ( 'NONE',  ( 0.05227209047719177243, 0.4260663253110014148, 0.2406666666666666121 ) ) ;
#35 = ORIENTED_EDGE ( 'NONE', *, *, #1136, .T. ) ;
#36 = CARTESIAN_POINT ( 'NONE',  ( -0.2499999999940882844, 0.7750000000000002442, 0.2250000000000000333 ) ) ;
#37 = PRODUCT_CONTEXT ( 'NONE', #1434, 'mechanical' ) ;
#38 = VERTEX_POINT ( 'NONE', #713 ) ;
#39 = FACE_BOUND ( 'NONE', #458, .T. ) ;
#40 = DIRECTION ( 'NONE',  ( 1.000000000000000000, 0.000000000000000000, 0.000000000000000000 ) ) ;
#41 = CARTESIAN_POINT ( 'NONE',  ( -0.2499999999940882844, 0.7750000000000002442, -0.2250000000000001998 ) ) ;
#42 = DIRECTION ( 'NONE',  ( 0.000000000000000000, -1.000000000000000000, 0.000000000000000000 ) ) ;
#43 = CARTESIAN_POINT ( 'NONE',  ( -0.1014027405715776375, 0.4304664610467714980, 0.2406666666666666399 ) ) ;
#44 = CARTESIAN_POINT ( 'NONE',  ( -0.04009217812800063702, 0.4225790735093927775, 0.2416666666666666408 ) ) ;
#45 = CARTESIAN_POINT ( 'NONE',  ( 0.02820788034417791301, 0.4302119563786038769, 0.2416666666666666408 ) ) ;
#46 = VECTOR ( 'NONE', #967, 1000.000000000000000 ) ;
#47 = EDGE_CURVE ( 'NONE', #1415, #990, #1060, .T. ) ;
#48 = CARTESIAN_POINT ( 'NONE',  ( -0.07731250422924156041, 0.4200784016393774301, 0.2406666666666666399 ) ) ;
#49 = CARTESIAN_POINT ( 'NONE',  ( 0.1223327857402482094, 0.4339791614003222775, 0.2406666666666666399 ) ) ;
#50 = CARTESIAN_POINT ( 'NONE',  ( 0.003728720035442742962, 0.4683705442218690229, 0.2406666666666666399 ) ) ;
#51 = SURFACE_STYLE_FILL_AREA ( #1545 ) ;
#52 = CIRCLE ( 'NONE', #1839, 0.02499999999999990424 ) ;
#53 = VERTEX_POINT ( 'NONE', #983 ) ;
#54 = EDGE_CURVE ( 'NONE', #2191, #53, #1593, .T. ) ;
#55 = CARTESIAN_POINT ( 'NONE',  ( -0.2499999999999993616, 0.02499999999999996322, -0.2500000000000002220 ) ) ;
#56 =( GEOMETRIC_REPRESENTATION_CONTEXT ( 3 ) GLOBAL_UNCERTAINTY_ASSIGNED_CONTEXT ( ( #2494 ) ) GLOBAL_UNIT_ASSIGNED_CONTEXT ( ( #1536, #1320, #2879 ) ) REPRESENTATION_CONTEXT ( 'NONE', 'WORKASPACE' ) );
#57 = VERTEX_POINT ( 'NONE', #450 ) ;
#58 = DIRECTION ( 'NONE',  ( 0.000000000000000000, 0.000000000000000000, 1.000000000000000000 ) ) ;
#59 = CARTESIAN_POINT ( 'NONE',  ( 0.004435001813312427002, 0.4065810548078241382, 0.2406666666666666399 ) ) ;
#60 = CARTESIAN_POINT ( 'NONE',  ( -0.1001508167775438662, 0.4254744859252097000, 0.2406666666666666399 ) ) ;
#61 = CARTESIAN_POINT ( 'NONE',  ( 0.02840155620209578249, 0.4119946055876675395, 0.2416666666666666408 ) ) ;
#62 = CARTESIAN_POINT ( 'NONE',  ( 0.03004126870957235865, 0.4511706269522538504, 0.2416666666666666408 ) ) ;
#63 = SURFACE_STYLE_USAGE ( .BOTH. , #3114 ) ;
#64 = FACE_OUTER_BOUND ( 'NONE', #2144, .T. ) ;
#65 = APPLICATION_CONTEXT ( 'automotive_design' ) ;
#66 = CARTESIAN_POINT ( 'NONE',  ( 0.04598238811788010749, 0.4337360252486198720, 0.2406666666666666399 ) ) ;
#67 = EDGE_CURVE ( 'NONE', #3324, #402, #1105, .T. ) ;
#68 = CARTESIAN_POINT ( 'NONE',  ( 0.09381622757355886910, 0.4090763427176042910, 0.2416666666666666408 ) ) ;
#69 = ORIENTED_EDGE ( 'NONE', *, *, #1117, .F. ) ;
#70 = LINE ( 'NONE', #2315, #2048 ) ;
#71 = CARTESIAN_POINT ( 'NONE',  ( 0.000000000000000000, 0.000000000000000000, 0.000000000000000000 ) ) ;
#72 = EDGE_CURVE ( 'NONE', #123, #2223, #1216, .T. ) ;
#73 = ORIENTED_EDGE ( 'NONE', *, *, #847, .F. ) ;
#74 = DIRECTION ( 'NONE',  ( -1.084202172485506327E-14, -8.673617379884049672E-15, 1.000000000000000000 ) ) ;
#75 = SURFACE_STYLE_FILL_AREA ( #1359 ) ;
#76 = DIRECTION ( 'NONE',  ( 0.000000000000000000, -1.000000000000000000, 3.252606517456518824E-15 ) ) ;
#77 = DIRECTION ( 'NONE',  ( 0.000000000000000000, -2.168404344971017072E-14, -1.000000000000000000 ) ) ;
#78 = CARTESIAN_POINT ( 'NONE',  ( -0.06666167312926687960, 0.4399078018271289636, 0.2416666666666666408 ) ) ;
#79 = CARTESIAN_POINT ( 'NONE',  ( -0.02498978077599990980, 0.4756660000210212180, 0.2406666666666666399 ) ) ;
#80 = CARTESIAN_POINT ( 'NONE',  ( 0.0008521300576913358547, 0.4685010105214074683, 0.2416666666666666408 ) ) ;
#81 = DIRECTION ( 'NONE',  ( -0.000000000000000000, -0.000000000000000000, 1.000000000000000000 ) ) ;
#82 = DIRECTION ( 'NONE',  ( 0.000000000000000000, 0.000000000000000000, -1.000000000000000000 ) ) ;
#83 = CARTESIAN_POINT ( 'NONE',  ( 0.04113105434580940217, 0.4227029168571090345, 0.2416666666666666685 ) ) ;
#84 = CARTESIAN_POINT ( 'NONE',  ( 0.09627052372965504146, 0.4087167646978797086, 0.2416666666666666408 ) ) ;
#85 = ORIENTED_EDGE ( 'NONE', *, *, #2011, .F. ) ;
#86 = CARTESIAN_POINT ( 'NONE',  ( 0.09507086767101806390, 0.4382821968856801531, 0.2406666666666666399 ) ) ;
#87 = PRODUCT ( 'GRM158R61A226ME15D', 'GRM158R61A226ME15D', '', ( #2609 ) ) ;
#88 = ORIENTED_EDGE ( 'NONE', *, *, #2877, .F. ) ;
#89 = EDGE_CURVE ( 'NONE', #2889, #424, #2950, .T. ) ;
#90 = CARTESIAN_POINT ( 'NONE',  ( -0.1126581518850008762, 0.4157980190753030048, 0.2406666666666666399 ) ) ;
#91 = CARTESIAN_POINT ( 'NONE',  ( 0.003356059041237152360, 0.4683794309371474007, 0.2406666666666666399 ) ) ;
#92 = CARTESIAN_POINT ( 'NONE',  ( -0.1061291892733009640, 0.4327713469226905918, 0.2406666666666666399 ) ) ;
#93 = CARTESIAN_POINT ( 'NONE',  ( 0.04420427124677244607, 0.4260840605400018632, 0.2406666666666666399 ) ) ;
#94 = CARTESIAN_POINT ( 'NONE',  ( -0.1061291892733009640, 0.4327713469226905918, 0.2416666666666666408 ) ) ;
#95 = CARTESIAN_POINT ( 'NONE',  ( 0.02611093921709698243, 0.4253429168962247209, 0.2406666666666666399 ) ) ;
#96 = CYLINDRICAL_SURFACE ( 'NONE', #1660, 0.01666666666666667337 ) ;
#97 = CARTESIAN_POINT ( 'NONE',  ( 0.1461647441153565707, 0.4058363734094046493, 0.2406666666666666399 ) ) ;
#98 = AXIS2_PLACEMENT_3D ( 'NONE', #3096, #1327, #15 ) ;
#99 = DIRECTION ( 'NONE',  ( 0.000000000000000000, 0.000000000000000000, 1.000000000000000000 ) ) ;
#100 = CARTESIAN_POINT ( 'NONE',  ( 0.1434694568334539955, 0.4331537560737769854, 0.2406666666666666399 ) ) ;
#101 = ORIENTED_EDGE ( 'NONE', *, *, #413, .T. ) ;
#102 = UNCERTAINTY_MEASURE_WITH_UNIT (LENGTH_MEASURE( 1.000000000000000082E-05 ), #1733, 'distance_accuracy_value', 'NONE');
#103 = CARTESIAN_POINT ( 'NONE',  ( 0.08581356868348795353, 0.4547738288287554997, 0.2406666666666666399 ) ) ;
#104 = PRESENTATION_LAYER_ASSIGNMENT (  '', '', ( #1552 ) ) ;
#105 = ORIENTED_EDGE ( 'NONE', *, *, #2011, .T. ) ;
#106 = AXIS2_PLACEMENT_3D ( 'NONE', #1521, #2104, #279 ) ;
#107 = CYLINDRICAL_SURFACE ( 'NONE', #1078, 0.02499999999999995628 ) ;
#108 =( LENGTH_UNIT ( ) NAMED_UNIT ( * ) SI_UNIT ( .MILLI., .METRE. ) );
#109 = AXIS2_PLACEMENT_3D ( 'NONE', #383, #99, #1961 ) ;
#110 = B_SPLINE_CURVE_WITH_KNOTS ( 'NONE', 3,
 ( #1831, #2002, #1868, #514, #2624, #271, #1757, #2247, #535, #805, #3276, #306 ),
 .UNSPECIFIED., .F., .F.,
 ( 4, 1, 1, 1, 1, 1, 1, 1, 1, 4 ),
 ( 0.4999999999992714717, 0.5322464004455446096, 0.5665790851426377728, 0.6240716620746401544, 0.7121813416243623074, 0.7757680835642221107, 0.8731628369782304944, 0.8786222313458473820, 0.9137036077222773223, 1.000000000000000000 ),
 .UNSPECIFIED. ) ;
#111 = PLANE ( 'NONE',  #1945 ) ;
#112 = CARTESIAN_POINT ( 'NONE',  ( -0.05940334918510116469, 0.4302526067954298705, 0.2416666666666666408 ) ) ;
#113 = AXIS2_PLACEMENT_3D ( 'NONE', #773, #1959, #2470 ) ;
#114 = CARTESIAN_POINT ( 'NONE',  ( 0.02141997416156628600, 0.4378438155320953928, 0.2416666666666666408 ) ) ;
#115 = EDGE_CURVE ( 'NONE', #1165, #2191, #1731, .T. ) ;
#116 = DIRECTION ( 'NONE',  ( 0.000000000000000000, -1.000000000000000000, -0.000000000000000000 ) ) ;
#117 = FACE_OUTER_BOUND ( 'NONE', #344, .T. ) ;
#118 = CARTESIAN_POINT ( 'NONE',  ( 0.09627052372965504146, 0.4087167646978797086, 0.2416666666666666408 ) ) ;
#119 = CARTESIAN_POINT ( 'NONE',  ( 0.1008828668387453803, 0.4092625470723428860, 0.2406666666666666399 ) ) ;
#120 = ORIENTED_EDGE ( 'NONE', *, *, #2504, .T. ) ;
#121 = CARTESIAN_POINT ( 'NONE',  ( 0.1018352013209672252, 0.4443940305791789780, 0.2406666666666666399 ) ) ;
#122 = ITEM_DEFINED_TRANSFORMATION ( 'NONE', 'NONE', #2601,  #1177 ) ;
#123 = VERTEX_POINT ( 'NONE', #1751 ) ;
#124 = DIRECTION ( 'NONE',  ( -0.000000000000000000, -0.000000000000000000, 1.000000000000000000 ) ) ;
#125 = DIRECTION ( 'NONE',  ( 0.000000000000000000, 0.000000000000000000, 1.000000000000000000 ) ) ;
#126 = CARTESIAN_POINT ( 'NONE',  ( -0.09874215205612417445, 0.4376181848057051349, 0.2416666666666666408 ) ) ;
#127 = CARTESIAN_POINT ( 'NONE',  ( 0.02686569145567390890, 0.4688452828664252392, 0.2406666666666666399 ) ) ;
#128 = EDGE_CURVE ( 'NONE', #2716, #685, #1496, .T. ) ;
#129 = DIRECTION ( 'NONE',  ( 1.000000000000000000, 0.000000000000000000, 0.000000000000000000 ) ) ;
#130 = CARTESIAN_POINT ( 'NONE',  ( 0.4749999999999994782, 0.02499999999999995628, -0.2250000000000001998 ) ) ;
#131 = CARTESIAN_POINT ( 'NONE',  ( 0.1475538868586284136, 0.4067338105746359789, 0.2416666666666666408 ) ) ;
#132 = CARTESIAN_POINT ( 'NONE',  ( 0.1389000503329356206, 0.4166562411203771910, 0.2416666666666666408 ) ) ;
#133 = VERTEX_POINT ( 'NONE', #467 ) ;
#134 = UNCERTAINTY_MEASURE_WITH_UNIT (LENGTH_MEASURE( 1.000000000000000082E-05 ), #1416, 'distance_accuracy_value', 'NONE');
#135 = CARTESIAN_POINT ( 'NONE',  ( 0.09005374350099756842, 0.4183857619196140742, 0.2406666666666666399 ) ) ;
#136 = ORIENTED_EDGE ( 'NONE', *, *, #1530, .T. ) ;
#137 = VERTEX_POINT ( 'NONE', #484 ) ;
#138 = CARTESIAN_POINT ( 'NONE',  ( -0.1276600888567725467, 0.4091428833100572149, 0.2406666666666666399 ) ) ;
#139 = CARTESIAN_POINT ( 'NONE',  ( -0.07296303139367540935, 0.4369450245785199138, 0.2416666666666666408 ) ) ;
#140 = LINE ( 'NONE', #2744, #2539 ) ;
#141 = SURFACE_SIDE_STYLE ('',( #1365 ) ) ;
#142 = DIRECTION ( 'NONE',  ( 0.000000000000000000, 0.000000000000000000, 1.000000000000000000 ) ) ;
#143 = CARTESIAN_POINT ( 'NONE',  ( 0.08720958410720347498, 0.4497068509561127914, 0.2416666666666666408 ) ) ;
#144 = ADVANCED_FACE ( 'NONE', ( #1494 ), #1513, .F. ) ;
#145 = ORIENTED_EDGE ( 'NONE', *, *, #2816, .F. ) ;
#146 = CARTESIAN_POINT ( 'NONE',  ( 0.07583482450313963619, 0.4135405514951784323, 0.2406666666666666399 ) ) ;
#147 = MECHANICAL_DESIGN_GEOMETRIC_PRESENTATION_REPRESENTATION (  '', ( #1334 ), #3058 ) ;
#148 = CONTEXT_DEPENDENT_SHAPE_REPRESENTATION ( #347, #1058 ) ;
#149 = SURFACE_SIDE_STYLE ('',( #75 ) ) ;
#150 = ADVANCED_FACE ( 'NONE', ( #2819 ), #337, .T. ) ;
#151 = ORIENTED_EDGE ( 'NONE', *, *, #604, .F. ) ;
#152 = VECTOR ( 'NONE', #205, 1000.000000000000000 ) ;
#153 = AXIS2_PLACEMENT_3D ( 'NONE', #1985, #2741, #2021 ) ;
#154 = CARTESIAN_POINT ( 'NONE',  ( 0.04808731476194287591, 0.4355037485216345927, 0.2416666666666666408 ) ) ;
#155 = ORIENTED_EDGE ( 'NONE', *, *, #1213, .T. ) ;
#156 = COLOUR_RGB ( '',0.6941176470588235059, 0.09803921568627450844, 0.09803921568627450844 ) ;
#157 = CARTESIAN_POINT ( 'NONE',  ( -0.1265416788151201843, 0.4058363734094046493, 0.2416666666666666408 ) ) ;
#158 = AXIS2_PLACEMENT_3D ( 'NONE', #1456, #213, #2724 ) ;
#159 = DIRECTION ( 'NONE',  ( -0.000000000000000000, -0.000000000000000000, 1.000000000000000000 ) ) ;
#160 = CARTESIAN_POINT ( 'NONE',  ( -0.06365505874881631498, 0.4113935048391407223, 0.2416666666666666408 ) ) ;
#161 = CARTESIAN_POINT ( 'NONE',  ( -0.1376078648954671413, 0.4058363734094046493, 0.2406666666666666399 ) ) ;
#162 =( GEOMETRIC_REPRESENTATION_CONTEXT ( 3 ) GLOBAL_UNCERTAINTY_ASSIGNED_CONTEXT ( ( #1620 ) ) GLOBAL_UNIT_ASSIGNED_CONTEXT ( ( #278, #1553, #2118 ) ) REPRESENTATION_CONTEXT ( 'NONE', 'WORKASPACE' ) );
#163 = CARTESIAN_POINT ( 'NONE',  ( 0.1443202051356090865, 0.4386511330314983304, 0.2416666666666666408 ) ) ;
#164 = CARTESIAN_POINT ( 'NONE',  ( 0.1018352013209672252, 0.4443940305791789780, 0.2416666666666666408 ) ) ;
#165 = ORIENTED_EDGE ( 'NONE', *, *, #1152, .T. ) ;
#166 = VECTOR ( 'NONE', #358, 1000.000000000000000 ) ;
#167 = UNCERTAINTY_MEASURE_WITH_UNIT (LENGTH_MEASURE( 1.000000000000000082E-05 ), #770, 'distance_accuracy_value', 'NONE');
#168 = CARTESIAN_POINT ( 'NONE',  ( -0.03586460124035646679, 0.4345080682960228424, 0.2406666666666666399 ) ) ;
#169 = DIRECTION ( 'NONE',  ( 6.505213034913037648E-15, 1.000000000000000000, -5.421010862427531636E-15 ) ) ;
#170 = CARTESIAN_POINT ( 'NONE',  ( 500000.0000000000582, 0.7750000000000002442, 0.2416666666232985261 ) ) ;
#171 = B_SPLINE_SURFACE_WITH_KNOTS ( 'NONE', 3, 1, ( 
 ( #1345, #1084 ),
 ( #2851, #1847 ),
 ( #2124, #80 ),
 ( #1581, #2620 ),
 ( #580, #1035 ),
 ( #2075, #302 ),
 ( #2343, #3060 ),
 ( #1506, #1802 ),
 ( #992, #2336 ),
 ( #3026, #2541 ),
 ( #1522, #1246 ),
 ( #2788, #257 ) ),
 .UNSPECIFIED., .F., .F., .F.,
 ( 4, 1, 1, 1, 1, 1, 1, 1, 1, 4 ),
 ( 2, 2 ),
 ( 0.4969999996907789597, 0.5322464004455446096, 0.5665790851426377728, 0.6240716620746401544, 0.7121813416243623074, 0.7757680835642221107, 0.8731628369782304944, 0.8786222313458473820, 0.9137036077222773223, 1.000000051414689839 ),
 ( 0.000000000000000000, 1.000000000000000000 ),
 .UNSPECIFIED. ) ;
#172 = VERTEX_POINT ( 'NONE', #781 ) ;
#173 = LINE ( 'NONE', #188, #2312 ) ;
#174 = CARTESIAN_POINT ( 'NONE',  ( -0.1001508167775438662, 0.4254744859252097000, 0.2406666666666666399 ) ) ;
#175 = EDGE_CURVE ( 'NONE', #53, #2114, #3148, .T. ) ;
#176 = APPLICATION_CONTEXT ( 'automotive_design' ) ;
#177 = ORIENTED_EDGE ( 'NONE', *, *, #2791, .F. ) ;
#178 = FILL_AREA_STYLE_COLOUR ( '', #1612 ) ;
#179 = CARTESIAN_POINT ( 'NONE',  ( 500000.0000000000582, 0.7750000000000002442, 0.2416666666232985261 ) ) ;
#180 = CARTESIAN_POINT ( 'NONE',  ( -0.04027227933761497181, 0.4398717129425249728, 0.2416666666666666408 ) ) ;
#181 = CYLINDRICAL_SURFACE ( 'NONE', #1509, 0.02500000000000001180 ) ;
#182 = CARTESIAN_POINT ( 'NONE',  ( 0.09005374350099756842, 0.4183857619196140742, 0.2416666666666666408 ) ) ;
#183 = CARTESIAN_POINT ( 'NONE',  ( 0.09525581129965599025, 0.4339818059484583102, 0.2416666666666666408 ) ) ;
#184 = ORIENTED_EDGE ( 'NONE', *, *, #72, .F. ) ;
#185 = CARTESIAN_POINT ( 'NONE',  ( -0.02444126742531866833, 0.4667643569593222796, 0.2406666666666666399 ) ) ;
#186 = DIRECTION ( 'NONE',  ( -0.000000000000000000, -0.000000000000000000, 1.000000000000000000 ) ) ;
#187 = EDGE_LOOP ( 'NONE', ( #2607, #2413, #3085, #2128 ) ) ;
#188 = CARTESIAN_POINT ( 'NONE',  ( 0.2499999999999993616, 0.000000000000000000, -0.2500000000000002220 ) ) ;
#189 = CARTESIAN_POINT ( 'NONE',  ( 0.1218587651361704299, 0.4108656204070357254, 0.2406666666666666399 ) ) ;
#190 = CARTESIAN_POINT ( 'NONE',  ( 0.05241222990938542575, 0.4366058448918763157, 0.2406666666666666121 ) ) ;
#191 = ORIENTED_EDGE ( 'NONE', *, *, #1094, .T. ) ;
#192 = EDGE_CURVE ( 'NONE', #424, #1624, #1939, .T. ) ;
#193 = CARTESIAN_POINT ( 'NONE',  ( -0.1310715018370106622, 0.4189187762387779346, 0.2416666666666666408 ) ) ;
#194 = DIRECTION ( 'NONE',  ( 0.000000000000000000, -1.000000000000000000, 0.000000000000000000 ) ) ;
#195 = CARTESIAN_POINT ( 'NONE',  ( -0.05559554336307998695, 0.4155564578369927431, 0.2416666666666666408 ) ) ;
#196 = EDGE_CURVE ( 'NONE', #3241, #2844, #2109, .T. ) ;
#197 = CARTESIAN_POINT ( 'NONE',  ( 0.1154675446772543829, 0.4191417733348267727, 0.2416666666666666963 ) ) ;
#198 = CARTESIAN_POINT ( 'NONE',  ( 0.03182923206349574236, 0.4333936929134323268, 0.2416666666666666408 ) ) ;
#199 = CARTESIAN_POINT ( 'NONE',  ( 0.1027115430720220157, 0.4587980691656620702, 0.2406666666666666399 ) ) ;
#200 = DIRECTION ( 'NONE',  ( 0.000000000000000000, 0.000000000000000000, -1.000000000000000000 ) ) ;
#201 = CARTESIAN_POINT ( 'NONE',  ( -0.02312022382318994207, 0.4419129657435577618, 0.2406666666666666399 ) ) ;
#202 = SURFACE_STYLE_FILL_AREA ( #2031 ) ;
#203 = DIRECTION ( 'NONE',  ( 0.000000000000000000, -0.000000000000000000, -1.000000000000000000 ) ) ;
#204 = ORIENTED_EDGE ( 'NONE', *, *, #11, .T. ) ;
#205 = DIRECTION ( 'NONE',  ( -0.000000000000000000, -0.000000000000000000, 1.000000000000000000 ) ) ;
#206 = SHAPE_REPRESENTATION_RELATIONSHIP ( 'NONE' , 'NONE' ,  #1544, #3029 ) ;
#207 = CARTESIAN_POINT ( 'NONE',  ( 0.05510372375857099797, 0.4335075521299613377, 0.2416666666666666408 ) ) ;
#208 = EDGE_LOOP ( 'NONE', ( #2368, #151, #2137, #2823 ) ) ;
#209 = AXIS2_PLACEMENT_3D ( 'NONE', #2439, #1119, #365 ) ;
#210 = CARTESIAN_POINT ( 'NONE',  ( -0.1200271346521790544, 0.4292560153222628738, 0.2406666666666666399 ) ) ;
#211 = EDGE_CURVE ( 'NONE', #53, #123, #3133, .T. ) ;
#212 = FACE_OUTER_BOUND ( 'NONE', #3204, .T. ) ;
#213 = DIRECTION ( 'NONE',  ( 1.000000000000000000, 0.000000000000000000, 0.000000000000000000 ) ) ;
#214 = CARTESIAN_POINT ( 'NONE',  ( -0.08799203547386590107, 0.4252395345128215931, 0.2406666666666666399 ) ) ;
#215 = VECTOR ( 'NONE', #1606, 1000.000000000000000 ) ;
#216 = EDGE_CURVE ( 'NONE', #685, #753, #2884, .T. ) ;
#217 = CARTESIAN_POINT ( 'NONE',  ( 0.02820788034417791301, 0.4302119563786038769, 0.2416666666666666408 ) ) ;
#218 = B_SPLINE_CURVE_WITH_KNOTS ( 'NONE', 3,
 ( #429, #2489, #2809, #1974, #1262, #1780, #1459, #1819, #242, #1421, #2992, #2055, #3057 ),
 .UNSPECIFIED., .F., .F.,
 ( 4, 1, 1, 1, 1, 1, 1, 1, 1, 1, 4 ),
 ( 0.4999999999949583107, 0.5635384415110991085, 0.6175655869621431426, 0.6648445318128997084, 0.7179497466716637799, 0.7610692118864481603, 0.8122585493395304557, 0.8784886732150537503, 0.9031551458410695954, 0.9490085648452091238, 1.000000000000000000 ),
 .UNSPECIFIED. ) ;
#219 = CARTESIAN_POINT ( 'NONE',  ( 0.1018352013209672252, 0.4443940305791789780, 0.2406666666666666399 ) ) ;
#220 = DIRECTION ( 'NONE',  ( 0.000000000000000000, 0.000000000000000000, 1.000000000000000000 ) ) ;
#221 = CARTESIAN_POINT ( 'NONE',  ( -0.05312881210819003774, 0.4267654276600533758, 0.2406666666666666399 ) ) ;
#222 = CARTESIAN_POINT ( 'NONE',  ( -0.1430603092175559699, 0.4227184184300749048, 0.2416666666666666408 ) ) ;
#223 = AXIS2_PLACEMENT_3D ( 'NONE', #942, #926, #1161 ) ;
#224 = ORIENTED_EDGE ( 'NONE', *, *, #1440, .T. ) ;
#225 = CARTESIAN_POINT ( 'NONE',  ( -0.1226088329948783889, 0.4196541409097053754, 0.2416666666666666408 ) ) ;
#226 = ORIENTED_EDGE ( 'NONE', *, *, #3189, .F. ) ;
#227 = LINE ( 'NONE', #2810, #2422 ) ;
#228 =( LENGTH_UNIT ( ) NAMED_UNIT ( * ) SI_UNIT ( .MILLI., .METRE. ) );
#229 = CARTESIAN_POINT ( 'NONE',  ( -0.06935917948326683624, 0.4381938760927973076, 0.2416666666666666408 ) ) ;
#230 = CARTESIAN_POINT ( 'NONE',  ( -0.1268145617809973702, 0.4288653501094589204, 0.2406666666666666399 ) ) ;
#231 = CARTESIAN_POINT ( 'NONE',  ( 0.07679511522768993348, 0.4111493666920056911, 0.2416666666666666408 ) ) ;
#232 = CARTESIAN_POINT ( 'NONE',  ( 0.08056253555700566837, 0.4444946212850514611, 0.2416666666666666408 ) ) ;
#233 = CARTESIAN_POINT ( 'NONE',  ( 0.1267226911851232762, 0.4226660507035582826, 0.2406666666666666399 ) ) ;
#234 = ADVANCED_FACE ( 'NONE', ( #801 ), #171, .T. ) ;
#235 = CARTESIAN_POINT ( 'NONE',  ( 0.01748328586761297571, 0.4196826751505511321, 0.2406666666666666399 ) ) ;
#236 = CARTESIAN_POINT ( 'NONE',  ( -0.1428630901742596881, 0.4271901305293123174, 0.2406666666666666399 ) ) ;
#237 = CARTESIAN_POINT ( 'NONE',  ( 0.03959401525827389162, 0.4137517743514219082, 0.2416666666666666408 ) ) ;
#238 = VERTEX_POINT ( 'NONE', #740 ) ;
#239 = DIRECTION ( 'NONE',  ( 1.000000000000000000, -0.000000000000000000, 0.000000000000000000 ) ) ;
#240 = FACE_OUTER_BOUND ( 'NONE', #1759, .T. ) ;
#241 = ORIENTED_EDGE ( 'NONE', *, *, #2016, .F. ) ;
#242 = CARTESIAN_POINT ( 'NONE',  ( 0.1145657447785775745, 0.4130171195550912389, 0.2406666666666666399 ) ) ;
#243 = CARTESIAN_POINT ( 'NONE',  ( 0.1207997489221085546, 0.4331798097209980103, 0.2416666666666665853 ) ) ;
#244 = DIRECTION ( 'NONE',  ( 0.000000000000000000, -1.000000000000000000, -3.252606517456517246E-15 ) ) ;
#245 = CARTESIAN_POINT ( 'NONE',  ( -0.09293171095214754207, 0.4391919385637746975, 0.2406666666666666399 ) ) ;
#246 = CARTESIAN_POINT ( 'NONE',  ( 0.4749999999999994782, -1.355252715606880543E-17, -0.2250000000000001998 ) ) ;
#247 = CARTESIAN_POINT ( 'NONE',  ( 0.03540126600734309903, 0.4370543763075792620, 0.2406666666666666399 ) ) ;
#248 = CARTESIAN_POINT ( 'NONE',  ( 0.0002364192228424487048, 0.4332245827620948009, 0.2406666666666666399 ) ) ;
#249 = CARTESIAN_POINT ( 'NONE',  ( -0.05427955074409470532, 0.4201969439661676353, 0.2406666666666666399 ) ) ;
#250 = CARTESIAN_POINT ( 'NONE',  ( 0.1286870717116050944, 0.4295130927938525800, 0.2416666666666666685 ) ) ;
#251 = LINE ( 'NONE', #2332, #2366 ) ;
#252 = LINE ( 'NONE', #2806, #2917 ) ;
#253 = EDGE_CURVE ( 'NONE', #2068, #1415, #2829, .T. ) ;
#254 = B_SPLINE_CURVE_WITH_KNOTS ( 'NONE', 3,
 ( #2497, #715, #2514, #809, #486, #676, #2754, #2782, #237, #2768, #2311, #2822, #452 ),
 .UNSPECIFIED., .F., .F.,
 ( 4, 1, 1, 1, 1, 1, 1, 1, 1, 1, 4 ),
 ( 0.4999999999816821528, 0.5425807806637334973, 0.5905595859618943955, 0.6696412849122858058, 0.7450768851203194432, 0.7900852689114689076, 0.8456230827509222392, 0.8663500295175089461, 0.9259176994114609593, 0.9869266528373165093, 1.000000000000000000 ),
 .UNSPECIFIED. ) ;
#255 = VERTEX_POINT ( 'NONE', #2301 ) ;
#256 = CARTESIAN_POINT ( 'NONE',  ( -0.4999999999999993339, 0.7750000000000002442, -0.2250000000000042244 ) ) ;
#257 = CARTESIAN_POINT ( 'NONE',  ( 0.002785297901842038494, 0.4417808328694401432, 0.2416666666666666130 ) ) ;
#258 = CARTESIAN_POINT ( 'NONE',  ( 0.000000000000000000, 0.7750000000000002442, -0.2250000000000001998 ) ) ;
#259 = CARTESIAN_POINT ( 'NONE',  ( -0.07948022428584508581, 0.4341666347790059666, 0.2406666666666666399 ) ) ;
#260 = CIRCLE ( 'NONE', #678, 0.02499999999999995628 ) ;
#261 = B_SPLINE_CURVE_WITH_KNOTS ( 'NONE', 3,
 ( #3298, #481, #2287, #1510, #2545, #230, #778, #1579, #761, #314, #813, #1806, #1540 ),
 .UNSPECIFIED., .F., .F.,
 ( 4, 1, 1, 1, 1, 1, 1, 1, 1, 1, 4 ),
 ( 0.000000000000000000, 0.1756111506125531685, 0.2515041251972651715, 0.3864015691227852267, 0.4665567606767533348, 0.5392416202346745902, 0.5653562654952077882, 0.6326457961468890945, 0.7481040925882973536, 0.8388609437549863213, 1.000000000000000000 ),
 .UNSPECIFIED. ) ;
#262 = CARTESIAN_POINT ( 'NONE',  ( -0.1051839396800506032, 0.4058363734094046493, 0.2416666666666666408 ) ) ;
#263 = CIRCLE ( 'NONE', #1120, 0.02500000000000001180 ) ;
#264 = CARTESIAN_POINT ( 'NONE',  ( -0.02312022382318994207, 0.4419129657435577618, 0.2416666666666666408 ) ) ;
#265 = CARTESIAN_POINT ( 'NONE',  ( 0.07679511522768993348, 0.4111493666920056911, 0.2416666666666666408 ) ) ;
#266 = CARTESIAN_POINT ( 'NONE',  ( -0.1376078648954671413, 0.4058363734094046493, 0.2406666666666666399 ) ) ;
#267 = AXIS2_PLACEMENT_3D ( 'NONE', #3035, #1023, #2803 ) ;
#268 = CARTESIAN_POINT ( 'NONE',  ( -0.07730629989493420506, 0.4151190595963781815, 0.2406666666666666399 ) ) ;
#269 = CARTESIAN_POINT ( 'NONE',  ( -0.09732148917783037256, 0.4294247446764932197, 0.2416666666666666408 ) ) ;
#270 = CARTESIAN_POINT ( 'NONE',  ( 0.008703046558096970420, 0.4690924360517720881, 0.2416666666666666130 ) ) ;
#271 = CARTESIAN_POINT ( 'NONE',  ( -0.004024877927395659888, 0.4559869579473658230, 0.2416666666666666408 ) ) ;
#272 = PRESENTATION_LAYER_ASSIGNMENT (  '', '', ( #2852 ) ) ;
#273 = CARTESIAN_POINT ( 'NONE',  ( 0.000000000000000000, 0.7750000000000002442, -0.2500000000000002220 ) ) ;
#274 = VECTOR ( 'NONE', #1093, 1000.000000000000000 ) ;
#275 = CARTESIAN_POINT ( 'NONE',  ( -0.1148773656697428119, 0.4392767182585764485, 0.2406666666666666399 ) ) ;
#276 = ORIENTED_EDGE ( 'NONE', *, *, #2549, .F. ) ;
#277 = MECHANICAL_DESIGN_GEOMETRIC_PRESENTATION_REPRESENTATION (  '', ( #3076 ), #862 ) ;
#278 =( LENGTH_UNIT ( ) NAMED_UNIT ( * ) SI_UNIT ( .MILLI., .METRE. ) );
#279 = DIRECTION ( 'NONE',  ( 0.000000000000000000, 0.000000000000000000, -1.000000000000000000 ) ) ;
#280 = CARTESIAN_POINT ( 'NONE',  ( -0.01530586998736219347, 0.4159273939210763604, 0.2406666666666666399 ) ) ;
#281 = SPHERICAL_SURFACE ( 'NONE', #1559, 0.02499999999999994241 ) ;
#282 = CARTESIAN_POINT ( 'NONE',  ( -0.07730629989493420506, 0.4151190595963781815, 0.2416666666666666408 ) ) ;
#283 = CARTESIAN_POINT ( 'NONE',  ( -0.1014027405715776375, 0.4304664610467714980, 0.2416666666666666408 ) ) ;
#284 = CARTESIAN_POINT ( 'NONE',  ( -0.03586460124035646679, 0.4345080682960228424, 0.2416666666666666408 ) ) ;
#285 = CARTESIAN_POINT ( 'NONE',  ( 0.03934382030539912423, 0.4397853874672112973, 0.2406666666666666399 ) ) ;
#286 = CARTESIAN_POINT ( 'NONE',  ( 0.000000000000000000, 0.8000000000000000444, 0.2250000000000000611 ) ) ;
#287 = CARTESIAN_POINT ( 'NONE',  ( -0.06036483768003826633, 0.4107311022436674897, 0.2406666666666666399 ) ) ;
#288 = CARTESIAN_POINT ( 'NONE',  ( 0.03954291100377047008, 0.4165907356518002147, 0.2416666666666666685 ) ) ;
#289 = EDGE_LOOP ( 'NONE', ( #2674, #1298, #2684, #487 ) ) ;
#290 = CARTESIAN_POINT ( 'NONE',  ( 0.2499999999999993616, 0.02499999999999995628, 0.2250000000000000611 ) ) ;
#291 = SHAPE_DEFINITION_REPRESENTATION ( #938, #3252 ) ;
#292 = ORIENTED_EDGE ( 'NONE', *, *, #2480, .F. ) ;
#293 = SURFACE_SIDE_STYLE ('',( #2056 ) ) ;
#294 = CARTESIAN_POINT ( 'NONE',  ( 0.003351265439213685794, 0.4212986009040403657, 0.2406666666666666399 ) ) ;
#295 = CYLINDRICAL_SURFACE ( 'NONE', #536, 0.02500000000000001180 ) ;
#296 = ADVANCED_FACE ( 'NONE', ( #212 ), #2378, .F. ) ;
#297 = ADVANCED_BREP_SHAPE_REPRESENTATION ( '', ( #2028, #1177 ), #3021 ) ;
#298 = CARTESIAN_POINT ( 'NONE',  ( -0.1091319901776568041, 0.4226523855498411919, 0.2406666666666666399 ) ) ;
#299 = CARTESIAN_POINT ( 'NONE',  ( -0.02498978077599990980, 0.4756660000210212180, 0.2416666666666666408 ) ) ;
#300 = CARTESIAN_POINT ( 'NONE',  ( 0.06061043036645476223, 0.4376675347720894171, 0.2406666666666666399 ) ) ;
#301 = EDGE_CURVE ( 'NONE', #2716, #172, #1705, .T. ) ;
#302 = CARTESIAN_POINT ( 'NONE',  ( -0.004024877927395659888, 0.4559869579473658230, 0.2416666666666666130 ) ) ;
#303 = CARTESIAN_POINT ( 'NONE',  ( -0.1518011880147046855, 0.4280141208197809632, 0.2406666666666666399 ) ) ;
#304 = CARTESIAN_POINT ( 'NONE',  ( 0.1252040783609749408, 0.4190679397538184525, 0.2416666666666666685 ) ) ;
#305 = DIRECTION ( 'NONE',  ( -0.000000000000000000, -1.000000000000000000, 0.000000000000000000 ) ) ;
#306 = CARTESIAN_POINT ( 'NONE',  ( 0.002785297901842038060, 0.4417808328694400877, 0.2416666666666666130 ) ) ;
#307 = ORIENTED_EDGE ( 'NONE', *, *, #544, .T. ) ;
#308 = DIRECTION ( 'NONE',  ( 1.000000000000000000, -0.000000000000000000, -0.000000000000000000 ) ) ;
#309 = ORIENTED_EDGE ( 'NONE', *, *, #1735, .T. ) ;
#310 = LINE ( 'NONE', #2664, #2324 ) ;
#311 =( LENGTH_UNIT ( ) NAMED_UNIT ( * ) SI_UNIT ( .MILLI., .METRE. ) );
#312 = DIRECTION ( 'NONE',  ( -1.480679104661761446E-14, 1.000000000000000000, 1.480679104661780694E-14 ) ) ;
#313 = ORIENTED_EDGE ( 'NONE', *, *, #1760, .F. ) ;
#314 = CARTESIAN_POINT ( 'NONE',  ( -0.1226088329948783889, 0.4196541409097053754, 0.2406666666666666399 ) ) ;
#315 = CARTESIAN_POINT ( 'NONE',  ( -0.05427955074409470532, 0.4201969439661676353, 0.2416666666666666408 ) ) ;
#316 = CARTESIAN_POINT ( 'NONE',  ( -0.02498978077599990980, 0.4756660000210212180, 0.2416666666666666408 ) ) ;
#317 = COLOUR_RGB ( '',0.6941176470588235059, 0.09803921568627450844, 0.09803921568627450844 ) ;
#318 = DIRECTION ( 'NONE',  ( 1.000000000000000000, 0.000000000000000000, -0.000000000000000000 ) ) ;
#319 = AXIS2_PLACEMENT_3D ( 'NONE', #1617, #129, #2409 ) ;
#320 = EDGE_CURVE ( 'NONE', #516, #2936, #1636, .T. ) ;
#321 = CARTESIAN_POINT ( 'NONE',  ( -0.08041820502777734248, 0.4079241802757746505, 0.2406666666666666399 ) ) ;
#322 = CARTESIAN_POINT ( 'NONE',  ( -0.1037483791816307399, 0.4292416761278857740, 0.2416666666666666408 ) ) ;
#323 = CARTESIAN_POINT ( 'NONE',  ( 0.04598238811788010749, 0.4337360252486198720, 0.2416666666666666963 ) ) ;
#324 = CARTESIAN_POINT ( 'NONE',  ( 0.1040194154517170289, 0.4118356955745404169, 0.2406666666666666399 ) ) ;
#325 = VECTOR ( 'NONE', #1375, 1000.000000000000000 ) ;
#326 = ORIENTED_EDGE ( 'NONE', *, *, #2935, .F. ) ;
#327 = CARTESIAN_POINT ( 'NONE',  ( 0.1304491809914709310, 0.4388959593964563699, 0.2406666666666666399 ) ) ;
#328 = APPLICATION_PROTOCOL_DEFINITION ( 'draft international standard', 'automotive_design', 1998, #1969 ) ;
#329 =( GEOMETRIC_REPRESENTATION_CONTEXT ( 3 ) GLOBAL_UNCERTAINTY_ASSIGNED_CONTEXT ( ( #2732 ) ) GLOBAL_UNIT_ASSIGNED_CONTEXT ( ( #3278, #1744, #2520 ) ) REPRESENTATION_CONTEXT ( 'NONE', 'WORKASPACE' ) );
#330 = EDGE_LOOP ( 'NONE', ( #85, #806, #2760 ) ) ;
#331 = DIRECTION ( 'NONE',  ( -1.000000000000000000, 0.000000000000000000, 0.000000000000000000 ) ) ;
#332 = FACE_OUTER_BOUND ( 'NONE', #2722, .T. ) ;
#333 = AXIS2_PLACEMENT_3D ( 'NONE', #2687, #1156, #420 ) ;
#334 = CARTESIAN_POINT ( 'NONE',  ( 0.04371765616648532610, 0.4307246846502001403, 0.2406666666666666399 ) ) ;
#335 = CARTESIAN_POINT ( 'NONE',  ( -0.1472369432864957806, 0.4114198765777501987, 0.2416666666666666408 ) ) ;
#336 = CARTESIAN_POINT ( 'NONE',  ( 0.02892186403799658009, 0.4083839165371221935, 0.2416666666666666408 ) ) ;
#337 = SPHERICAL_SURFACE ( 'NONE', #98, 0.02499999999999984873 ) ;
#338 = DIRECTION ( 'NONE',  ( 0.000000000000000000, 0.000000000000000000, 1.000000000000000000 ) ) ;
#339 = CARTESIAN_POINT ( 'NONE',  ( 0.04606332367574732939, 0.4111906037714830875, 0.2416666666666666685 ) ) ;
#340 = CARTESIAN_POINT ( 'NONE',  ( 0.1053022006452219717, 0.4087324211508414629, 0.2406666666666666399 ) ) ;
#341 = ORIENTED_EDGE ( 'NONE', *, *, #1485, .T. ) ;
#342 = CARTESIAN_POINT ( 'NONE',  ( 0.09934221186228707479, 0.4596865064834257941, 0.2406666666666666399 ) ) ;
#343 = CARTESIAN_POINT ( 'NONE',  ( 0.000000000000000000, 0.000000000000000000, 0.000000000000000000 ) ) ;
#344 = EDGE_LOOP ( 'NONE', ( #603, #591, #145, #1814 ) ) ;
#345 = FACE_OUTER_BOUND ( 'NONE', #1871, .T. ) ;
#346 = CARTESIAN_POINT ( 'NONE',  ( 0.002966281238892640344, 0.4265826111277067345, 0.2406666666666666399 ) ) ;
#347 =( REPRESENTATION_RELATIONSHIP ('NONE','NONE', #3252, #2696 ) REPRESENTATION_RELATIONSHIP_WITH_TRANSFORMATION ( #2717 )SHAPE_REPRESENTATION_RELATIONSHIP( ) );
#348 = LINE ( 'NONE', #2665, #325 ) ;
#349 = CARTESIAN_POINT ( 'NONE',  ( -0.07302364884670951850, 0.4312911444181482534, 0.2416666666666666408 ) ) ;
#350 = CARTESIAN_POINT ( 'NONE',  ( 0.01847429407852934496, 0.4248261772643199263, 0.2416666666666666408 ) ) ;
#351 = CYLINDRICAL_SURFACE ( 'NONE', #638, 0.02499999999999990424 ) ;
#352 = CARTESIAN_POINT ( 'NONE',  ( -0.1557564100672360896, 0.4058363734094046493, 0.2406666666666666399 ) ) ;
#353 = CARTESIAN_POINT ( 'NONE',  ( 0.1009440004528318058, 0.4240382414233388464, 0.2416666666666666408 ) ) ;
#354 = CARTESIAN_POINT ( 'NONE',  ( 0.1219913138241056072, 0.4397490151723272844, 0.2416666666666666408 ) ) ;
#355 = ORIENTED_EDGE ( 'NONE', *, *, #2673, .T. ) ;
#356 = CARTESIAN_POINT ( 'NONE',  ( 0.09955221388434976060, 0.4477652267646878848, 0.2406666666666666399 ) ) ;
#357 = ORIENTED_EDGE ( 'NONE', *, *, #847, .T. ) ;
#358 = DIRECTION ( 'NONE',  ( 0.000000000000000000, 1.000000000000000000, -0.000000000000000000 ) ) ;
#359 = EDGE_CURVE ( 'NONE', #516, #2907, #3144, .T. ) ;
#360 = DIRECTION ( 'NONE',  ( 0.000000000000000000, 0.000000000000000000, 1.000000000000000000 ) ) ;
#361 = ORIENTED_EDGE ( 'NONE', *, *, #115, .F. ) ;
#362 = CARTESIAN_POINT ( 'NONE',  ( -0.4749999999999994782, 0.02499999999999999792, -0.2250000000000002554 ) ) ;
#363 = CARTESIAN_POINT ( 'NONE',  ( -0.07619359057934638191, 0.4352472027195786741, 0.2416666666666666408 ) ) ;
#364 = CARTESIAN_POINT ( 'NONE',  ( 0.02084311322159607821, 0.4730819456052824390, 0.2406666666666666399 ) ) ;
#365 = DIRECTION ( 'NONE',  ( 1.000000000000000000, 0.000000000000000000, -0.000000000000000000 ) ) ;
#366 = CARTESIAN_POINT ( 'NONE',  ( 0.2499999999999993616, 0.8000000000000000444, -0.2500000000000002220 ) ) ;
#367 = CIRCLE ( 'NONE', #520, 0.01666666666666667337 ) ;
#368 = CARTESIAN_POINT ( 'NONE',  ( 0.1256065828142614305, 0.4386393272129983645, 0.2416666666666666408 ) ) ;
#369 = CARTESIAN_POINT ( 'NONE',  ( 0.1026760486683900991, 0.4090882208655816088, 0.2416666666666666408 ) ) ;
#370 = ORIENTED_EDGE ( 'NONE', *, *, #1117, .T. ) ;
#371 = CIRCLE ( 'NONE', #1449, 0.01666666666666664562 ) ;
#372 = UNCERTAINTY_MEASURE_WITH_UNIT (LENGTH_MEASURE( 1.000000000000000082E-05 ), #1861, 'distance_accuracy_value', 'NONE');
#373 = CARTESIAN_POINT ( 'NONE',  ( 0.1014340887774859978, 0.4388544887357360702, 0.2406666666666666399 ) ) ;
#374 = VERTEX_POINT ( 'NONE', #2151 ) ;
#375 = PRESENTATION_LAYER_ASSIGNMENT (  '', '', ( #1666 ) ) ;
#376 = DIRECTION ( 'NONE',  ( -1.000000000000000000, 0.000000000000000000, 0.000000000000000000 ) ) ;
#377 = EDGE_CURVE ( 'NONE', #882, #1127, #3127, .T. ) ;
#378 = CARTESIAN_POINT ( 'NONE',  ( 0.04579842389076930337, 0.4111500995853226148, 0.2406666666666666399 ) ) ;
#379 = CARTESIAN_POINT ( 'NONE',  ( 0.02840155620209578249, 0.4119946055876675395, 0.2416666666666666408 ) ) ;
#380 = VECTOR ( 'NONE', #3022, 1000.000000000000000 ) ;
#381 = CARTESIAN_POINT ( 'NONE',  ( -0.2499999999999993616, -2.710505431213761085E-17, -0.2250000000000001998 ) ) ;
#382 = CARTESIAN_POINT ( 'NONE',  ( -0.01830854425354138879, 0.4082050998458714441, 0.2416666666666666408 ) ) ;
#383 = CARTESIAN_POINT ( 'NONE',  ( 0.4999999999999993339, 0.8000000000000000444, -0.2500000000000002220 ) ) ;
#384 = CARTESIAN_POINT ( 'NONE',  ( 0.09627052372965504146, 0.4087167646978797086, 0.2406666666666666399 ) ) ;
#385 = EDGE_LOOP ( 'NONE', ( #3024, #1833, #3217, #3310 ) ) ;
#386 = CARTESIAN_POINT ( 'NONE',  ( 0.07925359114850541453, 0.4319306005652275293, 0.2406666666666666399 ) ) ;
#387 = ORIENTED_EDGE ( 'NONE', *, *, #2836, .T. ) ;
#388 = CARTESIAN_POINT ( 'NONE',  ( 0.04606332367574732939, 0.4111906037714830875, 0.2406666666666666399 ) ) ;
#389 = EDGE_LOOP ( 'NONE', ( #2965, #2175, #1852, #2117 ) ) ;
#390 = CARTESIAN_POINT ( 'NONE',  ( 0.04105625751473677976, 0.4188750926464753221, 0.2406666666666666399 ) ) ;
#391 = EDGE_CURVE ( 'NONE', #2671, #3293, #1043, .T. ) ;
#392 = CARTESIAN_POINT ( 'NONE',  ( -0.07540304570539678453, 0.4250850321559761502, 0.2416666666666666408 ) ) ;
#393 = CARTESIAN_POINT ( 'NONE',  ( -0.04182478052147878961, 0.4144564014399341745, 0.2406666666666666399 ) ) ;
#394 = DIRECTION ( 'NONE',  ( -0.000000000000000000, -0.000000000000000000, 1.000000000000000000 ) ) ;
#395 = DIRECTION ( 'NONE',  ( 0.000000000000000000, -1.000000000000000000, 0.000000000000000000 ) ) ;
#396 = ADVANCED_FACE ( 'NONE', ( #332 ), #1360, .T. ) ;
#397 = CARTESIAN_POINT ( 'NONE',  ( 0.1062307436116094045, 0.4327430371005900889, 0.2416666666666666408 ) ) ;
#398 = CARTESIAN_POINT ( 'NONE',  ( 0.08720958410720347498, 0.4497068509561127914, 0.2406666666666666399 ) ) ;
#399 = ORIENTED_EDGE ( 'NONE', *, *, #2318, .F. ) ;
#400 = CARTESIAN_POINT ( 'NONE',  ( 0.07813491860551785573, 0.4438841104062464238, 0.2406666666666666399 ) ) ;
#401 = CARTESIAN_POINT ( 'NONE',  ( 0.4999999999999993339, 0.02499999999999995628, -0.2500000000000002220 ) ) ;
#402 = VERTEX_POINT ( 'NONE', #2390 ) ;
#403 = CARTESIAN_POINT ( 'NONE',  ( 0.4749999999999993117, 0.7750000000000002442, -0.2250000000000001998 ) ) ;
#404 = DIRECTION ( 'NONE',  ( 1.000000000000000000, 0.000000000000000000, -8.673617379884035472E-17 ) ) ;
#405 = ORIENTED_EDGE ( 'NONE', *, *, #668, .T. ) ;
#406 = DIRECTION ( 'NONE',  ( -1.000000000000000000, 0.000000000000000000, 0.000000000000000000 ) ) ;
#407 = CARTESIAN_POINT ( 'NONE',  ( -0.05559554336307998695, 0.4155564578369927431, 0.2406666666666666399 ) ) ;
#408 = CARTESIAN_POINT ( 'NONE',  ( -0.004024877927395659888, 0.4559869579473658230, 0.2406666666666666399 ) ) ;
#409 = FACE_OUTER_BOUND ( 'NONE', #571, .T. ) ;
#410 = CARTESIAN_POINT ( 'NONE',  ( 0.04579842389076930337, 0.4111500995853226148, 0.2406666666666666121 ) ) ;
#411 = CARTESIAN_POINT ( 'NONE',  ( 0.09525581129965599025, 0.4339818059484583102, 0.2406666666666666399 ) ) ;
#412 = ORIENTED_EDGE ( 'NONE', *, *, #175, .F. ) ;
#413 = EDGE_CURVE ( 'NONE', #2594, #985, #3327, .T. ) ;
#414 = CARTESIAN_POINT ( 'NONE',  ( -0.0008904435425151668903, 0.4736609705907940948, 0.2406666666666666399 ) ) ;
#415 = AXIS2_PLACEMENT_3D ( 'NONE', #841, #2086, #76 ) ;
#416 = DIRECTION ( 'NONE',  ( -1.000000000000000000, 0.000000000000000000, -0.000000000000000000 ) ) ;
#417 = PRESENTATION_LAYER_ASSIGNMENT (  '', '', ( #1837 ) ) ;
#418 = EDGE_LOOP ( 'NONE', ( #2984, #856 ) ) ;
#419 = CARTESIAN_POINT ( 'NONE',  ( -0.1346615267576663499, 0.4126266817417696409, 0.2416666666666666408 ) ) ;
#420 = DIRECTION ( 'NONE',  ( 0.000000000000000000, -0.000000000000000000, 1.000000000000000000 ) ) ;
#421 = VECTOR ( 'NONE', #3307, 1000.000000000000000 ) ;
#422 = CIRCLE ( 'NONE', #956, 0.01666666666666664562 ) ;
#423 = CARTESIAN_POINT ( 'NONE',  ( 0.05510372375857099797, 0.4335075521299613377, 0.2416666666666666408 ) ) ;
#424 = VERTEX_POINT ( 'NONE', #1892 ) ;
#425 = FACE_OUTER_BOUND ( 'NONE', #2686, .T. ) ;
#426 = STYLED_ITEM ( 'NONE', ( #2558 ), #2028 ) ;
#427 = CARTESIAN_POINT ( 'NONE',  ( 0.4999999999999994449, 0.8000000000000000444, -0.2250000000000001998 ) ) ;
#428 = CARTESIAN_POINT ( 'NONE',  ( -0.01918301877892569091, 0.4603252641512028398, 0.2406666666666666399 ) ) ;
#429 = CARTESIAN_POINT ( 'NONE',  ( 0.1217316617080722307, 0.4336602044982089676, 0.2406666666666666399 ) ) ;
#430 = CARTESIAN_POINT ( 'NONE',  ( 0.1210263788360264742, 0.4106039510650868474, 0.2406666666666666121 ) ) ;
#431 = CARTESIAN_POINT ( 'NONE',  ( 0.09934221186228707479, 0.4596865064834257941, 0.2416666666666666408 ) ) ;
#432 = CARTESIAN_POINT ( 'NONE',  ( 0.1014340887774859978, 0.4388544887357360702, 0.2406666666666666399 ) ) ;
#433 = ORIENTED_EDGE ( 'NONE', *, *, #2994, .F. ) ;
#434 = AXIS2_PLACEMENT_3D ( 'NONE', #3308, #1468, #1777 ) ;
#435 = PRODUCT_DEFINITION_CONTEXT ( 'detailed design', #176, 'design' ) ;
#436 = CARTESIAN_POINT ( 'NONE',  ( 0.03004126870957235865, 0.4511706269522538504, 0.2406666666666666399 ) ) ;
#437 = DIRECTION ( 'NONE',  ( -1.000000000000000000, -0.000000000000000000, 8.673617379884035472E-17 ) ) ;
#438 = CARTESIAN_POINT ( 'NONE',  ( -0.4999999999999993339, 0.02499999999999998404, -0.2250000000000001998 ) ) ;
#439 = PRODUCT ( 'GRM158R61A226ME15D', 'GRM158R61A226ME15D', '', ( #37 ) ) ;
#440 = ADVANCED_FACE ( 'NONE', ( #2631 ), #2614, .F. ) ;
#441 = VERTEX_POINT ( 'NONE', #1321 ) ;
#442 = CARTESIAN_POINT ( 'NONE',  ( 0.04606332367574732939, 0.4111906037714830875, 0.2406666666666666399 ) ) ;
#443 = FACE_OUTER_BOUND ( 'NONE', #937, .T. ) ;
#444 = PRESENTATION_STYLE_ASSIGNMENT (( #2193 ) ) ;
#445 = ORIENTED_EDGE ( 'NONE', *, *, #1490, .F. ) ;
#446 = CARTESIAN_POINT ( 'NONE',  ( -0.1335135460518075412, 0.4072555411553372418, 0.2406666666666666399 ) ) ;
#447 = CARTESIAN_POINT ( 'NONE',  ( -0.04797345584573296795, 0.4395387236071586767, 0.2416666666666666408 ) ) ;
#448 = CARTESIAN_POINT ( 'NONE',  ( 0.1026588020277440505, 0.4561037403894009912, 0.2416666666666666408 ) ) ;
#449 = CARTESIAN_POINT ( 'NONE',  ( 0.09674987864564042750, 0.4442762979323902073, 0.2406666666666666399 ) ) ;
#450 = CARTESIAN_POINT ( 'NONE',  ( -0.2499999999955660468, 0.008333333333333319340, 0.2250000000000000056 ) ) ;
#451 = CARTESIAN_POINT ( 'NONE',  ( -0.01076941546436035839, 0.4748910283421270417, 0.2406666666666666399 ) ) ;
#452 = CARTESIAN_POINT ( 'NONE',  ( 0.04606332367574732939, 0.4111906037714830875, 0.2416666666666666685 ) ) ;
#453 = ORIENTED_EDGE ( 'NONE', *, *, #3200, .F. ) ;
#454 = PRODUCT_DEFINITION ( 'UNKNOWN', '', #1236, #1353 ) ;
#455 = CARTESIAN_POINT ( 'NONE',  ( 0.04856651670361714079, 0.4129530368879636426, 0.2406666666666666399 ) ) ;
#456 = DIRECTION ( 'NONE',  ( 1.000000000000000000, 0.000000000000000000, 0.000000000000000000 ) ) ;
#457 = SURFACE_SIDE_STYLE ('',( #51 ) ) ;
#458 = EDGE_LOOP ( 'NONE', ( #3120, #975 ) ) ;
#459 = ADVANCED_FACE ( 'NONE', ( #1386 ), #1859, .T. ) ;
#460 = CARTESIAN_POINT ( 'NONE',  ( -0.1376078648954671413, 0.4058363734094046493, 0.2406666666666666399 ) ) ;
#461 = CARTESIAN_POINT ( 'NONE',  ( -0.009601207895434451037, 0.4332789148061392259, 0.2416666666666666408 ) ) ;
#462 = CARTESIAN_POINT ( 'NONE',  ( -0.4749999999999994782, 0.7750000000000002442, -0.2250000000000001998 ) ) ;
#463 = CARTESIAN_POINT ( 'NONE',  ( -0.01918301877892569091, 0.4603252641512028398, 0.2416666666666666408 ) ) ;
#464 = CARTESIAN_POINT ( 'NONE',  ( -0.01306968705976688065, 0.4248516058620456226, 0.2416666666666666408 ) ) ;
#465 = CARTESIAN_POINT ( 'NONE',  ( 0.06847347591454520932, 0.4088183765302866313, 0.2416666666666666408 ) ) ;
#466 = CARTESIAN_POINT ( 'NONE',  ( 0.1016897316493355768, 0.4535031201098468356, 0.2416666666666666408 ) ) ;
#467 = CARTESIAN_POINT ( 'NONE',  ( 0.1218587651361704299, 0.4108656204070357254, 0.2416666666666666685 ) ) ;
#468 = CARTESIAN_POINT ( 'NONE',  ( 0.01847429407852934496, 0.4248261772643199263, 0.2406666666666666399 ) ) ;
#469 = CARTESIAN_POINT ( 'NONE',  ( -0.1546556580747217302, 0.4095989019130664155, 0.2406666666666666399 ) ) ;
#470 = CARTESIAN_POINT ( 'NONE',  ( -0.2499999999999993616, 0.7750000000000002442, -0.2416666666666668351 ) ) ;
#471 = CARTESIAN_POINT ( 'NONE',  ( -0.1215592664517062688, 0.4235261021465751008, 0.2416666666666666408 ) ) ;
#472 = CARTESIAN_POINT ( 'NONE',  ( -0.1262478031016773250, 0.4339361647127004118, 0.2416666666666666408 ) ) ;
#473 = ORIENTED_EDGE ( 'NONE', *, *, #3097, .F. ) ;
#474 = VECTOR ( 'NONE', #1716, 1000.000000000000000 ) ;
#475 = CARTESIAN_POINT ( 'NONE',  ( -0.1268145617809973702, 0.4288653501094589204, 0.2416666666666666408 ) ) ;
#476 = CARTESIAN_POINT ( 'NONE',  ( -0.02334145234194764593, 0.4058363734094046493, 0.2416666666666666408 ) ) ;
#477 = LINE ( 'NONE', #427, #3331 ) ;
#478 = CARTESIAN_POINT ( 'NONE',  ( -0.07700754416804883595, 0.4300742364116478811, 0.2406666666666666399 ) ) ;
#479 = CIRCLE ( 'NONE', #2369, 0.02499999999999995628 ) ;
#480 = VECTOR ( 'NONE', #1781, 1000.000000000000000 ) ;
#481 = CARTESIAN_POINT ( 'NONE',  ( -0.1335135460518075412, 0.4072555411553372418, 0.2406666666666666399 ) ) ;
#482 = CARTESIAN_POINT ( 'NONE',  ( 0.1057555784963790657, 0.4406840385583257746, 0.2416666666666666408 ) ) ;
#483 = CARTESIAN_POINT ( 'NONE',  ( 0.07471356005552687307, 0.4070727453004657770, 0.2406666666666666399 ) ) ;
#484 = CARTESIAN_POINT ( 'NONE',  ( 0.2499999999940882844, 0.02499999999999995628, -0.2416666666666669183 ) ) ;
#485 = CARTESIAN_POINT ( 'NONE',  ( 0.03540126600734309903, 0.4370543763075792620, 0.2406666666666666399 ) ) ;
#486 = CARTESIAN_POINT ( 'NONE',  ( 0.04420427124677244607, 0.4260840605400018632, 0.2416666666666666408 ) ) ;
#487 = ORIENTED_EDGE ( 'NONE', *, *, #1371, .T. ) ;
#488 = CARTESIAN_POINT ( 'NONE',  ( 0.04665637143482159743, 0.4112812830328407832, 0.2406666666666666399 ) ) ;
#489 = EDGE_LOOP ( 'NONE', ( #2399, #2351, #1588, #1906 ) ) ;
#490 = CARTESIAN_POINT ( 'NONE',  ( 0.000000000000000000, 0.7750000000000002442, 0.2250000000000000611 ) ) ;
#491 = CARTESIAN_POINT ( 'NONE',  ( -0.08423594833183921382, 0.4094316278378813401, 0.2416666666666666408 ) ) ;
#492 = CARTESIAN_POINT ( 'NONE',  ( -0.1145901978483455097, 0.4058363734094046493, 0.2406666666666666399 ) ) ;
#493 = CARTESIAN_POINT ( 'NONE',  ( 0.09763935374593897543, 0.4390202076662955699, 0.2416666666666666408 ) ) ;
#494 = CARTESIAN_POINT ( 'NONE',  ( 0.06376755184502207185, 0.4250565471691034047, 0.2416666666666666408 ) ) ;
#495 = EDGE_CURVE ( 'NONE', #2162, #882, #367, .T. ) ;
#496 = CARTESIAN_POINT ( 'NONE',  ( -0.1111810227459705813, 0.4402559060814966729, 0.2406666666666666399 ) ) ;
#497 = CARTESIAN_POINT ( 'NONE',  ( 0.4749999999999993117, 0.7750000000000002442, 0.2250000000000001998 ) ) ;
#498 =( LENGTH_UNIT ( ) NAMED_UNIT ( * ) SI_UNIT ( .MILLI., .METRE. ) );
#499 = ORIENTED_EDGE ( 'NONE', *, *, #1282, .F. ) ;
#500 = CARTESIAN_POINT ( 'NONE',  ( 0.1185395596128645951, 0.4393222930077570476, 0.2406666666666666399 ) ) ;
#501 = CARTESIAN_POINT ( 'NONE',  ( -0.1465913150260258757, 0.4341802317401869393, 0.2416666666666666408 ) ) ;
#502 = EDGE_LOOP ( 'NONE', ( #626, #1174, #204, #1534 ) ) ;
#503 = CARTESIAN_POINT ( 'NONE',  ( -0.002557341145127113753, 0.4614837021577191667, 0.2406666666666666399 ) ) ;
#504 = CARTESIAN_POINT ( 'NONE',  ( 0.1217316617080722307, 0.4336602044982089676, 0.2416666666666666963 ) ) ;
#505 = CARTESIAN_POINT ( 'NONE',  ( -0.4749999999999994782, 0.8000000000000000444, 0.2250000000000000611 ) ) ;
#506 = CARTESIAN_POINT ( 'NONE',  ( -0.07242529338985226328, 0.4280426436324742401, 0.2416666666666666408 ) ) ;
#507 = CARTESIAN_POINT ( 'NONE',  ( -0.1083581231522729865, 0.4292790512703674732, 0.2416666666666666408 ) ) ;
#508 = CARTESIAN_POINT ( 'NONE',  ( 0.02376725314473348075, 0.4091816299396099366, 0.2416666666666666408 ) ) ;
#509 = CARTESIAN_POINT ( 'NONE',  ( 0.06351061369080303332, 0.4103089192775649652, 0.2416666666666666408 ) ) ;
#510 = CARTESIAN_POINT ( 'NONE',  ( 0.1287725259692800439, 0.4319231258544156127, 0.2406666666666666399 ) ) ;
#511 = CARTESIAN_POINT ( 'NONE',  ( -0.1061291892733009640, 0.4327713469226905918, 0.2406666666666666399 ) ) ;
#512 = CARTESIAN_POINT ( 'NONE',  ( 0.1216835792175190445, 0.4336381937844041023, 0.2416666666666666963 ) ) ;
#513 = SURFACE_SIDE_STYLE ('',( #1330 ) ) ;
#514 = CARTESIAN_POINT ( 'NONE',  ( -0.002358310687806232289, 0.4666160678681700036, 0.2416666666666666408 ) ) ;
#515 = EDGE_CURVE ( 'NONE', #885, #2844, #3325, .T. ) ;
#516 = VERTEX_POINT ( 'NONE', #1403 ) ;
#517 = CARTESIAN_POINT ( 'NONE',  ( 0.1097762430598342720, 0.4353929362810819992, 0.2406666666666666399 ) ) ;
#518 = ORIENTED_EDGE ( 'NONE', *, *, #1694, .F. ) ;
#519 = CARTESIAN_POINT ( 'NONE',  ( -0.1119596676961793630, 0.4090079078979219074, 0.2406666666666666399 ) ) ;
#520 = AXIS2_PLACEMENT_3D ( 'NONE', #41, #404, #3196 ) ;
#521 = CARTESIAN_POINT ( 'NONE',  ( -0.4749999999999994782, 0.8000000000000000444, 0.000000000000000000 ) ) ;
#522 = CYLINDRICAL_SURFACE ( 'NONE', #3176, 0.02500000000000001180 ) ;
#523 = CARTESIAN_POINT ( 'NONE',  ( -0.06431495606191188485, 0.4154830343670061210, 0.2416666666666666408 ) ) ;
#524 = CIRCLE ( 'NONE', #1999, 0.02499999999999995628 ) ;
#525 = COLOUR_RGB ( '',0.6941176470588235059, 0.09803921568627450844, 0.09803921568627450844 ) ;
#526 = CARTESIAN_POINT ( 'NONE',  ( -0.1126581518850008762, 0.4157980190753030048, 0.2406666666666666399 ) ) ;
#527 = VECTOR ( 'NONE', #600, 1000.000000000000000 ) ;
#528 = CARTESIAN_POINT ( 'NONE',  ( 0.01500788810683613590, 0.4385842751911363524, 0.2416666666666666408 ) ) ;
#529 = CARTESIAN_POINT ( 'NONE',  ( 0.08056253555700566837, 0.4444946212850514611, 0.2406666666666666399 ) ) ;
#530 = FILL_AREA_STYLE ('',( #1880 ) ) ;
#531 = VECTOR ( 'NONE', #1497, 1000.000000000000000 ) ;
#532 = CARTESIAN_POINT ( 'NONE',  ( -0.07606356702982167151, 0.4327151853902546641, 0.2406666666666666399 ) ) ;
#533 = FACE_OUTER_BOUND ( 'NONE', #2625, .T. ) ;
#534 = CARTESIAN_POINT ( 'NONE',  ( 0.04371765616648532610, 0.4307246846502001403, 0.2416666666666666685 ) ) ;
#535 = CARTESIAN_POINT ( 'NONE',  ( -0.005564576102403373005, 0.4432936255719585605, 0.2416666666666666408 ) ) ;
#536 = AXIS2_PLACEMENT_3D ( 'NONE', #1822, #2847, #25 ) ;
#537 = ORIENTED_EDGE ( 'NONE', *, *, #3056, .T. ) ;
#538 = UNCERTAINTY_MEASURE_WITH_UNIT (LENGTH_MEASURE( 1.000000000000000082E-05 ), #228, 'distance_accuracy_value', 'NONE');
#539 = CARTESIAN_POINT ( 'NONE',  ( 0.1393582477210453252, 0.4386681735859873643, 0.2406666666666666399 ) ) ;
#540 = ADVANCED_FACE ( 'NONE', ( #2689 ), #2991, .T. ) ;
#541 = VERTEX_POINT ( 'NONE', #820 ) ;
#542 = AXIS2_PLACEMENT_3D ( 'NONE', #973, #2592, #2888 ) ;
#543 = SURFACE_SIDE_STYLE ('',( #791 ) ) ;
#544 = EDGE_CURVE ( 'NONE', #2348, #1619, #2100, .T. ) ;
#545 = CARTESIAN_POINT ( 'NONE',  ( -0.001316953073541345803, 0.4084270842473103902, 0.2416666666666666408 ) ) ;
#546 = CYLINDRICAL_SURFACE ( 'NONE', #3334, 0.02500000000000001180 ) ;
#547 = CARTESIAN_POINT ( 'NONE',  ( -0.06150022409968036036, 0.4402393979754955500, 0.2406666666666666399 ) ) ;
#548 = B_SPLINE_CURVE_WITH_KNOTS ( 'NONE', 3,
 ( #3271, #1478, #2513, #32, #2838, #322, #833, #269, #1543, #2639, #1565, #818, #1348 ),
 .UNSPECIFIED., .F., .F.,
 ( 4, 1, 1, 1, 1, 1, 1, 1, 1, 1, 4 ),
 ( 0.000000000000000000, 0.2032355955287680205, 0.3172444422460968250, 0.4265630972105112217, 0.4752711291043301145, 0.5320117315009416092, 0.5704393900603133005, 0.6482696481191541071, 0.6992762687055553705, 0.8245467334601485065, 1.000000000000000000 ),
 .UNSPECIFIED. ) ;
#549 = CARTESIAN_POINT ( 'NONE',  ( 0.2499999999940882844, 0.02499999999999995628, -0.2250000000000002554 ) ) ;
#550 = CARTESIAN_POINT ( 'NONE',  ( 0.01481365033397305173, 0.4740512787395165795, 0.2416666666666666408 ) ) ;
#551 = CARTESIAN_POINT ( 'NONE',  ( 0.07583482450313963619, 0.4135405514951784323, 0.2406666666666666399 ) ) ;
#552 = CARTESIAN_POINT ( 'NONE',  ( -0.08799203547386590107, 0.4252395345128215931, 0.2406666666666666399 ) ) ;
#553 = CARTESIAN_POINT ( 'NONE',  ( 0.1223327857402482094, 0.4339791614003222775, 0.2416666666666666963 ) ) ;
#554 = CARTESIAN_POINT ( 'NONE',  ( 0.01213160135430781106, 0.4647773544332485240, 0.2416666666666666130 ) ) ;
#555 = ORIENTED_EDGE ( 'NONE', *, *, #782, .F. ) ;
#556 = FACE_BOUND ( 'NONE', #1652, .T. ) ;
#557 =( NAMED_UNIT ( * ) SI_UNIT ( $, .STERADIAN. ) SOLID_ANGLE_UNIT ( ) );
#558 = VERTEX_POINT ( 'NONE', #2840 ) ;
#559 = DIRECTION ( 'NONE',  ( 0.000000000000000000, -0.000000000000000000, 1.000000000000000000 ) ) ;
#560 = FACE_OUTER_BOUND ( 'NONE', #2610, .T. ) ;
#561 = CARTESIAN_POINT ( 'NONE',  ( -0.4749999999999994782, 0.02500000000000000486, 0.2250000000000000611 ) ) ;
#562 = EDGE_CURVE ( 'NONE', #1977, #2907, #110, .T. ) ;
#563 = FACE_OUTER_BOUND ( 'NONE', #502, .T. ) ;
#564 = CARTESIAN_POINT ( 'NONE',  ( -0.03750498725651336268, 0.4313422349841469217, 0.2416666666666666408 ) ) ;
#565 = CARTESIAN_POINT ( 'NONE',  ( -0.0008904435425151668903, 0.4736609705907940948, 0.2406666666666666399 ) ) ;
#566 = DIRECTION ( 'NONE',  ( 1.000000000000000000, -0.000000000000000000, -0.000000000000000000 ) ) ;
#567 = CARTESIAN_POINT ( 'NONE',  ( -0.06935917948326683624, 0.4381938760927973076, 0.2406666666666666399 ) ) ;
#568 = CARTESIAN_POINT ( 'NONE',  ( 0.1243069831577439943, 0.4154502105345391216, 0.2416666666666666685 ) ) ;
#569 = CARTESIAN_POINT ( 'NONE',  ( 0.003728720035442742962, 0.4683705442218690229, 0.2416666666666666130 ) ) ;
#570 = CARTESIAN_POINT ( 'NONE',  ( 0.1475538868586284136, 0.4067338105746359789, 0.2416666666666666408 ) ) ;
#571 = EDGE_LOOP ( 'NONE', ( #1686, #1151, #2706, #705 ) ) ;
#572 = CARTESIAN_POINT ( 'NONE',  ( -0.1557564100672360896, 0.4058363734094046493, 0.2406666666666666399 ) ) ;
#573 = DIRECTION ( 'NONE',  ( 0.000000000000000000, 0.000000000000000000, 1.000000000000000000 ) ) ;
#574 = ORIENTED_EDGE ( 'NONE', *, *, #2358, .F. ) ;
#575 = LINE ( 'NONE', #2596, #3 ) ;
#576 = CARTESIAN_POINT ( 'NONE',  ( 500000.0000000000582, 0.7750000000000002442, 0.2416666666232985261 ) ) ;
#577 = CARTESIAN_POINT ( 'NONE',  ( 0.01292371872373797130, 0.4534604739667887352, 0.2406666666666666399 ) ) ;
#578 = CARTESIAN_POINT ( 'NONE',  ( 0.02054055920433465673, 0.4290682543109801683, 0.2416666666666666408 ) ) ;
#579 = CIRCLE ( 'NONE', #2464, 0.01666666666666664562 ) ;
#580 = CARTESIAN_POINT ( 'NONE',  ( -0.002557341145127113753, 0.4614837021577191667, 0.2406666666666666399 ) ) ;
#581 = AXIS2_PLACEMENT_3D ( 'NONE', #1917, #2931, #2425 ) ;
#582 = CARTESIAN_POINT ( 'NONE',  ( 0.4999999999999994449, 0.02499999999999997016, -0.2250000000000001998 ) ) ;
#583 = COLOUR_RGB ( '',0.6941176470588235059, 0.09803921568627450844, 0.09803921568627450844 ) ;
#584 = PRESENTATION_STYLE_ASSIGNMENT (( #1679 ) ) ;
#585 = CARTESIAN_POINT ( 'NONE',  ( 0.1465476502553044180, 0.4390600902996466548, 0.2406666666666666399 ) ) ;
#586 = CIRCLE ( 'NONE', #2471, 0.02499999999999995628 ) ;
#587 = ORIENTED_EDGE ( 'NONE', *, *, #1857, .T. ) ;
#588 = CARTESIAN_POINT ( 'NONE',  ( 0.08974375526717887075, 0.4132545132095093443, 0.2406666666666666399 ) ) ;
#589 = AXIS2_PLACEMENT_3D ( 'NONE', #1438, #2979, #142 ) ;
#590 = CARTESIAN_POINT ( 'NONE',  ( -0.1508368938000981263, 0.4330386939858242856, 0.2416666666666666408 ) ) ;
#591 = ORIENTED_EDGE ( 'NONE', *, *, #2836, .F. ) ;
#592 = COLOUR_RGB ( '',0.6941176470588235059, 0.09803921568627450844, 0.09803921568627450844 ) ;
#593 = CARTESIAN_POINT ( 'NONE',  ( 0.4749999999999994782, 0.02500000000000000486, -0.2250000000000001998 ) ) ;
#594 = B_SPLINE_SURFACE_WITH_KNOTS ( 'NONE', 3, 1, ( 
 ( #3100, #819 ),
 ( #1366, #2641 ),
 ( #66, #323 ),
 ( #1086, #534 ),
 ( #2397, #785 ),
 ( #2126, #83 ),
 ( #2587, #1566 ),
 ( #1312, #288 ),
 ( #33, #2346 ),
 ( #1053, #2094 ),
 ( #803, #1680 ),
 ( #410, #914 ),
 ( #1646, #868 ) ),
 .UNSPECIFIED., .F., .F., .F.,
 ( 4, 1, 1, 1, 1, 1, 1, 1, 1, 1, 4 ),
 ( 2, 2 ),
 ( 0.4969999992786582332, 0.5425807806637334973, 0.5905595859618943955, 0.6696412849122858058, 0.7450768851203194432, 0.7900852689114689076, 0.8456230827509222392, 0.8663500295175089461, 0.9259176994114609593, 0.9869266528373165093, 1.000000117152336054 ),
 ( 0.000000000000000000, 1.000000000000000000 ),
 .UNSPECIFIED. ) ;
#595 = CARTESIAN_POINT ( 'NONE',  ( 0.04606332367574732939, 0.4111906037714830875, 0.2406666666666666399 ) ) ;
#596 = CARTESIAN_POINT ( 'NONE',  ( -0.1511509138087737680, 0.4085736331577145553, 0.2416666666666666408 ) ) ;
#597 = CARTESIAN_POINT ( 'NONE',  ( 0.03004126870957235865, 0.4511706269522538504, 0.2406666666666666399 ) ) ;
#598 = ADVANCED_FACE ( 'NONE', ( #1740 ), #1458, .F. ) ;
#599 = CARTESIAN_POINT ( 'NONE',  ( -0.4999999999999993339, 0.7750000000000002442, 0.2250000000000000888 ) ) ;
#600 = DIRECTION ( 'NONE',  ( 0.000000000000000000, 1.000000000000000000, 0.000000000000000000 ) ) ;
#601 = CARTESIAN_POINT ( 'NONE',  ( 500000.0000000000582, 0.008333333333333310666, -0.2250000000433683145 ) ) ;
#602 = CARTESIAN_POINT ( 'NONE',  ( 0.1038807170926098478, 0.4286005788381180293, 0.2406666666666666399 ) ) ;
#603 = ORIENTED_EDGE ( 'NONE', *, *, #1955, .T. ) ;
#604 = EDGE_CURVE ( 'NONE', #985, #2731, #931, .T. ) ;
#605 = UNCERTAINTY_MEASURE_WITH_UNIT (LENGTH_MEASURE( 1.000000000000000082E-05 ), #987, 'distance_accuracy_value', 'NONE');
#606 = CARTESIAN_POINT ( 'NONE',  ( 0.1039242955437938432, 0.4444529160279777624, 0.2406666666666666399 ) ) ;
#607 = ORIENTED_EDGE ( 'NONE', *, *, #2132, .F. ) ;
#608 = CARTESIAN_POINT ( 'NONE',  ( 0.01213160135430781106, 0.4647773544332485240, 0.2406666666666666399 ) ) ;
#609 = CARTESIAN_POINT ( 'NONE',  ( 0.1234300603546045344, 0.4113595734979790808, 0.2416666666666666408 ) ) ;
#610 = CARTESIAN_POINT ( 'NONE',  ( -0.1557564100949093699, 0.4058363734094046493, 0.2416666666666666130 ) ) ;
#611 = CARTESIAN_POINT ( 'NONE',  ( 0.01988798899270306092, 0.4347870121991213033, 0.2406666666666666399 ) ) ;
#612 = CARTESIAN_POINT ( 'NONE',  ( 0.4749999999999994782, 0.02499999999999995628, -0.2500000000000002220 ) ) ;
#613 = CARTESIAN_POINT ( 'NONE',  ( 0.1121557195592772782, 0.4388368709350076724, 0.2416666666666666408 ) ) ;
#614 = CARTESIAN_POINT ( 'NONE',  ( 0.1015085321851179612, 0.4183981856013492262, 0.2406666666666666399 ) ) ;
#615 = EDGE_LOOP ( 'NONE', ( #2187, #2628 ) ) ;
#616 = CARTESIAN_POINT ( 'NONE',  ( 0.08720958410720347498, 0.4497068509561127914, 0.2406666666666666399 ) ) ;
#617 = ADVANCED_FACE ( 'NONE', ( #2014 ), #3050, .F. ) ;
#618 = EDGE_LOOP ( 'NONE', ( #120, #1155, #587, #2485 ) ) ;
#619 = CARTESIAN_POINT ( 'NONE',  ( -0.08098661083385798320, 0.4315513756828406322, 0.2416666666666666408 ) ) ;
#620 = CARTESIAN_POINT ( 'NONE',  ( 0.02141997416156628600, 0.4378438155320953928, 0.2406666666666666399 ) ) ;
#621 = LINE ( 'NONE', #1661, #1786 ) ;
#622 = CARTESIAN_POINT ( 'NONE',  ( -0.01377846220083465099, 0.4200773833895001252, 0.2416666666666666408 ) ) ;
#623 = CLOSED_SHELL ( 'NONE', ( #440, #988, #2569, #2059, #1051, #1230, #1578, #2524, #2811, #2072, #1352, #1638, #3282, #150, #2116, #459, #2208, #1989 ) ) ;
#624 = DIRECTION ( 'NONE',  ( -1.000000000000000000, -0.000000000000000000, 8.673617379884035472E-17 ) ) ;
#625 = CARTESIAN_POINT ( 'NONE',  ( 0.1043024990683179692, 0.4147522298915619077, 0.2406666666666666399 ) ) ;
#626 = ORIENTED_EDGE ( 'NONE', *, *, #3200, .T. ) ;
#627 = VECTOR ( 'NONE', #3149, 1000.000000000000000 ) ;
#628 = CARTESIAN_POINT ( 'NONE',  ( 0.09525581129965599025, 0.4339818059484583102, 0.2406666666666666399 ) ) ;
#629 = PLANE ( 'NONE',  #2648 ) ;
#630 =( GEOMETRIC_REPRESENTATION_CONTEXT ( 3 ) GLOBAL_UNCERTAINTY_ASSIGNED_CONTEXT ( ( #372 ) ) GLOBAL_UNIT_ASSIGNED_CONTEXT ( ( #1861, #3130, #2881 ) ) REPRESENTATION_CONTEXT ( 'NONE', 'WORKASPACE' ) );
#631 = ORIENTED_EDGE ( 'NONE', *, *, #1955, .F. ) ;
#632 = VECTOR ( 'NONE', #18, 1000.000000000000000 ) ;
#633 = SURFACE_STYLE_FILL_AREA ( #1128 ) ;
#634 = ORIENTED_EDGE ( 'NONE', *, *, #359, .T. ) ;
#635 = EDGE_CURVE ( 'NONE', #701, #3227, #260, .T. ) ;
#636 = DIRECTION ( 'NONE',  ( -1.000000000000000000, -0.000000000000000000, 8.673617379884035472E-17 ) ) ;
#637 = CARTESIAN_POINT ( 'NONE',  ( -0.1430603092175559699, 0.4227184184300749048, 0.2416666666666666408 ) ) ;
#638 = AXIS2_PLACEMENT_3D ( 'NONE', #612, #338, #1134 ) ;
#639 = CARTESIAN_POINT ( 'NONE',  ( -0.03175540956896283351, 0.4157436538012350691, 0.2416666666666666408 ) ) ;
#640 = LINE ( 'NONE', #1364, #1075 ) ;
#641 = DIRECTION ( 'NONE',  ( -0.000000000000000000, -0.000000000000000000, 1.000000000000000000 ) ) ;
#642 = CARTESIAN_POINT ( 'NONE',  ( 0.1465476502553044180, 0.4390600902996466548, 0.2416666666666666408 ) ) ;
#643 = CARTESIAN_POINT ( 'NONE',  ( 0.09155897800639477280, 0.4110036123762287885, 0.2406666666666666399 ) ) ;
#644 = ORIENTED_EDGE ( 'NONE', *, *, #3242, .F. ) ;
#645 = CARTESIAN_POINT ( 'NONE',  ( 0.08104203178409695452, 0.4410872876941311360, 0.2406666666666666399 ) ) ;
#646 =( NAMED_UNIT ( * ) SI_UNIT ( $, .STERADIAN. ) SOLID_ANGLE_UNIT ( ) );
#647 = ORIENTED_EDGE ( 'NONE', *, *, #2230, .F. ) ;
#648 = PLANE ( 'NONE',  #333 ) ;
#649 = DIRECTION ( 'NONE',  ( -4.336808689942024836E-15, -1.219727444046194658E-15, 1.000000000000000000 ) ) ;
#650 = PRODUCT_RELATED_PRODUCT_CATEGORY ( 'part', '', ( #699 ) ) ;
#651 = ORIENTED_EDGE ( 'NONE', *, *, #211, .F. ) ;
#652 = CARTESIAN_POINT ( 'NONE',  ( -0.1268145617809973702, 0.4288653501094589204, 0.2406666666666666399 ) ) ;
#653 = CARTESIAN_POINT ( 'NONE',  ( -0.1518011880147046855, 0.4280141208197809632, 0.2416666666666666408 ) ) ;
#654 = CARTESIAN_POINT ( 'NONE',  ( -0.05049238876920457419, 0.4372679416328604241, 0.2416666666666666408 ) ) ;
#655 = ADVANCED_FACE ( 'NONE', ( #1186 ), #1202, .T. ) ;
#656 = LINE ( 'NONE', #3077, #1401 ) ;
#657 = CARTESIAN_POINT ( 'NONE',  ( -0.0004204985312055600603, 0.4163399965035615158, 0.2416666666666666408 ) ) ;
#658 = CARTESIAN_POINT ( 'NONE',  ( 0.1462896377735003473, 0.4097310084218692694, 0.2416666666666666408 ) ) ;
#659 = CARTESIAN_POINT ( 'NONE',  ( 0.1064637841350339481, 0.4382777346281077624, 0.2416666666666666408 ) ) ;
#660 = CARTESIAN_POINT ( 'NONE',  ( 0.02062274475336053903, 0.4089579362359699877, 0.2406666666666666399 ) ) ;
#661 = DIRECTION ( 'NONE',  ( 1.000000000000000000, 0.000000000000000000, -8.673617379884035472E-17 ) ) ;
#662 = ORIENTED_EDGE ( 'NONE', *, *, #1046, .F. ) ;
#663 = CARTESIAN_POINT ( 'NONE',  ( -0.1028402944374096212, 0.4143999156823977015, 0.2406666666666666399 ) ) ;
#664 = DIRECTION ( 'NONE',  ( -3.701697761654367328E-15, -1.000000000000000000, -1.219727444046210632E-15 ) ) ;
#665 = ORIENTED_EDGE ( 'NONE', *, *, #1447, .F. ) ;
#666 = CARTESIAN_POINT ( 'NONE',  ( -0.1265416788151201843, 0.4058363734094046493, 0.2406666666666666399 ) ) ;
#667 = CARTESIAN_POINT ( 'NONE',  ( -0.02948783261107978254, 0.4233022738439627397, 0.2416666666666666408 ) ) ;
#668 = EDGE_CURVE ( 'NONE', #2858, #2716, #2496, .T. ) ;
#669 = CARTESIAN_POINT ( 'NONE',  ( 0.4749999999999994782, 0.02499999999999999098, 0.2250000000000001166 ) ) ;
#670 = CARTESIAN_POINT ( 'NONE',  ( 0.1183714519650691660, 0.4273979288962895251, 0.2406666666666666121 ) ) ;
#671 = CARTESIAN_POINT ( 'NONE',  ( 0.06061043036645476223, 0.4376675347720894171, 0.2416666666666666408 ) ) ;
#672 = CARTESIAN_POINT ( 'NONE',  ( 0.08306883566928457974, 0.4474960170125323877, 0.2416666666666666408 ) ) ;
#673 = ORIENTED_EDGE ( 'NONE', *, *, #196, .F. ) ;
#674 = CARTESIAN_POINT ( 'NONE',  ( 0.01500788810683613590, 0.4385842751911363524, 0.2406666666666666399 ) ) ;
#675 = PRESENTATION_LAYER_ASSIGNMENT (  '', '', ( #1834 ) ) ;
#676 = CARTESIAN_POINT ( 'NONE',  ( 0.04113105434580940217, 0.4227029168571090345, 0.2416666666666666408 ) ) ;
#677 = AXIS2_PLACEMENT_3D ( 'NONE', #3202, #624, #1395 ) ;
#678 = AXIS2_PLACEMENT_3D ( 'NONE', #497, #2478, #169 ) ;
#679 = ORIENTED_EDGE ( 'NONE', *, *, #1485, .F. ) ;
#680 = CARTESIAN_POINT ( 'NONE',  ( 0.04808731476194287591, 0.4355037485216345927, 0.2406666666666666121 ) ) ;
#681 = CARTESIAN_POINT ( 'NONE',  ( 0.01627494116108463285, 0.4599025351587941457, 0.2416666666666666408 ) ) ;
#682 = AXIS2_PLACEMENT_3D ( 'NONE', #1982, #2784, #3257 ) ;
#683 = STYLED_ITEM ( 'NONE', ( #1748 ), #944 ) ;
#684 = CARTESIAN_POINT ( 'NONE',  ( 0.04665637143482159743, 0.4112812830328407832, 0.2406666666666666121 ) ) ;
#685 = VERTEX_POINT ( 'NONE', #949 ) ;
#686 = VECTOR ( 'NONE', #1283, 1000.000000000000000 ) ;
#687 = SURFACE_SIDE_STYLE ('',( #706 ) ) ;
#688 =( GEOMETRIC_REPRESENTATION_CONTEXT ( 3 ) GLOBAL_UNCERTAINTY_ASSIGNED_CONTEXT ( ( #538 ) ) GLOBAL_UNIT_ASSIGNED_CONTEXT ( ( #228, #924, #2487 ) ) REPRESENTATION_CONTEXT ( 'NONE', 'WORKASPACE' ) );
#689 = CARTESIAN_POINT ( 'NONE',  ( -0.02312022382318994207, 0.4419129657435577618, 0.2406666666666666399 ) ) ;
#690 = CARTESIAN_POINT ( 'NONE',  ( 0.006333484293747867512, 0.4058363734094046493, 0.2416666666666666408 ) ) ;
#691 = CARTESIAN_POINT ( 'NONE',  ( 0.08056253555700566837, 0.4444946212850514611, 0.2416666666666666408 ) ) ;
#692 = CARTESIAN_POINT ( 'NONE',  ( 0.09509312003750969300, 0.4586685362112455921, 0.2416666666666666408 ) ) ;
#693 = EDGE_CURVE ( 'NONE', #2080, #1639, #548, .T. ) ;
#694 = CARTESIAN_POINT ( 'NONE',  ( 0.002966281238892640344, 0.4265826111277067345, 0.2406666666666666399 ) ) ;
#695 =( GEOMETRIC_REPRESENTATION_CONTEXT ( 3 ) GLOBAL_UNCERTAINTY_ASSIGNED_CONTEXT ( ( #605 ) ) GLOBAL_UNIT_ASSIGNED_CONTEXT ( ( #987, #1756, #557 ) ) REPRESENTATION_CONTEXT ( 'NONE', 'WORKASPACE' ) );
#696 = CARTESIAN_POINT ( 'NONE',  ( -0.03461567159463614651, 0.4388449872238227023, 0.2406666666666666399 ) ) ;
#697 = CARTESIAN_POINT ( 'NONE',  ( -0.1546556580747217302, 0.4095989019130664155, 0.2416666666666666408 ) ) ;
#698 = CARTESIAN_POINT ( 'NONE',  ( 0.01292371872373797130, 0.4534604739667887352, 0.2416666666666666130 ) ) ;
#699 = PRODUCT ( 'GRM158R61A226ME15D_2_3', 'GRM158R61A226ME15D_2_3', '', ( #1056 ) ) ;
#700 = ADVANCED_FACE ( 'NONE', ( #784 ), #1356, .T. ) ;
#701 = VERTEX_POINT ( 'NONE', #1674 ) ;
#702 = DIRECTION ( 'NONE',  ( 1.000000000000000000, 0.000000000000000000, 0.000000000000000000 ) ) ;
#703 = CARTESIAN_POINT ( 'NONE',  ( 0.4749999999999994782, 0.7750000000000002442, -0.2250000000000001998 ) ) ;
#704 = CARTESIAN_POINT ( 'NONE',  ( 0.04808731245069543941, 0.4355037471624603196, 0.2416666666666666685 ) ) ;
#705 = ORIENTED_EDGE ( 'NONE', *, *, #1440, .F. ) ;
#706 = SURFACE_STYLE_FILL_AREA ( #3025 ) ;
#707 = CARTESIAN_POINT ( 'NONE',  ( -0.02163854549192249094, 0.4075111188402570916, 0.2416666666666666408 ) ) ;
#708 = FACE_OUTER_BOUND ( 'NONE', #385, .T. ) ;
#709 = CARTESIAN_POINT ( 'NONE',  ( -0.03175540956896283351, 0.4157436538012350691, 0.2406666666666666399 ) ) ;
#710 = CARTESIAN_POINT ( 'NONE',  ( 0.1218587651361704299, 0.4108656204070357254, 0.2406666666666666399 ) ) ;
#711 = CARTESIAN_POINT ( 'NONE',  ( 0.08830748187618030209, 0.4612041193669758066, 0.2416666666666666408 ) ) ;
#712 = CARTESIAN_POINT ( 'NONE',  ( 0.1014340887774859978, 0.4388544887357360702, 0.2416666666666666408 ) ) ;
#713 = CARTESIAN_POINT ( 'NONE',  ( -0.4749999999999994782, -2.371692252312040949E-17, 0.2250000000000000888 ) ) ;
#714 = CARTESIAN_POINT ( 'NONE',  ( 0.02495238715536074459, 0.4156690965902833379, 0.2406666666666666399 ) ) ;
#715 = CARTESIAN_POINT ( 'NONE',  ( 0.04730727805549770487, 0.4350450329336600919, 0.2416666666666666685 ) ) ;
#716 = DIRECTION ( 'NONE',  ( -0.000000000000000000, 0.000000000000000000, -1.000000000000000000 ) ) ;
#717 = EDGE_CURVE ( 'NONE', #374, #57, #579, .T. ) ;
#718 = CARTESIAN_POINT ( 'NONE',  ( 0.1462896377735003473, 0.4097310084218692694, 0.2416666666666666408 ) ) ;
#719 = CARTESIAN_POINT ( 'NONE',  ( -0.1291972256988209444, 0.4345576592630842061, 0.2406666666666666399 ) ) ;
#720 = ORIENTED_EDGE ( 'NONE', *, *, #2938, .T. ) ;
#721 = CARTESIAN_POINT ( 'NONE',  ( -0.1335135460518075412, 0.4072555411553372418, 0.2416666666666666408 ) ) ;
#722 = CARTESIAN_POINT ( 'NONE',  ( 0.005753183950329035339, 0.4314785714688143536, 0.2406666666666666399 ) ) ;
#723 = CARTESIAN_POINT ( 'NONE',  ( -0.06050920300560547888, 0.4249042209075849508, 0.2416666666666666408 ) ) ;
#724 = B_SPLINE_CURVE_WITH_KNOTS ( 'NONE', 3,
 ( #3323, #2501, #955, #2, #2281, #681, #3275, #1532, #3054, #1720, #733 ),
 .UNSPECIFIED., .F., .F.,
 ( 4, 1, 1, 1, 1, 1, 1, 1, 4 ),
 ( 0.000000000000000000, 0.04958079006029782881, 0.1315710044239342402, 0.2197642356881615855, 0.2923126848353664320, 0.3853818014276519932, 0.4364047330577233152, 0.4859673219495777574, 0.4999999999992714717 ),
 .UNSPECIFIED. ) ;
#725 = CARTESIAN_POINT ( 'NONE',  ( 0.1217316660126829125, 0.4336602067171959063, 0.2416666666666666685 ) ) ;
#726 = CARTESIAN_POINT ( 'NONE',  ( 0.08306883566928457974, 0.4474960170125323877, 0.2416666666666666408 ) ) ;
#727 = CARTESIAN_POINT ( 'NONE',  ( 0.08204939434026208012, 0.4362775275067270475, 0.2406666666666666399 ) ) ;
#728 = CARTESIAN_POINT ( 'NONE',  ( 0.1217727454776033891, 0.4336813829052532654, 0.2406666666666666399 ) ) ;
#729 = CARTESIAN_POINT ( 'NONE',  ( -0.03175540956896283351, 0.4157436538012350691, 0.2406666666666666399 ) ) ;
#730 = CARTESIAN_POINT ( 'NONE',  ( 0.006952333032573382136, 0.4438039739914184656, 0.2406666666666666399 ) ) ;
#731 = AXIS2_PLACEMENT_3D ( 'NONE', #1769, #2530, #3014 ) ;
#732 = CARTESIAN_POINT ( 'NONE',  ( 0.04814799950918171451, 0.4355394353544217445, 0.2406666666666666399 ) ) ;
#733 = CARTESIAN_POINT ( 'NONE',  ( 0.003356059041237152360, 0.4683794309371474007, 0.2416666666666666130 ) ) ;
#734 = CARTESIAN_POINT ( 'NONE',  ( -0.1329891839837148149, 0.4396089238731737403, 0.2416666666666666408 ) ) ;
#735 = VERTEX_POINT ( 'NONE', #2854 ) ;
#736 = AXIS2_PLACEMENT_3D ( 'NONE', #1881, #1393, #850 ) ;
#737 = AXIS2_PLACEMENT_3D ( 'NONE', #923, #3260, #2723 ) ;
#738 = CYLINDRICAL_SURFACE ( 'NONE', #113, 0.02500000000000001180 ) ;
#739 = DIRECTION ( 'NONE',  ( -1.000000000000000000, -0.000000000000000000, 0.000000000000000000 ) ) ;
#740 = CARTESIAN_POINT ( 'NONE',  ( 0.2499999999999993616, 0.7750000000000002442, -0.2500000000000002220 ) ) ;
#741 =( NAMED_UNIT ( * ) PLANE_ANGLE_UNIT ( ) SI_UNIT ( $, .RADIAN. ) );
#742 = CARTESIAN_POINT ( 'NONE',  ( -0.06412153408300483304, 0.4404469040982320061, 0.2406666666666666399 ) ) ;
#743 = CIRCLE ( 'NONE', #106, 0.02500000000000001180 ) ;
#744 = ADVANCED_FACE ( 'NONE', ( #533 ), #1663, .T. ) ;
#745 = MECHANICAL_DESIGN_GEOMETRIC_PRESENTATION_REPRESENTATION (  '', ( #903 ), #1446 ) ;
#746 = FILL_AREA_STYLE ('',( #1560 ) ) ;
#747 = CARTESIAN_POINT ( 'NONE',  ( 0.06974977216652666900, 0.4407552362991003503, 0.2416666666666666408 ) ) ;
#748 = CARTESIAN_POINT ( 'NONE',  ( 0.06152342565751628412, 0.4140840269759137882, 0.2406666666666666399 ) ) ;
#749 = CARTESIAN_POINT ( 'NONE',  ( 0.1217316617080722307, 0.4336602044982089676, 0.2406666666666666399 ) ) ;
#750 = CARTESIAN_POINT ( 'NONE',  ( -0.06666167312926687960, 0.4399078018271289636, 0.2406666666666666399 ) ) ;
#751 = CARTESIAN_POINT ( 'NONE',  ( -0.1464275106988875697, 0.4293122025800694130, 0.2416666666666666408 ) ) ;
#752 = LINE ( 'NONE', #470, #531 ) ;
#753 = VERTEX_POINT ( 'NONE', #2410 ) ;
#754 = CARTESIAN_POINT ( 'NONE',  ( -0.1276600888567725467, 0.4091428833100572149, 0.2416666666666666408 ) ) ;
#755 = CIRCLE ( 'NONE', #1851, 0.02500000000000001180 ) ;
#756 = DIRECTION ( 'NONE',  ( 0.000000000000000000, 0.000000000000000000, -1.000000000000000000 ) ) ;
#757 = CARTESIAN_POINT ( 'NONE',  ( -0.1428934180557256961, 0.4373718474432385928, 0.2406666666666666399 ) ) ;
#758 = ORIENTED_EDGE ( 'NONE', *, *, #413, .F. ) ;
#759 = CARTESIAN_POINT ( 'NONE',  ( 0.0007763356355030506415, 0.4684565094230892512, 0.2406666666666666399 ) ) ;
#760 = CARTESIAN_POINT ( 'NONE',  ( -0.07242529338985226328, 0.4280426436324742401, 0.2406666666666666399 ) ) ;
#761 = CARTESIAN_POINT ( 'NONE',  ( -0.1215592664517062688, 0.4235261021465751008, 0.2406666666666666399 ) ) ;
#762 = ADVANCED_FACE ( 'NONE', ( #117 ), #878, .F. ) ;
#763 = CARTESIAN_POINT ( 'NONE',  ( 0.01847429407852934496, 0.4248261772643199263, 0.2416666666666666408 ) ) ;
#764 = CARTESIAN_POINT ( 'NONE',  ( 0.07813491860551785573, 0.4438841104062464238, 0.2416666666666666408 ) ) ;
#765 = CARTESIAN_POINT ( 'NONE',  ( 0.004435001813312427002, 0.4065810548078241382, 0.2406666666666666399 ) ) ;
#766 = CARTESIAN_POINT ( 'NONE',  ( -0.09874215205612417445, 0.4376181848057051349, 0.2406666666666666399 ) ) ;
#767 = DIRECTION ( 'NONE',  ( 1.000000000000000000, 0.000000000000000000, -8.673617379884035472E-17 ) ) ;
#768 = CARTESIAN_POINT ( 'NONE',  ( -0.4749999999999994782, 0.8000000000000002665, -0.2250000000000122180 ) ) ;
#769 = DIRECTION ( 'NONE',  ( -1.000000000000000000, 0.000000000000000000, 0.000000000000000000 ) ) ;
#770 =( LENGTH_UNIT ( ) NAMED_UNIT ( * ) SI_UNIT ( .MILLI., .METRE. ) );
#771 = CARTESIAN_POINT ( 'NONE',  ( -0.1088228433117203464, 0.4377368572994343454, 0.2406666666666666399 ) ) ;
#772 = ORIENTED_EDGE ( 'NONE', *, *, #175, .T. ) ;
#773 = CARTESIAN_POINT ( 'NONE',  ( 0.4999999999999993339, 0.02499999999999995628, -0.2250000000000001998 ) ) ;
#774 = CARTESIAN_POINT ( 'NONE',  ( -0.1051839396800506032, 0.4058363734094046493, 0.2416666666666666408 ) ) ;
#775 = CARTESIAN_POINT ( 'NONE',  ( -0.02163854549192249094, 0.4075111188402570916, 0.2406666666666666399 ) ) ;
#776 = SURFACE_STYLE_USAGE ( .BOTH. , #3128 ) ;
#777 = CARTESIAN_POINT ( 'NONE',  ( -0.07731250422924156041, 0.4200784016393774301, 0.2416666666666666408 ) ) ;
#778 = CARTESIAN_POINT ( 'NONE',  ( -0.1235854223948357755, 0.4287231274316216645, 0.2406666666666666399 ) ) ;
#779 = CARTESIAN_POINT ( 'NONE',  ( -0.03918081373135686579, 0.4089787042511994208, 0.2416666666666666408 ) ) ;
#780 = CARTESIAN_POINT ( 'NONE',  ( 0.07925359114850541453, 0.4319306005652275293, 0.2406666666666666399 ) ) ;
#781 = CARTESIAN_POINT ( 'NONE',  ( -0.4749999999999994782, 0.7750000000000002442, 0.2499999999999999445 ) ) ;
#782 = EDGE_CURVE ( 'NONE', #2114, #2223, #2713, .T. ) ;
#783 = CARTESIAN_POINT ( 'NONE',  ( -0.08774843124378675641, 0.4185545076730095015, 0.2406666666666666399 ) ) ;
#784 = FACE_OUTER_BOUND ( 'NONE', #1314, .T. ) ;
#785 = CARTESIAN_POINT ( 'NONE',  ( 0.04420427124677244607, 0.4260840605400018632, 0.2416666666666666685 ) ) ;
#786 = CARTESIAN_POINT ( 'NONE',  ( 0.04957996104476028454, 0.4363444976778518281, 0.2406666666666666121 ) ) ;
#787 = VERTEX_POINT ( 'NONE', #1422 ) ;
#788 = CARTESIAN_POINT ( 'NONE',  ( -0.4999999999999994449, 0.8000000000000000444, 0.2250000000000000888 ) ) ;
#789 =( NAMED_UNIT ( * ) SI_UNIT ( $, .STERADIAN. ) SOLID_ANGLE_UNIT ( ) );
#790 = ORIENTED_EDGE ( 'NONE', *, *, #301, .T. ) ;
#791 = SURFACE_STYLE_FILL_AREA ( #2370 ) ;
#792 = AXIS2_PLACEMENT_3D ( 'NONE', #593, #3159, #1591 ) ;
#793 = LINE ( 'NONE', #2983, #3068 ) ;
#794 = CARTESIAN_POINT ( 'NONE',  ( 0.002785297901842038060, 0.4417808328694400877, 0.2406666666666666399 ) ) ;
#795 = CARTESIAN_POINT ( 'NONE',  ( 0.2499999999999993616, 0.8000000000000000444, -0.2250000000000001998 ) ) ;
#796 = CARTESIAN_POINT ( 'NONE',  ( -0.07585871430297082274, 0.4100457305649912731, 0.2416666666666666408 ) ) ;
#797 = CARTESIAN_POINT ( 'NONE',  ( -0.09732148917783037256, 0.4294247446764932197, 0.2406666666666666399 ) ) ;
#798 = VECTOR ( 'NONE', #1645, 1000.000000000000000 ) ;
#799 = CARTESIAN_POINT ( 'NONE',  ( -0.01918301877892569091, 0.4603252641512028398, 0.2416666666666666408 ) ) ;
#800 = CARTESIAN_POINT ( 'NONE',  ( 0.07471356005552687307, 0.4070727453004657770, 0.2416666666666666408 ) ) ;
#801 = FACE_OUTER_BOUND ( 'NONE', #1753, .T. ) ;
#802 = CARTESIAN_POINT ( 'NONE',  ( -0.06000665909612333537, 0.4379336094586350758, 0.2406666666666666399 ) ) ;
#803 = CARTESIAN_POINT ( 'NONE',  ( 0.04422392682107162409, 0.4113406383323940374, 0.2406666666666666121 ) ) ;
#804 = PRODUCT_RELATED_PRODUCT_CATEGORY ( 'part', '', ( #87 ) ) ;
#805 = CARTESIAN_POINT ( 'NONE',  ( -0.003191294114073527869, 0.4402495077230896836, 0.2416666666666666408 ) ) ;
#806 = ORIENTED_EDGE ( 'NONE', *, *, #1528, .T. ) ;
#807 = CARTESIAN_POINT ( 'NONE',  ( 0.1385791615726919002, 0.4092657251799169393, 0.2406666666666666399 ) ) ;
#808 = EDGE_LOOP ( 'NONE', ( #2314, #1893, #3192 ) ) ;
#809 = CARTESIAN_POINT ( 'NONE',  ( 0.04371765616648532610, 0.4307246846502001403, 0.2416666666666666408 ) ) ;
#810 = LINE ( 'NONE', #1856, #274 ) ;
#811 = CARTESIAN_POINT ( 'NONE',  ( -0.2499999999999993061, 0.7750000000000002442, 0.2416666666666666685 ) ) ;
#812 = CARTESIAN_POINT ( 'NONE',  ( 0.005753183950329035339, 0.4314785714688143536, 0.2416666666666666408 ) ) ;
#813 = CARTESIAN_POINT ( 'NONE',  ( -0.1238502315007403709, 0.4126062139152930075, 0.2406666666666666399 ) ) ;
#814 = CARTESIAN_POINT ( 'NONE',  ( -0.04797345584573296795, 0.4395387236071586767, 0.2416666666666666408 ) ) ;
#815 = CARTESIAN_POINT ( 'NONE',  ( 0.01481365033397305173, 0.4740512787395165795, 0.2416666666666666408 ) ) ;
#816 = CARTESIAN_POINT ( 'NONE',  ( 0.1461647441153565707, 0.4058363734094046493, 0.2406666666666666399 ) ) ;
#817 = CARTESIAN_POINT ( 'NONE',  ( -0.05559554336307998695, 0.4155564578369927431, 0.2406666666666666399 ) ) ;
#818 = CARTESIAN_POINT ( 'NONE',  ( -0.1060139374486445546, 0.4093462735329701507, 0.2416666666666666408 ) ) ;
#819 = CARTESIAN_POINT ( 'NONE',  ( 0.04825428407246577095, 0.4355979564723359010, 0.2416666666666666685 ) ) ;
#820 = CARTESIAN_POINT ( 'NONE',  ( 0.04606332367574732939, 0.4111906037714830875, 0.2406666666666666399 ) ) ;
#821 = ORIENTED_EDGE ( 'NONE', *, *, #1282, .T. ) ;
#822 = PLANE ( 'NONE',  #1551 ) ;
#823 = EDGE_LOOP ( 'NONE', ( #2503, #3141, #2177 ) ) ;
#824 = EDGE_CURVE ( 'NONE', #1689, #2148, #901, .T. ) ;
#825 = PRESENTATION_STYLE_ASSIGNMENT (( #1573 ) ) ;
#826 = DIRECTION ( 'NONE',  ( -0.000000000000000000, 0.000000000000000000, -1.000000000000000000 ) ) ;
#827 = DIRECTION ( 'NONE',  ( -0.000000000000000000, -0.000000000000000000, 1.000000000000000000 ) ) ;
#828 = CARTESIAN_POINT ( 'NONE',  ( 0.04594303369914179425, 0.4336836969548449883, 0.2406666666666666399 ) ) ;
#829 = CARTESIAN_POINT ( 'NONE',  ( 0.02062274475336053903, 0.4089579362359699877, 0.2416666666666666408 ) ) ;
#830 = CARTESIAN_POINT ( 'NONE',  ( 0.02495238715536074459, 0.4156690965902833379, 0.2406666666666666399 ) ) ;
#831 = DIRECTION ( 'NONE',  ( 0.000000000000000000, -2.168404344971015179E-15, 1.000000000000000000 ) ) ;
#832 = CARTESIAN_POINT ( 'NONE',  ( 0.2499999999999993616, -2.710505431213761085E-17, -0.2250000000000001998 ) ) ;
#833 = CARTESIAN_POINT ( 'NONE',  ( -0.1014027405715776375, 0.4304664610467714980, 0.2416666666666666408 ) ) ;
#834 = CARTESIAN_POINT ( 'NONE',  ( 0.01213160135430781106, 0.4647773544332485240, 0.2406666666666666399 ) ) ;
#835 = CARTESIAN_POINT ( 'NONE',  ( 0.1043024990683179692, 0.4147522298915619077, 0.2416666666666666408 ) ) ;
#836 = ORIENTED_EDGE ( 'NONE', *, *, #54, .F. ) ;
#837 = CARTESIAN_POINT ( 'NONE',  ( 0.1449363167867891988, 0.4351230294139478150, 0.2406666666666666399 ) ) ;
#838 = EDGE_LOOP ( 'NONE', ( #2735, #1503, #35, #165 ) ) ;
#839 = CARTESIAN_POINT ( 'NONE',  ( 0.02792371803425588300, 0.4660097471616488352, 0.2406666666666666121 ) ) ;
#840 = FACE_OUTER_BOUND ( 'NONE', #2248, .T. ) ;
#841 = CARTESIAN_POINT ( 'NONE',  ( 0.4749999999999994782, 0.02500000000000001180, -0.2250000000000002554 ) ) ;
#842 = ORIENTED_EDGE ( 'NONE', *, *, #1030, .T. ) ;
#843 = AXIS2_PLACEMENT_3D ( 'NONE', #561, #664, #649 ) ;
#844 = CARTESIAN_POINT ( 'NONE',  ( 0.1217316617080722307, 0.4336602044982089676, 0.2416666666666666963 ) ) ;
#845 = CARTESIAN_POINT ( 'NONE',  ( -0.1047609461720813567, 0.4373425650224055383, 0.2416666666666666408 ) ) ;
#846 = CARTESIAN_POINT ( 'NONE',  ( 0.02746666671986129626, 0.4211868181443916836, 0.2406666666666666399 ) ) ;
#847 = EDGE_CURVE ( 'NONE', #2594, #1963, #1167, .T. ) ;
#848 = AXIS2_PLACEMENT_3D ( 'NONE', #2225, #437, #1465 ) ;
#849 = VECTOR ( 'NONE', #2365, 1000.000000000000000 ) ;
#850 = DIRECTION ( 'NONE',  ( 0.000000000000000000, 0.000000000000000000, -1.000000000000000000 ) ) ;
#851 = COLOUR_RGB ( '',0.6941176470588235059, 0.09803921568627450844, 0.09803921568627450844 ) ;
#852 = CARTESIAN_POINT ( 'NONE',  ( -0.2499999999955660468, 0.7916666666666668517, -0.2250000000000001998 ) ) ;
#853 = FACE_OUTER_BOUND ( 'NONE', #2229, .T. ) ;
#854 = CARTESIAN_POINT ( 'NONE',  ( 0.1389000503329356206, 0.4166562411203771910, 0.2406666666666666399 ) ) ;
#855 = VECTOR ( 'NONE', #2119, 1000.000000000000000 ) ;
#856 = ORIENTED_EDGE ( 'NONE', *, *, #1131, .F. ) ;
#857 = CARTESIAN_POINT ( 'NONE',  ( 0.1032448088884183046, 0.4387511944781851136, 0.2406666666666666399 ) ) ;
#858 = VECTOR ( 'NONE', #159, 1000.000000000000000 ) ;
#859 = ORIENTED_EDGE ( 'NONE', *, *, #2634, .T. ) ;
#860 = CARTESIAN_POINT ( 'NONE',  ( -0.009380382016272781343, 0.4430156082596400369, 0.2406666666666666399 ) ) ;
#861 = CARTESIAN_POINT ( 'NONE',  ( 0.005436333035821766350, 0.4683362919778757405, 0.2406666666666666399 ) ) ;
#862 =( GEOMETRIC_REPRESENTATION_CONTEXT ( 3 ) GLOBAL_UNCERTAINTY_ASSIGNED_CONTEXT ( ( #134 ) ) GLOBAL_UNIT_ASSIGNED_CONTEXT ( ( #1416, #2192, #2971 ) ) REPRESENTATION_CONTEXT ( 'NONE', 'WORKASPACE' ) );
#863 = CARTESIAN_POINT ( 'NONE',  ( 0.1252040783609749408, 0.4190679397538184525, 0.2416666666666666408 ) ) ;
#864 = CARTESIAN_POINT ( 'NONE',  ( -0.06000665909612333537, 0.4379336094586350758, 0.2416666666666666408 ) ) ;
#865 = CARTESIAN_POINT ( 'NONE',  ( 0.02943101561317685091, 0.4149747460370721286, 0.2416666666666666408 ) ) ;
#866 = PLANE ( 'NONE',  #581 ) ;
#867 = CARTESIAN_POINT ( 'NONE',  ( -0.4749999999999994782, 0.000000000000000000, 0.000000000000000000 ) ) ;
#868 = CARTESIAN_POINT ( 'NONE',  ( 0.04606332367574733633, 0.4111906037714830875, 0.2416666666666666408 ) ) ;
#869 = CARTESIAN_POINT ( 'NONE',  ( 0.1349643722412782743, 0.4388805905822174558, 0.2416666666666666408 ) ) ;
#870 = ORIENTED_EDGE ( 'NONE', *, *, #67, .T. ) ;
#871 = CARTESIAN_POINT ( 'NONE',  ( 0.06351061369080303332, 0.4103089192775649652, 0.2406666666666666399 ) ) ;
#872 = ORIENTED_EDGE ( 'NONE', *, *, #515, .F. ) ;
#873 = FACE_OUTER_BOUND ( 'NONE', #208, .T. ) ;
#874 = LINE ( 'NONE', #2710, #2258 ) ;
#875 = CARTESIAN_POINT ( 'NONE',  ( -0.1428630901742596881, 0.4271901305293123174, 0.2416666666666666408 ) ) ;
#876 = CARTESIAN_POINT ( 'NONE',  ( 0.02062274475336053903, 0.4089579362359699877, 0.2406666666666666399 ) ) ;
#877 = CARTESIAN_POINT ( 'NONE',  ( -0.2499999999999993616, 0.8000000000000000444, -0.2500000000000002220 ) ) ;
#878 = PLANE ( 'NONE',  #3281 ) ;
#879 = CARTESIAN_POINT ( 'NONE',  ( 0.1385791615726919002, 0.4092657251799169393, 0.2416666666666666408 ) ) ;
#880 = CARTESIAN_POINT ( 'NONE',  ( 0.09381622757355886910, 0.4090763427176042910, 0.2406666666666666399 ) ) ;
#881 = ADVANCED_FACE ( 'NONE', ( #913 ), #2159, .T. ) ;
#882 = VERTEX_POINT ( 'NONE', #852 ) ;
#883 = CARTESIAN_POINT ( 'NONE',  ( 0.08056253555700566837, 0.4444946212850514611, 0.2406666666666666399 ) ) ;
#884 = EDGE_CURVE ( 'NONE', #1963, #985, #263, .T. ) ;
#885 = VERTEX_POINT ( 'NONE', #339 ) ;
#886 = ORIENTED_EDGE ( 'NONE', *, *, #2186, .F. ) ;
#887 = LINE ( 'NONE', #2957, #2800 ) ;
#888 = CARTESIAN_POINT ( 'NONE',  ( -0.1464275106988875697, 0.4293122025800694130, 0.2416666666666666408 ) ) ;
#889 = VECTOR ( 'NONE', #2870, 1000.000000000000000 ) ;
#890 = CARTESIAN_POINT ( 'NONE',  ( 0.4999999999999994449, 0.8000000000000000444, 0.2250000000000000611 ) ) ;
#891 =( NAMED_UNIT ( * ) PLANE_ANGLE_UNIT ( ) SI_UNIT ( $, .RADIAN. ) );
#892 = AXIS2_PLACEMENT_3D ( 'NONE', #2779, #2799, #3318 ) ;
#893 = DIRECTION ( 'NONE',  ( 0.000000000000000000, 0.000000000000000000, 1.000000000000000000 ) ) ;
#894 = CARTESIAN_POINT ( 'NONE',  ( 0.1053022006452219717, 0.4087324211508414629, 0.2416666666666666408 ) ) ;
#895 = VERTEX_POINT ( 'NONE', #3188 ) ;
#896 = VECTOR ( 'NONE', #2944, 1000.000000000000000 ) ;
#897 = CARTESIAN_POINT ( 'NONE',  ( 0.06376755184502207185, 0.4250565471691034047, 0.2406666666666666399 ) ) ;
#898 = CONTEXT_DEPENDENT_SHAPE_REPRESENTATION ( #1091, #2243 ) ;
#899 = EDGE_CURVE ( 'NONE', #2334, #172, #1902, .T. ) ;
#900 = DIRECTION ( 'NONE',  ( -6.505213034913037648E-15, 1.000000000000000000, -2.168404344971012812E-15 ) ) ;
#901 = CIRCLE ( 'NONE', #1609, 0.02499999999999998404 ) ;
#902 = ORIENTED_EDGE ( 'NONE', *, *, #2504, .F. ) ;
#903 = STYLED_ITEM ( 'NONE', ( #2630 ), #1469 ) ;
#904 = CARTESIAN_POINT ( 'NONE',  ( -0.1016694016858380040, 0.4212866370023156115, 0.2406666666666666399 ) ) ;
#905 = EDGE_CURVE ( 'NONE', #895, #38, #1630, .T. ) ;
#906 = CARTESIAN_POINT ( 'NONE',  ( 0.04890398667811628880, 0.4168970223734285718, 0.2416666666666666408 ) ) ;
#907 = ORIENTED_EDGE ( 'NONE', *, *, #2616, .T. ) ;
#908 = CARTESIAN_POINT ( 'NONE',  ( -0.1376078648954671413, 0.4058363734094046493, 0.2416666666666666408 ) ) ;
#909 = CARTESIAN_POINT ( 'NONE',  ( -0.07730629989493420506, 0.4151190595963781815, 0.2416666666666666408 ) ) ;
#910 = AXIS2_PLACEMENT_3D ( 'NONE', #669, #2453, #3326 ) ;
#911 = CARTESIAN_POINT ( 'NONE',  ( -0.04113373966782827434, 0.4182774516642583928, 0.2406666666666666399 ) ) ;
#912 = CARTESIAN_POINT ( 'NONE',  ( 0.4749999999999994782, -5.082197683525802034E-18, 0.2250000000000000611 ) ) ;
#913 = FACE_OUTER_BOUND ( 'NONE', #489, .T. ) ;
#914 = CARTESIAN_POINT ( 'NONE',  ( 0.04579842389076930337, 0.4111500995853226148, 0.2416666666666666685 ) ) ;
#915 = CARTESIAN_POINT ( 'NONE',  ( 0.09507086767101806390, 0.4382821968856801531, 0.2416666666666666408 ) ) ;
#916 = EDGE_LOOP ( 'NONE', ( #433, #1463, #665, #1158 ) ) ;
#917 = CARTESIAN_POINT ( 'NONE',  ( 0.02054055920433465673, 0.4290682543109801683, 0.2406666666666666399 ) ) ;
#918 = CARTESIAN_POINT ( 'NONE',  ( -0.4999999999999993339, 0.8000000000000000444, 0.2500000000000000000 ) ) ;
#919 = ORIENTED_EDGE ( 'NONE', *, *, #1253, .F. ) ;
#920 = SURFACE_SIDE_STYLE ('',( #633 ) ) ;
#921 = ORIENTED_EDGE ( 'NONE', *, *, #3097, .T. ) ;
#922 = EDGE_CURVE ( 'NONE', #1933, #238, #2932, .T. ) ;
#923 = CARTESIAN_POINT ( 'NONE',  ( -0.2499999999999993616, 0.7750000000000002442, -0.2250000000000001998 ) ) ;
#924 =( NAMED_UNIT ( * ) PLANE_ANGLE_UNIT ( ) SI_UNIT ( $, .RADIAN. ) );
#925 = CARTESIAN_POINT ( 'NONE',  ( -0.04182478052147878961, 0.4144564014399341745, 0.2416666666666666408 ) ) ;
#926 = DIRECTION ( 'NONE',  ( 0.000000000000000000, 1.000000000000000000, 0.000000000000000000 ) ) ;
#927 = CARTESIAN_POINT ( 'NONE',  ( 0.06152342565751628412, 0.4140840269759137882, 0.2416666666666666408 ) ) ;
#928 = CARTESIAN_POINT ( 'NONE',  ( 0.1016897316493355768, 0.4535031201098468356, 0.2406666666666666399 ) ) ;
#929 = ORIENTED_EDGE ( 'NONE', *, *, #2016, .T. ) ;
#930 = CARTESIAN_POINT ( 'NONE',  ( -0.02011123040885623783, 0.4525128182129601884, 0.2406666666666666399 ) ) ;
#931 = LINE ( 'NONE', #2821, #474 ) ;
#932 = DIRECTION ( 'NONE',  ( -8.673617379884036705E-17, -3.614007241618347908E-17, -1.000000000000000000 ) ) ;
#933 = ORIENTED_EDGE ( 'NONE', *, *, #1572, .F. ) ;
#934 = LINE ( 'NONE', #2033, #1063 ) ;
#935 = DIRECTION ( 'NONE',  ( -1.000000000000000000, 0.000000000000000000, 0.000000000000000000 ) ) ;
#936 = CARTESIAN_POINT ( 'NONE',  ( 0.04856651670361714079, 0.4129530368879636426, 0.2416666666666666408 ) ) ;
#937 = EDGE_LOOP ( 'NONE', ( #341, #191, #3075, #1667 ) ) ;
#938 = PRODUCT_DEFINITION_SHAPE ( 'NONE', 'NONE',  #454 ) ;
#939 = EDGE_CURVE ( 'NONE', #255, #123, #2798, .T. ) ;
#940 = SURFACE_STYLE_FILL_AREA ( #2989 ) ;
#941 = CARTESIAN_POINT ( 'NONE',  ( -0.03750498725651336268, 0.4313422349841469217, 0.2416666666666666408 ) ) ;
#942 = CARTESIAN_POINT ( 'NONE',  ( 0.000000000000000000, 0.000000000000000000, 0.000000000000000000 ) ) ;
#943 = CARTESIAN_POINT ( 'NONE',  ( 0.1207997497976169565, 0.4331798149079279514, 0.2416666666666666685 ) ) ;
#944 = ADVANCED_FACE ( 'NONE', ( #409 ), #3155, .T. ) ;
#945 = CARTESIAN_POINT ( 'NONE',  ( 0.06376755184502207185, 0.4250565471691034047, 0.2416666666666666408 ) ) ;
#946 = CARTESIAN_POINT ( 'NONE',  ( 0.09941362517002176602, 0.4387989327581131582, 0.2416666666666666408 ) ) ;
#947 = CARTESIAN_POINT ( 'NONE',  ( 0.1223992893490457867, 0.4339601351666154128, 0.2406666666666666399 ) ) ;
#948 = CARTESIAN_POINT ( 'NONE',  ( -0.01796706073383312618, 0.4734883257990067928, 0.2406666666666666399 ) ) ;
#949 = CARTESIAN_POINT ( 'NONE',  ( -0.4749999999999994782, 0.8000000000000001554, 0.2250000000000000611 ) ) ;
#950 = CARTESIAN_POINT ( 'NONE',  ( 500000.0000000000582, 0.7916666666666667407, -0.2250000000433683145 ) ) ;
#951 = AXIS2_PLACEMENT_3D ( 'NONE', #462, #194, #2522 ) ;
#952 = STYLED_ITEM ( 'NONE', ( #1567 ), #598 ) ;
#953 = ORIENTED_EDGE ( 'NONE', *, *, #884, .T. ) ;
#954 = CARTESIAN_POINT ( 'NONE',  ( 0.000000000000000000, 0.8000000000000000444, 0.000000000000000000 ) ) ;
#955 = CARTESIAN_POINT ( 'NONE',  ( 0.006952333032573382136, 0.4438039739914184656, 0.2416666666666666408 ) ) ;
#956 = AXIS2_PLACEMENT_3D ( 'NONE', #549, #3080, #2617 ) ;
#957 = CARTESIAN_POINT ( 'NONE',  ( 0.04808731245069543941, 0.4355037471624603196, 0.2406666666666666399 ) ) ;
#958 = ORIENTED_EDGE ( 'NONE', *, *, #2383, .F. ) ;
#959 = STYLED_ITEM ( 'NONE', ( #1042 ), #1276 ) ;
#960 = FACE_OUTER_BOUND ( 'NONE', #1092, .T. ) ;
#961 = FILL_AREA_STYLE_COLOUR ( '', #2688 ) ;
#962 = CARTESIAN_POINT ( 'NONE',  ( -0.04391355821102237156, 0.4395464850198321782, 0.2406666666666666399 ) ) ;
#963 = VECTOR ( 'NONE', #3089, 1000.000000000000000 ) ;
#964 = CARTESIAN_POINT ( 'NONE',  ( 0.1207997497976169565, 0.4331798149079279514, 0.2406666666666665844 ) ) ;
#965 = CARTESIAN_POINT ( 'NONE',  ( 0.02746666671986129626, 0.4211868181443916836, 0.2416666666666666408 ) ) ;
#966 = CARTESIAN_POINT ( 'NONE',  ( 0.09941362517002176602, 0.4387989327581131582, 0.2406666666666666399 ) ) ;
#967 = DIRECTION ( 'NONE',  ( 1.000000000000000000, 0.000000000000000000, 0.000000000000000000 ) ) ;
#968 = EDGE_CURVE ( 'NONE', #23, #2783, #261, .T. ) ;
#969 = CARTESIAN_POINT ( 'NONE',  ( -0.05049238876920457419, 0.4372679416328604241, 0.2406666666666666399 ) ) ;
#970 = VERTEX_POINT ( 'NONE', #2071 ) ;
#971 = ADVANCED_FACE ( 'NONE', ( #1323 ), #2655, .F. ) ;
#972 = CARTESIAN_POINT ( 'NONE',  ( -0.4749999999999994782, 0.02499999999999995628, -0.2500000000000002220 ) ) ;
#973 = CARTESIAN_POINT ( 'NONE',  ( 0.000000000000000000, 0.000000000000000000, 0.000000000000000000 ) ) ;
#974 = CARTESIAN_POINT ( 'NONE',  ( 0.05510372375857099797, 0.4335075521299613377, 0.2406666666666666121 ) ) ;
#975 = ORIENTED_EDGE ( 'NONE', *, *, #2938, .F. ) ;
#976 = DIRECTION ( 'NONE',  ( 0.000000000000000000, 0.000000000000000000, 1.000000000000000000 ) ) ;
#977 = CARTESIAN_POINT ( 'NONE',  ( -0.003922955655691937916, 0.4324901944411166932, 0.2416666666666666408 ) ) ;
#978 = DIRECTION ( 'NONE',  ( 1.000000000000000000, -0.000000000000000000, 0.000000000000000000 ) ) ;
#979 = CARTESIAN_POINT ( 'NONE',  ( -0.06169393603976232321, 0.4191610342103705977, 0.2406666666666666399 ) ) ;
#980 = CARTESIAN_POINT ( 'NONE',  ( 0.1175749944310630624, 0.4215101149559328242, 0.2406666666666666121 ) ) ;
#981 = CARTESIAN_POINT ( 'NONE',  ( 0.02943101561317685091, 0.4149747460370721286, 0.2416666666666666408 ) ) ;
#982 = CARTESIAN_POINT ( 'NONE',  ( 0.09674987864564042750, 0.4442762979323902073, 0.2416666666666666408 ) ) ;
#983 = CARTESIAN_POINT ( 'NONE',  ( 0.006333484293747867512, 0.4058363734094046493, 0.2406666666666666399 ) ) ;
#984 = CARTESIAN_POINT ( 'NONE',  ( 0.02892186403799658009, 0.4083839165371221935, 0.2406666666666666399 ) ) ;
#985 = VERTEX_POINT ( 'NONE', #246 ) ;
#986 = LINE ( 'NONE', #1242, #421 ) ;
#987 =( LENGTH_UNIT ( ) NAMED_UNIT ( * ) SI_UNIT ( .MILLI., .METRE. ) );
#988 = ADVANCED_FACE ( 'NONE', ( #563 ), #1289, .T. ) ;
#989 = CARTESIAN_POINT ( 'NONE',  ( -0.1281055826478672555, 0.4385200675452097796, 0.2416666666666666408 ) ) ;
#990 = VERTEX_POINT ( 'NONE', #1064 ) ;
#991 = LINE ( 'NONE', #2352, #1897 ) ;
#992 = CARTESIAN_POINT ( 'NONE',  ( -0.005564576102403373005, 0.4432936255719585605, 0.2406666666666666399 ) ) ;
#993 = DIRECTION ( 'NONE',  ( 0.000000000000000000, -1.000000000000000000, 0.000000000000000000 ) ) ;
#994 = CARTESIAN_POINT ( 'NONE',  ( -0.07296303139367540935, 0.4369450245785199138, 0.2406666666666666399 ) ) ;
#995 =( NAMED_UNIT ( * ) PLANE_ANGLE_UNIT ( ) SI_UNIT ( $, .RADIAN. ) );
#996 = CARTESIAN_POINT ( 'NONE',  ( 0.1064142892188244954, 0.4420758358999805626, 0.2416666666666666408 ) ) ;
#997 = CARTESIAN_POINT ( 'NONE',  ( 0.08204939434026208012, 0.4362775275067270475, 0.2416666666666666408 ) ) ;
#998 = DIRECTION ( 'NONE',  ( 0.000000000000000000, 0.000000000000000000, -1.000000000000000000 ) ) ;
#999 = CARTESIAN_POINT ( 'NONE',  ( -0.1148773656697428119, 0.4392767182585764485, 0.2406666666666666399 ) ) ;
#1000 = DIRECTION ( 'NONE',  ( 0.000000000000000000, -0.000000000000000000, -1.000000000000000000 ) ) ;
#1001 = CARTESIAN_POINT ( 'NONE',  ( 0.004045092584422626744, 0.4422561918729348007, 0.2416666666666666130 ) ) ;
#1002 = CARTESIAN_POINT ( 'NONE',  ( -0.1235854223948357755, 0.4287231274316216645, 0.2416666666666666408 ) ) ;
#1003 = CARTESIAN_POINT ( 'NONE',  ( -0.2499999999999993616, -2.710505431213761085E-17, 0.2250000000000000611 ) ) ;
#1004 =( REPRESENTATION_RELATIONSHIP ('NONE','NONE', #3252, #2260 ) REPRESENTATION_RELATIONSHIP_WITH_TRANSFORMATION ( #3175 )SHAPE_REPRESENTATION_RELATIONSHIP( ) );
#1005 = VECTOR ( 'NONE', #1664, 1000.000000000000000 ) ;
#1006 = ORIENTED_EDGE ( 'NONE', *, *, #47, .F. ) ;
#1007 = VECTOR ( 'NONE', #1719, 1000.000000000000000 ) ;
#1008 = EDGE_CURVE ( 'NONE', #137, #3160, #422, .T. ) ;
#1009 = VECTOR ( 'NONE', #3006, 1000.000000000000000 ) ;
#1010 = DIRECTION ( 'NONE',  ( 1.000000000000000000, 0.000000000000000000, 0.000000000000000000 ) ) ;
#1011 = CARTESIAN_POINT ( 'NONE',  ( 0.1165730233390447901, 0.4156784256807322664, 0.2416666666666666408 ) ) ;
#1012 = CARTESIAN_POINT ( 'NONE',  ( -0.4749999999999994782, 0.02499999999999997710, -0.2500000000000002220 ) ) ;
#1013 = CARTESIAN_POINT ( 'NONE',  ( -0.07948022428584508581, 0.4341666347790059666, 0.2416666666666666408 ) ) ;
#1014 = MECHANICAL_DESIGN_GEOMETRIC_PRESENTATION_REPRESENTATION (  '', ( #3335 ), #329 ) ;
#1015 = CIRCLE ( 'NONE', #2911, 0.02500000000000001180 ) ;
#1016 = CARTESIAN_POINT ( 'NONE',  ( -0.1001508167775438662, 0.4254744859252097000, 0.2416666666666666408 ) ) ;
#1017 = CARTESIAN_POINT ( 'NONE',  ( -0.06431495606191188485, 0.4154830343670061210, 0.2416666666666666408 ) ) ;
#1018 = CARTESIAN_POINT ( 'NONE',  ( 0.03182923206349574236, 0.4333936929134323268, 0.2406666666666666399 ) ) ;
#1019 = CARTESIAN_POINT ( 'NONE',  ( -0.02163854549192249094, 0.4075111188402570916, 0.2406666666666666399 ) ) ;
#1020 = AXIS2_PLACEMENT_3D ( 'NONE', #490, #2319, #1196 ) ;
#1021 = CARTESIAN_POINT ( 'NONE',  ( -0.1428934180557256961, 0.4373718474432385928, 0.2406666666666666399 ) ) ;
#1022 =( LENGTH_UNIT ( ) NAMED_UNIT ( * ) SI_UNIT ( .MILLI., .METRE. ) );
#1023 = DIRECTION ( 'NONE',  ( 1.110509328496334495E-14, 1.000000000000000000, -8.673617379883929765E-15 ) ) ;
#1024 = EDGE_LOOP ( 'NONE', ( #2647, #2263, #953, #1673 ) ) ;
#1025 = CARTESIAN_POINT ( 'NONE',  ( 0.4749999999999994782, 0.7750000000000002442, 0.2250000000000000611 ) ) ;
#1026 = SHAPE_DEFINITION_REPRESENTATION ( #1209, #2696 ) ;
#1027 = ORIENTED_EDGE ( 'NONE', *, *, #2660, .T. ) ;
#1028 = DIRECTION ( 'NONE',  ( -0.000000000000000000, -1.000000000000000000, -0.000000000000000000 ) ) ;
#1029 = CARTESIAN_POINT ( 'NONE',  ( -0.06050920300560547888, 0.4249042209075849508, 0.2406666666666666399 ) ) ;
#1030 = EDGE_CURVE ( 'NONE', #1648, #374, #2106, .T. ) ;
#1031 = CARTESIAN_POINT ( 'NONE',  ( -0.1051839396800506032, 0.4058363734094046493, 0.2406666666666666399 ) ) ;
#1032 = CARTESIAN_POINT ( 'NONE',  ( -0.04027227933761497181, 0.4398717129425249728, 0.2416666666666666408 ) ) ;
#1033 = CARTESIAN_POINT ( 'NONE',  ( 0.07567323924753741049, 0.4444075749101349948, 0.2416666666666666408 ) ) ;
#1034 = ADVANCED_FACE ( 'NONE', ( #3182 ), #2168, .F. ) ;
#1035 = CARTESIAN_POINT ( 'NONE',  ( -0.002557341145127113753, 0.4614837021577191667, 0.2416666666666666130 ) ) ;
#1036 = CARTESIAN_POINT ( 'NONE',  ( -0.1209633846087149051, 0.4358462582166315880, 0.2406666666666666399 ) ) ;
#1037 =( NAMED_UNIT ( * ) PLANE_ANGLE_UNIT ( ) SI_UNIT ( $, .RADIAN. ) );
#1038 =( LENGTH_UNIT ( ) NAMED_UNIT ( * ) SI_UNIT ( .MILLI., .METRE. ) );
#1039 = CARTESIAN_POINT ( 'NONE',  ( 0.05045489940390739808, 0.4214067363037077851, 0.2406666666666666121 ) ) ;
#1040 = CARTESIAN_POINT ( 'NONE',  ( 0.1376423660626200085, 0.4131108364376872011, 0.2406666666666666399 ) ) ;
#1041 = ORIENTED_EDGE ( 'NONE', *, *, #2816, .T. ) ;
#1042 = PRESENTATION_STYLE_ASSIGNMENT (( #1263 ) ) ;
#1043 = LINE ( 'NONE', #1875, #1112 ) ;
#1044 = DIRECTION ( 'NONE',  ( 1.110509328496317456E-14, -2.168404344970893300E-15, -1.000000000000000000 ) ) ;
#1045 = CARTESIAN_POINT ( 'NONE',  ( -0.07948033255585047752, 0.4288663166107911651, 0.2406666666666666399 ) ) ;
#1046 = EDGE_CURVE ( 'NONE', #2096, #1619, #52, .T. ) ;
#1047 = CARTESIAN_POINT ( 'NONE',  ( -0.1037483791816307399, 0.4292416761278857740, 0.2416666666666666408 ) ) ;
#1048 = CARTESIAN_POINT ( 'NONE',  ( 0.01988798899270306092, 0.4347870121991213033, 0.2416666666666666408 ) ) ;
#1049 = B_SPLINE_CURVE_WITH_KNOTS ( 'NONE', 3,
 ( #1222, #2264, #419, #1755, #3291, #3038, #1002, #2537, #471, #225, #2280, #754, #1316 ),
 .UNSPECIFIED., .F., .F.,
 ( 4, 1, 1, 1, 1, 1, 1, 1, 1, 1, 4 ),
 ( 0.000000000000000000, 0.1756111506125531685, 0.2515041251972651715, 0.3864015691227852267, 0.4665567606767533348, 0.5392416202346745902, 0.5653562654952077882, 0.6326457961468890945, 0.7481040925882973536, 0.8388609437549863213, 1.000000000000000000 ),
 .UNSPECIFIED. ) ;
#1050 = PRESENTATION_STYLE_ASSIGNMENT (( #63 ) ) ;
#1051 = ADVANCED_FACE ( 'NONE', ( #1405 ), #111, .T. ) ;
#1052 = CARTESIAN_POINT ( 'NONE',  ( -0.06150022409968036036, 0.4402393979754955500, 0.2406666666666666399 ) ) ;
#1053 = CARTESIAN_POINT ( 'NONE',  ( 0.04094178161069816219, 0.4101350369178582422, 0.2406666666666666121 ) ) ;
#1054 = EDGE_LOOP ( 'NONE', ( #2476, #224 ) ) ;
#1055 = DIRECTION ( 'NONE',  ( 1.000000000000000000, -0.000000000000000000, 0.000000000000000000 ) ) ;
#1056 = PRODUCT_CONTEXT ( 'NONE', #65, 'mechanical' ) ;
#1057 = EDGE_LOOP ( 'NONE', ( #2927, #790, #1244 ) ) ;
#1058 = PRODUCT_DEFINITION_SHAPE ( 'NONE', 'NONE',  #3342 ) ;
#1059 = CARTESIAN_POINT ( 'NONE',  ( 0.4749999999999994782, 0.7750000000000004663, 0.2250000000000000611 ) ) ;
#1060 = CIRCLE ( 'NONE', #2525, 0.02500000000000001180 ) ;
#1061 = CARTESIAN_POINT ( 'NONE',  ( 0.2499999999999993616, 0.8000000000000000444, 0.2500000000000000000 ) ) ;
#1062 = LINE ( 'NONE', #1265, #1713 ) ;
#1063 = VECTOR ( 'NONE', #1795, 1000.000000000000000 ) ;
#1064 = CARTESIAN_POINT ( 'NONE',  ( 0.2499999999999993616, 0.7750000000000002442, 0.2500000000000000000 ) ) ;
#1065 = AXIS2_PLACEMENT_3D ( 'NONE', #1895, #2692, #1611 ) ;
#1066 = CARTESIAN_POINT ( 'NONE',  ( 0.08104203178409695452, 0.4410872876941311360, 0.2416666666666666408 ) ) ;
#1067 = DIRECTION ( 'NONE',  ( 0.000000000000000000, -1.000000000000000000, -2.082204990930594046E-15 ) ) ;
#1068 = VECTOR ( 'NONE', #305, 1000.000000000000000 ) ;
#1069 = CARTESIAN_POINT ( 'NONE',  ( -0.06050920300560547888, 0.4249042209075849508, 0.2406666666666666399 ) ) ;
#1070 = SURFACE_STYLE_USAGE ( .BOTH. , #1583 ) ;
#1071 = DIRECTION ( 'NONE',  ( 1.000000000000000000, 0.000000000000000000, -0.000000000000000000 ) ) ;
#1072 = EDGE_LOOP ( 'NONE', ( #20, #2460, #872, #177 ) ) ;
#1073 = DIRECTION ( 'NONE',  ( 0.000000000000000000, -5.178420626333899641E-13, 1.000000000000000000 ) ) ;
#1074 = DIRECTION ( 'NONE',  ( 1.000000000000000000, 0.000000000000000000, 0.000000000000000000 ) ) ;
#1075 = VECTOR ( 'NONE', #394, 1000.000000000000000 ) ;
#1076 = CARTESIAN_POINT ( 'NONE',  ( -0.1508368938000981263, 0.4330386939858242856, 0.2406666666666666399 ) ) ;
#1077 = VERTEX_POINT ( 'NONE', #1389 ) ;
#1078 = AXIS2_PLACEMENT_3D ( 'NONE', #1924, #935, #1953 ) ;
#1079 = DIRECTION ( 'NONE',  ( 1.850848880827215613E-15, -1.850848880827208513E-15, -1.000000000000000000 ) ) ;
#1080 = CARTESIAN_POINT ( 'NONE',  ( -0.2499999999999993616, 0.7916666666666667407, -0.2250000000000001998 ) ) ;
#1081 = CARTESIAN_POINT ( 'NONE',  ( 0.03959401525827389162, 0.4137517743514219082, 0.2406666666666666399 ) ) ;
#1082 = CARTESIAN_POINT ( 'NONE',  ( -0.02011123040885623783, 0.4525128182129601884, 0.2416666666666666408 ) ) ;
#1083 = CARTESIAN_POINT ( 'NONE',  ( 0.01556793958679046977, 0.4124514901367865582, 0.2416666666666666408 ) ) ;
#1084 = CARTESIAN_POINT ( 'NONE',  ( 0.003595653017383063175, 0.4683741162951788883, 0.2416666666666666408 ) ) ;
#1085 = PLANE ( 'NONE',  #223 ) ;
#1086 = CARTESIAN_POINT ( 'NONE',  ( 0.04371765616648532610, 0.4307246846502001403, 0.2406666666666666121 ) ) ;
#1087 = CARTESIAN_POINT ( 'NONE',  ( 0.1409542242092947373, 0.4203059025107774849, 0.2416666666666666408 ) ) ;
#1088 = ORIENTED_EDGE ( 'NONE', *, *, #2436, .T. ) ;
#1089 = CARTESIAN_POINT ( 'NONE',  ( 0.1461647441153565707, 0.4058363734094046493, 0.2406666666666666399 ) ) ;
#1090 =( NAMED_UNIT ( * ) PLANE_ANGLE_UNIT ( ) SI_UNIT ( $, .RADIAN. ) );
#1091 =( REPRESENTATION_RELATIONSHIP ('NONE','NONE', #3252, #1544 ) REPRESENTATION_RELATIONSHIP_WITH_TRANSFORMATION ( #122 )SHAPE_REPRESENTATION_RELATIONSHIP( ) );
#1092 = EDGE_LOOP ( 'NONE', ( #2447, #3251, #2972, #499 ) ) ;
#1093 = DIRECTION ( 'NONE',  ( -0.000000000000000000, -1.000000000000000000, -0.000000000000000000 ) ) ;
#1094 = EDGE_CURVE ( 'NONE', #2020, #137, #874, .T. ) ;
#1095 = DIRECTION ( 'NONE',  ( -1.000000000000000000, -0.000000000000000000, 8.673617379884035472E-17 ) ) ;
#1096 = CARTESIAN_POINT ( 'NONE',  ( 0.006952333032573382136, 0.4438039739914184656, 0.2406666666666666399 ) ) ;
#1097 = CARTESIAN_POINT ( 'NONE',  ( -0.1265416788151201843, 0.4058363734094046493, 0.2416666666666666408 ) ) ;
#1098 = CARTESIAN_POINT ( 'NONE',  ( -0.06050920300560547888, 0.4249042209075849508, 0.2416666666666666408 ) ) ;
#1099 = CARTESIAN_POINT ( 'NONE',  ( 0.02054055920433465673, 0.4290682543109801683, 0.2406666666666666399 ) ) ;
#1100 = B_SPLINE_SURFACE_WITH_KNOTS ( 'NONE', 3, 1, ( 
 ( #1996, #1273 ),
 ( #1203, #1001 ),
 ( #730, #1717 ),
 ( #2242, #3272 ),
 ( #3018, #698 ),
 ( #1734, #1349 ),
 ( #834, #554 ),
 ( #1867, #270 ),
 ( #3118, #1584 ),
 ( #50, #569 ),
 ( #2380, #1830 ) ),
 .UNSPECIFIED., .F., .F., .F.,
 ( 4, 1, 1, 1, 1, 1, 1, 1, 4 ),
 ( 2, 2 ),
 ( 0.000000000000000000, 0.04958079006029782881, 0.1315710044239342402, 0.2197642356881615855, 0.2923126848353664320, 0.3853818014276519932, 0.4364047330577233152, 0.4859673219495777574, 0.5000002947299697631 ),
 ( 0.000000000000000000, 1.000000000000000000 ),
 .UNSPECIFIED. ) ;
#1101 = CARTESIAN_POINT ( 'NONE',  ( -0.02334145234194764246, 0.4058363734094046493, 0.2406666666666666399 ) ) ;
#1102 = DIRECTION ( 'NONE',  ( 0.000000000000000000, 0.000000000000000000, -1.000000000000000000 ) ) ;
#1103 = CARTESIAN_POINT ( 'NONE',  ( 0.000000000000000000, 0.8000000000000003775, 0.2250000000000000888 ) ) ;
#1104 = CARTESIAN_POINT ( 'NONE',  ( 0.1062307436116094045, 0.4327430371005900889, 0.2406666666666666399 ) ) ;
#1105 = B_SPLINE_CURVE_WITH_KNOTS ( 'NONE', 3,
 ( #1292, #2565, #3048, #1476, #233, #2012, #1809, #510, #2290, #2835, #947, #728, #749 ),
 .UNSPECIFIED., .F., .F.,
 ( 4, 1, 1, 1, 1, 1, 1, 1, 1, 1, 4 ),
 ( 0.000000000000000000, 0.09625650761666570965, 0.1493029061416935865, 0.1982367062378075084, 0.2859395347875705595, 0.3258414454056259846, 0.3774265417852835647, 0.4013536315193554915, 0.4585516029363154722, 0.4971988809207482651, 0.4999999999949583107 ),
 .UNSPECIFIED. ) ;
#1106 = ORIENTED_EDGE ( 'NONE', *, *, #544, .F. ) ;
#1107 = CARTESIAN_POINT ( 'NONE',  ( 0.08416552171458097087, 0.4435672718964574490, 0.2406666666666666399 ) ) ;
#1108 = ORIENTED_EDGE ( 'NONE', *, *, #3306, .T. ) ;
#1109 = DIRECTION ( 'NONE',  ( 8.673617379884036705E-17, -0.000000000000000000, 1.000000000000000000 ) ) ;
#1110 = CARTESIAN_POINT ( 'NONE',  ( -0.1061291892733009640, 0.4327713469226905918, 0.2416666666666666408 ) ) ;
#1111 = EDGE_CURVE ( 'NONE', #133, #787, #1799, .T. ) ;
#1112 = VECTOR ( 'NONE', #1374, 1000.000000000000000 ) ;
#1113 = CARTESIAN_POINT ( 'NONE',  ( 0.4749999999999994782, 0.7750000000000006883, -0.2250000000000001443 ) ) ;
#1114 = CARTESIAN_POINT ( 'NONE',  ( -0.1508368938000981263, 0.4330386939858242856, 0.2416666666666666408 ) ) ;
#1115 = CARTESIAN_POINT ( 'NONE',  ( 0.02892186403799658009, 0.4083839165371221935, 0.2406666666666666399 ) ) ;
#1116 = AXIS2_PLACEMENT_3D ( 'NONE', #1927, #2270, #1763 ) ;
#1117 = EDGE_CURVE ( 'NONE', #895, #1689, #2200, .T. ) ;
#1118 = AXIS2_PLACEMENT_3D ( 'NONE', #290, #308, #1073 ) ;
#1119 = DIRECTION ( 'NONE',  ( 0.000000000000000000, 0.000000000000000000, 1.000000000000000000 ) ) ;
#1120 = AXIS2_PLACEMENT_3D ( 'NONE', #130, #1960, #2142 ) ;
#1121 = FILL_AREA_STYLE ('',( #3214 ) ) ;
#1122 = CARTESIAN_POINT ( 'NONE',  ( 0.2499999999940882844, 0.7750000000000002442, 0.2249999999999999778 ) ) ;
#1123 = CARTESIAN_POINT ( 'NONE',  ( 0.1385791615726919002, 0.4092657251799169393, 0.2416666666666666408 ) ) ;
#1124 = CIRCLE ( 'NONE', #1558, 0.01666666666666664562 ) ;
#1125 = EDGE_LOOP ( 'NONE', ( #3156, #1241, #307, #3055 ) ) ;
#1126 = CARTESIAN_POINT ( 'NONE',  ( 0.09155897800639477280, 0.4110036123762287885, 0.2406666666666666399 ) ) ;
#1127 = VERTEX_POINT ( 'NONE', #1130 ) ;
#1128 = FILL_AREA_STYLE ('',( #2985 ) ) ;
#1129 =( GEOMETRIC_REPRESENTATION_CONTEXT ( 3 ) GLOBAL_UNCERTAINTY_ASSIGNED_CONTEXT ( ( #167 ) ) GLOBAL_UNIT_ASSIGNED_CONTEXT ( ( #770, #1370, #2350 ) ) REPRESENTATION_CONTEXT ( 'NONE', 'WORKASPACE' ) );
#1130 = CARTESIAN_POINT ( 'NONE',  ( -0.2499999999955660468, 0.7916666666666668517, 0.2250000000000000056 ) ) ;
#1131 = EDGE_CURVE ( 'NONE', #3241, #541, #1925, .T. ) ;
#1132 = CARTESIAN_POINT ( 'NONE',  ( -0.07242529338985226328, 0.4280426436324742401, 0.2416666666666666408 ) ) ;
#1133 = CARTESIAN_POINT ( 'NONE',  ( 0.02943101561317685091, 0.4149747460370721286, 0.2406666666666666399 ) ) ;
#1134 = DIRECTION ( 'NONE',  ( 1.000000000000000000, 0.000000000000000000, 0.000000000000000000 ) ) ;
#1135 =( NAMED_UNIT ( * ) SI_UNIT ( $, .STERADIAN. ) SOLID_ANGLE_UNIT ( ) );
#1136 = EDGE_CURVE ( 'NONE', #2889, #1624, #479, .T. ) ;
#1137 = CARTESIAN_POINT ( 'NONE',  ( 0.1157572363888023925, 0.4395504065669096905, 0.2416666666666666408 ) ) ;
#1138 = CARTESIAN_POINT ( 'NONE',  ( 0.1008828668387453803, 0.4092625470723428860, 0.2416666666666666408 ) ) ;
#1139 = ORIENTED_EDGE ( 'NONE', *, *, #2994, .T. ) ;
#1140 = UNCERTAINTY_MEASURE_WITH_UNIT (LENGTH_MEASURE( 1.000000000000000082E-05 ), #8, 'distance_accuracy_value', 'NONE');
#1141 = CARTESIAN_POINT ( 'NONE',  ( 0.09509312003750969300, 0.4586685362112455921, 0.2406666666666666399 ) ) ;
#1142 = ORIENTED_EDGE ( 'NONE', *, *, #968, .T. ) ;
#1143 = DIRECTION ( 'NONE',  ( -1.084202172485506327E-14, 1.000000000000000000, -2.168404344971012418E-15 ) ) ;
#1144 = CARTESIAN_POINT ( 'NONE',  ( 0.1274082577921414605, 0.4346072155411370708, 0.2416666666666666408 ) ) ;
#1145 = CARTESIAN_POINT ( 'NONE',  ( -0.1237120500244747734, 0.4339476482987582040, 0.2416666666666666408 ) ) ;
#1146 = CARTESIAN_POINT ( 'NONE',  ( -0.06036483768003826633, 0.4107311022436674897, 0.2406666666666666399 ) ) ;
#1147 = PRODUCT_RELATED_PRODUCT_CATEGORY ( 'part', '', ( #3264 ) ) ;
#1148 = LINE ( 'NONE', #1929, #627 ) ;
#1149 = CARTESIAN_POINT ( 'NONE',  ( 0.1304491809914709310, 0.4388959593964563699, 0.2416666666666666408 ) ) ;
#1150 = CARTESIAN_POINT ( 'NONE',  ( 0.1429655343702276038, 0.4289994213427132386, 0.2416666666666666408 ) ) ;
#1151 = ORIENTED_EDGE ( 'NONE', *, *, #2877, .T. ) ;
#1152 = EDGE_CURVE ( 'NONE', #1624, #1571, #887, .T. ) ;
#1153 = CARTESIAN_POINT ( 'NONE',  ( 0.1068436481554497219, 0.4442672621730798244, 0.2406666666666666399 ) ) ;
#1154 = CARTESIAN_POINT ( 'NONE',  ( -0.1518011880147046855, 0.4280141208197809632, 0.2416666666666666408 ) ) ;
#1155 = ORIENTED_EDGE ( 'NONE', *, *, #1616, .T. ) ;
#1156 = DIRECTION ( 'NONE',  ( 0.000000000000000000, 1.000000000000000000, 0.000000000000000000 ) ) ;
#1157 = CARTESIAN_POINT ( 'NONE',  ( 0.05241222990938542575, 0.4366058448918763157, 0.2416666666666666408 ) ) ;
#1158 = ORIENTED_EDGE ( 'NONE', *, *, #1916, .F. ) ;
#1159 = CARTESIAN_POINT ( 'NONE',  ( -0.1262478031016773250, 0.4339361647127004118, 0.2416666666666666408 ) ) ;
#1160 = CARTESIAN_POINT ( 'NONE',  ( -0.05065516274931817359, 0.4321404533844345752, 0.2416666666666666408 ) ) ;
#1161 = DIRECTION ( 'NONE',  ( 0.000000000000000000, -0.000000000000000000, 1.000000000000000000 ) ) ;
#1162 = PRESENTATION_LAYER_ASSIGNMENT (  '', '', ( #2740 ) ) ;
#1163 = DIRECTION ( 'NONE',  ( -1.000000000000000000, -0.000000000000000000, 8.673617379884035472E-17 ) ) ;
#1164 = CARTESIAN_POINT ( 'NONE',  ( 0.08910452189461828820, 0.4159011017887085382, 0.2416666666666666408 ) ) ;
#1165 = VERTEX_POINT ( 'NONE', #2391 ) ;
#1166 = CIRCLE ( 'NONE', #3225, 0.01666666666666664562 ) ;
#1167 = CIRCLE ( 'NONE', #1342, 0.02500000000000001180 ) ;
#1168 = CARTESIAN_POINT ( 'NONE',  ( 0.1008828668387453803, 0.4092625470723428860, 0.2406666666666666399 ) ) ;
#1169 = CARTESIAN_POINT ( 'NONE',  ( -0.2499999999940882844, 0.02499999999999995628, -0.2250000000000001998 ) ) ;
#1170 = PRESENTATION_LAYER_ASSIGNMENT (  '', '', ( #3335 ) ) ;
#1171 = ORIENTED_EDGE ( 'NONE', *, *, #128, .T. ) ;
#1172 = CARTESIAN_POINT ( 'NONE',  ( -0.2499999999999993616, 0.8000000000000000444, 0.2500000000000000000 ) ) ;
#1173 = FILL_AREA_STYLE ('',( #1721 ) ) ;
#1174 = ORIENTED_EDGE ( 'NONE', *, *, #2480, .T. ) ;
#1175 = MECHANICAL_DESIGN_GEOMETRIC_PRESENTATION_REPRESENTATION (  '', ( #2808 ), #162 ) ;
#1176 = CARTESIAN_POINT ( 'NONE',  ( 0.000000000000000000, 0.7750000000000002442, 0.2500000000000000000 ) ) ;
#1177 = AXIS2_PLACEMENT_3D ( 'NONE', #1243, #2572, #456 ) ;
#1178 = CARTESIAN_POINT ( 'NONE',  ( -0.06431495606191188485, 0.4154830343670061210, 0.2406666666666666399 ) ) ;
#1179 = AXIS2_PLACEMENT_3D ( 'NONE', #1385, #376, #1402 ) ;
#1180 = CARTESIAN_POINT ( 'NONE',  ( 0.04808731476194287591, 0.4355037485216345927, 0.2416666666666666408 ) ) ;
#1181 = CARTESIAN_POINT ( 'NONE',  ( 0.1175749944310630624, 0.4215101149559328242, 0.2416666666666666963 ) ) ;
#1182 = CARTESIAN_POINT ( 'NONE',  ( 0.07567323924753741049, 0.4444075749101349948, 0.2416666666666666408 ) ) ;
#1183 = CARTESIAN_POINT ( 'NONE',  ( 0.09934221186228707479, 0.4596865064834257941, 0.2416666666666666408 ) ) ;
#1184 = ORIENTED_EDGE ( 'NONE', *, *, #115, .T. ) ;
#1185 = CARTESIAN_POINT ( 'NONE',  ( -0.03918081373135686579, 0.4089787042511994208, 0.2406666666666666399 ) ) ;
#1186 = FACE_OUTER_BOUND ( 'NONE', #618, .T. ) ;
#1187 = CARTESIAN_POINT ( 'NONE',  ( -0.4749999999999993117, 0.7750000000000002442, -0.2250000000000001998 ) ) ;
#1188 = EDGE_LOOP ( 'NONE', ( #1712, #1412, #276, #3052 ) ) ;
#1189 = CARTESIAN_POINT ( 'NONE',  ( 0.05186674570134167800, 0.4305767542902047551, 0.2406666666666666399 ) ) ;
#1190 = SPHERICAL_SURFACE ( 'NONE', #2215, 0.02499999999999995628 ) ;
#1191 = VERTEX_POINT ( 'NONE', #1097 ) ;
#1192 = EDGE_CURVE ( 'NONE', #3019, #1689, #348, .T. ) ;
#1193 = PLANE ( 'NONE',  #153 ) ;
#1194 = DIRECTION ( 'NONE',  ( 1.000000000000000000, -0.000000000000000000, -0.000000000000000000 ) ) ;
#1195 = CARTESIAN_POINT ( 'NONE',  ( -0.05049238876920457419, 0.4372679416328604241, 0.2406666666666666399 ) ) ;
#1196 = DIRECTION ( 'NONE',  ( 0.000000000000000000, 0.000000000000000000, -1.000000000000000000 ) ) ;
#1197 = CARTESIAN_POINT ( 'NONE',  ( 0.1165730233390447901, 0.4156784256807322664, 0.2406666666666666121 ) ) ;
#1198 = CARTESIAN_POINT ( 'NONE',  ( 0.1014340887774859978, 0.4388544887357360702, 0.2416666666666666408 ) ) ;
#1199 = CARTESIAN_POINT ( 'NONE',  ( 0.09955221388434976060, 0.4477652267646878848, 0.2416666666666666408 ) ) ;
#1200 = EDGE_LOOP ( 'NONE', ( #155, #1226, #1718, #1318 ) ) ;
#1201 = CARTESIAN_POINT ( 'NONE',  ( -0.02701352621892776779, 0.4323467541919579493, 0.2406666666666666399 ) ) ;
#1202 = CYLINDRICAL_SURFACE ( 'NONE', #848, 0.01666666666666664562 ) ;
#1203 = CARTESIAN_POINT ( 'NONE',  ( 0.004045092584422626744, 0.4422561918729348007, 0.2406666666666666399 ) ) ;
#1204 = VERTEX_POINT ( 'NONE', #2406 ) ;
#1205 = CARTESIAN_POINT ( 'NONE',  ( 0.04957996208773559482, 0.4363444977740921771, 0.2406666666666666399 ) ) ;
#1206 =( NAMED_UNIT ( * ) PLANE_ANGLE_UNIT ( ) SI_UNIT ( $, .RADIAN. ) );
#1207 = CARTESIAN_POINT ( 'NONE',  ( 0.04957996104476028454, 0.4363444976778518281, 0.2416666666666666408 ) ) ;
#1208 = ORIENTED_EDGE ( 'NONE', *, *, #2770, .F. ) ;
#1209 = PRODUCT_DEFINITION_SHAPE ( 'NONE', 'NONE',  #1872 ) ;
#1210 = SURFACE_STYLE_USAGE ( .BOTH. , #687 ) ;
#1211 = CARTESIAN_POINT ( 'NONE',  ( -0.2499999999955660468, 0.02499999999999995628, -0.2416666666666668351 ) ) ;
#1212 = CARTESIAN_POINT ( 'NONE',  ( -0.02701352621892776779, 0.4323467541919579493, 0.2406666666666666399 ) ) ;
#1213 = EDGE_CURVE ( 'NONE', #1077, #3277, #1775, .T. ) ;
#1214 = CARTESIAN_POINT ( 'NONE',  ( 0.1064637841350339481, 0.4382777346281077624, 0.2416666666666666408 ) ) ;
#1215 = CARTESIAN_POINT ( 'NONE',  ( 0.09005374350099756842, 0.4183857619196140742, 0.2406666666666666399 ) ) ;
#1216 = LINE ( 'NONE', #1993, #2194 ) ;
#1217 = CARTESIAN_POINT ( 'NONE',  ( 0.02376725314473348075, 0.4091816299396099366, 0.2406666666666666399 ) ) ;
#1218 = AXIS2_PLACEMENT_3D ( 'NONE', #2548, #998, #2043 ) ;
#1219 = CARTESIAN_POINT ( 'NONE',  ( 0.4749999999999994782, 0.7750000000000002442, 0.2500000000000000000 ) ) ;
#1220 = MECHANICAL_DESIGN_GEOMETRIC_PRESENTATION_REPRESENTATION (  '', ( #426 ), #2475 ) ;
#1221 = ORIENTED_EDGE ( 'NONE', *, *, #320, .T. ) ;
#1222 = CARTESIAN_POINT ( 'NONE',  ( -0.1376078648954671413, 0.4058363734094046493, 0.2416666666666666408 ) ) ;
#1223 =( LENGTH_UNIT ( ) NAMED_UNIT ( * ) SI_UNIT ( .MILLI., .METRE. ) );
#1224 = VECTOR ( 'NONE', #636, 1000.000000000000000 ) ;
#1225 = CARTESIAN_POINT ( 'NONE',  ( 0.05186674570134167800, 0.4305767542902047551, 0.2406666666666666121 ) ) ;
#1226 = ORIENTED_EDGE ( 'NONE', *, *, #2593, .T. ) ;
#1227 = CARTESIAN_POINT ( 'NONE',  ( -0.1215592664517062688, 0.4235261021465751008, 0.2406666666666666399 ) ) ;
#1228 = LINE ( 'NONE', #3296, #858 ) ;
#1229 = CARTESIAN_POINT ( 'NONE',  ( -0.08491950238934194151, 0.4310459379103570576, 0.2406666666666666399 ) ) ;
#1230 = ADVANCED_FACE ( 'NONE', ( #2787 ), #3245, .T. ) ;
#1231 = AXIS2_PLACEMENT_3D ( 'NONE', #839, #559, #3142 ) ;
#1232 = CARTESIAN_POINT ( 'NONE',  ( 0.1165730233390447901, 0.4156784256807322664, 0.2416666666666666963 ) ) ;
#1233 = CARTESIAN_POINT ( 'NONE',  ( 0.02611093921709698243, 0.4253429168962247209, 0.2416666666666666408 ) ) ;
#1234 = CARTESIAN_POINT ( 'NONE',  ( 0.1064142892188244954, 0.4420758358999805626, 0.2406666666666666399 ) ) ;
#1235 = CARTESIAN_POINT ( 'NONE',  ( -0.02334145234194764246, 0.4058363734094046493, 0.2406666666666666399 ) ) ;
#1236 = PRODUCT_DEFINITION_FORMATION_WITH_SPECIFIED_SOURCE ( 'ANY', '', #87, .NOT_KNOWN. ) ;
#1237 = ADVANCED_FACE ( 'NONE', ( #960 ), #1193, .F. ) ;
#1238 = CARTESIAN_POINT ( 'NONE',  ( -0.03873184625168316075, 0.4268356001161857094, 0.2406666666666666399 ) ) ;
#1239 = CARTESIAN_POINT ( 'NONE',  ( -0.1472369432864957806, 0.4114198765777501987, 0.2416666666666666408 ) ) ;
#1240 = PRESENTATION_STYLE_ASSIGNMENT (( #2568 ) ) ;
#1241 = ORIENTED_EDGE ( 'NONE', *, *, #1371, .F. ) ;
#1242 = CARTESIAN_POINT ( 'NONE',  ( 0.4999999999999994449, 0.7750000000000002442, 0.000000000000000000 ) ) ;
#1243 = CARTESIAN_POINT ( 'NONE',  ( 0.000000000000000000, 0.000000000000000000, 0.000000000000000000 ) ) ;
#1244 = ORIENTED_EDGE ( 'NONE', *, *, #1935, .F. ) ;
#1245 = LINE ( 'NONE', #1061, #1948 ) ;
#1246 = CARTESIAN_POINT ( 'NONE',  ( 0.0005925991573252880739, 0.4409534606757249953, 0.2416666666666666130 ) ) ;
#1247 = LINE ( 'NONE', #3027, #2417 ) ;
#1248 = CARTESIAN_POINT ( 'NONE',  ( -0.07540304570539678453, 0.4250850321559761502, 0.2416666666666666408 ) ) ;
#1249 = CARTESIAN_POINT ( 'NONE',  ( 0.1191655111117209953, 0.4240604579706691024, 0.2416666666666666963 ) ) ;
#1250 = CARTESIAN_POINT ( 'NONE',  ( 0.1032448088884183046, 0.4387511944781851136, 0.2416666666666666408 ) ) ;
#1251 = B_SPLINE_CURVE_WITH_KNOTS ( 'NONE', 3,
 ( #2727, #1706, #759, #1800, #503, #408, #2084, #860, #2863, #1589, #2878, #2629 ),
 .UNSPECIFIED., .F., .F.,
 ( 4, 1, 1, 1, 1, 1, 1, 1, 1, 4 ),
 ( 0.4999999999992714717, 0.5322464004455446096, 0.5665790851426377728, 0.6240716620746401544, 0.7121813416243623074, 0.7757680835642221107, 0.8731628369782304944, 0.8786222313458473820, 0.9137036077222773223, 1.000000000000000000 ),
 .UNSPECIFIED. ) ;
#1252 = CARTESIAN_POINT ( 'NONE',  ( 0.06931406395414282939, 0.4347590082814977164, 0.2416666666666666408 ) ) ;
#1253 = EDGE_CURVE ( 'NONE', #172, #1949, #2004, .T. ) ;
#1254 = CARTESIAN_POINT ( 'NONE',  ( -0.01377846220083465099, 0.4200773833895001252, 0.2406666666666666399 ) ) ;
#1255 = CARTESIAN_POINT ( 'NONE',  ( 0.02084311322159607821, 0.4730819456052824390, 0.2406666666666666399 ) ) ;
#1256 = CARTESIAN_POINT ( 'NONE',  ( -0.1557564100672360896, 0.4058363734094046493, 0.2406666666666666399 ) ) ;
#1257 = FILL_AREA_STYLE ('',( #3290 ) ) ;
#1258 = ADVANCED_FACE ( 'NONE', ( #425 ), #1623, .F. ) ;
#1259 = CARTESIAN_POINT ( 'NONE',  ( 0.4749999999999994782, 0.8000000000000000444, 0.000000000000000000 ) ) ;
#1260 = ORIENTED_EDGE ( 'NONE', *, *, #1030, .F. ) ;
#1261 = APPLICATION_CONTEXT ( 'automotive_design' ) ;
#1262 = CARTESIAN_POINT ( 'NONE',  ( 0.1191655111117209953, 0.4240604579706691024, 0.2406666666666666399 ) ) ;
#1263 = SURFACE_STYLE_USAGE ( .BOTH. , #293 ) ;
#1264 = DIRECTION ( 'NONE',  ( 0.000000000000000000, -0.000000000000000000, 1.000000000000000000 ) ) ;
#1265 = CARTESIAN_POINT ( 'NONE',  ( -0.2499999999999993616, 0.008333333333333282911, -0.2250000000000001998 ) ) ;
#1266 = CARTESIAN_POINT ( 'NONE',  ( -0.05940334918510116469, 0.4302526067954298705, 0.2416666666666666408 ) ) ;
#1267 = CARTESIAN_POINT ( 'NONE',  ( -0.4999999999999993339, 0.02499999999999995628, -0.2250000000000001998 ) ) ;
#1268 = CARTESIAN_POINT ( 'NONE',  ( -0.06365505874881631498, 0.4113935048391407223, 0.2416666666666666408 ) ) ;
#1269 = CARTESIAN_POINT ( 'NONE',  ( 0.06974977216652666900, 0.4407552362991003503, 0.2416666666666666408 ) ) ;
#1270 = DIRECTION ( 'NONE',  ( 1.000000000000000000, 0.000000000000000000, 0.000000000000000000 ) ) ;
#1271 = CARTESIAN_POINT ( 'NONE',  ( -0.1291972256988209444, 0.4345576592630842061, 0.2406666666666666399 ) ) ;
#1272 = CARTESIAN_POINT ( 'NONE',  ( 0.1287725259692800439, 0.4319231258544156127, 0.2406666666666666121 ) ) ;
#1273 = CARTESIAN_POINT ( 'NONE',  ( 0.002785297901842038060, 0.4417808328694400877, 0.2416666666666666130 ) ) ;
#1274 = STYLED_ITEM ( 'NONE', ( #444 ), #540 ) ;
#1275 = DIRECTION ( 'NONE',  ( 0.000000000000000000, 0.000000000000000000, -1.000000000000000000 ) ) ;
#1276 = ADVANCED_FACE ( 'NONE', ( #1702 ), #2486, .F. ) ;
#1277 = CARTESIAN_POINT ( 'NONE',  ( -0.1237120500244747734, 0.4339476482987582040, 0.2416666666666666408 ) ) ;
#1278 = EDGE_LOOP ( 'NONE', ( #2131, #1108, #2536, #309 ) ) ;
#1279 = AXIS2_PLACEMENT_3D ( 'NONE', #2830, #2813, #244 ) ;
#1280 =( GEOMETRIC_REPRESENTATION_CONTEXT ( 3 ) GLOBAL_UNCERTAINTY_ASSIGNED_CONTEXT ( ( #2129 ) ) GLOBAL_UNIT_ASSIGNED_CONTEXT ( ( #3234, #891, #1135 ) ) REPRESENTATION_CONTEXT ( 'NONE', 'WORKASPACE' ) );
#1281 = DIRECTION ( 'NONE',  ( 1.000000000000000000, 0.000000000000000000, 0.000000000000000000 ) ) ;
#1282 = EDGE_CURVE ( 'NONE', #137, #970, #991, .T. ) ;
#1283 = DIRECTION ( 'NONE',  ( 0.000000000000000000, -0.000000000000000000, 1.000000000000000000 ) ) ;
#1284 = PRESENTATION_STYLE_ASSIGNMENT (( #2812 ) ) ;
#1285 = CARTESIAN_POINT ( 'NONE',  ( -0.1557564100672360896, 0.4058363734094046493, 0.2406666666666666399 ) ) ;
#1286 = CARTESIAN_POINT ( 'NONE',  ( -0.08774843124378675641, 0.4185545076730095015, 0.2406666666666666399 ) ) ;
#1287 = VECTOR ( 'NONE', #3158, 1000.000000000000000 ) ;
#1288 = VECTOR ( 'NONE', #978, 1000.000000000000000 ) ;
#1289 = CYLINDRICAL_SURFACE ( 'NONE', #2153, 0.02500000000000001180 ) ;
#1290 = CARTESIAN_POINT ( 'NONE',  ( -0.02948783261107978254, 0.4233022738439627397, 0.2416666666666666408 ) ) ;
#1291 = CARTESIAN_POINT ( 'NONE',  ( 0.06847347591454520932, 0.4088183765302866313, 0.2406666666666666399 ) ) ;
#1292 = CARTESIAN_POINT ( 'NONE',  ( 0.1218587651361704299, 0.4108656204070357254, 0.2406666666666666399 ) ) ;
#1293 = CARTESIAN_POINT ( 'NONE',  ( -0.1430603092175559699, 0.4227184184300749048, 0.2406666666666666399 ) ) ;
#1294 = CARTESIAN_POINT ( 'NONE',  ( 0.1218587651361704299, 0.4108656204070357254, 0.2416666666666666963 ) ) ;
#1295 =( NAMED_UNIT ( * ) PLANE_ANGLE_UNIT ( ) SI_UNIT ( $, .RADIAN. ) );
#1296 = CARTESIAN_POINT ( 'NONE',  ( 0.04814799794671433680, 0.4355394344759880854, 0.2406666666666666399 ) ) ;
#1297 = AXIS2_PLACEMENT_3D ( 'NONE', #2555, #756, #1738 ) ;
#1298 = ORIENTED_EDGE ( 'NONE', *, *, #1735, .F. ) ;
#1299 = CARTESIAN_POINT ( 'NONE',  ( 0.1157572363888023925, 0.4395504065669096905, 0.2406666666666666399 ) ) ;
#1300 = CARTESIAN_POINT ( 'NONE',  ( -0.1373547974362210045, 0.4393441454802730628, 0.2406666666666666399 ) ) ;
#1301 = ORIENTED_EDGE ( 'NONE', *, *, #192, .F. ) ;
#1302 = CARTESIAN_POINT ( 'NONE',  ( 0.1161499970502719581, 0.4101675286406385457, 0.2416666666666666408 ) ) ;
#1303 = CARTESIAN_POINT ( 'NONE',  ( -0.01306968705976688065, 0.4248516058620456226, 0.2406666666666666399 ) ) ;
#1304 = DIRECTION ( 'NONE',  ( 0.000000000000000000, 0.000000000000000000, -1.000000000000000000 ) ) ;
#1305 = CARTESIAN_POINT ( 'NONE',  ( -0.06169393603976232321, 0.4191610342103705977, 0.2416666666666666408 ) ) ;
#1306 = EDGE_CURVE ( 'NONE', #1736, #685, #2540, .T. ) ;
#1307 = CARTESIAN_POINT ( 'NONE',  ( -0.1028402944374096212, 0.4143999156823977015, 0.2416666666666666408 ) ) ;
#1308 = CARTESIAN_POINT ( 'NONE',  ( -0.02627243364374502038, 0.4709320017116410129, 0.2416666666666666408 ) ) ;
#1309 = CARTESIAN_POINT ( 'NONE',  ( 0.06426133113590759560, 0.4188208274672631237, 0.2416666666666666408 ) ) ;
#1310 = CARTESIAN_POINT ( 'NONE',  ( -0.07302364884670951850, 0.4312911444181482534, 0.2406666666666666399 ) ) ;
#1311 = CARTESIAN_POINT ( 'NONE',  ( 0.1234300603546045344, 0.4113595734979790808, 0.2416666666666666685 ) ) ;
#1312 = CARTESIAN_POINT ( 'NONE',  ( 0.03954291100377047008, 0.4165907356518002147, 0.2406666666666666121 ) ) ;
#1313 = DIRECTION ( 'NONE',  ( -1.000000000000000000, 0.000000000000000000, 0.000000000000000000 ) ) ;
#1314 = EDGE_LOOP ( 'NONE', ( #870, #2785, #2402, #2083 ) ) ;
#1315 = PRODUCT_DEFINITION_CONTEXT ( 'detailed design', #1969, 'design' ) ;
#1316 = CARTESIAN_POINT ( 'NONE',  ( -0.1265416788151201843, 0.4058363734094046493, 0.2416666666666666408 ) ) ;
#1317 = APPLICATION_PROTOCOL_DEFINITION ( 'draft international standard', 'automotive_design', 1998, #1434 ) ;
#1318 = ORIENTED_EDGE ( 'NONE', *, *, #2861, .T. ) ;
#1319 = DIRECTION ( 'NONE',  ( -1.110509328496334653E-14, 1.000000000000000000, 8.673617379883929765E-15 ) ) ;
#1320 =( NAMED_UNIT ( * ) PLANE_ANGLE_UNIT ( ) SI_UNIT ( $, .RADIAN. ) );
#1321 = CARTESIAN_POINT ( 'NONE',  ( -0.1145901978483455097, 0.4058363734094046493, 0.2406666666666666399 ) ) ;
#1322 = CARTESIAN_POINT ( 'NONE',  ( 0.4999999999999994449, 0.7750000000000002442, -0.2250000000000001998 ) ) ;
#1323 = FACE_OUTER_BOUND ( 'NONE', #2556, .T. ) ;
#1324 = EDGE_CURVE ( 'NONE', #1699, #3227, #743, .T. ) ;
#1325 = CARTESIAN_POINT ( 'NONE',  ( -0.0008904435425151668903, 0.4736609705907940948, 0.2416666666666666408 ) ) ;
#1326 = CARTESIAN_POINT ( 'NONE',  ( 0.04537838614729028386, 0.4383617223051393674, 0.2406666666666666399 ) ) ;
#1327 = DIRECTION ( 'NONE',  ( 1.110509328496318718E-14, -2.168404344971142186E-15, 1.000000000000000000 ) ) ;
#1328 = CARTESIAN_POINT ( 'NONE',  ( -0.1445509543992734014, 0.4318525355189653525, 0.2406666666666666399 ) ) ;
#1329 = CARTESIAN_POINT ( 'NONE',  ( 0.1267226911851232762, 0.4226660507035582826, 0.2406666666666666121 ) ) ;
#1330 = SURFACE_STYLE_FILL_AREA ( #2901 ) ;
#1331 = ORIENTED_EDGE ( 'NONE', *, *, #1739, .T. ) ;
#1332 = DIRECTION ( 'NONE',  ( -1.000000000000000000, -0.000000000000000000, 8.673617379884035472E-17 ) ) ;
#1333 = SHAPE_REPRESENTATION_RELATIONSHIP ( 'NONE' , 'NONE' ,  #2696, #1340 ) ;
#1334 = STYLED_ITEM ( 'NONE', ( #1050 ), #234 ) ;
#1335 = ORIENTED_EDGE ( 'NONE', *, *, #693, .F. ) ;
#1336 = PRODUCT_DEFINITION_SHAPE ( 'NONE', 'NONE',  #3343 ) ;
#1337 = FACE_OUTER_BOUND ( 'NONE', #2482, .T. ) ;
#1338 = FILL_AREA_STYLE_COLOUR ( '', #156 ) ;
#1339 = CARTESIAN_POINT ( 'NONE',  ( 0.002966281238892640344, 0.4265826111277067345, 0.2416666666666666408 ) ) ;
#1340 = ADVANCED_BREP_SHAPE_REPRESENTATION ( '', ( #3123, #1177 ), #695 ) ;
#1341 = VECTOR ( 'NONE', #2395, 1000.000000000000000 ) ;
#1342 = AXIS2_PLACEMENT_3D ( 'NONE', #2962, #3167, #82 ) ;
#1343 = CARTESIAN_POINT ( 'NONE',  ( 0.02892186403799658009, 0.4083839165371221935, 0.2416666666666666408 ) ) ;
#1344 = CARTESIAN_POINT ( 'NONE',  ( 0.01568391590461077137, 0.4359850917888479227, 0.2416666666666666408 ) ) ;
#1345 = CARTESIAN_POINT ( 'NONE',  ( 0.003595653017383063175, 0.4683741162951788883, 0.2406666666666666676 ) ) ;
#1346 = EDGE_CURVE ( 'NONE', #2003, #374, #2037, .T. ) ;
#1347 = CARTESIAN_POINT ( 'NONE',  ( -0.08442984015771121120, 0.4400766933097526867, 0.2406666666666666399 ) ) ;
#1348 = CARTESIAN_POINT ( 'NONE',  ( -0.1051839396800506032, 0.4058363734094046493, 0.2416666666666666408 ) ) ;
#1349 = CARTESIAN_POINT ( 'NONE',  ( 0.01627494116108463285, 0.4599025351587941457, 0.2416666666666666130 ) ) ;
#1350 = CARTESIAN_POINT ( 'NONE',  ( 0.1424788155650117127, 0.4387677796502401639, 0.2416666666666666408 ) ) ;
#1351 = EDGE_LOOP ( 'NONE', ( #2701, #1970, #370 ) ) ;
#1352 = ADVANCED_FACE ( 'NONE', ( #560 ), #2864, .T. ) ;
#1353 = PRODUCT_DEFINITION_CONTEXT ( 'detailed design', #1261, 'design' ) ;
#1354 = DIRECTION ( 'NONE',  ( 0.000000000000000000, 0.000000000000000000, 1.000000000000000000 ) ) ;
#1355 =( LENGTH_UNIT ( ) NAMED_UNIT ( * ) SI_UNIT ( .MILLI., .METRE. ) );
#1356 = B_SPLINE_SURFACE_WITH_KNOTS ( 'NONE', 3, 1, ( 
 ( #1882, #1294 ),
 ( #3150, #1311 ),
 ( #2899, #568 ),
 ( #2567, #304 ),
 ( #1329, #2360 ),
 ( #2093, #1829 ),
 ( #3117, #250 ),
 ( #1272, #1812 ),
 ( #2077, #3099 ),
 ( #2310, #1849 ),
 ( #49, #553 ),
 ( #2111, #512 ),
 ( #3135, #1866 ) ),
 .UNSPECIFIED., .F., .F., .F.,
 ( 4, 1, 1, 1, 1, 1, 1, 1, 1, 1, 4 ),
 ( 2, 2 ),
 ( 0.000000000000000000, 0.09625650761666570965, 0.1493029061416935865, 0.1982367062378075084, 0.2859395347875705595, 0.3258414454056259846, 0.3774265417852835647, 0.4013536315193554915, 0.4585516029363154722, 0.4971988809207482651, 0.5029999999949280598 ),
 ( 0.000000000000000000, 1.000000000000000000 ),
 .UNSPECIFIED. ) ;
#1357 = ORIENTED_EDGE ( 'NONE', *, *, #2861, .F. ) ;
#1358 = CARTESIAN_POINT ( 'NONE',  ( -0.4999999999999994449, 0.02499999999999996669, 0.2250000000000000611 ) ) ;
#1359 = FILL_AREA_STYLE ('',( #1338 ) ) ;
#1360 = SPHERICAL_SURFACE ( 'NONE', #792, 0.02499999999999995628 ) ;
#1361 = DIRECTION ( 'NONE',  ( -1.000000000000000000, 0.000000000000000000, -0.000000000000000000 ) ) ;
#1362 = CARTESIAN_POINT ( 'NONE',  ( -0.05797746730621533562, 0.4350411703695871157, 0.2416666666666666408 ) ) ;
#1363 = CARTESIAN_POINT ( 'NONE',  ( 0.01847429407852934496, 0.4248261772643199263, 0.2406666666666666399 ) ) ;
#1364 = CARTESIAN_POINT ( 'NONE',  ( 0.04606332367574732939, 0.4111906037714830875, 0.2406666666666666399 ) ) ;
#1365 = SURFACE_STYLE_FILL_AREA ( #1121 ) ;
#1366 = CARTESIAN_POINT ( 'NONE',  ( 0.04739785914847294973, 0.4351349883508033312, 0.2406666666666666121 ) ) ;
#1367 = CARTESIAN_POINT ( 'NONE',  ( 0.1121557195592772782, 0.4388368709350076724, 0.2406666666666666399 ) ) ;
#1368 = ORIENTED_EDGE ( 'NONE', *, *, #1192, .T. ) ;
#1369 = CARTESIAN_POINT ( 'NONE',  ( 0.08830748187618030209, 0.4612041193669758066, 0.2406666666666666399 ) ) ;
#1370 =( NAMED_UNIT ( * ) PLANE_ANGLE_UNIT ( ) SI_UNIT ( $, .RADIAN. ) );
#1371 = EDGE_CURVE ( 'NONE', #2348, #2068, #1574, .T. ) ;
#1372 = ORIENTED_EDGE ( 'NONE', *, *, #2593, .F. ) ;
#1373 = DIRECTION ( 'NONE',  ( -8.673617379884036705E-17, 0.000000000000000000, -1.000000000000000000 ) ) ;
#1374 = DIRECTION ( 'NONE',  ( 0.000000000000000000, 0.000000000000000000, 1.000000000000000000 ) ) ;
#1375 = DIRECTION ( 'NONE',  ( -0.000000000000000000, -0.000000000000000000, -1.000000000000000000 ) ) ;
#1376 = CARTESIAN_POINT ( 'NONE',  ( -0.08956632904569383768, 0.4092800648243716810, 0.2416666666666666408 ) ) ;
#1377 = CARTESIAN_POINT ( 'NONE',  ( 0.02084311322159607821, 0.4730819456052824390, 0.2416666666666666408 ) ) ;
#1378 = CARTESIAN_POINT ( 'NONE',  ( 0.4749999999999994782, 0.8000000000000000444, 0.2250000000000000611 ) ) ;
#1379 = CARTESIAN_POINT ( 'NONE',  ( 0.1053022006452219717, 0.4087324211508414629, 0.2416666666666666408 ) ) ;
#1380 = CARTESIAN_POINT ( 'NONE',  ( 0.1157572363888023925, 0.4395504065669096905, 0.2406666666666666399 ) ) ;
#1381 = ORIENTED_EDGE ( 'NONE', *, *, #905, .F. ) ;
#1382 = CARTESIAN_POINT ( 'NONE',  ( 0.1053022006452219717, 0.4087324211508414629, 0.2406666666666666399 ) ) ;
#1383 = ORIENTED_EDGE ( 'NONE', *, *, #1903, .T. ) ;
#1384 = EDGE_CURVE ( 'NONE', #2148, #2363, #227, .T. ) ;
#1385 = CARTESIAN_POINT ( 'NONE',  ( -0.2499999999999993616, 0.02499999999999995628, -0.2250000000000001998 ) ) ;
#1386 = FACE_OUTER_BOUND ( 'NONE', #823, .T. ) ;
#1387 = ORIENTED_EDGE ( 'NONE', *, *, #1384, .F. ) ;
#1388 = MECHANICAL_DESIGN_GEOMETRIC_PRESENTATION_REPRESENTATION (  '', ( #1834 ), #2900 ) ;
#1389 = CARTESIAN_POINT ( 'NONE',  ( -0.2499999999999993616, 0.8000000000000001554, -0.2250000000000081934 ) ) ;
#1390 = CARTESIAN_POINT ( 'NONE',  ( -0.06150022409968036036, 0.4402393979754955500, 0.2416666666666666408 ) ) ;
#1391 = CARTESIAN_POINT ( 'NONE',  ( -0.01076941546436035839, 0.4748910283421270417, 0.2406666666666666399 ) ) ;
#1392 = MECHANICAL_DESIGN_GEOMETRIC_PRESENTATION_REPRESENTATION (  '', ( #2852 ), #688 ) ;
#1393 = DIRECTION ( 'NONE',  ( 1.000000000000000000, 0.000000000000000000, 0.000000000000000000 ) ) ;
#1394 = CARTESIAN_POINT ( 'NONE',  ( -0.4749999999999993672, 0.02500000000000001180, -0.2250000000000001721 ) ) ;
#1395 = DIRECTION ( 'NONE',  ( 0.000000000000000000, 0.000000000000000000, 1.000000000000000000 ) ) ;
#1396 = CARTESIAN_POINT ( 'NONE',  ( 0.1443202051356090865, 0.4386511330314983304, 0.2406666666666666399 ) ) ;
#1397 = CIRCLE ( 'NONE', #3339, 0.02499999999999995628 ) ;
#1398 = ORIENTED_EDGE ( 'NONE', *, *, #939, .F. ) ;
#1399 = CARTESIAN_POINT ( 'NONE',  ( 0.08910452189461828820, 0.4159011017887085382, 0.2406666666666666399 ) ) ;
#1400 = EDGE_LOOP ( 'NONE', ( #3194, #1546 ) ) ;
#1401 = VECTOR ( 'NONE', #1436, 1000.000000000000000 ) ;
#1402 = DIRECTION ( 'NONE',  ( 0.000000000000000000, 0.000000000000000000, 1.000000000000000000 ) ) ;
#1403 = CARTESIAN_POINT ( 'NONE',  ( 0.002785297901842038060, 0.4417808328694400877, 0.2406666666666666399 ) ) ;
#1404 = EDGE_CURVE ( 'NONE', #1639, #255, #1858, .T. ) ;
#1405 = FACE_OUTER_BOUND ( 'NONE', #1838, .T. ) ;
#1406 = CARTESIAN_POINT ( 'NONE',  ( -0.1011428682097384318, 0.4336490035915261942, 0.2416666666666666408 ) ) ;
#1407 = CARTESIAN_POINT ( 'NONE',  ( 0.01748328586761297571, 0.4196826751505511321, 0.2406666666666666399 ) ) ;
#1408 = EDGE_CURVE ( 'NONE', #990, #1571, #1245, .T. ) ;
#1409 = PLANE ( 'NONE',  #209 ) ;
#1410 = LINE ( 'NONE', #601, #1005 ) ;
#1411 = CARTESIAN_POINT ( 'NONE',  ( 0.1409542242092947373, 0.4203059025107774849, 0.2406666666666666399 ) ) ;
#1412 = ORIENTED_EDGE ( 'NONE', *, *, #2171, .F. ) ;
#1413 = UNCERTAINTY_MEASURE_WITH_UNIT (LENGTH_MEASURE( 1.000000000000000082E-05 ), #1850, 'distance_accuracy_value', 'NONE');
#1414 = CARTESIAN_POINT ( 'NONE',  ( 0.1043024990683179692, 0.4147522298915619077, 0.2406666666666666399 ) ) ;
#1415 = VERTEX_POINT ( 'NONE', #2845 ) ;
#1416 =( LENGTH_UNIT ( ) NAMED_UNIT ( * ) SI_UNIT ( .MILLI., .METRE. ) );
#1417 = CARTESIAN_POINT ( 'NONE',  ( 0.04606332367574732939, 0.4111906037714830875, 0.2416666666666666685 ) ) ;
#1418 = ORIENTED_EDGE ( 'NONE', *, *, #1152, .F. ) ;
#1419 = CARTESIAN_POINT ( 'NONE',  ( -0.08491950238934194151, 0.4310459379103570576, 0.2416666666666666408 ) ) ;
#1420 = CARTESIAN_POINT ( 'NONE',  ( -0.03873184625168316075, 0.4268356001161857094, 0.2416666666666666408 ) ) ;
#1421 = CARTESIAN_POINT ( 'NONE',  ( 0.1161499970502719581, 0.4101675286406385457, 0.2406666666666666399 ) ) ;
#1422 = CARTESIAN_POINT ( 'NONE',  ( 0.1217316617080722307, 0.4336602044982089676, 0.2416666666666666963 ) ) ;
#1423 = CARTESIAN_POINT ( 'NONE',  ( 0.1424992639369626890, 0.4089186940374158752, 0.2416666666666666408 ) ) ;
#1424 = CARTESIAN_POINT ( 'NONE',  ( 0.09126449103735723156, 0.4213439100664772008, 0.2406666666666666399 ) ) ;
#1425 = ORIENTED_EDGE ( 'NONE', *, *, #211, .T. ) ;
#1426 = CARTESIAN_POINT ( 'NONE',  ( 0.06152342565751628412, 0.4140840269759137882, 0.2406666666666666399 ) ) ;
#1427 = LINE ( 'NONE', #2134, #2052 ) ;
#1428 = ORIENTED_EDGE ( 'NONE', *, *, #2673, .F. ) ;
#1429 = DIRECTION ( 'NONE',  ( -1.110509328496322504E-14, -2.168404344971133114E-15, -1.000000000000000000 ) ) ;
#1430 = EDGE_LOOP ( 'NONE', ( #3340, #2939, #2925, #933, #226, #1722, #1697, #453 ) ) ;
#1431 = CARTESIAN_POINT ( 'NONE',  ( -0.1235854223948357755, 0.4287231274316216645, 0.2406666666666666399 ) ) ;
#1432 = PLANE ( 'NONE',  #2750 ) ;
#1433 = CARTESIAN_POINT ( 'NONE',  ( -0.05667154073928055286, 0.4107720583287428062, 0.2406666666666666399 ) ) ;
#1434 = APPLICATION_CONTEXT ( 'automotive_design' ) ;
#1435 = VECTOR ( 'NONE', #1109, 1000.000000000000000 ) ;
#1436 = DIRECTION ( 'NONE',  ( -0.000000000000000000, 0.000000000000000000, -1.000000000000000000 ) ) ;
#1437 = CARTESIAN_POINT ( 'NONE',  ( 0.1202736739687013806, 0.4300630878618353914, 0.2416666666666666963 ) ) ;
#1438 = CARTESIAN_POINT ( 'NONE',  ( 0.4999999999999993339, 0.8000000000000000444, -0.2500000000000002220 ) ) ;
#1439 = CARTESIAN_POINT ( 'NONE',  ( 0.1039242955437938432, 0.4444529160279777624, 0.2416666666666666408 ) ) ;
#1440 = EDGE_CURVE ( 'NONE', #787, #133, #2560, .T. ) ;
#1441 = ORIENTED_EDGE ( 'NONE', *, *, #562, .F. ) ;
#1442 = UNCERTAINTY_MEASURE_WITH_UNIT (LENGTH_MEASURE( 1.000000000000000082E-05 ), #498, 'distance_accuracy_value', 'NONE');
#1443 = COLOUR_RGB ( '',0.6941176470588235059, 0.09803921568627450844, 0.09803921568627450844 ) ;
#1444 = CARTESIAN_POINT ( 'NONE',  ( -0.04070729893771742047, 0.4117245229219199110, 0.2406666666666666399 ) ) ;
#1445 = LINE ( 'NONE', #401, #855 ) ;
#1446 =( GEOMETRIC_REPRESENTATION_CONTEXT ( 3 ) GLOBAL_UNCERTAINTY_ASSIGNED_CONTEXT ( ( #2998 ) ) GLOBAL_UNIT_ASSIGNED_CONTEXT ( ( #311, #2371, #646 ) ) REPRESENTATION_CONTEXT ( 'NONE', 'WORKASPACE' ) );
#1447 = EDGE_CURVE ( 'NONE', #735, #1127, #793, .T. ) ;
#1448 = ORIENTED_EDGE ( 'NONE', *, *, #2186, .T. ) ;
#1449 = AXIS2_PLACEMENT_3D ( 'NONE', #1122, #1163, #893 ) ;
#1450 = CARTESIAN_POINT ( 'NONE',  ( 0.05510372375857099797, 0.4335075521299613377, 0.2406666666666666399 ) ) ;
#1451 = CARTESIAN_POINT ( 'NONE',  ( 0.2499999999940882844, 0.008333333333333326279, -0.2250000000000002554 ) ) ;
#1452 = SURFACE_STYLE_FILL_AREA ( #1173 ) ;
#1453 = ORIENTED_EDGE ( 'NONE', *, *, #2791, .T. ) ;
#1454 = VECTOR ( 'NONE', #1520, 1000.000000000000000 ) ;
#1455 = CARTESIAN_POINT ( 'NONE',  ( -0.1215592664517062688, 0.4235261021465751008, 0.2416666666666666408 ) ) ;
#1456 = CARTESIAN_POINT ( 'NONE',  ( -0.4999999999999993339, 0.8000000000000000444, -0.2500000000000002220 ) ) ;
#1457 = CARTESIAN_POINT ( 'NONE',  ( -0.03918081373135686579, 0.4089787042511994208, 0.2406666666666666399 ) ) ;
#1458 = B_SPLINE_SURFACE_WITH_KNOTS ( 'NONE', 3, 1, ( 
 ( #2362, #3136 ),
 ( #2265, #570 ),
 ( #2502, #718 ),
 ( #2588, #2330 ),
 ( #1947, #1123 ),
 ( #1647, #2670 ),
 ( #854, #132 ),
 ( #1411, #1087 ),
 ( #1884, #2700 ),
 ( #2143, #1150 ),
 ( #100, #1932 ),
 ( #2947, #1632 ),
 ( #585, #1920 ),
 ( #1396, #3203 ),
 ( #2161, #1350 ),
 ( #2658, #1665 ),
 ( #1618, #869 ),
 ( #3191, #2443 ),
 ( #2902, #2185 ),
 ( #3216, #354 ),
 ( #2934, #2127 ),
 ( #1380, #1905 ),
 ( #1367, #2964 ),
 ( #2922, #3152 ),
 ( #1104, #2428 ),
 ( #602, #1599 ),
 ( #2642, #3170 ),
 ( #614, #2412 ),
 ( #625, #835 ),
 ( #324, #2683 ),
 ( #340, #894 ),
 ( #2398, #369 ),
 ( #119, #1138 ),
 ( #2174, #2381 ),
 ( #384, #84 ),
 ( #880, #68 ),
 ( #643, #2492 ),
 ( #1475, #1462 ),
 ( #3300, #1164 ),
 ( #1215, #3285 ),
 ( #1424, #2256 ),
 ( #2474, #1696 ),
 ( #1681, #2980 ),
 ( #411, #183 ),
 ( #1750, #915 ),
 ( #1962, #2456 ),
 ( #966, #946 ),
 ( #432, #712 ),
 ( #1711, #2778 ),
 ( #2275, #659 ),
 ( #2730, #1992 ),
 ( #1234, #3013 ),
 ( #2010, #2748 ),
 ( #1730, #1439 ),
 ( #219, #164 ),
 ( #449, #982 ),
 ( #2027, #1199 ),
 ( #2222, #2238 ),
 ( #928, #466 ),
 ( #1493, #3268 ),
 ( #199, #3031 ),
 ( #2529, #1183 ),
 ( #3250, #692 ),
 ( #2204, #2715 ),
 ( #2510, #2996 ),
 ( #398, #143 ),
 ( #1976, #672 ),
 ( #2563, #1788 ),
 ( #529, #232 ),
 ( #2042, #764 ),
 ( #1808, #1033 ),
 ( #2356, #2818 ),
 ( #3112, #3081 ),
 ( #2603, #2580 ),
 ( #2869, #2090 ),
 ( #3066, #1066 ),
 ( #727, #997 ),
 ( #780, #1767 ),
 ( #3095, #2834 ),
 ( #2305, #1580 ),
 ( #551, #2547 ),
 ( #2797, #265 ),
 ( #483, #800 ),
 ( #1291, #1826 ),
 ( #29, #509 ),
 ( #748, #14 ),
 ( #2850, #1309 ),
 ( #1846, #494 ),
 ( #1512, #2326 ),
 ( #2619, #1252 ),
 ( #2289, #1269 ),
 ( #300, #3317 ),
 ( #1526, #2074 ),
 ( #1326, #1562 ),
 ( #285, #3337 ),
 ( #247, #3047 ),
 ( #1018, #2062 ),
 ( #2341, #45 ),
 ( #95, #3199 ),
 ( #846, #2930 ),
 ( #830, #2883 ),
 ( #1133, #865 ),
 ( #3185, #379 ),
 ( #1115, #336 ),
 ( #2170, #2393 ),
 ( #876, #1928 ),
 ( #2157, #1879 ),
 ( #1659, #1083 ),
 ( #1915, #2695 ),
 ( #1407, #2667 ),
 ( #1363, #350 ),
 ( #1099, #578 ),
 ( #611, #2108 ),
 ( #1899, #1643 ),
 ( #2424, #1344 ),
 ( #2943, #2679 ),
 ( #620, #114 ),
 ( #1628, #2140 ),
 ( #597, #62 ),
 ( #2438, #2896 ),
 ( #127, #3164 ),
 ( #364, #1377 ),
 ( #3132, #815 ),
 ( #2123, #1863 ),
 ( #565, #3147 ),
 ( #1391, #1595 ),
 ( #2636, #2916 ),
 ( #79, #316 ),
 ( #2376, #2408 ),
 ( #1614, #2654 ),
 ( #1942, #2251 ),
 ( #1473, #1987 ),
 ( #428, #463 ),
 ( #2198, #1726 ),
 ( #689, #2960 ),
 ( #1212, #3231 ),
 ( #2181, #667 ),
 ( #709, #639 ),
 ( #3212, #2725 ),
 ( #1457, #1677 ),
 ( #2007, #2218 ),
 ( #393, #925 ),
 ( #911, #1972 ),
 ( #1958, #2775 ),
 ( #3028, #1420 ),
 ( #2990, #941 ),
 ( #2233, #1704 ),
 ( #2762, #2488 ),
 ( #2452, #180 ),
 ( #962, #1747 ),
 ( #3280, #447 ),
 ( #1195, #654 ),
 ( #3262, #1160 ),
 ( #2975, #3007 ),
 ( #2507, #1489 ),
 ( #407, #195 ),
 ( #1433, #2523 ),
 ( #1146, #1692 ),
 ( #2467, #160 ),
 ( #1178, #523 ),
 ( #979, #1305 ),
 ( #1029, #723 ),
 ( #2544, #1266 ),
 ( #2303, #1539 ),
 ( #10, #2831 ),
 ( #547, #2323 ),
 ( #742, #3092 ),
 ( #3062, #26 ),
 ( #1764, #229 ),
 ( #994, #3330 ),
 ( #1577, #3079 ),
 ( #259, #1013 ),
 ( #2815, #2087 ),
 ( #1045, #3044 ),
 ( #478, #2338 ),
 ( #1784, #3109 ),
 ( #2058, #1557 ),
 ( #760, #506 ),
 ( #2790, #1248 ),
 ( #2848, #777 ),
 ( #1823, #282 ),
 ( #2286, #796 ),
 ( #1844, #2024 ),
 ( #2272, #491 ),
 ( #2577, #1508 ),
 ( #2866, #1804 ),
 ( #1286, #3314 ),
 ( #214, #2039 ),
 ( #1229, #1523 ),
 ( #2559, #2600 ),
 ( #245, #3297 ),
 ( #2070, #2880 ),
 ( #2136, #2632 ),
 ( #92, #1110 ),
 ( #2266, #1741 ),
 ( #771, #2297 ),
 ( #1817, #2282 ),
 ( #275, #1483 ),
 ( #3087, #1533 ),
 ( #2053, #2518 ),
 ( #1758, #1277 ),
 ( #4, #472 ),
 ( #719, #3309 ),
 ( #1549, #989 ),
 ( #3074, #734 ),
 ( #1300, #2333 ),
 ( #757, #1797 ),
 ( #2825, #501 ),
 ( #1076, #590 ),
 ( #1637, #1154 ),
 ( #3222, #751 ),
 ( #1979, #2781 ),
 ( #2292, #3070 ),
 ( #236, #1772 ),
 ( #3304, #222 ),
 ( #3254, #2046 ),
 ( #1515, #1239 ),
 ( #2279, #1792 ),
 ( #469, #697 ),
 ( #2551, #2767 ),
 ( #1256, #3320 ) ),
 .UNSPECIFIED., .F., .F., .F.,
 ( 4, 1, 1, 1, 1, 1, 1, 1, 1, 1, 1, 1, 1, 1, 1, 1, 1, 1, 1, 1, 1, 1, 1, 1, 1, 1, 1, 1, 1, 1, 1, 1, 1, 1, 1, 1, 1, 1, 1, 1, 1, 1, 1, 1, 1, 1, 1, 1, 1, 1, 1, 1, 1, 1, 1, 1, 1, 1, 1, 1, 1, 1, 1, 1, 1, 1, 1, 1, 1, 1, 1, 1, 1, 1, 1, 1, 1, 1, 1, 1, 1, 1, 1, 1, 1, 1, 1, 1, 1, 1, 1, 1, 1, 1, 1, 1, 1, 1, 1, 1, 1, 1, 1, 1, 1, 1, 1, 1, 1, 1, 1, 1, 1, 1, 1, 1, 1, 1, 1, 1, 1, 1, 1, 1, 1, 1, 1, 1, 1, 1, 1, 1, 1, 1, 1, 1, 1, 1, 1, 1, 1, 1, 1, 1, 1, 1, 1, 1, 1, 1, 1, 1, 1, 1, 1, 1, 1, 1, 1, 1, 1, 1, 1, 1, 1, 1, 1, 1, 1, 1, 1, 1, 1, 1, 1, 1, 1, 1, 1, 1, 1, 1, 1, 1, 1, 1, 1, 1, 1, 1, 1, 1, 1, 1, 1, 1, 1, 1, 1, 1, 1, 1, 1, 1, 1, 1, 1, 1, 1, 1, 1, 1, 1, 1, 1, 1, 1, 1, 4 ),
 ( 2, 2 ),
 ( 0.000000000000000000, 0.003829372050676127515, 0.007367907834966769265, 0.01164821697741791340, 0.01495701375468239114, 0.01847302521215554716, 0.02395171186390121498, 0.02845101440753960986, 0.03459805963177442489, 0.03716908965671072984, 0.04151022001827631147, 0.04445300637740312588, 0.04583961267489355951, 0.04735227409033770929, 0.05088181739304087348, 0.05579958281894781269, 0.06185022848072452284, 0.06563188201933489729, 0.07160455388805508914, 0.07387704484463830656, 0.07690236767552671715, 0.08081617102046789736, 0.08509462359846720059, 0.08999782742345596720, 0.09517223263608698414, 0.1005277210765544993, 0.1073638145965388757, 0.1123298103241966439, 0.1142248342724051513, 0.1176306560112063693, 0.1188912071907430867, 0.1214154589606125656, 0.1239647659526766921, 0.1267379785476576703, 0.1286662510663598713, 0.1319193524449988608, 0.1360810808252423953, 0.1380093533439444853, 0.1404859434606683388, 0.1445137940674219301, 0.1485495269725303213, 0.1536121742074871843, 0.1603687755651326263, 0.1636096425966367951, 0.1653653872238219913, 0.1681385998188029696, 0.1696512612342472304, 0.1717979025412827987, 0.1748467690955869402, 0.1766115407469385223, 0.1780487902239262787, 0.1803177823470925034, 0.1818769980450106738, 0.1859107618195283695, 0.1894961381240065634, 0.1926094698739190259, 0.1959469561774691559, 0.1999688849227403420, 0.2033182526675834101, 0.2053508303704528748, 0.2075522883628994064, 0.2129726584349076468, 0.2209141308659895442, 0.2253690692561508557, 0.2323750580331040982, 0.2355062022064614569, 0.2386300664138025773, 0.2409690323805484535, 0.2445853611074668699, 0.2475641247896550601, 0.2487141150248369792, 0.2509694314285423333, 0.2523678084322165116, 0.2557699407474832709, 0.2599162895067145262, 0.2634504182062852307, 0.2683927125332949970, 0.2767214521231470270, 0.2871491576359207487, 0.2911835902674850818, 0.2927315838370483370, 0.2953979914739832680, 0.3038921178951063951, 0.3091856231885494743, 0.3127181691325000568, 0.3158373075345287662, 0.3260019831671754353, 0.3322979933263841001, 0.3375265451747391232, 0.3409351439532912753, 0.3481988803232120011, 0.3586101336732492317, 0.3689255681703712542, 0.3731485842144068865, 0.3780435548687738345, 0.3834363784710169698, 0.3902293662292032339, 0.3935827130080506997, 0.3999354826868575241, 0.4049186461088353228, 0.4077380441840776637, 0.4102296258950666186, 0.4135771860487590379, 0.4173263417235754114, 0.4229320331095857144, 0.4259378147603353204, 0.4288345452904546162, 0.4327580549103393626, 0.4368175678814518736, 0.4429251175068311674, 0.4495249610177503019, 0.4533157570374702905, 0.4572876811806946273, 0.4593938016215224351, 0.4611319981144044178, 0.4648828431779918890, 0.4738692571594518288, 0.4830341120844415803, 0.4943914034763634557, 0.5031073877122833604, 0.5119136459417619189, 0.5171346514049676157, 0.5229010485626861549, 0.5350687679329089175, 0.5455079732138812254, 0.5546582053055841843, 0.5603302149139357535, 0.5647290652216359064, 0.5672659949535850954, 0.5733961073702366074, 0.5765506485105383883, 0.5801232139303260649, 0.5934810818223710260, 0.6047906994616787379, 0.6152513808979176435, 0.6275685390029885902, 0.6348631519641461107, 0.6423463684020650488, 0.6470366864952123986, 0.6493077839629461945, 0.6522230331992222574, 0.6565704027012010391, 0.6615256388864770853, 0.6668362641109347733, 0.6712312655769290259, 0.6765070256178432606, 0.6794165881426561526, 0.6834276742257605619, 0.6908572650409964266, 0.6932122401973184189, 0.6962295669265514686, 0.7008070712497793675, 0.7092190979308151677, 0.7155880220150692139, 0.7221592188764691667, 0.7261371855845027978, 0.7291028460171948833, 0.7330595305393199368, 0.7357253277139087499, 0.7409590252241073927, 0.7473307106022626378, 0.7545547574872545349, 0.7595292937444555470, 0.7621201338057703722, 0.7658573366610664790, 0.7677198091915278244, 0.7702860909728925787, 0.7743001537254325939, 0.7780232093898040713, 0.7827160800541520524, 0.7863181063153505956, 0.7889839034899391867, 0.7915896374501070198, 0.7936613587632650457, 0.7963923439789201142, 0.7992120617288093198, 0.8015517403942646890, 0.8062856627966270562, 0.8117379631635255333, 0.8187001313243342793, 0.8232297347060653081, 0.8259348332217009148, 0.8328315082804093050, 0.8370631638321933687, 0.8406846625500690173, 0.8460380189645226867, 0.8539253119098719758, 0.8610875422021588843, 0.8688140016937604404, 0.8760810954419265828, 0.8831870272671321631, 0.8882405906301666931, 0.8913811072182773465, 0.8946755721855971233, 0.8980766534467881090, 0.9019106554941149767, 0.9053245630029406188, 0.9093204392943162739, 0.9134401784574521788, 0.9170044025359732620, 0.9197831219293657323, 0.9218456419983026562, 0.9254200700028794024, 0.9288763879267379897, 0.9351574211029591854, 0.9406951642384688839, 0.9474640484048101330, 0.9509830237185544766, 0.9545164592207153742, 0.9586361983838512790, 0.9631167487757965606, 0.9655216763989511453, 0.9682740566254515180, 0.9740437118181488607, 0.9814458710643439998, 0.9886646913056233998, 0.9922472615257720285, 0.9953854578205566517, 1.000000000000000000 ),
 ( 0.000000000000000000, 1.000000000000000000 ),
 .UNSPECIFIED. ) ;
#1459 = CARTESIAN_POINT ( 'NONE',  ( 0.1154675446772543829, 0.4191417733348267727, 0.2406666666666666399 ) ) ;
#1460 = CARTESIAN_POINT ( 'NONE',  ( 0.1218587651361704299, 0.4108656204070357254, 0.2416666666666667240 ) ) ;
#1461 = CARTESIAN_POINT ( 'NONE',  ( 0.06426133113590759560, 0.4188208274672631237, 0.2416666666666666408 ) ) ;
#1462 = CARTESIAN_POINT ( 'NONE',  ( 0.08974375526717887075, 0.4132545132095093443, 0.2416666666666666408 ) ) ;
#1463 = ORIENTED_EDGE ( 'NONE', *, *, #377, .T. ) ;
#1464 = CARTESIAN_POINT ( 'NONE',  ( 0.03066472778552477296, 0.4605230210034579330, 0.2406666666666666399 ) ) ;
#1465 = DIRECTION ( 'NONE',  ( 0.000000000000000000, 0.000000000000000000, 1.000000000000000000 ) ) ;
#1466 = EDGE_LOOP ( 'NONE', ( #2912, #555, #412, #1425 ) ) ;
#1467 = DIRECTION ( 'NONE',  ( 0.000000000000000000, -0.000000000000000000, 1.000000000000000000 ) ) ;
#1468 = DIRECTION ( 'NONE',  ( -1.000000000000000000, -0.000000000000000000, 8.673617379884035472E-17 ) ) ;
#1469 = ADVANCED_FACE ( 'NONE', ( #2446 ), #2718, .F. ) ;
#1470 = VERTEX_POINT ( 'NONE', #3220 ) ;
#1471 = CARTESIAN_POINT ( 'NONE',  ( -0.1346615267576663499, 0.4126266817417696409, 0.2406666666666666399 ) ) ;
#1472 = CARTESIAN_POINT ( 'NONE',  ( 0.2499999999940882844, 0.7916666666666668517, -0.2250000000000002554 ) ) ;
#1473 = CARTESIAN_POINT ( 'NONE',  ( -0.01573678246737091405, 0.4669570554004351393, 0.2406666666666666399 ) ) ;
#1474 = CARTESIAN_POINT ( 'NONE',  ( 0.07378957239844759208, 0.4432985582838808170, 0.2416666666666666408 ) ) ;
#1475 = CARTESIAN_POINT ( 'NONE',  ( 0.08974375526717887075, 0.4132545132095093443, 0.2406666666666666399 ) ) ;
#1476 = CARTESIAN_POINT ( 'NONE',  ( 0.1252040783609749408, 0.4190679397538184525, 0.2406666666666666399 ) ) ;
#1477 = CARTESIAN_POINT ( 'NONE',  ( -0.02498978077599990980, 0.4756660000210212180, 0.2406666666666666399 ) ) ;
#1478 = CARTESIAN_POINT ( 'NONE',  ( -0.1119596676961793630, 0.4090079078979219074, 0.2416666666666666408 ) ) ;
#1479 = FACE_OUTER_BOUND ( 'NONE', #916, .T. ) ;
#1480 = EDGE_LOOP ( 'NONE', ( #445, #2553, #3209, #1208 ) ) ;
#1481 = CARTESIAN_POINT ( 'NONE',  ( -0.4999999999999993339, 0.02499999999999995628, 0.2500000000000000000 ) ) ;
#1482 = CARTESIAN_POINT ( 'NONE',  ( 0.05045489940390739808, 0.4214067363037077851, 0.2416666666666666408 ) ) ;
#1483 = CARTESIAN_POINT ( 'NONE',  ( -0.1148773656697428119, 0.4392767182585764485, 0.2416666666666666408 ) ) ;
#1484 = ORIENTED_EDGE ( 'NONE', *, *, #884, .F. ) ;
#1485 = EDGE_CURVE ( 'NONE', #1204, #2020, #1124, .T. ) ;
#1486 = CARTESIAN_POINT ( 'NONE',  ( -0.1235854223948357755, 0.4287231274316216645, 0.2416666666666666408 ) ) ;
#1487 = CARTESIAN_POINT ( 'NONE',  ( -0.003922955655691937916, 0.4324901944411166932, 0.2406666666666666399 ) ) ;
#1488 = CARTESIAN_POINT ( 'NONE',  ( -0.1376078648954671413, 0.4058363734094046493, 0.2416666666666666408 ) ) ;
#1489 = CARTESIAN_POINT ( 'NONE',  ( -0.05427955074409470532, 0.4201969439661676353, 0.2416666666666666408 ) ) ;
#1490 = EDGE_CURVE ( 'NONE', #2594, #424, #1445, .T. ) ;
#1491 = CARTESIAN_POINT ( 'NONE',  ( 0.1191655111117209953, 0.4240604579706691024, 0.2406666666666666121 ) ) ;
#1492 = CARTESIAN_POINT ( 'NONE',  ( 0.06351061369080303332, 0.4103089192775649652, 0.2416666666666666408 ) ) ;
#1493 = CARTESIAN_POINT ( 'NONE',  ( 0.1026588020277440505, 0.4561037403894009912, 0.2406666666666666399 ) ) ;
#1494 = FACE_OUTER_BOUND ( 'NONE', #2317, .T. ) ;
#1495 = CARTESIAN_POINT ( 'NONE',  ( 0.01568391590461077137, 0.4359850917888479227, 0.2406666666666666399 ) ) ;
#1496 = CIRCLE ( 'NONE', #892, 0.02499999999999990424 ) ;
#1497 = DIRECTION ( 'NONE',  ( 0.000000000000000000, 1.000000000000000000, 0.000000000000000000 ) ) ;
#1498 = VECTOR ( 'NONE', #716, 1000.000000000000000 ) ;
#1499 =( GEOMETRIC_REPRESENTATION_CONTEXT ( 3 ) GLOBAL_UNCERTAINTY_ASSIGNED_CONTEXT ( ( #3236 ) ) GLOBAL_UNIT_ASSIGNED_CONTEXT ( ( #108, #3226, #1672 ) ) REPRESENTATION_CONTEXT ( 'NONE', 'WORKASPACE' ) );
#1500 = ORIENTED_EDGE ( 'NONE', *, *, #1903, .F. ) ;
#1501 = CARTESIAN_POINT ( 'NONE',  ( 0.05241222990938542575, 0.4366058448918763157, 0.2406666666666666399 ) ) ;
#1502 = CARTESIAN_POINT ( 'NONE',  ( -0.4999999999999994449, 0.8000000000000000444, -0.2250000000000001998 ) ) ;
#1503 = ORIENTED_EDGE ( 'NONE', *, *, #2755, .T. ) ;
#1504 = COLOUR_RGB ( '',0.6941176470588235059, 0.09803921568627450844, 0.09803921568627450844 ) ;
#1505 = CARTESIAN_POINT ( 'NONE',  ( -0.1238502315007403709, 0.4126062139152930075, 0.2406666666666666399 ) ) ;
#1506 = CARTESIAN_POINT ( 'NONE',  ( -0.009380382016272781343, 0.4430156082596400369, 0.2406666666666666399 ) ) ;
#1507 = PLANE ( 'NONE',  #158 ) ;
#1508 = CARTESIAN_POINT ( 'NONE',  ( -0.08956632904569383768, 0.4092800648243716810, 0.2416666666666666408 ) ) ;
#1509 = AXIS2_PLACEMENT_3D ( 'NONE', #2299, #2557, #2219 ) ;
#1510 = CARTESIAN_POINT ( 'NONE',  ( -0.1310715018370106622, 0.4189187762387779346, 0.2406666666666666399 ) ) ;
#1511 = CARTESIAN_POINT ( 'NONE',  ( 0.07925359114850541453, 0.4319306005652275293, 0.2416666666666666408 ) ) ;
#1512 = CARTESIAN_POINT ( 'NONE',  ( 0.06735813032545269474, 0.4309276607691528427, 0.2406666666666666399 ) ) ;
#1513 = PLANE ( 'NONE',  #1218 ) ;
#1514 = CARTESIAN_POINT ( 'NONE',  ( 0.02746666671986129626, 0.4211868181443916836, 0.2406666666666666399 ) ) ;
#1515 = CARTESIAN_POINT ( 'NONE',  ( -0.1472369432864957806, 0.4114198765777501987, 0.2406666666666666399 ) ) ;
#1516 = CARTESIAN_POINT ( 'NONE',  ( -0.1557564100949093699, 0.4058363734094046493, 0.2416666666666666130 ) ) ;
#1517 = CARTESIAN_POINT ( 'NONE',  ( -0.4749999999999994782, 0.02499999999999995628, 0.2250000000000000611 ) ) ;
#1518 = CARTESIAN_POINT ( 'NONE',  ( 0.04808731476194287591, 0.4355037485216345927, 0.2406666666666666121 ) ) ;
#1519 = ORIENTED_EDGE ( 'NONE', *, *, #2383, .T. ) ;
#1520 = DIRECTION ( 'NONE',  ( 3.134651602192766916E-33, -1.000000000000000000, 3.614007241618347908E-17 ) ) ;
#1521 = CARTESIAN_POINT ( 'NONE',  ( 0.4749999999999994782, 0.7750000000000002442, 0.2250000000000000611 ) ) ;
#1522 = CARTESIAN_POINT ( 'NONE',  ( 0.0005925991573252880739, 0.4409534606757249953, 0.2406666666666666399 ) ) ;
#1523 = CARTESIAN_POINT ( 'NONE',  ( -0.08491950238934194151, 0.4310459379103570576, 0.2416666666666666408 ) ) ;
#1524 = CARTESIAN_POINT ( 'NONE',  ( -0.1119596676961793630, 0.4090079078979219074, 0.2406666666666666399 ) ) ;
#1525 = CARTESIAN_POINT ( 'NONE',  ( 0.08910452189461828820, 0.4159011017887085382, 0.2416666666666666408 ) ) ;
#1526 = CARTESIAN_POINT ( 'NONE',  ( 0.05324448293176029662, 0.4399933642609283324, 0.2406666666666666399 ) ) ;
#1527 = CARTESIAN_POINT ( 'NONE',  ( -0.009601207895434451037, 0.4332789148061392259, 0.2406666666666666399 ) ) ;
#1528 = EDGE_CURVE ( 'NONE', #2858, #1736, #1397, .T. ) ;
#1529 = CARTESIAN_POINT ( 'NONE',  ( -0.1428630901742596881, 0.4271901305293123174, 0.2406666666666666399 ) ) ;
#1530 = EDGE_CURVE ( 'NONE', #2889, #985, #1427, .T. ) ;
#1531 = LINE ( 'NONE', #788, #849 ) ;
#1532 = CARTESIAN_POINT ( 'NONE',  ( 0.008703046558096970420, 0.4690924360517720881, 0.2416666666666666408 ) ) ;
#1533 = CARTESIAN_POINT ( 'NONE',  ( -0.1179650604159323962, 0.4377511436644703213, 0.2416666666666666408 ) ) ;
#1534 = ORIENTED_EDGE ( 'NONE', *, *, #1384, .T. ) ;
#1535 = FACE_OUTER_BOUND ( 'NONE', #2206, .T. ) ;
#1536 =( LENGTH_UNIT ( ) NAMED_UNIT ( * ) SI_UNIT ( .MILLI., .METRE. ) );
#1537 =( NAMED_UNIT ( * ) SI_UNIT ( $, .STERADIAN. ) SOLID_ANGLE_UNIT ( ) );
#1538 = CARTESIAN_POINT ( 'NONE',  ( -0.2499999999955660468, 0.7750000000000002442, -0.2416666666666668906 ) ) ;
#1539 = CARTESIAN_POINT ( 'NONE',  ( -0.05797746730621533562, 0.4350411703695871157, 0.2416666666666666408 ) ) ;
#1540 = CARTESIAN_POINT ( 'NONE',  ( -0.1265416788151201843, 0.4058363734094046493, 0.2406666666666666399 ) ) ;
#1541 = CARTESIAN_POINT ( 'NONE',  ( 0.01658673395744311371, 0.4092125890159771240, 0.2416666666666666408 ) ) ;
#1542 = CARTESIAN_POINT ( 'NONE',  ( -0.07242529338985226328, 0.4280426436324742401, 0.2406666666666666399 ) ) ;
#1543 = CARTESIAN_POINT ( 'NONE',  ( -0.1001508167775438662, 0.4254744859252097000, 0.2416666666666666408 ) ) ;
#1544 = SHAPE_REPRESENTATION ( 'GRM158R61A226ME15D_1_3', ( #1177 ), #3186 ) ;
#1545 = FILL_AREA_STYLE ('',( #2771 ) ) ;
#1546 = ORIENTED_EDGE ( 'NONE', *, *, #562, .T. ) ;
#1547 = PRESENTATION_LAYER_ASSIGNMENT (  '', '', ( #1274 ) ) ;
#1548 = CARTESIAN_POINT ( 'NONE',  ( 0.1062307436116094045, 0.4327430371005900889, 0.2406666666666666399 ) ) ;
#1549 = CARTESIAN_POINT ( 'NONE',  ( -0.1281055826478672555, 0.4385200675452097796, 0.2406666666666666399 ) ) ;
#1550 = EDGE_LOOP ( 'NONE', ( #1885, #136, #758, #2862 ) ) ;
#1551 = AXIS2_PLACEMENT_3D ( 'NONE', #2066, #2349, #1835 ) ;
#1552 = STYLED_ITEM ( 'NONE', ( #584 ), #762 ) ;
#1553 =( NAMED_UNIT ( * ) PLANE_ANGLE_UNIT ( ) SI_UNIT ( $, .RADIAN. ) );
#1554 = CARTESIAN_POINT ( 'NONE',  ( 0.1202736728398190874, 0.4300630862801846366, 0.2416666666666666408 ) ) ;
#1555 = FILL_AREA_STYLE_COLOUR ( '', #2462 ) ;
#1556 =( NAMED_UNIT ( * ) SI_UNIT ( $, .STERADIAN. ) SOLID_ANGLE_UNIT ( ) );
#1557 = CARTESIAN_POINT ( 'NONE',  ( -0.07302364884670951850, 0.4312911444181482534, 0.2416666666666666408 ) ) ;
#1558 = AXIS2_PLACEMENT_3D ( 'NONE', #1169, #661, #58 ) ;
#1559 = AXIS2_PLACEMENT_3D ( 'NONE', #3091, #1044, #1860 ) ;
#1560 = FILL_AREA_STYLE_COLOUR ( '', #2469 ) ;
#1561 = CARTESIAN_POINT ( 'NONE',  ( 0.02686569145567390890, 0.4688452828664252392, 0.2416666666666666408 ) ) ;
#1562 = CARTESIAN_POINT ( 'NONE',  ( 0.04537838614729028386, 0.4383617223051393674, 0.2416666666666666408 ) ) ;
#1563 = VECTOR ( 'NONE', #2379, 1000.000000000000000 ) ;
#1564 = CARTESIAN_POINT ( 'NONE',  ( -0.07540304570539678453, 0.4250850321559761502, 0.2406666666666666399 ) ) ;
#1565 = CARTESIAN_POINT ( 'NONE',  ( -0.1028402944374096212, 0.4143999156823977015, 0.2416666666666666408 ) ) ;
#1566 = CARTESIAN_POINT ( 'NONE',  ( 0.04105625751473677976, 0.4188750926464753221, 0.2416666666666666685 ) ) ;
#1567 = PRESENTATION_STYLE_ASSIGNMENT (( #3292 ) ) ;
#1568 = CIRCLE ( 'NONE', #2659, 0.02500000000000001180 ) ;
#1569 = VERTEX_POINT ( 'NONE', #1685 ) ;
#1570 = CARTESIAN_POINT ( 'NONE',  ( 0.1015085321851179612, 0.4183981856013492262, 0.2406666666666666399 ) ) ;
#1571 = VERTEX_POINT ( 'NONE', #2459 ) ;
#1572 = EDGE_CURVE ( 'NONE', #1949, #753, #586, .T. ) ;
#1573 = SURFACE_STYLE_USAGE ( .BOTH. , #543 ) ;
#1574 = LINE ( 'NONE', #3059, #3229 ) ;
#1575 = CARTESIAN_POINT ( 'NONE',  ( 0.003728735863074567492, 0.4683705439043798768, 0.2406666666666666676 ) ) ;
#1576 = DIRECTION ( 'NONE',  ( 0.000000000000000000, 0.000000000000000000, 1.000000000000000000 ) ) ;
#1577 = CARTESIAN_POINT ( 'NONE',  ( -0.07619359057934638191, 0.4352472027195786741, 0.2406666666666666399 ) ) ;
#1578 = ADVANCED_FACE ( 'NONE', ( #840 ), #3239, .F. ) ;
#1579 = CARTESIAN_POINT ( 'NONE',  ( -0.1200271346521790544, 0.4292560153222628738, 0.2406666666666666399 ) ) ;
#1580 = CARTESIAN_POINT ( 'NONE',  ( 0.07365050299708850168, 0.4182142404526161816, 0.2416666666666666408 ) ) ;
#1581 = CARTESIAN_POINT ( 'NONE',  ( -0.002358310687806232289, 0.4666160678681700036, 0.2406666666666666399 ) ) ;
#1582 = CARTESIAN_POINT ( 'NONE',  ( -0.1088228433117203464, 0.4377368572994343454, 0.2406666666666666399 ) ) ;
#1583 = SURFACE_SIDE_STYLE ('',( #2872 ) ) ;
#1584 = CARTESIAN_POINT ( 'NONE',  ( 0.005436324635752933128, 0.4683362900335171775, 0.2416666666666666130 ) ) ;
#1585 = CARTESIAN_POINT ( 'NONE',  ( 0.4749999999999994782, 0.7750000000000002442, -0.2250000000000001998 ) ) ;
#1586 = CARTESIAN_POINT ( 'NONE',  ( 0.1475538868586284136, 0.4067338105746359789, 0.2406666666666666399 ) ) ;
#1587 = DIRECTION ( 'NONE',  ( 1.000000000000000000, 0.000000000000000000, 0.000000000000000000 ) ) ;
#1588 = ORIENTED_EDGE ( 'NONE', *, *, #3242, .T. ) ;
#1589 = CARTESIAN_POINT ( 'NONE',  ( -0.003191294114073527869, 0.4402495077230896836, 0.2406666666666666399 ) ) ;
#1590 = CARTESIAN_POINT ( 'NONE',  ( -0.1265416788151201843, 0.4058363734094046493, 0.2416666666666666408 ) ) ;
#1591 = DIRECTION ( 'NONE',  ( -4.336808689942024836E-15, -1.897353801849635915E-15, -1.000000000000000000 ) ) ;
#1592 = ADVANCED_FACE ( 'NONE', ( #1966 ), #2734, .F. ) ;
#1593 = B_SPLINE_CURVE_WITH_KNOTS ( 'NONE', 3,
 ( #1235, #1019, #2307, #3338, #2029, #1254, #3032, #2276, #1527, #3302, #248, #2511, #694, #2063, #1789, #2582, #765, #3082 ),
 .UNSPECIFIED., .F., .F.,
 ( 4, 1, 1, 1, 1, 1, 1, 1, 1, 1, 1, 1, 1, 1, 1, 4 ),
 ( 0.000000000000000000, 0.09323730059264867531, 0.1273994519722465579, 0.1812050325470629941, 0.2476256991005829633, 0.3046022947457108776, 0.3703547684750004843, 0.4137900050234156746, 0.4874251544221746002, 0.5521988748995649843, 0.6063257939307054034, 0.6588056397408041942, 0.7286134902770639021, 0.8201149085797335703, 0.8999574290051208791, 1.000000000000000000 ),
 .UNSPECIFIED. ) ;
#1594 = CARTESIAN_POINT ( 'NONE',  ( -0.02701352621892776779, 0.4323467541919579493, 0.2416666666666666408 ) ) ;
#1595 = CARTESIAN_POINT ( 'NONE',  ( -0.01076941546436035839, 0.4748910283421270417, 0.2416666666666666408 ) ) ;
#1596 = EDGE_CURVE ( 'NONE', #1191, #2080, #3001, .T. ) ;
#1597 = CARTESIAN_POINT ( 'NONE',  ( -0.08098661083385798320, 0.4315513756828406322, 0.2406666666666666399 ) ) ;
#1598 = FACE_OUTER_BOUND ( 'NONE', #2756, .T. ) ;
#1599 = CARTESIAN_POINT ( 'NONE',  ( 0.1038807170926098478, 0.4286005788381180293, 0.2416666666666666408 ) ) ;
#1600 = ORIENTED_EDGE ( 'NONE', *, *, #1324, .F. ) ;
#1601 = CARTESIAN_POINT ( 'NONE',  ( 0.1443202051356090865, 0.4386511330314983304, 0.2406666666666666399 ) ) ;
#1602 = APPLICATION_PROTOCOL_DEFINITION ( 'draft international standard', 'automotive_design', 1998, #1794 ) ;
#1603 = VECTOR ( 'NONE', #1264, 1000.000000000000000 ) ;
#1604 = ORIENTED_EDGE ( 'NONE', *, *, #495, .T. ) ;
#1605 = FACE_BOUND ( 'NONE', #2211, .T. ) ;
#1606 = DIRECTION ( 'NONE',  ( 1.000000000000000000, -0.000000000000000000, -8.673617379884036705E-17 ) ) ;
#1607 = CARTESIAN_POINT ( 'NONE',  ( 0.004435001813312427002, 0.4065810548078241382, 0.2416666666666666408 ) ) ;
#1608 = VECTOR ( 'NONE', #2668, 1000.000000000000000 ) ;
#1609 = AXIS2_PLACEMENT_3D ( 'NONE', #1394, #2396, #2681 ) ;
#1610 = PRODUCT_DEFINITION ( 'UNKNOWN', '', #2705, #435 ) ;
#1611 = DIRECTION ( 'NONE',  ( -1.000000000000000000, 0.000000000000000000, 8.673617379884036705E-17 ) ) ;
#1612 = COLOUR_RGB ( '',0.6941176470588235059, 0.09803921568627450844, 0.09803921568627450844 ) ;
#1613 = CARTESIAN_POINT ( 'NONE',  ( 0.03004126870957235865, 0.4511706269522538504, 0.2416666666666666408 ) ) ;
#1614 = CARTESIAN_POINT ( 'NONE',  ( -0.02444126742531866833, 0.4667643569593222796, 0.2406666666666666399 ) ) ;
#1615 = COLOUR_RGB ( '',0.6941176470588235059, 0.09803921568627450844, 0.09803921568627450844 ) ;
#1616 = EDGE_CURVE ( 'NONE', #2003, #1569, #1874, .T. ) ;
#1617 = CARTESIAN_POINT ( 'NONE',  ( -0.4749999999999994782, 0.7750000000000002442, -0.2250000000000001998 ) ) ;
#1618 = CARTESIAN_POINT ( 'NONE',  ( 0.1349643722412782743, 0.4388805905822174558, 0.2406666666666666399 ) ) ;
#1619 = VERTEX_POINT ( 'NONE', #2389 ) ;
#1620 = UNCERTAINTY_MEASURE_WITH_UNIT (LENGTH_MEASURE( 1.000000000000000082E-05 ), #278, 'distance_accuracy_value', 'NONE');
#1621 = CARTESIAN_POINT ( 'NONE',  ( 0.09674987864564042750, 0.4442762979323902073, 0.2406666666666666399 ) ) ;
#1622 = DIRECTION ( 'NONE',  ( 1.000000000000000000, 0.000000000000000000, 0.000000000000000000 ) ) ;
#1623 = B_SPLINE_SURFACE_WITH_KNOTS ( 'NONE', 3, 1, ( 
 ( #460, #908 ),
 ( #446, #721 ),
 ( #1471, #1956 ),
 ( #2505, #193 ),
 ( #2973, #1690 ),
 ( #652, #475 ),
 ( #1431, #1486 ),
 ( #210, #1971 ),
 ( #1227, #1455 ),
 ( #2268, #2216 ),
 ( #1505, #3294 ),
 ( #138, #2465 ),
 ( #666, #157 ) ),
 .UNSPECIFIED., .F., .F., .F.,
 ( 4, 1, 1, 1, 1, 1, 1, 1, 1, 1, 4 ),
 ( 2, 2 ),
 ( 0.000000000000000000, 0.1756111506125531685, 0.2515041251972651715, 0.3864015691227852267, 0.4665567606767533348, 0.5392416202346745902, 0.5653562654952077882, 0.6326457961468890945, 0.7481040925882973536, 0.8388609437549863213, 1.000000000000000000 ),
 ( 0.000000000000000000, 1.000000000000000000 ),
 .UNSPECIFIED. ) ;
#1624 = VERTEX_POINT ( 'NONE', #1891 ) ;
#1625 = DIRECTION ( 'NONE',  ( -1.000000000000000000, 0.000000000000000000, 0.000000000000000000 ) ) ;
#1626 = DIRECTION ( 'NONE',  ( -1.000000000000000000, 0.000000000000000000, 0.000000000000000000 ) ) ;
#1627 = CARTESIAN_POINT ( 'NONE',  ( -0.06169393603976232321, 0.4191610342103705977, 0.2416666666666666408 ) ) ;
#1628 = CARTESIAN_POINT ( 'NONE',  ( 0.02584841081378340399, 0.4431133299352953969, 0.2406666666666666399 ) ) ;
#1629 = CARTESIAN_POINT ( 'NONE',  ( -0.1546556580747217302, 0.4095989019130664155, 0.2406666666666666399 ) ) ;
#1630 = LINE ( 'NONE', #867, #2420 ) ;
#1631 = CARTESIAN_POINT ( 'NONE',  ( 0.1097762430598342720, 0.4353929362810819992, 0.2416666666666666408 ) ) ;
#1632 = CARTESIAN_POINT ( 'NONE',  ( 0.1449363167867891988, 0.4351230294139478150, 0.2416666666666666408 ) ) ;
#1633 = ADVANCED_FACE ( 'NONE', ( #2909 ), #629, .F. ) ;
#1634 = ORIENTED_EDGE ( 'NONE', *, *, #1754, .T. ) ;
#1635 = CARTESIAN_POINT ( 'NONE',  ( 0.08204939434026208012, 0.4362775275067270475, 0.2406666666666666399 ) ) ;
#1636 = B_SPLINE_CURVE_WITH_KNOTS ( 'NONE', 3,
 ( #794, #2135, #1096, #2120, #577, #2372, #608, #2651, #861, #1575, #91 ),
 .UNSPECIFIED., .F., .F.,
 ( 4, 1, 1, 1, 1, 1, 1, 1, 4 ),
 ( 0.000000000000000000, 0.04958079006029782881, 0.1315710044239342402, 0.2197642356881615855, 0.2923126848353664320, 0.3853818014276519932, 0.4364047330577233152, 0.4859673219495777574, 0.4999999999992714717 ),
 .UNSPECIFIED. ) ;
#1637 = CARTESIAN_POINT ( 'NONE',  ( -0.1518011880147046855, 0.4280141208197809632, 0.2406666666666666399 ) ) ;
#1638 = ADVANCED_FACE ( 'NONE', ( #3071 ), #3305, .T. ) ;
#1639 = VERTEX_POINT ( 'NONE', #2293 ) ;
#1640 = DIRECTION ( 'NONE',  ( -0.000000000000000000, 1.000000000000000000, -0.000000000000000000 ) ) ;
#1641 = ORIENTED_EDGE ( 'NONE', *, *, #1306, .T. ) ;
#1642 = CARTESIAN_POINT ( 'NONE',  ( 0.1287725259692800439, 0.4319231258544156127, 0.2416666666666666408 ) ) ;
#1643 = CARTESIAN_POINT ( 'NONE',  ( 0.01467572003762418649, 0.4330551873115350836, 0.2416666666666666408 ) ) ;
#1644 = CARTESIAN_POINT ( 'NONE',  ( -0.1051839396800506032, 0.4058363734094046493, 0.2406666666666666399 ) ) ;
#1645 = DIRECTION ( 'NONE',  ( 0.000000000000000000, 1.000000000000000000, 0.000000000000000000 ) ) ;
#1646 = CARTESIAN_POINT ( 'NONE',  ( 0.04606332367574733633, 0.4111906037714830875, 0.2406666666666665844 ) ) ;
#1647 = CARTESIAN_POINT ( 'NONE',  ( 0.1376423660626200085, 0.4131108364376872011, 0.2406666666666666399 ) ) ;
#1648 = VERTEX_POINT ( 'NONE', #1773 ) ;
#1649 = UNCERTAINTY_MEASURE_WITH_UNIT (LENGTH_MEASURE( 1.000000000000000082E-05 ), #2793, 'distance_accuracy_value', 'NONE');
#1650 = CARTESIAN_POINT ( 'NONE',  ( 0.07567323924753741049, 0.4444075749101349948, 0.2406666666666666399 ) ) ;
#1651 = EDGE_CURVE ( 'NONE', #2844, #885, #254, .T. ) ;
#1652 = EDGE_LOOP ( 'NONE', ( #631, #2415, #184, #1398, #2384, #1335, #2709, #574 ) ) ;
#1653 = CARTESIAN_POINT ( 'NONE',  ( -0.1014027405715776375, 0.4304664610467714980, 0.2406666666666666399 ) ) ;
#1654 = ADVANCED_FACE ( 'NONE', ( #1479 ), #2047, .F. ) ;
#1655 = CARTESIAN_POINT ( 'NONE',  ( 0.05186674570134167800, 0.4305767542902047551, 0.2416666666666666408 ) ) ;
#1656 = COLOUR_RGB ( '',0.6941176470588235059, 0.09803921568627450844, 0.09803921568627450844 ) ;
#1657 = DIRECTION ( 'NONE',  ( -1.850848880827201808E-15, -1.850848880827191947E-15, -1.000000000000000000 ) ) ;
#1658 = CARTESIAN_POINT ( 'NONE',  ( -0.08423594833183921382, 0.4094316278378813401, 0.2416666666666666408 ) ) ;
#1659 = CARTESIAN_POINT ( 'NONE',  ( 0.01556793958679046977, 0.4124514901367865582, 0.2406666666666666399 ) ) ;
#1660 = AXIS2_PLACEMENT_3D ( 'NONE', #2697, #2680, #2898 ) ;
#1661 = CARTESIAN_POINT ( 'NONE',  ( 0.4999999999999993339, -2.710505431213761085E-17, 0.2250000000000000888 ) ) ;
#1662 = MECHANICAL_DESIGN_GEOMETRIC_PRESENTATION_REPRESENTATION (  '', ( #683 ), #2956 ) ;
#1663 = CYLINDRICAL_SURFACE ( 'NONE', #2531, 0.02500000000000001180 ) ;
#1664 = DIRECTION ( 'NONE',  ( -1.000000000000000000, -0.000000000000000000, 8.673617379884035472E-17 ) ) ;
#1665 = CARTESIAN_POINT ( 'NONE',  ( 0.1393582477210453252, 0.4386681735859873643, 0.2416666666666666408 ) ) ;
#1666 = STYLED_ITEM ( 'NONE', ( #1240 ), #1714 ) ;
#1667 = ORIENTED_EDGE ( 'NONE', *, *, #1854, .T. ) ;
#1668 = CARTESIAN_POINT ( 'NONE',  ( 0.1064142892188244954, 0.4420758358999805626, 0.2406666666666666399 ) ) ;
#1669 = CARTESIAN_POINT ( 'NONE',  ( 500000.0000000000582, 0.008333333333333333218, 0.2249999999566319187 ) ) ;
#1670 = VERTEX_POINT ( 'NONE', #1516 ) ;
#1671 = CARTESIAN_POINT ( 'NONE',  ( -0.1051839396800506032, 0.4058363734094046493, 0.2406666666666666399 ) ) ;
#1672 =( NAMED_UNIT ( * ) SI_UNIT ( $, .STERADIAN. ) SOLID_ANGLE_UNIT ( ) );
#1673 = ORIENTED_EDGE ( 'NONE', *, *, #604, .T. ) ;
#1674 = CARTESIAN_POINT ( 'NONE',  ( 0.4999999999999994449, 0.7750000000000002442, 0.2250000000000000888 ) ) ;
#1675 = DIRECTION ( 'NONE',  ( 0.000000000000000000, 1.000000000000000000, 0.000000000000000000 ) ) ;
#1676 = CARTESIAN_POINT ( 'NONE',  ( -0.1148773656697428119, 0.4392767182585764485, 0.2416666666666666408 ) ) ;
#1677 = CARTESIAN_POINT ( 'NONE',  ( -0.03918081373135686579, 0.4089787042511994208, 0.2416666666666666408 ) ) ;
#1678 = LINE ( 'NONE', #1644, #1341 ) ;
#1679 = SURFACE_STYLE_USAGE ( .BOTH. , #141 ) ;
#1680 = CARTESIAN_POINT ( 'NONE',  ( 0.04422392682107162409, 0.4113406383323940374, 0.2416666666666666685 ) ) ;
#1681 = CARTESIAN_POINT ( 'NONE',  ( 0.09379468591616575701, 0.4298856117934056753, 0.2406666666666666399 ) ) ;
#1682 = ORIENTED_EDGE ( 'NONE', *, *, #2918, .T. ) ;
#1683 = UNCERTAINTY_MEASURE_WITH_UNIT (LENGTH_MEASURE( 1.000000000000000082E-05 ), #1355, 'distance_accuracy_value', 'NONE');
#1684 = CARTESIAN_POINT ( 'NONE',  ( 0.07911158743935359228, 0.4244995397203416010, 0.2406666666666666399 ) ) ;
#1685 = CARTESIAN_POINT ( 'NONE',  ( 0.2499999999940882844, 0.7750000000000002442, 0.2416666666666665853 ) ) ;
#1686 = ORIENTED_EDGE ( 'NONE', *, *, #2342, .F. ) ;
#1687 = CARTESIAN_POINT ( 'NONE',  ( -0.1265416788151201843, 0.4058363734094046493, 0.2406666666666666399 ) ) ;
#1688 = CARTESIAN_POINT ( 'NONE',  ( 0.05045489940390739808, 0.4214067363037077851, 0.2416666666666666408 ) ) ;
#1689 = VERTEX_POINT ( 'NONE', #438 ) ;
#1690 = CARTESIAN_POINT ( 'NONE',  ( -0.1308571721247718533, 0.4244434120288838042, 0.2416666666666666408 ) ) ;
#1691 = CARTESIAN_POINT ( 'NONE',  ( 0.003356059041237152360, 0.4683794309371474007, 0.2416666666666666130 ) ) ;
#1692 = CARTESIAN_POINT ( 'NONE',  ( -0.06036483768003826633, 0.4107311022436674897, 0.2416666666666666408 ) ) ;
#1693 = CARTESIAN_POINT ( 'NONE',  ( 0.003356059041237152360, 0.4683794309371474007, 0.2406666666666666399 ) ) ;
#1694 = EDGE_CURVE ( 'NONE', #2020, #2162, #752, .T. ) ;
#1695 = CARTESIAN_POINT ( 'NONE',  ( 0.1429655343702276038, 0.4289994213427132386, 0.2416666666666666408 ) ) ;
#1696 = CARTESIAN_POINT ( 'NONE',  ( 0.09204815380242535594, 0.4252950219105872676, 0.2416666666666666408 ) ) ;
#1697 = ORIENTED_EDGE ( 'NONE', *, *, #391, .F. ) ;
#1698 = CARTESIAN_POINT ( 'NONE',  ( 0.03934382030539912423, 0.4397853874672112973, 0.2406666666666666399 ) ) ;
#1699 = VERTEX_POINT ( 'NONE', #1219 ) ;
#1700 = DIRECTION ( 'NONE',  ( -0.000000000000000000, 0.000000000000000000, -1.000000000000000000 ) ) ;
#1701 = ORIENTED_EDGE ( 'NONE', *, *, #1408, .F. ) ;
#1702 = FACE_OUTER_BOUND ( 'NONE', #1466, .T. ) ;
#1703 = CARTESIAN_POINT ( 'NONE',  ( 0.2499999999999993616, -1.355252715606880543E-17, 0.2250000000000000611 ) ) ;
#1704 = CARTESIAN_POINT ( 'NONE',  ( -0.03586460124035646679, 0.4345080682960228424, 0.2416666666666666408 ) ) ;
#1705 = CIRCLE ( 'NONE', #1887, 0.02499999999999995628 ) ;
#1706 = CARTESIAN_POINT ( 'NONE',  ( 0.002499666128201365536, 0.4683998528991105137, 0.2406666666666666399 ) ) ;
#1707 = FILL_AREA_STYLE_COLOUR ( '', #851 ) ;
#1708 =( GEOMETRIC_REPRESENTATION_CONTEXT ( 3 ) GLOBAL_UNCERTAINTY_ASSIGNED_CONTEXT ( ( #1964 ) ) GLOBAL_UNIT_ASSIGNED_CONTEXT ( ( #1038, #1295, #2329 ) ) REPRESENTATION_CONTEXT ( 'NONE', 'WORKASPACE' ) );
#1709 = MECHANICAL_DESIGN_GEOMETRIC_PRESENTATION_REPRESENTATION (  '', ( #2740 ), #2309 ) ;
#1710 = CARTESIAN_POINT ( 'NONE',  ( 0.1016897316493355768, 0.4535031201098468356, 0.2416666666666666408 ) ) ;
#1711 = CARTESIAN_POINT ( 'NONE',  ( 0.1032448088884183046, 0.4387511944781851136, 0.2406666666666666399 ) ) ;
#1712 = ORIENTED_EDGE ( 'NONE', *, *, #1896, .T. ) ;
#1713 = VECTOR ( 'NONE', #2302, 1000.000000000000000 ) ;
#1714 = ADVANCED_FACE ( 'NONE', ( #2552 ), #1100, .T. ) ;
#1715 = PRODUCT_DEFINITION_CONTEXT ( 'detailed design', #1794, 'design' ) ;
#1716 = DIRECTION ( 'NONE',  ( -1.000000000000000000, -0.000000000000000000, -0.000000000000000000 ) ) ;
#1717 = CARTESIAN_POINT ( 'NONE',  ( 0.006952333032573382136, 0.4438039739914184656, 0.2416666666666666130 ) ) ;
#1718 = ORIENTED_EDGE ( 'NONE', *, *, #2691, .T. ) ;
#1719 = DIRECTION ( 'NONE',  ( -1.000000000000000000, 0.000000000000000000, -0.000000000000000000 ) ) ;
#1720 = CARTESIAN_POINT ( 'NONE',  ( 0.003728735863074567492, 0.4683705439043798768, 0.2416666666666666408 ) ) ;
#1721 = FILL_AREA_STYLE_COLOUR ( '', #2738 ) ;
#1722 = ORIENTED_EDGE ( 'NONE', *, *, #3056, .F. ) ;
#1723 = VECTOR ( 'NONE', #2149, 1000.000000000000000 ) ;
#1724 = CARTESIAN_POINT ( 'NONE',  ( 0.2499999999999993616, 0.02499999999999995628, -0.2500000000000002220 ) ) ;
#1725 = VECTOR ( 'NONE', #124, 1000.000000000000000 ) ;
#1726 = CARTESIAN_POINT ( 'NONE',  ( -0.02011123040885623783, 0.4525128182129601884, 0.2416666666666666408 ) ) ;
#1727 = PRODUCT_DEFINITION_SHAPE ( 'NONE', 'NONE',  #3301 ) ;
#1728 = CARTESIAN_POINT ( 'NONE',  ( 0.1145657447785775745, 0.4130171195550912389, 0.2406666666666666121 ) ) ;
#1729 = CARTESIAN_POINT ( 'NONE',  ( 0.08416552171458097087, 0.4435672718964574490, 0.2416666666666666408 ) ) ;
#1730 = CARTESIAN_POINT ( 'NONE',  ( 0.1039242955437938432, 0.4444529160279777624, 0.2406666666666666399 ) ) ;
#1731 = LINE ( 'NONE', #3286, #46 ) ;
#1732 = CARTESIAN_POINT ( 'NONE',  ( -0.04797345584573296795, 0.4395387236071586767, 0.2406666666666666399 ) ) ;
#1733 =( LENGTH_UNIT ( ) NAMED_UNIT ( * ) SI_UNIT ( .MILLI., .METRE. ) );
#1734 = CARTESIAN_POINT ( 'NONE',  ( 0.01627494116108463285, 0.4599025351587941457, 0.2406666666666666399 ) ) ;
#1735 = EDGE_CURVE ( 'NONE', #3227, #1415, #2855, .T. ) ;
#1736 = VERTEX_POINT ( 'NONE', #768 ) ;
#1737 = LINE ( 'NONE', #1259, #1498 ) ;
#1738 = DIRECTION ( 'NONE',  ( -1.000000000000000000, 0.000000000000000000, 0.000000000000000000 ) ) ;
#1739 = EDGE_CURVE ( 'NONE', #57, #2444, #3151, .T. ) ;
#1740 = FACE_OUTER_BOUND ( 'NONE', #1188, .T. ) ;
#1741 = CARTESIAN_POINT ( 'NONE',  ( -0.1047609461720813567, 0.4373425650224055383, 0.2416666666666666408 ) ) ;
#1742 = ORIENTED_EDGE ( 'NONE', *, *, #2441, .F. ) ;
#1743 = B_SPLINE_CURVE_WITH_KNOTS ( 'NONE', 3,
 ( #1089, #1586, #2571, #2115, #807, #1040, #1869, #2099, #2859, #3154, #2887, #837, #3103, #1601, #2875, #539, #2644, #327, #1815, #2843, #500, #1299, #2608, #517, #1548, #2130, #2591, #1570, #1414, #2414, #1382, #2400, #1168, #2165, #1950, #2937, #1126, #588, #1399, #135, #2661, #2685, #2431, #628, #86, #2188, #1922, #373, #857, #2176, #2703, #1668, #1153, #606, #121, #1621, #356, #2924, #2967, #2905, #1908, #342, #1141, #1369, #103, #616, #3206, #1107, #883, #400, #1650, #3218, #1934, #2145, #2949, #645, #1635, #386, #1684, #2672, #146, #3193, #3174, #2445, #871, #1426, #2458, #897, #2207, #3237, #1886, #1752, #2013, #2999, #1698, #485, #3253, #3303, #3033, #1514, #714, #2801, #2780, #984, #1217, #660, #2733, #3270, #2752, #235, #468, #917, #2982, #3016, #1495, #674, #2550, #3049, #436, #1464, #2495, #1255, #1770, #2278, #414, #451, #948, #1477, #2766, #185, #1978, #2030, #1965, #930, #201, #1201, #2512, #729, #2291, #1185, #1444, #2259, #2477, #1994, #1238, #3288, #168, #696, #2224, #2240, #1732, #969, #2532, #221, #249, #817, #2566, #287, #2076, #3116, #2885, #1069, #2621, #3098, #802, #1052, #2064, #750, #567, #2308, #2359, #2092, #1597, #1848, #2638, #532, #1310, #1542, #1564, #48, #268, #1811, #321, #2871, #3319, #2044, #783, #552, #3083, #1347, #2110, #766, #2837, #511, #2604, #1582, #496, #999, #2543, #1036, #2328, #1828, #1271, #3134, #3069, #2584, #1021, #1865, #16, #303, #1791, #1328, #2820, #1529, #1293, #2853, #2344, #31, #1629, #3165, #2158 ),
 .UNSPECIFIED., .F., .F.,
 ( 4, 1, 1, 1, 1, 1, 1, 1, 1, 1, 1, 1, 1, 1, 1, 1, 1, 1, 1, 1, 1, 1, 1, 1, 1, 1, 1, 1, 1, 1, 1, 1, 1, 1, 1, 1, 1, 1, 1, 1, 1, 1, 1, 1, 1, 1, 1, 1, 1, 1, 1, 1, 1, 1, 1, 1, 1, 1, 1, 1, 1, 1, 1, 1, 1, 1, 1, 1, 1, 1, 1, 1, 1, 1, 1, 1, 1, 1, 1, 1, 1, 1, 1, 1, 1, 1, 1, 1, 1, 1, 1, 1, 1, 1, 1, 1, 1, 1, 1, 1, 1, 1, 1, 1, 1, 1, 1, 1, 1, 1, 1, 1, 1, 1, 1, 1, 1, 1, 1, 1, 1, 1, 1, 1, 1, 1, 1, 1, 1, 1, 1, 1, 1, 1, 1, 1, 1, 1, 1, 1, 1, 1, 1, 1, 1, 1, 1, 1, 1, 1, 1, 1, 1, 1, 1, 1, 1, 1, 1, 1, 1, 1, 1, 1, 1, 1, 1, 1, 1, 1, 1, 1, 1, 1, 1, 1, 1, 1, 1, 1, 1, 1, 1, 1, 1, 1, 1, 1, 1, 1, 1, 1, 1, 1, 1, 1, 1, 1, 1, 1, 1, 1, 1, 1, 1, 1, 1, 1, 1, 1, 1, 1, 1, 1, 1, 1, 1, 1, 4 ),
 ( 0.000000000000000000, 0.003829372050676127515, 0.007367907834966769265, 0.01164821697741791340, 0.01495701375468239114, 0.01847302521215554716, 0.02395171186390121498, 0.02845101440753960986, 0.03459805963177442489, 0.03716908965671072984, 0.04151022001827631147, 0.04445300637740312588, 0.04583961267489355951, 0.04735227409033770929, 0.05088181739304087348, 0.05579958281894781269, 0.06185022848072452284, 0.06563188201933489729, 0.07160455388805508914, 0.07387704484463830656, 0.07690236767552671715, 0.08081617102046789736, 0.08509462359846720059, 0.08999782742345596720, 0.09517223263608698414, 0.1005277210765544993, 0.1073638145965388757, 0.1123298103241966439, 0.1142248342724051513, 0.1176306560112063693, 0.1188912071907430867, 0.1214154589606125656, 0.1239647659526766921, 0.1267379785476576703, 0.1286662510663598713, 0.1319193524449988608, 0.1360810808252423953, 0.1380093533439444853, 0.1404859434606683388, 0.1445137940674219301, 0.1485495269725303213, 0.1536121742074871843, 0.1603687755651326263, 0.1636096425966367951, 0.1653653872238219913, 0.1681385998188029696, 0.1696512612342472304, 0.1717979025412827987, 0.1748467690955869402, 0.1766115407469385223, 0.1780487902239262787, 0.1803177823470925034, 0.1818769980450106738, 0.1859107618195283695, 0.1894961381240065634, 0.1926094698739190259, 0.1959469561774691559, 0.1999688849227403420, 0.2033182526675834101, 0.2053508303704528748, 0.2075522883628994064, 0.2129726584349076468, 0.2209141308659895442, 0.2253690692561508557, 0.2323750580331040982, 0.2355062022064614569, 0.2386300664138025773, 0.2409690323805484535, 0.2445853611074668699, 0.2475641247896550601, 0.2487141150248369792, 0.2509694314285423333, 0.2523678084322165116, 0.2557699407474832709, 0.2599162895067145262, 0.2634504182062852307, 0.2683927125332949970, 0.2767214521231470270, 0.2871491576359207487, 0.2911835902674850818, 0.2927315838370483370, 0.2953979914739832680, 0.3038921178951063951, 0.3091856231885494743, 0.3127181691325000568, 0.3158373075345287662, 0.3260019831671754353, 0.3322979933263841001, 0.3375265451747391232, 0.3409351439532912753, 0.3481988803232120011, 0.3586101336732492317, 0.3689255681703712542, 0.3731485842144068865, 0.3780435548687738345, 0.3834363784710169698, 0.3902293662292032339, 0.3935827130080506997, 0.3999354826868575241, 0.4049186461088353228, 0.4077380441840776637, 0.4102296258950666186, 0.4135771860487590379, 0.4173263417235754114, 0.4229320331095857144, 0.4259378147603353204, 0.4288345452904546162, 0.4327580549103393626, 0.4368175678814518736, 0.4429251175068311674, 0.4495249610177503019, 0.4533157570374702905, 0.4572876811806946273, 0.4593938016215224351, 0.4611319981144044178, 0.4648828431779918890, 0.4738692571594518288, 0.4830341120844415803, 0.4943914034763634557, 0.5031073877122833604, 0.5119136459417619189, 0.5171346514049676157, 0.5229010485626861549, 0.5350687679329089175, 0.5455079732138812254, 0.5546582053055841843, 0.5603302149139357535, 0.5647290652216359064, 0.5672659949535850954, 0.5733961073702366074, 0.5765506485105383883, 0.5801232139303260649, 0.5934810818223710260, 0.6047906994616787379, 0.6152513808979176435, 0.6275685390029885902, 0.6348631519641461107, 0.6423463684020650488, 0.6470366864952123986, 0.6493077839629461945, 0.6522230331992222574, 0.6565704027012010391, 0.6615256388864770853, 0.6668362641109347733, 0.6712312655769290259, 0.6765070256178432606, 0.6794165881426561526, 0.6834276742257605619, 0.6908572650409964266, 0.6932122401973184189, 0.6962295669265514686, 0.7008070712497793675, 0.7092190979308151677, 0.7155880220150692139, 0.7221592188764691667, 0.7261371855845027978, 0.7291028460171948833, 0.7330595305393199368, 0.7357253277139087499, 0.7409590252241073927, 0.7473307106022626378, 0.7545547574872545349, 0.7595292937444555470, 0.7621201338057703722, 0.7658573366610664790, 0.7677198091915278244, 0.7702860909728925787, 0.7743001537254325939, 0.7780232093898040713, 0.7827160800541520524, 0.7863181063153505956, 0.7889839034899391867, 0.7915896374501070198, 0.7936613587632650457, 0.7963923439789201142, 0.7992120617288093198, 0.8015517403942646890, 0.8062856627966270562, 0.8117379631635255333, 0.8187001313243342793, 0.8232297347060653081, 0.8259348332217009148, 0.8328315082804093050, 0.8370631638321933687, 0.8406846625500690173, 0.8460380189645226867, 0.8539253119098719758, 0.8610875422021588843, 0.8688140016937604404, 0.8760810954419265828, 0.8831870272671321631, 0.8882405906301666931, 0.8913811072182773465, 0.8946755721855971233, 0.8980766534467881090, 0.9019106554941149767, 0.9053245630029406188, 0.9093204392943162739, 0.9134401784574521788, 0.9170044025359732620, 0.9197831219293657323, 0.9218456419983026562, 0.9254200700028794024, 0.9288763879267379897, 0.9351574211029591854, 0.9406951642384688839, 0.9474640484048101330, 0.9509830237185544766, 0.9545164592207153742, 0.9586361983838512790, 0.9631167487757965606, 0.9655216763989511453, 0.9682740566254515180, 0.9740437118181488607, 0.9814458710643439998, 0.9886646913056233998, 0.9922472615257720285, 0.9953854578205566517, 1.000000000000000000 ),
 .UNSPECIFIED. ) ;
#1744 =( NAMED_UNIT ( * ) PLANE_ANGLE_UNIT ( ) SI_UNIT ( $, .RADIAN. ) );
#1745 = CARTESIAN_POINT ( 'NONE',  ( -0.02334145234194764593, 0.4058363734094046493, 0.2406666666666666399 ) ) ;
#1746 = FACE_OUTER_BOUND ( 'NONE', #1400, .T. ) ;
#1747 = CARTESIAN_POINT ( 'NONE',  ( -0.04391355821102237156, 0.4395464850198321782, 0.2416666666666666408 ) ) ;
#1748 = PRESENTATION_STYLE_ASSIGNMENT (( #3045 ) ) ;
#1749 = CARTESIAN_POINT ( 'NONE',  ( 0.09204815380242535594, 0.4252950219105872676, 0.2416666666666666408 ) ) ;
#1750 = CARTESIAN_POINT ( 'NONE',  ( 0.09507086767101806390, 0.4382821968856801531, 0.2406666666666666399 ) ) ;
#1751 = CARTESIAN_POINT ( 'NONE',  ( 0.006333484293747867512, 0.4058363734094046493, 0.2416666666666666408 ) ) ;
#1752 = CARTESIAN_POINT ( 'NONE',  ( 0.06061043036645476223, 0.4376675347720894171, 0.2406666666666666399 ) ) ;
#1753 = EDGE_LOOP ( 'NONE', ( #3171, #720, #634, #1441 ) ) ;
#1754 = EDGE_CURVE ( 'NONE', #3277, #2363, #2606, .T. ) ;
#1755 = CARTESIAN_POINT ( 'NONE',  ( -0.1310715018370106622, 0.4189187762387779346, 0.2416666666666666408 ) ) ;
#1756 =( NAMED_UNIT ( * ) PLANE_ANGLE_UNIT ( ) SI_UNIT ( $, .RADIAN. ) );
#1757 = CARTESIAN_POINT ( 'NONE',  ( -0.004926922113962981659, 0.4506551684299692773, 0.2416666666666666408 ) ) ;
#1758 = CARTESIAN_POINT ( 'NONE',  ( -0.1237120500244747734, 0.4339476482987582040, 0.2406666666666666399 ) ) ;
#1759 = EDGE_LOOP ( 'NONE', ( #1171, #5, #2101, #405 ) ) ;
#1760 = EDGE_CURVE ( 'NONE', #2783, #441, #2623, .T. ) ;
#1761 = CARTESIAN_POINT ( 'NONE',  ( 0.000000000000000000, 0.7750000000000002442, 0.2250000000000000611 ) ) ;
#1762 = CARTESIAN_POINT ( 'NONE',  ( -0.01830854425354138879, 0.4082050998458714441, 0.2416666666666666408 ) ) ;
#1763 = DIRECTION ( 'NONE',  ( 0.000000000000000000, 0.000000000000000000, 1.000000000000000000 ) ) ;
#1764 = CARTESIAN_POINT ( 'NONE',  ( -0.06935917948326683624, 0.4381938760927973076, 0.2406666666666666399 ) ) ;
#1765 = CARTESIAN_POINT ( 'NONE',  ( 0.1202736739687013806, 0.4300630878618353914, 0.2406666666666666121 ) ) ;
#1766 = CARTESIAN_POINT ( 'NONE',  ( 0.06735813032545269474, 0.4309276607691528427, 0.2416666666666666408 ) ) ;
#1767 = CARTESIAN_POINT ( 'NONE',  ( 0.07925359114850541453, 0.4319306005652275293, 0.2416666666666666408 ) ) ;
#1768 = CLOSED_SHELL ( 'NONE', ( #3140, #3119, #144, #2893, #2296, #2097, #1876, #2842, #3143, #2897, #744, #3015, #881, #3161, #2856, #396, #2749, #1810 ) ) ;
#1769 = CARTESIAN_POINT ( 'NONE',  ( 0.4749999999999994782, 0.02499999999999999098, 0.2250000000000001166 ) ) ;
#1770 = CARTESIAN_POINT ( 'NONE',  ( 0.01481365033397305173, 0.4740512787395165795, 0.2406666666666666399 ) ) ;
#1771 = VECTOR ( 'NONE', #186, 1000.000000000000000 ) ;
#1772 = CARTESIAN_POINT ( 'NONE',  ( -0.1428630901742596881, 0.4271901305293123174, 0.2416666666666666408 ) ) ;
#1773 = CARTESIAN_POINT ( 'NONE',  ( 0.2499999999940882844, 0.02499999999999995628, 0.2416666666666666130 ) ) ;
#1774 = CIRCLE ( 'NONE', #319, 0.02500000000000001180 ) ;
#1775 = CIRCLE ( 'NONE', #737, 0.02500000000000001180 ) ;
#1776 = CARTESIAN_POINT ( 'NONE',  ( 0.05227209047719177243, 0.4260663253110014148, 0.2406666666666666399 ) ) ;
#1777 = DIRECTION ( 'NONE',  ( 0.000000000000000000, 0.000000000000000000, 1.000000000000000000 ) ) ;
#1778 = PRESENTATION_LAYER_ASSIGNMENT (  '', '', ( #683 ) ) ;
#1779 = ORIENTED_EDGE ( 'NONE', *, *, #1921, .T. ) ;
#1780 = CARTESIAN_POINT ( 'NONE',  ( 0.1175749944310630624, 0.4215101149559328242, 0.2406666666666666399 ) ) ;
#1781 = DIRECTION ( 'NONE',  ( -0.000000000000000000, -1.000000000000000000, -0.000000000000000000 ) ) ;
#1782 = CARTESIAN_POINT ( 'NONE',  ( -0.01116577589072561237, 0.4284133233288320852, 0.2406666666666666399 ) ) ;
#1783 = CARTESIAN_POINT ( 'NONE',  ( -0.1145901978483455097, 0.4058363734094046493, 0.2416666666666666408 ) ) ;
#1784 = CARTESIAN_POINT ( 'NONE',  ( -0.07606356702982167151, 0.4327151853902546641, 0.2406666666666666399 ) ) ;
#1785 = ADVANCED_FACE ( 'NONE', ( #1598 ), #594, .T. ) ;
#1786 = VECTOR ( 'NONE', #3213, 1000.000000000000000 ) ;
#1787 = CARTESIAN_POINT ( 'NONE',  ( 0.05324448293176029662, 0.4399933642609283324, 0.2416666666666666408 ) ) ;
#1788 = CARTESIAN_POINT ( 'NONE',  ( 0.08416552171458097087, 0.4435672718964574490, 0.2416666666666666408 ) ) ;
#1789 = CARTESIAN_POINT ( 'NONE',  ( -0.0004204985312055600603, 0.4163399965035615158, 0.2406666666666666399 ) ) ;
#1790 = AXIS2_PLACEMENT_3D ( 'NONE', #2228, #1937, #1700 ) ;
#1791 = CARTESIAN_POINT ( 'NONE',  ( -0.1464275106988875697, 0.4293122025800694130, 0.2406666666666666399 ) ) ;
#1792 = CARTESIAN_POINT ( 'NONE',  ( -0.1511509138087737680, 0.4085736331577145553, 0.2416666666666666408 ) ) ;
#1793 = DIRECTION ( 'NONE',  ( 0.000000000000000000, -1.000000000000000000, 0.000000000000000000 ) ) ;
#1794 = APPLICATION_CONTEXT ( 'automotive_design' ) ;
#1795 = DIRECTION ( 'NONE',  ( -0.000000000000000000, -0.000000000000000000, 1.000000000000000000 ) ) ;
#1796 = DIRECTION ( 'NONE',  ( 1.000000000000000000, -0.000000000000000000, 0.000000000000000000 ) ) ;
#1797 = CARTESIAN_POINT ( 'NONE',  ( -0.1428934180557256961, 0.4373718474432385928, 0.2416666666666666408 ) ) ;
#1798 = ORIENTED_EDGE ( 'NONE', *, *, #824, .F. ) ;
#1799 = B_SPLINE_CURVE_WITH_KNOTS ( 'NONE', 3,
 ( #1877, #609, #1940, #863, #2435, #2421, #2652, #1642, #1144, #2138, #2677, #2179, #844 ),
 .UNSPECIFIED., .F., .F.,
 ( 4, 1, 1, 1, 1, 1, 1, 1, 1, 1, 4 ),
 ( 0.000000000000000000, 0.09625650761666570965, 0.1493029061416935865, 0.1982367062378075084, 0.2859395347875705595, 0.3258414454056259846, 0.3774265417852835647, 0.4013536315193554915, 0.4585516029363154722, 0.4971988809207482651, 0.4999999999949583107 ),
 .UNSPECIFIED. ) ;
#1800 = CARTESIAN_POINT ( 'NONE',  ( -0.002358310687806232289, 0.4666160678681700036, 0.2406666666666666399 ) ) ;
#1801 = CARTESIAN_POINT ( 'NONE',  ( 0.1218587651361704299, 0.4108656204070357254, 0.2416666666666666685 ) ) ;
#1802 = CARTESIAN_POINT ( 'NONE',  ( -0.009380382016272781343, 0.4430156082596400369, 0.2416666666666666130 ) ) ;
#1803 = FACE_OUTER_BOUND ( 'NONE', #1200, .T. ) ;
#1804 = CARTESIAN_POINT ( 'NONE',  ( -0.09038909656687457717, 0.4141335739073662148, 0.2416666666666666408 ) ) ;
#1805 = PRODUCT_RELATED_PRODUCT_CATEGORY ( 'part', '', ( #439 ) ) ;
#1806 = CARTESIAN_POINT ( 'NONE',  ( -0.1276600888567725467, 0.4091428833100572149, 0.2406666666666666399 ) ) ;
#1807 = CARTESIAN_POINT ( 'NONE',  ( 0.01541590456813037545, 0.4157766361997263793, 0.2416666666666666408 ) ) ;
#1808 = CARTESIAN_POINT ( 'NONE',  ( 0.07567323924753741049, 0.4444075749101349948, 0.2406666666666666399 ) ) ;
#1809 = CARTESIAN_POINT ( 'NONE',  ( 0.1286870717116050944, 0.4295130927938525800, 0.2406666666666666399 ) ) ;
#1810 = ADVANCED_FACE ( 'NONE', ( #1946 ), #2203, .F. ) ;
#1811 = CARTESIAN_POINT ( 'NONE',  ( -0.07585871430297082274, 0.4100457305649912731, 0.2406666666666666399 ) ) ;
#1812 = CARTESIAN_POINT ( 'NONE',  ( 0.1287725259692800439, 0.4319231258544156127, 0.2416666666666666685 ) ) ;
#1813 = CARTESIAN_POINT ( 'NONE',  ( -0.1265416788151201843, 0.4058363734094046493, 0.2406666666666666399 ) ) ;
#1814 = ORIENTED_EDGE ( 'NONE', *, *, #2171, .T. ) ;
#1815 = CARTESIAN_POINT ( 'NONE',  ( 0.1256065828142614305, 0.4386393272129983645, 0.2406666666666666399 ) ) ;
#1816 = DIRECTION ( 'NONE',  ( 0.000000000000000000, 0.000000000000000000, 1.000000000000000000 ) ) ;
#1817 = CARTESIAN_POINT ( 'NONE',  ( -0.1111810227459705813, 0.4402559060814966729, 0.2406666666666666399 ) ) ;
#1818 = ORIENTED_EDGE ( 'NONE', *, *, #905, .T. ) ;
#1819 = CARTESIAN_POINT ( 'NONE',  ( 0.1165730233390447901, 0.4156784256807322664, 0.2406666666666666399 ) ) ;
#1820 = DIRECTION ( 'NONE',  ( 0.000000000000000000, 0.000000000000000000, -1.000000000000000000 ) ) ;
#1821 = CARTESIAN_POINT ( 'NONE',  ( -0.01525854229300518082, 0.4118712158659191269, 0.2406666666666666399 ) ) ;
#1822 = CARTESIAN_POINT ( 'NONE',  ( 0.000000000000000000, 0.7750000000000002442, -0.2250000000000001998 ) ) ;
#1823 = CARTESIAN_POINT ( 'NONE',  ( -0.07730629989493420506, 0.4151190595963781815, 0.2406666666666666399 ) ) ;
#1824 = CARTESIAN_POINT ( 'NONE',  ( -0.1119596676961793630, 0.4090079078979219074, 0.2416666666666666408 ) ) ;
#1825 = CARTESIAN_POINT ( 'NONE',  ( -0.05667154073928055286, 0.4107720583287428062, 0.2416666666666666408 ) ) ;
#1826 = CARTESIAN_POINT ( 'NONE',  ( 0.06847347591454520932, 0.4088183765302866313, 0.2416666666666666408 ) ) ;
#1827 = CARTESIAN_POINT ( 'NONE',  ( 0.04808731476143950773, 0.4355037485213386628, 0.2406666666666666676 ) ) ;
#1828 = CARTESIAN_POINT ( 'NONE',  ( -0.1262478031016773250, 0.4339361647127004118, 0.2406666666666666399 ) ) ;
#1829 = CARTESIAN_POINT ( 'NONE',  ( 0.1268677771640245033, 0.4263132788648859584, 0.2416666666666666685 ) ) ;
#1830 = CARTESIAN_POINT ( 'NONE',  ( 0.003356035559089629462, 0.4683794314971160277, 0.2416666666666666130 ) ) ;
#1831 = CARTESIAN_POINT ( 'NONE',  ( 0.003356059041237152360, 0.4683794309371474007, 0.2416666666666666130 ) ) ;
#1832 = EDGE_CURVE ( 'NONE', #2444, #1648, #2150, .T. ) ;
#1833 = ORIENTED_EDGE ( 'NONE', *, *, #2404, .F. ) ;
#1834 = STYLED_ITEM ( 'NONE', ( #1284 ), #296 ) ;
#1835 = DIRECTION ( 'NONE',  ( -1.000000000000000000, 0.000000000000000000, 8.673617379884036705E-17 ) ) ;
#1836 = APPLICATION_PROTOCOL_DEFINITION ( 'draft international standard', 'automotive_design', 1998, #3232 ) ;
#1837 = STYLED_ITEM ( 'NONE', ( #2078 ), #1785 ) ;
#1838 = EDGE_LOOP ( 'NONE', ( #1027, #1357, #1641, #2986 ) ) ;
#1839 = AXIS2_PLACEMENT_3D ( 'NONE', #1113, #2928, #77 ) ;
#1840 = PLANE ( 'NONE',  #1231 ) ;
#1841 = CARTESIAN_POINT ( 'NONE',  ( 0.1145657447785775745, 0.4130171195550912389, 0.2416666666666666408 ) ) ;
#1842 = CARTESIAN_POINT ( 'NONE',  ( 0.003351265439213685794, 0.4212986009040403657, 0.2416666666666666408 ) ) ;
#1843 = FACE_OUTER_BOUND ( 'NONE', #1125, .T. ) ;
#1844 = CARTESIAN_POINT ( 'NONE',  ( -0.08041820502777734248, 0.4079241802757746505, 0.2406666666666666399 ) ) ;
#1845 = CARTESIAN_POINT ( 'NONE',  ( -0.1016694016858380040, 0.4212866370023156115, 0.2406666666666666399 ) ) ;
#1846 = CARTESIAN_POINT ( 'NONE',  ( 0.06376755184502207185, 0.4250565471691034047, 0.2406666666666666399 ) ) ;
#1847 = CARTESIAN_POINT ( 'NONE',  ( 0.002655053610784325561, 0.4683926268884168187, 0.2416666666666666408 ) ) ;
#1848 = CARTESIAN_POINT ( 'NONE',  ( -0.07948033255585047752, 0.4288663166107911651, 0.2406666666666666399 ) ) ;
#1849 = CARTESIAN_POINT ( 'NONE',  ( 0.1245860691818689858, 0.4333345122129575455, 0.2416666666666666685 ) ) ;
#1850 =( LENGTH_UNIT ( ) NAMED_UNIT ( * ) SI_UNIT ( .MILLI., .METRE. ) );
#1851 = AXIS2_PLACEMENT_3D ( 'NONE', #703, #2001, #2051 ) ;
#1852 = ORIENTED_EDGE ( 'NONE', *, *, #301, .F. ) ;
#1853 = DIRECTION ( 'NONE',  ( 0.000000000000000000, -1.000000000000000000, 0.000000000000000000 ) ) ;
#1854 = EDGE_CURVE ( 'NONE', #3160, #1204, #1410, .T. ) ;
#1855 = ORIENTED_EDGE ( 'NONE', *, *, #2549, .T. ) ;
#1856 = CARTESIAN_POINT ( 'NONE',  ( 0.4749999999999994782, 0.8000000000000000444, 0.2500000000000000000 ) ) ;
#1857 = EDGE_CURVE ( 'NONE', #1569, #735, #371, .T. ) ;
#1858 = LINE ( 'NONE', #774, #2373 ) ;
#1859 = SPHERICAL_SURFACE ( 'NONE', #843, 0.02499999999999995628 ) ;
#1860 = DIRECTION ( 'NONE',  ( 1.084202172485506958E-14, -1.000000000000000000, 2.168404344971013601E-15 ) ) ;
#1861 =( LENGTH_UNIT ( ) NAMED_UNIT ( * ) SI_UNIT ( .MILLI., .METRE. ) );
#1862 = CARTESIAN_POINT ( 'NONE',  ( 0.03066472778552477296, 0.4605230210034579330, 0.2416666666666666408 ) ) ;
#1863 = CARTESIAN_POINT ( 'NONE',  ( 0.007730378523808760678, 0.4741469342141573784, 0.2416666666666666408 ) ) ;
#1864 =( LENGTH_UNIT ( ) NAMED_UNIT ( * ) SI_UNIT ( .MILLI., .METRE. ) );
#1865 = CARTESIAN_POINT ( 'NONE',  ( -0.1465913150260258757, 0.4341802317401869393, 0.2406666666666666399 ) ) ;
#1866 = CARTESIAN_POINT ( 'NONE',  ( 0.1216038968480669946, 0.4335842698359107517, 0.2416666666666667240 ) ) ;
#1867 = CARTESIAN_POINT ( 'NONE',  ( 0.008703046558096970420, 0.4690924360517720881, 0.2406666666666666399 ) ) ;
#1868 = CARTESIAN_POINT ( 'NONE',  ( 0.0007763356355030506415, 0.4684565094230892512, 0.2416666666666666408 ) ) ;
#1869 = CARTESIAN_POINT ( 'NONE',  ( 0.1389000503329356206, 0.4166562411203771910, 0.2406666666666666399 ) ) ;
#1870 = CARTESIAN_POINT ( 'NONE',  ( 0.000000000000000000, 0.000000000000000000, 0.000000000000000000 ) ) ;
#1871 = EDGE_LOOP ( 'NONE', ( #1855, #1041, #1142, #2244, #921, #1184, #2903, #772 ) ) ;
#1872 = PRODUCT_DEFINITION ( 'UNKNOWN', '', #2814, #1315 ) ;
#1873 = PLANE ( 'NONE',  #2481 ) ;
#1874 = LINE ( 'NONE', #576, #215 ) ;
#1875 = CARTESIAN_POINT ( 'NONE',  ( -0.2499999999999993616, 0.000000000000000000, -0.2500000000000002220 ) ) ;
#1876 = ADVANCED_FACE ( 'NONE', ( #853 ), #2699, .F. ) ;
#1877 = CARTESIAN_POINT ( 'NONE',  ( 0.1218587651361704299, 0.4108656204070357254, 0.2416666666666666685 ) ) ;
#1878 = CARTESIAN_POINT ( 'NONE',  ( 0.007730378523808760678, 0.4741469342141573784, 0.2416666666666666408 ) ) ;
#1879 = CARTESIAN_POINT ( 'NONE',  ( 0.01658673395744311371, 0.4092125890159771240, 0.2416666666666666408 ) ) ;
#1880 = FILL_AREA_STYLE_COLOUR ( '', #1656 ) ;
#1881 = CARTESIAN_POINT ( 'NONE',  ( 0.2499999999999993616, 0.02499999999999995628, -0.2250000000000001998 ) ) ;
#1882 = CARTESIAN_POINT ( 'NONE',  ( 0.1218587651361704299, 0.4108656204070357254, 0.2406666666666666399 ) ) ;
#1883 = CARTESIAN_POINT ( 'NONE',  ( -0.2499999999999993616, 0.8000000000000000444, -0.2500000000000002220 ) ) ;
#1884 = CARTESIAN_POINT ( 'NONE',  ( 0.1414232249946137665, 0.4253019752751827087, 0.2406666666666666399 ) ) ;
#1885 = ORIENTED_EDGE ( 'NONE', *, *, #89, .F. ) ;
#1886 = CARTESIAN_POINT ( 'NONE',  ( 0.06974977216652666900, 0.4407552362991003503, 0.2406666666666666399 ) ) ;
#1887 = AXIS2_PLACEMENT_3D ( 'NONE', #2892, #312, #2926 ) ;
#1888 = ORIENTED_EDGE ( 'NONE', *, *, #2616, .F. ) ;
#1889 = DIRECTION ( 'NONE',  ( 0.000000000000000000, 0.000000000000000000, -1.000000000000000000 ) ) ;
#1890 = PRESENTATION_LAYER_ASSIGNMENT (  '', '', ( #952 ) ) ;
#1891 = CARTESIAN_POINT ( 'NONE',  ( 0.4749999999999994782, 0.02499999999998702913, 0.2500000000000000000 ) ) ;
#1892 = CARTESIAN_POINT ( 'NONE',  ( 0.4999999999999993339, 0.02499999999999998404, 0.2250000000000000611 ) ) ;
#1893 = ORIENTED_EDGE ( 'NONE', *, *, #1136, .F. ) ;
#1894 = CIRCLE ( 'NONE', #1279, 0.02499999999999997016 ) ;
#1895 = CARTESIAN_POINT ( 'NONE',  ( 500000.0000000000582, 0.7750000000000002442, 0.2416666666232985261 ) ) ;
#1896 = EDGE_CURVE ( 'NONE', #2223, #1670, #3238, .T. ) ;
#1897 = VECTOR ( 'NONE', #2828, 1000.000000000000000 ) ;
#1898 = CARTESIAN_POINT ( 'NONE',  ( -0.1428934180557256961, 0.4373718474432385928, 0.2416666666666666408 ) ) ;
#1899 = CARTESIAN_POINT ( 'NONE',  ( 0.01467572003762418649, 0.4330551873115350836, 0.2406666666666666399 ) ) ;
#1900 = VECTOR ( 'NONE', #1986, 1000.000000000000000 ) ;
#1901 = FACE_OUTER_BOUND ( 'NONE', #1550, .T. ) ;
#1902 = LINE ( 'NONE', #2920, #527 ) ;
#1903 = EDGE_CURVE ( 'NONE', #1910, #970, #2583, .T. ) ;
#1904 = CARTESIAN_POINT ( 'NONE',  ( 0.1185395596128645951, 0.4393222930077570476, 0.2416666666666666408 ) ) ;
#1905 = CARTESIAN_POINT ( 'NONE',  ( 0.1157572363888023925, 0.4395504065669096905, 0.2416666666666666408 ) ) ;
#1906 = ORIENTED_EDGE ( 'NONE', *, *, #2254, .F. ) ;
#1907 = AXIS2_PLACEMENT_3D ( 'NONE', #1059, #1319, #74 ) ;
#1908 = CARTESIAN_POINT ( 'NONE',  ( 0.1027115430720220157, 0.4587980691656620702, 0.2406666666666666399 ) ) ;
#1909 = AXIS2_PLACEMENT_3D ( 'NONE', #2133, #3157, #1889 ) ;
#1910 = VERTEX_POINT ( 'NONE', #1472 ) ;
#1911 = DIRECTION ( 'NONE',  ( -0.000000000000000000, -0.000000000000000000, 1.000000000000000000 ) ) ;
#1912 = CARTESIAN_POINT ( 'NONE',  ( -0.2499999999999993616, 0.8000000000000000444, -0.2500000000000002220 ) ) ;
#1913 = DIRECTION ( 'NONE',  ( 0.000000000000000000, -0.000000000000000000, 1.000000000000000000 ) ) ;
#1914 = CARTESIAN_POINT ( 'NONE',  ( -0.1571012622637966705, 0.4077380493590048727, 0.2416666666666666408 ) ) ;
#1915 = CARTESIAN_POINT ( 'NONE',  ( 0.01541590456813037545, 0.4157766361997263793, 0.2406666666666666399 ) ) ;
#1916 = EDGE_CURVE ( 'NONE', #1910, #735, #1247, .T. ) ;
#1917 = CARTESIAN_POINT ( 'NONE',  ( 0.2499999999999993616, 0.8000000000000000444, -0.2500000000000002220 ) ) ;
#1918 = DIRECTION ( 'NONE',  ( 0.000000000000000000, -0.000000000000000000, 1.000000000000000000 ) ) ;
#1919 = CARTESIAN_POINT ( 'NONE',  ( 0.1409542242092947373, 0.4203059025107774849, 0.2416666666666666408 ) ) ;
#1920 = CARTESIAN_POINT ( 'NONE',  ( 0.1465476502553044180, 0.4390600902996466548, 0.2416666666666666408 ) ) ;
#1921 = EDGE_CURVE ( 'NONE', #2936, #1977, #1228, .T. ) ;
#1922 = CARTESIAN_POINT ( 'NONE',  ( 0.09941362517002176602, 0.4387989327581131582, 0.2406666666666666399 ) ) ;
#1923 = ORIENTED_EDGE ( 'NONE', *, *, #717, .F. ) ;
#1924 = CARTESIAN_POINT ( 'NONE',  ( 0.4999999999999993339, 0.02499999999999995628, 0.2250000000000000611 ) ) ;
#1925 = B_SPLINE_CURVE_WITH_KNOTS ( 'NONE', 3,
 ( #3210, #3197, #828, #334, #93, #2913, #390, #1926, #1081, #3145, #2941, #378, #595 ),
 .UNSPECIFIED., .F., .F.,
 ( 4, 1, 1, 1, 1, 1, 1, 1, 1, 1, 4 ),
 ( 0.4999999999816821528, 0.5425807806637334973, 0.5905595859618943955, 0.6696412849122858058, 0.7450768851203194432, 0.7900852689114689076, 0.8456230827509222392, 0.8663500295175089461, 0.9259176994114609593, 0.9869266528373165093, 1.000000000000000000 ),
 .UNSPECIFIED. ) ;
#1926 = CARTESIAN_POINT ( 'NONE',  ( 0.03954291100377047008, 0.4165907356518002147, 0.2406666666666666399 ) ) ;
#1927 = CARTESIAN_POINT ( 'NONE',  ( 0.2499999999940882844, 0.7750000000000002442, -0.2250000000000002554 ) ) ;
#1928 = CARTESIAN_POINT ( 'NONE',  ( 0.02062274475336053903, 0.4089579362359699877, 0.2416666666666666408 ) ) ;
#1929 = CARTESIAN_POINT ( 'NONE',  ( -0.4999999999999993339, 0.7750000000000002442, -0.2500000000000002220 ) ) ;
#1930 = CARTESIAN_POINT ( 'NONE',  ( -0.02334145234194764246, 0.4058363734094046493, 0.2416666666666666408 ) ) ;
#1931 = CARTESIAN_POINT ( 'NONE',  ( 0.1015085321851179612, 0.4183981856013492262, 0.2416666666666666408 ) ) ;
#1932 = CARTESIAN_POINT ( 'NONE',  ( 0.1434694568334539955, 0.4331537560737769854, 0.2416666666666666408 ) ) ;
#1933 = VERTEX_POINT ( 'NONE', #1724 ) ;
#1934 = CARTESIAN_POINT ( 'NONE',  ( 0.07420239220394661550, 0.4416869900178847508, 0.2406666666666666399 ) ) ;
#1935 = EDGE_CURVE ( 'NONE', #685, #172, #524, .T. ) ;
#1936 = ORIENTED_EDGE ( 'NONE', *, *, #359, .F. ) ;
#1937 = DIRECTION ( 'NONE',  ( 1.000000000000000000, 0.000000000000000000, -0.000000000000000000 ) ) ;
#1938 = ORIENTED_EDGE ( 'NONE', *, *, #1857, .F. ) ;
#1939 = CIRCLE ( 'NONE', #2792, 0.02499999999999992853 ) ;
#1940 = CARTESIAN_POINT ( 'NONE',  ( 0.1243069831577439943, 0.4154502105345391216, 0.2416666666666666408 ) ) ;
#1941 = CARTESIAN_POINT ( 'NONE',  ( -0.08442984015771121120, 0.4400766933097526867, 0.2416666666666666408 ) ) ;
#1942 = CARTESIAN_POINT ( 'NONE',  ( -0.02016856146852768691, 0.4690934585162846449, 0.2406666666666666399 ) ) ;
#1943 = VECTOR ( 'NONE', #116, 1000.000000000000000 ) ;
#1944 = CARTESIAN_POINT ( 'NONE',  ( -0.1265416788151201843, 0.4058363734094046493, 0.2406666666666666399 ) ) ;
#1945 = AXIS2_PLACEMENT_3D ( 'NONE', #2894, #1675, #1913 ) ;
#1946 = FACE_OUTER_BOUND ( 'NONE', #1480, .T. ) ;
#1947 = CARTESIAN_POINT ( 'NONE',  ( 0.1385791615726919002, 0.4092657251799169393, 0.2406666666666666399 ) ) ;
#1948 = VECTOR ( 'NONE', #1028, 1000.000000000000000 ) ;
#1949 = VERTEX_POINT ( 'NONE', #2285 ) ;
#1950 = CARTESIAN_POINT ( 'NONE',  ( 0.09627052372965504146, 0.4087167646978797086, 0.2406666666666666399 ) ) ;
#1951 = ORIENTED_EDGE ( 'NONE', *, *, #1046, .T. ) ;
#1952 = ADVANCED_FACE ( 'NONE', ( #1746 ), #1432, .F. ) ;
#1953 = DIRECTION ( 'NONE',  ( 0.000000000000000000, 0.000000000000000000, 1.000000000000000000 ) ) ;
#1954 = ORIENTED_EDGE ( 'NONE', *, *, #1832, .T. ) ;
#1955 = EDGE_CURVE ( 'NONE', #1670, #2017, #3061, .T. ) ;
#1956 = CARTESIAN_POINT ( 'NONE',  ( -0.1346615267576663499, 0.4126266817417696409, 0.2416666666666666408 ) ) ;
#1957 = CARTESIAN_POINT ( 'NONE',  ( -0.1209633846087149051, 0.4358462582166315880, 0.2416666666666666408 ) ) ;
#1958 = CARTESIAN_POINT ( 'NONE',  ( -0.04009217812800063702, 0.4225790735093927775, 0.2406666666666666399 ) ) ;
#1959 = DIRECTION ( 'NONE',  ( 1.000000000000000000, 0.000000000000000000, 0.000000000000000000 ) ) ;
#1960 = DIRECTION ( 'NONE',  ( -1.000000000000000000, -0.000000000000000000, -0.000000000000000000 ) ) ;
#1961 = DIRECTION ( 'NONE',  ( 1.000000000000000000, 0.000000000000000000, -0.000000000000000000 ) ) ;
#1962 = CARTESIAN_POINT ( 'NONE',  ( 0.09763935374593897543, 0.4390202076662955699, 0.2406666666666666399 ) ) ;
#1963 = VERTEX_POINT ( 'NONE', #2250 ) ;
#1964 = UNCERTAINTY_MEASURE_WITH_UNIT (LENGTH_MEASURE( 1.000000000000000082E-05 ), #1038, 'distance_accuracy_value', 'NONE');
#1965 = CARTESIAN_POINT ( 'NONE',  ( -0.01918301877892569091, 0.4603252641512028398, 0.2406666666666666399 ) ) ;
#1966 = FACE_OUTER_BOUND ( 'NONE', #1054, .T. ) ;
#1967 = ORIENTED_EDGE ( 'NONE', *, *, #2918, .F. ) ;
#1968 = FACE_OUTER_BOUND ( 'NONE', #2214, .T. ) ;
#1969 = APPLICATION_CONTEXT ( 'automotive_design' ) ;
#1970 = ORIENTED_EDGE ( 'NONE', *, *, #11, .F. ) ;
#1971 = CARTESIAN_POINT ( 'NONE',  ( -0.1200271346521790544, 0.4292560153222628738, 0.2416666666666666408 ) ) ;
#1972 = CARTESIAN_POINT ( 'NONE',  ( -0.04113373966782827434, 0.4182774516642583928, 0.2416666666666666408 ) ) ;
#1973 = EDGE_CURVE ( 'NONE', #2096, #2594, #477, .T. ) ;
#1974 = CARTESIAN_POINT ( 'NONE',  ( 0.1183714519650691660, 0.4273979288962895251, 0.2406666666666666399 ) ) ;
#1975 = CARTESIAN_POINT ( 'NONE',  ( 0.1039242955437938432, 0.4444529160279777624, 0.2416666666666666408 ) ) ;
#1976 = CARTESIAN_POINT ( 'NONE',  ( 0.08306883566928457974, 0.4474960170125323877, 0.2406666666666666399 ) ) ;
#1977 = VERTEX_POINT ( 'NONE', #1691 ) ;
#1978 = CARTESIAN_POINT ( 'NONE',  ( -0.02016856146852768691, 0.4690934585162846449, 0.2406666666666666399 ) ) ;
#1979 = CARTESIAN_POINT ( 'NONE',  ( -0.1445509543992734014, 0.4318525355189653525, 0.2406666666666666399 ) ) ;
#1980 = DIRECTION ( 'NONE',  ( -1.000000000000000000, 0.000000000000000000, 8.673617379884036705E-17 ) ) ;
#1981 = ORIENTED_EDGE ( 'NONE', *, *, #1346, .F. ) ;
#1982 = CARTESIAN_POINT ( 'NONE',  ( 500000.0000000000582, 0.02499999999999995628, 0.2249999999566319187 ) ) ;
#1983 = CARTESIAN_POINT ( 'NONE',  ( -0.2499999999999993616, 0.7750000000000002442, -0.2500000000000002220 ) ) ;
#1984 = VERTEX_POINT ( 'NONE', #1703 ) ;
#1985 = CARTESIAN_POINT ( 'NONE',  ( 500000.0000000000582, 0.02499999999999995975, -0.2416666667100349775 ) ) ;
#1986 = DIRECTION ( 'NONE',  ( 1.000000000000000000, 0.000000000000000000, 0.000000000000000000 ) ) ;
#1987 = CARTESIAN_POINT ( 'NONE',  ( -0.01573678246737091405, 0.4669570554004351393, 0.2416666666666666408 ) ) ;
#1988 = MECHANICAL_DESIGN_GEOMETRIC_PRESENTATION_REPRESENTATION (  '', ( #1274 ), #1499 ) ;
#1989 = ADVANCED_FACE ( 'NONE', ( #708 ), #1507, .F. ) ;
#1990 = FILL_AREA_STYLE ('',( #1707 ) ) ;
#1991 = CARTESIAN_POINT ( 'NONE',  ( 0.09955221388434976060, 0.4477652267646878848, 0.2416666666666666408 ) ) ;
#1992 = CARTESIAN_POINT ( 'NONE',  ( 0.1057555784963790657, 0.4406840385583257746, 0.2416666666666666408 ) ) ;
#1993 = CARTESIAN_POINT ( 'NONE',  ( 0.1461647441153565707, 0.4058363734094046493, 0.2416666666666666408 ) ) ;
#1994 = CARTESIAN_POINT ( 'NONE',  ( -0.04009217812800063702, 0.4225790735093927775, 0.2406666666666666399 ) ) ;
#1995 = PRESENTATION_STYLE_ASSIGNMENT (( #3034 ) ) ;
#1996 = CARTESIAN_POINT ( 'NONE',  ( 0.002785297901842038060, 0.4417808328694400877, 0.2406666666666666399 ) ) ;
#1997 = AXIS2_PLACEMENT_3D ( 'NONE', #918, #2891, #416 ) ;
#1998 = ORIENTED_EDGE ( 'NONE', *, *, #2770, .T. ) ;
#1999 = AXIS2_PLACEMENT_3D ( 'NONE', #2232, #1194, #2217 ) ;
#2000 = CYLINDRICAL_SURFACE ( 'NONE', #2468, 0.02500000000000001180 ) ;
#2001 = DIRECTION ( 'NONE',  ( -0.000000000000000000, -0.000000000000000000, 1.000000000000000000 ) ) ;
#2002 = CARTESIAN_POINT ( 'NONE',  ( 0.002499666128201365536, 0.4683998528991105137, 0.2416666666666666685 ) ) ;
#2003 = VERTEX_POINT ( 'NONE', #2774 ) ;
#2004 = LINE ( 'NONE', #1176, #1009 ) ;
#2005 = FILL_AREA_STYLE ('',( #961 ) ) ;
#2006 = AXIS2_PLACEMENT_3D ( 'NONE', #343, #2627, #1074 ) ;
#2007 = CARTESIAN_POINT ( 'NONE',  ( -0.04070729893771742047, 0.4117245229219199110, 0.2406666666666666399 ) ) ;
#2008 = CARTESIAN_POINT ( 'NONE',  ( 0.1189093314724618405, 0.4112493250128445021, 0.2416666666666666963 ) ) ;
#2009 = CARTESIAN_POINT ( 'NONE',  ( 0.07583482450313963619, 0.4135405514951784323, 0.2416666666666666408 ) ) ;
#2010 = CARTESIAN_POINT ( 'NONE',  ( 0.1068436481554497219, 0.4442672621730798244, 0.2406666666666666399 ) ) ;
#2011 = EDGE_CURVE ( 'NONE', #2858, #558, #2253, .T. ) ;
#2012 = CARTESIAN_POINT ( 'NONE',  ( 0.1268677771640245033, 0.4263132788648859584, 0.2406666666666666399 ) ) ;
#2013 = CARTESIAN_POINT ( 'NONE',  ( 0.05324448293176029662, 0.4399933642609283324, 0.2406666666666666399 ) ) ;
#2014 = FACE_OUTER_BOUND ( 'NONE', #2804, .T. ) ;
#2015 =( NAMED_UNIT ( * ) SI_UNIT ( $, .STERADIAN. ) SOLID_ANGLE_UNIT ( ) );
#2016 = EDGE_CURVE ( 'NONE', #38, #3293, #2466, .T. ) ;
#2017 = VERTEX_POINT ( 'NONE', #1488 ) ;
#2018 = MANIFOLD_SOLID_BREP ( 'Fillet1', #623 ) ;
#2019 = LINE ( 'NONE', #1481, #1007 ) ;
#2020 = VERTEX_POINT ( 'NONE', #1211 ) ;
#2021 = DIRECTION ( 'NONE',  ( 1.000000000000000000, 0.000000000000000000, -8.673617379884036705E-17 ) ) ;
#2022 = CARTESIAN_POINT ( 'NONE',  ( 0.0002364192228424487048, 0.4332245827620948009, 0.2406666666666666399 ) ) ;
#2023 = FILL_AREA_STYLE_COLOUR ( '', #3181 ) ;
#2024 = CARTESIAN_POINT ( 'NONE',  ( -0.08041820502777734248, 0.4079241802757746505, 0.2416666666666666408 ) ) ;
#2025 = CARTESIAN_POINT ( 'NONE',  ( 0.1217316660126829125, 0.4336602067171959063, 0.2406666666666665844 ) ) ;
#2026 = CARTESIAN_POINT ( 'NONE',  ( 0.07471356005552687307, 0.4070727453004657770, 0.2416666666666666408 ) ) ;
#2027 = CARTESIAN_POINT ( 'NONE',  ( 0.09955221388434976060, 0.4477652267646878848, 0.2406666666666666399 ) ) ;
#2028 = MANIFOLD_SOLID_BREP ( 'Boss-Extrude2', #3168 ) ;
#2029 = CARTESIAN_POINT ( 'NONE',  ( -0.01530586998736219347, 0.4159273939210763604, 0.2406666666666666399 ) ) ;
#2030 = CARTESIAN_POINT ( 'NONE',  ( -0.01573678246737091405, 0.4669570554004351393, 0.2406666666666666399 ) ) ;
#2031 = FILL_AREA_STYLE ('',( #2533 ) ) ;
#2032 = DIRECTION ( 'NONE',  ( 0.000000000000000000, 1.000000000000000000, 0.000000000000000000 ) ) ;
#2033 = CARTESIAN_POINT ( 'NONE',  ( -0.1145901978483455097, 0.4058363734094046493, 0.2406666666666666399 ) ) ;
#2034 = EDGE_CURVE ( 'NONE', #238, #2068, #1015, .T. ) ;
#2035 = ORIENTED_EDGE ( 'NONE', *, *, #3036, .F. ) ;
#2036 = FACE_OUTER_BOUND ( 'NONE', #1024, .T. ) ;
#2037 = LINE ( 'NONE', #811, #480 ) ;
#2038 = PRESENTATION_STYLE_ASSIGNMENT (( #3043 ) ) ;
#2039 = CARTESIAN_POINT ( 'NONE',  ( -0.08799203547386590107, 0.4252395345128215931, 0.2416666666666666408 ) ) ;
#2040 = CARTESIAN_POINT ( 'NONE',  ( -0.1016694016858380040, 0.4212866370023156115, 0.2416666666666666408 ) ) ;
#2041 = CARTESIAN_POINT ( 'NONE',  ( 0.07365050299708850168, 0.4182142404526161816, 0.2416666666666666408 ) ) ;
#2042 = CARTESIAN_POINT ( 'NONE',  ( 0.07813491860551785573, 0.4438841104062464238, 0.2406666666666666399 ) ) ;
#2043 = DIRECTION ( 'NONE',  ( -1.000000000000000000, 0.000000000000000000, -0.000000000000000000 ) ) ;
#2044 = CARTESIAN_POINT ( 'NONE',  ( -0.09038909656687457717, 0.4141335739073662148, 0.2406666666666666399 ) ) ;
#2045 =( GEOMETRIC_REPRESENTATION_CONTEXT ( 3 ) GLOBAL_UNCERTAINTY_ASSIGNED_CONTEXT ( ( #2702 ) ) GLOBAL_UNIT_ASSIGNED_CONTEXT ( ( #1022, #1037, #2345 ) ) REPRESENTATION_CONTEXT ( 'NONE', 'WORKASPACE' ) );
#2046 = CARTESIAN_POINT ( 'NONE',  ( -0.1468051860428508659, 0.4172622722576542764, 0.2416666666666666408 ) ) ;
#2047 = PLANE ( 'NONE',  #2155 ) ;
#2048 = VECTOR ( 'NONE', #1, 1000.000000000000000 ) ;
#2049 = AXIS2_PLACEMENT_3D ( 'NONE', #1761, #406, #976 ) ;
#2050 = CARTESIAN_POINT ( 'NONE',  ( -0.02334145234194764246, 0.4058363734094046493, 0.2406666666666666399 ) ) ;
#2051 = DIRECTION ( 'NONE',  ( -1.000000000000000000, 0.000000000000000000, 0.000000000000000000 ) ) ;
#2052 = VECTOR ( 'NONE', #826, 1000.000000000000000 ) ;
#2053 = CARTESIAN_POINT ( 'NONE',  ( -0.1209633846087149051, 0.4358462582166315880, 0.2406666666666666399 ) ) ;
#2054 = ORIENTED_EDGE ( 'NONE', *, *, #495, .F. ) ;
#2055 = CARTESIAN_POINT ( 'NONE',  ( 0.1210263788360264742, 0.4106039510650868474, 0.2406666666666666399 ) ) ;
#2056 = SURFACE_STYLE_FILL_AREA ( #3311 ) ;
#2057 = CARTESIAN_POINT ( 'NONE',  ( -0.01830854425354138879, 0.4082050998458714441, 0.2406666666666666399 ) ) ;
#2058 = CARTESIAN_POINT ( 'NONE',  ( -0.07302364884670951850, 0.4312911444181482534, 0.2406666666666666399 ) ) ;
#2059 = ADVANCED_FACE ( 'NONE', ( #1803 ), #295, .T. ) ;
#2060 = SURFACE_STYLE_FILL_AREA ( #746 ) ;
#2061 = CARTESIAN_POINT ( 'NONE',  ( 0.01556793958679046977, 0.4124514901367865582, 0.2416666666666666408 ) ) ;
#2062 = CARTESIAN_POINT ( 'NONE',  ( 0.03182923206349574236, 0.4333936929134323268, 0.2416666666666666408 ) ) ;
#2063 = CARTESIAN_POINT ( 'NONE',  ( 0.003351265439213685794, 0.4212986009040403657, 0.2406666666666666399 ) ) ;
#2064 = CARTESIAN_POINT ( 'NONE',  ( -0.06412153408300483304, 0.4404469040982320061, 0.2406666666666666399 ) ) ;
#2065 = SURFACE_SIDE_STYLE ('',( #2534 ) ) ;
#2066 = CARTESIAN_POINT ( 'NONE',  ( 500000.0000000000582, 0.7750000000000002442, 0.2416666666232985261 ) ) ;
#2067 = APPLICATION_PROTOCOL_DEFINITION ( 'draft international standard', 'automotive_design', 1998, #176 ) ;
#2068 = VERTEX_POINT ( 'NONE', #795 ) ;
#2069 = CARTESIAN_POINT ( 'NONE',  ( 0.2499999999940882844, 0.7750000000000002442, 0.2416666666666665853 ) ) ;
#2070 = CARTESIAN_POINT ( 'NONE',  ( -0.09874215205612417445, 0.4376181848057051349, 0.2406666666666666399 ) ) ;
#2071 = CARTESIAN_POINT ( 'NONE',  ( 0.2499999999940882844, 0.7750000000000002442, -0.2416666666666669461 ) ) ;
#2072 = ADVANCED_FACE ( 'NONE', ( #2615 ), #281, .T. ) ;
#2073 = CARTESIAN_POINT ( 'NONE',  ( -0.05312881210819003774, 0.4267654276600533758, 0.2416666666666666408 ) ) ;
#2074 = CARTESIAN_POINT ( 'NONE',  ( 0.05324448293176029662, 0.4399933642609283324, 0.2416666666666666408 ) ) ;
#2075 = CARTESIAN_POINT ( 'NONE',  ( -0.004024877927395659888, 0.4559869579473658230, 0.2406666666666666399 ) ) ;
#2076 = CARTESIAN_POINT ( 'NONE',  ( -0.06365505874881631498, 0.4113935048391407223, 0.2406666666666666399 ) ) ;
#2077 = CARTESIAN_POINT ( 'NONE',  ( 0.1274082577921414605, 0.4346072155411370708, 0.2406666666666666121 ) ) ;
#2078 = PRESENTATION_STYLE_ASSIGNMENT (( #2361 ) ) ;
#2079 = CARTESIAN_POINT ( 'NONE',  ( 0.04856651670361714079, 0.4129530368879636426, 0.2416666666666666408 ) ) ;
#2080 = VERTEX_POINT ( 'NONE', #1783 ) ;
#2081 = DIRECTION ( 'NONE',  ( 1.000000000000000000, 0.000000000000000000, -8.673617379884035472E-17 ) ) ;
#2082 = SHAPE_REPRESENTATION_RELATIONSHIP ( 'NONE' , 'NONE' ,  #2260, #297 ) ;
#2083 = ORIENTED_EDGE ( 'NONE', *, *, #2976, .F. ) ;
#2084 = CARTESIAN_POINT ( 'NONE',  ( -0.004926922113962981659, 0.4506551684299692773, 0.2406666666666666399 ) ) ;
#2085 = CARTESIAN_POINT ( 'NONE',  ( 0.1189093314724618405, 0.4112493250128445021, 0.2416666666666666408 ) ) ;
#2086 = DIRECTION ( 'NONE',  ( 3.701697761654403615E-15, -3.701697761654383105E-15, -1.000000000000000000 ) ) ;
#2087 = CARTESIAN_POINT ( 'NONE',  ( -0.08098661083385798320, 0.4315513756828406322, 0.2416666666666666408 ) ) ;
#2088 = PRESENTATION_STYLE_ASSIGNMENT (( #27 ) ) ;
#2089 = CARTESIAN_POINT ( 'NONE',  ( -0.02444126742531866833, 0.4667643569593222796, 0.2416666666666666408 ) ) ;
#2090 = CARTESIAN_POINT ( 'NONE',  ( 0.07747327474001772241, 0.4402643284472546603, 0.2416666666666666408 ) ) ;
#2091 = EDGE_CURVE ( 'NONE', #3019, #38, #1894, .T. ) ;
#2092 = CARTESIAN_POINT ( 'NONE',  ( -0.07948022428584508581, 0.4341666347790059666, 0.2406666666666666399 ) ) ;
#2093 = CARTESIAN_POINT ( 'NONE',  ( 0.1268677771640245033, 0.4263132788648859584, 0.2406666666666666121 ) ) ;
#2094 = CARTESIAN_POINT ( 'NONE',  ( 0.04094178161069816219, 0.4101350369178582422, 0.2416666666666666685 ) ) ;
#2095 =( NAMED_UNIT ( * ) SI_UNIT ( $, .STERADIAN. ) SOLID_ANGLE_UNIT ( ) );
#2096 = VERTEX_POINT ( 'NONE', #1322 ) ;
#2097 = ADVANCED_FACE ( 'NONE', ( #1843 ), #522, .T. ) ;
#2098 = AXIS2_PLACEMENT_3D ( 'NONE', #3067, #3269, #220 ) ;
#2099 = CARTESIAN_POINT ( 'NONE',  ( 0.1409542242092947373, 0.4203059025107774849, 0.2406666666666666399 ) ) ;
#2100 = CIRCLE ( 'NONE', #2418, 0.02500000000000001180 ) ;
#2101 = ORIENTED_EDGE ( 'NONE', *, *, #1528, .F. ) ;
#2102 = STYLED_ITEM ( 'NONE', ( #2088 ), #971 ) ;
#2103 = CARTESIAN_POINT ( 'NONE',  ( 0.4999999999999993339, 0.02499999999999995628, -0.2500000000000002220 ) ) ;
#2104 = DIRECTION ( 'NONE',  ( -1.000000000000000000, -0.000000000000000000, -0.000000000000000000 ) ) ;
#2105 = CARTESIAN_POINT ( 'NONE',  ( 0.002785297901842038060, 0.4417808328694400877, 0.2406666666666666399 ) ) ;
#2106 = LINE ( 'NONE', #2121, #1224 ) ;
#2107 = CARTESIAN_POINT ( 'NONE',  ( -0.03461567159463614651, 0.4388449872238227023, 0.2416666666666666408 ) ) ;
#2108 = CARTESIAN_POINT ( 'NONE',  ( 0.01988798899270306092, 0.4347870121991213033, 0.2416666666666666408 ) ) ;
#2109 = LINE ( 'NONE', #1827, #2640 ) ;
#2110 = CARTESIAN_POINT ( 'NONE',  ( -0.09293171095214754207, 0.4391919385637746975, 0.2406666666666666399 ) ) ;
#2111 = CARTESIAN_POINT ( 'NONE',  ( 0.1216835792175190445, 0.4336381937844041023, 0.2406666666666666399 ) ) ;
#2112 = DIRECTION ( 'NONE',  ( 1.000000000000000000, 0.000000000000000000, 0.000000000000000000 ) ) ;
#2113 = DIRECTION ( 'NONE',  ( 0.000000000000000000, 0.000000000000000000, 1.000000000000000000 ) ) ;
#2114 = VERTEX_POINT ( 'NONE', #2599 ) ;
#2115 = CARTESIAN_POINT ( 'NONE',  ( 0.1424992639369626890, 0.4089186940374158752, 0.2406666666666666399 ) ) ;
#2116 = ADVANCED_FACE ( 'NONE', ( #2354 ), #546, .T. ) ;
#2117 = ORIENTED_EDGE ( 'NONE', *, *, #2404, .T. ) ;
#2118 =( NAMED_UNIT ( * ) SI_UNIT ( $, .STERADIAN. ) SOLID_ANGLE_UNIT ( ) );
#2119 = DIRECTION ( 'NONE',  ( 0.000000000000000000, 0.000000000000000000, 1.000000000000000000 ) ) ;
#2120 = CARTESIAN_POINT ( 'NONE',  ( 0.01295257337096007190, 0.4464484431082961780, 0.2406666666666666399 ) ) ;
#2121 = CARTESIAN_POINT ( 'NONE',  ( 500000.0000000000582, 0.02499999999999995628, 0.2416666666232985539 ) ) ;
#2122 = CARTESIAN_POINT ( 'NONE',  ( -0.01573678246737091405, 0.4669570554004351393, 0.2416666666666666408 ) ) ;
#2123 = CARTESIAN_POINT ( 'NONE',  ( 0.007730378523808760678, 0.4741469342141573784, 0.2406666666666666399 ) ) ;
#2124 = CARTESIAN_POINT ( 'NONE',  ( 0.0008521300576913358547, 0.4685010105214074683, 0.2406666666666666676 ) ) ;
#2125 = LINE ( 'NONE', #1101, #2953 ) ;
#2126 = CARTESIAN_POINT ( 'NONE',  ( 0.04113105434580940217, 0.4227029168571090345, 0.2406666666666666121 ) ) ;
#2127 = CARTESIAN_POINT ( 'NONE',  ( 0.1185395596128645951, 0.4393222930077570476, 0.2416666666666666408 ) ) ;
#2128 = ORIENTED_EDGE ( 'NONE', *, *, #1253, .T. ) ;
#2129 = UNCERTAINTY_MEASURE_WITH_UNIT (LENGTH_MEASURE( 1.000000000000000082E-05 ), #3234, 'distance_accuracy_value', 'NONE');
#2130 = CARTESIAN_POINT ( 'NONE',  ( 0.1038807170926098478, 0.4286005788381180293, 0.2406666666666666399 ) ) ;
#2131 = ORIENTED_EDGE ( 'NONE', *, *, #47, .T. ) ;
#2132 = EDGE_CURVE ( 'NONE', #57, #1204, #1062, .T. ) ;
#2133 = CARTESIAN_POINT ( 'NONE',  ( -0.2499999999999993616, 0.02499999999999995628, 0.2250000000000000611 ) ) ;
#2134 = CARTESIAN_POINT ( 'NONE',  ( 0.4749999999999994782, 0.000000000000000000, 0.000000000000000000 ) ) ;
#2135 = CARTESIAN_POINT ( 'NONE',  ( 0.004045092584422626744, 0.4422561918729348007, 0.2406666666666666399 ) ) ;
#2136 = CARTESIAN_POINT ( 'NONE',  ( -0.1011428682097384318, 0.4336490035915261942, 0.2406666666666666399 ) ) ;
#2137 = ORIENTED_EDGE ( 'NONE', *, *, #1530, .F. ) ;
#2138 = CARTESIAN_POINT ( 'NONE',  ( 0.1245860691818689858, 0.4333345122129575455, 0.2416666666666666408 ) ) ;
#2139 = CARTESIAN_POINT ( 'NONE',  ( -0.08041820502777734248, 0.4079241802757746505, 0.2416666666666666408 ) ) ;
#2140 = CARTESIAN_POINT ( 'NONE',  ( 0.02584841081378340399, 0.4431133299352953969, 0.2416666666666666408 ) ) ;
#2141 = LINE ( 'NONE', #877, #896 ) ;
#2142 = DIRECTION ( 'NONE',  ( 0.000000000000000000, 0.000000000000000000, -1.000000000000000000 ) ) ;
#2143 = CARTESIAN_POINT ( 'NONE',  ( 0.1429655343702276038, 0.4289994213427132386, 0.2406666666666666399 ) ) ;
#2144 = EDGE_LOOP ( 'NONE', ( #2498, #241, #1381, #292 ) ) ;
#2145 = CARTESIAN_POINT ( 'NONE',  ( 0.07326397594305054939, 0.4392249641961274431, 0.2406666666666666399 ) ) ;
#2146 = CONTEXT_DEPENDENT_SHAPE_REPRESENTATION ( #1004, #1336 ) ;
#2147 = B_SPLINE_CURVE_WITH_KNOTS ( 'NONE', 3,
 ( #442, #488, #455, #3053, #2554, #1776, #1189, #1450, #1501, #1205, #732, #680 ),
 .UNSPECIFIED., .F., .F.,
 ( 4, 1, 1, 1, 1, 1, 1, 1, 1, 4 ),
 ( 0.000000000000000000, 0.02926812205254335914, 0.1058575291914697208, 0.1804490129702329970, 0.2563488796840573403, 0.3398803162454487325, 0.3857703887522968000, 0.4228973909318110569, 0.4966873303746328627, 0.4999999999816821528 ),
 .UNSPECIFIED. ) ;
#2148 = VERTEX_POINT ( 'NONE', #1012 ) ;
#2149 = DIRECTION ( 'NONE',  ( 1.000000000000000000, 0.000000000000000000, -0.000000000000000000 ) ) ;
#2150 = CIRCLE ( 'NONE', #677, 0.01666666666666664562 ) ;
#2151 = CARTESIAN_POINT ( 'NONE',  ( -0.2499999999955660468, 0.02499999999999995628, 0.2416666666666666685 ) ) ;
#2152 = CIRCLE ( 'NONE', #2794, 0.02500000000000001180 ) ;
#2153 = AXIS2_PLACEMENT_3D ( 'NONE', #1267, #3333, #3093 ) ;
#2154 = DIRECTION ( 'NONE',  ( 1.000000000000000000, 0.000000000000000000, -8.673617379884036705E-17 ) ) ;
#2155 = AXIS2_PLACEMENT_3D ( 'NONE', #950, #1793, #203 ) ;
#2156 = CARTESIAN_POINT ( 'NONE',  ( -0.1468051860428508659, 0.4172622722576542764, 0.2416666666666666408 ) ) ;
#2157 = CARTESIAN_POINT ( 'NONE',  ( 0.01658673395744311371, 0.4092125890159771240, 0.2406666666666666399 ) ) ;
#2158 = CARTESIAN_POINT ( 'NONE',  ( -0.1557564100672360896, 0.4058363734094046493, 0.2406666666666666399 ) ) ;
#2159 = CYLINDRICAL_SURFACE ( 'NONE', #2313, 0.02500000000000001180 ) ;
#2160 = CARTESIAN_POINT ( 'NONE',  ( 0.1434694568334539955, 0.4331537560737769854, 0.2416666666666666408 ) ) ;
#2161 = CARTESIAN_POINT ( 'NONE',  ( 0.1424788155650117127, 0.4387677796502401639, 0.2406666666666666399 ) ) ;
#2162 = VERTEX_POINT ( 'NONE', #1538 ) ;
#2163 = CIRCLE ( 'NONE', #1909, 0.02500000000000001180 ) ;
#2164 = UNCERTAINTY_MEASURE_WITH_UNIT (LENGTH_MEASURE( 1.000000000000000082E-05 ), #1223, 'distance_accuracy_value', 'NONE');
#2165 = CARTESIAN_POINT ( 'NONE',  ( 0.09847812172727576918, 0.4086674355116638457, 0.2406666666666666399 ) ) ;
#2166 = ORIENTED_EDGE ( 'NONE', *, *, #1916, .T. ) ;
#2167 = PLANE ( 'NONE',  #1790 ) ;
#2168 = PLANE ( 'NONE',  #1065 ) ;
#2169 = CARTESIAN_POINT ( 'NONE',  ( -0.06935917948326683624, 0.4381938760927973076, 0.2416666666666666408 ) ) ;
#2170 = CARTESIAN_POINT ( 'NONE',  ( 0.02376725314473348075, 0.4091816299396099366, 0.2406666666666666399 ) ) ;
#2171 = EDGE_CURVE ( 'NONE', #2493, #1670, #2576, .T. ) ;
#2172 = LINE ( 'NONE', #2961, #1943 ) ;
#2173 = CARTESIAN_POINT ( 'NONE',  ( 0.09155897800639477280, 0.4110036123762287885, 0.2416666666666666408 ) ) ;
#2174 = CARTESIAN_POINT ( 'NONE',  ( 0.09847812172727576918, 0.4086674355116638457, 0.2406666666666666399 ) ) ;
#2175 = ORIENTED_EDGE ( 'NONE', *, *, #899, .T. ) ;
#2176 = CARTESIAN_POINT ( 'NONE',  ( 0.1064637841350339481, 0.4382777346281077624, 0.2406666666666666399 ) ) ;
#2177 = ORIENTED_EDGE ( 'NONE', *, *, #3183, .F. ) ;
#2178 = SURFACE_STYLE_USAGE ( .BOTH. , #920 ) ;
#2179 = CARTESIAN_POINT ( 'NONE',  ( 0.1217727454776033891, 0.4336813829052532654, 0.2416666666666666408 ) ) ;
#2180 = CARTESIAN_POINT ( 'NONE',  ( -0.1291972256988209444, 0.4345576592630842061, 0.2416666666666666408 ) ) ;
#2181 = CARTESIAN_POINT ( 'NONE',  ( -0.02948783261107978254, 0.4233022738439627397, 0.2406666666666666399 ) ) ;
#2182 = FACE_OUTER_BOUND ( 'NONE', #2463, .T. ) ;
#2183 = DIRECTION ( 'NONE',  ( 0.000000000000000000, -1.000000000000000000, 0.000000000000000000 ) ) ;
#2184 = CARTESIAN_POINT ( 'NONE',  ( 0.1219913138241056072, 0.4397490151723272844, 0.2416666666666666408 ) ) ;
#2185 = CARTESIAN_POINT ( 'NONE',  ( 0.1256065828142614305, 0.4386393272129983645, 0.2416666666666666408 ) ) ;
#2186 = EDGE_CURVE ( 'NONE', #441, #2080, #934, .T. ) ;
#2187 = ORIENTED_EDGE ( 'NONE', *, *, #515, .T. ) ;
#2188 = CARTESIAN_POINT ( 'NONE',  ( 0.09763935374593897543, 0.4390202076662955699, 0.2406666666666666399 ) ) ;
#2189 = DIRECTION ( 'NONE',  ( 0.000000000000000000, -1.000000000000000000, 0.000000000000000000 ) ) ;
#2190 = ADVANCED_FACE ( 'NONE', ( #2483 ), #2227, .T. ) ;
#2191 = VERTEX_POINT ( 'NONE', #2050 ) ;
#2192 =( NAMED_UNIT ( * ) PLANE_ANGLE_UNIT ( ) SI_UNIT ( $, .RADIAN. ) );
#2193 = SURFACE_STYLE_USAGE ( .BOTH. , #2484 ) ;
#2194 = VECTOR ( 'NONE', #2257, 1000.000000000000000 ) ;
#2195 = ORIENTED_EDGE ( 'NONE', *, *, #253, .F. ) ;
#2196 = MECHANICAL_DESIGN_GEOMETRIC_PRESENTATION_REPRESENTATION (  '', ( #2585 ), #2045 ) ;
#2197 = CARTESIAN_POINT ( 'NONE',  ( -0.1088228433117203464, 0.4377368572994343454, 0.2416666666666666408 ) ) ;
#2198 = CARTESIAN_POINT ( 'NONE',  ( -0.02011123040885623783, 0.4525128182129601884, 0.2406666666666666399 ) ) ;
#2199 = CIRCLE ( 'NONE', #736, 0.02500000000000001180 ) ;
#2200 = CIRCLE ( 'NONE', #3009, 0.02499999999999994241 ) ;
#2201 = CYLINDRICAL_SURFACE ( 'NONE', #1020, 0.02500000000000001180 ) ;
#2202 = DIRECTION ( 'NONE',  ( 0.000000000000000000, -0.000000000000000000, -1.000000000000000000 ) ) ;
#2203 = PLANE ( 'NONE',  #589 ) ;
#2204 = CARTESIAN_POINT ( 'NONE',  ( 0.08830748187618030209, 0.4612041193669758066, 0.2406666666666666399 ) ) ;
#2205 = PRESENTATION_LAYER_ASSIGNMENT (  '', '', ( #959 ) ) ;
#2206 = EDGE_LOOP ( 'NONE', ( #662, #3088, #357, #2876 ) ) ;
#2207 = CARTESIAN_POINT ( 'NONE',  ( 0.06735813032545269474, 0.4309276607691528427, 0.2406666666666666399 ) ) ;
#2208 = ADVANCED_FACE ( 'NONE', ( #3003 ), #2000, .T. ) ;
#2209 = CARTESIAN_POINT ( 'NONE',  ( -0.2499999999999993616, 0.7750000000000002442, 0.2250000000000000611 ) ) ;
#2210 = PRESENTATION_LAYER_ASSIGNMENT (  '', '', ( #2808 ) ) ;
#2211 = EDGE_LOOP ( 'NONE', ( #2751, #88 ) ) ;
#2212 = CARTESIAN_POINT ( 'NONE',  ( -0.1060139374486445546, 0.4093462735329701507, 0.2406666666666666399 ) ) ;
#2213 = CARTESIAN_POINT ( 'NONE',  ( 0.05227209047719177243, 0.4260663253110014148, 0.2416666666666666408 ) ) ;
#2214 = EDGE_LOOP ( 'NONE', ( #1106, #644, #1951 ) ) ;
#2215 = AXIS2_PLACEMENT_3D ( 'NONE', #403, #1429, #1143 ) ;
#2216 = CARTESIAN_POINT ( 'NONE',  ( -0.1226088329948783889, 0.4196541409097053754, 0.2416666666666666408 ) ) ;
#2217 = DIRECTION ( 'NONE',  ( 0.000000000000000000, 0.000000000000000000, 1.000000000000000000 ) ) ;
#2218 = CARTESIAN_POINT ( 'NONE',  ( -0.04070729893771742047, 0.4117245229219199110, 0.2416666666666666408 ) ) ;
#2219 = DIRECTION ( 'NONE',  ( 0.000000000000000000, 0.000000000000000000, -1.000000000000000000 ) ) ;
#2220 =( NAMED_UNIT ( * ) SI_UNIT ( $, .STERADIAN. ) SOLID_ANGLE_UNIT ( ) );
#2221 = CARTESIAN_POINT ( 'NONE',  ( 0.1018352013209672252, 0.4443940305791789780, 0.2416666666666666408 ) ) ;
#2222 = CARTESIAN_POINT ( 'NONE',  ( 0.09914376539019001400, 0.4509189626806965334, 0.2406666666666666399 ) ) ;
#2223 = VERTEX_POINT ( 'NONE', #2500 ) ;
#2224 = CARTESIAN_POINT ( 'NONE',  ( -0.04027227933761497181, 0.4398717129425249728, 0.2406666666666666399 ) ) ;
#2225 = CARTESIAN_POINT ( 'NONE',  ( 500000.0000000000582, 0.7750000000000002442, 0.2249999999566319187 ) ) ;
#2226 = EDGE_LOOP ( 'NONE', ( #3178, #3137, #2298, #326 ) ) ;
#2227 = CYLINDRICAL_SURFACE ( 'NONE', #682, 0.01666666666666664562 ) ;
#2228 = CARTESIAN_POINT ( 'NONE',  ( 0.2499999999999993616, 0.8000000000000000444, -0.2500000000000002220 ) ) ;
#2229 = EDGE_LOOP ( 'NONE', ( #2955, #2035, #2515, #1742 ) ) ;
#2230 = EDGE_CURVE ( 'NONE', #1470, #2334, #2019, .T. ) ;
#2231 = FILL_AREA_STYLE_COLOUR ( '', #1443 ) ;
#2232 = CARTESIAN_POINT ( 'NONE',  ( -0.4749999999999994782, 0.7750000000000002442, 0.2250000000000000611 ) ) ;
#2233 = CARTESIAN_POINT ( 'NONE',  ( -0.03586460124035646679, 0.4345080682960228424, 0.2406666666666666399 ) ) ;
#2234 = EDGE_CURVE ( 'NONE', #541, #3241, #2147, .T. ) ;
#2235 = SPHERICAL_SURFACE ( 'NONE', #910, 0.02499999999999995628 ) ;
#2236 = CARTESIAN_POINT ( 'NONE',  ( 0.004435001813312427002, 0.4065810548078241382, 0.2416666666666666408 ) ) ;
#2237 = CARTESIAN_POINT ( 'NONE',  ( 0.08581356868348795353, 0.4547738288287554997, 0.2416666666666666408 ) ) ;
#2238 = CARTESIAN_POINT ( 'NONE',  ( 0.09914376539019001400, 0.4509189626806965334, 0.2416666666666666408 ) ) ;
#2239 = ORIENTED_EDGE ( 'NONE', *, *, #2935, .T. ) ;
#2240 = CARTESIAN_POINT ( 'NONE',  ( -0.04391355821102237156, 0.4395464850198321782, 0.2406666666666666399 ) ) ;
#2241 = CARTESIAN_POINT ( 'NONE',  ( -0.4999999999999993339, 0.7750000000000002442, 0.000000000000000000 ) ) ;
#2242 = CARTESIAN_POINT ( 'NONE',  ( 0.01295257337096007190, 0.4464484431082961780, 0.2406666666666666399 ) ) ;
#2243 = PRODUCT_DEFINITION_SHAPE ( 'NONE', 'NONE',  #3341 ) ;
#2244 = ORIENTED_EDGE ( 'NONE', *, *, #1760, .T. ) ;
#2245 = DIRECTION ( 'NONE',  ( -0.000000000000000000, 0.000000000000000000, -1.000000000000000000 ) ) ;
#2246 = CYLINDRICAL_SURFACE ( 'NONE', #434, 0.01666666666666664562 ) ;
#2247 = CARTESIAN_POINT ( 'NONE',  ( -0.009380382016272781343, 0.4430156082596400369, 0.2416666666666666408 ) ) ;
#2248 = EDGE_LOOP ( 'NONE', ( #2429, #919, #3223, #647 ) ) ;
#2249 = EDGE_CURVE ( 'NONE', #701, #2096, #986, .T. ) ;
#2250 = CARTESIAN_POINT ( 'NONE',  ( 0.4749999999999994782, 0.02499999999999995628, -0.2500000000000002220 ) ) ;
#2251 = CARTESIAN_POINT ( 'NONE',  ( -0.02016856146852768691, 0.4690934585162846449, 0.2416666666666666408 ) ) ;
#2252 = CARTESIAN_POINT ( 'NONE',  ( 0.1189093314724618405, 0.4112493250128445021, 0.2406666666666666121 ) ) ;
#2253 = CIRCLE ( 'NONE', #951, 0.02500000000000001180 ) ;
#2254 = EDGE_CURVE ( 'NONE', #3227, #2348, #1737, .T. ) ;
#2255 = CARTESIAN_POINT ( 'NONE',  ( 0.09126449103735723156, 0.4213439100664772008, 0.2416666666666666408 ) ) ;
#2256 = CARTESIAN_POINT ( 'NONE',  ( 0.09126449103735723156, 0.4213439100664772008, 0.2416666666666666408 ) ) ;
#2257 = DIRECTION ( 'NONE',  ( 1.000000000000000000, -0.000000000000000000, -0.000000000000000000 ) ) ;
#2258 = VECTOR ( 'NONE', #2154, 1000.000000000000000 ) ;
#2259 = CARTESIAN_POINT ( 'NONE',  ( -0.04182478052147878961, 0.4144564014399341745, 0.2406666666666666399 ) ) ;
#2260 = SHAPE_REPRESENTATION ( 'GRM158R61A226ME15D', ( #1177 ), #3021 ) ;
#2261 = DIRECTION ( 'NONE',  ( 0.000000000000000000, -0.000000000000000000, 1.000000000000000000 ) ) ;
#2262 = MECHANICAL_DESIGN_GEOMETRIC_PRESENTATION_REPRESENTATION (  '', ( #1666 ), #3122 ) ;
#2263 = ORIENTED_EDGE ( 'NONE', *, *, #3036, .T. ) ;
#2264 = CARTESIAN_POINT ( 'NONE',  ( -0.1335135460518075412, 0.4072555411553372418, 0.2416666666666666408 ) ) ;
#2265 = CARTESIAN_POINT ( 'NONE',  ( 0.1475538868586284136, 0.4067338105746359789, 0.2406666666666666399 ) ) ;
#2266 = CARTESIAN_POINT ( 'NONE',  ( -0.1047609461720813567, 0.4373425650224055383, 0.2406666666666666399 ) ) ;
#2267 = ORIENTED_EDGE ( 'NONE', *, *, #1346, .T. ) ;
#2268 = CARTESIAN_POINT ( 'NONE',  ( -0.1226088329948783889, 0.4196541409097053754, 0.2406666666666666399 ) ) ;
#2269 = CARTESIAN_POINT ( 'NONE',  ( -0.01530586998736219347, 0.4159273939210763604, 0.2416666666666666408 ) ) ;
#2270 = DIRECTION ( 'NONE',  ( -1.000000000000000000, -0.000000000000000000, 8.673617379884035472E-17 ) ) ;
#2271 = AXIS2_PLACEMENT_3D ( 'NONE', #71, #3139, #2662 ) ;
#2272 = CARTESIAN_POINT ( 'NONE',  ( -0.08423594833183921382, 0.4094316278378813401, 0.2406666666666666399 ) ) ;
#2273 = CARTESIAN_POINT ( 'NONE',  ( 0.1210263788360264742, 0.4106039510650868474, 0.2416666666666666963 ) ) ;
#2274 = CARTESIAN_POINT ( 'NONE',  ( 0.09674987864564042750, 0.4442762979323902073, 0.2416666666666666408 ) ) ;
#2275 = CARTESIAN_POINT ( 'NONE',  ( 0.1064637841350339481, 0.4382777346281077624, 0.2406666666666666399 ) ) ;
#2276 = CARTESIAN_POINT ( 'NONE',  ( -0.01116577589072561237, 0.4284133233288320852, 0.2406666666666666399 ) ) ;
#2277 = EDGE_CURVE ( 'NONE', #2334, #38, #2152, .T. ) ;
#2278 = CARTESIAN_POINT ( 'NONE',  ( 0.007730378523808760678, 0.4741469342141573784, 0.2406666666666666399 ) ) ;
#2279 = CARTESIAN_POINT ( 'NONE',  ( -0.1511509138087737680, 0.4085736331577145553, 0.2406666666666666399 ) ) ;
#2280 = CARTESIAN_POINT ( 'NONE',  ( -0.1238502315007403709, 0.4126062139152930075, 0.2416666666666666408 ) ) ;
#2281 = CARTESIAN_POINT ( 'NONE',  ( 0.01292371872373797130, 0.4534604739667887352, 0.2416666666666666408 ) ) ;
#2282 = CARTESIAN_POINT ( 'NONE',  ( -0.1111810227459705813, 0.4402559060814966729, 0.2416666666666666408 ) ) ;
#2283 = EDGE_LOOP ( 'NONE', ( #2841, #2267, #1260, #1967 ) ) ;
#2284 = CARTESIAN_POINT ( 'NONE',  ( 0.1175749944310630624, 0.4215101149559328242, 0.2416666666666666408 ) ) ;
#2285 = CARTESIAN_POINT ( 'NONE',  ( -0.2499999999999993616, 0.7750000000000002442, 0.2500000000000000000 ) ) ;
#2286 = CARTESIAN_POINT ( 'NONE',  ( -0.07585871430297082274, 0.4100457305649912731, 0.2406666666666666399 ) ) ;
#2287 = CARTESIAN_POINT ( 'NONE',  ( -0.1346615267576663499, 0.4126266817417696409, 0.2406666666666666399 ) ) ;
#2288 = CARTESIAN_POINT ( 'NONE',  ( 0.07420239220394661550, 0.4416869900178847508, 0.2416666666666666408 ) ) ;
#2289 = CARTESIAN_POINT ( 'NONE',  ( 0.06974977216652666900, 0.4407552362991003503, 0.2406666666666666399 ) ) ;
#2290 = CARTESIAN_POINT ( 'NONE',  ( 0.1274082577921414605, 0.4346072155411370708, 0.2406666666666666399 ) ) ;
#2291 = CARTESIAN_POINT ( 'NONE',  ( -0.03339208061612995715, 0.4088582344225342724, 0.2406666666666666399 ) ) ;
#2292 = CARTESIAN_POINT ( 'NONE',  ( -0.1405140068708881640, 0.4309951279993537998, 0.2406666666666666399 ) ) ;
#2293 = CARTESIAN_POINT ( 'NONE',  ( -0.1051839396800506032, 0.4058363734094046493, 0.2416666666666666408 ) ) ;
#2294 = PLANE ( 'NONE',  #2646 ) ;
#2295 =( NAMED_UNIT ( * ) SI_UNIT ( $, .STERADIAN. ) SOLID_ANGLE_UNIT ( ) );
#2296 = ADVANCED_FACE ( 'NONE', ( #2757 ), #2294, .T. ) ;
#2297 = CARTESIAN_POINT ( 'NONE',  ( -0.1088228433117203464, 0.4377368572994343454, 0.2416666666666666408 ) ) ;
#2298 = ORIENTED_EDGE ( 'NONE', *, *, #1854, .F. ) ;
#2299 = CARTESIAN_POINT ( 'NONE',  ( 0.4749999999999994782, 0.8000000000000000444, -0.2250000000000001998 ) ) ;
#2300 = DIRECTION ( 'NONE',  ( 0.000000000000000000, 0.000000000000000000, -1.000000000000000000 ) ) ;
#2301 = CARTESIAN_POINT ( 'NONE',  ( -0.02334145234194764246, 0.4058363734094046493, 0.2416666666666666408 ) ) ;
#2302 = DIRECTION ( 'NONE',  ( -8.673617379884036705E-17, 0.000000000000000000, -1.000000000000000000 ) ) ;
#2303 = CARTESIAN_POINT ( 'NONE',  ( -0.05797746730621533562, 0.4350411703695871157, 0.2406666666666666399 ) ) ;
#2304 = CARTESIAN_POINT ( 'NONE',  ( -0.01076941546436035839, 0.4748910283421270417, 0.2416666666666666408 ) ) ;
#2305 = CARTESIAN_POINT ( 'NONE',  ( 0.07365050299708850168, 0.4182142404526161816, 0.2406666666666666399 ) ) ;
#2306 = AXIS2_PLACEMENT_3D ( 'NONE', #1912, #1625, #360 ) ;
#2307 = CARTESIAN_POINT ( 'NONE',  ( -0.01830854425354138879, 0.4082050998458714441, 0.2406666666666666399 ) ) ;
#2308 = CARTESIAN_POINT ( 'NONE',  ( -0.07296303139367540935, 0.4369450245785199138, 0.2406666666666666399 ) ) ;
#2309 =( GEOMETRIC_REPRESENTATION_CONTEXT ( 3 ) GLOBAL_UNCERTAINTY_ASSIGNED_CONTEXT ( ( #102 ) ) GLOBAL_UNIT_ASSIGNED_CONTEXT ( ( #1733, #3000, #2802 ) ) REPRESENTATION_CONTEXT ( 'NONE', 'WORKASPACE' ) );
#2310 = CARTESIAN_POINT ( 'NONE',  ( 0.1245860691818689858, 0.4333345122129575455, 0.2406666666666666121 ) ) ;
#2311 = CARTESIAN_POINT ( 'NONE',  ( 0.04422392682107162409, 0.4113406383323940374, 0.2416666666666666408 ) ) ;
#2312 = VECTOR ( 'NONE', #2245, 1000.000000000000000 ) ;
#2313 = AXIS2_PLACEMENT_3D ( 'NONE', #2440, #2657, #2454 ) ;
#2314 = ORIENTED_EDGE ( 'NONE', *, *, #192, .T. ) ;
#2315 = CARTESIAN_POINT ( 'NONE',  ( -0.4999999999999993339, -5.421010862427522170E-17, -0.2250000000000001998 ) ) ;
#2316 = AXIS2_PLACEMENT_3D ( 'NONE', #3107, #2613, #2300 ) ;
#2317 = EDGE_LOOP ( 'NONE', ( #2331, #1418, #2948, #2874 ) ) ;
#2318 = EDGE_CURVE ( 'NONE', #1984, #2731, #173, .T. ) ;
#2319 = DIRECTION ( 'NONE',  ( 1.000000000000000000, 0.000000000000000000, 0.000000000000000000 ) ) ;
#2320 = DIRECTION ( 'NONE',  ( 1.000000000000000000, -0.000000000000000000, -0.000000000000000000 ) ) ;
#2321 = CARTESIAN_POINT ( 'NONE',  ( -0.01306968705976688065, 0.4248516058620456226, 0.2416666666666666408 ) ) ;
#2322 = DIRECTION ( 'NONE',  ( -0.000000000000000000, -0.000000000000000000, 1.000000000000000000 ) ) ;
#2323 = CARTESIAN_POINT ( 'NONE',  ( -0.06150022409968036036, 0.4402393979754955500, 0.2416666666666666408 ) ) ;
#2324 = VECTOR ( 'NONE', #1911, 1000.000000000000000 ) ;
#2325 = CARTESIAN_POINT ( 'NONE',  ( -0.03873184625168316075, 0.4268356001161857094, 0.2416666666666666408 ) ) ;
#2326 = CARTESIAN_POINT ( 'NONE',  ( 0.06735813032545269474, 0.4309276607691528427, 0.2416666666666666408 ) ) ;
#2327 = CARTESIAN_POINT ( 'NONE',  ( 0.4749999999999994782, 0.02500000000000001180, 0.2250000000000000333 ) ) ;
#2328 = CARTESIAN_POINT ( 'NONE',  ( -0.1237120500244747734, 0.4339476482987582040, 0.2406666666666666399 ) ) ;
#2329 =( NAMED_UNIT ( * ) SI_UNIT ( $, .STERADIAN. ) SOLID_ANGLE_UNIT ( ) );
#2330 = CARTESIAN_POINT ( 'NONE',  ( 0.1424992639369626890, 0.4089186940374158752, 0.2416666666666666408 ) ) ;
#2331 = ORIENTED_EDGE ( 'NONE', *, *, #1408, .T. ) ;
#2332 = CARTESIAN_POINT ( 'NONE',  ( 500000.0000000000582, 0.7750000000000002442, -0.2416666667100350052 ) ) ;
#2333 = CARTESIAN_POINT ( 'NONE',  ( -0.1373547974362210045, 0.4393441454802730628, 0.2416666666666666408 ) ) ;
#2334 = VERTEX_POINT ( 'NONE', #3322 ) ;
#2335 = CARTESIAN_POINT ( 'NONE',  ( 0.1210263788360264742, 0.4106039510650868474, 0.2416666666666666408 ) ) ;
#2336 = CARTESIAN_POINT ( 'NONE',  ( -0.005564576102403373005, 0.4432936255719585605, 0.2416666666666666130 ) ) ;
#2337 = DIRECTION ( 'NONE',  ( 0.000000000000000000, 0.000000000000000000, 1.000000000000000000 ) ) ;
#2338 = CARTESIAN_POINT ( 'NONE',  ( -0.07700754416804883595, 0.4300742364116478811, 0.2416666666666666408 ) ) ;
#2339 = CARTESIAN_POINT ( 'NONE',  ( -0.1083581231522729865, 0.4292790512703674732, 0.2406666666666666399 ) ) ;
#2340 = CARTESIAN_POINT ( 'NONE',  ( 0.01568391590461077137, 0.4359850917888479227, 0.2416666666666666408 ) ) ;
#2341 = CARTESIAN_POINT ( 'NONE',  ( 0.02820788034417791301, 0.4302119563786038769, 0.2406666666666666399 ) ) ;
#2342 = EDGE_CURVE ( 'NONE', #402, #787, #3020, .T. ) ;
#2343 = CARTESIAN_POINT ( 'NONE',  ( -0.004926922113962981659, 0.4506551684299692773, 0.2406666666666666399 ) ) ;
#2344 = CARTESIAN_POINT ( 'NONE',  ( -0.1472369432864957806, 0.4114198765777501987, 0.2406666666666666399 ) ) ;
#2345 =( NAMED_UNIT ( * ) SI_UNIT ( $, .STERADIAN. ) SOLID_ANGLE_UNIT ( ) );
#2346 = CARTESIAN_POINT ( 'NONE',  ( 0.03959401525827389162, 0.4137517743514219082, 0.2416666666666666685 ) ) ;
#2347 = CARTESIAN_POINT ( 'NONE',  ( 0.05227209047719177243, 0.4260663253110014148, 0.2416666666666666408 ) ) ;
#2348 = VERTEX_POINT ( 'NONE', #3072 ) ;
#2349 = DIRECTION ( 'NONE',  ( -8.673617379884036705E-17, -3.614007241618347908E-17, -1.000000000000000000 ) ) ;
#2350 =( NAMED_UNIT ( * ) SI_UNIT ( $, .STERADIAN. ) SOLID_ANGLE_UNIT ( ) );
#2351 = ORIENTED_EDGE ( 'NONE', *, *, #2249, .T. ) ;
#2352 = CARTESIAN_POINT ( 'NONE',  ( 0.2499999999940882844, 0.02499999999999995975, -0.2416666666666669183 ) ) ;
#2353 = CARTESIAN_POINT ( 'NONE',  ( 0.006333484293747867512, 0.4058363734094046493, 0.2406666666666666399 ) ) ;
#2354 = FACE_OUTER_BOUND ( 'NONE', #389, .T. ) ;
#2355 = CARTESIAN_POINT ( 'NONE',  ( -0.01796706073383312618, 0.4734883257990067928, 0.2416666666666666408 ) ) ;
#2356 = CARTESIAN_POINT ( 'NONE',  ( 0.07378957239844759208, 0.4432985582838808170, 0.2406666666666666399 ) ) ;
#2357 = DIRECTION ( 'NONE',  ( -0.000000000000000000, -0.000000000000000000, 1.000000000000000000 ) ) ;
#2358 = EDGE_CURVE ( 'NONE', #2017, #1191, #1049, .T. ) ;
#2359 = CARTESIAN_POINT ( 'NONE',  ( -0.07619359057934638191, 0.4352472027195786741, 0.2406666666666666399 ) ) ;
#2360 = CARTESIAN_POINT ( 'NONE',  ( 0.1267226911851232762, 0.4226660507035582826, 0.2416666666666666685 ) ) ;
#2361 = SURFACE_STYLE_USAGE ( .BOTH. , #513 ) ;
#2362 = CARTESIAN_POINT ( 'NONE',  ( 0.1461647441153565707, 0.4058363734094046493, 0.2406666666666666399 ) ) ;
#2363 = VERTEX_POINT ( 'NONE', #55 ) ;
#2364 = CIRCLE ( 'NONE', #2098, 0.02500000000000001180 ) ;
#2365 = DIRECTION ( 'NONE',  ( 0.000000000000000000, -1.000000000000000000, 0.000000000000000000 ) ) ;
#2366 = VECTOR ( 'NONE', #1332, 1000.000000000000000 ) ;
#2367 = MECHANICAL_DESIGN_GEOMETRIC_PRESENTATION_REPRESENTATION (  '', ( #952 ), #3173 ) ;
#2368 = ORIENTED_EDGE ( 'NONE', *, *, #2318, .T. ) ;
#2369 = AXIS2_PLACEMENT_3D ( 'NONE', #2450, #1626, #125 ) ;
#2370 = FILL_AREA_STYLE ('',( #3179 ) ) ;
#2371 =( NAMED_UNIT ( * ) PLANE_ANGLE_UNIT ( ) SI_UNIT ( $, .RADIAN. ) );
#2372 = CARTESIAN_POINT ( 'NONE',  ( 0.01627494116108463285, 0.4599025351587941457, 0.2406666666666666399 ) ) ;
#2373 = VECTOR ( 'NONE', #40, 1000.000000000000000 ) ;
#2374 = CARTESIAN_POINT ( 'NONE',  ( -0.1037483791816307399, 0.4292416761278857740, 0.2406666666666666399 ) ) ;
#2375 = CARTESIAN_POINT ( 'NONE',  ( -0.03175540956896283351, 0.4157436538012350691, 0.2416666666666666408 ) ) ;
#2376 = CARTESIAN_POINT ( 'NONE',  ( -0.02627243364374502038, 0.4709320017116410129, 0.2406666666666666399 ) ) ;
#2377 = CARTESIAN_POINT ( 'NONE',  ( 0.006333484293747867512, 0.4058363734094046493, 0.2406666666666666399 ) ) ;
#2378 = B_SPLINE_SURFACE_WITH_KNOTS ( 'NONE', 3, 1, ( 
 ( #1745, #476 ),
 ( #775, #707 ),
 ( #2057, #1762 ),
 ( #1821, #2846 ),
 ( #280, #2269 ),
 ( #3295, #2575 ),
 ( #1303, #2321 ),
 ( #1782, #3312 ),
 ( #2773, #461 ),
 ( #1487, #977 ),
 ( #2022, #3042 ),
 ( #722, #812 ),
 ( #346, #1339 ),
 ( #294, #1842 ),
 ( #2910, #2676 ),
 ( #2405, #545 ),
 ( #59, #1607 ),
 ( #2353, #3180 ) ),
 .UNSPECIFIED., .F., .F., .F.,
 ( 4, 1, 1, 1, 1, 1, 1, 1, 1, 1, 1, 1, 1, 1, 1, 4 ),
 ( 2, 2 ),
 ( 0.000000000000000000, 0.09323730059264867531, 0.1273994519722465579, 0.1812050325470629941, 0.2476256991005829633, 0.3046022947457108776, 0.3703547684750004843, 0.4137900050234156746, 0.4874251544221746002, 0.5521988748995649843, 0.6063257939307054034, 0.6588056397408041942, 0.7286134902770639021, 0.8201149085797335703, 0.8999574290051208791, 1.000000000000000000 ),
 ( 0.000000000000000000, 1.000000000000000000 ),
 .UNSPECIFIED. ) ;
#2379 = DIRECTION ( 'NONE',  ( -0.000000000000000000, 1.000000000000000000, -0.000000000000000000 ) ) ;
#2380 = CARTESIAN_POINT ( 'NONE',  ( 0.003356035559089629462, 0.4683794314971160277, 0.2406666666666666399 ) ) ;
#2381 = CARTESIAN_POINT ( 'NONE',  ( 0.09847812172727576918, 0.4086674355116638457, 0.2416666666666666408 ) ) ;
#2382 = PRESENTATION_LAYER_ASSIGNMENT (  '', '', ( #3076 ) ) ;
#2383 = EDGE_CURVE ( 'NONE', #701, #1699, #2527, .T. ) ;
#2384 = ORIENTED_EDGE ( 'NONE', *, *, #1404, .F. ) ;
#2385 = CYLINDRICAL_SURFACE ( 'NONE', #3008, 0.02500000000000001180 ) ;
#2386 = PRODUCT_CONTEXT ( 'NONE', #3166, 'mechanical' ) ;
#2387 = ORIENTED_EDGE ( 'NONE', *, *, #2634, .F. ) ;
#2388 = SPHERICAL_SURFACE ( 'NONE', #1907, 0.02499999999999992853 ) ;
#2389 = CARTESIAN_POINT ( 'NONE',  ( 0.4749999999999994782, 0.7750000000000002442, -0.2500000000000002220 ) ) ;
#2390 = CARTESIAN_POINT ( 'NONE',  ( 0.1217316617080722307, 0.4336602044982089676, 0.2406666666666666399 ) ) ;
#2391 = CARTESIAN_POINT ( 'NONE',  ( -0.1051839396800506032, 0.4058363734094046493, 0.2406666666666666399 ) ) ;
#2392 = CARTESIAN_POINT ( 'NONE',  ( -0.1373547974362210045, 0.4393441454802730628, 0.2416666666666666408 ) ) ;
#2393 = CARTESIAN_POINT ( 'NONE',  ( 0.02376725314473348075, 0.4091816299396099366, 0.2416666666666666408 ) ) ;
#2394 =( NAMED_UNIT ( * ) PLANE_ANGLE_UNIT ( ) SI_UNIT ( $, .RADIAN. ) );
#2395 = DIRECTION ( 'NONE',  ( -0.000000000000000000, -0.000000000000000000, 1.000000000000000000 ) ) ;
#2396 = DIRECTION ( 'NONE',  ( -0.000000000000000000, -1.000000000000000000, 0.000000000000000000 ) ) ;
#2397 = CARTESIAN_POINT ( 'NONE',  ( 0.04420427124677244607, 0.4260840605400018632, 0.2406666666666666121 ) ) ;
#2398 = CARTESIAN_POINT ( 'NONE',  ( 0.1026760486683900991, 0.4090882208655816088, 0.2406666666666666399 ) ) ;
#2399 = ORIENTED_EDGE ( 'NONE', *, *, #635, .F. ) ;
#2400 = CARTESIAN_POINT ( 'NONE',  ( 0.1026760486683900991, 0.4090882208655816088, 0.2406666666666666399 ) ) ;
#2401 = APPLICATION_PROTOCOL_DEFINITION ( 'draft international standard', 'automotive_design', 1998, #65 ) ;
#2402 = ORIENTED_EDGE ( 'NONE', *, *, #1111, .F. ) ;
#2403 = LINE ( 'NONE', #2103, #1723 ) ;
#2404 = EDGE_CURVE ( 'NONE', #2716, #3019, #1531, .T. ) ;
#2405 = CARTESIAN_POINT ( 'NONE',  ( -0.001316953073541345803, 0.4084270842473103902, 0.2406666666666666399 ) ) ;
#2406 = CARTESIAN_POINT ( 'NONE',  ( -0.2499999999955660468, 0.008333333333333303727, -0.2250000000000001998 ) ) ;
#2407 = CARTESIAN_POINT ( 'NONE',  ( -0.07731250422924156041, 0.4200784016393774301, 0.2416666666666666408 ) ) ;
#2408 = CARTESIAN_POINT ( 'NONE',  ( -0.02627243364374502038, 0.4709320017116410129, 0.2416666666666666408 ) ) ;
#2409 = DIRECTION ( 'NONE',  ( 0.000000000000000000, 0.000000000000000000, -1.000000000000000000 ) ) ;
#2410 = CARTESIAN_POINT ( 'NONE',  ( -0.2499999999999993616, 0.8000000000000000444, 0.2250000000000000611 ) ) ;
#2411 = CARTESIAN_POINT ( 'NONE',  ( 0.1026760486683900991, 0.4090882208655816088, 0.2416666666666666408 ) ) ;
#2412 = CARTESIAN_POINT ( 'NONE',  ( 0.1015085321851179612, 0.4183981856013492262, 0.2416666666666666408 ) ) ;
#2413 = ORIENTED_EDGE ( 'NONE', *, *, #216, .F. ) ;
#2414 = CARTESIAN_POINT ( 'NONE',  ( 0.1040194154517170289, 0.4118356955745404169, 0.2406666666666666399 ) ) ;
#2415 = ORIENTED_EDGE ( 'NONE', *, *, #1896, .F. ) ;
#2416 = CARTESIAN_POINT ( 'NONE',  ( -0.1083581231522729865, 0.4292790512703674732, 0.2406666666666666399 ) ) ;
#2417 = VECTOR ( 'NONE', #2506, 1000.000000000000000 ) ;
#2418 = AXIS2_PLACEMENT_3D ( 'NONE', #1585, #1313, #2113 ) ;
#2419 = EDGE_CURVE ( 'NONE', #1571, #1984, #2743, .T. ) ;
#2420 = VECTOR ( 'NONE', #1918, 1000.000000000000000 ) ;
#2421 = CARTESIAN_POINT ( 'NONE',  ( 0.1268677771640245033, 0.4263132788648859584, 0.2416666666666666408 ) ) ;
#2422 = VECTOR ( 'NONE', #2320, 1000.000000000000000 ) ;
#2423 = CARTESIAN_POINT ( 'NONE',  ( -0.07700754416804883595, 0.4300742364116478811, 0.2416666666666666408 ) ) ;
#2424 = CARTESIAN_POINT ( 'NONE',  ( 0.01568391590461077137, 0.4359850917888479227, 0.2406666666666666399 ) ) ;
#2425 = DIRECTION ( 'NONE',  ( -0.000000000000000000, 0.000000000000000000, -1.000000000000000000 ) ) ;
#2426 = CARTESIAN_POINT ( 'NONE',  ( -0.02163854549192249094, 0.4075111188402570916, 0.2416666666666666408 ) ) ;
#2427 = CARTESIAN_POINT ( 'NONE',  ( 0.09847812172727576918, 0.4086674355116638457, 0.2416666666666666408 ) ) ;
#2428 = CARTESIAN_POINT ( 'NONE',  ( 0.1062307436116094045, 0.4327430371005900889, 0.2416666666666666408 ) ) ;
#2429 = ORIENTED_EDGE ( 'NONE', *, *, #3189, .T. ) ;
#2430 = UNCERTAINTY_MEASURE_WITH_UNIT (LENGTH_MEASURE( 1.000000000000000082E-05 ), #1864, 'distance_accuracy_value', 'NONE');
#2431 = CARTESIAN_POINT ( 'NONE',  ( 0.09379468591616575701, 0.4298856117934056753, 0.2406666666666666399 ) ) ;
#2432 = EDGE_LOOP ( 'NONE', ( #537, #2970, #2643, #929 ) ) ;
#2433 = LINE ( 'NONE', #1172, #166 ) ;
#2434 = CARTESIAN_POINT ( 'NONE',  ( 0.04814799950918171451, 0.4355394353544217445, 0.2416666666666666685 ) ) ;
#2435 = CARTESIAN_POINT ( 'NONE',  ( 0.1267226911851232762, 0.4226660507035582826, 0.2416666666666666408 ) ) ;
#2436 = EDGE_CURVE ( 'NONE', #970, #2162, #251, .T. ) ;
#2437 = CARTESIAN_POINT ( 'NONE',  ( -0.1179650604159323962, 0.4377511436644703213, 0.2416666666666666408 ) ) ;
#2438 = CARTESIAN_POINT ( 'NONE',  ( 0.03066472778552477296, 0.4605230210034579330, 0.2406666666666666399 ) ) ;
#2439 = CARTESIAN_POINT ( 'NONE',  ( -0.4999999999999993339, 0.8000000000000000444, -0.2500000000000002220 ) ) ;
#2440 = CARTESIAN_POINT ( 'NONE',  ( 0.4749999999999994782, 0.7750000000000002442, 0.000000000000000000 ) ) ;
#2441 = EDGE_CURVE ( 'NONE', #1619, #238, #3121, .T. ) ;
#2442 = CARTESIAN_POINT ( 'NONE',  ( 0.1349643722412782743, 0.4388805905822174558, 0.2416666666666666408 ) ) ;
#2443 = CARTESIAN_POINT ( 'NONE',  ( 0.1304491809914709310, 0.4388959593964563699, 0.2416666666666666408 ) ) ;
#2444 = VERTEX_POINT ( 'NONE', #21 ) ;
#2445 = CARTESIAN_POINT ( 'NONE',  ( 0.06847347591454520932, 0.4088183765302866313, 0.2406666666666666399 ) ) ;
#2446 = FACE_OUTER_BOUND ( 'NONE', #2457, .T. ) ;
#2447 = ORIENTED_EDGE ( 'NONE', *, *, #1094, .F. ) ;
#2448 = CARTESIAN_POINT ( 'NONE',  ( 0.04665637143482159743, 0.4112812830328407832, 0.2416666666666666408 ) ) ;
#2449 = ORIENTED_EDGE ( 'NONE', *, *, #2034, .F. ) ;
#2450 = CARTESIAN_POINT ( 'NONE',  ( 0.4749999999999994782, 0.02499999999999995628, 0.2250000000000000611 ) ) ;
#2451 = CARTESIAN_POINT ( 'NONE',  ( -0.09038909656687457717, 0.4141335739073662148, 0.2416666666666666408 ) ) ;
#2452 = CARTESIAN_POINT ( 'NONE',  ( -0.04027227933761497181, 0.4398717129425249728, 0.2406666666666666399 ) ) ;
#2453 = DIRECTION ( 'NONE',  ( -3.701697761654402037E-15, -3.252606517456503047E-15, 1.000000000000000000 ) ) ;
#2454 = DIRECTION ( 'NONE',  ( -1.000000000000000000, 0.000000000000000000, 0.000000000000000000 ) ) ;
#2455 = CARTESIAN_POINT ( 'NONE',  ( 0.1043024990683179692, 0.4147522298915619077, 0.2416666666666666408 ) ) ;
#2456 = CARTESIAN_POINT ( 'NONE',  ( 0.09763935374593897543, 0.4390202076662955699, 0.2416666666666666408 ) ) ;
#2457 = EDGE_LOOP ( 'NONE', ( #2538, #886, #313, #3041 ) ) ;
#2458 = CARTESIAN_POINT ( 'NONE',  ( 0.06426133113590759560, 0.4188208274672631237, 0.2406666666666666399 ) ) ;
#2459 = CARTESIAN_POINT ( 'NONE',  ( 0.2499999999999993616, 0.02499999999998700137, 0.2500000000000000000 ) ) ;
#2460 = ORIENTED_EDGE ( 'NONE', *, *, #196, .T. ) ;
#2461 = LINE ( 'NONE', #1687, #1725 ) ;
#2462 = COLOUR_RGB ( '',0.6941176470588235059, 0.09803921568627450844, 0.09803921568627450844 ) ;
#2463 = EDGE_LOOP ( 'NONE', ( #3273, #821, #1500, #2166, #1938, #1682, #3105, #2239 ) ) ;
#2464 = AXIS2_PLACEMENT_3D ( 'NONE', #3084, #767, #17 ) ;
#2465 = CARTESIAN_POINT ( 'NONE',  ( -0.1276600888567725467, 0.4091428833100572149, 0.2416666666666666408 ) ) ;
#2466 = LINE ( 'NONE', #3261, #1288 ) ;
#2467 = CARTESIAN_POINT ( 'NONE',  ( -0.06365505874881631498, 0.4113935048391407223, 0.2406666666666666399 ) ) ;
#2468 = AXIS2_PLACEMENT_3D ( 'NONE', #972, #2805, #702 ) ;
#2469 = COLOUR_RGB ( '',0.6941176470588235059, 0.09803921568627450844, 0.09803921568627450844 ) ;
#2470 = DIRECTION ( 'NONE',  ( 0.000000000000000000, 0.000000000000000000, -1.000000000000000000 ) ) ;
#2471 = AXIS2_PLACEMENT_3D ( 'NONE', #2209, #331, #2479 ) ;
#2472 = CARTESIAN_POINT ( 'NONE',  ( 0.1183714519650691660, 0.4273979288962895251, 0.2416666666666666963 ) ) ;
#2473 = CARTESIAN_POINT ( 'NONE',  ( 0.1449363167867891988, 0.4351230294139478150, 0.2416666666666666408 ) ) ;
#2474 = CARTESIAN_POINT ( 'NONE',  ( 0.09204815380242535594, 0.4252950219105872676, 0.2406666666666666399 ) ) ;
#2475 =( GEOMETRIC_REPRESENTATION_CONTEXT ( 3 ) GLOBAL_UNCERTAINTY_ASSIGNED_CONTEXT ( ( #3205 ) ) GLOBAL_UNIT_ASSIGNED_CONTEXT ( ( #3108, #741, #1556 ) ) REPRESENTATION_CONTEXT ( 'NONE', 'WORKASPACE' ) );
#2476 = ORIENTED_EDGE ( 'NONE', *, *, #1111, .T. ) ;
#2477 = CARTESIAN_POINT ( 'NONE',  ( -0.04113373966782827434, 0.4182774516642583928, 0.2406666666666666399 ) ) ;
#2478 = DIRECTION ( 'NONE',  ( 5.552546642481647232E-15, 5.552546642481584123E-15, 1.000000000000000000 ) ) ;
#2479 = DIRECTION ( 'NONE',  ( 0.000000000000000000, 0.000000000000000000, 1.000000000000000000 ) ) ;
#2480 = EDGE_CURVE ( 'NONE', #2671, #895, #70, .T. ) ;
#2481 = AXIS2_PLACEMENT_3D ( 'NONE', #2890, #2612, #1373 ) ;
#2482 = EDGE_LOOP ( 'NONE', ( #1600, #958, #2739 ) ) ;
#2483 = FACE_OUTER_BOUND ( 'NONE', #3235, .T. ) ;
#2484 = SURFACE_SIDE_STYLE ('',( #1452 ) ) ;
#2485 = ORIENTED_EDGE ( 'NONE', *, *, #1447, .T. ) ;
#2486 = PLANE ( 'NONE',  #2316 ) ;
#2487 =( NAMED_UNIT ( * ) SI_UNIT ( $, .STERADIAN. ) SOLID_ANGLE_UNIT ( ) );
#2488 = CARTESIAN_POINT ( 'NONE',  ( -0.03461567159463614651, 0.4388449872238227023, 0.2416666666666666408 ) ) ;
#2489 = CARTESIAN_POINT ( 'NONE',  ( 0.1207997489221085546, 0.4331798097209980103, 0.2406666666666666399 ) ) ;
#2490 = CARTESIAN_POINT ( 'NONE',  ( -0.003922955655691937916, 0.4324901944411166932, 0.2416666666666666408 ) ) ;
#2491 = CARTESIAN_POINT ( 'NONE',  ( 0.09525581129965599025, 0.4339818059484583102, 0.2416666666666666408 ) ) ;
#2492 = CARTESIAN_POINT ( 'NONE',  ( 0.09155897800639477280, 0.4110036123762287885, 0.2416666666666666408 ) ) ;
#2493 = VERTEX_POINT ( 'NONE', #572 ) ;
#2494 = UNCERTAINTY_MEASURE_WITH_UNIT (LENGTH_MEASURE( 1.000000000000000082E-05 ), #1536, 'distance_accuracy_value', 'NONE');
#2495 = CARTESIAN_POINT ( 'NONE',  ( 0.02686569145567390890, 0.4688452828664252392, 0.2406666666666666399 ) ) ;
#2496 = LINE ( 'NONE', #2241, #1771 ) ;
#2497 = CARTESIAN_POINT ( 'NONE',  ( 0.04808731476194287591, 0.4355037485216345927, 0.2416666666666666408 ) ) ;
#2498 = ORIENTED_EDGE ( 'NONE', *, *, #391, .T. ) ;
#2499 = ADVANCED_FACE ( 'NONE', ( #556, #3086 ), #822, .F. ) ;
#2500 = CARTESIAN_POINT ( 'NONE',  ( 0.1461647441153565707, 0.4058363734094046493, 0.2416666666666666408 ) ) ;
#2501 = CARTESIAN_POINT ( 'NONE',  ( 0.004045092584422626744, 0.4422561918729348007, 0.2416666666666666130 ) ) ;
#2502 = CARTESIAN_POINT ( 'NONE',  ( 0.1462896377735003473, 0.4097310084218692694, 0.2406666666666666399 ) ) ;
#2503 = ORIENTED_EDGE ( 'NONE', *, *, #2091, .T. ) ;
#2504 = EDGE_CURVE ( 'NONE', #1127, #2003, #1166, .T. ) ;
#2505 = CARTESIAN_POINT ( 'NONE',  ( -0.1310715018370106622, 0.4189187762387779346, 0.2406666666666666399 ) ) ;
#2506 = DIRECTION ( 'NONE',  ( -0.000000000000000000, 0.000000000000000000, 1.000000000000000000 ) ) ;
#2507 = CARTESIAN_POINT ( 'NONE',  ( -0.05427955074409470532, 0.4201969439661676353, 0.2406666666666666399 ) ) ;
#2508 = CARTESIAN_POINT ( 'NONE',  ( -0.009601207895434451037, 0.4332789148061392259, 0.2416666666666666408 ) ) ;
#2509 = CARTESIAN_POINT ( 'NONE',  ( 0.07747327474001772241, 0.4402643284472546603, 0.2416666666666666408 ) ) ;
#2510 = CARTESIAN_POINT ( 'NONE',  ( 0.08581356868348795353, 0.4547738288287554997, 0.2406666666666666399 ) ) ;
#2511 = CARTESIAN_POINT ( 'NONE',  ( 0.005753183950329035339, 0.4314785714688143536, 0.2406666666666666399 ) ) ;
#2512 = CARTESIAN_POINT ( 'NONE',  ( -0.02948783261107978254, 0.4233022738439627397, 0.2406666666666666399 ) ) ;
#2513 = CARTESIAN_POINT ( 'NONE',  ( -0.1126581518850008762, 0.4157980190753030048, 0.2416666666666666408 ) ) ;
#2514 = CARTESIAN_POINT ( 'NONE',  ( 0.04594303369914179425, 0.4336836969548449883, 0.2416666666666666408 ) ) ;
#2515 = ORIENTED_EDGE ( 'NONE', *, *, #922, .T. ) ;
#2516 = DIRECTION ( 'NONE',  ( 0.000000000000000000, 0.000000000000000000, -1.000000000000000000 ) ) ;
#2517 = CARTESIAN_POINT ( 'NONE',  ( 0.05241222990938542575, 0.4366058448918763157, 0.2416666666666666408 ) ) ;
#2518 = CARTESIAN_POINT ( 'NONE',  ( -0.1209633846087149051, 0.4358462582166315880, 0.2416666666666666408 ) ) ;
#2519 = ORIENTED_EDGE ( 'NONE', *, *, #2419, .F. ) ;
#2520 =( NAMED_UNIT ( * ) SI_UNIT ( $, .STERADIAN. ) SOLID_ANGLE_UNIT ( ) );
#2521 = CARTESIAN_POINT ( 'NONE',  ( 0.2499999999999993616, 0.8000000000000000444, -0.2500000000000002220 ) ) ;
#2522 = DIRECTION ( 'NONE',  ( 0.000000000000000000, 0.000000000000000000, -1.000000000000000000 ) ) ;
#2523 = CARTESIAN_POINT ( 'NONE',  ( -0.05667154073928055286, 0.4107720583287428062, 0.2416666666666666408 ) ) ;
#2524 = ADVANCED_FACE ( 'NONE', ( #2626 ), #2385, .T. ) ;
#2525 = AXIS2_PLACEMENT_3D ( 'NONE', #2765, #1270, #200 ) ;
#2526 = CARTESIAN_POINT ( 'NONE',  ( -0.01116577589072561237, 0.4284133233288320852, 0.2416666666666666408 ) ) ;
#2527 = CIRCLE ( 'NONE', #2589, 0.02500000000000001180 ) ;
#2528 = CARTESIAN_POINT ( 'NONE',  ( 0.08720958410720347498, 0.4497068509561127914, 0.2416666666666666408 ) ) ;
#2529 = CARTESIAN_POINT ( 'NONE',  ( 0.09934221186228707479, 0.4596865064834257941, 0.2406666666666666399 ) ) ;
#2530 = DIRECTION ( 'NONE',  ( 3.701697761654403615E-15, -3.701697761654381527E-15, 1.000000000000000000 ) ) ;
#2531 = AXIS2_PLACEMENT_3D ( 'NONE', #1378, #2183, #1102 ) ;
#2532 = CARTESIAN_POINT ( 'NONE',  ( -0.05065516274931817359, 0.4321404533844345752, 0.2406666666666666399 ) ) ;
#2533 = FILL_AREA_STYLE_COLOUR ( '', #525 ) ;
#2534 = SURFACE_STYLE_FILL_AREA ( #1257 ) ;
#2535 = VECTOR ( 'NONE', #1071, 1000.000000000000000 ) ;
#2536 = ORIENTED_EDGE ( 'NONE', *, *, #1324, .T. ) ;
#2537 = CARTESIAN_POINT ( 'NONE',  ( -0.1200271346521790544, 0.4292560153222628738, 0.2416666666666666408 ) ) ;
#2538 = ORIENTED_EDGE ( 'NONE', *, *, #1596, .T. ) ;
#2539 = VECTOR ( 'NONE', #1010, 1000.000000000000000 ) ;
#2540 = LINE ( 'NONE', #521, #686 ) ;
#2541 = CARTESIAN_POINT ( 'NONE',  ( -0.003191294114073527869, 0.4402495077230896836, 0.2416666666666666130 ) ) ;
#2542 = SURFACE_SIDE_STYLE ('',( #940 ) ) ;
#2543 = CARTESIAN_POINT ( 'NONE',  ( -0.1179650604159323962, 0.4377511436644703213, 0.2406666666666666399 ) ) ;
#2544 = CARTESIAN_POINT ( 'NONE',  ( -0.05940334918510116469, 0.4302526067954298705, 0.2406666666666666399 ) ) ;
#2545 = CARTESIAN_POINT ( 'NONE',  ( -0.1308571721247718533, 0.4244434120288838042, 0.2406666666666666399 ) ) ;
#2546 = CARTESIAN_POINT ( 'NONE',  ( 0.1068436481554497219, 0.4442672621730798244, 0.2416666666666666408 ) ) ;
#2547 = CARTESIAN_POINT ( 'NONE',  ( 0.07583482450313963619, 0.4135405514951784323, 0.2416666666666666408 ) ) ;
#2548 = CARTESIAN_POINT ( 'NONE',  ( 0.4999999999999993339, 0.8000000000000000444, 0.2500000000000000000 ) ) ;
#2549 = EDGE_CURVE ( 'NONE', #2114, #2493, #1743, .T. ) ;
#2550 = CARTESIAN_POINT ( 'NONE',  ( 0.02141997416156628600, 0.4378438155320953928, 0.2406666666666666399 ) ) ;
#2551 = CARTESIAN_POINT ( 'NONE',  ( -0.1571012622637966705, 0.4077380493590048727, 0.2406666666666666399 ) ) ;
#2552 = FACE_OUTER_BOUND ( 'NONE', #3124, .T. ) ;
#2553 = ORIENTED_EDGE ( 'NONE', *, *, #1973, .F. ) ;
#2554 = CARTESIAN_POINT ( 'NONE',  ( 0.05045489940390739808, 0.4214067363037077851, 0.2406666666666666399 ) ) ;
#2555 = CARTESIAN_POINT ( 'NONE',  ( -0.4749999999999994782, 0.7750000000000002442, 0.000000000000000000 ) ) ;
#2556 = EDGE_LOOP ( 'NONE', ( #3243, #1428, #473, #1448 ) ) ;
#2557 = DIRECTION ( 'NONE',  ( 0.000000000000000000, -1.000000000000000000, 0.000000000000000000 ) ) ;
#2558 = PRESENTATION_STYLE_ASSIGNMENT (( #776 ) ) ;
#2559 = CARTESIAN_POINT ( 'NONE',  ( -0.08442984015771121120, 0.4400766933097526867, 0.2406666666666666399 ) ) ;
#2560 = B_SPLINE_CURVE_WITH_KNOTS ( 'NONE', 3,
 ( #504, #243, #1554, #3328, #3126, #2284, #2597, #1011, #1841, #1302, #2085, #2335, #1801 ),
 .UNSPECIFIED., .F., .F.,
 ( 4, 1, 1, 1, 1, 1, 1, 1, 1, 1, 4 ),
 ( 0.4999999999949583107, 0.5635384415110991085, 0.6175655869621431426, 0.6648445318128997084, 0.7179497466716637799, 0.7610692118864481603, 0.8122585493395304557, 0.8784886732150537503, 0.9031551458410695954, 0.9490085648452091238, 1.000000000000000000 ),
 .UNSPECIFIED. ) ;
#2561 = CARTESIAN_POINT ( 'NONE',  ( -0.1060139374486445546, 0.4093462735329701507, 0.2416666666666666408 ) ) ;
#2562 = CARTESIAN_POINT ( 'NONE',  ( 0.09509312003750969300, 0.4586685362112455921, 0.2416666666666666408 ) ) ;
#2563 = CARTESIAN_POINT ( 'NONE',  ( 0.08416552171458097087, 0.4435672718964574490, 0.2406666666666666399 ) ) ;
#2564 = ADVANCED_FACE ( 'NONE', ( #3201 ), #96, .T. ) ;
#2565 = CARTESIAN_POINT ( 'NONE',  ( 0.1234300603546045344, 0.4113595734979790808, 0.2406666666666666399 ) ) ;
#2566 = CARTESIAN_POINT ( 'NONE',  ( -0.05667154073928055286, 0.4107720583287428062, 0.2406666666666666399 ) ) ;
#2567 = CARTESIAN_POINT ( 'NONE',  ( 0.1252040783609749408, 0.4190679397538184525, 0.2406666666666666121 ) ) ;
#2568 = SURFACE_STYLE_USAGE ( .BOTH. , #2065 ) ;
#2569 = ADVANCED_FACE ( 'NONE', ( #2656 ), #1409, .F. ) ;
#2570 = ORIENTED_EDGE ( 'NONE', *, *, #717, .T. ) ;
#2571 = CARTESIAN_POINT ( 'NONE',  ( 0.1462896377735003473, 0.4097310084218692694, 0.2406666666666666399 ) ) ;
#2572 = DIRECTION ( 'NONE',  ( 0.000000000000000000, 0.000000000000000000, 1.000000000000000000 ) ) ;
#2573 = ORIENTED_EDGE ( 'NONE', *, *, #3244, .F. ) ;
#2574 = LINE ( 'NONE', #161, #963 ) ;
#2575 = CARTESIAN_POINT ( 'NONE',  ( -0.01377846220083465099, 0.4200773833895001252, 0.2416666666666666408 ) ) ;
#2576 = LINE ( 'NONE', #1285, #3115 ) ;
#2577 = CARTESIAN_POINT ( 'NONE',  ( -0.08956632904569383768, 0.4092800648243716810, 0.2406666666666666399 ) ) ;
#2578 = CARTESIAN_POINT ( 'NONE',  ( -0.09732148917783037256, 0.4294247446764932197, 0.2416666666666666408 ) ) ;
#2579 = CARTESIAN_POINT ( 'NONE',  ( 0.02084311322159607821, 0.4730819456052824390, 0.2416666666666666408 ) ) ;
#2580 = CARTESIAN_POINT ( 'NONE',  ( 0.07326397594305054939, 0.4392249641961274431, 0.2416666666666666408 ) ) ;
#2581 = VECTOR ( 'NONE', #827, 1000.000000000000000 ) ;
#2582 = CARTESIAN_POINT ( 'NONE',  ( -0.001316953073541345803, 0.4084270842473103902, 0.2406666666666666399 ) ) ;
#2583 = CIRCLE ( 'NONE', #1116, 0.01666666666666667337 ) ;
#2584 = CARTESIAN_POINT ( 'NONE',  ( -0.1373547974362210045, 0.4393441454802730628, 0.2406666666666666399 ) ) ;
#2585 = STYLED_ITEM ( 'NONE', ( #2605 ), #700 ) ;
#2586 = FILL_AREA_STYLE_COLOUR ( '', #317 ) ;
#2587 = CARTESIAN_POINT ( 'NONE',  ( 0.04105625751473677976, 0.4188750926464753221, 0.2406666666666666121 ) ) ;
#2588 = CARTESIAN_POINT ( 'NONE',  ( 0.1424992639369626890, 0.4089186940374158752, 0.2406666666666666399 ) ) ;
#2589 = AXIS2_PLACEMENT_3D ( 'NONE', #1025, #1853, #1275 ) ;
#2590 = PRESENTATION_LAYER_ASSIGNMENT (  '', '', ( #2102 ) ) ;
#2591 = CARTESIAN_POINT ( 'NONE',  ( 0.1009440004528318058, 0.4240382414233388464, 0.2406666666666666399 ) ) ;
#2592 = DIRECTION ( 'NONE',  ( 0.000000000000000000, 0.000000000000000000, 1.000000000000000000 ) ) ;
#2593 = EDGE_CURVE ( 'NONE', #3277, #558, #1148, .T. ) ;
#2594 = VERTEX_POINT ( 'NONE', #582 ) ;
#2595 = PRESENTATION_LAYER_ASSIGNMENT (  '', '', ( #426 ) ) ;
#2596 = CARTESIAN_POINT ( 'NONE',  ( 500000.0000000000582, 0.7916666666666668517, -0.2250000000433683145 ) ) ;
#2597 = CARTESIAN_POINT ( 'NONE',  ( 0.1154675446772543829, 0.4191417733348267727, 0.2416666666666666408 ) ) ;
#2598 =( NAMED_UNIT ( * ) PLANE_ANGLE_UNIT ( ) SI_UNIT ( $, .RADIAN. ) );
#2599 = CARTESIAN_POINT ( 'NONE',  ( 0.1461647441153565707, 0.4058363734094046493, 0.2406666666666666399 ) ) ;
#2600 = CARTESIAN_POINT ( 'NONE',  ( -0.08442984015771121120, 0.4400766933097526867, 0.2416666666666666408 ) ) ;
#2601 = AXIS2_PLACEMENT_3D ( 'NONE', #3104, #1816, #1622 ) ;
#2602 = CARTESIAN_POINT ( 'NONE',  ( -0.06036483768003826633, 0.4107311022436674897, 0.2416666666666666408 ) ) ;
#2603 = CARTESIAN_POINT ( 'NONE',  ( 0.07326397594305054939, 0.4392249641961274431, 0.2406666666666666399 ) ) ;
#2604 = CARTESIAN_POINT ( 'NONE',  ( -0.1047609461720813567, 0.4373425650224055383, 0.2406666666666666399 ) ) ;
#2605 = PRESENTATION_STYLE_ASSIGNMENT (( #1070 ) ) ;
#2606 = LINE ( 'NONE', #1883, #1068 ) ;
#2607 = ORIENTED_EDGE ( 'NONE', *, *, #1572, .T. ) ;
#2608 = CARTESIAN_POINT ( 'NONE',  ( 0.1121557195592772782, 0.4388368709350076724, 0.2406666666666666399 ) ) ;
#2609 = PRODUCT_CONTEXT ( 'NONE', #3232, 'mechanical' ) ;
#2610 = EDGE_LOOP ( 'NONE', ( #105, #859, #1798, #3002 ) ) ;
#2611 = EDGE_CURVE ( 'NONE', #1963, #1619, #3187, .T. ) ;
#2612 = DIRECTION ( 'NONE',  ( 1.000000000000000000, 0.000000000000000000, -8.673617379884036705E-17 ) ) ;
#2613 = DIRECTION ( 'NONE',  ( 0.000000000000000000, -1.000000000000000000, -0.000000000000000000 ) ) ;
#2614 = PLANE ( 'NONE',  #2306 ) ;
#2615 = FACE_OUTER_BOUND ( 'NONE', #1351, .T. ) ;
#2616 = EDGE_CURVE ( 'NONE', #2191, #255, #2125, .T. ) ;
#2617 = DIRECTION ( 'NONE',  ( 0.000000000000000000, 0.000000000000000000, 1.000000000000000000 ) ) ;
#2618 = CARTESIAN_POINT ( 'NONE',  ( 0.01748328586761297571, 0.4196826751505511321, 0.2416666666666666408 ) ) ;
#2619 = CARTESIAN_POINT ( 'NONE',  ( 0.06931406395414282939, 0.4347590082814977164, 0.2406666666666666399 ) ) ;
#2620 = CARTESIAN_POINT ( 'NONE',  ( -0.002358310687806232289, 0.4666160678681700036, 0.2416666666666666130 ) ) ;
#2621 = CARTESIAN_POINT ( 'NONE',  ( -0.05940334918510116469, 0.4302526067954298705, 0.2406666666666666399 ) ) ;
#2622 = FILL_AREA_STYLE ('',( #2586 ) ) ;
#2623 = LINE ( 'NONE', #1813, #3172 ) ;
#2624 = CARTESIAN_POINT ( 'NONE',  ( -0.002557341145127113753, 0.4614837021577191667, 0.2416666666666666408 ) ) ;
#2625 = EDGE_LOOP ( 'NONE', ( #1301, #1998, #1519, #2719 ) ) ;
#2626 = FACE_OUTER_BOUND ( 'NONE', #2432, .T. ) ;
#2627 = DIRECTION ( 'NONE',  ( 0.000000000000000000, 0.000000000000000000, 1.000000000000000000 ) ) ;
#2628 = ORIENTED_EDGE ( 'NONE', *, *, #1651, .T. ) ;
#2629 = CARTESIAN_POINT ( 'NONE',  ( 0.002785297901842038060, 0.4417808328694400877, 0.2406666666666666399 ) ) ;
#2630 = PRESENTATION_STYLE_ASSIGNMENT (( #2650 ) ) ;
#2631 = FACE_OUTER_BOUND ( 'NONE', #1430, .T. ) ;
#2632 = CARTESIAN_POINT ( 'NONE',  ( -0.1011428682097384318, 0.4336490035915261942, 0.2416666666666666408 ) ) ;
#2633 = CARTESIAN_POINT ( 'NONE',  ( -0.1145901978483455097, 0.4058363734094046493, 0.2416666666666666408 ) ) ;
#2634 = EDGE_CURVE ( 'NONE', #558, #2148, #2172, .T. ) ;
#2635 = CARTESIAN_POINT ( 'NONE',  ( -0.05065516274931817359, 0.4321404533844345752, 0.2416666666666666408 ) ) ;
#2636 = CARTESIAN_POINT ( 'NONE',  ( -0.01796706073383312618, 0.4734883257990067928, 0.2406666666666666399 ) ) ;
#2637 =( NAMED_UNIT ( * ) SI_UNIT ( $, .STERADIAN. ) SOLID_ANGLE_UNIT ( ) );
#2638 = CARTESIAN_POINT ( 'NONE',  ( -0.07700754416804883595, 0.4300742364116478811, 0.2406666666666666399 ) ) ;
#2639 = CARTESIAN_POINT ( 'NONE',  ( -0.1016694016858380040, 0.4212866370023156115, 0.2416666666666666408 ) ) ;
#2640 = VECTOR ( 'NONE', #2357, 1000.000000000000000 ) ;
#2641 = CARTESIAN_POINT ( 'NONE',  ( 0.04739785914847294973, 0.4351349883508033312, 0.2416666666666666685 ) ) ;
#2642 = CARTESIAN_POINT ( 'NONE',  ( 0.1009440004528318058, 0.4240382414233388464, 0.2406666666666666399 ) ) ;
#2643 = ORIENTED_EDGE ( 'NONE', *, *, #2277, .T. ) ;
#2644 = CARTESIAN_POINT ( 'NONE',  ( 0.1349643722412782743, 0.4388805905822174558, 0.2406666666666666399 ) ) ;
#2645 = SHAPE_DEFINITION_REPRESENTATION ( #1727, #2260 ) ;
#2646 = AXIS2_PLACEMENT_3D ( 'NONE', #954, #3274, #1467 ) ;
#2647 = ORIENTED_EDGE ( 'NONE', *, *, #2708, .T. ) ;
#2648 = AXIS2_PLACEMENT_3D ( 'NONE', #1669, #2032, #2261 ) ;
#2649 = DIRECTION ( 'NONE',  ( 1.000000000000000000, 0.000000000000000000, -8.673617379884035472E-17 ) ) ;
#2650 = SURFACE_STYLE_USAGE ( .BOTH. , #149 ) ;
#2651 = CARTESIAN_POINT ( 'NONE',  ( 0.008703046558096970420, 0.4690924360517720881, 0.2406666666666666399 ) ) ;
#2652 = CARTESIAN_POINT ( 'NONE',  ( 0.1286870717116050944, 0.4295130927938525800, 0.2416666666666666408 ) ) ;
#2653 = CARTESIAN_POINT ( 'NONE',  ( -0.1445509543992734014, 0.4318525355189653525, 0.2416666666666666408 ) ) ;
#2654 = CARTESIAN_POINT ( 'NONE',  ( -0.02444126742531866833, 0.4667643569593222796, 0.2416666666666666408 ) ) ;
#2655 = B_SPLINE_SURFACE_WITH_KNOTS ( 'NONE', 3, 1, ( 
 ( #492, #2633 ),
 ( #1524, #1824 ),
 ( #526, #2832 ),
 ( #298, #12 ),
 ( #2339, #507 ),
 ( #2374, #1047 ),
 ( #43, #283 ),
 ( #797, #2578 ),
 ( #60, #1016 ),
 ( #1845, #2040 ),
 ( #3063, #1307 ),
 ( #2867, #2561 ),
 ( #1031, #262 ) ),
 .UNSPECIFIED., .F., .F., .F.,
 ( 4, 1, 1, 1, 1, 1, 1, 1, 1, 1, 4 ),
 ( 2, 2 ),
 ( 0.000000000000000000, 0.2032355955287680205, 0.3172444422460968250, 0.4265630972105112217, 0.4752711291043301145, 0.5320117315009416092, 0.5704393900603133005, 0.6482696481191541071, 0.6992762687055553705, 0.8245467334601485065, 1.000000000000000000 ),
 ( 0.000000000000000000, 1.000000000000000000 ),
 .UNSPECIFIED. ) ;
#2656 = FACE_OUTER_BOUND ( 'NONE', #2981, .T. ) ;
#2657 = DIRECTION ( 'NONE',  ( 0.000000000000000000, 0.000000000000000000, -1.000000000000000000 ) ) ;
#2658 = CARTESIAN_POINT ( 'NONE',  ( 0.1393582477210453252, 0.4386681735859873643, 0.2406666666666666399 ) ) ;
#2659 = AXIS2_PLACEMENT_3D ( 'NONE', #3258, #1640, #2675 ) ;
#2660 = EDGE_CURVE ( 'NONE', #753, #1077, #2141, .T. ) ;
#2661 = CARTESIAN_POINT ( 'NONE',  ( 0.09126449103735723156, 0.4213439100664772008, 0.2406666666666666399 ) ) ;
#2662 = DIRECTION ( 'NONE',  ( 1.000000000000000000, 0.000000000000000000, 0.000000000000000000 ) ) ;
#2663 = ORIENTED_EDGE ( 'NONE', *, *, #1651, .F. ) ;
#2664 = CARTESIAN_POINT ( 'NONE',  ( 0.1218587651361704299, 0.4108656204070357254, 0.2406666666666666399 ) ) ;
#2665 = CARTESIAN_POINT ( 'NONE',  ( -0.4999999999999994449, 0.02499999999999995975, -0.2500000000000002220 ) ) ;
#2666 = CARTESIAN_POINT ( 'NONE',  ( -0.1111810227459705813, 0.4402559060814966729, 0.2416666666666666408 ) ) ;
#2667 = CARTESIAN_POINT ( 'NONE',  ( 0.01748328586761297571, 0.4196826751505511321, 0.2416666666666666408 ) ) ;
#2668 = DIRECTION ( 'NONE',  ( -0.000000000000000000, 1.000000000000000000, 0.000000000000000000 ) ) ;
#2669 = CARTESIAN_POINT ( 'NONE',  ( 0.1038807170926098478, 0.4286005788381180293, 0.2416666666666666408 ) ) ;
#2670 = CARTESIAN_POINT ( 'NONE',  ( 0.1376423660626200085, 0.4131108364376872011, 0.2416666666666666408 ) ) ;
#2671 = VERTEX_POINT ( 'NONE', #381 ) ;
#2672 = CARTESIAN_POINT ( 'NONE',  ( 0.07365050299708850168, 0.4182142404526161816, 0.2406666666666666399 ) ) ;
#2673 = EDGE_CURVE ( 'NONE', #1165, #1639, #1678, .T. ) ;
#2674 = ORIENTED_EDGE ( 'NONE', *, *, #253, .T. ) ;
#2675 = DIRECTION ( 'NONE',  ( 0.000000000000000000, 0.000000000000000000, -1.000000000000000000 ) ) ;
#2676 = CARTESIAN_POINT ( 'NONE',  ( -0.0004204985312055600603, 0.4163399965035615158, 0.2416666666666666408 ) ) ;
#2677 = CARTESIAN_POINT ( 'NONE',  ( 0.1223992893490457867, 0.4339601351666154128, 0.2416666666666666685 ) ) ;
#2678 = CARTESIAN_POINT ( 'NONE',  ( -0.1465913150260258757, 0.4341802317401869393, 0.2416666666666666408 ) ) ;
#2679 = CARTESIAN_POINT ( 'NONE',  ( 0.01500788810683613590, 0.4385842751911363524, 0.2416666666666666408 ) ) ;
#2680 = DIRECTION ( 'NONE',  ( -1.000000000000000000, -0.000000000000000000, 8.673617379884035472E-17 ) ) ;
#2681 = DIRECTION ( 'NONE',  ( -4.336808689942020891E-15, 0.000000000000000000, -1.000000000000000000 ) ) ;
#2682 = CARTESIAN_POINT ( 'NONE',  ( 0.1008828668387453803, 0.4092625470723428860, 0.2416666666666666408 ) ) ;
#2683 = CARTESIAN_POINT ( 'NONE',  ( 0.1040194154517170289, 0.4118356955745404169, 0.2416666666666666408 ) ) ;
#2684 = ORIENTED_EDGE ( 'NONE', *, *, #2254, .T. ) ;
#2685 = CARTESIAN_POINT ( 'NONE',  ( 0.09204815380242535594, 0.4252950219105872676, 0.2406666666666666399 ) ) ;
#2686 = EDGE_LOOP ( 'NONE', ( #3102, #3207, #3004, #387 ) ) ;
#2687 = CARTESIAN_POINT ( 'NONE',  ( 0.000000000000000000, 0.000000000000000000, 0.000000000000000000 ) ) ;
#2688 = COLOUR_RGB ( '',0.4862745098039215619, 0.2352941176470588203, 0.01568627450980392135 ) ;
#2689 = FACE_OUTER_BOUND ( 'NONE', #1072, .T. ) ;
#2690 = MECHANICAL_DESIGN_GEOMETRIC_PRESENTATION_REPRESENTATION (  '', ( #1552 ), #1280 ) ;
#2691 = EDGE_CURVE ( 'NONE', #558, #1736, #1774, .T. ) ;
#2692 = DIRECTION ( 'NONE',  ( -8.673617379884036705E-17, -3.614007241618347908E-17, -1.000000000000000000 ) ) ;
#2693 = AXIS2_PLACEMENT_3D ( 'NONE', #24, #7, #1820 ) ;
#2694 = CARTESIAN_POINT ( 'NONE',  ( -0.08799203547386590107, 0.4252395345128215931, 0.2416666666666666408 ) ) ;
#2695 = CARTESIAN_POINT ( 'NONE',  ( 0.01541590456813037545, 0.4157766361997263793, 0.2416666666666666408 ) ) ;
#2696 = SHAPE_REPRESENTATION ( 'GRM158R61A226ME15D_2_3', ( #1177 ), #695 ) ;
#2697 = CARTESIAN_POINT ( 'NONE',  ( 500000.0000000000582, 0.7750000000000002442, -0.2250000000433683145 ) ) ;
#2698 = CARTESIAN_POINT ( 'NONE',  ( -0.01530586998736219347, 0.4159273939210763604, 0.2416666666666666408 ) ) ;
#2699 = PLANE ( 'NONE',  #109 ) ;
#2700 = CARTESIAN_POINT ( 'NONE',  ( 0.1414232249946137665, 0.4253019752751827087, 0.2416666666666666408 ) ) ;
#2701 = ORIENTED_EDGE ( 'NONE', *, *, #824, .T. ) ;
#2702 = UNCERTAINTY_MEASURE_WITH_UNIT (LENGTH_MEASURE( 1.000000000000000082E-05 ), #1022, 'distance_accuracy_value', 'NONE');
#2703 = CARTESIAN_POINT ( 'NONE',  ( 0.1057555784963790657, 0.4406840385583257746, 0.2406666666666666399 ) ) ;
#2704 = SHAPE_DEFINITION_REPRESENTATION ( #2761, #1544 ) ;
#2705 = PRODUCT_DEFINITION_FORMATION_WITH_SPECIFIED_SOURCE ( 'ANY', '', #3264, .NOT_KNOWN. ) ;
#2706 = ORIENTED_EDGE ( 'NONE', *, *, #2976, .T. ) ;
#2707 = FACE_OUTER_BOUND ( 'NONE', #2997, .T. ) ;
#2708 = EDGE_CURVE ( 'NONE', #2731, #1933, #2199, .T. ) ;
#2709 = ORIENTED_EDGE ( 'NONE', *, *, #1596, .F. ) ;
#2710 = CARTESIAN_POINT ( 'NONE',  ( 500000.0000000000582, 0.02499999999999995628, -0.2416666667100349775 ) ) ;
#2711 = CARTESIAN_POINT ( 'NONE',  ( -0.07606356702982167151, 0.4327151853902546641, 0.2416666666666666408 ) ) ;
#2712 = LINE ( 'NONE', #890, #1563 ) ;
#2713 = LINE ( 'NONE', #97, #3228 ) ;
#2714 = CARTESIAN_POINT ( 'NONE',  ( 0.1424788155650117127, 0.4387677796502401639, 0.2416666666666666408 ) ) ;
#2715 = CARTESIAN_POINT ( 'NONE',  ( 0.08830748187618030209, 0.4612041193669758066, 0.2416666666666666408 ) ) ;
#2716 = VERTEX_POINT ( 'NONE', #599 ) ;
#2717 = ITEM_DEFINED_TRANSFORMATION ( 'NONE', 'NONE', #2271,  #1177 ) ;
#2718 = PLANE ( 'NONE',  #3010 ) ;
#2719 = ORIENTED_EDGE ( 'NONE', *, *, #3039, .T. ) ;
#2720 = FACE_OUTER_BOUND ( 'NONE', #838, .T. ) ;
#2721 = CARTESIAN_POINT ( 'NONE',  ( 0.04957996208773559482, 0.4363444977740921771, 0.2416666666666666408 ) ) ;
#2722 = EDGE_LOOP ( 'NONE', ( #101, #1484, #73 ) ) ;
#2723 = DIRECTION ( 'NONE',  ( 0.000000000000000000, 0.000000000000000000, -1.000000000000000000 ) ) ;
#2724 = DIRECTION ( 'NONE',  ( 0.000000000000000000, 0.000000000000000000, -1.000000000000000000 ) ) ;
#2725 = CARTESIAN_POINT ( 'NONE',  ( -0.03339208061612995715, 0.4088582344225342724, 0.2416666666666666408 ) ) ;
#2726 = ADVANCED_FACE ( 'NONE', ( #2182 ), #866, .T. ) ;
#2727 = CARTESIAN_POINT ( 'NONE',  ( 0.003356059041237152360, 0.4683794309371474007, 0.2406666666666666399 ) ) ;
#2728 = CARTESIAN_POINT ( 'NONE',  ( 0.0002364192228424487048, 0.4332245827620948009, 0.2416666666666666408 ) ) ;
#2729 = CARTESIAN_POINT ( 'NONE',  ( 0.1461647441153565707, 0.4058363734094046493, 0.2416666666666666408 ) ) ;
#2730 = CARTESIAN_POINT ( 'NONE',  ( 0.1057555784963790657, 0.4406840385583257746, 0.2406666666666666399 ) ) ;
#2731 = VERTEX_POINT ( 'NONE', #832 ) ;
#2732 = UNCERTAINTY_MEASURE_WITH_UNIT (LENGTH_MEASURE( 1.000000000000000082E-05 ), #3278, 'distance_accuracy_value', 'NONE');
#2733 = CARTESIAN_POINT ( 'NONE',  ( 0.01658673395744311371, 0.4092125890159771240, 0.2406666666666666399 ) ) ;
#2734 = PLANE ( 'NONE',  #2745 ) ;
#2735 = ORIENTED_EDGE ( 'NONE', *, *, #2419, .T. ) ;
#2736 = CARTESIAN_POINT ( 'NONE',  ( -0.09732148917783037256, 0.4294247446764932197, 0.2406666666666666399 ) ) ;
#2737 = CARTESIAN_POINT ( 'NONE',  ( 0.04606332367574732939, 0.4111906037714830875, 0.2416666666666666685 ) ) ;
#2738 = COLOUR_RGB ( '',0.6941176470588235059, 0.09803921568627450844, 0.09803921568627450844 ) ;
#2739 = ORIENTED_EDGE ( 'NONE', *, *, #635, .T. ) ;
#2740 = STYLED_ITEM ( 'NONE', ( #1995 ), #617 ) ;
#2741 = DIRECTION ( 'NONE',  ( 8.673617379884036705E-17, 3.614007241618347908E-17, 1.000000000000000000 ) ) ;
#2742 = DIRECTION ( 'NONE',  ( -8.673617379884036705E-17, -3.614007241618347908E-17, -1.000000000000000000 ) ) ;
#2743 = CIRCLE ( 'NONE', #1118, 0.02499999999999995628 ) ;
#2744 = CARTESIAN_POINT ( 'NONE',  ( -0.1557564100672360896, 0.4058363734094046493, 0.2406666666666666399 ) ) ;
#2745 = AXIS2_PLACEMENT_3D ( 'NONE', #170, #932, #1980 ) ;
#2746 = CARTESIAN_POINT ( 'NONE',  ( 0.1161499970502719581, 0.4101675286406385457, 0.2406666666666666121 ) ) ;
#2747 = CARTESIAN_POINT ( 'NONE',  ( 0.07813491860551785573, 0.4438841104062464238, 0.2416666666666666408 ) ) ;
#2748 = CARTESIAN_POINT ( 'NONE',  ( 0.1068436481554497219, 0.4442672621730798244, 0.2416666666666666408 ) ) ;
#2749 = ADVANCED_FACE ( 'NONE', ( #1901 ), #351, .T. ) ;
#2750 = AXIS2_PLACEMENT_3D ( 'NONE', #179, #2742, #2789 ) ;
#2751 = ORIENTED_EDGE ( 'NONE', *, *, #67, .F. ) ;
#2752 = CARTESIAN_POINT ( 'NONE',  ( 0.01541590456813037545, 0.4157766361997263793, 0.2406666666666666399 ) ) ;
#2753 = CARTESIAN_POINT ( 'NONE',  ( -0.1051839396800506032, 0.4058363734094046493, 0.2406666666666666399 ) ) ;
#2754 = CARTESIAN_POINT ( 'NONE',  ( 0.04105625751473677976, 0.4188750926464753221, 0.2416666666666666408 ) ) ;
#2755 = EDGE_CURVE ( 'NONE', #1984, #2889, #621, .T. ) ;
#2756 = EDGE_LOOP ( 'NONE', ( #673, #3321, #1453, #2663 ) ) ;
#2757 = FACE_OUTER_BOUND ( 'NONE', #289, .T. ) ;
#2758 = CIRCLE ( 'NONE', #1179, 0.02500000000000001180 ) ;
#2759 = CYLINDRICAL_SURFACE ( 'NONE', #1297, 0.02499999999999990424 ) ;
#2760 = ORIENTED_EDGE ( 'NONE', *, *, #2691, .F. ) ;
#2761 = PRODUCT_DEFINITION_SHAPE ( 'NONE', 'NONE',  #1610 ) ;
#2762 = CARTESIAN_POINT ( 'NONE',  ( -0.03461567159463614651, 0.4388449872238227023, 0.2406666666666666399 ) ) ;
#2763 = CARTESIAN_POINT ( 'NONE',  ( 0.005753183950329035339, 0.4314785714688143536, 0.2416666666666666408 ) ) ;
#2764 = CARTESIAN_POINT ( 'NONE',  ( 0.03934382030539912423, 0.4397853874672112973, 0.2416666666666666408 ) ) ;
#2765 = CARTESIAN_POINT ( 'NONE',  ( 0.2499999999999993616, 0.7750000000000002442, 0.2250000000000000611 ) ) ;
#2766 = CARTESIAN_POINT ( 'NONE',  ( -0.02627243364374502038, 0.4709320017116410129, 0.2406666666666666399 ) ) ;
#2767 = CARTESIAN_POINT ( 'NONE',  ( -0.1571012622637966705, 0.4077380493590048727, 0.2416666666666666408 ) ) ;
#2768 = CARTESIAN_POINT ( 'NONE',  ( 0.04094178161069816219, 0.4101350369178582422, 0.2416666666666666408 ) ) ;
#2769 = CARTESIAN_POINT ( 'NONE',  ( 0.1217316617079612778, 0.4336602044981517912, 0.2406666666666666676 ) ) ;
#2770 = EDGE_CURVE ( 'NONE', #424, #701, #2712, .T. ) ;
#2771 = FILL_AREA_STYLE_COLOUR ( '', #3332 ) ;
#2772 = ORIENTED_EDGE ( 'NONE', *, *, #1404, .T. ) ;
#2773 = CARTESIAN_POINT ( 'NONE',  ( -0.009601207895434451037, 0.4332789148061392259, 0.2406666666666666399 ) ) ;
#2774 = CARTESIAN_POINT ( 'NONE',  ( -0.2499999999955660468, 0.7750000000000002442, 0.2416666666666666685 ) ) ;
#2775 = CARTESIAN_POINT ( 'NONE',  ( -0.04009217812800063702, 0.4225790735093927775, 0.2416666666666666408 ) ) ;
#2776 = CARTESIAN_POINT ( 'NONE',  ( -0.001316953073541345803, 0.4084270842473103902, 0.2416666666666666408 ) ) ;
#2777 = CARTESIAN_POINT ( 'NONE',  ( 0.08204939434026208012, 0.4362775275067270475, 0.2416666666666666408 ) ) ;
#2778 = CARTESIAN_POINT ( 'NONE',  ( 0.1032448088884183046, 0.4387511944781851136, 0.2416666666666666408 ) ) ;
#2779 = CARTESIAN_POINT ( 'NONE',  ( -0.4749999999999994782, 0.7750000000000002442, 0.2250000000000000888 ) ) ;
#2780 = CARTESIAN_POINT ( 'NONE',  ( 0.02840155620209578249, 0.4119946055876675395, 0.2406666666666666399 ) ) ;
#2781 = CARTESIAN_POINT ( 'NONE',  ( -0.1445509543992734014, 0.4318525355189653525, 0.2416666666666666408 ) ) ;
#2782 = CARTESIAN_POINT ( 'NONE',  ( 0.03954291100377047008, 0.4165907356518002147, 0.2416666666666666408 ) ) ;
#2783 = VERTEX_POINT ( 'NONE', #1944 ) ;
#2784 = DIRECTION ( 'NONE',  ( -1.000000000000000000, -0.000000000000000000, 8.673617379884035472E-17 ) ) ;
#2785 = ORIENTED_EDGE ( 'NONE', *, *, #2342, .T. ) ;
#2786 = VECTOR ( 'NONE', #318, 1000.000000000000000 ) ;
#2787 = FACE_OUTER_BOUND ( 'NONE', #187, .T. ) ;
#2788 = CARTESIAN_POINT ( 'NONE',  ( 0.002785297901842038494, 0.4417808328694401432, 0.2406666666666666399 ) ) ;
#2789 = DIRECTION ( 'NONE',  ( -1.000000000000000000, 0.000000000000000000, 8.673617379884036705E-17 ) ) ;
#2790 = CARTESIAN_POINT ( 'NONE',  ( -0.07540304570539678453, 0.4250850321559761502, 0.2406666666666666399 ) ) ;
#2791 = EDGE_CURVE ( 'NONE', #541, #885, #640, .T. ) ;
#2792 = AXIS2_PLACEMENT_3D ( 'NONE', #2327, #1067, #831 ) ;
#2793 =( LENGTH_UNIT ( ) NAMED_UNIT ( * ) SI_UNIT ( .MILLI., .METRE. ) );
#2794 = AXIS2_PLACEMENT_3D ( 'NONE', #1517, #239, #2516 ) ;
#2795 = AXIS2_PLACEMENT_3D ( 'NONE', #2753, #3289, #1000 ) ;
#2796 = CARTESIAN_POINT ( 'NONE',  ( 0.09914376539019001400, 0.4509189626806965334, 0.2416666666666666408 ) ) ;
#2797 = CARTESIAN_POINT ( 'NONE',  ( 0.07679511522768993348, 0.4111493666920056911, 0.2406666666666666399 ) ) ;
#2798 = B_SPLINE_CURVE_WITH_KNOTS ( 'NONE', 3,
 ( #1930, #2426, #382, #2945, #2698, #622, #464, #2526, #2508, #2490, #2728, #2763, #3248, #3283, #657, #2776, #2236, #690 ),
 .UNSPECIFIED., .F., .F.,
 ( 4, 1, 1, 1, 1, 1, 1, 1, 1, 1, 1, 1, 1, 1, 1, 4 ),
 ( 0.000000000000000000, 0.09323730059264867531, 0.1273994519722465579, 0.1812050325470629941, 0.2476256991005829633, 0.3046022947457108776, 0.3703547684750004843, 0.4137900050234156746, 0.4874251544221746002, 0.5521988748995649843, 0.6063257939307054034, 0.6588056397408041942, 0.7286134902770639021, 0.8201149085797335703, 0.8999574290051208791, 1.000000000000000000 ),
 .UNSPECIFIED. ) ;
#2799 = DIRECTION ( 'NONE',  ( 0.000000000000000000, 0.000000000000000000, -1.000000000000000000 ) ) ;
#2800 = VECTOR ( 'NONE', #1361, 1000.000000000000000 ) ;
#2801 = CARTESIAN_POINT ( 'NONE',  ( 0.02943101561317685091, 0.4149747460370721286, 0.2406666666666666399 ) ) ;
#2802 =( NAMED_UNIT ( * ) SI_UNIT ( $, .STERADIAN. ) SOLID_ANGLE_UNIT ( ) );
#2803 = DIRECTION ( 'NONE',  ( 1.084202172485506327E-14, -8.673617379884049672E-15, -1.000000000000000000 ) ) ;
#2804 = EDGE_LOOP ( 'NONE', ( #2772, #1888, #361, #355 ) ) ;
#2805 = DIRECTION ( 'NONE',  ( 0.000000000000000000, 0.000000000000000000, 1.000000000000000000 ) ) ;
#2806 = CARTESIAN_POINT ( 'NONE',  ( 0.4999999999999993339, 0.7750000000000002442, 0.2500000000000000000 ) ) ;
#2807 = ORIENTED_EDGE ( 'NONE', *, *, #377, .F. ) ;
#2808 = STYLED_ITEM ( 'NONE', ( #825 ), #2954 ) ;
#2809 = CARTESIAN_POINT ( 'NONE',  ( 0.1202736728398190874, 0.4300630862801846366, 0.2406666666666666399 ) ) ;
#2810 = CARTESIAN_POINT ( 'NONE',  ( -0.4999999999999993339, 0.02499999999999997016, -0.2500000000000002220 ) ) ;
#2811 = ADVANCED_FACE ( 'NONE', ( #64 ), #1085, .F. ) ;
#2812 = SURFACE_STYLE_USAGE ( .BOTH. , #3090 ) ;
#2813 = DIRECTION ( 'NONE',  ( -5.552546642481606212E-15, -3.701697761654383105E-15, 1.000000000000000000 ) ) ;
#2814 = PRODUCT_DEFINITION_FORMATION_WITH_SPECIFIED_SOURCE ( 'ANY', '', #699, .NOT_KNOWN. ) ;
#2815 = CARTESIAN_POINT ( 'NONE',  ( -0.08098661083385798320, 0.4315513756828406322, 0.2406666666666666399 ) ) ;
#2816 = EDGE_CURVE ( 'NONE', #2493, #23, #140, .T. ) ;
#2817 = CARTESIAN_POINT ( 'NONE',  ( 0.04537838614729028386, 0.4383617223051393674, 0.2416666666666666408 ) ) ;
#2818 = CARTESIAN_POINT ( 'NONE',  ( 0.07378957239844759208, 0.4432985582838808170, 0.2416666666666666408 ) ) ;
#2819 = FACE_OUTER_BOUND ( 'NONE', #1057, .T. ) ;
#2820 = CARTESIAN_POINT ( 'NONE',  ( -0.1405140068708881640, 0.4309951279993537998, 0.2406666666666666399 ) ) ;
#2821 = CARTESIAN_POINT ( 'NONE',  ( 0.4999999999999993339, -5.421010862427522170E-17, -0.2250000000000001998 ) ) ;
#2822 = CARTESIAN_POINT ( 'NONE',  ( 0.04579842389076930337, 0.4111500995853226148, 0.2416666666666666408 ) ) ;
#2823 = ORIENTED_EDGE ( 'NONE', *, *, #2755, .F. ) ;
#2824 = CARTESIAN_POINT ( 'NONE',  ( -0.4999999999999993339, 0.02499999999999995628, 0.2250000000000000611 ) ) ;
#2825 = CARTESIAN_POINT ( 'NONE',  ( -0.1465913150260258757, 0.4341802317401869393, 0.2406666666666666399 ) ) ;
#2826 = ORIENTED_EDGE ( 'NONE', *, *, #922, .F. ) ;
#2827 = FACE_OUTER_BOUND ( 'NONE', #1278, .T. ) ;
#2828 = DIRECTION ( 'NONE',  ( -3.134651602192766916E-33, 1.000000000000000000, -3.614007241618347908E-17 ) ) ;
#2829 = LINE ( 'NONE', #2521, #1603 ) ;
#2830 = CARTESIAN_POINT ( 'NONE',  ( -0.4749999999999994782, 0.02499999999999998404, 0.2250000000000001443 ) ) ;
#2831 = CARTESIAN_POINT ( 'NONE',  ( -0.06000665909612333537, 0.4379336094586350758, 0.2416666666666666408 ) ) ;
#2832 = CARTESIAN_POINT ( 'NONE',  ( -0.1126581518850008762, 0.4157980190753030048, 0.2416666666666666408 ) ) ;
#2833 = CARTESIAN_POINT ( 'NONE',  ( 0.01467572003762418649, 0.4330551873115350836, 0.2416666666666666408 ) ) ;
#2834 = CARTESIAN_POINT ( 'NONE',  ( 0.07911158743935359228, 0.4244995397203416010, 0.2416666666666666408 ) ) ;
#2835 = CARTESIAN_POINT ( 'NONE',  ( 0.1245860691818689858, 0.4333345122129575455, 0.2406666666666666399 ) ) ;
#2836 = EDGE_CURVE ( 'NONE', #23, #2017, #2574, .T. ) ;
#2837 = CARTESIAN_POINT ( 'NONE',  ( -0.1011428682097384318, 0.4336490035915261942, 0.2406666666666666399 ) ) ;
#2838 = CARTESIAN_POINT ( 'NONE',  ( -0.1083581231522729865, 0.4292790512703674732, 0.2416666666666666408 ) ) ;
#2839 = FILL_AREA_STYLE_COLOUR ( '', #1615 ) ;
#2840 = CARTESIAN_POINT ( 'NONE',  ( -0.4749999999999994782, 0.7750000000000002442, -0.2500000000000002220 ) ) ;
#2841 = ORIENTED_EDGE ( 'NONE', *, *, #1616, .F. ) ;
#2842 = ADVANCED_FACE ( 'NONE', ( #2036 ), #738, .T. ) ;
#2843 = CARTESIAN_POINT ( 'NONE',  ( 0.1219913138241056072, 0.4397490151723272844, 0.2406666666666666399 ) ) ;
#2844 = VERTEX_POINT ( 'NONE', #1180 ) ;
#2845 = CARTESIAN_POINT ( 'NONE',  ( 0.2499999999999993616, 0.8000000000000001554, 0.2250000000000000611 ) ) ;
#2846 = CARTESIAN_POINT ( 'NONE',  ( -0.01525854229300518082, 0.4118712158659191269, 0.2416666666666666408 ) ) ;
#2847 = DIRECTION ( 'NONE',  ( 1.000000000000000000, 0.000000000000000000, 0.000000000000000000 ) ) ;
#2848 = CARTESIAN_POINT ( 'NONE',  ( -0.07731250422924156041, 0.4200784016393774301, 0.2406666666666666399 ) ) ;
#2849 = CARTESIAN_POINT ( 'NONE',  ( -0.02016856146852768691, 0.4690934585162846449, 0.2416666666666666408 ) ) ;
#2850 = CARTESIAN_POINT ( 'NONE',  ( 0.06426133113590759560, 0.4188208274672631237, 0.2406666666666666399 ) ) ;
#2851 = CARTESIAN_POINT ( 'NONE',  ( 0.002655053610784325561, 0.4683926268884168187, 0.2406666666666666676 ) ) ;
#2852 = STYLED_ITEM ( 'NONE', ( #2038 ), #2018 ) ;
#2853 = CARTESIAN_POINT ( 'NONE',  ( -0.1468051860428508659, 0.4172622722576542764, 0.2406666666666666399 ) ) ;
#2854 = CARTESIAN_POINT ( 'NONE',  ( 0.2499999999940882844, 0.7916666666666668517, 0.2249999999999999778 ) ) ;
#2855 = LINE ( 'NONE', #1103, #632 ) ;
#2856 = ADVANCED_FACE ( 'NONE', ( #1535 ), #181, .T. ) ;
#2857 = CARTESIAN_POINT ( 'NONE',  ( 0.04814799794671433680, 0.4355394344759880854, 0.2416666666666666685 ) ) ;
#2858 = VERTEX_POINT ( 'NONE', #256 ) ;
#2859 = CARTESIAN_POINT ( 'NONE',  ( 0.1414232249946137665, 0.4253019752751827087, 0.2406666666666666399 ) ) ;
#2860 = PRESENTATION_LAYER_ASSIGNMENT (  '', '', ( #903 ) ) ;
#2861 = EDGE_CURVE ( 'NONE', #1736, #1077, #3247, .T. ) ;
#2862 = ORIENTED_EDGE ( 'NONE', *, *, #1490, .T. ) ;
#2863 = CARTESIAN_POINT ( 'NONE',  ( -0.005564576102403373005, 0.4432936255719585605, 0.2406666666666666399 ) ) ;
#2864 = CYLINDRICAL_SURFACE ( 'NONE', #2693, 0.02500000000000001180 ) ;
#2865 = DIRECTION ( 'NONE',  ( -1.000000000000000000, 0.000000000000000000, 0.000000000000000000 ) ) ;
#2866 = CARTESIAN_POINT ( 'NONE',  ( -0.09038909656687457717, 0.4141335739073662148, 0.2406666666666666399 ) ) ;
#2867 = CARTESIAN_POINT ( 'NONE',  ( -0.1060139374486445546, 0.4093462735329701507, 0.2406666666666666399 ) ) ;
#2868 = CARTESIAN_POINT ( 'NONE',  ( -0.04113373966782827434, 0.4182774516642583928, 0.2416666666666666408 ) ) ;
#2869 = CARTESIAN_POINT ( 'NONE',  ( 0.07747327474001772241, 0.4402643284472546603, 0.2406666666666666399 ) ) ;
#2870 = DIRECTION ( 'NONE',  ( -0.000000000000000000, -0.000000000000000000, 1.000000000000000000 ) ) ;
#2871 = CARTESIAN_POINT ( 'NONE',  ( -0.08423594833183921382, 0.4094316278378813401, 0.2406666666666666399 ) ) ;
#2872 = SURFACE_STYLE_FILL_AREA ( #2622 ) ;
#2873 = CARTESIAN_POINT ( 'NONE',  ( 0.04890398667811628880, 0.4168970223734285718, 0.2416666666666666408 ) ) ;
#2874 = ORIENTED_EDGE ( 'NONE', *, *, #3306, .F. ) ;
#2875 = CARTESIAN_POINT ( 'NONE',  ( 0.1424788155650117127, 0.4387677796502401639, 0.2406666666666666399 ) ) ;
#2876 = ORIENTED_EDGE ( 'NONE', *, *, #2611, .T. ) ;
#2877 = EDGE_CURVE ( 'NONE', #402, #3324, #218, .T. ) ;
#2878 = CARTESIAN_POINT ( 'NONE',  ( 0.0005925991573252880739, 0.4409534606757249953, 0.2406666666666666399 ) ) ;
#2879 =( NAMED_UNIT ( * ) SI_UNIT ( $, .STERADIAN. ) SOLID_ANGLE_UNIT ( ) );
#2880 = CARTESIAN_POINT ( 'NONE',  ( -0.09874215205612417445, 0.4376181848057051349, 0.2416666666666666408 ) ) ;
#2881 =( NAMED_UNIT ( * ) SI_UNIT ( $, .STERADIAN. ) SOLID_ANGLE_UNIT ( ) );
#2882 = CARTESIAN_POINT ( 'NONE',  ( -0.05049238876920457419, 0.4372679416328604241, 0.2416666666666666408 ) ) ;
#2883 = CARTESIAN_POINT ( 'NONE',  ( 0.02495238715536074459, 0.4156690965902833379, 0.2416666666666666408 ) ) ;
#2884 = LINE ( 'NONE', #286, #2786 ) ;
#2885 = CARTESIAN_POINT ( 'NONE',  ( -0.06169393603976232321, 0.4191610342103705977, 0.2406666666666666399 ) ) ;
#2886 = CARTESIAN_POINT ( 'NONE',  ( 500000.0000000000582, 0.008333333333333333218, 0.2250000000000000333 ) ) ;
#2887 = CARTESIAN_POINT ( 'NONE',  ( 0.1434694568334539955, 0.4331537560737769854, 0.2406666666666666399 ) ) ;
#2888 = DIRECTION ( 'NONE',  ( 1.000000000000000000, 0.000000000000000000, 0.000000000000000000 ) ) ;
#2889 = VERTEX_POINT ( 'NONE', #912 ) ;
#2890 = CARTESIAN_POINT ( 'NONE',  ( -0.2499999999999993616, 0.7750000000000002442, -0.2250000000000001998 ) ) ;
#2891 = DIRECTION ( 'NONE',  ( 0.000000000000000000, 0.000000000000000000, -1.000000000000000000 ) ) ;
#2892 = CARTESIAN_POINT ( 'NONE',  ( -0.4749999999999994782, 0.7750000000000004663, 0.2249999999999998945 ) ) ;
#2893 = ADVANCED_FACE ( 'NONE', ( #2827 ), #2201, .T. ) ;
#2894 = CARTESIAN_POINT ( 'NONE',  ( 0.000000000000000000, 0.8000000000000000444, 0.000000000000000000 ) ) ;
#2895 = CARTESIAN_POINT ( 'NONE',  ( -0.04070729893771742047, 0.4117245229219199110, 0.2416666666666666408 ) ) ;
#2896 = CARTESIAN_POINT ( 'NONE',  ( 0.03066472778552477296, 0.4605230210034579330, 0.2416666666666666408 ) ) ;
#2897 = ADVANCED_FACE ( 'NONE', ( #6 ), #2235, .T. ) ;
#2898 = DIRECTION ( 'NONE',  ( 0.000000000000000000, 0.000000000000000000, 1.000000000000000000 ) ) ;
#2899 = CARTESIAN_POINT ( 'NONE',  ( 0.1243069831577439943, 0.4154502105345391216, 0.2406666666666666121 ) ) ;
#2900 =( GEOMETRIC_REPRESENTATION_CONTEXT ( 3 ) GLOBAL_UNCERTAINTY_ASSIGNED_CONTEXT ( ( #1140 ) ) GLOBAL_UNIT_ASSIGNED_CONTEXT ( ( #8, #2598, #1537 ) ) REPRESENTATION_CONTEXT ( 'NONE', 'WORKASPACE' ) );
#2901 = FILL_AREA_STYLE ('',( #2839 ) ) ;
#2902 = CARTESIAN_POINT ( 'NONE',  ( 0.1256065828142614305, 0.4386393272129983645, 0.2406666666666666399 ) ) ;
#2903 = ORIENTED_EDGE ( 'NONE', *, *, #54, .T. ) ;
#2904 = MECHANICAL_DESIGN_GEOMETRIC_PRESENTATION_REPRESENTATION (  '', ( #1837 ), #1708 ) ;
#2905 = CARTESIAN_POINT ( 'NONE',  ( 0.1026588020277440505, 0.4561037403894009912, 0.2406666666666666399 ) ) ;
#2906 = APPLICATION_PROTOCOL_DEFINITION ( 'draft international standard', 'automotive_design', 1998, #3166 ) ;
#2907 = VERTEX_POINT ( 'NONE', #2977 ) ;
#2908 = CARTESIAN_POINT ( 'NONE',  ( -0.1145901978483455097, 0.4058363734094046493, 0.2406666666666666399 ) ) ;
#2909 = FACE_OUTER_BOUND ( 'NONE', #2226, .T. ) ;
#2910 = CARTESIAN_POINT ( 'NONE',  ( -0.0004204985312055600603, 0.4163399965035615158, 0.2406666666666666399 ) ) ;
#2911 = AXIS2_PLACEMENT_3D ( 'NONE', #3246, #3279, #2337 ) ;
#2912 = ORIENTED_EDGE ( 'NONE', *, *, #72, .T. ) ;
#2913 = CARTESIAN_POINT ( 'NONE',  ( 0.04113105434580940217, 0.4227029168571090345, 0.2406666666666666399 ) ) ;
#2914 = B_SPLINE_CURVE_WITH_KNOTS ( 'NONE', 3,
 ( #2908, #519, #90, #3208, #2416, #3224, #1653, #2736, #174, #904, #663, #2212, #1671 ),
 .UNSPECIFIED., .F., .F.,
 ( 4, 1, 1, 1, 1, 1, 1, 1, 1, 1, 4 ),
 ( 0.000000000000000000, 0.2032355955287680205, 0.3172444422460968250, 0.4265630972105112217, 0.4752711291043301145, 0.5320117315009416092, 0.5704393900603133005, 0.6482696481191541071, 0.6992762687055553705, 0.8245467334601485065, 1.000000000000000000 ),
 .UNSPECIFIED. ) ;
#2915 = CARTESIAN_POINT ( 'NONE',  ( -0.1405140068708881640, 0.4309951279993537998, 0.2416666666666666408 ) ) ;
#2916 = CARTESIAN_POINT ( 'NONE',  ( -0.01796706073383312618, 0.4734883257990067928, 0.2416666666666666408 ) ) ;
#2917 = VECTOR ( 'NONE', #1796, 1000.000000000000000 ) ;
#2918 = EDGE_CURVE ( 'NONE', #1569, #1648, #3265, .T. ) ;
#2919 = CARTESIAN_POINT ( 'NONE',  ( 0.4749999999999994782, 0.8000000000000000444, -0.2500000000000002220 ) ) ;
#2920 = CARTESIAN_POINT ( 'NONE',  ( -0.4749999999999994782, 0.8000000000000000444, 0.2500000000000000000 ) ) ;
#2921 = CARTESIAN_POINT ( 'NONE',  ( 0.1414232249946137665, 0.4253019752751827087, 0.2416666666666666408 ) ) ;
#2922 = CARTESIAN_POINT ( 'NONE',  ( 0.1097762430598342720, 0.4353929362810819992, 0.2406666666666666399 ) ) ;
#2923 = ORIENTED_EDGE ( 'NONE', *, *, #2708, .F. ) ;
#2924 = CARTESIAN_POINT ( 'NONE',  ( 0.09914376539019001400, 0.4509189626806965334, 0.2406666666666666399 ) ) ;
#2925 = ORIENTED_EDGE ( 'NONE', *, *, #2660, .F. ) ;
#2926 = DIRECTION ( 'NONE',  ( 0.000000000000000000, -1.301042606982607530E-14, 1.000000000000000000 ) ) ;
#2927 = ORIENTED_EDGE ( 'NONE', *, *, #128, .F. ) ;
#2928 = DIRECTION ( 'NONE',  ( 2.221018656992642485E-14, 1.000000000000000000, -2.221018656992638067E-14 ) ) ;
#2929 = CARTESIAN_POINT ( 'NONE',  ( -0.07585871430297082274, 0.4100457305649912731, 0.2416666666666666408 ) ) ;
#2930 = CARTESIAN_POINT ( 'NONE',  ( 0.02746666671986129626, 0.4211868181443916836, 0.2416666666666666408 ) ) ;
#2931 = DIRECTION ( 'NONE',  ( 1.000000000000000000, 0.000000000000000000, -0.000000000000000000 ) ) ;
#2932 = LINE ( 'NONE', #366, #798 ) ;
#2933 = CARTESIAN_POINT ( 'NONE',  ( 0.1040194154517170289, 0.4118356955745404169, 0.2416666666666666408 ) ) ;
#2934 = CARTESIAN_POINT ( 'NONE',  ( 0.1185395596128645951, 0.4393222930077570476, 0.2406666666666666399 ) ) ;
#2935 = EDGE_CURVE ( 'NONE', #2444, #3160, #656, .T. ) ;
#2936 = VERTEX_POINT ( 'NONE', #1693 ) ;
#2937 = CARTESIAN_POINT ( 'NONE',  ( 0.09381622757355886910, 0.4090763427176042910, 0.2406666666666666399 ) ) ;
#2938 = EDGE_CURVE ( 'NONE', #2936, #516, #1251, .T. ) ;
#2939 = ORIENTED_EDGE ( 'NONE', *, *, #1213, .F. ) ;
#2940 = CARTESIAN_POINT ( 'NONE',  ( 0.04665637143482159743, 0.4112812830328407832, 0.2416666666666666408 ) ) ;
#2941 = CARTESIAN_POINT ( 'NONE',  ( 0.04422392682107162409, 0.4113406383323940374, 0.2406666666666666399 ) ) ;
#2942 = CARTESIAN_POINT ( 'NONE',  ( -0.06412153408300483304, 0.4404469040982320061, 0.2416666666666666408 ) ) ;
#2943 = CARTESIAN_POINT ( 'NONE',  ( 0.01500788810683613590, 0.4385842751911363524, 0.2406666666666666399 ) ) ;
#2944 = DIRECTION ( 'NONE',  ( -0.000000000000000000, -0.000000000000000000, -1.000000000000000000 ) ) ;
#2945 = CARTESIAN_POINT ( 'NONE',  ( -0.01525854229300518082, 0.4118712158659191269, 0.2416666666666666408 ) ) ;
#2946 = CARTESIAN_POINT ( 'NONE',  ( 0.08974375526717887075, 0.4132545132095093443, 0.2416666666666666408 ) ) ;
#2947 = CARTESIAN_POINT ( 'NONE',  ( 0.1449363167867891988, 0.4351230294139478150, 0.2406666666666666399 ) ) ;
#2948 = ORIENTED_EDGE ( 'NONE', *, *, #3039, .F. ) ;
#2949 = CARTESIAN_POINT ( 'NONE',  ( 0.07747327474001772241, 0.4402643284472546603, 0.2406666666666666399 ) ) ;
#2950 = CIRCLE ( 'NONE', #731, 0.02499999999999995628 ) ;
#2951 = EDGE_LOOP ( 'NONE', ( #3256, #1368, #69, #1818 ) ) ;
#2952 = CARTESIAN_POINT ( 'NONE',  ( 0.4749999999999994782, 0.8000000000000002665, 0.2250000000000000888 ) ) ;
#2953 = VECTOR ( 'NONE', #81, 1000.000000000000000 ) ;
#2954 = ADVANCED_FACE ( 'NONE', ( #3106, #1605, #39, #345 ), #1840, .T. ) ;
#2955 = ORIENTED_EDGE ( 'NONE', *, *, #2611, .F. ) ;
#2956 =( GEOMETRIC_REPRESENTATION_CONTEXT ( 3 ) GLOBAL_UNCERTAINTY_ASSIGNED_CONTEXT ( ( #1649 ) ) GLOBAL_UNIT_ASSIGNED_CONTEXT ( ( #2793, #995, #2220 ) ) REPRESENTATION_CONTEXT ( 'NONE', 'WORKASPACE' ) );
#2957 = CARTESIAN_POINT ( 'NONE',  ( 0.4999999999999993339, 0.02499999999997404299, 0.2500000000000000000 ) ) ;
#2958 = MECHANICAL_DESIGN_GEOMETRIC_PRESENTATION_REPRESENTATION (  '', ( #959 ), #56 ) ;
#2959 = CARTESIAN_POINT ( 'NONE',  ( -0.07948022428584508581, 0.4341666347790059666, 0.2416666666666666408 ) ) ;
#2960 = CARTESIAN_POINT ( 'NONE',  ( -0.02312022382318994207, 0.4419129657435577618, 0.2416666666666666408 ) ) ;
#2961 = CARTESIAN_POINT ( 'NONE',  ( -0.4749999999999994782, 0.8000000000000000444, -0.2500000000000002220 ) ) ;
#2962 = CARTESIAN_POINT ( 'NONE',  ( 0.4749999999999994782, 0.02499999999999995628, -0.2250000000000001998 ) ) ;
#2963 = CARTESIAN_POINT ( 'NONE',  ( 0.1376423660626200085, 0.4131108364376872011, 0.2416666666666666408 ) ) ;
#2964 = CARTESIAN_POINT ( 'NONE',  ( 0.1121557195592772782, 0.4388368709350076724, 0.2416666666666666408 ) ) ;
#2965 = ORIENTED_EDGE ( 'NONE', *, *, #3183, .T. ) ;
#2966 = VECTOR ( 'NONE', #1281, 1000.000000000000000 ) ;
#2967 = CARTESIAN_POINT ( 'NONE',  ( 0.1016897316493355768, 0.4535031201098468356, 0.2406666666666666399 ) ) ;
#2968 = DIRECTION ( 'NONE',  ( 0.000000000000000000, -0.000000000000000000, -1.000000000000000000 ) ) ;
#2969 = AXIS2_PLACEMENT_3D ( 'NONE', #1870, #573, #1587 ) ;
#2970 = ORIENTED_EDGE ( 'NONE', *, *, #2230, .T. ) ;
#2971 =( NAMED_UNIT ( * ) SI_UNIT ( $, .STERADIAN. ) SOLID_ANGLE_UNIT ( ) );
#2972 = ORIENTED_EDGE ( 'NONE', *, *, #2436, .F. ) ;
#2973 = CARTESIAN_POINT ( 'NONE',  ( -0.1308571721247718533, 0.4244434120288838042, 0.2406666666666666399 ) ) ;
#2974 = CARTESIAN_POINT ( 'NONE',  ( -0.1281055826478672555, 0.4385200675452097796, 0.2416666666666666408 ) ) ;
#2975 = CARTESIAN_POINT ( 'NONE',  ( -0.05312881210819003774, 0.4267654276600533758, 0.2406666666666666399 ) ) ;
#2976 = EDGE_CURVE ( 'NONE', #3324, #133, #310, .T. ) ;
#2977 = CARTESIAN_POINT ( 'NONE',  ( 0.002785297901842038060, 0.4417808328694400877, 0.2416666666666666130 ) ) ;
#2978 = CARTESIAN_POINT ( 'NONE',  ( 0.1145657447785775745, 0.4130171195550912389, 0.2416666666666666963 ) ) ;
#2979 = DIRECTION ( 'NONE',  ( -1.000000000000000000, 0.000000000000000000, 0.000000000000000000 ) ) ;
#2980 = CARTESIAN_POINT ( 'NONE',  ( 0.09379468591616575701, 0.4298856117934056753, 0.2416666666666666408 ) ) ;
#2981 = EDGE_LOOP ( 'NONE', ( #2387, #1372, #1634, #1387 ) ) ;
#2982 = CARTESIAN_POINT ( 'NONE',  ( 0.01988798899270306092, 0.4347870121991213033, 0.2406666666666666399 ) ) ;
#2983 = CARTESIAN_POINT ( 'NONE',  ( 500000.0000000000582, 0.7916666666666668517, 0.2249999999566319187 ) ) ;
#2984 = ORIENTED_EDGE ( 'NONE', *, *, #2234, .F. ) ;
#2985 = FILL_AREA_STYLE_COLOUR ( '', #3240 ) ;
#2986 = ORIENTED_EDGE ( 'NONE', *, *, #216, .T. ) ;
#2987 = PRESENTATION_STYLE_ASSIGNMENT (( #1210 ) ) ;
#2988 = ADVANCED_FACE ( 'NONE', ( #3125 ), #1873, .F. ) ;
#2989 = FILL_AREA_STYLE ('',( #2023 ) ) ;
#2990 = CARTESIAN_POINT ( 'NONE',  ( -0.03750498725651336268, 0.4313422349841469217, 0.2406666666666666399 ) ) ;
#2991 = B_SPLINE_SURFACE_WITH_KNOTS ( 'NONE', 3, 1, ( 
 ( #388, #1417 ),
 ( #684, #2448 ),
 ( #19, #2079 ),
 ( #3023, #2873 ),
 ( #1039, #1482 ),
 ( #34, #2347 ),
 ( #1225, #3101 ),
 ( #974, #207 ),
 ( #190, #2517 ),
 ( #786, #1207 ),
 ( #1296, #2857 ),
 ( #957, #704 ) ),
 .UNSPECIFIED., .F., .F., .F.,
 ( 4, 1, 1, 1, 1, 1, 1, 1, 1, 4 ),
 ( 2, 2 ),
 ( 0.000000000000000000, 0.02926812205254335914, 0.1058575291914697208, 0.1804490129702329970, 0.2563488796840573403, 0.3398803162454487325, 0.3857703887522968000, 0.4228973909318110569, 0.4966873303746328627, 0.5000000420464415507 ),
 ( 0.000000000000000000, 1.000000000000000000 ),
 .UNSPECIFIED. ) ;
#2992 = CARTESIAN_POINT ( 'NONE',  ( 0.1189093314724618405, 0.4112493250128445021, 0.2406666666666666399 ) ) ;
#2993 = SURFACE_STYLE_FILL_AREA ( #1990 ) ;
#2994 = EDGE_CURVE ( 'NONE', #882, #1910, #575, .T. ) ;
#2995 = CARTESIAN_POINT ( 'NONE',  ( 0.07911158743935359228, 0.4244995397203416010, 0.2416666666666666408 ) ) ;
#2996 = CARTESIAN_POINT ( 'NONE',  ( 0.08581356868348795353, 0.4547738288287554997, 0.2416666666666666408 ) ) ;
#2997 = EDGE_LOOP ( 'NONE', ( #1701, #1006, #2195, #2449, #2826, #2923, #399, #2519 ) ) ;
#2998 = UNCERTAINTY_MEASURE_WITH_UNIT (LENGTH_MEASURE( 1.000000000000000082E-05 ), #311, 'distance_accuracy_value', 'NONE');
#2999 = CARTESIAN_POINT ( 'NONE',  ( 0.04537838614729028386, 0.4383617223051393674, 0.2406666666666666399 ) ) ;
#3000 =( NAMED_UNIT ( * ) PLANE_ANGLE_UNIT ( ) SI_UNIT ( $, .RADIAN. ) );
#3001 = LINE ( 'NONE', #1590, #1287 ) ;
#3002 = ORIENTED_EDGE ( 'NONE', *, *, #3263, .T. ) ;
#3003 = FACE_OUTER_BOUND ( 'NONE', #2951, .T. ) ;
#3004 = ORIENTED_EDGE ( 'NONE', *, *, #968, .F. ) ;
#3005 = PRESENTATION_LAYER_ASSIGNMENT (  '', '', ( #2585 ) ) ;
#3006 = DIRECTION ( 'NONE',  ( 1.000000000000000000, -0.000000000000000000, -0.000000000000000000 ) ) ;
#3007 = CARTESIAN_POINT ( 'NONE',  ( -0.05312881210819003774, 0.4267654276600533758, 0.2416666666666666408 ) ) ;
#3008 = AXIS2_PLACEMENT_3D ( 'NONE', #2824, #1055, #3138 ) ;
#3009 = AXIS2_PLACEMENT_3D ( 'NONE', #362, #1657, #3162 ) ;
#3010 = AXIS2_PLACEMENT_3D ( 'NONE', #3255, #2189, #2968 ) ;
#3011 = CARTESIAN_POINT ( 'NONE',  ( 0.1154675446772543829, 0.4191417733348267727, 0.2406666666666666121 ) ) ;
#3012 = CARTESIAN_POINT ( 'NONE',  ( 0.1027115430720220157, 0.4587980691656620702, 0.2416666666666666408 ) ) ;
#3013 = CARTESIAN_POINT ( 'NONE',  ( 0.1064142892188244954, 0.4420758358999805626, 0.2416666666666666408 ) ) ;
#3014 = DIRECTION ( 'NONE',  ( 0.000000000000000000, -1.000000000000000000, -3.252606517456518824E-15 ) ) ;
#3015 = ADVANCED_FACE ( 'NONE', ( #1337 ), #2388, .T. ) ;
#3016 = CARTESIAN_POINT ( 'NONE',  ( 0.01467572003762418649, 0.4330551873115350836, 0.2406666666666666399 ) ) ;
#3017 = SURFACE_SIDE_STYLE ('',( #202 ) ) ;
#3018 = CARTESIAN_POINT ( 'NONE',  ( 0.01292371872373797130, 0.4534604739667887352, 0.2406666666666666399 ) ) ;
#3019 = VERTEX_POINT ( 'NONE', #1358 ) ;
#3020 = LINE ( 'NONE', #2769, #152 ) ;
#3021 =( GEOMETRIC_REPRESENTATION_CONTEXT ( 3 ) GLOBAL_UNCERTAINTY_ASSIGNED_CONTEXT ( ( #1683 ) ) GLOBAL_UNIT_ASSIGNED_CONTEXT ( ( #1355, #1090, #789 ) ) REPRESENTATION_CONTEXT ( 'NONE', 'WORKASPACE' ) );
#3022 = DIRECTION ( 'NONE',  ( -0.000000000000000000, 1.000000000000000000, -0.000000000000000000 ) ) ;
#3023 = CARTESIAN_POINT ( 'NONE',  ( 0.04890398667811628880, 0.4168970223734285718, 0.2406666666666666121 ) ) ;
#3024 = ORIENTED_EDGE ( 'NONE', *, *, #1192, .F. ) ;
#3025 = FILL_AREA_STYLE ('',( #2231 ) ) ;
#3026 = CARTESIAN_POINT ( 'NONE',  ( -0.003191294114073527869, 0.4402495077230896836, 0.2406666666666666399 ) ) ;
#3027 = CARTESIAN_POINT ( 'NONE',  ( 0.2499999999940882844, 0.7916666666666667407, -0.2250000000433683145 ) ) ;
#3028 = CARTESIAN_POINT ( 'NONE',  ( -0.03873184625168316075, 0.4268356001161857094, 0.2406666666666666399 ) ) ;
#3029 = ADVANCED_BREP_SHAPE_REPRESENTATION ( '', ( #2018, #1177 ), #3186 ) ;
#3030 = CARTESIAN_POINT ( 'NONE',  ( 0.09379468591616575701, 0.4298856117934056753, 0.2416666666666666408 ) ) ;
#3031 = CARTESIAN_POINT ( 'NONE',  ( 0.1027115430720220157, 0.4587980691656620702, 0.2416666666666666408 ) ) ;
#3032 = CARTESIAN_POINT ( 'NONE',  ( -0.01306968705976688065, 0.4248516058620456226, 0.2406666666666666399 ) ) ;
#3033 = CARTESIAN_POINT ( 'NONE',  ( 0.02611093921709698243, 0.4253429168962247209, 0.2406666666666666399 ) ) ;
#3034 = SURFACE_STYLE_USAGE ( .BOTH. , #3017 ) ;
#3035 = CARTESIAN_POINT ( 'NONE',  ( -0.4749999999999994782, 0.7750000000000004663, -0.2250000000000001998 ) ) ;
#3036 = EDGE_CURVE ( 'NONE', #1933, #1963, #2403, .T. ) ;
#3037 = ORIENTED_EDGE ( 'NONE', *, *, #939, .T. ) ;
#3038 = CARTESIAN_POINT ( 'NONE',  ( -0.1268145617809973702, 0.4288653501094589204, 0.2416666666666666408 ) ) ;
#3039 = EDGE_CURVE ( 'NONE', #1699, #1624, #810, .T. ) ;
#3040 =( NAMED_UNIT ( * ) PLANE_ANGLE_UNIT ( ) SI_UNIT ( $, .RADIAN. ) );
#3041 = ORIENTED_EDGE ( 'NONE', *, *, #3221, .T. ) ;
#3042 = CARTESIAN_POINT ( 'NONE',  ( 0.0002364192228424487048, 0.4332245827620948009, 0.2416666666666666408 ) ) ;
#3043 = SURFACE_STYLE_USAGE ( .BOTH. , #2542 ) ;
#3044 = CARTESIAN_POINT ( 'NONE',  ( -0.07948033255585047752, 0.4288663166107911651, 0.2416666666666666408 ) ) ;
#3045 = SURFACE_STYLE_USAGE ( .BOTH. , #3315 ) ;
#3046 = CARTESIAN_POINT ( 'NONE',  ( 0.03540126600734309903, 0.4370543763075792620, 0.2416666666666666408 ) ) ;
#3047 = CARTESIAN_POINT ( 'NONE',  ( 0.03540126600734309903, 0.4370543763075792620, 0.2416666666666666408 ) ) ;
#3048 = CARTESIAN_POINT ( 'NONE',  ( 0.1243069831577439943, 0.4154502105345391216, 0.2406666666666666399 ) ) ;
#3049 = CARTESIAN_POINT ( 'NONE',  ( 0.02584841081378340399, 0.4431133299352953969, 0.2406666666666666399 ) ) ;
#3050 = PLANE ( 'NONE',  #2795 ) ;
#3051 =( NAMED_UNIT ( * ) PLANE_ANGLE_UNIT ( ) SI_UNIT ( $, .RADIAN. ) );
#3052 = ORIENTED_EDGE ( 'NONE', *, *, #782, .T. ) ;
#3053 = CARTESIAN_POINT ( 'NONE',  ( 0.04890398667811628880, 0.4168970223734285718, 0.2406666666666666399 ) ) ;
#3054 = CARTESIAN_POINT ( 'NONE',  ( 0.005436333035821766350, 0.4683362919778757405, 0.2416666666666666408 ) ) ;
#3055 = ORIENTED_EDGE ( 'NONE', *, *, #2441, .T. ) ;
#3056 = EDGE_CURVE ( 'NONE', #3293, #1470, #2163, .T. ) ;
#3057 = CARTESIAN_POINT ( 'NONE',  ( 0.1218587651361704299, 0.4108656204070357254, 0.2406666666666666399 ) ) ;
#3058 =( GEOMETRIC_REPRESENTATION_CONTEXT ( 3 ) GLOBAL_UNCERTAINTY_ASSIGNED_CONTEXT ( ( #2430 ) ) GLOBAL_UNIT_ASSIGNED_CONTEXT ( ( #1864, #2394, #2637 ) ) REPRESENTATION_CONTEXT ( 'NONE', 'WORKASPACE' ) );
#3059 = CARTESIAN_POINT ( 'NONE',  ( 0.000000000000000000, 0.8000000000000000444, -0.2250000000000001998 ) ) ;
#3060 = CARTESIAN_POINT ( 'NONE',  ( -0.004926922113962981659, 0.4506551684299692773, 0.2416666666666666130 ) ) ;
#3061 = LINE ( 'NONE', #3313, #1900 ) ;
#3062 = CARTESIAN_POINT ( 'NONE',  ( -0.06666167312926687960, 0.4399078018271289636, 0.2406666666666666399 ) ) ;
#3063 = CARTESIAN_POINT ( 'NONE',  ( -0.1028402944374096212, 0.4143999156823977015, 0.2406666666666666399 ) ) ;
#3064 = VECTOR ( 'NONE', #769, 1000.000000000000000 ) ;
#3065 = CARTESIAN_POINT ( 'NONE',  ( 0.06931406395414282939, 0.4347590082814977164, 0.2416666666666666408 ) ) ;
#3066 = CARTESIAN_POINT ( 'NONE',  ( 0.08104203178409695452, 0.4410872876941311360, 0.2406666666666666399 ) ) ;
#3067 = CARTESIAN_POINT ( 'NONE',  ( -0.4749999999999994782, 0.02499999999999995628, -0.2250000000000001998 ) ) ;
#3068 = VECTOR ( 'NONE', #1095, 1000.000000000000000 ) ;
#3069 = CARTESIAN_POINT ( 'NONE',  ( -0.1329891839837148149, 0.4396089238731737403, 0.2406666666666666399 ) ) ;
#3070 = CARTESIAN_POINT ( 'NONE',  ( -0.1405140068708881640, 0.4309951279993537998, 0.2416666666666666408 ) ) ;
#3071 = FACE_OUTER_BOUND ( 'NONE', #330, .T. ) ;
#3072 = CARTESIAN_POINT ( 'NONE',  ( 0.4749999999999994782, 0.8000000000000001554, -0.2250000000000001998 ) ) ;
#3073 = LINE ( 'NONE', #1502, #380 ) ;
#3074 = CARTESIAN_POINT ( 'NONE',  ( -0.1329891839837148149, 0.4396089238731737403, 0.2406666666666666399 ) ) ;
#3075 = ORIENTED_EDGE ( 'NONE', *, *, #1008, .T. ) ;
#3076 = STYLED_ITEM ( 'NONE', ( #3195 ), #3123 ) ;
#3077 = CARTESIAN_POINT ( 'NONE',  ( 0.2499999999940882844, 0.008333333333333333218, 0.2249999999566319187 ) ) ;
#3078 = SURFACE_STYLE_FILL_AREA ( #3329 ) ;
#3079 = CARTESIAN_POINT ( 'NONE',  ( -0.07619359057934638191, 0.4352472027195786741, 0.2416666666666666408 ) ) ;
#3080 = DIRECTION ( 'NONE',  ( -1.000000000000000000, -0.000000000000000000, 8.673617379884035472E-17 ) ) ;
#3081 = CARTESIAN_POINT ( 'NONE',  ( 0.07420239220394661550, 0.4416869900178847508, 0.2416666666666666408 ) ) ;
#3082 = CARTESIAN_POINT ( 'NONE',  ( 0.006333484293747867512, 0.4058363734094046493, 0.2406666666666666399 ) ) ;
#3083 = CARTESIAN_POINT ( 'NONE',  ( -0.08491950238934194151, 0.4310459379103570576, 0.2406666666666666399 ) ) ;
#3084 = CARTESIAN_POINT ( 'NONE',  ( -0.2499999999940882844, 0.02499999999999995628, 0.2250000000000000333 ) ) ;
#3085 = ORIENTED_EDGE ( 'NONE', *, *, #1935, .T. ) ;
#3086 = FACE_OUTER_BOUND ( 'NONE', #2283, .T. ) ;
#3087 = CARTESIAN_POINT ( 'NONE',  ( -0.1179650604159323962, 0.4377511436644703213, 0.2406666666666666399 ) ) ;
#3088 = ORIENTED_EDGE ( 'NONE', *, *, #1973, .T. ) ;
#3089 = DIRECTION ( 'NONE',  ( -0.000000000000000000, -0.000000000000000000, 1.000000000000000000 ) ) ;
#3090 = SURFACE_SIDE_STYLE ('',( #3078 ) ) ;
#3091 = CARTESIAN_POINT ( 'NONE',  ( -0.4749999999999994782, 0.02499999999999999792, -0.2250000000000002554 ) ) ;
#3092 = CARTESIAN_POINT ( 'NONE',  ( -0.06412153408300483304, 0.4404469040982320061, 0.2416666666666666408 ) ) ;
#3093 = DIRECTION ( 'NONE',  ( 0.000000000000000000, 0.000000000000000000, 1.000000000000000000 ) ) ;
#3094 = CARTESIAN_POINT ( 'NONE',  ( -0.03339208061612995715, 0.4088582344225342724, 0.2416666666666666408 ) ) ;
#3095 = CARTESIAN_POINT ( 'NONE',  ( 0.07911158743935359228, 0.4244995397203416010, 0.2406666666666666399 ) ) ;
#3096 = CARTESIAN_POINT ( 'NONE',  ( -0.4749999999999996447, 0.7750000000000001332, 0.2250000000000000333 ) ) ;
#3097 = EDGE_CURVE ( 'NONE', #441, #1165, #2914, .T. ) ;
#3098 = CARTESIAN_POINT ( 'NONE',  ( -0.05797746730621533562, 0.4350411703695871157, 0.2406666666666666399 ) ) ;
#3099 = CARTESIAN_POINT ( 'NONE',  ( 0.1274082577921414605, 0.4346072155411370708, 0.2416666666666666685 ) ) ;
#3100 = CARTESIAN_POINT ( 'NONE',  ( 0.04825428407246577095, 0.4355979564723359010, 0.2406666666666666121 ) ) ;
#3101 = CARTESIAN_POINT ( 'NONE',  ( 0.05186674570134167800, 0.4305767542902047551, 0.2416666666666666408 ) ) ;
#3102 = ORIENTED_EDGE ( 'NONE', *, *, #2358, .T. ) ;
#3103 = CARTESIAN_POINT ( 'NONE',  ( 0.1465476502553044180, 0.4390600902996466548, 0.2406666666666666399 ) ) ;
#3104 = CARTESIAN_POINT ( 'NONE',  ( 0.000000000000000000, 0.000000000000000000, 0.000000000000000000 ) ) ;
#3105 = ORIENTED_EDGE ( 'NONE', *, *, #1832, .F. ) ;
#3106 = FACE_BOUND ( 'NONE', #418, .T. ) ;
#3107 = CARTESIAN_POINT ( 'NONE',  ( 0.1461647441153565707, 0.4058363734094046493, 0.2406666666666666399 ) ) ;
#3108 =( LENGTH_UNIT ( ) NAMED_UNIT ( * ) SI_UNIT ( .MILLI., .METRE. ) );
#3109 = CARTESIAN_POINT ( 'NONE',  ( -0.07606356702982167151, 0.4327151853902546641, 0.2416666666666666408 ) ) ;
#3110 = SURFACE_SIDE_STYLE ('',( #2060 ) ) ;
#3111 = CARTESIAN_POINT ( 'NONE',  ( -0.04182478052147878961, 0.4144564014399341745, 0.2416666666666666408 ) ) ;
#3112 = CARTESIAN_POINT ( 'NONE',  ( 0.07420239220394661550, 0.4416869900178847508, 0.2406666666666666399 ) ) ;
#3113 = VECTOR ( 'NONE', #566, 1000.000000000000000 ) ;
#3114 = SURFACE_SIDE_STYLE ('',( #30 ) ) ;
#3115 = VECTOR ( 'NONE', #2322, 1000.000000000000000 ) ;
#3116 = CARTESIAN_POINT ( 'NONE',  ( -0.06431495606191188485, 0.4154830343670061210, 0.2406666666666666399 ) ) ;
#3117 = CARTESIAN_POINT ( 'NONE',  ( 0.1286870717116050944, 0.4295130927938525800, 0.2406666666666666121 ) ) ;
#3118 = CARTESIAN_POINT ( 'NONE',  ( 0.005436324635752933128, 0.4683362900335171775, 0.2406666666666666399 ) ) ;
#3119 = ADVANCED_FACE ( 'NONE', ( #2720 ), #107, .T. ) ;
#3120 = ORIENTED_EDGE ( 'NONE', *, *, #320, .F. ) ;
#3121 = LINE ( 'NONE', #273, #3064 ) ;
#3122 =( GEOMETRIC_REPRESENTATION_CONTEXT ( 3 ) GLOBAL_UNCERTAINTY_ASSIGNED_CONTEXT ( ( #1442 ) ) GLOBAL_UNIT_ASSIGNED_CONTEXT ( ( #498, #3051, #2015 ) ) REPRESENTATION_CONTEXT ( 'NONE', 'WORKASPACE' ) );
#3123 = MANIFOLD_SOLID_BREP ( 'Mirror2', #1768 ) ;
#3124 = EDGE_LOOP ( 'NONE', ( #1221, #1779, #2573, #1936 ) ) ;
#3125 = FACE_OUTER_BOUND ( 'NONE', #3153, .T. ) ;
#3126 = CARTESIAN_POINT ( 'NONE',  ( 0.1191655111117209953, 0.4240604579706691024, 0.2416666666666666408 ) ) ;
#3127 = LINE ( 'NONE', #1080, #1435 ) ;
#3128 = SURFACE_SIDE_STYLE ('',( #9 ) ) ;
#3129 = PRODUCT_DEFINITION_FORMATION_WITH_SPECIFIED_SOURCE ( 'ANY', '', #439, .NOT_KNOWN. ) ;
#3130 =( NAMED_UNIT ( * ) PLANE_ANGLE_UNIT ( ) SI_UNIT ( $, .RADIAN. ) );
#3131 = CARTESIAN_POINT ( 'NONE',  ( -0.04391355821102237156, 0.4395464850198321782, 0.2416666666666666408 ) ) ;
#3132 = CARTESIAN_POINT ( 'NONE',  ( 0.01481365033397305173, 0.4740512787395165795, 0.2406666666666666399 ) ) ;
#3133 = LINE ( 'NONE', #2377, #889 ) ;
#3134 = CARTESIAN_POINT ( 'NONE',  ( -0.1281055826478672555, 0.4385200675452097796, 0.2406666666666666399 ) ) ;
#3135 = CARTESIAN_POINT ( 'NONE',  ( 0.1216038968480669946, 0.4335842698359107517, 0.2406666666666666676 ) ) ;
#3136 = CARTESIAN_POINT ( 'NONE',  ( 0.1461647441153565707, 0.4058363734094046493, 0.2416666666666666408 ) ) ;
#3137 = ORIENTED_EDGE ( 'NONE', *, *, #2132, .T. ) ;
#3138 = DIRECTION ( 'NONE',  ( 0.000000000000000000, 0.000000000000000000, -1.000000000000000000 ) ) ;
#3139 = DIRECTION ( 'NONE',  ( 0.000000000000000000, 0.000000000000000000, 1.000000000000000000 ) ) ;
#3140 = ADVANCED_FACE ( 'NONE', ( #2707 ), #2167, .F. ) ;
#3141 = ORIENTED_EDGE ( 'NONE', *, *, #2277, .F. ) ;
#3142 = DIRECTION ( 'NONE',  ( 1.000000000000000000, 0.000000000000000000, -0.000000000000000000 ) ) ;
#3143 = ADVANCED_FACE ( 'NONE', ( #873 ), #648, .F. ) ;
#3144 = LINE ( 'NONE', #2105, #2581 ) ;
#3145 = CARTESIAN_POINT ( 'NONE',  ( 0.04094178161069816219, 0.4101350369178582422, 0.2406666666666666399 ) ) ;
#3146 = CARTESIAN_POINT ( 'NONE',  ( 0.02054055920433465673, 0.4290682543109801683, 0.2416666666666666408 ) ) ;
#3147 = CARTESIAN_POINT ( 'NONE',  ( -0.0008904435425151668903, 0.4736609705907940948, 0.2416666666666666408 ) ) ;
#3148 = LINE ( 'NONE', #816, #3113 ) ;
#3149 = DIRECTION ( 'NONE',  ( -1.000000000000000000, -0.000000000000000000, 0.000000000000000000 ) ) ;
#3150 = CARTESIAN_POINT ( 'NONE',  ( 0.1234300603546045344, 0.4113595734979790808, 0.2406666666666666121 ) ) ;
#3151 = LINE ( 'NONE', #2886, #2535 ) ;
#3152 = CARTESIAN_POINT ( 'NONE',  ( 0.1097762430598342720, 0.4353929362810819992, 0.2416666666666666408 ) ) ;
#3153 = EDGE_LOOP ( 'NONE', ( #518, #679, #607, #1923, #1981, #902, #2807, #2054 ) ) ;
#3154 = CARTESIAN_POINT ( 'NONE',  ( 0.1429655343702276038, 0.4289994213427132386, 0.2406666666666666399 ) ) ;
#3155 = B_SPLINE_SURFACE_WITH_KNOTS ( 'NONE', 3, 1, ( 
 ( #2025, #725 ),
 ( #964, #943 ),
 ( #1765, #1437 ),
 ( #670, #2472 ),
 ( #1491, #1249 ),
 ( #980, #1181 ),
 ( #3011, #197 ),
 ( #1197, #1232 ),
 ( #1728, #2978 ),
 ( #2746, #3266 ),
 ( #2252, #2008 ),
 ( #430, #2273 ),
 ( #710, #1460 ) ),
 .UNSPECIFIED., .F., .F., .F.,
 ( 4, 1, 1, 1, 1, 1, 1, 1, 1, 1, 4 ),
 ( 2, 2 ),
 ( 0.4999999021671641120, 0.5635384415110991085, 0.6175655869621431426, 0.6648445318128997084, 0.7179497466716637799, 0.7610692118864481603, 0.8122585493395304557, 0.8784886732150537503, 0.9031551458410695954, 0.9490085648452091238, 1.000000076967504814 ),
 ( 0.000000000000000000, 1.000000000000000000 ),
 .UNSPECIFIED. ) ;
#3156 = ORIENTED_EDGE ( 'NONE', *, *, #2034, .T. ) ;
#3157 = DIRECTION ( 'NONE',  ( -1.000000000000000000, 0.000000000000000000, -0.000000000000000000 ) ) ;
#3158 = DIRECTION ( 'NONE',  ( 1.000000000000000000, 0.000000000000000000, 0.000000000000000000 ) ) ;
#3159 = DIRECTION ( 'NONE',  ( -3.701697761654379160E-15, -1.000000000000000000, 1.897353801849652087E-15 ) ) ;
#3160 = VERTEX_POINT ( 'NONE', #1451 ) ;
#3161 = ADVANCED_FACE ( 'NONE', ( #1968 ), #1190, .T. ) ;
#3162 = DIRECTION ( 'NONE',  ( 0.000000000000000000, -1.000000000000000000, 2.168404344971013996E-15 ) ) ;
#3163 = CARTESIAN_POINT ( 'NONE',  ( -0.07948033255585047752, 0.4288663166107911651, 0.2416666666666666408 ) ) ;
#3164 = CARTESIAN_POINT ( 'NONE',  ( 0.02686569145567390890, 0.4688452828664252392, 0.2416666666666666408 ) ) ;
#3165 = CARTESIAN_POINT ( 'NONE',  ( -0.1571012622637966705, 0.4077380493590048727, 0.2406666666666666399 ) ) ;
#3166 = APPLICATION_CONTEXT ( 'automotive_design' ) ;
#3167 = DIRECTION ( 'NONE',  ( -0.000000000000000000, 1.000000000000000000, -0.000000000000000000 ) ) ;
#3168 = CLOSED_SHELL ( 'NONE', ( #540, #700, #1714, #2988, #2564, #1237, #3287, #1633, #2190, #2499, #655, #1654, #2726, #598, #1276, #296, #617, #971, #1469, #1258, #762, #2954, #234, #944, #1785, #1592, #1952, #1034 ) ) ;
#3169 = CARTESIAN_POINT ( 'NONE',  ( 0.1393582477210453252, 0.4386681735859873643, 0.2416666666666666408 ) ) ;
#3170 = CARTESIAN_POINT ( 'NONE',  ( 0.1009440004528318058, 0.4240382414233388464, 0.2416666666666666408 ) ) ;
#3171 = ORIENTED_EDGE ( 'NONE', *, *, #1921, .F. ) ;
#3172 = VECTOR ( 'NONE', #2112, 1000.000000000000000 ) ;
#3173 =( GEOMETRIC_REPRESENTATION_CONTEXT ( 3 ) GLOBAL_UNCERTAINTY_ASSIGNED_CONTEXT ( ( #1413 ) ) GLOBAL_UNIT_ASSIGNED_CONTEXT ( ( #1850, #3040, #2095 ) ) REPRESENTATION_CONTEXT ( 'NONE', 'WORKASPACE' ) );
#3174 = CARTESIAN_POINT ( 'NONE',  ( 0.07471356005552687307, 0.4070727453004657770, 0.2406666666666666399 ) ) ;
#3175 = ITEM_DEFINED_TRANSFORMATION ( 'NONE', 'NONE', #2006,  #1177 ) ;
#3176 = AXIS2_PLACEMENT_3D ( 'NONE', #258, #2865, #1576 ) ;
#3177 = MECHANICAL_DESIGN_GEOMETRIC_PRESENTATION_REPRESENTATION (  '', ( #2102 ), #630 ) ;
#3178 = ORIENTED_EDGE ( 'NONE', *, *, #1739, .F. ) ;
#3179 = FILL_AREA_STYLE_COLOUR ( '', #592 ) ;
#3180 = CARTESIAN_POINT ( 'NONE',  ( 0.006333484293747867512, 0.4058363734094046493, 0.2416666666666666408 ) ) ;
#3181 = COLOUR_RGB ( '',0.6470588235294117974, 0.6196078431372549211, 0.5882352941176470784 ) ;
#3182 = FACE_OUTER_BOUND ( 'NONE', #615, .T. ) ;
#3183 = EDGE_CURVE ( 'NONE', #3019, #2334, #1568, .T. ) ;
#3184 = CARTESIAN_POINT ( 'NONE',  ( -0.1546556580747217302, 0.4095989019130664155, 0.2416666666666666408 ) ) ;
#3185 = CARTESIAN_POINT ( 'NONE',  ( 0.02840155620209578249, 0.4119946055876675395, 0.2406666666666666399 ) ) ;
#3186 =( GEOMETRIC_REPRESENTATION_CONTEXT ( 3 ) GLOBAL_UNCERTAINTY_ASSIGNED_CONTEXT ( ( #2164 ) ) GLOBAL_UNIT_ASSIGNED_CONTEXT ( ( #1223, #1206, #2295 ) ) REPRESENTATION_CONTEXT ( 'NONE', 'WORKASPACE' ) );
#3187 = LINE ( 'NONE', #2919, #1608 ) ;
#3188 = CARTESIAN_POINT ( 'NONE',  ( -0.4749999999999994782, -1.355252715606880543E-17, -0.2250000000000001998 ) ) ;
#3189 = EDGE_CURVE ( 'NONE', #1470, #1949, #2433, .T. ) ;
#3190 = CARTESIAN_POINT ( 'NONE',  ( 0.09381622757355886910, 0.4090763427176042910, 0.2416666666666666408 ) ) ;
#3191 = CARTESIAN_POINT ( 'NONE',  ( 0.1304491809914709310, 0.4388959593964563699, 0.2406666666666666399 ) ) ;
#3192 = ORIENTED_EDGE ( 'NONE', *, *, #89, .T. ) ;
#3193 = CARTESIAN_POINT ( 'NONE',  ( 0.07679511522768993348, 0.4111493666920056911, 0.2406666666666666399 ) ) ;
#3194 = ORIENTED_EDGE ( 'NONE', *, *, #3244, .T. ) ;
#3195 = PRESENTATION_STYLE_ASSIGNMENT (( #2178 ) ) ;
#3196 = DIRECTION ( 'NONE',  ( 0.000000000000000000, 0.000000000000000000, 1.000000000000000000 ) ) ;
#3197 = CARTESIAN_POINT ( 'NONE',  ( 0.04730727805549770487, 0.4350450329336600919, 0.2406666666666666399 ) ) ;
#3198 = CARTESIAN_POINT ( 'NONE',  ( -0.09293171095214754207, 0.4391919385637746975, 0.2416666666666666408 ) ) ;
#3199 = CARTESIAN_POINT ( 'NONE',  ( 0.02611093921709698243, 0.4253429168962247209, 0.2416666666666666408 ) ) ;
#3200 = EDGE_CURVE ( 'NONE', #2363, #2671, #2758, .T. ) ;
#3201 = FACE_OUTER_BOUND ( 'NONE', #3259, .T. ) ;
#3202 = CARTESIAN_POINT ( 'NONE',  ( 0.2499999999940882844, 0.02499999999999995628, 0.2249999999999999778 ) ) ;
#3203 = CARTESIAN_POINT ( 'NONE',  ( 0.1443202051356090865, 0.4386511330314983304, 0.2416666666666666408 ) ) ;
#3204 = EDGE_LOOP ( 'NONE', ( #3037, #651, #836, #907 ) ) ;
#3205 = UNCERTAINTY_MEASURE_WITH_UNIT (LENGTH_MEASURE( 1.000000000000000082E-05 ), #3108, 'distance_accuracy_value', 'NONE');
#3206 = CARTESIAN_POINT ( 'NONE',  ( 0.08306883566928457974, 0.4474960170125323877, 0.2406666666666666399 ) ) ;
#3207 = ORIENTED_EDGE ( 'NONE', *, *, #3221, .F. ) ;
#3208 = CARTESIAN_POINT ( 'NONE',  ( -0.1091319901776568041, 0.4226523855498411919, 0.2406666666666666399 ) ) ;
#3209 = ORIENTED_EDGE ( 'NONE', *, *, #2249, .F. ) ;
#3210 = CARTESIAN_POINT ( 'NONE',  ( 0.04808731476194287591, 0.4355037485216345927, 0.2406666666666666121 ) ) ;
#3211 = CARTESIAN_POINT ( 'NONE',  ( -0.1329891839837148149, 0.4396089238731737403, 0.2416666666666666408 ) ) ;
#3212 = CARTESIAN_POINT ( 'NONE',  ( -0.03339208061612995715, 0.4088582344225342724, 0.2406666666666666399 ) ) ;
#3213 = DIRECTION ( 'NONE',  ( 1.000000000000000000, -0.000000000000000000, -0.000000000000000000 ) ) ;
#3214 = FILL_AREA_STYLE_COLOUR ( '', #583 ) ;
#3215 = CARTESIAN_POINT ( 'NONE',  ( 0.1389000503329356206, 0.4166562411203771910, 0.2416666666666666408 ) ) ;
#3216 = CARTESIAN_POINT ( 'NONE',  ( 0.1219913138241056072, 0.4397490151723272844, 0.2406666666666666399 ) ) ;
#3217 = ORIENTED_EDGE ( 'NONE', *, *, #668, .F. ) ;
#3218 = CARTESIAN_POINT ( 'NONE',  ( 0.07378957239844759208, 0.4432985582838808170, 0.2406666666666666399 ) ) ;
#3219 = PRESENTATION_LAYER_ASSIGNMENT (  '', '', ( #1334 ) ) ;
#3220 = CARTESIAN_POINT ( 'NONE',  ( -0.2499999999999993616, 0.02499999999999995628, 0.2500000000000000000 ) ) ;
#3221 = EDGE_CURVE ( 'NONE', #2783, #1191, #2461, .T. ) ;
#3222 = CARTESIAN_POINT ( 'NONE',  ( -0.1464275106988875697, 0.4293122025800694130, 0.2406666666666666399 ) ) ;
#3223 = ORIENTED_EDGE ( 'NONE', *, *, #899, .F. ) ;
#3224 = CARTESIAN_POINT ( 'NONE',  ( -0.1037483791816307399, 0.4292416761278857740, 0.2406666666666666399 ) ) ;
#3225 = AXIS2_PLACEMENT_3D ( 'NONE', #36, #2081, #1354 ) ;
#3226 =( NAMED_UNIT ( * ) PLANE_ANGLE_UNIT ( ) SI_UNIT ( $, .RADIAN. ) );
#3227 = VERTEX_POINT ( 'NONE', #2952 ) ;
#3228 = VECTOR ( 'NONE', #641, 1000.000000000000000 ) ;
#3229 = VECTOR ( 'NONE', #739, 1000.000000000000000 ) ;
#3230 = CARTESIAN_POINT ( 'NONE',  ( -0.08774843124378675641, 0.4185545076730095015, 0.2416666666666666408 ) ) ;
#3231 = CARTESIAN_POINT ( 'NONE',  ( -0.02701352621892776779, 0.4323467541919579493, 0.2416666666666666408 ) ) ;
#3232 = APPLICATION_CONTEXT ( 'automotive_design' ) ;
#3233 = CARTESIAN_POINT ( 'NONE',  ( 0.000000000000000000, 0.8000000000000003775, -0.2250000000000161871 ) ) ;
#3234 =( LENGTH_UNIT ( ) NAMED_UNIT ( * ) SI_UNIT ( .MILLI., .METRE. ) );
#3235 = EDGE_LOOP ( 'NONE', ( #2570, #1331, #1954, #842 ) ) ;
#3236 = UNCERTAINTY_MEASURE_WITH_UNIT (LENGTH_MEASURE( 1.000000000000000082E-05 ), #108, 'distance_accuracy_value', 'NONE');
#3237 = CARTESIAN_POINT ( 'NONE',  ( 0.06931406395414282939, 0.4347590082814977164, 0.2406666666666666399 ) ) ;
#3238 = B_SPLINE_CURVE_WITH_KNOTS ( 'NONE', 3,
 ( #2729, #131, #658, #1423, #879, #2963, #3215, #1919, #2921, #1695, #2160, #2473, #642, #163, #2714, #3169, #2442, #1149, #368, #2184, #1904, #1137, #613, #1631, #397, #2669, #353, #1931, #2455, #2933, #1379, #2411, #2682, #2427, #118, #3190, #2173, #2946, #1525, #182, #2255, #1749, #3030, #2491, #3316, #493, #3267, #1198, #1250, #1214, #482, #996, #2546, #1975, #2221, #2274, #1991, #2796, #1710, #448, #3012, #431, #2562, #711, #2237, #2528, #726, #1729, #691, #2747, #1182, #1474, #2288, #3284, #2509, #3249, #2777, #1511, #2995, #2041, #2009, #231, #2026, #465, #1492, #927, #1461, #945, #1766, #3065, #747, #671, #1787, #2817, #2764, #3046, #198, #217, #1233, #965, #3299, #981, #61, #1343, #508, #829, #1541, #2061, #1807, #2618, #763, #3146, #1048, #2833, #2340, #528, #28, #13, #1613, #1862, #1561, #2579, #550, #1878, #1325, #2304, #2355, #299, #1308, #2089, #2849, #2122, #799, #1082, #264, #1594, #1290, #2375, #3094, #779, #2895, #3111, #2868, #44, #2325, #564, #284, #2107, #1032, #3131, #814, #2882, #2635, #2073, #315, #3336, #1825, #2602, #1268, #1017, #1627, #1098, #112, #1362, #864, #1390, #2942, #78, #2169, #139, #363, #2959, #619, #3163, #2423, #2711, #349, #1132, #392, #2407, #909, #2929, #2139, #1658, #1376, #2451, #3230, #2694, #1419, #1941, #3198, #126, #1406, #94, #845, #2197, #2666, #1676, #2437, #1957, #1145, #1159, #2180, #2974, #3211, #2392, #1898, #2678, #1114, #653, #888, #2653, #2915, #875, #637, #2156, #335, #596, #3184, #1914, #610 ),
 .UNSPECIFIED., .F., .F.,
 ( 4, 1, 1, 1, 1, 1, 1, 1, 1, 1, 1, 1, 1, 1, 1, 1, 1, 1, 1, 1, 1, 1, 1, 1, 1, 1, 1, 1, 1, 1, 1, 1, 1, 1, 1, 1, 1, 1, 1, 1, 1, 1, 1, 1, 1, 1, 1, 1, 1, 1, 1, 1, 1, 1, 1, 1, 1, 1, 1, 1, 1, 1, 1, 1, 1, 1, 1, 1, 1, 1, 1, 1, 1, 1, 1, 1, 1, 1, 1, 1, 1, 1, 1, 1, 1, 1, 1, 1, 1, 1, 1, 1, 1, 1, 1, 1, 1, 1, 1, 1, 1, 1, 1, 1, 1, 1, 1, 1, 1, 1, 1, 1, 1, 1, 1, 1, 1, 1, 1, 1, 1, 1, 1, 1, 1, 1, 1, 1, 1, 1, 1, 1, 1, 1, 1, 1, 1, 1, 1, 1, 1, 1, 1, 1, 1, 1, 1, 1, 1, 1, 1, 1, 1, 1, 1, 1, 1, 1, 1, 1, 1, 1, 1, 1, 1, 1, 1, 1, 1, 1, 1, 1, 1, 1, 1, 1, 1, 1, 1, 1, 1, 1, 1, 1, 1, 1, 1, 1, 1, 1, 1, 1, 1, 1, 1, 1, 1, 1, 1, 1, 1, 1, 1, 1, 1, 1, 1, 1, 1, 1, 1, 1, 1, 1, 1, 1, 1, 1, 4 ),
 ( 0.000000000000000000, 0.003829372050676127515, 0.007367907834966769265, 0.01164821697741791340, 0.01495701375468239114, 0.01847302521215554716, 0.02395171186390121498, 0.02845101440753960986, 0.03459805963177442489, 0.03716908965671072984, 0.04151022001827631147, 0.04445300637740312588, 0.04583961267489355951, 0.04735227409033770929, 0.05088181739304087348, 0.05579958281894781269, 0.06185022848072452284, 0.06563188201933489729, 0.07160455388805508914, 0.07387704484463830656, 0.07690236767552671715, 0.08081617102046789736, 0.08509462359846720059, 0.08999782742345596720, 0.09517223263608698414, 0.1005277210765544993, 0.1073638145965388757, 0.1123298103241966439, 0.1142248342724051513, 0.1176306560112063693, 0.1188912071907430867, 0.1214154589606125656, 0.1239647659526766921, 0.1267379785476576703, 0.1286662510663598713, 0.1319193524449988608, 0.1360810808252423953, 0.1380093533439444853, 0.1404859434606683388, 0.1445137940674219301, 0.1485495269725303213, 0.1536121742074871843, 0.1603687755651326263, 0.1636096425966367951, 0.1653653872238219913, 0.1681385998188029696, 0.1696512612342472304, 0.1717979025412827987, 0.1748467690955869402, 0.1766115407469385223, 0.1780487902239262787, 0.1803177823470925034, 0.1818769980450106738, 0.1859107618195283695, 0.1894961381240065634, 0.1926094698739190259, 0.1959469561774691559, 0.1999688849227403420, 0.2033182526675834101, 0.2053508303704528748, 0.2075522883628994064, 0.2129726584349076468, 0.2209141308659895442, 0.2253690692561508557, 0.2323750580331040982, 0.2355062022064614569, 0.2386300664138025773, 0.2409690323805484535, 0.2445853611074668699, 0.2475641247896550601, 0.2487141150248369792, 0.2509694314285423333, 0.2523678084322165116, 0.2557699407474832709, 0.2599162895067145262, 0.2634504182062852307, 0.2683927125332949970, 0.2767214521231470270, 0.2871491576359207487, 0.2911835902674850818, 0.2927315838370483370, 0.2953979914739832680, 0.3038921178951063951, 0.3091856231885494743, 0.3127181691325000568, 0.3158373075345287662, 0.3260019831671754353, 0.3322979933263841001, 0.3375265451747391232, 0.3409351439532912753, 0.3481988803232120011, 0.3586101336732492317, 0.3689255681703712542, 0.3731485842144068865, 0.3780435548687738345, 0.3834363784710169698, 0.3902293662292032339, 0.3935827130080506997, 0.3999354826868575241, 0.4049186461088353228, 0.4077380441840776637, 0.4102296258950666186, 0.4135771860487590379, 0.4173263417235754114, 0.4229320331095857144, 0.4259378147603353204, 0.4288345452904546162, 0.4327580549103393626, 0.4368175678814518736, 0.4429251175068311674, 0.4495249610177503019, 0.4533157570374702905, 0.4572876811806946273, 0.4593938016215224351, 0.4611319981144044178, 0.4648828431779918890, 0.4738692571594518288, 0.4830341120844415803, 0.4943914034763634557, 0.5031073877122833604, 0.5119136459417619189, 0.5171346514049676157, 0.5229010485626861549, 0.5350687679329089175, 0.5455079732138812254, 0.5546582053055841843, 0.5603302149139357535, 0.5647290652216359064, 0.5672659949535850954, 0.5733961073702366074, 0.5765506485105383883, 0.5801232139303260649, 0.5934810818223710260, 0.6047906994616787379, 0.6152513808979176435, 0.6275685390029885902, 0.6348631519641461107, 0.6423463684020650488, 0.6470366864952123986, 0.6493077839629461945, 0.6522230331992222574, 0.6565704027012010391, 0.6615256388864770853, 0.6668362641109347733, 0.6712312655769290259, 0.6765070256178432606, 0.6794165881426561526, 0.6834276742257605619, 0.6908572650409964266, 0.6932122401973184189, 0.6962295669265514686, 0.7008070712497793675, 0.7092190979308151677, 0.7155880220150692139, 0.7221592188764691667, 0.7261371855845027978, 0.7291028460171948833, 0.7330595305393199368, 0.7357253277139087499, 0.7409590252241073927, 0.7473307106022626378, 0.7545547574872545349, 0.7595292937444555470, 0.7621201338057703722, 0.7658573366610664790, 0.7677198091915278244, 0.7702860909728925787, 0.7743001537254325939, 0.7780232093898040713, 0.7827160800541520524, 0.7863181063153505956, 0.7889839034899391867, 0.7915896374501070198, 0.7936613587632650457, 0.7963923439789201142, 0.7992120617288093198, 0.8015517403942646890, 0.8062856627966270562, 0.8117379631635255333, 0.8187001313243342793, 0.8232297347060653081, 0.8259348332217009148, 0.8328315082804093050, 0.8370631638321933687, 0.8406846625500690173, 0.8460380189645226867, 0.8539253119098719758, 0.8610875422021588843, 0.8688140016937604404, 0.8760810954419265828, 0.8831870272671321631, 0.8882405906301666931, 0.8913811072182773465, 0.8946755721855971233, 0.8980766534467881090, 0.9019106554941149767, 0.9053245630029406188, 0.9093204392943162739, 0.9134401784574521788, 0.9170044025359732620, 0.9197831219293657323, 0.9218456419983026562, 0.9254200700028794024, 0.9288763879267379897, 0.9351574211029591854, 0.9406951642384688839, 0.9474640484048101330, 0.9509830237185544766, 0.9545164592207153742, 0.9586361983838512790, 0.9631167487757965606, 0.9655216763989511453, 0.9682740566254515180, 0.9740437118181488607, 0.9814458710643439998, 0.9886646913056233998, 0.9922472615257720285, 0.9953854578205566517, 1.000000000000000000 ),
 .UNSPECIFIED. ) ;
#3239 = PLANE ( 'NONE',  #1997 ) ;
#3240 = COLOUR_RGB ( '',0.6470588235294117974, 0.6196078431372549211, 0.5882352941176470784 ) ;
#3241 = VERTEX_POINT ( 'NONE', #1518 ) ;
#3242 = EDGE_CURVE ( 'NONE', #2096, #2348, #755, .T. ) ;
#3243 = ORIENTED_EDGE ( 'NONE', *, *, #693, .T. ) ;
#3244 = EDGE_CURVE ( 'NONE', #2907, #1977, #724, .T. ) ;
#3245 = CYLINDRICAL_SURFACE ( 'NONE', #2049, 0.02499999999999995628 ) ;
#3246 = CARTESIAN_POINT ( 'NONE',  ( 0.2499999999999993616, 0.7750000000000002442, -0.2250000000000001998 ) ) ;
#3247 = LINE ( 'NONE', #3233, #2966 ) ;
#3248 = CARTESIAN_POINT ( 'NONE',  ( 0.002966281238892640344, 0.4265826111277067345, 0.2416666666666666408 ) ) ;
#3249 = CARTESIAN_POINT ( 'NONE',  ( 0.08104203178409695452, 0.4410872876941311360, 0.2416666666666666408 ) ) ;
#3250 = CARTESIAN_POINT ( 'NONE',  ( 0.09509312003750969300, 0.4586685362112455921, 0.2406666666666666399 ) ) ;
#3251 = ORIENTED_EDGE ( 'NONE', *, *, #1694, .T. ) ;
#3252 = SHAPE_REPRESENTATION ( 'GRM158R61A226ME15D', ( #542, #2601, #2271, #2006 ), #1129 ) ;
#3253 = CARTESIAN_POINT ( 'NONE',  ( 0.03182923206349574236, 0.4333936929134323268, 0.2406666666666666399 ) ) ;
#3254 = CARTESIAN_POINT ( 'NONE',  ( -0.1468051860428508659, 0.4172622722576542764, 0.2406666666666666399 ) ) ;
#3255 = CARTESIAN_POINT ( 'NONE',  ( -0.1265416788151201843, 0.4058363734094046493, 0.2406666666666666399 ) ) ;
#3256 = ORIENTED_EDGE ( 'NONE', *, *, #2091, .F. ) ;
#3257 = DIRECTION ( 'NONE',  ( 0.000000000000000000, 0.000000000000000000, 1.000000000000000000 ) ) ;
#3258 = CARTESIAN_POINT ( 'NONE',  ( -0.4749999999999994782, 0.02499999999999995628, 0.2250000000000000611 ) ) ;
#3259 = EDGE_LOOP ( 'NONE', ( #1604, #1139, #1383, #1088 ) ) ;
#3260 = DIRECTION ( 'NONE',  ( -1.000000000000000000, -0.000000000000000000, -0.000000000000000000 ) ) ;
#3261 = CARTESIAN_POINT ( 'NONE',  ( -0.4999999999999993339, -5.421010862427522170E-17, 0.2250000000000000888 ) ) ;
#3262 = CARTESIAN_POINT ( 'NONE',  ( -0.05065516274931817359, 0.4321404533844345752, 0.2406666666666666399 ) ) ;
#3263 = EDGE_CURVE ( 'NONE', #1689, #2858, #3073, .T. ) ;
#3264 = PRODUCT ( 'GRM158R61A226ME15D_1_3', 'GRM158R61A226ME15D_1_3', '', ( #2386 ) ) ;
#3265 = LINE ( 'NONE', #2069, #1454 ) ;
#3266 = CARTESIAN_POINT ( 'NONE',  ( 0.1161499970502719581, 0.4101675286406385457, 0.2416666666666666963 ) ) ;
#3267 = CARTESIAN_POINT ( 'NONE',  ( 0.09941362517002176602, 0.4387989327581131582, 0.2416666666666666408 ) ) ;
#3268 = CARTESIAN_POINT ( 'NONE',  ( 0.1026588020277440505, 0.4561037403894009912, 0.2416666666666666408 ) ) ;
#3269 = DIRECTION ( 'NONE',  ( 1.000000000000000000, -0.000000000000000000, -0.000000000000000000 ) ) ;
#3270 = CARTESIAN_POINT ( 'NONE',  ( 0.01556793958679046977, 0.4124514901367865582, 0.2406666666666666399 ) ) ;
#3271 = CARTESIAN_POINT ( 'NONE',  ( -0.1145901978483455097, 0.4058363734094046493, 0.2416666666666666408 ) ) ;
#3272 = CARTESIAN_POINT ( 'NONE',  ( 0.01295257337096007190, 0.4464484431082961780, 0.2416666666666666130 ) ) ;
#3273 = ORIENTED_EDGE ( 'NONE', *, *, #1008, .F. ) ;
#3274 = DIRECTION ( 'NONE',  ( 0.000000000000000000, 1.000000000000000000, 0.000000000000000000 ) ) ;
#3275 = CARTESIAN_POINT ( 'NONE',  ( 0.01213160135430781106, 0.4647773544332485240, 0.2416666666666666408 ) ) ;
#3276 = CARTESIAN_POINT ( 'NONE',  ( 0.0005925991573252880739, 0.4409534606757249953, 0.2416666666666666408 ) ) ;
#3277 = VERTEX_POINT ( 'NONE', #1983 ) ;
#3278 =( LENGTH_UNIT ( ) NAMED_UNIT ( * ) SI_UNIT ( .MILLI., .METRE. ) );
#3279 = DIRECTION ( 'NONE',  ( 1.000000000000000000, -0.000000000000000000, -0.000000000000000000 ) ) ;
#3280 = CARTESIAN_POINT ( 'NONE',  ( -0.04797345584573296795, 0.4395387236071586767, 0.2406666666666666399 ) ) ;
#3281 = AXIS2_PLACEMENT_3D ( 'NONE', #352, #395, #2202 ) ;
#3282 = ADVANCED_FACE ( 'NONE', ( #240 ), #2759, .T. ) ;
#3283 = CARTESIAN_POINT ( 'NONE',  ( 0.003351265439213685794, 0.4212986009040403657, 0.2416666666666666408 ) ) ;
#3284 = CARTESIAN_POINT ( 'NONE',  ( 0.07326397594305054939, 0.4392249641961274431, 0.2416666666666666408 ) ) ;
#3285 = CARTESIAN_POINT ( 'NONE',  ( 0.09005374350099756842, 0.4183857619196140742, 0.2416666666666666408 ) ) ;
#3286 = CARTESIAN_POINT ( 'NONE',  ( -0.1051839396800506032, 0.4058363734094046493, 0.2406666666666666399 ) ) ;
#3287 = ADVANCED_FACE ( 'NONE', ( #443 ), #2246, .T. ) ;
#3288 = CARTESIAN_POINT ( 'NONE',  ( -0.03750498725651336268, 0.4313422349841469217, 0.2406666666666666399 ) ) ;
#3289 = DIRECTION ( 'NONE',  ( 0.000000000000000000, -1.000000000000000000, 0.000000000000000000 ) ) ;
#3290 = FILL_AREA_STYLE_COLOUR ( '', #1504 ) ;
#3291 = CARTESIAN_POINT ( 'NONE',  ( -0.1308571721247718533, 0.4244434120288838042, 0.2416666666666666408 ) ) ;
#3292 = SURFACE_STYLE_USAGE ( .BOTH. , #457 ) ;
#3293 = VERTEX_POINT ( 'NONE', #1003 ) ;
#3294 = CARTESIAN_POINT ( 'NONE',  ( -0.1238502315007403709, 0.4126062139152930075, 0.2416666666666666408 ) ) ;
#3295 = CARTESIAN_POINT ( 'NONE',  ( -0.01377846220083465099, 0.4200773833895001252, 0.2406666666666666399 ) ) ;
#3296 = CARTESIAN_POINT ( 'NONE',  ( 0.003356059041208130436, 0.4683794309371481224, 0.2406666666666666399 ) ) ;
#3297 = CARTESIAN_POINT ( 'NONE',  ( -0.09293171095214754207, 0.4391919385637746975, 0.2416666666666666408 ) ) ;
#3298 = CARTESIAN_POINT ( 'NONE',  ( -0.1376078648954671413, 0.4058363734094046493, 0.2406666666666666399 ) ) ;
#3299 = CARTESIAN_POINT ( 'NONE',  ( 0.02495238715536074459, 0.4156690965902833379, 0.2416666666666666408 ) ) ;
#3300 = CARTESIAN_POINT ( 'NONE',  ( 0.08910452189461828820, 0.4159011017887085382, 0.2406666666666666399 ) ) ;
#3301 = PRODUCT_DEFINITION ( 'UNKNOWN', '', #3129, #1715 ) ;
#3302 = CARTESIAN_POINT ( 'NONE',  ( -0.003922955655691937916, 0.4324901944411166932, 0.2406666666666666399 ) ) ;
#3303 = CARTESIAN_POINT ( 'NONE',  ( 0.02820788034417791301, 0.4302119563786038769, 0.2406666666666666399 ) ) ;
#3304 = CARTESIAN_POINT ( 'NONE',  ( -0.1430603092175559699, 0.4227184184300749048, 0.2406666666666666399 ) ) ;
#3305 = SPHERICAL_SURFACE ( 'NONE', #267, 0.02499999999999995628 ) ;
#3306 = EDGE_CURVE ( 'NONE', #990, #1699, #252, .T. ) ;
#3307 = DIRECTION ( 'NONE',  ( 0.000000000000000000, 0.000000000000000000, -1.000000000000000000 ) ) ;
#3308 = CARTESIAN_POINT ( 'NONE',  ( 500000.0000000000582, 0.02499999999999995628, -0.2250000000433683145 ) ) ;
#3309 = CARTESIAN_POINT ( 'NONE',  ( -0.1291972256988209444, 0.4345576592630842061, 0.2416666666666666408 ) ) ;
#3310 = ORIENTED_EDGE ( 'NONE', *, *, #3263, .F. ) ;
#3311 = FILL_AREA_STYLE ('',( #178 ) ) ;
#3312 = CARTESIAN_POINT ( 'NONE',  ( -0.01116577589072561237, 0.4284133233288320852, 0.2416666666666666408 ) ) ;
#3313 = CARTESIAN_POINT ( 'NONE',  ( -0.1557564100672360896, 0.4058363734094046493, 0.2416666666666666408 ) ) ;
#3314 = CARTESIAN_POINT ( 'NONE',  ( -0.08774843124378675641, 0.4185545076730095015, 0.2416666666666666408 ) ) ;
#3315 = SURFACE_SIDE_STYLE ('',( #2993 ) ) ;
#3316 = CARTESIAN_POINT ( 'NONE',  ( 0.09507086767101806390, 0.4382821968856801531, 0.2416666666666666408 ) ) ;
#3317 = CARTESIAN_POINT ( 'NONE',  ( 0.06061043036645476223, 0.4376675347720894171, 0.2416666666666666408 ) ) ;
#3318 = DIRECTION ( 'NONE',  ( -1.000000000000000000, 0.000000000000000000, 0.000000000000000000 ) ) ;
#3319 = CARTESIAN_POINT ( 'NONE',  ( -0.08956632904569383768, 0.4092800648243716810, 0.2406666666666666399 ) ) ;
#3320 = CARTESIAN_POINT ( 'NONE',  ( -0.1557564100672360896, 0.4058363734094046493, 0.2416666666666666408 ) ) ;
#3321 = ORIENTED_EDGE ( 'NONE', *, *, #1131, .T. ) ;
#3322 = CARTESIAN_POINT ( 'NONE',  ( -0.4749999999999994782, 0.02499999999999995628, 0.2500000000000000000 ) ) ;
#3323 = CARTESIAN_POINT ( 'NONE',  ( 0.002785297901842038060, 0.4417808328694400877, 0.2416666666666666130 ) ) ;
#3324 = VERTEX_POINT ( 'NONE', #189 ) ;
#3325 = B_SPLINE_CURVE_WITH_KNOTS ( 'NONE', 3,
 ( #2737, #2940, #936, #906, #1688, #2213, #1655, #423, #1157, #2721, #2434, #154 ),
 .UNSPECIFIED., .F., .F.,
 ( 4, 1, 1, 1, 1, 1, 1, 1, 1, 4 ),
 ( 0.000000000000000000, 0.02926812205254335914, 0.1058575291914697208, 0.1804490129702329970, 0.2563488796840573403, 0.3398803162454487325, 0.3857703887522968000, 0.4228973909318110569, 0.4966873303746328627, 0.4999999999816821528 ),
 .UNSPECIFIED. ) ;
#3326 = DIRECTION ( 'NONE',  ( -4.336808689942024836E-15, -1.000000000000000000, -3.252606517456518824E-15 ) ) ;
#3327 = CIRCLE ( 'NONE', #415, 0.02499999999999995628 ) ;
#3328 = CARTESIAN_POINT ( 'NONE',  ( 0.1183714519650691660, 0.4273979288962895251, 0.2416666666666666408 ) ) ;
#3329 = FILL_AREA_STYLE ('',( #1555 ) ) ;
#3330 = CARTESIAN_POINT ( 'NONE',  ( -0.07296303139367540935, 0.4369450245785199138, 0.2416666666666666408 ) ) ;
#3331 = VECTOR ( 'NONE', #993, 1000.000000000000000 ) ;
#3332 = COLOUR_RGB ( '',0.6941176470588235059, 0.09803921568627450844, 0.09803921568627450844 ) ;
#3333 = DIRECTION ( 'NONE',  ( -1.000000000000000000, 0.000000000000000000, 0.000000000000000000 ) ) ;
#3334 = AXIS2_PLACEMENT_3D ( 'NONE', #505, #42, #1304 ) ;
#3335 = STYLED_ITEM ( 'NONE', ( #2987 ), #1258 ) ;
#3336 = CARTESIAN_POINT ( 'NONE',  ( -0.05559554336307998695, 0.4155564578369927431, 0.2416666666666666408 ) ) ;
#3337 = CARTESIAN_POINT ( 'NONE',  ( 0.03934382030539912423, 0.4397853874672112973, 0.2416666666666666408 ) ) ;
#3338 = CARTESIAN_POINT ( 'NONE',  ( -0.01525854229300518082, 0.4118712158659191269, 0.2406666666666666399 ) ) ;
#3339 = AXIS2_PLACEMENT_3D ( 'NONE', #1187, #1079, #900 ) ;
#3340 = ORIENTED_EDGE ( 'NONE', *, *, #1754, .F. ) ;
#3341 = NEXT_ASSEMBLY_USAGE_OCCURRENCE ( 'NAUO1', ' ', ' ', #454, #1610, $ ) ;
#3342 = NEXT_ASSEMBLY_USAGE_OCCURRENCE ( 'NAUO2', ' ', ' ', #454, #1872, $ ) ;
#3343 = NEXT_ASSEMBLY_USAGE_OCCURRENCE ( 'NAUO3', ' ', ' ', #454, #3301, $ ) ;
ENDSEC;
END-ISO-10303-21;
