ISO-10303-21;
HEADER;
FILE_DESCRIPTION((''),'2;1');
FILE_NAME('SDA16B_ASM','2012-02-09T',('CKXSSC'),(''),
'PRO/ENGINEER BY PARAMETRIC TECHNOLOGY CORPORATION, 2011220',
'PRO/ENGINEER BY PARAMETRIC TECHNOLOGY CORPORATION, 2011220','');
FILE_SCHEMA(('AUTOMOTIVE_DESIGN_CC2 { 1 2 10303 214 -1 1 5 2 }'));
ENDSEC;
DATA;
#1=COLOUR_RGB('',0.E0,4.3E-1,1.E0);
#2=COLOUR_RGB('',0.E0,6.6E-1,0.E0);
#3=COLOUR_RGB('',1.1E-2,1.2E-2,1.E0);
#4=COLOUR_RGB('',1.1E-1,1.1E-1,1.1E-1);
#5=COLOUR_RGB('',1.29412E-1,5.E-2,1.E-1);
#6=COLOUR_RGB('',1.80392E-1,2.7451E-1,9.8039E-2);
#7=COLOUR_RGB('',2.54902E-1,5.4902E-1,0.E0);
#8=COLOUR_RGB('',2.7451E-1,2.7451E-1,2.7451E-1);
#9=COLOUR_RGB('',3.E-1,1.29412E-1,2.5098E-1);
#10=COLOUR_RGB('',3.13725E-1,3.13725E-1,3.13725E-1);
#11=COLOUR_RGB('',3.45098E-1,1.33333E-1,7.8431E-2);
#12=COLOUR_RGB('',3.5E-1,3.5E-1,3.5E-1);
#13=COLOUR_RGB('',3.52941E-1,3.52941E-1,3.52941E-1);
#14=COLOUR_RGB('',3.72549E-1,3.72549E-1,3.72549E-1);
#15=COLOUR_RGB('',3.92157E-1,3.56863E-1,3.52941E-1);
#16=COLOUR_RGB('',3.92157E-1,3.92157E-1,3.92157E-1);
#17=COLOUR_RGB('',3.92E-1,4.35294E-1,4.86275E-1);
#18=COLOUR_RGB('',4.1E-1,0.E0,2.2E-1);
#19=COLOUR_RGB('',4.31373E-1,4.31373E-1,4.31373E-1);
#20=COLOUR_RGB('',5.09804E-1,3.92157E-1,2.54902E-1);
#21=COLOUR_RGB('',5.09804E-1,3.96078E-1,1.05882E-1);
#22=COLOUR_RGB('',5.09804E-1,4.90196E-1,4.66667E-1);
#23=COLOUR_RGB('',5.7E-1,0.E0,1.E0);
#24=COLOUR_RGB('',5.9E-1,3.E-1,0.E0);
#25=COLOUR_RGB('',6.E-1,6.E-1,6.E-1);
#26=COLOUR_RGB('',6.9E-1,0.E0,0.E0);
#27=COLOUR_RGB('',7.E-1,7.E-1,7.E-1);
#28=COLOUR_RGB('',8.27451E-1,3.29412E-1,7.0588E-2);
#29=COLOUR_RGB('',8.39216E-1,8.90196E-1,7.68627E-1);
#30=COLOUR_RGB('',8.784E-1,9.49E-1,1.E0);
#31=COLOUR_RGB('',8.9E-1,9.2E-1,9.4E-1);
#32=COLOUR_RGB('',9.6E-1,9.6E-1,9.6E-1);
#33=COLOUR_RGB('',9.8E-1,6.27E-1,0.E0);
#34=COLOUR_RGB('',9.80392E-1,9.80392E-1,9.80392E-1);
#35=COLOUR_RGB('',9.9E-1,1.E0,0.E0);
#36=COLOUR_RGB('',1.E0,5.E-1,0.E0);
#37=COLOUR_RGB('',1.E0,7.17647E-1,0.E0);
#38=COLOUR_RGB('',1.E0,7.84314E-1,0.E0);
#39=COLOUR_RGB('',1.E0,1.E0,9.49E-1);
#40=DRAUGHTING_PRE_DEFINED_COLOUR('white');
#41=COLOUR_RGB('',2.9E-1,2.9E-1,2.86E-1);
#42=COLOUR_RGB('',9.6E-1,1.9E-1,5.E-2);
#44=DIRECTION('',(-1.E0,0.E0,0.E0));
#45=VECTOR('',#44,3.748578643763E0);
#46=CARTESIAN_POINT('',(1.748578643763E0,0.E0,-1.3E0));
#47=LINE('',#46,#45);
#48=DRAUGHTING_PRE_DEFINED_CURVE_FONT('continuous');
#49=CURVE_STYLE('',#48,POSITIVE_LENGTH_MEASURE(2.E-2),#41);
#50=PRESENTATION_STYLE_ASSIGNMENT((#49));
#51=STYLED_ITEM('',(#50),#47);
#52=DIRECTION('',(-7.071067811865E-1,0.E0,-7.071067811865E-1));
#53=VECTOR('',#52,3.555634918610E-1);
#54=CARTESIAN_POINT('',(2.E0,0.E0,-1.048578643763E0));
#55=LINE('',#54,#53);
#56=CURVE_STYLE('',#48,POSITIVE_LENGTH_MEASURE(2.E-2),#41);
#57=PRESENTATION_STYLE_ASSIGNMENT((#56));
#58=STYLED_ITEM('',(#57),#55);
#59=DIRECTION('',(0.E0,0.E0,-1.E0));
#60=VECTOR('',#59,2.348578643763E0);
#61=CARTESIAN_POINT('',(2.E0,0.E0,1.3E0));
#62=LINE('',#61,#60);
#63=CURVE_STYLE('',#48,POSITIVE_LENGTH_MEASURE(2.E-2),#41);
#64=PRESENTATION_STYLE_ASSIGNMENT((#63));
#65=STYLED_ITEM('',(#64),#62);
#66=DIRECTION('',(1.E0,0.E0,0.E0));
#67=VECTOR('',#66,4.E0);
#68=CARTESIAN_POINT('',(-2.E0,0.E0,1.3E0));
#69=LINE('',#68,#67);
#70=CURVE_STYLE('',#48,POSITIVE_LENGTH_MEASURE(2.E-2),#41);
#71=PRESENTATION_STYLE_ASSIGNMENT((#70));
#72=STYLED_ITEM('',(#71),#69);
#73=DIRECTION('',(0.E0,0.E0,1.E0));
#74=VECTOR('',#73,2.6E0);
#75=CARTESIAN_POINT('',(-2.E0,0.E0,-1.3E0));
#76=LINE('',#75,#74);
#77=CURVE_STYLE('',#48,POSITIVE_LENGTH_MEASURE(2.E-2),#41);
#78=PRESENTATION_STYLE_ASSIGNMENT((#77));
#79=STYLED_ITEM('',(#78),#76);
#80=DIRECTION('',(-1.E0,0.E0,0.E0));
#81=VECTOR('',#80,2.5E-1);
#82=CARTESIAN_POINT('',(1.875E0,0.E0,-1.6E0));
#83=LINE('',#82,#81);
#84=CURVE_STYLE('',#48,POSITIVE_LENGTH_MEASURE(2.E-2),#41);
#85=PRESENTATION_STYLE_ASSIGNMENT((#84));
#86=STYLED_ITEM('',(#85),#83);
#87=DIRECTION('',(0.E0,0.E0,1.E0));
#88=VECTOR('',#87,4.E-1);
#89=CARTESIAN_POINT('',(1.625E0,0.E0,-2.E0));
#90=LINE('',#89,#88);
#91=CURVE_STYLE('',#48,POSITIVE_LENGTH_MEASURE(2.E-2),#41);
#92=PRESENTATION_STYLE_ASSIGNMENT((#91));
#93=STYLED_ITEM('',(#92),#90);
#94=DIRECTION('',(-1.E0,0.E0,0.E0));
#95=VECTOR('',#94,2.5E-1);
#96=CARTESIAN_POINT('',(1.625E0,0.E0,-2.E0));
#97=LINE('',#96,#95);
#98=CURVE_STYLE('',#48,POSITIVE_LENGTH_MEASURE(2.E-2),#41);
#99=PRESENTATION_STYLE_ASSIGNMENT((#98));
#100=STYLED_ITEM('',(#99),#97);
#101=DIRECTION('',(0.E0,0.E0,1.E0));
#102=VECTOR('',#101,4.E-1);
#103=CARTESIAN_POINT('',(1.375E0,0.E0,-2.E0));
#104=LINE('',#103,#102);
#105=CURVE_STYLE('',#48,POSITIVE_LENGTH_MEASURE(2.E-2),#41);
#106=PRESENTATION_STYLE_ASSIGNMENT((#105));
#107=STYLED_ITEM('',(#106),#104);
#108=DIRECTION('',(-1.E0,0.E0,0.E0));
#109=VECTOR('',#108,2.5E-1);
#110=CARTESIAN_POINT('',(1.375E0,0.E0,-1.6E0));
#111=LINE('',#110,#109);
#112=CURVE_STYLE('',#48,POSITIVE_LENGTH_MEASURE(2.E-2),#41);
#113=PRESENTATION_STYLE_ASSIGNMENT((#112));
#114=STYLED_ITEM('',(#113),#111);
#115=DIRECTION('',(0.E0,0.E0,1.E0));
#116=VECTOR('',#115,4.E-1);
#117=CARTESIAN_POINT('',(1.125E0,0.E0,-2.E0));
#118=LINE('',#117,#116);
#119=CURVE_STYLE('',#48,POSITIVE_LENGTH_MEASURE(2.E-2),#41);
#120=PRESENTATION_STYLE_ASSIGNMENT((#119));
#121=STYLED_ITEM('',(#120),#118);
#122=DIRECTION('',(-1.E0,0.E0,0.E0));
#123=VECTOR('',#122,2.5E-1);
#124=CARTESIAN_POINT('',(1.125E0,0.E0,-2.E0));
#125=LINE('',#124,#123);
#126=CURVE_STYLE('',#48,POSITIVE_LENGTH_MEASURE(2.E-2),#41);
#127=PRESENTATION_STYLE_ASSIGNMENT((#126));
#128=STYLED_ITEM('',(#127),#125);
#129=DIRECTION('',(0.E0,0.E0,1.E0));
#130=VECTOR('',#129,4.E-1);
#131=CARTESIAN_POINT('',(8.75E-1,0.E0,-2.E0));
#132=LINE('',#131,#130);
#133=CURVE_STYLE('',#48,POSITIVE_LENGTH_MEASURE(2.E-2),#41);
#134=PRESENTATION_STYLE_ASSIGNMENT((#133));
#135=STYLED_ITEM('',(#134),#132);
#136=DIRECTION('',(-1.E0,0.E0,0.E0));
#137=VECTOR('',#136,2.5E-1);
#138=CARTESIAN_POINT('',(8.75E-1,0.E0,-1.6E0));
#139=LINE('',#138,#137);
#140=CURVE_STYLE('',#48,POSITIVE_LENGTH_MEASURE(2.E-2),#41);
#141=PRESENTATION_STYLE_ASSIGNMENT((#140));
#142=STYLED_ITEM('',(#141),#139);
#143=DIRECTION('',(0.E0,0.E0,1.E0));
#144=VECTOR('',#143,4.E-1);
#145=CARTESIAN_POINT('',(6.25E-1,0.E0,-2.E0));
#146=LINE('',#145,#144);
#147=CURVE_STYLE('',#48,POSITIVE_LENGTH_MEASURE(2.E-2),#41);
#148=PRESENTATION_STYLE_ASSIGNMENT((#147));
#149=STYLED_ITEM('',(#148),#146);
#150=DIRECTION('',(-1.E0,0.E0,0.E0));
#151=VECTOR('',#150,2.5E-1);
#152=CARTESIAN_POINT('',(6.25E-1,0.E0,-2.E0));
#153=LINE('',#152,#151);
#154=CURVE_STYLE('',#48,POSITIVE_LENGTH_MEASURE(2.E-2),#41);
#155=PRESENTATION_STYLE_ASSIGNMENT((#154));
#156=STYLED_ITEM('',(#155),#153);
#157=DIRECTION('',(0.E0,0.E0,1.E0));
#158=VECTOR('',#157,4.E-1);
#159=CARTESIAN_POINT('',(3.75E-1,0.E0,-2.E0));
#160=LINE('',#159,#158);
#161=CURVE_STYLE('',#48,POSITIVE_LENGTH_MEASURE(2.E-2),#41);
#162=PRESENTATION_STYLE_ASSIGNMENT((#161));
#163=STYLED_ITEM('',(#162),#160);
#164=DIRECTION('',(-1.E0,0.E0,0.E0));
#165=VECTOR('',#164,2.5E-1);
#166=CARTESIAN_POINT('',(3.75E-1,0.E0,-1.6E0));
#167=LINE('',#166,#165);
#168=CURVE_STYLE('',#48,POSITIVE_LENGTH_MEASURE(2.E-2),#41);
#169=PRESENTATION_STYLE_ASSIGNMENT((#168));
#170=STYLED_ITEM('',(#169),#167);
#171=DIRECTION('',(0.E0,0.E0,1.E0));
#172=VECTOR('',#171,4.E-1);
#173=CARTESIAN_POINT('',(1.25E-1,0.E0,-2.E0));
#174=LINE('',#173,#172);
#175=CURVE_STYLE('',#48,POSITIVE_LENGTH_MEASURE(2.E-2),#41);
#176=PRESENTATION_STYLE_ASSIGNMENT((#175));
#177=STYLED_ITEM('',(#176),#174);
#178=DIRECTION('',(-1.E0,0.E0,0.E0));
#179=VECTOR('',#178,2.5E-1);
#180=CARTESIAN_POINT('',(1.25E-1,0.E0,-2.E0));
#181=LINE('',#180,#179);
#182=CURVE_STYLE('',#48,POSITIVE_LENGTH_MEASURE(2.E-2),#41);
#183=PRESENTATION_STYLE_ASSIGNMENT((#182));
#184=STYLED_ITEM('',(#183),#181);
#185=DIRECTION('',(0.E0,0.E0,1.E0));
#186=VECTOR('',#185,4.E-1);
#187=CARTESIAN_POINT('',(-1.25E-1,0.E0,-2.E0));
#188=LINE('',#187,#186);
#189=CURVE_STYLE('',#48,POSITIVE_LENGTH_MEASURE(2.E-2),#41);
#190=PRESENTATION_STYLE_ASSIGNMENT((#189));
#191=STYLED_ITEM('',(#190),#188);
#192=DIRECTION('',(-1.E0,0.E0,0.E0));
#193=VECTOR('',#192,2.5E-1);
#194=CARTESIAN_POINT('',(-1.25E-1,0.E0,-1.6E0));
#195=LINE('',#194,#193);
#196=CURVE_STYLE('',#48,POSITIVE_LENGTH_MEASURE(2.E-2),#41);
#197=PRESENTATION_STYLE_ASSIGNMENT((#196));
#198=STYLED_ITEM('',(#197),#195);
#199=DIRECTION('',(0.E0,0.E0,1.E0));
#200=VECTOR('',#199,4.E-1);
#201=CARTESIAN_POINT('',(-3.75E-1,0.E0,-2.E0));
#202=LINE('',#201,#200);
#203=CURVE_STYLE('',#48,POSITIVE_LENGTH_MEASURE(2.E-2),#41);
#204=PRESENTATION_STYLE_ASSIGNMENT((#203));
#205=STYLED_ITEM('',(#204),#202);
#206=DIRECTION('',(-1.E0,0.E0,0.E0));
#207=VECTOR('',#206,2.5E-1);
#208=CARTESIAN_POINT('',(-3.75E-1,0.E0,-2.E0));
#209=LINE('',#208,#207);
#210=CURVE_STYLE('',#48,POSITIVE_LENGTH_MEASURE(2.E-2),#41);
#211=PRESENTATION_STYLE_ASSIGNMENT((#210));
#212=STYLED_ITEM('',(#211),#209);
#213=DIRECTION('',(0.E0,0.E0,1.E0));
#214=VECTOR('',#213,4.E-1);
#215=CARTESIAN_POINT('',(-6.25E-1,0.E0,-2.E0));
#216=LINE('',#215,#214);
#217=CURVE_STYLE('',#48,POSITIVE_LENGTH_MEASURE(2.E-2),#41);
#218=PRESENTATION_STYLE_ASSIGNMENT((#217));
#219=STYLED_ITEM('',(#218),#216);
#220=DIRECTION('',(-1.E0,0.E0,0.E0));
#221=VECTOR('',#220,2.5E-1);
#222=CARTESIAN_POINT('',(-6.25E-1,0.E0,-1.6E0));
#223=LINE('',#222,#221);
#224=CURVE_STYLE('',#48,POSITIVE_LENGTH_MEASURE(2.E-2),#41);
#225=PRESENTATION_STYLE_ASSIGNMENT((#224));
#226=STYLED_ITEM('',(#225),#223);
#227=DIRECTION('',(0.E0,0.E0,1.E0));
#228=VECTOR('',#227,4.E-1);
#229=CARTESIAN_POINT('',(-8.75E-1,0.E0,-2.E0));
#230=LINE('',#229,#228);
#231=CURVE_STYLE('',#48,POSITIVE_LENGTH_MEASURE(2.E-2),#41);
#232=PRESENTATION_STYLE_ASSIGNMENT((#231));
#233=STYLED_ITEM('',(#232),#230);
#234=DIRECTION('',(-1.E0,0.E0,0.E0));
#235=VECTOR('',#234,2.5E-1);
#236=CARTESIAN_POINT('',(-8.75E-1,0.E0,-2.E0));
#237=LINE('',#236,#235);
#238=CURVE_STYLE('',#48,POSITIVE_LENGTH_MEASURE(2.E-2),#41);
#239=PRESENTATION_STYLE_ASSIGNMENT((#238));
#240=STYLED_ITEM('',(#239),#237);
#241=DIRECTION('',(0.E0,0.E0,1.E0));
#242=VECTOR('',#241,4.E-1);
#243=CARTESIAN_POINT('',(-1.125E0,0.E0,-2.E0));
#244=LINE('',#243,#242);
#245=CURVE_STYLE('',#48,POSITIVE_LENGTH_MEASURE(2.E-2),#41);
#246=PRESENTATION_STYLE_ASSIGNMENT((#245));
#247=STYLED_ITEM('',(#246),#244);
#248=DIRECTION('',(-1.E0,0.E0,0.E0));
#249=VECTOR('',#248,2.5E-1);
#250=CARTESIAN_POINT('',(-1.125E0,0.E0,-1.6E0));
#251=LINE('',#250,#249);
#252=CURVE_STYLE('',#48,POSITIVE_LENGTH_MEASURE(2.E-2),#41);
#253=PRESENTATION_STYLE_ASSIGNMENT((#252));
#254=STYLED_ITEM('',(#253),#251);
#255=DIRECTION('',(0.E0,0.E0,1.E0));
#256=VECTOR('',#255,4.E-1);
#257=CARTESIAN_POINT('',(-1.375E0,0.E0,-2.E0));
#258=LINE('',#257,#256);
#259=CURVE_STYLE('',#48,POSITIVE_LENGTH_MEASURE(2.E-2),#41);
#260=PRESENTATION_STYLE_ASSIGNMENT((#259));
#261=STYLED_ITEM('',(#260),#258);
#262=DIRECTION('',(-1.E0,0.E0,0.E0));
#263=VECTOR('',#262,2.5E-1);
#264=CARTESIAN_POINT('',(-1.375E0,0.E0,-2.E0));
#265=LINE('',#264,#263);
#266=CURVE_STYLE('',#48,POSITIVE_LENGTH_MEASURE(2.E-2),#41);
#267=PRESENTATION_STYLE_ASSIGNMENT((#266));
#268=STYLED_ITEM('',(#267),#265);
#269=DIRECTION('',(0.E0,0.E0,1.E0));
#270=VECTOR('',#269,4.E-1);
#271=CARTESIAN_POINT('',(-1.625E0,0.E0,-2.E0));
#272=LINE('',#271,#270);
#273=CURVE_STYLE('',#48,POSITIVE_LENGTH_MEASURE(2.E-2),#41);
#274=PRESENTATION_STYLE_ASSIGNMENT((#273));
#275=STYLED_ITEM('',(#274),#272);
#276=DIRECTION('',(-1.E0,0.E0,0.E0));
#277=VECTOR('',#276,2.5E-1);
#278=CARTESIAN_POINT('',(-1.625E0,0.E0,-1.6E0));
#279=LINE('',#278,#277);
#280=CURVE_STYLE('',#48,POSITIVE_LENGTH_MEASURE(2.E-2),#41);
#281=PRESENTATION_STYLE_ASSIGNMENT((#280));
#282=STYLED_ITEM('',(#281),#279);
#283=DIRECTION('',(0.E0,0.E0,1.E0));
#284=VECTOR('',#283,4.E-1);
#285=CARTESIAN_POINT('',(-1.875E0,0.E0,-2.E0));
#286=LINE('',#285,#284);
#287=CURVE_STYLE('',#48,POSITIVE_LENGTH_MEASURE(2.E-2),#41);
#288=PRESENTATION_STYLE_ASSIGNMENT((#287));
#289=STYLED_ITEM('',(#288),#286);
#290=DIRECTION('',(-1.E0,0.E0,0.E0));
#291=VECTOR('',#290,6.25E-1);
#292=CARTESIAN_POINT('',(-1.875E0,0.E0,-2.E0));
#293=LINE('',#292,#291);
#294=CURVE_STYLE('',#48,POSITIVE_LENGTH_MEASURE(2.E-2),#41);
#295=PRESENTATION_STYLE_ASSIGNMENT((#294));
#296=STYLED_ITEM('',(#295),#293);
#297=DIRECTION('',(0.E0,0.E0,1.E0));
#298=VECTOR('',#297,4.E0);
#299=CARTESIAN_POINT('',(-2.5E0,0.E0,-2.E0));
#300=LINE('',#299,#298);
#301=CURVE_STYLE('',#48,POSITIVE_LENGTH_MEASURE(2.E-2),#41);
#302=PRESENTATION_STYLE_ASSIGNMENT((#301));
#303=STYLED_ITEM('',(#302),#300);
#304=DIRECTION('',(1.E0,0.E0,0.E0));
#305=VECTOR('',#304,6.25E-1);
#306=CARTESIAN_POINT('',(-2.5E0,0.E0,2.E0));
#307=LINE('',#306,#305);
#308=CURVE_STYLE('',#48,POSITIVE_LENGTH_MEASURE(2.E-2),#41);
#309=PRESENTATION_STYLE_ASSIGNMENT((#308));
#310=STYLED_ITEM('',(#309),#307);
#311=DIRECTION('',(0.E0,0.E0,-1.E0));
#312=VECTOR('',#311,4.E-1);
#313=CARTESIAN_POINT('',(-1.875E0,0.E0,2.E0));
#314=LINE('',#313,#312);
#315=CURVE_STYLE('',#48,POSITIVE_LENGTH_MEASURE(2.E-2),#41);
#316=PRESENTATION_STYLE_ASSIGNMENT((#315));
#317=STYLED_ITEM('',(#316),#314);
#318=DIRECTION('',(-1.E0,0.E0,0.E0));
#319=VECTOR('',#318,2.5E-1);
#320=CARTESIAN_POINT('',(-1.625E0,0.E0,1.6E0));
#321=LINE('',#320,#319);
#322=CURVE_STYLE('',#48,POSITIVE_LENGTH_MEASURE(2.E-2),#41);
#323=PRESENTATION_STYLE_ASSIGNMENT((#322));
#324=STYLED_ITEM('',(#323),#321);
#325=DIRECTION('',(0.E0,0.E0,-1.E0));
#326=VECTOR('',#325,4.E-1);
#327=CARTESIAN_POINT('',(-1.625E0,0.E0,2.E0));
#328=LINE('',#327,#326);
#329=CURVE_STYLE('',#48,POSITIVE_LENGTH_MEASURE(2.E-2),#41);
#330=PRESENTATION_STYLE_ASSIGNMENT((#329));
#331=STYLED_ITEM('',(#330),#328);
#332=DIRECTION('',(1.E0,0.E0,0.E0));
#333=VECTOR('',#332,2.5E-1);
#334=CARTESIAN_POINT('',(-1.625E0,0.E0,2.E0));
#335=LINE('',#334,#333);
#336=CURVE_STYLE('',#48,POSITIVE_LENGTH_MEASURE(2.E-2),#41);
#337=PRESENTATION_STYLE_ASSIGNMENT((#336));
#338=STYLED_ITEM('',(#337),#335);
#339=DIRECTION('',(0.E0,0.E0,-1.E0));
#340=VECTOR('',#339,4.E-1);
#341=CARTESIAN_POINT('',(-1.375E0,0.E0,2.E0));
#342=LINE('',#341,#340);
#343=CURVE_STYLE('',#48,POSITIVE_LENGTH_MEASURE(2.E-2),#41);
#344=PRESENTATION_STYLE_ASSIGNMENT((#343));
#345=STYLED_ITEM('',(#344),#342);
#346=DIRECTION('',(-1.E0,0.E0,0.E0));
#347=VECTOR('',#346,2.5E-1);
#348=CARTESIAN_POINT('',(-1.125E0,0.E0,1.6E0));
#349=LINE('',#348,#347);
#350=CURVE_STYLE('',#48,POSITIVE_LENGTH_MEASURE(2.E-2),#41);
#351=PRESENTATION_STYLE_ASSIGNMENT((#350));
#352=STYLED_ITEM('',(#351),#349);
#353=DIRECTION('',(0.E0,0.E0,-1.E0));
#354=VECTOR('',#353,4.E-1);
#355=CARTESIAN_POINT('',(-1.125E0,0.E0,2.E0));
#356=LINE('',#355,#354);
#357=CURVE_STYLE('',#48,POSITIVE_LENGTH_MEASURE(2.E-2),#41);
#358=PRESENTATION_STYLE_ASSIGNMENT((#357));
#359=STYLED_ITEM('',(#358),#356);
#360=DIRECTION('',(1.E0,0.E0,0.E0));
#361=VECTOR('',#360,2.5E-1);
#362=CARTESIAN_POINT('',(-1.125E0,0.E0,2.E0));
#363=LINE('',#362,#361);
#364=CURVE_STYLE('',#48,POSITIVE_LENGTH_MEASURE(2.E-2),#41);
#365=PRESENTATION_STYLE_ASSIGNMENT((#364));
#366=STYLED_ITEM('',(#365),#363);
#367=DIRECTION('',(0.E0,0.E0,-1.E0));
#368=VECTOR('',#367,4.E-1);
#369=CARTESIAN_POINT('',(-8.75E-1,0.E0,2.E0));
#370=LINE('',#369,#368);
#371=CURVE_STYLE('',#48,POSITIVE_LENGTH_MEASURE(2.E-2),#41);
#372=PRESENTATION_STYLE_ASSIGNMENT((#371));
#373=STYLED_ITEM('',(#372),#370);
#374=DIRECTION('',(-1.E0,0.E0,0.E0));
#375=VECTOR('',#374,2.5E-1);
#376=CARTESIAN_POINT('',(-6.25E-1,0.E0,1.6E0));
#377=LINE('',#376,#375);
#378=CURVE_STYLE('',#48,POSITIVE_LENGTH_MEASURE(2.E-2),#41);
#379=PRESENTATION_STYLE_ASSIGNMENT((#378));
#380=STYLED_ITEM('',(#379),#377);
#381=DIRECTION('',(0.E0,0.E0,-1.E0));
#382=VECTOR('',#381,4.E-1);
#383=CARTESIAN_POINT('',(-6.25E-1,0.E0,2.E0));
#384=LINE('',#383,#382);
#385=CURVE_STYLE('',#48,POSITIVE_LENGTH_MEASURE(2.E-2),#41);
#386=PRESENTATION_STYLE_ASSIGNMENT((#385));
#387=STYLED_ITEM('',(#386),#384);
#388=DIRECTION('',(1.E0,0.E0,0.E0));
#389=VECTOR('',#388,2.5E-1);
#390=CARTESIAN_POINT('',(-6.25E-1,0.E0,2.E0));
#391=LINE('',#390,#389);
#392=CURVE_STYLE('',#48,POSITIVE_LENGTH_MEASURE(2.E-2),#41);
#393=PRESENTATION_STYLE_ASSIGNMENT((#392));
#394=STYLED_ITEM('',(#393),#391);
#395=DIRECTION('',(0.E0,0.E0,-1.E0));
#396=VECTOR('',#395,4.E-1);
#397=CARTESIAN_POINT('',(-3.75E-1,0.E0,2.E0));
#398=LINE('',#397,#396);
#399=CURVE_STYLE('',#48,POSITIVE_LENGTH_MEASURE(2.E-2),#41);
#400=PRESENTATION_STYLE_ASSIGNMENT((#399));
#401=STYLED_ITEM('',(#400),#398);
#402=DIRECTION('',(-1.E0,0.E0,0.E0));
#403=VECTOR('',#402,2.5E-1);
#404=CARTESIAN_POINT('',(-1.25E-1,0.E0,1.6E0));
#405=LINE('',#404,#403);
#406=CURVE_STYLE('',#48,POSITIVE_LENGTH_MEASURE(2.E-2),#41);
#407=PRESENTATION_STYLE_ASSIGNMENT((#406));
#408=STYLED_ITEM('',(#407),#405);
#409=DIRECTION('',(0.E0,0.E0,-1.E0));
#410=VECTOR('',#409,4.E-1);
#411=CARTESIAN_POINT('',(-1.25E-1,0.E0,2.E0));
#412=LINE('',#411,#410);
#413=CURVE_STYLE('',#48,POSITIVE_LENGTH_MEASURE(2.E-2),#41);
#414=PRESENTATION_STYLE_ASSIGNMENT((#413));
#415=STYLED_ITEM('',(#414),#412);
#416=DIRECTION('',(1.E0,0.E0,0.E0));
#417=VECTOR('',#416,2.5E-1);
#418=CARTESIAN_POINT('',(-1.25E-1,0.E0,2.E0));
#419=LINE('',#418,#417);
#420=CURVE_STYLE('',#48,POSITIVE_LENGTH_MEASURE(2.E-2),#41);
#421=PRESENTATION_STYLE_ASSIGNMENT((#420));
#422=STYLED_ITEM('',(#421),#419);
#423=DIRECTION('',(0.E0,0.E0,-1.E0));
#424=VECTOR('',#423,4.E-1);
#425=CARTESIAN_POINT('',(1.25E-1,0.E0,2.E0));
#426=LINE('',#425,#424);
#427=CURVE_STYLE('',#48,POSITIVE_LENGTH_MEASURE(2.E-2),#41);
#428=PRESENTATION_STYLE_ASSIGNMENT((#427));
#429=STYLED_ITEM('',(#428),#426);
#430=DIRECTION('',(-1.E0,0.E0,0.E0));
#431=VECTOR('',#430,2.5E-1);
#432=CARTESIAN_POINT('',(3.75E-1,0.E0,1.6E0));
#433=LINE('',#432,#431);
#434=CURVE_STYLE('',#48,POSITIVE_LENGTH_MEASURE(2.E-2),#41);
#435=PRESENTATION_STYLE_ASSIGNMENT((#434));
#436=STYLED_ITEM('',(#435),#433);
#437=DIRECTION('',(0.E0,0.E0,-1.E0));
#438=VECTOR('',#437,4.E-1);
#439=CARTESIAN_POINT('',(3.75E-1,0.E0,2.E0));
#440=LINE('',#439,#438);
#441=CURVE_STYLE('',#48,POSITIVE_LENGTH_MEASURE(2.E-2),#41);
#442=PRESENTATION_STYLE_ASSIGNMENT((#441));
#443=STYLED_ITEM('',(#442),#440);
#444=DIRECTION('',(1.E0,0.E0,0.E0));
#445=VECTOR('',#444,2.5E-1);
#446=CARTESIAN_POINT('',(3.75E-1,0.E0,2.E0));
#447=LINE('',#446,#445);
#448=CURVE_STYLE('',#48,POSITIVE_LENGTH_MEASURE(2.E-2),#41);
#449=PRESENTATION_STYLE_ASSIGNMENT((#448));
#450=STYLED_ITEM('',(#449),#447);
#451=DIRECTION('',(0.E0,0.E0,-1.E0));
#452=VECTOR('',#451,4.E-1);
#453=CARTESIAN_POINT('',(6.25E-1,0.E0,2.E0));
#454=LINE('',#453,#452);
#455=CURVE_STYLE('',#48,POSITIVE_LENGTH_MEASURE(2.E-2),#41);
#456=PRESENTATION_STYLE_ASSIGNMENT((#455));
#457=STYLED_ITEM('',(#456),#454);
#458=DIRECTION('',(-1.E0,0.E0,0.E0));
#459=VECTOR('',#458,2.5E-1);
#460=CARTESIAN_POINT('',(8.75E-1,0.E0,1.6E0));
#461=LINE('',#460,#459);
#462=CURVE_STYLE('',#48,POSITIVE_LENGTH_MEASURE(2.E-2),#41);
#463=PRESENTATION_STYLE_ASSIGNMENT((#462));
#464=STYLED_ITEM('',(#463),#461);
#465=DIRECTION('',(0.E0,0.E0,-1.E0));
#466=VECTOR('',#465,4.E-1);
#467=CARTESIAN_POINT('',(8.75E-1,0.E0,2.E0));
#468=LINE('',#467,#466);
#469=CURVE_STYLE('',#48,POSITIVE_LENGTH_MEASURE(2.E-2),#41);
#470=PRESENTATION_STYLE_ASSIGNMENT((#469));
#471=STYLED_ITEM('',(#470),#468);
#472=DIRECTION('',(1.E0,0.E0,0.E0));
#473=VECTOR('',#472,2.5E-1);
#474=CARTESIAN_POINT('',(8.75E-1,0.E0,2.E0));
#475=LINE('',#474,#473);
#476=CURVE_STYLE('',#48,POSITIVE_LENGTH_MEASURE(2.E-2),#41);
#477=PRESENTATION_STYLE_ASSIGNMENT((#476));
#478=STYLED_ITEM('',(#477),#475);
#479=DIRECTION('',(0.E0,0.E0,-1.E0));
#480=VECTOR('',#479,4.E-1);
#481=CARTESIAN_POINT('',(1.125E0,0.E0,2.E0));
#482=LINE('',#481,#480);
#483=CURVE_STYLE('',#48,POSITIVE_LENGTH_MEASURE(2.E-2),#41);
#484=PRESENTATION_STYLE_ASSIGNMENT((#483));
#485=STYLED_ITEM('',(#484),#482);
#486=DIRECTION('',(-1.E0,0.E0,0.E0));
#487=VECTOR('',#486,2.5E-1);
#488=CARTESIAN_POINT('',(1.375E0,0.E0,1.6E0));
#489=LINE('',#488,#487);
#490=CURVE_STYLE('',#48,POSITIVE_LENGTH_MEASURE(2.E-2),#41);
#491=PRESENTATION_STYLE_ASSIGNMENT((#490));
#492=STYLED_ITEM('',(#491),#489);
#493=DIRECTION('',(0.E0,0.E0,-1.E0));
#494=VECTOR('',#493,4.E-1);
#495=CARTESIAN_POINT('',(1.375E0,0.E0,2.E0));
#496=LINE('',#495,#494);
#497=CURVE_STYLE('',#48,POSITIVE_LENGTH_MEASURE(2.E-2),#41);
#498=PRESENTATION_STYLE_ASSIGNMENT((#497));
#499=STYLED_ITEM('',(#498),#496);
#500=DIRECTION('',(1.E0,0.E0,0.E0));
#501=VECTOR('',#500,2.5E-1);
#502=CARTESIAN_POINT('',(1.375E0,0.E0,2.E0));
#503=LINE('',#502,#501);
#504=CURVE_STYLE('',#48,POSITIVE_LENGTH_MEASURE(2.E-2),#41);
#505=PRESENTATION_STYLE_ASSIGNMENT((#504));
#506=STYLED_ITEM('',(#505),#503);
#507=DIRECTION('',(0.E0,0.E0,-1.E0));
#508=VECTOR('',#507,4.E-1);
#509=CARTESIAN_POINT('',(1.625E0,0.E0,2.E0));
#510=LINE('',#509,#508);
#511=CURVE_STYLE('',#48,POSITIVE_LENGTH_MEASURE(2.E-2),#41);
#512=PRESENTATION_STYLE_ASSIGNMENT((#511));
#513=STYLED_ITEM('',(#512),#510);
#514=DIRECTION('',(-1.E0,0.E0,0.E0));
#515=VECTOR('',#514,2.5E-1);
#516=CARTESIAN_POINT('',(1.875E0,0.E0,1.6E0));
#517=LINE('',#516,#515);
#518=CURVE_STYLE('',#48,POSITIVE_LENGTH_MEASURE(2.E-2),#41);
#519=PRESENTATION_STYLE_ASSIGNMENT((#518));
#520=STYLED_ITEM('',(#519),#517);
#521=DIRECTION('',(0.E0,0.E0,-1.E0));
#522=VECTOR('',#521,4.E-1);
#523=CARTESIAN_POINT('',(1.875E0,0.E0,2.E0));
#524=LINE('',#523,#522);
#525=CURVE_STYLE('',#48,POSITIVE_LENGTH_MEASURE(2.E-2),#41);
#526=PRESENTATION_STYLE_ASSIGNMENT((#525));
#527=STYLED_ITEM('',(#526),#524);
#528=DIRECTION('',(1.E0,0.E0,0.E0));
#529=VECTOR('',#528,6.25E-1);
#530=CARTESIAN_POINT('',(1.875E0,0.E0,2.E0));
#531=LINE('',#530,#529);
#532=CURVE_STYLE('',#48,POSITIVE_LENGTH_MEASURE(2.E-2),#41);
#533=PRESENTATION_STYLE_ASSIGNMENT((#532));
#534=STYLED_ITEM('',(#533),#531);
#535=DIRECTION('',(0.E0,0.E0,-1.E0));
#536=VECTOR('',#535,4.E0);
#537=CARTESIAN_POINT('',(2.5E0,0.E0,2.E0));
#538=LINE('',#537,#536);
#539=CURVE_STYLE('',#48,POSITIVE_LENGTH_MEASURE(2.E-2),#41);
#540=PRESENTATION_STYLE_ASSIGNMENT((#539));
#541=STYLED_ITEM('',(#540),#538);
#542=DIRECTION('',(-1.E0,0.E0,0.E0));
#543=VECTOR('',#542,6.25E-1);
#544=CARTESIAN_POINT('',(2.5E0,0.E0,-2.E0));
#545=LINE('',#544,#543);
#546=CURVE_STYLE('',#48,POSITIVE_LENGTH_MEASURE(2.E-2),#41);
#547=PRESENTATION_STYLE_ASSIGNMENT((#546));
#548=STYLED_ITEM('',(#547),#545);
#549=DIRECTION('',(0.E0,0.E0,1.E0));
#550=VECTOR('',#549,4.E-1);
#551=CARTESIAN_POINT('',(1.875E0,0.E0,-2.E0));
#552=LINE('',#551,#550);
#553=CURVE_STYLE('',#48,POSITIVE_LENGTH_MEASURE(2.E-2),#41);
#554=PRESENTATION_STYLE_ASSIGNMENT((#553));
#555=STYLED_ITEM('',(#554),#552);
#556=DIRECTION('',(-9.999999999950E-1,0.E0,3.151105088109E-6));
#557=VECTOR('',#556,3.749189852968E0);
#558=CARTESIAN_POINT('',(1.748761124996E0,9.377685839078E-3,-1.300440548762E0));
#559=LINE('',#558,#557);
#560=CURVE_STYLE('',#48,POSITIVE_LENGTH_MEASURE(2.E-2),#41);
#561=PRESENTATION_STYLE_ASSIGNMENT((#560));
#562=STYLED_ITEM('',(#561),#559);
#563=DIRECTION('',(-2.582759155323E-9,0.E0,1.E0));
#564=VECTOR('',#563,2.600857462625E0);
#565=CARTESIAN_POINT('',(-2.000428727954E0,9.377685839078E-3,
-1.300428734671E0));
#566=LINE('',#565,#564);
#567=CURVE_STYLE('',#48,POSITIVE_LENGTH_MEASURE(2.E-2),#41);
#568=PRESENTATION_STYLE_ASSIGNMENT((#567));
#569=STYLED_ITEM('',(#568),#566);
#570=CARTESIAN_POINT('',(-2.E0,0.E0,-1.3E0));
#571=CARTESIAN_POINT('',(-2.E0,1.534793899812E-3,-1.299995217445E0));
#572=CARTESIAN_POINT('',(-2.000076647765E0,4.634867841407E-3,
-1.300045968984E0));
#573=CARTESIAN_POINT('',(-2.000279088110E0,7.789016531763E-3,
-1.300289001402E0));
#574=CARTESIAN_POINT('',(-2.000428727954E0,9.377685839078E-3,
-1.300428734671E0));
#576=CURVE_STYLE('',#48,POSITIVE_LENGTH_MEASURE(2.E-2),#41);
#577=PRESENTATION_STYLE_ASSIGNMENT((#576));
#578=STYLED_ITEM('',(#577),#575);
#579=DIRECTION('',(1.E0,0.E0,1.678987355128E-9));
#580=VECTOR('',#579,4.000857462625E0);
#581=CARTESIAN_POINT('',(-2.000428734671E0,9.377685839078E-3,1.300428727954E0));
#582=LINE('',#581,#580);
#583=CURVE_STYLE('',#48,POSITIVE_LENGTH_MEASURE(2.E-2),#41);
#584=PRESENTATION_STYLE_ASSIGNMENT((#583));
#585=STYLED_ITEM('',(#584),#582);
#586=CARTESIAN_POINT('',(-2.E0,0.E0,1.3E0));
#587=CARTESIAN_POINT('',(-1.999995217445E0,1.534793899812E-3,1.3E0));
#588=CARTESIAN_POINT('',(-2.000045968984E0,4.634867841407E-3,1.300076647765E0));
#589=CARTESIAN_POINT('',(-2.000289001402E0,7.789016531763E-3,1.300279088110E0));
#590=CARTESIAN_POINT('',(-2.000428734671E0,9.377685839078E-3,1.300428727954E0));
#592=CURVE_STYLE('',#48,POSITIVE_LENGTH_MEASURE(2.E-2),#41);
#593=PRESENTATION_STYLE_ASSIGNMENT((#592));
#594=STYLED_ITEM('',(#593),#591);
#595=DIRECTION('',(5.031866012137E-6,0.E0,-9.999999999873E-1));
#596=VECTOR('',#595,2.349189859696E0);
#597=CARTESIAN_POINT('',(2.000428727954E0,9.377685839078E-3,1.300428734671E0));
#598=LINE('',#597,#596);
#599=CURVE_STYLE('',#48,POSITIVE_LENGTH_MEASURE(2.E-2),#41);
#600=PRESENTATION_STYLE_ASSIGNMENT((#599));
#601=STYLED_ITEM('',(#600),#598);
#602=CARTESIAN_POINT('',(2.E0,0.E0,1.3E0));
#603=CARTESIAN_POINT('',(2.E0,1.534793899812E-3,1.299995217445E0));
#604=CARTESIAN_POINT('',(2.000076647765E0,4.634867841407E-3,1.300045968984E0));
#605=CARTESIAN_POINT('',(2.000279088110E0,7.789016531763E-3,1.300289001402E0));
#606=CARTESIAN_POINT('',(2.000428727954E0,9.377685839078E-3,1.300428734671E0));
#608=CURVE_STYLE('',#48,POSITIVE_LENGTH_MEASURE(2.E-2),#41);
#609=PRESENTATION_STYLE_ASSIGNMENT((#608));
#610=STYLED_ITEM('',(#609),#607);
#611=CARTESIAN_POINT('',(1.748578643763E0,0.E0,-1.3E0));
#612=CARTESIAN_POINT('',(1.748579494617E0,1.557457705481E-3,-1.299999149146E0));
#613=CARTESIAN_POINT('',(1.748610579804E0,4.680171355247E-3,-1.300071084825E0));
#614=CARTESIAN_POINT('',(1.748700563837E0,7.811580463495E-3,-1.300292492911E0));
#615=CARTESIAN_POINT('',(1.748761124996E0,9.377685839078E-3,-1.300440548762E0));
#617=CURVE_STYLE('',#48,POSITIVE_LENGTH_MEASURE(2.E-2),#41);
#618=PRESENTATION_STYLE_ASSIGNMENT((#617));
#619=STYLED_ITEM('',(#618),#616);
#620=DIRECTION('',(-7.071067811865E-1,0.E0,-7.071067811865E-1));
#621=VECTOR('',#620,3.559284544609E-1);
#622=CARTESIAN_POINT('',(2.000440548762E0,9.377685839078E-3,-1.048761124996E0));
#623=LINE('',#622,#621);
#624=CURVE_STYLE('',#48,POSITIVE_LENGTH_MEASURE(2.E-2),#41);
#625=PRESENTATION_STYLE_ASSIGNMENT((#624));
#626=STYLED_ITEM('',(#625),#623);
#627=CARTESIAN_POINT('',(2.E0,0.E0,-1.048578643763E0));
#628=CARTESIAN_POINT('',(1.999999149146E0,1.557457705482E-3,-1.048579494617E0));
#629=CARTESIAN_POINT('',(2.000071084825E0,4.680171355247E-3,-1.048610579804E0));
#630=CARTESIAN_POINT('',(2.000292492911E0,7.811580463495E-3,-1.048700563837E0));
#631=CARTESIAN_POINT('',(2.000440548762E0,9.377685839078E-3,-1.048761124996E0));
#633=CURVE_STYLE('',#48,POSITIVE_LENGTH_MEASURE(2.E-2),#41);
#634=PRESENTATION_STYLE_ASSIGNMENT((#633));
#635=STYLED_ITEM('',(#634),#632);
#636=DIRECTION('',(1.E0,0.E0,0.E0));
#637=VECTOR('',#636,2.537510743356E-1);
#638=CARTESIAN_POINT('',(1.623124462832E0,9.377685839078E-3,1.987348385653E0));
#639=LINE('',#638,#637);
#640=CURVE_STYLE('',#48,POSITIVE_LENGTH_MEASURE(2.E-2),#41);
#641=PRESENTATION_STYLE_ASSIGNMENT((#640));
#642=STYLED_ITEM('',(#641),#639);
#643=DIRECTION('',(1.E0,0.E0,0.E0));
#644=VECTOR('',#643,2.537510743356E-1);
#645=CARTESIAN_POINT('',(1.123124462832E0,9.377685839078E-3,1.987348385653E0));
#646=LINE('',#645,#644);
#647=CURVE_STYLE('',#48,POSITIVE_LENGTH_MEASURE(2.E-2),#41);
#648=PRESENTATION_STYLE_ASSIGNMENT((#647));
#649=STYLED_ITEM('',(#648),#646);
#650=DIRECTION('',(1.E0,0.E0,0.E0));
#651=VECTOR('',#650,2.537510743356E-1);
#652=CARTESIAN_POINT('',(6.231244628322E-1,9.377685839078E-3,1.987348385653E0));
#653=LINE('',#652,#651);
#654=CURVE_STYLE('',#48,POSITIVE_LENGTH_MEASURE(2.E-2),#41);
#655=PRESENTATION_STYLE_ASSIGNMENT((#654));
#656=STYLED_ITEM('',(#655),#653);
#657=DIRECTION('',(1.E0,0.E0,0.E0));
#658=VECTOR('',#657,2.537510743356E-1);
#659=CARTESIAN_POINT('',(1.231244628322E-1,9.377685839078E-3,1.987348385653E0));
#660=LINE('',#659,#658);
#661=CURVE_STYLE('',#48,POSITIVE_LENGTH_MEASURE(2.E-2),#41);
#662=PRESENTATION_STYLE_ASSIGNMENT((#661));
#663=STYLED_ITEM('',(#662),#660);
#664=DIRECTION('',(1.E0,0.E0,0.E0));
#665=VECTOR('',#664,2.537510743356E-1);
#666=CARTESIAN_POINT('',(-3.768755371678E-1,9.377685839078E-3,
1.987348385653E0));
#667=LINE('',#666,#665);
#668=CURVE_STYLE('',#48,POSITIVE_LENGTH_MEASURE(2.E-2),#41);
#669=PRESENTATION_STYLE_ASSIGNMENT((#668));
#670=STYLED_ITEM('',(#669),#667);
#671=DIRECTION('',(1.E0,0.E0,0.E0));
#672=VECTOR('',#671,2.537510743356E-1);
#673=CARTESIAN_POINT('',(-8.768755371678E-1,9.377685839078E-3,
1.987348385653E0));
#674=LINE('',#673,#672);
#675=CURVE_STYLE('',#48,POSITIVE_LENGTH_MEASURE(2.E-2),#41);
#676=PRESENTATION_STYLE_ASSIGNMENT((#675));
#677=STYLED_ITEM('',(#676),#674);
#678=DIRECTION('',(1.E0,0.E0,0.E0));
#679=VECTOR('',#678,2.537510743356E-1);
#680=CARTESIAN_POINT('',(-1.376875537168E0,9.377685839078E-3,1.987348385653E0));
#681=LINE('',#680,#679);
#682=CURVE_STYLE('',#48,POSITIVE_LENGTH_MEASURE(2.E-2),#41);
#683=PRESENTATION_STYLE_ASSIGNMENT((#682));
#684=STYLED_ITEM('',(#683),#681);
#685=DIRECTION('',(1.E0,0.E0,0.E0));
#686=VECTOR('',#685,2.537510743356E-1);
#687=CARTESIAN_POINT('',(-1.876875537168E0,9.377685839078E-3,1.987348385653E0));
#688=LINE('',#687,#686);
#689=CURVE_STYLE('',#48,POSITIVE_LENGTH_MEASURE(2.E-2),#41);
#690=PRESENTATION_STYLE_ASSIGNMENT((#689));
#691=STYLED_ITEM('',(#690),#688);
#692=DIRECTION('',(1.961161351382E-1,9.805806756909E-1,2.321816410437E-14));
#693=VECTOR('',#692,9.563400617160E-3);
#694=CARTESIAN_POINT('',(1.875E0,0.E0,-1.6E0));
#695=LINE('',#694,#693);
#696=CURVE_STYLE('',#48,POSITIVE_LENGTH_MEASURE(2.E-2),#41);
#697=PRESENTATION_STYLE_ASSIGNMENT((#696));
#698=STYLED_ITEM('',(#697),#695);
#699=DIRECTION('',(-1.E0,0.E0,0.E0));
#700=VECTOR('',#699,2.537510743356E-1);
#701=CARTESIAN_POINT('',(1.876875537168E0,9.377685839078E-3,-1.6E0));
#702=LINE('',#701,#700);
#703=CURVE_STYLE('',#48,POSITIVE_LENGTH_MEASURE(2.E-2),#41);
#704=PRESENTATION_STYLE_ASSIGNMENT((#703));
#705=STYLED_ITEM('',(#704),#702);
#706=DIRECTION('',(1.961161351382E-1,-9.805806756909E-1,-2.321816410437E-14));
#707=VECTOR('',#706,9.563400617160E-3);
#708=CARTESIAN_POINT('',(1.623124462832E0,9.377685839078E-3,-1.6E0));
#709=LINE('',#708,#707);
#710=CURVE_STYLE('',#48,POSITIVE_LENGTH_MEASURE(2.E-2),#41);
#711=PRESENTATION_STYLE_ASSIGNMENT((#710));
#712=STYLED_ITEM('',(#711),#709);
#713=CARTESIAN_POINT('',(1.895867416660E0,1.043370833017E-1,-1.988345460750E0));
#714=CARTESIAN_POINT('',(1.896182185591E0,1.059109279550E-1,-1.992435078348E0));
#715=CARTESIAN_POINT('',(1.896575144726E0,1.078757236304E-1,-1.996319272146E0));
#716=CARTESIAN_POINT('',(1.897045548850E0,1.102277442495E-1,-2.E0));
#718=CURVE_STYLE('',#48,POSITIVE_LENGTH_MEASURE(2.E-2),#41);
#719=PRESENTATION_STYLE_ASSIGNMENT((#718));
#720=STYLED_ITEM('',(#719),#717);
#721=DIRECTION('',(-1.961161351382E-1,-9.805806756909E-1,0.E0));
#722=VECTOR('',#721,9.683996413214E-2);
#723=CARTESIAN_POINT('',(1.895867416660E0,1.043370833017E-1,-1.988345460750E0));
#724=LINE('',#723,#722);
#725=CURVE_STYLE('',#48,POSITIVE_LENGTH_MEASURE(2.E-2),#41);
#726=PRESENTATION_STYLE_ASSIGNMENT((#725));
#727=STYLED_ITEM('',(#726),#724);
#728=DIRECTION('',(0.E0,0.E0,-1.E0));
#729=VECTOR('',#728,3.883454607504E-1);
#730=CARTESIAN_POINT('',(1.876875537168E0,9.377685839078E-3,-1.6E0));
#731=LINE('',#730,#729);
#732=CURVE_STYLE('',#48,POSITIVE_LENGTH_MEASURE(2.E-2),#41);
#733=PRESENTATION_STYLE_ASSIGNMENT((#732));
#734=STYLED_ITEM('',(#733),#731);
#735=DIRECTION('',(1.961161351382E-1,9.805806756909E-1,0.E0));
#736=VECTOR('',#735,1.124106837735E-1);
#737=CARTESIAN_POINT('',(1.875E0,0.E0,-2.E0));
#738=LINE('',#737,#736);
#739=CURVE_STYLE('',#48,POSITIVE_LENGTH_MEASURE(2.E-2),#41);
#740=PRESENTATION_STYLE_ASSIGNMENT((#739));
#741=STYLED_ITEM('',(#740),#738);
#742=DIRECTION('',(0.E0,1.E0,0.E0));
#743=VECTOR('',#742,8.E-1);
#744=CARTESIAN_POINT('',(2.5E0,0.E0,-2.E0));
#745=LINE('',#744,#743);
#746=CURVE_STYLE('',#48,POSITIVE_LENGTH_MEASURE(2.E-2),#41);
#747=PRESENTATION_STYLE_ASSIGNMENT((#746));
#748=STYLED_ITEM('',(#747),#745);
#749=DIRECTION('',(1.961161351382E-1,-9.805806756909E-1,0.E0));
#750=VECTOR('',#749,1.124106837735E-1);
#751=CARTESIAN_POINT('',(-1.897045548850E0,1.102277442495E-1,-2.E0));
#752=LINE('',#751,#750);
#753=CURVE_STYLE('',#48,POSITIVE_LENGTH_MEASURE(2.E-2),#41);
#754=PRESENTATION_STYLE_ASSIGNMENT((#753));
#755=STYLED_ITEM('',(#754),#752);
#756=DIRECTION('',(1.E0,0.E0,0.E0));
#757=VECTOR('',#756,2.940910976998E-1);
#758=CARTESIAN_POINT('',(-1.897045548850E0,1.102277442495E-1,-2.E0));
#759=LINE('',#758,#757);
#760=CURVE_STYLE('',#48,POSITIVE_LENGTH_MEASURE(2.E-2),#41);
#761=PRESENTATION_STYLE_ASSIGNMENT((#760));
#762=STYLED_ITEM('',(#761),#759);
#763=DIRECTION('',(1.961161351382E-1,9.805806756909E-1,0.E0));
#764=VECTOR('',#763,1.124106837735E-1);
#765=CARTESIAN_POINT('',(-1.625E0,0.E0,-2.E0));
#766=LINE('',#765,#764);
#767=CURVE_STYLE('',#48,POSITIVE_LENGTH_MEASURE(2.E-2),#41);
#768=PRESENTATION_STYLE_ASSIGNMENT((#767));
#769=STYLED_ITEM('',(#768),#766);
#770=DIRECTION('',(1.961161351382E-1,-9.805806756909E-1,0.E0));
#771=VECTOR('',#770,1.124106837735E-1);
#772=CARTESIAN_POINT('',(-1.397045548850E0,1.102277442495E-1,-2.E0));
#773=LINE('',#772,#771);
#774=CURVE_STYLE('',#48,POSITIVE_LENGTH_MEASURE(2.E-2),#41);
#775=PRESENTATION_STYLE_ASSIGNMENT((#774));
#776=STYLED_ITEM('',(#775),#773);
#777=DIRECTION('',(1.E0,0.E0,0.E0));
#778=VECTOR('',#777,2.940910976998E-1);
#779=CARTESIAN_POINT('',(-1.397045548850E0,1.102277442495E-1,-2.E0));
#780=LINE('',#779,#778);
#781=CURVE_STYLE('',#48,POSITIVE_LENGTH_MEASURE(2.E-2),#41);
#782=PRESENTATION_STYLE_ASSIGNMENT((#781));
#783=STYLED_ITEM('',(#782),#780);
#784=DIRECTION('',(1.961161351382E-1,9.805806756909E-1,0.E0));
#785=VECTOR('',#784,1.124106837735E-1);
#786=CARTESIAN_POINT('',(-1.125E0,0.E0,-2.E0));
#787=LINE('',#786,#785);
#788=CURVE_STYLE('',#48,POSITIVE_LENGTH_MEASURE(2.E-2),#41);
#789=PRESENTATION_STYLE_ASSIGNMENT((#788));
#790=STYLED_ITEM('',(#789),#787);
#791=DIRECTION('',(1.961161351382E-1,-9.805806756909E-1,0.E0));
#792=VECTOR('',#791,1.124106837735E-1);
#793=CARTESIAN_POINT('',(-8.970455488499E-1,1.102277442495E-1,-2.E0));
#794=LINE('',#793,#792);
#795=CURVE_STYLE('',#48,POSITIVE_LENGTH_MEASURE(2.E-2),#41);
#796=PRESENTATION_STYLE_ASSIGNMENT((#795));
#797=STYLED_ITEM('',(#796),#794);
#798=DIRECTION('',(1.E0,0.E0,0.E0));
#799=VECTOR('',#798,2.940910976998E-1);
#800=CARTESIAN_POINT('',(-8.970455488499E-1,1.102277442495E-1,-2.E0));
#801=LINE('',#800,#799);
#802=CURVE_STYLE('',#48,POSITIVE_LENGTH_MEASURE(2.E-2),#41);
#803=PRESENTATION_STYLE_ASSIGNMENT((#802));
#804=STYLED_ITEM('',(#803),#801);
#805=DIRECTION('',(1.961161351382E-1,9.805806756909E-1,0.E0));
#806=VECTOR('',#805,1.124106837735E-1);
#807=CARTESIAN_POINT('',(-6.25E-1,0.E0,-2.E0));
#808=LINE('',#807,#806);
#809=CURVE_STYLE('',#48,POSITIVE_LENGTH_MEASURE(2.E-2),#41);
#810=PRESENTATION_STYLE_ASSIGNMENT((#809));
#811=STYLED_ITEM('',(#810),#808);
#812=DIRECTION('',(1.961161351382E-1,-9.805806756909E-1,0.E0));
#813=VECTOR('',#812,1.124106837735E-1);
#814=CARTESIAN_POINT('',(-3.970455488499E-1,1.102277442495E-1,-2.E0));
#815=LINE('',#814,#813);
#816=CURVE_STYLE('',#48,POSITIVE_LENGTH_MEASURE(2.E-2),#41);
#817=PRESENTATION_STYLE_ASSIGNMENT((#816));
#818=STYLED_ITEM('',(#817),#815);
#819=DIRECTION('',(1.E0,0.E0,0.E0));
#820=VECTOR('',#819,2.940910976998E-1);
#821=CARTESIAN_POINT('',(-3.970455488499E-1,1.102277442495E-1,-2.E0));
#822=LINE('',#821,#820);
#823=CURVE_STYLE('',#48,POSITIVE_LENGTH_MEASURE(2.E-2),#41);
#824=PRESENTATION_STYLE_ASSIGNMENT((#823));
#825=STYLED_ITEM('',(#824),#822);
#826=DIRECTION('',(1.961161351382E-1,9.805806756909E-1,0.E0));
#827=VECTOR('',#826,1.124106837735E-1);
#828=CARTESIAN_POINT('',(-1.25E-1,0.E0,-2.E0));
#829=LINE('',#828,#827);
#830=CURVE_STYLE('',#48,POSITIVE_LENGTH_MEASURE(2.E-2),#41);
#831=PRESENTATION_STYLE_ASSIGNMENT((#830));
#832=STYLED_ITEM('',(#831),#829);
#833=DIRECTION('',(1.961161351382E-1,-9.805806756909E-1,0.E0));
#834=VECTOR('',#833,1.124106837735E-1);
#835=CARTESIAN_POINT('',(1.029544511501E-1,1.102277442495E-1,-2.E0));
#836=LINE('',#835,#834);
#837=CURVE_STYLE('',#48,POSITIVE_LENGTH_MEASURE(2.E-2),#41);
#838=PRESENTATION_STYLE_ASSIGNMENT((#837));
#839=STYLED_ITEM('',(#838),#836);
#840=DIRECTION('',(1.E0,0.E0,0.E0));
#841=VECTOR('',#840,2.940910976998E-1);
#842=CARTESIAN_POINT('',(1.029544511501E-1,1.102277442495E-1,-2.E0));
#843=LINE('',#842,#841);
#844=CURVE_STYLE('',#48,POSITIVE_LENGTH_MEASURE(2.E-2),#41);
#845=PRESENTATION_STYLE_ASSIGNMENT((#844));
#846=STYLED_ITEM('',(#845),#843);
#847=DIRECTION('',(1.961161351382E-1,9.805806756909E-1,0.E0));
#848=VECTOR('',#847,1.124106837735E-1);
#849=CARTESIAN_POINT('',(3.75E-1,0.E0,-2.E0));
#850=LINE('',#849,#848);
#851=CURVE_STYLE('',#48,POSITIVE_LENGTH_MEASURE(2.E-2),#41);
#852=PRESENTATION_STYLE_ASSIGNMENT((#851));
#853=STYLED_ITEM('',(#852),#850);
#854=DIRECTION('',(1.961161351382E-1,-9.805806756909E-1,0.E0));
#855=VECTOR('',#854,1.124106837735E-1);
#856=CARTESIAN_POINT('',(6.029544511501E-1,1.102277442495E-1,-2.E0));
#857=LINE('',#856,#855);
#858=CURVE_STYLE('',#48,POSITIVE_LENGTH_MEASURE(2.E-2),#41);
#859=PRESENTATION_STYLE_ASSIGNMENT((#858));
#860=STYLED_ITEM('',(#859),#857);
#861=DIRECTION('',(1.E0,0.E0,0.E0));
#862=VECTOR('',#861,2.940910976998E-1);
#863=CARTESIAN_POINT('',(6.029544511501E-1,1.102277442495E-1,-2.E0));
#864=LINE('',#863,#862);
#865=CURVE_STYLE('',#48,POSITIVE_LENGTH_MEASURE(2.E-2),#41);
#866=PRESENTATION_STYLE_ASSIGNMENT((#865));
#867=STYLED_ITEM('',(#866),#864);
#868=DIRECTION('',(1.961161351382E-1,9.805806756909E-1,0.E0));
#869=VECTOR('',#868,1.124106837735E-1);
#870=CARTESIAN_POINT('',(8.75E-1,0.E0,-2.E0));
#871=LINE('',#870,#869);
#872=CURVE_STYLE('',#48,POSITIVE_LENGTH_MEASURE(2.E-2),#41);
#873=PRESENTATION_STYLE_ASSIGNMENT((#872));
#874=STYLED_ITEM('',(#873),#871);
#875=DIRECTION('',(1.961161351382E-1,-9.805806756909E-1,0.E0));
#876=VECTOR('',#875,1.124106837735E-1);
#877=CARTESIAN_POINT('',(1.102954451150E0,1.102277442495E-1,-2.E0));
#878=LINE('',#877,#876);
#879=CURVE_STYLE('',#48,POSITIVE_LENGTH_MEASURE(2.E-2),#41);
#880=PRESENTATION_STYLE_ASSIGNMENT((#879));
#881=STYLED_ITEM('',(#880),#878);
#882=DIRECTION('',(1.E0,0.E0,0.E0));
#883=VECTOR('',#882,2.940910976998E-1);
#884=CARTESIAN_POINT('',(1.102954451150E0,1.102277442495E-1,-2.E0));
#885=LINE('',#884,#883);
#886=CURVE_STYLE('',#48,POSITIVE_LENGTH_MEASURE(2.E-2),#41);
#887=PRESENTATION_STYLE_ASSIGNMENT((#886));
#888=STYLED_ITEM('',(#887),#885);
#889=DIRECTION('',(1.961161351382E-1,9.805806756909E-1,0.E0));
#890=VECTOR('',#889,1.124106837735E-1);
#891=CARTESIAN_POINT('',(1.375E0,0.E0,-2.E0));
#892=LINE('',#891,#890);
#893=CURVE_STYLE('',#48,POSITIVE_LENGTH_MEASURE(2.E-2),#41);
#894=PRESENTATION_STYLE_ASSIGNMENT((#893));
#895=STYLED_ITEM('',(#894),#892);
#896=DIRECTION('',(1.961161351382E-1,-9.805806756909E-1,0.E0));
#897=VECTOR('',#896,1.124106837735E-1);
#898=CARTESIAN_POINT('',(1.602954451150E0,1.102277442495E-1,-2.E0));
#899=LINE('',#898,#897);
#900=CURVE_STYLE('',#48,POSITIVE_LENGTH_MEASURE(2.E-2),#41);
#901=PRESENTATION_STYLE_ASSIGNMENT((#900));
#902=STYLED_ITEM('',(#901),#899);
#903=DIRECTION('',(1.E0,0.E0,0.E0));
#904=VECTOR('',#903,2.940910976998E-1);
#905=CARTESIAN_POINT('',(1.602954451150E0,1.102277442495E-1,-2.E0));
#906=LINE('',#905,#904);
#907=CURVE_STYLE('',#48,POSITIVE_LENGTH_MEASURE(2.E-2),#41);
#908=PRESENTATION_STYLE_ASSIGNMENT((#907));
#909=STYLED_ITEM('',(#908),#906);
#910=DIRECTION('',(0.E0,1.E0,0.E0));
#911=VECTOR('',#910,8.E-1);
#912=CARTESIAN_POINT('',(2.5E0,0.E0,2.E0));
#913=LINE('',#912,#911);
#914=CURVE_STYLE('',#48,POSITIVE_LENGTH_MEASURE(2.E-2),#41);
#915=PRESENTATION_STYLE_ASSIGNMENT((#914));
#916=STYLED_ITEM('',(#915),#913);
#917=DIRECTION('',(0.E0,1.E0,0.E0));
#918=VECTOR('',#917,1.E-1);
#919=CARTESIAN_POINT('',(2.5E0,1.E-1,1.4E0));
#920=LINE('',#919,#918);
#921=CURVE_STYLE('',#48,POSITIVE_LENGTH_MEASURE(2.E-2),#41);
#922=PRESENTATION_STYLE_ASSIGNMENT((#921));
#923=STYLED_ITEM('',(#922),#920);
#924=DIRECTION('',(0.E0,0.E0,1.E0));
#925=VECTOR('',#924,2.E-1);
#926=CARTESIAN_POINT('',(2.5E0,1.E-1,1.2E0));
#927=LINE('',#926,#925);
#928=CURVE_STYLE('',#48,POSITIVE_LENGTH_MEASURE(2.E-2),#41);
#929=PRESENTATION_STYLE_ASSIGNMENT((#928));
#930=STYLED_ITEM('',(#929),#927);
#931=DIRECTION('',(0.E0,-1.E0,0.E0));
#932=VECTOR('',#931,1.E-1);
#933=CARTESIAN_POINT('',(2.5E0,2.E-1,1.2E0));
#934=LINE('',#933,#932);
#935=CURVE_STYLE('',#48,POSITIVE_LENGTH_MEASURE(2.E-2),#41);
#936=PRESENTATION_STYLE_ASSIGNMENT((#935));
#937=STYLED_ITEM('',(#936),#934);
#938=DIRECTION('',(0.E0,0.E0,-1.E0));
#939=VECTOR('',#938,2.E-1);
#940=CARTESIAN_POINT('',(2.5E0,2.E-1,1.4E0));
#941=LINE('',#940,#939);
#942=CURVE_STYLE('',#48,POSITIVE_LENGTH_MEASURE(2.E-2),#41);
#943=PRESENTATION_STYLE_ASSIGNMENT((#942));
#944=STYLED_ITEM('',(#943),#941);
#945=DIRECTION('',(0.E0,1.E0,0.E0));
#946=VECTOR('',#945,1.E-1);
#947=CARTESIAN_POINT('',(2.5E0,1.E-1,-1.4E0));
#948=LINE('',#947,#946);
#949=CURVE_STYLE('',#48,POSITIVE_LENGTH_MEASURE(2.E-2),#41);
#950=PRESENTATION_STYLE_ASSIGNMENT((#949));
#951=STYLED_ITEM('',(#950),#948);
#952=DIRECTION('',(0.E0,0.E0,-1.E0));
#953=VECTOR('',#952,2.E-1);
#954=CARTESIAN_POINT('',(2.5E0,2.E-1,-1.2E0));
#955=LINE('',#954,#953);
#956=CURVE_STYLE('',#48,POSITIVE_LENGTH_MEASURE(2.E-2),#41);
#957=PRESENTATION_STYLE_ASSIGNMENT((#956));
#958=STYLED_ITEM('',(#957),#955);
#959=DIRECTION('',(0.E0,-1.E0,0.E0));
#960=VECTOR('',#959,1.E-1);
#961=CARTESIAN_POINT('',(2.5E0,2.E-1,-1.2E0));
#962=LINE('',#961,#960);
#963=CURVE_STYLE('',#48,POSITIVE_LENGTH_MEASURE(2.E-2),#41);
#964=PRESENTATION_STYLE_ASSIGNMENT((#963));
#965=STYLED_ITEM('',(#964),#962);
#966=DIRECTION('',(0.E0,0.E0,1.E0));
#967=VECTOR('',#966,2.E-1);
#968=CARTESIAN_POINT('',(2.5E0,1.E-1,-1.4E0));
#969=LINE('',#968,#967);
#970=CURVE_STYLE('',#48,POSITIVE_LENGTH_MEASURE(2.E-2),#41);
#971=PRESENTATION_STYLE_ASSIGNMENT((#970));
#972=STYLED_ITEM('',(#971),#969);
#973=DIRECTION('',(1.961161351382E-1,9.805806756909E-1,0.E0));
#974=VECTOR('',#973,1.124106837735E-1);
#975=CARTESIAN_POINT('',(1.875E0,0.E0,2.E0));
#976=LINE('',#975,#974);
#977=CURVE_STYLE('',#48,POSITIVE_LENGTH_MEASURE(2.E-2),#41);
#978=PRESENTATION_STYLE_ASSIGNMENT((#977));
#979=STYLED_ITEM('',(#978),#976);
#980=DIRECTION('',(-1.E0,0.E0,0.E0));
#981=VECTOR('',#980,2.940910976998E-1);
#982=CARTESIAN_POINT('',(1.897045548850E0,1.102277442495E-1,2.E0));
#983=LINE('',#982,#981);
#984=CURVE_STYLE('',#48,POSITIVE_LENGTH_MEASURE(2.E-2),#41);
#985=PRESENTATION_STYLE_ASSIGNMENT((#984));
#986=STYLED_ITEM('',(#985),#983);
#987=DIRECTION('',(1.961161351382E-1,-9.805806756909E-1,0.E0));
#988=VECTOR('',#987,1.124106837735E-1);
#989=CARTESIAN_POINT('',(1.602954451150E0,1.102277442495E-1,2.E0));
#990=LINE('',#989,#988);
#991=CURVE_STYLE('',#48,POSITIVE_LENGTH_MEASURE(2.E-2),#41);
#992=PRESENTATION_STYLE_ASSIGNMENT((#991));
#993=STYLED_ITEM('',(#992),#990);
#994=DIRECTION('',(1.961161351382E-1,9.805806756909E-1,0.E0));
#995=VECTOR('',#994,1.124106837735E-1);
#996=CARTESIAN_POINT('',(1.375E0,0.E0,2.E0));
#997=LINE('',#996,#995);
#998=CURVE_STYLE('',#48,POSITIVE_LENGTH_MEASURE(2.E-2),#41);
#999=PRESENTATION_STYLE_ASSIGNMENT((#998));
#1000=STYLED_ITEM('',(#999),#997);
#1001=DIRECTION('',(-1.E0,0.E0,0.E0));
#1002=VECTOR('',#1001,2.940910976998E-1);
#1003=CARTESIAN_POINT('',(1.397045548850E0,1.102277442495E-1,2.E0));
#1004=LINE('',#1003,#1002);
#1005=CURVE_STYLE('',#48,POSITIVE_LENGTH_MEASURE(2.E-2),#41);
#1006=PRESENTATION_STYLE_ASSIGNMENT((#1005));
#1007=STYLED_ITEM('',(#1006),#1004);
#1008=DIRECTION('',(1.961161351382E-1,-9.805806756909E-1,0.E0));
#1009=VECTOR('',#1008,1.124106837735E-1);
#1010=CARTESIAN_POINT('',(1.102954451150E0,1.102277442495E-1,2.E0));
#1011=LINE('',#1010,#1009);
#1012=CURVE_STYLE('',#48,POSITIVE_LENGTH_MEASURE(2.E-2),#41);
#1013=PRESENTATION_STYLE_ASSIGNMENT((#1012));
#1014=STYLED_ITEM('',(#1013),#1011);
#1015=DIRECTION('',(1.961161351382E-1,9.805806756909E-1,0.E0));
#1016=VECTOR('',#1015,1.124106837735E-1);
#1017=CARTESIAN_POINT('',(8.75E-1,0.E0,2.E0));
#1018=LINE('',#1017,#1016);
#1019=CURVE_STYLE('',#48,POSITIVE_LENGTH_MEASURE(2.E-2),#41);
#1020=PRESENTATION_STYLE_ASSIGNMENT((#1019));
#1021=STYLED_ITEM('',(#1020),#1018);
#1022=DIRECTION('',(-1.E0,0.E0,0.E0));
#1023=VECTOR('',#1022,2.940910976998E-1);
#1024=CARTESIAN_POINT('',(8.970455488499E-1,1.102277442495E-1,2.E0));
#1025=LINE('',#1024,#1023);
#1026=CURVE_STYLE('',#48,POSITIVE_LENGTH_MEASURE(2.E-2),#41);
#1027=PRESENTATION_STYLE_ASSIGNMENT((#1026));
#1028=STYLED_ITEM('',(#1027),#1025);
#1029=DIRECTION('',(1.961161351382E-1,-9.805806756909E-1,0.E0));
#1030=VECTOR('',#1029,1.124106837735E-1);
#1031=CARTESIAN_POINT('',(6.029544511501E-1,1.102277442495E-1,2.E0));
#1032=LINE('',#1031,#1030);
#1033=CURVE_STYLE('',#48,POSITIVE_LENGTH_MEASURE(2.E-2),#41);
#1034=PRESENTATION_STYLE_ASSIGNMENT((#1033));
#1035=STYLED_ITEM('',(#1034),#1032);
#1036=DIRECTION('',(1.961161351382E-1,9.805806756909E-1,0.E0));
#1037=VECTOR('',#1036,1.124106837735E-1);
#1038=CARTESIAN_POINT('',(3.75E-1,0.E0,2.E0));
#1039=LINE('',#1038,#1037);
#1040=CURVE_STYLE('',#48,POSITIVE_LENGTH_MEASURE(2.E-2),#41);
#1041=PRESENTATION_STYLE_ASSIGNMENT((#1040));
#1042=STYLED_ITEM('',(#1041),#1039);
#1043=DIRECTION('',(-1.E0,0.E0,0.E0));
#1044=VECTOR('',#1043,2.940910976998E-1);
#1045=CARTESIAN_POINT('',(3.970455488499E-1,1.102277442495E-1,2.E0));
#1046=LINE('',#1045,#1044);
#1047=CURVE_STYLE('',#48,POSITIVE_LENGTH_MEASURE(2.E-2),#41);
#1048=PRESENTATION_STYLE_ASSIGNMENT((#1047));
#1049=STYLED_ITEM('',(#1048),#1046);
#1050=DIRECTION('',(1.961161351382E-1,-9.805806756909E-1,0.E0));
#1051=VECTOR('',#1050,1.124106837735E-1);
#1052=CARTESIAN_POINT('',(1.029544511501E-1,1.102277442495E-1,2.E0));
#1053=LINE('',#1052,#1051);
#1054=CURVE_STYLE('',#48,POSITIVE_LENGTH_MEASURE(2.E-2),#41);
#1055=PRESENTATION_STYLE_ASSIGNMENT((#1054));
#1056=STYLED_ITEM('',(#1055),#1053);
#1057=DIRECTION('',(1.961161351382E-1,9.805806756909E-1,0.E0));
#1058=VECTOR('',#1057,1.124106837735E-1);
#1059=CARTESIAN_POINT('',(-1.25E-1,0.E0,2.E0));
#1060=LINE('',#1059,#1058);
#1061=CURVE_STYLE('',#48,POSITIVE_LENGTH_MEASURE(2.E-2),#41);
#1062=PRESENTATION_STYLE_ASSIGNMENT((#1061));
#1063=STYLED_ITEM('',(#1062),#1060);
#1064=DIRECTION('',(-1.E0,0.E0,0.E0));
#1065=VECTOR('',#1064,2.940910976998E-1);
#1066=CARTESIAN_POINT('',(-1.029544511501E-1,1.102277442495E-1,2.E0));
#1067=LINE('',#1066,#1065);
#1068=CURVE_STYLE('',#48,POSITIVE_LENGTH_MEASURE(2.E-2),#41);
#1069=PRESENTATION_STYLE_ASSIGNMENT((#1068));
#1070=STYLED_ITEM('',(#1069),#1067);
#1071=DIRECTION('',(1.961161351382E-1,-9.805806756909E-1,0.E0));
#1072=VECTOR('',#1071,1.124106837735E-1);
#1073=CARTESIAN_POINT('',(-3.970455488499E-1,1.102277442495E-1,2.E0));
#1074=LINE('',#1073,#1072);
#1075=CURVE_STYLE('',#48,POSITIVE_LENGTH_MEASURE(2.E-2),#41);
#1076=PRESENTATION_STYLE_ASSIGNMENT((#1075));
#1077=STYLED_ITEM('',(#1076),#1074);
#1078=DIRECTION('',(1.961161351382E-1,9.805806756909E-1,0.E0));
#1079=VECTOR('',#1078,1.124106837735E-1);
#1080=CARTESIAN_POINT('',(-6.25E-1,0.E0,2.E0));
#1081=LINE('',#1080,#1079);
#1082=CURVE_STYLE('',#48,POSITIVE_LENGTH_MEASURE(2.E-2),#41);
#1083=PRESENTATION_STYLE_ASSIGNMENT((#1082));
#1084=STYLED_ITEM('',(#1083),#1081);
#1085=DIRECTION('',(-1.E0,0.E0,0.E0));
#1086=VECTOR('',#1085,2.940910976998E-1);
#1087=CARTESIAN_POINT('',(-6.029544511501E-1,1.102277442495E-1,2.E0));
#1088=LINE('',#1087,#1086);
#1089=CURVE_STYLE('',#48,POSITIVE_LENGTH_MEASURE(2.E-2),#41);
#1090=PRESENTATION_STYLE_ASSIGNMENT((#1089));
#1091=STYLED_ITEM('',(#1090),#1088);
#1092=DIRECTION('',(1.961161351382E-1,-9.805806756909E-1,0.E0));
#1093=VECTOR('',#1092,1.124106837735E-1);
#1094=CARTESIAN_POINT('',(-8.970455488499E-1,1.102277442495E-1,2.E0));
#1095=LINE('',#1094,#1093);
#1096=CURVE_STYLE('',#48,POSITIVE_LENGTH_MEASURE(2.E-2),#41);
#1097=PRESENTATION_STYLE_ASSIGNMENT((#1096));
#1098=STYLED_ITEM('',(#1097),#1095);
#1099=DIRECTION('',(1.961161351382E-1,9.805806756909E-1,0.E0));
#1100=VECTOR('',#1099,1.124106837735E-1);
#1101=CARTESIAN_POINT('',(-1.125E0,0.E0,2.E0));
#1102=LINE('',#1101,#1100);
#1103=CURVE_STYLE('',#48,POSITIVE_LENGTH_MEASURE(2.E-2),#41);
#1104=PRESENTATION_STYLE_ASSIGNMENT((#1103));
#1105=STYLED_ITEM('',(#1104),#1102);
#1106=DIRECTION('',(-1.E0,0.E0,0.E0));
#1107=VECTOR('',#1106,2.940910976998E-1);
#1108=CARTESIAN_POINT('',(-1.102954451150E0,1.102277442495E-1,2.E0));
#1109=LINE('',#1108,#1107);
#1110=CURVE_STYLE('',#48,POSITIVE_LENGTH_MEASURE(2.E-2),#41);
#1111=PRESENTATION_STYLE_ASSIGNMENT((#1110));
#1112=STYLED_ITEM('',(#1111),#1109);
#1113=DIRECTION('',(1.961161351382E-1,-9.805806756909E-1,0.E0));
#1114=VECTOR('',#1113,1.124106837735E-1);
#1115=CARTESIAN_POINT('',(-1.397045548850E0,1.102277442495E-1,2.E0));
#1116=LINE('',#1115,#1114);
#1117=CURVE_STYLE('',#48,POSITIVE_LENGTH_MEASURE(2.E-2),#41);
#1118=PRESENTATION_STYLE_ASSIGNMENT((#1117));
#1119=STYLED_ITEM('',(#1118),#1116);
#1120=DIRECTION('',(1.961161351382E-1,9.805806756909E-1,0.E0));
#1121=VECTOR('',#1120,1.124106837735E-1);
#1122=CARTESIAN_POINT('',(-1.625E0,0.E0,2.E0));
#1123=LINE('',#1122,#1121);
#1124=CURVE_STYLE('',#48,POSITIVE_LENGTH_MEASURE(2.E-2),#41);
#1125=PRESENTATION_STYLE_ASSIGNMENT((#1124));
#1126=STYLED_ITEM('',(#1125),#1123);
#1127=DIRECTION('',(-1.E0,0.E0,0.E0));
#1128=VECTOR('',#1127,2.940910976998E-1);
#1129=CARTESIAN_POINT('',(-1.602954451150E0,1.102277442495E-1,2.E0));
#1130=LINE('',#1129,#1128);
#1131=CURVE_STYLE('',#48,POSITIVE_LENGTH_MEASURE(2.E-2),#41);
#1132=PRESENTATION_STYLE_ASSIGNMENT((#1131));
#1133=STYLED_ITEM('',(#1132),#1130);
#1134=DIRECTION('',(1.961161351382E-1,-9.805806756909E-1,0.E0));
#1135=VECTOR('',#1134,1.124106837735E-1);
#1136=CARTESIAN_POINT('',(-1.897045548850E0,1.102277442495E-1,2.E0));
#1137=LINE('',#1136,#1135);
#1138=CURVE_STYLE('',#48,POSITIVE_LENGTH_MEASURE(2.E-2),#41);
#1139=PRESENTATION_STYLE_ASSIGNMENT((#1138));
#1140=STYLED_ITEM('',(#1139),#1137);
#1141=DIRECTION('',(0.E0,1.E0,0.E0));
#1142=VECTOR('',#1141,8.E-1);
#1143=CARTESIAN_POINT('',(-2.5E0,0.E0,2.E0));
#1144=LINE('',#1143,#1142);
#1145=CURVE_STYLE('',#48,POSITIVE_LENGTH_MEASURE(2.E-2),#41);
#1146=PRESENTATION_STYLE_ASSIGNMENT((#1145));
#1147=STYLED_ITEM('',(#1146),#1144);
#1148=DIRECTION('',(0.E0,0.E0,1.E0));
#1149=VECTOR('',#1148,3.873483856533E-1);
#1150=CARTESIAN_POINT('',(1.876875537168E0,9.377685839078E-3,1.6E0));
#1151=LINE('',#1150,#1149);
#1152=CURVE_STYLE('',#48,POSITIVE_LENGTH_MEASURE(2.E-2),#41);
#1153=PRESENTATION_STYLE_ASSIGNMENT((#1152));
#1154=STYLED_ITEM('',(#1153),#1151);
#1155=DIRECTION('',(-1.961161351382E-1,-9.805806756909E-1,0.E0));
#1156=VECTOR('',#1155,9.645818606637E-2);
#1157=CARTESIAN_POINT('',(1.895792543822E0,1.039627191080E-1,1.987348385653E0));
#1158=LINE('',#1157,#1156);
#1159=CURVE_STYLE('',#48,POSITIVE_LENGTH_MEASURE(2.E-2),#41);
#1160=PRESENTATION_STYLE_ASSIGNMENT((#1159));
#1161=STYLED_ITEM('',(#1160),#1158);
#1162=CARTESIAN_POINT('',(1.895792543822E0,1.039627191080E-1,1.987348385653E0));
#1163=CARTESIAN_POINT('',(1.896118625887E0,1.055931294344E-1,1.991801316375E0));
#1164=CARTESIAN_POINT('',(1.896536605711E0,1.076830285554E-1,1.996017719463E0));
#1165=CARTESIAN_POINT('',(1.897045548850E0,1.102277442495E-1,2.E0));
#1167=CURVE_STYLE('',#48,POSITIVE_LENGTH_MEASURE(2.E-2),#41);
#1168=PRESENTATION_STYLE_ASSIGNMENT((#1167));
#1169=STYLED_ITEM('',(#1168),#1166);
#1170=DIRECTION('',(1.961161351382E-1,-9.805806756909E-1,0.E0));
#1171=VECTOR('',#1170,9.563400617160E-3);
#1172=CARTESIAN_POINT('',(1.623124462832E0,9.377685839078E-3,1.6E0));
#1173=LINE('',#1172,#1171);
#1174=CURVE_STYLE('',#48,POSITIVE_LENGTH_MEASURE(2.E-2),#41);
#1175=PRESENTATION_STYLE_ASSIGNMENT((#1174));
#1176=STYLED_ITEM('',(#1175),#1173);
#1177=DIRECTION('',(-1.E0,0.E0,0.E0));
#1178=VECTOR('',#1177,2.537510743356E-1);
#1179=CARTESIAN_POINT('',(1.876875537168E0,9.377685839078E-3,1.6E0));
#1180=LINE('',#1179,#1178);
#1181=CURVE_STYLE('',#48,POSITIVE_LENGTH_MEASURE(2.E-2),#41);
#1182=PRESENTATION_STYLE_ASSIGNMENT((#1181));
#1183=STYLED_ITEM('',(#1182),#1180);
#1184=DIRECTION('',(1.961161351382E-1,9.805806756909E-1,0.E0));
#1185=VECTOR('',#1184,9.563400617160E-3);
#1186=CARTESIAN_POINT('',(1.875E0,0.E0,1.6E0));
#1187=LINE('',#1186,#1185);
#1188=CURVE_STYLE('',#48,POSITIVE_LENGTH_MEASURE(2.E-2),#41);
#1189=PRESENTATION_STYLE_ASSIGNMENT((#1188));
#1190=STYLED_ITEM('',(#1189),#1187);
#1191=CARTESIAN_POINT('',(1.604207456178E0,1.039627191080E-1,1.987348385653E0));
#1192=CARTESIAN_POINT('',(1.603881374113E0,1.055931294344E-1,1.991801316375E0));
#1193=CARTESIAN_POINT('',(1.603463394289E0,1.076830285554E-1,1.996017719463E0));
#1194=CARTESIAN_POINT('',(1.602954451150E0,1.102277442495E-1,2.E0));
#1196=CURVE_STYLE('',#48,POSITIVE_LENGTH_MEASURE(2.E-2),#41);
#1197=PRESENTATION_STYLE_ASSIGNMENT((#1196));
#1198=STYLED_ITEM('',(#1197),#1195);
#1199=DIRECTION('',(1.961161351382E-1,-9.805806756909E-1,0.E0));
#1200=VECTOR('',#1199,9.645818606637E-2);
#1201=CARTESIAN_POINT('',(1.604207456178E0,1.039627191080E-1,1.987348385653E0));
#1202=LINE('',#1201,#1200);
#1203=CURVE_STYLE('',#48,POSITIVE_LENGTH_MEASURE(2.E-2),#41);
#1204=PRESENTATION_STYLE_ASSIGNMENT((#1203));
#1205=STYLED_ITEM('',(#1204),#1202);
#1206=DIRECTION('',(0.E0,0.E0,1.E0));
#1207=VECTOR('',#1206,3.873483856533E-1);
#1208=CARTESIAN_POINT('',(1.623124462832E0,9.377685839078E-3,1.6E0));
#1209=LINE('',#1208,#1207);
#1210=CURVE_STYLE('',#48,POSITIVE_LENGTH_MEASURE(2.E-2),#41);
#1211=PRESENTATION_STYLE_ASSIGNMENT((#1210));
#1212=STYLED_ITEM('',(#1211),#1209);
#1213=DIRECTION('',(-1.E0,0.E0,0.E0));
#1214=VECTOR('',#1213,2.915850876432E-1);
#1215=CARTESIAN_POINT('',(1.895792543822E0,1.039627191080E-1,1.987348385653E0));
#1216=LINE('',#1215,#1214);
#1217=CURVE_STYLE('',#48,POSITIVE_LENGTH_MEASURE(2.E-2),#41);
#1218=PRESENTATION_STYLE_ASSIGNMENT((#1217));
#1219=STYLED_ITEM('',(#1218),#1216);
#1220=DIRECTION('',(-1.E0,0.E0,0.E0));
#1221=VECTOR('',#1220,2.915850876432E-1);
#1222=CARTESIAN_POINT('',(1.395792543822E0,1.039627191080E-1,1.987348385653E0));
#1223=LINE('',#1222,#1221);
#1224=CURVE_STYLE('',#48,POSITIVE_LENGTH_MEASURE(2.E-2),#41);
#1225=PRESENTATION_STYLE_ASSIGNMENT((#1224));
#1226=STYLED_ITEM('',(#1225),#1223);
#1227=DIRECTION('',(-1.E0,0.E0,0.E0));
#1228=VECTOR('',#1227,2.915850876432E-1);
#1229=CARTESIAN_POINT('',(8.957925438216E-1,1.039627191080E-1,
1.987348385653E0));
#1230=LINE('',#1229,#1228);
#1231=CURVE_STYLE('',#48,POSITIVE_LENGTH_MEASURE(2.E-2),#41);
#1232=PRESENTATION_STYLE_ASSIGNMENT((#1231));
#1233=STYLED_ITEM('',(#1232),#1230);
#1234=DIRECTION('',(-1.E0,0.E0,0.E0));
#1235=VECTOR('',#1234,2.915850876432E-1);
#1236=CARTESIAN_POINT('',(3.957925438216E-1,1.039627191080E-1,
1.987348385653E0));
#1237=LINE('',#1236,#1235);
#1238=CURVE_STYLE('',#48,POSITIVE_LENGTH_MEASURE(2.E-2),#41);
#1239=PRESENTATION_STYLE_ASSIGNMENT((#1238));
#1240=STYLED_ITEM('',(#1239),#1237);
#1241=DIRECTION('',(-1.E0,0.E0,0.E0));
#1242=VECTOR('',#1241,2.915850876432E-1);
#1243=CARTESIAN_POINT('',(-1.042074561784E-1,1.039627191080E-1,
1.987348385653E0));
#1244=LINE('',#1243,#1242);
#1245=CURVE_STYLE('',#48,POSITIVE_LENGTH_MEASURE(2.E-2),#41);
#1246=PRESENTATION_STYLE_ASSIGNMENT((#1245));
#1247=STYLED_ITEM('',(#1246),#1244);
#1248=DIRECTION('',(-1.E0,0.E0,0.E0));
#1249=VECTOR('',#1248,2.915850876432E-1);
#1250=CARTESIAN_POINT('',(-6.042074561784E-1,1.039627191080E-1,
1.987348385653E0));
#1251=LINE('',#1250,#1249);
#1252=CURVE_STYLE('',#48,POSITIVE_LENGTH_MEASURE(2.E-2),#41);
#1253=PRESENTATION_STYLE_ASSIGNMENT((#1252));
#1254=STYLED_ITEM('',(#1253),#1251);
#1255=DIRECTION('',(-1.E0,0.E0,0.E0));
#1256=VECTOR('',#1255,2.915850876432E-1);
#1257=CARTESIAN_POINT('',(-1.104207456178E0,1.039627191080E-1,
1.987348385653E0));
#1258=LINE('',#1257,#1256);
#1259=CURVE_STYLE('',#48,POSITIVE_LENGTH_MEASURE(2.E-2),#41);
#1260=PRESENTATION_STYLE_ASSIGNMENT((#1259));
#1261=STYLED_ITEM('',(#1260),#1258);
#1262=DIRECTION('',(-1.E0,0.E0,0.E0));
#1263=VECTOR('',#1262,2.915850876432E-1);
#1264=CARTESIAN_POINT('',(-1.604207456178E0,1.039627191080E-1,
1.987348385653E0));
#1265=LINE('',#1264,#1263);
#1266=CURVE_STYLE('',#48,POSITIVE_LENGTH_MEASURE(2.E-2),#41);
#1267=PRESENTATION_STYLE_ASSIGNMENT((#1266));
#1268=STYLED_ITEM('',(#1267),#1265);
#1269=DIRECTION('',(0.E0,0.E0,1.E0));
#1270=VECTOR('',#1269,3.873483856533E-1);
#1271=CARTESIAN_POINT('',(1.376875537168E0,9.377685839078E-3,1.6E0));
#1272=LINE('',#1271,#1270);
#1273=CURVE_STYLE('',#48,POSITIVE_LENGTH_MEASURE(2.E-2),#41);
#1274=PRESENTATION_STYLE_ASSIGNMENT((#1273));
#1275=STYLED_ITEM('',(#1274),#1272);
#1276=DIRECTION('',(-1.961161351382E-1,-9.805806756909E-1,0.E0));
#1277=VECTOR('',#1276,9.645818606637E-2);
#1278=CARTESIAN_POINT('',(1.395792543822E0,1.039627191080E-1,1.987348385653E0));
#1279=LINE('',#1278,#1277);
#1280=CURVE_STYLE('',#48,POSITIVE_LENGTH_MEASURE(2.E-2),#41);
#1281=PRESENTATION_STYLE_ASSIGNMENT((#1280));
#1282=STYLED_ITEM('',(#1281),#1279);
#1283=CARTESIAN_POINT('',(1.395792543822E0,1.039627191080E-1,1.987348385653E0));
#1284=CARTESIAN_POINT('',(1.396118625887E0,1.055931294344E-1,1.991801316375E0));
#1285=CARTESIAN_POINT('',(1.396536605711E0,1.076830285554E-1,1.996017719463E0));
#1286=CARTESIAN_POINT('',(1.397045548850E0,1.102277442495E-1,2.E0));
#1288=CURVE_STYLE('',#48,POSITIVE_LENGTH_MEASURE(2.E-2),#41);
#1289=PRESENTATION_STYLE_ASSIGNMENT((#1288));
#1290=STYLED_ITEM('',(#1289),#1287);
#1291=DIRECTION('',(1.961161351382E-1,-9.805806756909E-1,0.E0));
#1292=VECTOR('',#1291,9.563400617160E-3);
#1293=CARTESIAN_POINT('',(1.123124462832E0,9.377685839078E-3,1.6E0));
#1294=LINE('',#1293,#1292);
#1295=CURVE_STYLE('',#48,POSITIVE_LENGTH_MEASURE(2.E-2),#41);
#1296=PRESENTATION_STYLE_ASSIGNMENT((#1295));
#1297=STYLED_ITEM('',(#1296),#1294);
#1298=DIRECTION('',(-1.E0,0.E0,0.E0));
#1299=VECTOR('',#1298,2.537510743356E-1);
#1300=CARTESIAN_POINT('',(1.376875537168E0,9.377685839078E-3,1.6E0));
#1301=LINE('',#1300,#1299);
#1302=CURVE_STYLE('',#48,POSITIVE_LENGTH_MEASURE(2.E-2),#41);
#1303=PRESENTATION_STYLE_ASSIGNMENT((#1302));
#1304=STYLED_ITEM('',(#1303),#1301);
#1305=DIRECTION('',(1.961161351382E-1,9.805806756909E-1,0.E0));
#1306=VECTOR('',#1305,9.563400617160E-3);
#1307=CARTESIAN_POINT('',(1.375E0,0.E0,1.6E0));
#1308=LINE('',#1307,#1306);
#1309=CURVE_STYLE('',#48,POSITIVE_LENGTH_MEASURE(2.E-2),#41);
#1310=PRESENTATION_STYLE_ASSIGNMENT((#1309));
#1311=STYLED_ITEM('',(#1310),#1308);
#1312=CARTESIAN_POINT('',(1.104207456178E0,1.039627191080E-1,1.987348385653E0));
#1313=CARTESIAN_POINT('',(1.103881374113E0,1.055931294344E-1,1.991801316375E0));
#1314=CARTESIAN_POINT('',(1.103463394289E0,1.076830285554E-1,1.996017719463E0));
#1315=CARTESIAN_POINT('',(1.102954451150E0,1.102277442495E-1,2.E0));
#1317=CURVE_STYLE('',#48,POSITIVE_LENGTH_MEASURE(2.E-2),#41);
#1318=PRESENTATION_STYLE_ASSIGNMENT((#1317));
#1319=STYLED_ITEM('',(#1318),#1316);
#1320=DIRECTION('',(1.961161351382E-1,-9.805806756909E-1,0.E0));
#1321=VECTOR('',#1320,9.645818606637E-2);
#1322=CARTESIAN_POINT('',(1.104207456178E0,1.039627191080E-1,1.987348385653E0));
#1323=LINE('',#1322,#1321);
#1324=CURVE_STYLE('',#48,POSITIVE_LENGTH_MEASURE(2.E-2),#41);
#1325=PRESENTATION_STYLE_ASSIGNMENT((#1324));
#1326=STYLED_ITEM('',(#1325),#1323);
#1327=DIRECTION('',(0.E0,0.E0,1.E0));
#1328=VECTOR('',#1327,3.873483856533E-1);
#1329=CARTESIAN_POINT('',(1.123124462832E0,9.377685839078E-3,1.6E0));
#1330=LINE('',#1329,#1328);
#1331=CURVE_STYLE('',#48,POSITIVE_LENGTH_MEASURE(2.E-2),#41);
#1332=PRESENTATION_STYLE_ASSIGNMENT((#1331));
#1333=STYLED_ITEM('',(#1332),#1330);
#1334=DIRECTION('',(0.E0,0.E0,1.E0));
#1335=VECTOR('',#1334,3.873483856533E-1);
#1336=CARTESIAN_POINT('',(8.768755371678E-1,9.377685839078E-3,1.6E0));
#1337=LINE('',#1336,#1335);
#1338=CURVE_STYLE('',#48,POSITIVE_LENGTH_MEASURE(2.E-2),#41);
#1339=PRESENTATION_STYLE_ASSIGNMENT((#1338));
#1340=STYLED_ITEM('',(#1339),#1337);
#1341=DIRECTION('',(-1.961161351382E-1,-9.805806756909E-1,0.E0));
#1342=VECTOR('',#1341,9.645818606637E-2);
#1343=CARTESIAN_POINT('',(8.957925438216E-1,1.039627191080E-1,
1.987348385653E0));
#1344=LINE('',#1343,#1342);
#1345=CURVE_STYLE('',#48,POSITIVE_LENGTH_MEASURE(2.E-2),#41);
#1346=PRESENTATION_STYLE_ASSIGNMENT((#1345));
#1347=STYLED_ITEM('',(#1346),#1344);
#1348=CARTESIAN_POINT('',(8.957925438216E-1,1.039627191080E-1,
1.987348385653E0));
#1349=CARTESIAN_POINT('',(8.961186258869E-1,1.055931294344E-1,
1.991801316375E0));
#1350=CARTESIAN_POINT('',(8.965366057111E-1,1.076830285554E-1,
1.996017719463E0));
#1351=CARTESIAN_POINT('',(8.970455488499E-1,1.102277442495E-1,2.E0));
#1353=CURVE_STYLE('',#48,POSITIVE_LENGTH_MEASURE(2.E-2),#41);
#1354=PRESENTATION_STYLE_ASSIGNMENT((#1353));
#1355=STYLED_ITEM('',(#1354),#1352);
#1356=DIRECTION('',(1.961161351382E-1,-9.805806756909E-1,0.E0));
#1357=VECTOR('',#1356,9.563400617160E-3);
#1358=CARTESIAN_POINT('',(6.231244628322E-1,9.377685839078E-3,1.6E0));
#1359=LINE('',#1358,#1357);
#1360=CURVE_STYLE('',#48,POSITIVE_LENGTH_MEASURE(2.E-2),#41);
#1361=PRESENTATION_STYLE_ASSIGNMENT((#1360));
#1362=STYLED_ITEM('',(#1361),#1359);
#1363=DIRECTION('',(-1.E0,0.E0,0.E0));
#1364=VECTOR('',#1363,2.537510743356E-1);
#1365=CARTESIAN_POINT('',(8.768755371678E-1,9.377685839078E-3,1.6E0));
#1366=LINE('',#1365,#1364);
#1367=CURVE_STYLE('',#48,POSITIVE_LENGTH_MEASURE(2.E-2),#41);
#1368=PRESENTATION_STYLE_ASSIGNMENT((#1367));
#1369=STYLED_ITEM('',(#1368),#1366);
#1370=DIRECTION('',(1.961161351382E-1,9.805806756909E-1,0.E0));
#1371=VECTOR('',#1370,9.563400617160E-3);
#1372=CARTESIAN_POINT('',(8.75E-1,0.E0,1.6E0));
#1373=LINE('',#1372,#1371);
#1374=CURVE_STYLE('',#48,POSITIVE_LENGTH_MEASURE(2.E-2),#41);
#1375=PRESENTATION_STYLE_ASSIGNMENT((#1374));
#1376=STYLED_ITEM('',(#1375),#1373);
#1377=CARTESIAN_POINT('',(6.042074561784E-1,1.039627191080E-1,
1.987348385653E0));
#1378=CARTESIAN_POINT('',(6.038813741131E-1,1.055931294344E-1,
1.991801316375E0));
#1379=CARTESIAN_POINT('',(6.034633942889E-1,1.076830285554E-1,
1.996017719463E0));
#1380=CARTESIAN_POINT('',(6.029544511501E-1,1.102277442495E-1,2.E0));
#1382=CURVE_STYLE('',#48,POSITIVE_LENGTH_MEASURE(2.E-2),#41);
#1383=PRESENTATION_STYLE_ASSIGNMENT((#1382));
#1384=STYLED_ITEM('',(#1383),#1381);
#1385=DIRECTION('',(1.961161351382E-1,-9.805806756909E-1,0.E0));
#1386=VECTOR('',#1385,9.645818606637E-2);
#1387=CARTESIAN_POINT('',(6.042074561784E-1,1.039627191080E-1,
1.987348385653E0));
#1388=LINE('',#1387,#1386);
#1389=CURVE_STYLE('',#48,POSITIVE_LENGTH_MEASURE(2.E-2),#41);
#1390=PRESENTATION_STYLE_ASSIGNMENT((#1389));
#1391=STYLED_ITEM('',(#1390),#1388);
#1392=DIRECTION('',(0.E0,0.E0,1.E0));
#1393=VECTOR('',#1392,3.873483856533E-1);
#1394=CARTESIAN_POINT('',(6.231244628322E-1,9.377685839078E-3,1.6E0));
#1395=LINE('',#1394,#1393);
#1396=CURVE_STYLE('',#48,POSITIVE_LENGTH_MEASURE(2.E-2),#41);
#1397=PRESENTATION_STYLE_ASSIGNMENT((#1396));
#1398=STYLED_ITEM('',(#1397),#1395);
#1399=DIRECTION('',(0.E0,0.E0,1.E0));
#1400=VECTOR('',#1399,3.873483856533E-1);
#1401=CARTESIAN_POINT('',(3.768755371678E-1,9.377685839078E-3,1.6E0));
#1402=LINE('',#1401,#1400);
#1403=CURVE_STYLE('',#48,POSITIVE_LENGTH_MEASURE(2.E-2),#41);
#1404=PRESENTATION_STYLE_ASSIGNMENT((#1403));
#1405=STYLED_ITEM('',(#1404),#1402);
#1406=DIRECTION('',(-1.961161351382E-1,-9.805806756909E-1,0.E0));
#1407=VECTOR('',#1406,9.645818606637E-2);
#1408=CARTESIAN_POINT('',(3.957925438216E-1,1.039627191080E-1,
1.987348385653E0));
#1409=LINE('',#1408,#1407);
#1410=CURVE_STYLE('',#48,POSITIVE_LENGTH_MEASURE(2.E-2),#41);
#1411=PRESENTATION_STYLE_ASSIGNMENT((#1410));
#1412=STYLED_ITEM('',(#1411),#1409);
#1413=CARTESIAN_POINT('',(3.957925438216E-1,1.039627191080E-1,
1.987348385653E0));
#1414=CARTESIAN_POINT('',(3.961186258869E-1,1.055931294344E-1,
1.991801316375E0));
#1415=CARTESIAN_POINT('',(3.965366057111E-1,1.076830285554E-1,
1.996017719463E0));
#1416=CARTESIAN_POINT('',(3.970455488499E-1,1.102277442495E-1,2.E0));
#1418=CURVE_STYLE('',#48,POSITIVE_LENGTH_MEASURE(2.E-2),#41);
#1419=PRESENTATION_STYLE_ASSIGNMENT((#1418));
#1420=STYLED_ITEM('',(#1419),#1417);
#1421=DIRECTION('',(1.961161351382E-1,-9.805806756909E-1,0.E0));
#1422=VECTOR('',#1421,9.563400617160E-3);
#1423=CARTESIAN_POINT('',(1.231244628322E-1,9.377685839078E-3,1.6E0));
#1424=LINE('',#1423,#1422);
#1425=CURVE_STYLE('',#48,POSITIVE_LENGTH_MEASURE(2.E-2),#41);
#1426=PRESENTATION_STYLE_ASSIGNMENT((#1425));
#1427=STYLED_ITEM('',(#1426),#1424);
#1428=DIRECTION('',(-1.E0,0.E0,0.E0));
#1429=VECTOR('',#1428,2.537510743356E-1);
#1430=CARTESIAN_POINT('',(3.768755371678E-1,9.377685839078E-3,1.6E0));
#1431=LINE('',#1430,#1429);
#1432=CURVE_STYLE('',#48,POSITIVE_LENGTH_MEASURE(2.E-2),#41);
#1433=PRESENTATION_STYLE_ASSIGNMENT((#1432));
#1434=STYLED_ITEM('',(#1433),#1431);
#1435=DIRECTION('',(1.961161351382E-1,9.805806756909E-1,0.E0));
#1436=VECTOR('',#1435,9.563400617160E-3);
#1437=CARTESIAN_POINT('',(3.75E-1,0.E0,1.6E0));
#1438=LINE('',#1437,#1436);
#1439=CURVE_STYLE('',#48,POSITIVE_LENGTH_MEASURE(2.E-2),#41);
#1440=PRESENTATION_STYLE_ASSIGNMENT((#1439));
#1441=STYLED_ITEM('',(#1440),#1438);
#1442=CARTESIAN_POINT('',(1.042074561784E-1,1.039627191080E-1,
1.987348385653E0));
#1443=CARTESIAN_POINT('',(1.038813741131E-1,1.055931294344E-1,
1.991801316375E0));
#1444=CARTESIAN_POINT('',(1.034633942889E-1,1.076830285554E-1,
1.996017719463E0));
#1445=CARTESIAN_POINT('',(1.029544511501E-1,1.102277442495E-1,2.E0));
#1447=CURVE_STYLE('',#48,POSITIVE_LENGTH_MEASURE(2.E-2),#41);
#1448=PRESENTATION_STYLE_ASSIGNMENT((#1447));
#1449=STYLED_ITEM('',(#1448),#1446);
#1450=DIRECTION('',(1.961161351382E-1,-9.805806756909E-1,0.E0));
#1451=VECTOR('',#1450,9.645818606637E-2);
#1452=CARTESIAN_POINT('',(1.042074561784E-1,1.039627191080E-1,
1.987348385653E0));
#1453=LINE('',#1452,#1451);
#1454=CURVE_STYLE('',#48,POSITIVE_LENGTH_MEASURE(2.E-2),#41);
#1455=PRESENTATION_STYLE_ASSIGNMENT((#1454));
#1456=STYLED_ITEM('',(#1455),#1453);
#1457=DIRECTION('',(0.E0,0.E0,1.E0));
#1458=VECTOR('',#1457,3.873483856533E-1);
#1459=CARTESIAN_POINT('',(1.231244628322E-1,9.377685839078E-3,1.6E0));
#1460=LINE('',#1459,#1458);
#1461=CURVE_STYLE('',#48,POSITIVE_LENGTH_MEASURE(2.E-2),#41);
#1462=PRESENTATION_STYLE_ASSIGNMENT((#1461));
#1463=STYLED_ITEM('',(#1462),#1460);
#1464=DIRECTION('',(0.E0,0.E0,1.E0));
#1465=VECTOR('',#1464,3.873483856533E-1);
#1466=CARTESIAN_POINT('',(-1.231244628322E-1,9.377685839078E-3,1.6E0));
#1467=LINE('',#1466,#1465);
#1468=CURVE_STYLE('',#48,POSITIVE_LENGTH_MEASURE(2.E-2),#41);
#1469=PRESENTATION_STYLE_ASSIGNMENT((#1468));
#1470=STYLED_ITEM('',(#1469),#1467);
#1471=DIRECTION('',(-1.961161351382E-1,-9.805806756909E-1,0.E0));
#1472=VECTOR('',#1471,9.645818606637E-2);
#1473=CARTESIAN_POINT('',(-1.042074561784E-1,1.039627191080E-1,
1.987348385653E0));
#1474=LINE('',#1473,#1472);
#1475=CURVE_STYLE('',#48,POSITIVE_LENGTH_MEASURE(2.E-2),#41);
#1476=PRESENTATION_STYLE_ASSIGNMENT((#1475));
#1477=STYLED_ITEM('',(#1476),#1474);
#1478=CARTESIAN_POINT('',(-1.042074561784E-1,1.039627191080E-1,
1.987348385653E0));
#1479=CARTESIAN_POINT('',(-1.038813741131E-1,1.055931294344E-1,
1.991801316375E0));
#1480=CARTESIAN_POINT('',(-1.034633942889E-1,1.076830285554E-1,
1.996017719463E0));
#1481=CARTESIAN_POINT('',(-1.029544511501E-1,1.102277442495E-1,2.E0));
#1483=CURVE_STYLE('',#48,POSITIVE_LENGTH_MEASURE(2.E-2),#41);
#1484=PRESENTATION_STYLE_ASSIGNMENT((#1483));
#1485=STYLED_ITEM('',(#1484),#1482);
#1486=DIRECTION('',(1.961161351382E-1,-9.805806756909E-1,0.E0));
#1487=VECTOR('',#1486,9.563400617160E-3);
#1488=CARTESIAN_POINT('',(-3.768755371678E-1,9.377685839078E-3,1.6E0));
#1489=LINE('',#1488,#1487);
#1490=CURVE_STYLE('',#48,POSITIVE_LENGTH_MEASURE(2.E-2),#41);
#1491=PRESENTATION_STYLE_ASSIGNMENT((#1490));
#1492=STYLED_ITEM('',(#1491),#1489);
#1493=DIRECTION('',(-1.E0,0.E0,0.E0));
#1494=VECTOR('',#1493,2.537510743356E-1);
#1495=CARTESIAN_POINT('',(-1.231244628322E-1,9.377685839078E-3,1.6E0));
#1496=LINE('',#1495,#1494);
#1497=CURVE_STYLE('',#48,POSITIVE_LENGTH_MEASURE(2.E-2),#41);
#1498=PRESENTATION_STYLE_ASSIGNMENT((#1497));
#1499=STYLED_ITEM('',(#1498),#1496);
#1500=DIRECTION('',(1.961161351382E-1,9.805806756909E-1,0.E0));
#1501=VECTOR('',#1500,9.563400617160E-3);
#1502=CARTESIAN_POINT('',(-1.25E-1,0.E0,1.6E0));
#1503=LINE('',#1502,#1501);
#1504=CURVE_STYLE('',#48,POSITIVE_LENGTH_MEASURE(2.E-2),#41);
#1505=PRESENTATION_STYLE_ASSIGNMENT((#1504));
#1506=STYLED_ITEM('',(#1505),#1503);
#1507=CARTESIAN_POINT('',(-3.957925438216E-1,1.039627191080E-1,
1.987348385653E0));
#1508=CARTESIAN_POINT('',(-3.961186258869E-1,1.055931294344E-1,
1.991801316375E0));
#1509=CARTESIAN_POINT('',(-3.965366057111E-1,1.076830285554E-1,
1.996017719463E0));
#1510=CARTESIAN_POINT('',(-3.970455488499E-1,1.102277442495E-1,2.E0));
#1512=CURVE_STYLE('',#48,POSITIVE_LENGTH_MEASURE(2.E-2),#41);
#1513=PRESENTATION_STYLE_ASSIGNMENT((#1512));
#1514=STYLED_ITEM('',(#1513),#1511);
#1515=DIRECTION('',(1.961161351382E-1,-9.805806756909E-1,0.E0));
#1516=VECTOR('',#1515,9.645818606637E-2);
#1517=CARTESIAN_POINT('',(-3.957925438216E-1,1.039627191080E-1,
1.987348385653E0));
#1518=LINE('',#1517,#1516);
#1519=CURVE_STYLE('',#48,POSITIVE_LENGTH_MEASURE(2.E-2),#41);
#1520=PRESENTATION_STYLE_ASSIGNMENT((#1519));
#1521=STYLED_ITEM('',(#1520),#1518);
#1522=DIRECTION('',(0.E0,0.E0,1.E0));
#1523=VECTOR('',#1522,3.873483856533E-1);
#1524=CARTESIAN_POINT('',(-3.768755371678E-1,9.377685839078E-3,1.6E0));
#1525=LINE('',#1524,#1523);
#1526=CURVE_STYLE('',#48,POSITIVE_LENGTH_MEASURE(2.E-2),#41);
#1527=PRESENTATION_STYLE_ASSIGNMENT((#1526));
#1528=STYLED_ITEM('',(#1527),#1525);
#1529=DIRECTION('',(0.E0,0.E0,1.E0));
#1530=VECTOR('',#1529,3.873483856533E-1);
#1531=CARTESIAN_POINT('',(-6.231244628322E-1,9.377685839078E-3,1.6E0));
#1532=LINE('',#1531,#1530);
#1533=CURVE_STYLE('',#48,POSITIVE_LENGTH_MEASURE(2.E-2),#41);
#1534=PRESENTATION_STYLE_ASSIGNMENT((#1533));
#1535=STYLED_ITEM('',(#1534),#1532);
#1536=DIRECTION('',(-1.961161351382E-1,-9.805806756909E-1,0.E0));
#1537=VECTOR('',#1536,9.645818606637E-2);
#1538=CARTESIAN_POINT('',(-6.042074561784E-1,1.039627191080E-1,
1.987348385653E0));
#1539=LINE('',#1538,#1537);
#1540=CURVE_STYLE('',#48,POSITIVE_LENGTH_MEASURE(2.E-2),#41);
#1541=PRESENTATION_STYLE_ASSIGNMENT((#1540));
#1542=STYLED_ITEM('',(#1541),#1539);
#1543=CARTESIAN_POINT('',(-6.042074561784E-1,1.039627191080E-1,
1.987348385653E0));
#1544=CARTESIAN_POINT('',(-6.038813741131E-1,1.055931294344E-1,
1.991801316375E0));
#1545=CARTESIAN_POINT('',(-6.034633942889E-1,1.076830285554E-1,
1.996017719463E0));
#1546=CARTESIAN_POINT('',(-6.029544511501E-1,1.102277442495E-1,2.E0));
#1548=CURVE_STYLE('',#48,POSITIVE_LENGTH_MEASURE(2.E-2),#41);
#1549=PRESENTATION_STYLE_ASSIGNMENT((#1548));
#1550=STYLED_ITEM('',(#1549),#1547);
#1551=DIRECTION('',(1.961161351382E-1,-9.805806756909E-1,0.E0));
#1552=VECTOR('',#1551,9.563400617160E-3);
#1553=CARTESIAN_POINT('',(-8.768755371678E-1,9.377685839078E-3,1.6E0));
#1554=LINE('',#1553,#1552);
#1555=CURVE_STYLE('',#48,POSITIVE_LENGTH_MEASURE(2.E-2),#41);
#1556=PRESENTATION_STYLE_ASSIGNMENT((#1555));
#1557=STYLED_ITEM('',(#1556),#1554);
#1558=DIRECTION('',(-1.E0,0.E0,0.E0));
#1559=VECTOR('',#1558,2.537510743356E-1);
#1560=CARTESIAN_POINT('',(-6.231244628322E-1,9.377685839078E-3,1.6E0));
#1561=LINE('',#1560,#1559);
#1562=CURVE_STYLE('',#48,POSITIVE_LENGTH_MEASURE(2.E-2),#41);
#1563=PRESENTATION_STYLE_ASSIGNMENT((#1562));
#1564=STYLED_ITEM('',(#1563),#1561);
#1565=DIRECTION('',(1.961161351382E-1,9.805806756909E-1,0.E0));
#1566=VECTOR('',#1565,9.563400617160E-3);
#1567=CARTESIAN_POINT('',(-6.25E-1,0.E0,1.6E0));
#1568=LINE('',#1567,#1566);
#1569=CURVE_STYLE('',#48,POSITIVE_LENGTH_MEASURE(2.E-2),#41);
#1570=PRESENTATION_STYLE_ASSIGNMENT((#1569));
#1571=STYLED_ITEM('',(#1570),#1568);
#1572=CARTESIAN_POINT('',(-8.957925438216E-1,1.039627191080E-1,
1.987348385653E0));
#1573=CARTESIAN_POINT('',(-8.961186258869E-1,1.055931294344E-1,
1.991801316375E0));
#1574=CARTESIAN_POINT('',(-8.965366057111E-1,1.076830285554E-1,
1.996017719463E0));
#1575=CARTESIAN_POINT('',(-8.970455488499E-1,1.102277442495E-1,2.E0));
#1577=CURVE_STYLE('',#48,POSITIVE_LENGTH_MEASURE(2.E-2),#41);
#1578=PRESENTATION_STYLE_ASSIGNMENT((#1577));
#1579=STYLED_ITEM('',(#1578),#1576);
#1580=DIRECTION('',(1.961161351382E-1,-9.805806756909E-1,0.E0));
#1581=VECTOR('',#1580,9.645818606637E-2);
#1582=CARTESIAN_POINT('',(-8.957925438216E-1,1.039627191080E-1,
1.987348385653E0));
#1583=LINE('',#1582,#1581);
#1584=CURVE_STYLE('',#48,POSITIVE_LENGTH_MEASURE(2.E-2),#41);
#1585=PRESENTATION_STYLE_ASSIGNMENT((#1584));
#1586=STYLED_ITEM('',(#1585),#1583);
#1587=DIRECTION('',(0.E0,0.E0,1.E0));
#1588=VECTOR('',#1587,3.873483856533E-1);
#1589=CARTESIAN_POINT('',(-8.768755371678E-1,9.377685839078E-3,1.6E0));
#1590=LINE('',#1589,#1588);
#1591=CURVE_STYLE('',#48,POSITIVE_LENGTH_MEASURE(2.E-2),#41);
#1592=PRESENTATION_STYLE_ASSIGNMENT((#1591));
#1593=STYLED_ITEM('',(#1592),#1590);
#1594=DIRECTION('',(0.E0,0.E0,1.E0));
#1595=VECTOR('',#1594,3.873483856533E-1);
#1596=CARTESIAN_POINT('',(-1.123124462832E0,9.377685839078E-3,1.6E0));
#1597=LINE('',#1596,#1595);
#1598=CURVE_STYLE('',#48,POSITIVE_LENGTH_MEASURE(2.E-2),#41);
#1599=PRESENTATION_STYLE_ASSIGNMENT((#1598));
#1600=STYLED_ITEM('',(#1599),#1597);
#1601=DIRECTION('',(-1.961161351382E-1,-9.805806756909E-1,0.E0));
#1602=VECTOR('',#1601,9.645818606637E-2);
#1603=CARTESIAN_POINT('',(-1.104207456178E0,1.039627191080E-1,
1.987348385653E0));
#1604=LINE('',#1603,#1602);
#1605=CURVE_STYLE('',#48,POSITIVE_LENGTH_MEASURE(2.E-2),#41);
#1606=PRESENTATION_STYLE_ASSIGNMENT((#1605));
#1607=STYLED_ITEM('',(#1606),#1604);
#1608=CARTESIAN_POINT('',(-1.104207456178E0,1.039627191080E-1,
1.987348385653E0));
#1609=CARTESIAN_POINT('',(-1.103881374113E0,1.055931294344E-1,
1.991801316375E0));
#1610=CARTESIAN_POINT('',(-1.103463394289E0,1.076830285554E-1,
1.996017719463E0));
#1611=CARTESIAN_POINT('',(-1.102954451150E0,1.102277442495E-1,2.E0));
#1613=CURVE_STYLE('',#48,POSITIVE_LENGTH_MEASURE(2.E-2),#41);
#1614=PRESENTATION_STYLE_ASSIGNMENT((#1613));
#1615=STYLED_ITEM('',(#1614),#1612);
#1616=DIRECTION('',(1.961161351382E-1,-9.805806756909E-1,0.E0));
#1617=VECTOR('',#1616,9.563400617160E-3);
#1618=CARTESIAN_POINT('',(-1.376875537168E0,9.377685839078E-3,1.6E0));
#1619=LINE('',#1618,#1617);
#1620=CURVE_STYLE('',#48,POSITIVE_LENGTH_MEASURE(2.E-2),#41);
#1621=PRESENTATION_STYLE_ASSIGNMENT((#1620));
#1622=STYLED_ITEM('',(#1621),#1619);
#1623=DIRECTION('',(-1.E0,0.E0,0.E0));
#1624=VECTOR('',#1623,2.537510743356E-1);
#1625=CARTESIAN_POINT('',(-1.123124462832E0,9.377685839078E-3,1.6E0));
#1626=LINE('',#1625,#1624);
#1627=CURVE_STYLE('',#48,POSITIVE_LENGTH_MEASURE(2.E-2),#41);
#1628=PRESENTATION_STYLE_ASSIGNMENT((#1627));
#1629=STYLED_ITEM('',(#1628),#1626);
#1630=DIRECTION('',(1.961161351382E-1,9.805806756909E-1,0.E0));
#1631=VECTOR('',#1630,9.563400617160E-3);
#1632=CARTESIAN_POINT('',(-1.125E0,0.E0,1.6E0));
#1633=LINE('',#1632,#1631);
#1634=CURVE_STYLE('',#48,POSITIVE_LENGTH_MEASURE(2.E-2),#41);
#1635=PRESENTATION_STYLE_ASSIGNMENT((#1634));
#1636=STYLED_ITEM('',(#1635),#1633);
#1637=CARTESIAN_POINT('',(-1.395792543822E0,1.039627191080E-1,
1.987348385653E0));
#1638=CARTESIAN_POINT('',(-1.396118625887E0,1.055931294344E-1,
1.991801316375E0));
#1639=CARTESIAN_POINT('',(-1.396536605711E0,1.076830285554E-1,
1.996017719463E0));
#1640=CARTESIAN_POINT('',(-1.397045548850E0,1.102277442495E-1,2.E0));
#1642=CURVE_STYLE('',#48,POSITIVE_LENGTH_MEASURE(2.E-2),#41);
#1643=PRESENTATION_STYLE_ASSIGNMENT((#1642));
#1644=STYLED_ITEM('',(#1643),#1641);
#1645=DIRECTION('',(1.961161351382E-1,-9.805806756909E-1,0.E0));
#1646=VECTOR('',#1645,9.645818606637E-2);
#1647=CARTESIAN_POINT('',(-1.395792543822E0,1.039627191080E-1,
1.987348385653E0));
#1648=LINE('',#1647,#1646);
#1649=CURVE_STYLE('',#48,POSITIVE_LENGTH_MEASURE(2.E-2),#41);
#1650=PRESENTATION_STYLE_ASSIGNMENT((#1649));
#1651=STYLED_ITEM('',(#1650),#1648);
#1652=DIRECTION('',(0.E0,0.E0,1.E0));
#1653=VECTOR('',#1652,3.873483856533E-1);
#1654=CARTESIAN_POINT('',(-1.376875537168E0,9.377685839078E-3,1.6E0));
#1655=LINE('',#1654,#1653);
#1656=CURVE_STYLE('',#48,POSITIVE_LENGTH_MEASURE(2.E-2),#41);
#1657=PRESENTATION_STYLE_ASSIGNMENT((#1656));
#1658=STYLED_ITEM('',(#1657),#1655);
#1659=DIRECTION('',(0.E0,0.E0,1.E0));
#1660=VECTOR('',#1659,3.873483856533E-1);
#1661=CARTESIAN_POINT('',(-1.623124462832E0,9.377685839078E-3,1.6E0));
#1662=LINE('',#1661,#1660);
#1663=CURVE_STYLE('',#48,POSITIVE_LENGTH_MEASURE(2.E-2),#41);
#1664=PRESENTATION_STYLE_ASSIGNMENT((#1663));
#1665=STYLED_ITEM('',(#1664),#1662);
#1666=DIRECTION('',(-1.961161351382E-1,-9.805806756909E-1,0.E0));
#1667=VECTOR('',#1666,9.645818606637E-2);
#1668=CARTESIAN_POINT('',(-1.604207456178E0,1.039627191080E-1,
1.987348385653E0));
#1669=LINE('',#1668,#1667);
#1670=CURVE_STYLE('',#48,POSITIVE_LENGTH_MEASURE(2.E-2),#41);
#1671=PRESENTATION_STYLE_ASSIGNMENT((#1670));
#1672=STYLED_ITEM('',(#1671),#1669);
#1673=CARTESIAN_POINT('',(-1.604207456178E0,1.039627191080E-1,
1.987348385653E0));
#1674=CARTESIAN_POINT('',(-1.603881374113E0,1.055931294344E-1,
1.991801316375E0));
#1675=CARTESIAN_POINT('',(-1.603463394289E0,1.076830285554E-1,
1.996017719463E0));
#1676=CARTESIAN_POINT('',(-1.602954451150E0,1.102277442495E-1,2.E0));
#1678=CURVE_STYLE('',#48,POSITIVE_LENGTH_MEASURE(2.E-2),#41);
#1679=PRESENTATION_STYLE_ASSIGNMENT((#1678));
#1680=STYLED_ITEM('',(#1679),#1677);
#1681=DIRECTION('',(1.961161351382E-1,-9.805806756909E-1,0.E0));
#1682=VECTOR('',#1681,9.563400617160E-3);
#1683=CARTESIAN_POINT('',(-1.876875537168E0,9.377685839078E-3,1.6E0));
#1684=LINE('',#1683,#1682);
#1685=CURVE_STYLE('',#48,POSITIVE_LENGTH_MEASURE(2.E-2),#41);
#1686=PRESENTATION_STYLE_ASSIGNMENT((#1685));
#1687=STYLED_ITEM('',(#1686),#1684);
#1688=DIRECTION('',(-1.E0,0.E0,0.E0));
#1689=VECTOR('',#1688,2.537510743356E-1);
#1690=CARTESIAN_POINT('',(-1.623124462832E0,9.377685839078E-3,1.6E0));
#1691=LINE('',#1690,#1689);
#1692=CURVE_STYLE('',#48,POSITIVE_LENGTH_MEASURE(2.E-2),#41);
#1693=PRESENTATION_STYLE_ASSIGNMENT((#1692));
#1694=STYLED_ITEM('',(#1693),#1691);
#1695=DIRECTION('',(1.961161351382E-1,9.805806756909E-1,0.E0));
#1696=VECTOR('',#1695,9.563400617160E-3);
#1697=CARTESIAN_POINT('',(-1.625E0,0.E0,1.6E0));
#1698=LINE('',#1697,#1696);
#1699=CURVE_STYLE('',#48,POSITIVE_LENGTH_MEASURE(2.E-2),#41);
#1700=PRESENTATION_STYLE_ASSIGNMENT((#1699));
#1701=STYLED_ITEM('',(#1700),#1698);
#1702=CARTESIAN_POINT('',(-1.895792543822E0,1.039627191080E-1,
1.987348385653E0));
#1703=CARTESIAN_POINT('',(-1.896118625887E0,1.055931294344E-1,
1.991801316375E0));
#1704=CARTESIAN_POINT('',(-1.896536605711E0,1.076830285554E-1,
1.996017719463E0));
#1705=CARTESIAN_POINT('',(-1.897045548850E0,1.102277442495E-1,2.E0));
#1707=CURVE_STYLE('',#48,POSITIVE_LENGTH_MEASURE(2.E-2),#41);
#1708=PRESENTATION_STYLE_ASSIGNMENT((#1707));
#1709=STYLED_ITEM('',(#1708),#1706);
#1710=DIRECTION('',(1.961161351382E-1,-9.805806756909E-1,0.E0));
#1711=VECTOR('',#1710,9.645818606637E-2);
#1712=CARTESIAN_POINT('',(-1.895792543822E0,1.039627191080E-1,
1.987348385653E0));
#1713=LINE('',#1712,#1711);
#1714=CURVE_STYLE('',#48,POSITIVE_LENGTH_MEASURE(2.E-2),#41);
#1715=PRESENTATION_STYLE_ASSIGNMENT((#1714));
#1716=STYLED_ITEM('',(#1715),#1713);
#1717=DIRECTION('',(0.E0,0.E0,1.E0));
#1718=VECTOR('',#1717,3.873483856533E-1);
#1719=CARTESIAN_POINT('',(-1.876875537168E0,9.377685839078E-3,1.6E0));
#1720=LINE('',#1719,#1718);
#1721=CURVE_STYLE('',#48,POSITIVE_LENGTH_MEASURE(2.E-2),#41);
#1722=PRESENTATION_STYLE_ASSIGNMENT((#1721));
#1723=STYLED_ITEM('',(#1722),#1720);
#1724=DIRECTION('',(0.E0,1.E0,0.E0));
#1725=VECTOR('',#1724,8.E-1);
#1726=CARTESIAN_POINT('',(-2.5E0,0.E0,-2.E0));
#1727=LINE('',#1726,#1725);
#1728=CURVE_STYLE('',#48,POSITIVE_LENGTH_MEASURE(2.E-2),#41);
#1729=PRESENTATION_STYLE_ASSIGNMENT((#1728));
#1730=STYLED_ITEM('',(#1729),#1727);
#1731=DIRECTION('',(0.E0,1.E0,0.E0));
#1732=VECTOR('',#1731,1.E-1);
#1733=CARTESIAN_POINT('',(-2.5E0,1.E-1,1.4E0));
#1734=LINE('',#1733,#1732);
#1735=CURVE_STYLE('',#48,POSITIVE_LENGTH_MEASURE(2.E-2),#41);
#1736=PRESENTATION_STYLE_ASSIGNMENT((#1735));
#1737=STYLED_ITEM('',(#1736),#1734);
#1738=DIRECTION('',(0.E0,0.E0,-1.E0));
#1739=VECTOR('',#1738,2.E-1);
#1740=CARTESIAN_POINT('',(-2.5E0,2.E-1,1.4E0));
#1741=LINE('',#1740,#1739);
#1742=CURVE_STYLE('',#48,POSITIVE_LENGTH_MEASURE(2.E-2),#41);
#1743=PRESENTATION_STYLE_ASSIGNMENT((#1742));
#1744=STYLED_ITEM('',(#1743),#1741);
#1745=DIRECTION('',(0.E0,-1.E0,0.E0));
#1746=VECTOR('',#1745,1.E-1);
#1747=CARTESIAN_POINT('',(-2.5E0,2.E-1,1.2E0));
#1748=LINE('',#1747,#1746);
#1749=CURVE_STYLE('',#48,POSITIVE_LENGTH_MEASURE(2.E-2),#41);
#1750=PRESENTATION_STYLE_ASSIGNMENT((#1749));
#1751=STYLED_ITEM('',(#1750),#1748);
#1752=DIRECTION('',(0.E0,0.E0,1.E0));
#1753=VECTOR('',#1752,2.E-1);
#1754=CARTESIAN_POINT('',(-2.5E0,1.E-1,1.2E0));
#1755=LINE('',#1754,#1753);
#1756=CURVE_STYLE('',#48,POSITIVE_LENGTH_MEASURE(2.E-2),#41);
#1757=PRESENTATION_STYLE_ASSIGNMENT((#1756));
#1758=STYLED_ITEM('',(#1757),#1755);
#1759=DIRECTION('',(0.E0,1.E0,0.E0));
#1760=VECTOR('',#1759,1.E-1);
#1761=CARTESIAN_POINT('',(-2.5E0,1.E-1,-1.4E0));
#1762=LINE('',#1761,#1760);
#1763=CURVE_STYLE('',#48,POSITIVE_LENGTH_MEASURE(2.E-2),#41);
#1764=PRESENTATION_STYLE_ASSIGNMENT((#1763));
#1765=STYLED_ITEM('',(#1764),#1762);
#1766=DIRECTION('',(0.E0,0.E0,1.E0));
#1767=VECTOR('',#1766,2.E-1);
#1768=CARTESIAN_POINT('',(-2.5E0,1.E-1,-1.4E0));
#1769=LINE('',#1768,#1767);
#1770=CURVE_STYLE('',#48,POSITIVE_LENGTH_MEASURE(2.E-2),#41);
#1771=PRESENTATION_STYLE_ASSIGNMENT((#1770));
#1772=STYLED_ITEM('',(#1771),#1769);
#1773=DIRECTION('',(0.E0,-1.E0,0.E0));
#1774=VECTOR('',#1773,1.E-1);
#1775=CARTESIAN_POINT('',(-2.5E0,2.E-1,-1.2E0));
#1776=LINE('',#1775,#1774);
#1777=CURVE_STYLE('',#48,POSITIVE_LENGTH_MEASURE(2.E-2),#41);
#1778=PRESENTATION_STYLE_ASSIGNMENT((#1777));
#1779=STYLED_ITEM('',(#1778),#1776);
#1780=DIRECTION('',(0.E0,0.E0,-1.E0));
#1781=VECTOR('',#1780,2.E-1);
#1782=CARTESIAN_POINT('',(-2.5E0,2.E-1,-1.2E0));
#1783=LINE('',#1782,#1781);
#1784=CURVE_STYLE('',#48,POSITIVE_LENGTH_MEASURE(2.E-2),#41);
#1785=PRESENTATION_STYLE_ASSIGNMENT((#1784));
#1786=STYLED_ITEM('',(#1785),#1783);
#1787=DIRECTION('',(0.E0,0.E0,1.E0));
#1788=VECTOR('',#1787,4.E0);
#1789=CARTESIAN_POINT('',(-2.5E0,8.E-1,-2.E0));
#1790=LINE('',#1789,#1788);
#1791=CURVE_STYLE('',#48,POSITIVE_LENGTH_MEASURE(2.E-2),#41);
#1792=PRESENTATION_STYLE_ASSIGNMENT((#1791));
#1793=STYLED_ITEM('',(#1792),#1790);
#1794=DIRECTION('',(-1.E0,0.E0,0.E0));
#1795=VECTOR('',#1794,5.E0);
#1796=CARTESIAN_POINT('',(2.5E0,8.E-1,-2.E0));
#1797=LINE('',#1796,#1795);
#1798=CURVE_STYLE('',#48,POSITIVE_LENGTH_MEASURE(2.E-2),#41);
#1799=PRESENTATION_STYLE_ASSIGNMENT((#1798));
#1800=STYLED_ITEM('',(#1799),#1797);
#1801=DIRECTION('',(0.E0,0.E0,-1.E0));
#1802=VECTOR('',#1801,4.E0);
#1803=CARTESIAN_POINT('',(2.5E0,8.E-1,2.E0));
#1804=LINE('',#1803,#1802);
#1805=CURVE_STYLE('',#48,POSITIVE_LENGTH_MEASURE(2.E-2),#41);
#1806=PRESENTATION_STYLE_ASSIGNMENT((#1805));
#1807=STYLED_ITEM('',(#1806),#1804);
#1808=DIRECTION('',(1.E0,0.E0,0.E0));
#1809=VECTOR('',#1808,5.E0);
#1810=CARTESIAN_POINT('',(-2.5E0,8.E-1,2.E0));
#1811=LINE('',#1810,#1809);
#1812=CURVE_STYLE('',#48,POSITIVE_LENGTH_MEASURE(2.E-2),#41);
#1813=PRESENTATION_STYLE_ASSIGNMENT((#1812));
#1814=STYLED_ITEM('',(#1813),#1811);
#1815=DIRECTION('',(0.E0,1.E0,0.E0));
#1816=VECTOR('',#1815,1.E-1);
#1817=CARTESIAN_POINT('',(-2.48E0,1.E-1,1.4E0));
#1818=LINE('',#1817,#1816);
#1819=CURVE_STYLE('',#48,POSITIVE_LENGTH_MEASURE(2.E-2),#41);
#1820=PRESENTATION_STYLE_ASSIGNMENT((#1819));
#1821=STYLED_ITEM('',(#1820),#1818);
#1822=DIRECTION('',(1.E0,0.E0,0.E0));
#1823=VECTOR('',#1822,2.E-2);
#1824=CARTESIAN_POINT('',(-2.5E0,2.E-1,1.4E0));
#1825=LINE('',#1824,#1823);
#1826=CURVE_STYLE('',#48,POSITIVE_LENGTH_MEASURE(2.E-2),#41);
#1827=PRESENTATION_STYLE_ASSIGNMENT((#1826));
#1828=STYLED_ITEM('',(#1827),#1825);
#1829=DIRECTION('',(1.E0,0.E0,0.E0));
#1830=VECTOR('',#1829,2.E-2);
#1831=CARTESIAN_POINT('',(2.48E0,2.E-1,1.4E0));
#1832=LINE('',#1831,#1830);
#1833=CURVE_STYLE('',#48,POSITIVE_LENGTH_MEASURE(2.E-2),#41);
#1834=PRESENTATION_STYLE_ASSIGNMENT((#1833));
#1835=STYLED_ITEM('',(#1834),#1832);
#1836=DIRECTION('',(0.E0,1.E0,0.E0));
#1837=VECTOR('',#1836,1.E-1);
#1838=CARTESIAN_POINT('',(2.48E0,1.E-1,1.4E0));
#1839=LINE('',#1838,#1837);
#1840=CURVE_STYLE('',#48,POSITIVE_LENGTH_MEASURE(2.E-2),#41);
#1841=PRESENTATION_STYLE_ASSIGNMENT((#1840));
#1842=STYLED_ITEM('',(#1841),#1839);
#1843=DIRECTION('',(1.E0,0.E0,0.E0));
#1844=VECTOR('',#1843,2.E-2);
#1845=CARTESIAN_POINT('',(-2.5E0,1.E-1,-1.4E0));
#1846=LINE('',#1845,#1844);
#1847=CURVE_STYLE('',#48,POSITIVE_LENGTH_MEASURE(2.E-2),#41);
#1848=PRESENTATION_STYLE_ASSIGNMENT((#1847));
#1849=STYLED_ITEM('',(#1848),#1846);
#1850=DIRECTION('',(0.E0,0.E0,1.E0));
#1851=VECTOR('',#1850,2.E-1);
#1852=CARTESIAN_POINT('',(-2.48E0,1.E-1,-1.4E0));
#1853=LINE('',#1852,#1851);
#1854=CURVE_STYLE('',#48,POSITIVE_LENGTH_MEASURE(2.E-2),#41);
#1855=PRESENTATION_STYLE_ASSIGNMENT((#1854));
#1856=STYLED_ITEM('',(#1855),#1853);
#1857=DIRECTION('',(-1.E0,0.E0,0.E0));
#1858=VECTOR('',#1857,2.E-2);
#1859=CARTESIAN_POINT('',(-2.48E0,1.E-1,-1.2E0));
#1860=LINE('',#1859,#1858);
#1861=CURVE_STYLE('',#48,POSITIVE_LENGTH_MEASURE(2.E-2),#41);
#1862=PRESENTATION_STYLE_ASSIGNMENT((#1861));
#1863=STYLED_ITEM('',(#1862),#1860);
#1864=DIRECTION('',(1.E0,0.E0,0.E0));
#1865=VECTOR('',#1864,2.E-2);
#1866=CARTESIAN_POINT('',(-2.5E0,1.E-1,1.2E0));
#1867=LINE('',#1866,#1865);
#1868=CURVE_STYLE('',#48,POSITIVE_LENGTH_MEASURE(2.E-2),#41);
#1869=PRESENTATION_STYLE_ASSIGNMENT((#1868));
#1870=STYLED_ITEM('',(#1869),#1867);
#1871=DIRECTION('',(0.E0,0.E0,1.E0));
#1872=VECTOR('',#1871,2.E-1);
#1873=CARTESIAN_POINT('',(-2.48E0,1.E-1,1.2E0));
#1874=LINE('',#1873,#1872);
#1875=CURVE_STYLE('',#48,POSITIVE_LENGTH_MEASURE(2.E-2),#41);
#1876=PRESENTATION_STYLE_ASSIGNMENT((#1875));
#1877=STYLED_ITEM('',(#1876),#1874);
#1878=DIRECTION('',(-1.E0,0.E0,0.E0));
#1879=VECTOR('',#1878,2.E-2);
#1880=CARTESIAN_POINT('',(-2.48E0,1.E-1,1.4E0));
#1881=LINE('',#1880,#1879);
#1882=CURVE_STYLE('',#48,POSITIVE_LENGTH_MEASURE(2.E-2),#41);
#1883=PRESENTATION_STYLE_ASSIGNMENT((#1882));
#1884=STYLED_ITEM('',(#1883),#1881);
#1885=DIRECTION('',(-1.E0,0.E0,0.E0));
#1886=VECTOR('',#1885,2.E-2);
#1887=CARTESIAN_POINT('',(2.5E0,1.E-1,-1.2E0));
#1888=LINE('',#1887,#1886);
#1889=CURVE_STYLE('',#48,POSITIVE_LENGTH_MEASURE(2.E-2),#41);
#1890=PRESENTATION_STYLE_ASSIGNMENT((#1889));
#1891=STYLED_ITEM('',(#1890),#1888);
#1892=DIRECTION('',(0.E0,0.E0,1.E0));
#1893=VECTOR('',#1892,2.E-1);
#1894=CARTESIAN_POINT('',(2.48E0,1.E-1,-1.4E0));
#1895=LINE('',#1894,#1893);
#1896=CURVE_STYLE('',#48,POSITIVE_LENGTH_MEASURE(2.E-2),#41);
#1897=PRESENTATION_STYLE_ASSIGNMENT((#1896));
#1898=STYLED_ITEM('',(#1897),#1895);
#1899=DIRECTION('',(-1.E0,0.E0,0.E0));
#1900=VECTOR('',#1899,2.E-2);
#1901=CARTESIAN_POINT('',(2.5E0,1.E-1,1.4E0));
#1902=LINE('',#1901,#1900);
#1903=CURVE_STYLE('',#48,POSITIVE_LENGTH_MEASURE(2.E-2),#41);
#1904=PRESENTATION_STYLE_ASSIGNMENT((#1903));
#1905=STYLED_ITEM('',(#1904),#1902);
#1906=DIRECTION('',(0.E0,0.E0,1.E0));
#1907=VECTOR('',#1906,2.E-1);
#1908=CARTESIAN_POINT('',(2.48E0,1.E-1,1.2E0));
#1909=LINE('',#1908,#1907);
#1910=CURVE_STYLE('',#48,POSITIVE_LENGTH_MEASURE(2.E-2),#41);
#1911=PRESENTATION_STYLE_ASSIGNMENT((#1910));
#1912=STYLED_ITEM('',(#1911),#1909);
#1913=DIRECTION('',(1.E0,0.E0,0.E0));
#1914=VECTOR('',#1913,2.E-2);
#1915=CARTESIAN_POINT('',(2.48E0,1.E-1,1.2E0));
#1916=LINE('',#1915,#1914);
#1917=CURVE_STYLE('',#48,POSITIVE_LENGTH_MEASURE(2.E-2),#41);
#1918=PRESENTATION_STYLE_ASSIGNMENT((#1917));
#1919=STYLED_ITEM('',(#1918),#1916);
#1920=DIRECTION('',(-1.E0,0.E0,0.E0));
#1921=VECTOR('',#1920,2.E-2);
#1922=CARTESIAN_POINT('',(-2.48E0,2.E-1,-1.4E0));
#1923=LINE('',#1922,#1921);
#1924=CURVE_STYLE('',#48,POSITIVE_LENGTH_MEASURE(2.E-2),#41);
#1925=PRESENTATION_STYLE_ASSIGNMENT((#1924));
#1926=STYLED_ITEM('',(#1925),#1923);
#1927=DIRECTION('',(0.E0,1.E0,0.E0));
#1928=VECTOR('',#1927,1.E-1);
#1929=CARTESIAN_POINT('',(-2.48E0,1.E-1,-1.4E0));
#1930=LINE('',#1929,#1928);
#1931=CURVE_STYLE('',#48,POSITIVE_LENGTH_MEASURE(2.E-2),#41);
#1932=PRESENTATION_STYLE_ASSIGNMENT((#1931));
#1933=STYLED_ITEM('',(#1932),#1930);
#1934=DIRECTION('',(1.E0,0.E0,0.E0));
#1935=VECTOR('',#1934,2.E-2);
#1936=CARTESIAN_POINT('',(2.48E0,1.E-1,-1.4E0));
#1937=LINE('',#1936,#1935);
#1938=CURVE_STYLE('',#48,POSITIVE_LENGTH_MEASURE(2.E-2),#41);
#1939=PRESENTATION_STYLE_ASSIGNMENT((#1938));
#1940=STYLED_ITEM('',(#1939),#1937);
#1941=DIRECTION('',(0.E0,1.E0,0.E0));
#1942=VECTOR('',#1941,1.E-1);
#1943=CARTESIAN_POINT('',(2.48E0,1.E-1,-1.4E0));
#1944=LINE('',#1943,#1942);
#1945=CURVE_STYLE('',#48,POSITIVE_LENGTH_MEASURE(2.E-2),#41);
#1946=PRESENTATION_STYLE_ASSIGNMENT((#1945));
#1947=STYLED_ITEM('',(#1946),#1944);
#1948=DIRECTION('',(-1.E0,0.E0,0.E0));
#1949=VECTOR('',#1948,2.E-2);
#1950=CARTESIAN_POINT('',(2.5E0,2.E-1,-1.4E0));
#1951=LINE('',#1950,#1949);
#1952=CURVE_STYLE('',#48,POSITIVE_LENGTH_MEASURE(2.E-2),#41);
#1953=PRESENTATION_STYLE_ASSIGNMENT((#1952));
#1954=STYLED_ITEM('',(#1953),#1951);
#1955=DIRECTION('',(0.E0,0.E0,-1.E0));
#1956=VECTOR('',#1955,2.E-1);
#1957=CARTESIAN_POINT('',(-2.48E0,2.E-1,1.4E0));
#1958=LINE('',#1957,#1956);
#1959=CURVE_STYLE('',#48,POSITIVE_LENGTH_MEASURE(2.E-2),#41);
#1960=PRESENTATION_STYLE_ASSIGNMENT((#1959));
#1961=STYLED_ITEM('',(#1960),#1958);
#1962=DIRECTION('',(1.E0,0.E0,0.E0));
#1963=VECTOR('',#1962,2.E-2);
#1964=CARTESIAN_POINT('',(-2.5E0,2.E-1,1.2E0));
#1965=LINE('',#1964,#1963);
#1966=CURVE_STYLE('',#48,POSITIVE_LENGTH_MEASURE(2.E-2),#41);
#1967=PRESENTATION_STYLE_ASSIGNMENT((#1966));
#1968=STYLED_ITEM('',(#1967),#1965);
#1969=DIRECTION('',(-1.E0,0.E0,0.E0));
#1970=VECTOR('',#1969,2.E-2);
#1971=CARTESIAN_POINT('',(-2.48E0,2.E-1,-1.2E0));
#1972=LINE('',#1971,#1970);
#1973=CURVE_STYLE('',#48,POSITIVE_LENGTH_MEASURE(2.E-2),#41);
#1974=PRESENTATION_STYLE_ASSIGNMENT((#1973));
#1975=STYLED_ITEM('',(#1974),#1972);
#1976=DIRECTION('',(0.E0,0.E0,-1.E0));
#1977=VECTOR('',#1976,2.E-1);
#1978=CARTESIAN_POINT('',(-2.48E0,2.E-1,-1.2E0));
#1979=LINE('',#1978,#1977);
#1980=CURVE_STYLE('',#48,POSITIVE_LENGTH_MEASURE(2.E-2),#41);
#1981=PRESENTATION_STYLE_ASSIGNMENT((#1980));
#1982=STYLED_ITEM('',(#1981),#1979);
#1983=DIRECTION('',(1.E0,0.E0,0.E0));
#1984=VECTOR('',#1983,2.E-2);
#1985=CARTESIAN_POINT('',(2.48E0,2.E-1,1.2E0));
#1986=LINE('',#1985,#1984);
#1987=CURVE_STYLE('',#48,POSITIVE_LENGTH_MEASURE(2.E-2),#41);
#1988=PRESENTATION_STYLE_ASSIGNMENT((#1987));
#1989=STYLED_ITEM('',(#1988),#1986);
#1990=DIRECTION('',(0.E0,0.E0,-1.E0));
#1991=VECTOR('',#1990,2.E-1);
#1992=CARTESIAN_POINT('',(2.48E0,2.E-1,1.4E0));
#1993=LINE('',#1992,#1991);
#1994=CURVE_STYLE('',#48,POSITIVE_LENGTH_MEASURE(2.E-2),#41);
#1995=PRESENTATION_STYLE_ASSIGNMENT((#1994));
#1996=STYLED_ITEM('',(#1995),#1993);
#1997=DIRECTION('',(0.E0,0.E0,-1.E0));
#1998=VECTOR('',#1997,2.E-1);
#1999=CARTESIAN_POINT('',(2.48E0,2.E-1,-1.2E0));
#2000=LINE('',#1999,#1998);
#2001=CURVE_STYLE('',#48,POSITIVE_LENGTH_MEASURE(2.E-2),#41);
#2002=PRESENTATION_STYLE_ASSIGNMENT((#2001));
#2003=STYLED_ITEM('',(#2002),#2000);
#2004=DIRECTION('',(-1.E0,0.E0,0.E0));
#2005=VECTOR('',#2004,2.E-2);
#2006=CARTESIAN_POINT('',(2.5E0,2.E-1,-1.2E0));
#2007=LINE('',#2006,#2005);
#2008=CURVE_STYLE('',#48,POSITIVE_LENGTH_MEASURE(2.E-2),#41);
#2009=PRESENTATION_STYLE_ASSIGNMENT((#2008));
#2010=STYLED_ITEM('',(#2009),#2007);
#2011=DIRECTION('',(0.E0,-1.E0,0.E0));
#2012=VECTOR('',#2011,1.E-1);
#2013=CARTESIAN_POINT('',(-2.48E0,2.E-1,1.2E0));
#2014=LINE('',#2013,#2012);
#2015=CURVE_STYLE('',#48,POSITIVE_LENGTH_MEASURE(2.E-2),#41);
#2016=PRESENTATION_STYLE_ASSIGNMENT((#2015));
#2017=STYLED_ITEM('',(#2016),#2014);
#2018=DIRECTION('',(0.E0,-1.E0,0.E0));
#2019=VECTOR('',#2018,1.E-1);
#2020=CARTESIAN_POINT('',(-2.48E0,2.E-1,-1.2E0));
#2021=LINE('',#2020,#2019);
#2022=CURVE_STYLE('',#48,POSITIVE_LENGTH_MEASURE(2.E-2),#41);
#2023=PRESENTATION_STYLE_ASSIGNMENT((#2022));
#2024=STYLED_ITEM('',(#2023),#2021);
#2025=DIRECTION('',(0.E0,-1.E0,0.E0));
#2026=VECTOR('',#2025,1.E-1);
#2027=CARTESIAN_POINT('',(2.48E0,2.E-1,1.2E0));
#2028=LINE('',#2027,#2026);
#2029=CURVE_STYLE('',#48,POSITIVE_LENGTH_MEASURE(2.E-2),#41);
#2030=PRESENTATION_STYLE_ASSIGNMENT((#2029));
#2031=STYLED_ITEM('',(#2030),#2028);
#2032=DIRECTION('',(0.E0,-1.E0,0.E0));
#2033=VECTOR('',#2032,1.E-1);
#2034=CARTESIAN_POINT('',(2.48E0,2.E-1,-1.2E0));
#2035=LINE('',#2034,#2033);
#2036=CURVE_STYLE('',#48,POSITIVE_LENGTH_MEASURE(2.E-2),#41);
#2037=PRESENTATION_STYLE_ASSIGNMENT((#2036));
#2038=STYLED_ITEM('',(#2037),#2035);
#2039=DIRECTION('',(0.E0,0.E0,-1.E0));
#2040=VECTOR('',#2039,3.883454607504E-1);
#2041=CARTESIAN_POINT('',(-1.876875537168E0,9.377685839078E-3,-1.6E0));
#2042=LINE('',#2041,#2040);
#2043=CURVE_STYLE('',#48,POSITIVE_LENGTH_MEASURE(2.E-2),#41);
#2044=PRESENTATION_STYLE_ASSIGNMENT((#2043));
#2045=STYLED_ITEM('',(#2044),#2042);
#2046=DIRECTION('',(1.961161351382E-1,-9.805806756909E-1,0.E0));
#2047=VECTOR('',#2046,9.683996413214E-2);
#2048=CARTESIAN_POINT('',(-1.895867416660E0,1.043370833017E-1,
-1.988345460750E0));
#2049=LINE('',#2048,#2047);
#2050=CURVE_STYLE('',#48,POSITIVE_LENGTH_MEASURE(2.E-2),#41);
#2051=PRESENTATION_STYLE_ASSIGNMENT((#2050));
#2052=STYLED_ITEM('',(#2051),#2049);
#2053=CARTESIAN_POINT('',(-1.895867416660E0,1.043370833017E-1,
-1.988345460750E0));
#2054=CARTESIAN_POINT('',(-1.896182185591E0,1.059109279550E-1,
-1.992435078348E0));
#2055=CARTESIAN_POINT('',(-1.896575144726E0,1.078757236304E-1,
-1.996319272146E0));
#2056=CARTESIAN_POINT('',(-1.897045548850E0,1.102277442495E-1,-2.E0));
#2058=CURVE_STYLE('',#48,POSITIVE_LENGTH_MEASURE(2.E-2),#41);
#2059=PRESENTATION_STYLE_ASSIGNMENT((#2058));
#2060=STYLED_ITEM('',(#2059),#2057);
#2061=DIRECTION('',(1.961161351382E-1,9.805806756909E-1,2.321816410437E-14));
#2062=VECTOR('',#2061,9.563400617160E-3);
#2063=CARTESIAN_POINT('',(-1.625E0,0.E0,-1.6E0));
#2064=LINE('',#2063,#2062);
#2065=CURVE_STYLE('',#48,POSITIVE_LENGTH_MEASURE(2.E-2),#41);
#2066=PRESENTATION_STYLE_ASSIGNMENT((#2065));
#2067=STYLED_ITEM('',(#2066),#2064);
#2068=DIRECTION('',(-1.E0,0.E0,0.E0));
#2069=VECTOR('',#2068,2.537510743356E-1);
#2070=CARTESIAN_POINT('',(-1.623124462832E0,9.377685839078E-3,-1.6E0));
#2071=LINE('',#2070,#2069);
#2072=CURVE_STYLE('',#48,POSITIVE_LENGTH_MEASURE(2.E-2),#41);
#2073=PRESENTATION_STYLE_ASSIGNMENT((#2072));
#2074=STYLED_ITEM('',(#2073),#2071);
#2075=DIRECTION('',(1.961161351382E-1,-9.805806756909E-1,-2.321816410437E-14));
#2076=VECTOR('',#2075,9.563400617160E-3);
#2077=CARTESIAN_POINT('',(-1.876875537168E0,9.377685839078E-3,-1.6E0));
#2078=LINE('',#2077,#2076);
#2079=CURVE_STYLE('',#48,POSITIVE_LENGTH_MEASURE(2.E-2),#41);
#2080=PRESENTATION_STYLE_ASSIGNMENT((#2079));
#2081=STYLED_ITEM('',(#2080),#2078);
#2082=CARTESIAN_POINT('',(-1.604132583340E0,1.043370833017E-1,
-1.988345460750E0));
#2083=CARTESIAN_POINT('',(-1.603817814409E0,1.059109279550E-1,
-1.992435078348E0));
#2084=CARTESIAN_POINT('',(-1.603424855274E0,1.078757236304E-1,
-1.996319272146E0));
#2085=CARTESIAN_POINT('',(-1.602954451150E0,1.102277442495E-1,-2.E0));
#2087=CURVE_STYLE('',#48,POSITIVE_LENGTH_MEASURE(2.E-2),#41);
#2088=PRESENTATION_STYLE_ASSIGNMENT((#2087));
#2089=STYLED_ITEM('',(#2088),#2086);
#2090=DIRECTION('',(-1.961161351382E-1,-9.805806756909E-1,0.E0));
#2091=VECTOR('',#2090,9.683996413214E-2);
#2092=CARTESIAN_POINT('',(-1.604132583340E0,1.043370833017E-1,
-1.988345460750E0));
#2093=LINE('',#2092,#2091);
#2094=CURVE_STYLE('',#48,POSITIVE_LENGTH_MEASURE(2.E-2),#41);
#2095=PRESENTATION_STYLE_ASSIGNMENT((#2094));
#2096=STYLED_ITEM('',(#2095),#2093);
#2097=DIRECTION('',(0.E0,0.E0,-1.E0));
#2098=VECTOR('',#2097,3.883454607504E-1);
#2099=CARTESIAN_POINT('',(-1.623124462832E0,9.377685839078E-3,-1.6E0));
#2100=LINE('',#2099,#2098);
#2101=CURVE_STYLE('',#48,POSITIVE_LENGTH_MEASURE(2.E-2),#41);
#2102=PRESENTATION_STYLE_ASSIGNMENT((#2101));
#2103=STYLED_ITEM('',(#2102),#2100);
#2104=DIRECTION('',(1.E0,0.E0,0.E0));
#2105=VECTOR('',#2104,2.917348333207E-1);
#2106=CARTESIAN_POINT('',(-1.895867416660E0,1.043370833017E-1,
-1.988345460750E0));
#2107=LINE('',#2106,#2105);
#2108=CURVE_STYLE('',#48,POSITIVE_LENGTH_MEASURE(2.E-2),#41);
#2109=PRESENTATION_STYLE_ASSIGNMENT((#2108));
#2110=STYLED_ITEM('',(#2109),#2107);
#2111=DIRECTION('',(1.E0,0.E0,0.E0));
#2112=VECTOR('',#2111,2.917348333207E-1);
#2113=CARTESIAN_POINT('',(-1.395867416660E0,1.043370833017E-1,
-1.988345460750E0));
#2114=LINE('',#2113,#2112);
#2115=CURVE_STYLE('',#48,POSITIVE_LENGTH_MEASURE(2.E-2),#41);
#2116=PRESENTATION_STYLE_ASSIGNMENT((#2115));
#2117=STYLED_ITEM('',(#2116),#2114);
#2118=DIRECTION('',(1.E0,0.E0,0.E0));
#2119=VECTOR('',#2118,2.917348333207E-1);
#2120=CARTESIAN_POINT('',(-8.958674166603E-1,1.043370833017E-1,
-1.988345460750E0));
#2121=LINE('',#2120,#2119);
#2122=CURVE_STYLE('',#48,POSITIVE_LENGTH_MEASURE(2.E-2),#41);
#2123=PRESENTATION_STYLE_ASSIGNMENT((#2122));
#2124=STYLED_ITEM('',(#2123),#2121);
#2125=DIRECTION('',(1.E0,0.E0,0.E0));
#2126=VECTOR('',#2125,2.917348333207E-1);
#2127=CARTESIAN_POINT('',(-3.958674166603E-1,1.043370833017E-1,
-1.988345460750E0));
#2128=LINE('',#2127,#2126);
#2129=CURVE_STYLE('',#48,POSITIVE_LENGTH_MEASURE(2.E-2),#41);
#2130=PRESENTATION_STYLE_ASSIGNMENT((#2129));
#2131=STYLED_ITEM('',(#2130),#2128);
#2132=DIRECTION('',(1.E0,0.E0,0.E0));
#2133=VECTOR('',#2132,2.917348333207E-1);
#2134=CARTESIAN_POINT('',(1.041325833397E-1,1.043370833017E-1,
-1.988345460750E0));
#2135=LINE('',#2134,#2133);
#2136=CURVE_STYLE('',#48,POSITIVE_LENGTH_MEASURE(2.E-2),#41);
#2137=PRESENTATION_STYLE_ASSIGNMENT((#2136));
#2138=STYLED_ITEM('',(#2137),#2135);
#2139=DIRECTION('',(1.E0,0.E0,0.E0));
#2140=VECTOR('',#2139,2.917348333207E-1);
#2141=CARTESIAN_POINT('',(6.041325833397E-1,1.043370833017E-1,
-1.988345460750E0));
#2142=LINE('',#2141,#2140);
#2143=CURVE_STYLE('',#48,POSITIVE_LENGTH_MEASURE(2.E-2),#41);
#2144=PRESENTATION_STYLE_ASSIGNMENT((#2143));
#2145=STYLED_ITEM('',(#2144),#2142);
#2146=DIRECTION('',(1.E0,0.E0,0.E0));
#2147=VECTOR('',#2146,2.917348333207E-1);
#2148=CARTESIAN_POINT('',(1.104132583340E0,1.043370833017E-1,
-1.988345460750E0));
#2149=LINE('',#2148,#2147);
#2150=CURVE_STYLE('',#48,POSITIVE_LENGTH_MEASURE(2.E-2),#41);
#2151=PRESENTATION_STYLE_ASSIGNMENT((#2150));
#2152=STYLED_ITEM('',(#2151),#2149);
#2153=DIRECTION('',(1.E0,0.E0,0.E0));
#2154=VECTOR('',#2153,2.917348333207E-1);
#2155=CARTESIAN_POINT('',(1.604132583340E0,1.043370833017E-1,
-1.988345460750E0));
#2156=LINE('',#2155,#2154);
#2157=CURVE_STYLE('',#48,POSITIVE_LENGTH_MEASURE(2.E-2),#41);
#2158=PRESENTATION_STYLE_ASSIGNMENT((#2157));
#2159=STYLED_ITEM('',(#2158),#2156);
#2160=DIRECTION('',(1.E0,0.E0,0.E0));
#2161=VECTOR('',#2160,2.537510743356E-1);
#2162=CARTESIAN_POINT('',(1.623124462832E0,9.377685839078E-3,
-1.988345460750E0));
#2163=LINE('',#2162,#2161);
#2164=CURVE_STYLE('',#48,POSITIVE_LENGTH_MEASURE(2.E-2),#41);
#2165=PRESENTATION_STYLE_ASSIGNMENT((#2164));
#2166=STYLED_ITEM('',(#2165),#2163);
#2167=DIRECTION('',(1.E0,0.E0,0.E0));
#2168=VECTOR('',#2167,2.537510743356E-1);
#2169=CARTESIAN_POINT('',(1.123124462832E0,9.377685839078E-3,
-1.988345460750E0));
#2170=LINE('',#2169,#2168);
#2171=CURVE_STYLE('',#48,POSITIVE_LENGTH_MEASURE(2.E-2),#41);
#2172=PRESENTATION_STYLE_ASSIGNMENT((#2171));
#2173=STYLED_ITEM('',(#2172),#2170);
#2174=DIRECTION('',(1.E0,0.E0,0.E0));
#2175=VECTOR('',#2174,2.537510743356E-1);
#2176=CARTESIAN_POINT('',(6.231244628322E-1,9.377685839078E-3,
-1.988345460750E0));
#2177=LINE('',#2176,#2175);
#2178=CURVE_STYLE('',#48,POSITIVE_LENGTH_MEASURE(2.E-2),#41);
#2179=PRESENTATION_STYLE_ASSIGNMENT((#2178));
#2180=STYLED_ITEM('',(#2179),#2177);
#2181=DIRECTION('',(1.E0,0.E0,0.E0));
#2182=VECTOR('',#2181,2.537510743356E-1);
#2183=CARTESIAN_POINT('',(1.231244628322E-1,9.377685839078E-3,
-1.988345460750E0));
#2184=LINE('',#2183,#2182);
#2185=CURVE_STYLE('',#48,POSITIVE_LENGTH_MEASURE(2.E-2),#41);
#2186=PRESENTATION_STYLE_ASSIGNMENT((#2185));
#2187=STYLED_ITEM('',(#2186),#2184);
#2188=DIRECTION('',(1.E0,0.E0,0.E0));
#2189=VECTOR('',#2188,2.537510743356E-1);
#2190=CARTESIAN_POINT('',(-3.768755371678E-1,9.377685839078E-3,
-1.988345460750E0));
#2191=LINE('',#2190,#2189);
#2192=CURVE_STYLE('',#48,POSITIVE_LENGTH_MEASURE(2.E-2),#41);
#2193=PRESENTATION_STYLE_ASSIGNMENT((#2192));
#2194=STYLED_ITEM('',(#2193),#2191);
#2195=DIRECTION('',(1.E0,0.E0,0.E0));
#2196=VECTOR('',#2195,2.537510743356E-1);
#2197=CARTESIAN_POINT('',(-8.768755371678E-1,9.377685839078E-3,
-1.988345460750E0));
#2198=LINE('',#2197,#2196);
#2199=CURVE_STYLE('',#48,POSITIVE_LENGTH_MEASURE(2.E-2),#41);
#2200=PRESENTATION_STYLE_ASSIGNMENT((#2199));
#2201=STYLED_ITEM('',(#2200),#2198);
#2202=DIRECTION('',(1.E0,0.E0,0.E0));
#2203=VECTOR('',#2202,2.537510743356E-1);
#2204=CARTESIAN_POINT('',(-1.376875537168E0,9.377685839078E-3,
-1.988345460750E0));
#2205=LINE('',#2204,#2203);
#2206=CURVE_STYLE('',#48,POSITIVE_LENGTH_MEASURE(2.E-2),#41);
#2207=PRESENTATION_STYLE_ASSIGNMENT((#2206));
#2208=STYLED_ITEM('',(#2207),#2205);
#2209=DIRECTION('',(1.E0,0.E0,0.E0));
#2210=VECTOR('',#2209,2.537510743356E-1);
#2211=CARTESIAN_POINT('',(-1.876875537168E0,9.377685839078E-3,
-1.988345460750E0));
#2212=LINE('',#2211,#2210);
#2213=CURVE_STYLE('',#48,POSITIVE_LENGTH_MEASURE(2.E-2),#41);
#2214=PRESENTATION_STYLE_ASSIGNMENT((#2213));
#2215=STYLED_ITEM('',(#2214),#2212);
#2216=DIRECTION('',(0.E0,0.E0,-1.E0));
#2217=VECTOR('',#2216,3.883454607504E-1);
#2218=CARTESIAN_POINT('',(1.623124462832E0,9.377685839078E-3,-1.6E0));
#2219=LINE('',#2218,#2217);
#2220=CURVE_STYLE('',#48,POSITIVE_LENGTH_MEASURE(2.E-2),#41);
#2221=PRESENTATION_STYLE_ASSIGNMENT((#2220));
#2222=STYLED_ITEM('',(#2221),#2219);
#2223=DIRECTION('',(1.961161351382E-1,-9.805806756909E-1,0.E0));
#2224=VECTOR('',#2223,9.683996413214E-2);
#2225=CARTESIAN_POINT('',(1.604132583340E0,1.043370833017E-1,
-1.988345460750E0));
#2226=LINE('',#2225,#2224);
#2227=CURVE_STYLE('',#48,POSITIVE_LENGTH_MEASURE(2.E-2),#41);
#2228=PRESENTATION_STYLE_ASSIGNMENT((#2227));
#2229=STYLED_ITEM('',(#2228),#2226);
#2230=CARTESIAN_POINT('',(1.604132583340E0,1.043370833017E-1,
-1.988345460750E0));
#2231=CARTESIAN_POINT('',(1.603817814409E0,1.059109279550E-1,
-1.992435078348E0));
#2232=CARTESIAN_POINT('',(1.603424855274E0,1.078757236304E-1,
-1.996319272146E0));
#2233=CARTESIAN_POINT('',(1.602954451150E0,1.102277442495E-1,-2.E0));
#2235=CURVE_STYLE('',#48,POSITIVE_LENGTH_MEASURE(2.E-2),#41);
#2236=PRESENTATION_STYLE_ASSIGNMENT((#2235));
#2237=STYLED_ITEM('',(#2236),#2234);
#2238=CARTESIAN_POINT('',(1.395867416660E0,1.043370833017E-1,
-1.988345460750E0));
#2239=CARTESIAN_POINT('',(1.396182185591E0,1.059109279550E-1,
-1.992435078348E0));
#2240=CARTESIAN_POINT('',(1.396575144726E0,1.078757236304E-1,
-1.996319272146E0));
#2241=CARTESIAN_POINT('',(1.397045548850E0,1.102277442495E-1,-2.E0));
#2243=CURVE_STYLE('',#48,POSITIVE_LENGTH_MEASURE(2.E-2),#41);
#2244=PRESENTATION_STYLE_ASSIGNMENT((#2243));
#2245=STYLED_ITEM('',(#2244),#2242);
#2246=DIRECTION('',(-1.961161351382E-1,-9.805806756909E-1,0.E0));
#2247=VECTOR('',#2246,9.683996413214E-2);
#2248=CARTESIAN_POINT('',(1.395867416660E0,1.043370833017E-1,
-1.988345460750E0));
#2249=LINE('',#2248,#2247);
#2250=CURVE_STYLE('',#48,POSITIVE_LENGTH_MEASURE(2.E-2),#41);
#2251=PRESENTATION_STYLE_ASSIGNMENT((#2250));
#2252=STYLED_ITEM('',(#2251),#2249);
#2253=DIRECTION('',(0.E0,0.E0,-1.E0));
#2254=VECTOR('',#2253,3.883454607504E-1);
#2255=CARTESIAN_POINT('',(1.376875537168E0,9.377685839078E-3,-1.6E0));
#2256=LINE('',#2255,#2254);
#2257=CURVE_STYLE('',#48,POSITIVE_LENGTH_MEASURE(2.E-2),#41);
#2258=PRESENTATION_STYLE_ASSIGNMENT((#2257));
#2259=STYLED_ITEM('',(#2258),#2256);
#2260=DIRECTION('',(1.961161351382E-1,9.805806756909E-1,2.321816410437E-14));
#2261=VECTOR('',#2260,9.563400617160E-3);
#2262=CARTESIAN_POINT('',(1.375E0,0.E0,-1.6E0));
#2263=LINE('',#2262,#2261);
#2264=CURVE_STYLE('',#48,POSITIVE_LENGTH_MEASURE(2.E-2),#41);
#2265=PRESENTATION_STYLE_ASSIGNMENT((#2264));
#2266=STYLED_ITEM('',(#2265),#2263);
#2267=DIRECTION('',(-1.E0,0.E0,0.E0));
#2268=VECTOR('',#2267,2.537510743356E-1);
#2269=CARTESIAN_POINT('',(1.376875537168E0,9.377685839078E-3,-1.6E0));
#2270=LINE('',#2269,#2268);
#2271=CURVE_STYLE('',#48,POSITIVE_LENGTH_MEASURE(2.E-2),#41);
#2272=PRESENTATION_STYLE_ASSIGNMENT((#2271));
#2273=STYLED_ITEM('',(#2272),#2270);
#2274=DIRECTION('',(1.961161351382E-1,-9.805806756909E-1,-2.321816410437E-14));
#2275=VECTOR('',#2274,9.563400617160E-3);
#2276=CARTESIAN_POINT('',(1.123124462832E0,9.377685839078E-3,-1.6E0));
#2277=LINE('',#2276,#2275);
#2278=CURVE_STYLE('',#48,POSITIVE_LENGTH_MEASURE(2.E-2),#41);
#2279=PRESENTATION_STYLE_ASSIGNMENT((#2278));
#2280=STYLED_ITEM('',(#2279),#2277);
#2281=DIRECTION('',(0.E0,0.E0,-1.E0));
#2282=VECTOR('',#2281,3.883454607504E-1);
#2283=CARTESIAN_POINT('',(1.123124462832E0,9.377685839078E-3,-1.6E0));
#2284=LINE('',#2283,#2282);
#2285=CURVE_STYLE('',#48,POSITIVE_LENGTH_MEASURE(2.E-2),#41);
#2286=PRESENTATION_STYLE_ASSIGNMENT((#2285));
#2287=STYLED_ITEM('',(#2286),#2284);
#2288=DIRECTION('',(1.961161351382E-1,-9.805806756909E-1,0.E0));
#2289=VECTOR('',#2288,9.683996413214E-2);
#2290=CARTESIAN_POINT('',(1.104132583340E0,1.043370833017E-1,
-1.988345460750E0));
#2291=LINE('',#2290,#2289);
#2292=CURVE_STYLE('',#48,POSITIVE_LENGTH_MEASURE(2.E-2),#41);
#2293=PRESENTATION_STYLE_ASSIGNMENT((#2292));
#2294=STYLED_ITEM('',(#2293),#2291);
#2295=CARTESIAN_POINT('',(1.104132583340E0,1.043370833017E-1,
-1.988345460750E0));
#2296=CARTESIAN_POINT('',(1.103817814409E0,1.059109279550E-1,
-1.992435078348E0));
#2297=CARTESIAN_POINT('',(1.103424855274E0,1.078757236304E-1,
-1.996319272146E0));
#2298=CARTESIAN_POINT('',(1.102954451150E0,1.102277442495E-1,-2.E0));
#2300=CURVE_STYLE('',#48,POSITIVE_LENGTH_MEASURE(2.E-2),#41);
#2301=PRESENTATION_STYLE_ASSIGNMENT((#2300));
#2302=STYLED_ITEM('',(#2301),#2299);
#2303=CARTESIAN_POINT('',(8.958674166603E-1,1.043370833017E-1,
-1.988345460750E0));
#2304=CARTESIAN_POINT('',(8.961821855910E-1,1.059109279550E-1,
-1.992435078348E0));
#2305=CARTESIAN_POINT('',(8.965751447261E-1,1.078757236304E-1,
-1.996319272146E0));
#2306=CARTESIAN_POINT('',(8.970455488499E-1,1.102277442495E-1,-2.E0));
#2308=CURVE_STYLE('',#48,POSITIVE_LENGTH_MEASURE(2.E-2),#41);
#2309=PRESENTATION_STYLE_ASSIGNMENT((#2308));
#2310=STYLED_ITEM('',(#2309),#2307);
#2311=DIRECTION('',(-1.961161351382E-1,-9.805806756909E-1,0.E0));
#2312=VECTOR('',#2311,9.683996413214E-2);
#2313=CARTESIAN_POINT('',(8.958674166603E-1,1.043370833017E-1,
-1.988345460750E0));
#2314=LINE('',#2313,#2312);
#2315=CURVE_STYLE('',#48,POSITIVE_LENGTH_MEASURE(2.E-2),#41);
#2316=PRESENTATION_STYLE_ASSIGNMENT((#2315));
#2317=STYLED_ITEM('',(#2316),#2314);
#2318=DIRECTION('',(0.E0,0.E0,-1.E0));
#2319=VECTOR('',#2318,3.883454607504E-1);
#2320=CARTESIAN_POINT('',(8.768755371678E-1,9.377685839078E-3,-1.6E0));
#2321=LINE('',#2320,#2319);
#2322=CURVE_STYLE('',#48,POSITIVE_LENGTH_MEASURE(2.E-2),#41);
#2323=PRESENTATION_STYLE_ASSIGNMENT((#2322));
#2324=STYLED_ITEM('',(#2323),#2321);
#2325=DIRECTION('',(1.961161351382E-1,9.805806756909E-1,2.321816410437E-14));
#2326=VECTOR('',#2325,9.563400617160E-3);
#2327=CARTESIAN_POINT('',(8.75E-1,0.E0,-1.6E0));
#2328=LINE('',#2327,#2326);
#2329=CURVE_STYLE('',#48,POSITIVE_LENGTH_MEASURE(2.E-2),#41);
#2330=PRESENTATION_STYLE_ASSIGNMENT((#2329));
#2331=STYLED_ITEM('',(#2330),#2328);
#2332=DIRECTION('',(-1.E0,0.E0,0.E0));
#2333=VECTOR('',#2332,2.537510743356E-1);
#2334=CARTESIAN_POINT('',(8.768755371678E-1,9.377685839078E-3,-1.6E0));
#2335=LINE('',#2334,#2333);
#2336=CURVE_STYLE('',#48,POSITIVE_LENGTH_MEASURE(2.E-2),#41);
#2337=PRESENTATION_STYLE_ASSIGNMENT((#2336));
#2338=STYLED_ITEM('',(#2337),#2335);
#2339=DIRECTION('',(1.961161351382E-1,-9.805806756909E-1,-2.321816410437E-14));
#2340=VECTOR('',#2339,9.563400617160E-3);
#2341=CARTESIAN_POINT('',(6.231244628322E-1,9.377685839078E-3,-1.6E0));
#2342=LINE('',#2341,#2340);
#2343=CURVE_STYLE('',#48,POSITIVE_LENGTH_MEASURE(2.E-2),#41);
#2344=PRESENTATION_STYLE_ASSIGNMENT((#2343));
#2345=STYLED_ITEM('',(#2344),#2342);
#2346=DIRECTION('',(0.E0,0.E0,-1.E0));
#2347=VECTOR('',#2346,3.883454607504E-1);
#2348=CARTESIAN_POINT('',(6.231244628322E-1,9.377685839078E-3,-1.6E0));
#2349=LINE('',#2348,#2347);
#2350=CURVE_STYLE('',#48,POSITIVE_LENGTH_MEASURE(2.E-2),#41);
#2351=PRESENTATION_STYLE_ASSIGNMENT((#2350));
#2352=STYLED_ITEM('',(#2351),#2349);
#2353=DIRECTION('',(1.961161351382E-1,-9.805806756909E-1,0.E0));
#2354=VECTOR('',#2353,9.683996413214E-2);
#2355=CARTESIAN_POINT('',(6.041325833397E-1,1.043370833017E-1,
-1.988345460750E0));
#2356=LINE('',#2355,#2354);
#2357=CURVE_STYLE('',#48,POSITIVE_LENGTH_MEASURE(2.E-2),#41);
#2358=PRESENTATION_STYLE_ASSIGNMENT((#2357));
#2359=STYLED_ITEM('',(#2358),#2356);
#2360=CARTESIAN_POINT('',(6.041325833397E-1,1.043370833017E-1,
-1.988345460750E0));
#2361=CARTESIAN_POINT('',(6.038178144090E-1,1.059109279550E-1,
-1.992435078348E0));
#2362=CARTESIAN_POINT('',(6.034248552739E-1,1.078757236304E-1,
-1.996319272146E0));
#2363=CARTESIAN_POINT('',(6.029544511501E-1,1.102277442495E-1,-2.E0));
#2365=CURVE_STYLE('',#48,POSITIVE_LENGTH_MEASURE(2.E-2),#41);
#2366=PRESENTATION_STYLE_ASSIGNMENT((#2365));
#2367=STYLED_ITEM('',(#2366),#2364);
#2368=CARTESIAN_POINT('',(3.958674166603E-1,1.043370833017E-1,
-1.988345460750E0));
#2369=CARTESIAN_POINT('',(3.961821855910E-1,1.059109279550E-1,
-1.992435078348E0));
#2370=CARTESIAN_POINT('',(3.965751447261E-1,1.078757236304E-1,
-1.996319272146E0));
#2371=CARTESIAN_POINT('',(3.970455488499E-1,1.102277442495E-1,-2.E0));
#2373=CURVE_STYLE('',#48,POSITIVE_LENGTH_MEASURE(2.E-2),#41);
#2374=PRESENTATION_STYLE_ASSIGNMENT((#2373));
#2375=STYLED_ITEM('',(#2374),#2372);
#2376=DIRECTION('',(-1.961161351382E-1,-9.805806756909E-1,0.E0));
#2377=VECTOR('',#2376,9.683996413214E-2);
#2378=CARTESIAN_POINT('',(3.958674166603E-1,1.043370833017E-1,
-1.988345460750E0));
#2379=LINE('',#2378,#2377);
#2380=CURVE_STYLE('',#48,POSITIVE_LENGTH_MEASURE(2.E-2),#41);
#2381=PRESENTATION_STYLE_ASSIGNMENT((#2380));
#2382=STYLED_ITEM('',(#2381),#2379);
#2383=DIRECTION('',(0.E0,0.E0,-1.E0));
#2384=VECTOR('',#2383,3.883454607504E-1);
#2385=CARTESIAN_POINT('',(3.768755371678E-1,9.377685839078E-3,-1.6E0));
#2386=LINE('',#2385,#2384);
#2387=CURVE_STYLE('',#48,POSITIVE_LENGTH_MEASURE(2.E-2),#41);
#2388=PRESENTATION_STYLE_ASSIGNMENT((#2387));
#2389=STYLED_ITEM('',(#2388),#2386);
#2390=DIRECTION('',(1.961161351382E-1,9.805806756909E-1,2.321816410437E-14));
#2391=VECTOR('',#2390,9.563400617160E-3);
#2392=CARTESIAN_POINT('',(3.75E-1,0.E0,-1.6E0));
#2393=LINE('',#2392,#2391);
#2394=CURVE_STYLE('',#48,POSITIVE_LENGTH_MEASURE(2.E-2),#41);
#2395=PRESENTATION_STYLE_ASSIGNMENT((#2394));
#2396=STYLED_ITEM('',(#2395),#2393);
#2397=DIRECTION('',(-1.E0,0.E0,0.E0));
#2398=VECTOR('',#2397,2.537510743356E-1);
#2399=CARTESIAN_POINT('',(3.768755371678E-1,9.377685839078E-3,-1.6E0));
#2400=LINE('',#2399,#2398);
#2401=CURVE_STYLE('',#48,POSITIVE_LENGTH_MEASURE(2.E-2),#41);
#2402=PRESENTATION_STYLE_ASSIGNMENT((#2401));
#2403=STYLED_ITEM('',(#2402),#2400);
#2404=DIRECTION('',(1.961161351382E-1,-9.805806756909E-1,-2.321816410437E-14));
#2405=VECTOR('',#2404,9.563400617160E-3);
#2406=CARTESIAN_POINT('',(1.231244628322E-1,9.377685839078E-3,-1.6E0));
#2407=LINE('',#2406,#2405);
#2408=CURVE_STYLE('',#48,POSITIVE_LENGTH_MEASURE(2.E-2),#41);
#2409=PRESENTATION_STYLE_ASSIGNMENT((#2408));
#2410=STYLED_ITEM('',(#2409),#2407);
#2411=DIRECTION('',(0.E0,0.E0,-1.E0));
#2412=VECTOR('',#2411,3.883454607504E-1);
#2413=CARTESIAN_POINT('',(1.231244628322E-1,9.377685839078E-3,-1.6E0));
#2414=LINE('',#2413,#2412);
#2415=CURVE_STYLE('',#48,POSITIVE_LENGTH_MEASURE(2.E-2),#41);
#2416=PRESENTATION_STYLE_ASSIGNMENT((#2415));
#2417=STYLED_ITEM('',(#2416),#2414);
#2418=DIRECTION('',(1.961161351382E-1,-9.805806756909E-1,0.E0));
#2419=VECTOR('',#2418,9.683996413214E-2);
#2420=CARTESIAN_POINT('',(1.041325833397E-1,1.043370833017E-1,
-1.988345460750E0));
#2421=LINE('',#2420,#2419);
#2422=CURVE_STYLE('',#48,POSITIVE_LENGTH_MEASURE(2.E-2),#41);
#2423=PRESENTATION_STYLE_ASSIGNMENT((#2422));
#2424=STYLED_ITEM('',(#2423),#2421);
#2425=CARTESIAN_POINT('',(1.041325833397E-1,1.043370833017E-1,
-1.988345460750E0));
#2426=CARTESIAN_POINT('',(1.038178144090E-1,1.059109279550E-1,
-1.992435078348E0));
#2427=CARTESIAN_POINT('',(1.034248552739E-1,1.078757236304E-1,
-1.996319272146E0));
#2428=CARTESIAN_POINT('',(1.029544511501E-1,1.102277442495E-1,-2.E0));
#2430=CURVE_STYLE('',#48,POSITIVE_LENGTH_MEASURE(2.E-2),#41);
#2431=PRESENTATION_STYLE_ASSIGNMENT((#2430));
#2432=STYLED_ITEM('',(#2431),#2429);
#2433=CARTESIAN_POINT('',(-1.041325833397E-1,1.043370833017E-1,
-1.988345460750E0));
#2434=CARTESIAN_POINT('',(-1.038178144090E-1,1.059109279550E-1,
-1.992435078348E0));
#2435=CARTESIAN_POINT('',(-1.034248552739E-1,1.078757236304E-1,
-1.996319272146E0));
#2436=CARTESIAN_POINT('',(-1.029544511501E-1,1.102277442495E-1,-2.E0));
#2438=CURVE_STYLE('',#48,POSITIVE_LENGTH_MEASURE(2.E-2),#41);
#2439=PRESENTATION_STYLE_ASSIGNMENT((#2438));
#2440=STYLED_ITEM('',(#2439),#2437);
#2441=DIRECTION('',(-1.961161351382E-1,-9.805806756909E-1,0.E0));
#2442=VECTOR('',#2441,9.683996413214E-2);
#2443=CARTESIAN_POINT('',(-1.041325833397E-1,1.043370833017E-1,
-1.988345460750E0));
#2444=LINE('',#2443,#2442);
#2445=CURVE_STYLE('',#48,POSITIVE_LENGTH_MEASURE(2.E-2),#41);
#2446=PRESENTATION_STYLE_ASSIGNMENT((#2445));
#2447=STYLED_ITEM('',(#2446),#2444);
#2448=DIRECTION('',(0.E0,0.E0,-1.E0));
#2449=VECTOR('',#2448,3.883454607504E-1);
#2450=CARTESIAN_POINT('',(-1.231244628322E-1,9.377685839078E-3,-1.6E0));
#2451=LINE('',#2450,#2449);
#2452=CURVE_STYLE('',#48,POSITIVE_LENGTH_MEASURE(2.E-2),#41);
#2453=PRESENTATION_STYLE_ASSIGNMENT((#2452));
#2454=STYLED_ITEM('',(#2453),#2451);
#2455=DIRECTION('',(1.961161351382E-1,9.805806756909E-1,2.321816410437E-14));
#2456=VECTOR('',#2455,9.563400617160E-3);
#2457=CARTESIAN_POINT('',(-1.25E-1,0.E0,-1.6E0));
#2458=LINE('',#2457,#2456);
#2459=CURVE_STYLE('',#48,POSITIVE_LENGTH_MEASURE(2.E-2),#41);
#2460=PRESENTATION_STYLE_ASSIGNMENT((#2459));
#2461=STYLED_ITEM('',(#2460),#2458);
#2462=DIRECTION('',(-1.E0,0.E0,0.E0));
#2463=VECTOR('',#2462,2.537510743356E-1);
#2464=CARTESIAN_POINT('',(-1.231244628322E-1,9.377685839078E-3,-1.6E0));
#2465=LINE('',#2464,#2463);
#2466=CURVE_STYLE('',#48,POSITIVE_LENGTH_MEASURE(2.E-2),#41);
#2467=PRESENTATION_STYLE_ASSIGNMENT((#2466));
#2468=STYLED_ITEM('',(#2467),#2465);
#2469=DIRECTION('',(1.961161351382E-1,-9.805806756909E-1,-2.321816410437E-14));
#2470=VECTOR('',#2469,9.563400617160E-3);
#2471=CARTESIAN_POINT('',(-3.768755371678E-1,9.377685839078E-3,-1.6E0));
#2472=LINE('',#2471,#2470);
#2473=CURVE_STYLE('',#48,POSITIVE_LENGTH_MEASURE(2.E-2),#41);
#2474=PRESENTATION_STYLE_ASSIGNMENT((#2473));
#2475=STYLED_ITEM('',(#2474),#2472);
#2476=DIRECTION('',(0.E0,0.E0,-1.E0));
#2477=VECTOR('',#2476,3.883454607504E-1);
#2478=CARTESIAN_POINT('',(-3.768755371678E-1,9.377685839078E-3,-1.6E0));
#2479=LINE('',#2478,#2477);
#2480=CURVE_STYLE('',#48,POSITIVE_LENGTH_MEASURE(2.E-2),#41);
#2481=PRESENTATION_STYLE_ASSIGNMENT((#2480));
#2482=STYLED_ITEM('',(#2481),#2479);
#2483=DIRECTION('',(1.961161351382E-1,-9.805806756909E-1,0.E0));
#2484=VECTOR('',#2483,9.683996413214E-2);
#2485=CARTESIAN_POINT('',(-3.958674166603E-1,1.043370833017E-1,
-1.988345460750E0));
#2486=LINE('',#2485,#2484);
#2487=CURVE_STYLE('',#48,POSITIVE_LENGTH_MEASURE(2.E-2),#41);
#2488=PRESENTATION_STYLE_ASSIGNMENT((#2487));
#2489=STYLED_ITEM('',(#2488),#2486);
#2490=CARTESIAN_POINT('',(-3.958674166603E-1,1.043370833017E-1,
-1.988345460750E0));
#2491=CARTESIAN_POINT('',(-3.961821855910E-1,1.059109279550E-1,
-1.992435078348E0));
#2492=CARTESIAN_POINT('',(-3.965751447261E-1,1.078757236304E-1,
-1.996319272146E0));
#2493=CARTESIAN_POINT('',(-3.970455488499E-1,1.102277442495E-1,-2.E0));
#2495=CURVE_STYLE('',#48,POSITIVE_LENGTH_MEASURE(2.E-2),#41);
#2496=PRESENTATION_STYLE_ASSIGNMENT((#2495));
#2497=STYLED_ITEM('',(#2496),#2494);
#2498=CARTESIAN_POINT('',(-6.041325833397E-1,1.043370833017E-1,
-1.988345460750E0));
#2499=CARTESIAN_POINT('',(-6.038178144090E-1,1.059109279550E-1,
-1.992435078348E0));
#2500=CARTESIAN_POINT('',(-6.034248552739E-1,1.078757236304E-1,
-1.996319272146E0));
#2501=CARTESIAN_POINT('',(-6.029544511501E-1,1.102277442495E-1,-2.E0));
#2503=CURVE_STYLE('',#48,POSITIVE_LENGTH_MEASURE(2.E-2),#41);
#2504=PRESENTATION_STYLE_ASSIGNMENT((#2503));
#2505=STYLED_ITEM('',(#2504),#2502);
#2506=DIRECTION('',(-1.961161351382E-1,-9.805806756909E-1,0.E0));
#2507=VECTOR('',#2506,9.683996413214E-2);
#2508=CARTESIAN_POINT('',(-6.041325833397E-1,1.043370833017E-1,
-1.988345460750E0));
#2509=LINE('',#2508,#2507);
#2510=CURVE_STYLE('',#48,POSITIVE_LENGTH_MEASURE(2.E-2),#41);
#2511=PRESENTATION_STYLE_ASSIGNMENT((#2510));
#2512=STYLED_ITEM('',(#2511),#2509);
#2513=DIRECTION('',(0.E0,0.E0,-1.E0));
#2514=VECTOR('',#2513,3.883454607504E-1);
#2515=CARTESIAN_POINT('',(-6.231244628322E-1,9.377685839078E-3,-1.6E0));
#2516=LINE('',#2515,#2514);
#2517=CURVE_STYLE('',#48,POSITIVE_LENGTH_MEASURE(2.E-2),#41);
#2518=PRESENTATION_STYLE_ASSIGNMENT((#2517));
#2519=STYLED_ITEM('',(#2518),#2516);
#2520=DIRECTION('',(1.961161351382E-1,9.805806756909E-1,2.321816410437E-14));
#2521=VECTOR('',#2520,9.563400617160E-3);
#2522=CARTESIAN_POINT('',(-6.25E-1,0.E0,-1.6E0));
#2523=LINE('',#2522,#2521);
#2524=CURVE_STYLE('',#48,POSITIVE_LENGTH_MEASURE(2.E-2),#41);
#2525=PRESENTATION_STYLE_ASSIGNMENT((#2524));
#2526=STYLED_ITEM('',(#2525),#2523);
#2527=DIRECTION('',(-1.E0,0.E0,0.E0));
#2528=VECTOR('',#2527,2.537510743356E-1);
#2529=CARTESIAN_POINT('',(-6.231244628322E-1,9.377685839078E-3,-1.6E0));
#2530=LINE('',#2529,#2528);
#2531=CURVE_STYLE('',#48,POSITIVE_LENGTH_MEASURE(2.E-2),#41);
#2532=PRESENTATION_STYLE_ASSIGNMENT((#2531));
#2533=STYLED_ITEM('',(#2532),#2530);
#2534=DIRECTION('',(1.961161351382E-1,-9.805806756909E-1,-2.321816410437E-14));
#2535=VECTOR('',#2534,9.563400617160E-3);
#2536=CARTESIAN_POINT('',(-8.768755371678E-1,9.377685839078E-3,-1.6E0));
#2537=LINE('',#2536,#2535);
#2538=CURVE_STYLE('',#48,POSITIVE_LENGTH_MEASURE(2.E-2),#41);
#2539=PRESENTATION_STYLE_ASSIGNMENT((#2538));
#2540=STYLED_ITEM('',(#2539),#2537);
#2541=DIRECTION('',(0.E0,0.E0,-1.E0));
#2542=VECTOR('',#2541,3.883454607504E-1);
#2543=CARTESIAN_POINT('',(-8.768755371678E-1,9.377685839078E-3,-1.6E0));
#2544=LINE('',#2543,#2542);
#2545=CURVE_STYLE('',#48,POSITIVE_LENGTH_MEASURE(2.E-2),#41);
#2546=PRESENTATION_STYLE_ASSIGNMENT((#2545));
#2547=STYLED_ITEM('',(#2546),#2544);
#2548=DIRECTION('',(1.961161351382E-1,-9.805806756909E-1,0.E0));
#2549=VECTOR('',#2548,9.683996413214E-2);
#2550=CARTESIAN_POINT('',(-8.958674166603E-1,1.043370833017E-1,
-1.988345460750E0));
#2551=LINE('',#2550,#2549);
#2552=CURVE_STYLE('',#48,POSITIVE_LENGTH_MEASURE(2.E-2),#41);
#2553=PRESENTATION_STYLE_ASSIGNMENT((#2552));
#2554=STYLED_ITEM('',(#2553),#2551);
#2555=CARTESIAN_POINT('',(-8.958674166603E-1,1.043370833017E-1,
-1.988345460750E0));
#2556=CARTESIAN_POINT('',(-8.961821855910E-1,1.059109279550E-1,
-1.992435078348E0));
#2557=CARTESIAN_POINT('',(-8.965751447261E-1,1.078757236304E-1,
-1.996319272146E0));
#2558=CARTESIAN_POINT('',(-8.970455488499E-1,1.102277442495E-1,-2.E0));
#2560=CURVE_STYLE('',#48,POSITIVE_LENGTH_MEASURE(2.E-2),#41);
#2561=PRESENTATION_STYLE_ASSIGNMENT((#2560));
#2562=STYLED_ITEM('',(#2561),#2559);
#2563=CARTESIAN_POINT('',(-1.104132583340E0,1.043370833017E-1,
-1.988345460750E0));
#2564=CARTESIAN_POINT('',(-1.103817814409E0,1.059109279550E-1,
-1.992435078348E0));
#2565=CARTESIAN_POINT('',(-1.103424855274E0,1.078757236304E-1,
-1.996319272146E0));
#2566=CARTESIAN_POINT('',(-1.102954451150E0,1.102277442495E-1,-2.E0));
#2568=CURVE_STYLE('',#48,POSITIVE_LENGTH_MEASURE(2.E-2),#41);
#2569=PRESENTATION_STYLE_ASSIGNMENT((#2568));
#2570=STYLED_ITEM('',(#2569),#2567);
#2571=DIRECTION('',(-1.961161351382E-1,-9.805806756909E-1,0.E0));
#2572=VECTOR('',#2571,9.683996413214E-2);
#2573=CARTESIAN_POINT('',(-1.104132583340E0,1.043370833017E-1,
-1.988345460750E0));
#2574=LINE('',#2573,#2572);
#2575=CURVE_STYLE('',#48,POSITIVE_LENGTH_MEASURE(2.E-2),#41);
#2576=PRESENTATION_STYLE_ASSIGNMENT((#2575));
#2577=STYLED_ITEM('',(#2576),#2574);
#2578=DIRECTION('',(0.E0,0.E0,-1.E0));
#2579=VECTOR('',#2578,3.883454607504E-1);
#2580=CARTESIAN_POINT('',(-1.123124462832E0,9.377685839078E-3,-1.6E0));
#2581=LINE('',#2580,#2579);
#2582=CURVE_STYLE('',#48,POSITIVE_LENGTH_MEASURE(2.E-2),#41);
#2583=PRESENTATION_STYLE_ASSIGNMENT((#2582));
#2584=STYLED_ITEM('',(#2583),#2581);
#2585=DIRECTION('',(1.961161351382E-1,9.805806756909E-1,2.321816410437E-14));
#2586=VECTOR('',#2585,9.563400617160E-3);
#2587=CARTESIAN_POINT('',(-1.125E0,0.E0,-1.6E0));
#2588=LINE('',#2587,#2586);
#2589=CURVE_STYLE('',#48,POSITIVE_LENGTH_MEASURE(2.E-2),#41);
#2590=PRESENTATION_STYLE_ASSIGNMENT((#2589));
#2591=STYLED_ITEM('',(#2590),#2588);
#2592=DIRECTION('',(-1.E0,0.E0,0.E0));
#2593=VECTOR('',#2592,2.537510743356E-1);
#2594=CARTESIAN_POINT('',(-1.123124462832E0,9.377685839078E-3,-1.6E0));
#2595=LINE('',#2594,#2593);
#2596=CURVE_STYLE('',#48,POSITIVE_LENGTH_MEASURE(2.E-2),#41);
#2597=PRESENTATION_STYLE_ASSIGNMENT((#2596));
#2598=STYLED_ITEM('',(#2597),#2595);
#2599=DIRECTION('',(1.961161351382E-1,-9.805806756909E-1,-2.321816410437E-14));
#2600=VECTOR('',#2599,9.563400617160E-3);
#2601=CARTESIAN_POINT('',(-1.376875537168E0,9.377685839078E-3,-1.6E0));
#2602=LINE('',#2601,#2600);
#2603=CURVE_STYLE('',#48,POSITIVE_LENGTH_MEASURE(2.E-2),#41);
#2604=PRESENTATION_STYLE_ASSIGNMENT((#2603));
#2605=STYLED_ITEM('',(#2604),#2602);
#2606=DIRECTION('',(0.E0,0.E0,-1.E0));
#2607=VECTOR('',#2606,3.883454607504E-1);
#2608=CARTESIAN_POINT('',(-1.376875537168E0,9.377685839078E-3,-1.6E0));
#2609=LINE('',#2608,#2607);
#2610=CURVE_STYLE('',#48,POSITIVE_LENGTH_MEASURE(2.E-2),#41);
#2611=PRESENTATION_STYLE_ASSIGNMENT((#2610));
#2612=STYLED_ITEM('',(#2611),#2609);
#2613=DIRECTION('',(1.961161351382E-1,-9.805806756909E-1,0.E0));
#2614=VECTOR('',#2613,9.683996413214E-2);
#2615=CARTESIAN_POINT('',(-1.395867416660E0,1.043370833017E-1,
-1.988345460750E0));
#2616=LINE('',#2615,#2614);
#2617=CURVE_STYLE('',#48,POSITIVE_LENGTH_MEASURE(2.E-2),#41);
#2618=PRESENTATION_STYLE_ASSIGNMENT((#2617));
#2619=STYLED_ITEM('',(#2618),#2616);
#2620=CARTESIAN_POINT('',(-1.395867416660E0,1.043370833017E-1,
-1.988345460750E0));
#2621=CARTESIAN_POINT('',(-1.396182185591E0,1.059109279550E-1,
-1.992435078348E0));
#2622=CARTESIAN_POINT('',(-1.396575144726E0,1.078757236304E-1,
-1.996319272146E0));
#2623=CARTESIAN_POINT('',(-1.397045548850E0,1.102277442495E-1,-2.E0));
#2625=CURVE_STYLE('',#48,POSITIVE_LENGTH_MEASURE(2.E-2),#41);
#2626=PRESENTATION_STYLE_ASSIGNMENT((#2625));
#2627=STYLED_ITEM('',(#2626),#2624);
#2628=CARTESIAN_POINT('',(-2.5E0,0.E0,-2.E0));
#2629=CARTESIAN_POINT('',(-2.5E0,0.E0,2.E0));
#2630=VERTEX_POINT('',#2628);
#2631=VERTEX_POINT('',#2629);
#2632=CARTESIAN_POINT('',(2.5E0,0.E0,2.E0));
#2633=CARTESIAN_POINT('',(2.5E0,0.E0,-2.E0));
#2634=VERTEX_POINT('',#2632);
#2635=VERTEX_POINT('',#2633);
#2636=CARTESIAN_POINT('',(-2.5E0,8.E-1,-2.E0));
#2637=CARTESIAN_POINT('',(-2.5E0,8.E-1,2.E0));
#2638=VERTEX_POINT('',#2636);
#2639=VERTEX_POINT('',#2637);
#2640=CARTESIAN_POINT('',(2.5E0,8.E-1,2.E0));
#2641=VERTEX_POINT('',#2640);
#2642=CARTESIAN_POINT('',(2.5E0,8.E-1,-2.E0));
#2643=VERTEX_POINT('',#2642);
#2644=CARTESIAN_POINT('',(1.748578643763E0,0.E0,-1.3E0));
#2645=CARTESIAN_POINT('',(-2.E0,0.E0,-1.3E0));
#2646=VERTEX_POINT('',#2644);
#2647=VERTEX_POINT('',#2645);
#2648=CARTESIAN_POINT('',(-2.E0,0.E0,1.3E0));
#2649=VERTEX_POINT('',#2648);
#2650=CARTESIAN_POINT('',(2.E0,0.E0,1.3E0));
#2651=VERTEX_POINT('',#2650);
#2652=CARTESIAN_POINT('',(2.E0,0.E0,-1.048578643763E0));
#2653=VERTEX_POINT('',#2652);
#2654=CARTESIAN_POINT('',(1.875E0,0.E0,-1.6E0));
#2655=CARTESIAN_POINT('',(1.625E0,0.E0,-1.6E0));
#2656=VERTEX_POINT('',#2654);
#2657=VERTEX_POINT('',#2655);
#2658=CARTESIAN_POINT('',(1.875E0,0.E0,-2.E0));
#2659=VERTEX_POINT('',#2658);
#2660=CARTESIAN_POINT('',(1.625E0,0.E0,-2.E0));
#2661=VERTEX_POINT('',#2660);
#2662=CARTESIAN_POINT('',(1.375E0,0.E0,-1.6E0));
#2663=CARTESIAN_POINT('',(1.125E0,0.E0,-1.6E0));
#2664=VERTEX_POINT('',#2662);
#2665=VERTEX_POINT('',#2663);
#2666=CARTESIAN_POINT('',(1.375E0,0.E0,-2.E0));
#2667=VERTEX_POINT('',#2666);
#2668=CARTESIAN_POINT('',(1.125E0,0.E0,-2.E0));
#2669=VERTEX_POINT('',#2668);
#2670=CARTESIAN_POINT('',(8.75E-1,0.E0,-1.6E0));
#2671=CARTESIAN_POINT('',(6.25E-1,0.E0,-1.6E0));
#2672=VERTEX_POINT('',#2670);
#2673=VERTEX_POINT('',#2671);
#2674=CARTESIAN_POINT('',(8.75E-1,0.E0,-2.E0));
#2675=VERTEX_POINT('',#2674);
#2676=CARTESIAN_POINT('',(6.25E-1,0.E0,-2.E0));
#2677=VERTEX_POINT('',#2676);
#2678=CARTESIAN_POINT('',(3.75E-1,0.E0,-1.6E0));
#2679=CARTESIAN_POINT('',(1.25E-1,0.E0,-1.6E0));
#2680=VERTEX_POINT('',#2678);
#2681=VERTEX_POINT('',#2679);
#2682=CARTESIAN_POINT('',(3.75E-1,0.E0,-2.E0));
#2683=VERTEX_POINT('',#2682);
#2684=CARTESIAN_POINT('',(1.25E-1,0.E0,-2.E0));
#2685=VERTEX_POINT('',#2684);
#2686=CARTESIAN_POINT('',(-1.25E-1,0.E0,-1.6E0));
#2687=CARTESIAN_POINT('',(-3.75E-1,0.E0,-1.6E0));
#2688=VERTEX_POINT('',#2686);
#2689=VERTEX_POINT('',#2687);
#2690=CARTESIAN_POINT('',(-1.25E-1,0.E0,-2.E0));
#2691=VERTEX_POINT('',#2690);
#2692=CARTESIAN_POINT('',(-3.75E-1,0.E0,-2.E0));
#2693=VERTEX_POINT('',#2692);
#2694=CARTESIAN_POINT('',(-6.25E-1,0.E0,-1.6E0));
#2695=CARTESIAN_POINT('',(-8.75E-1,0.E0,-1.6E0));
#2696=VERTEX_POINT('',#2694);
#2697=VERTEX_POINT('',#2695);
#2698=CARTESIAN_POINT('',(-6.25E-1,0.E0,-2.E0));
#2699=VERTEX_POINT('',#2698);
#2700=CARTESIAN_POINT('',(-8.75E-1,0.E0,-2.E0));
#2701=VERTEX_POINT('',#2700);
#2702=CARTESIAN_POINT('',(-1.125E0,0.E0,-1.6E0));
#2703=CARTESIAN_POINT('',(-1.375E0,0.E0,-1.6E0));
#2704=VERTEX_POINT('',#2702);
#2705=VERTEX_POINT('',#2703);
#2706=CARTESIAN_POINT('',(-1.125E0,0.E0,-2.E0));
#2707=VERTEX_POINT('',#2706);
#2708=CARTESIAN_POINT('',(-1.375E0,0.E0,-2.E0));
#2709=VERTEX_POINT('',#2708);
#2710=CARTESIAN_POINT('',(-1.625E0,0.E0,-1.6E0));
#2711=CARTESIAN_POINT('',(-1.875E0,0.E0,-1.6E0));
#2712=VERTEX_POINT('',#2710);
#2713=VERTEX_POINT('',#2711);
#2714=CARTESIAN_POINT('',(-1.625E0,0.E0,-2.E0));
#2715=VERTEX_POINT('',#2714);
#2716=CARTESIAN_POINT('',(-1.875E0,0.E0,-2.E0));
#2717=VERTEX_POINT('',#2716);
#2718=CARTESIAN_POINT('',(1.875E0,0.E0,1.6E0));
#2719=CARTESIAN_POINT('',(1.625E0,0.E0,1.6E0));
#2720=VERTEX_POINT('',#2718);
#2721=VERTEX_POINT('',#2719);
#2722=CARTESIAN_POINT('',(1.875E0,0.E0,2.E0));
#2723=VERTEX_POINT('',#2722);
#2724=CARTESIAN_POINT('',(1.625E0,0.E0,2.E0));
#2725=VERTEX_POINT('',#2724);
#2726=CARTESIAN_POINT('',(1.375E0,0.E0,1.6E0));
#2727=CARTESIAN_POINT('',(1.125E0,0.E0,1.6E0));
#2728=VERTEX_POINT('',#2726);
#2729=VERTEX_POINT('',#2727);
#2730=CARTESIAN_POINT('',(1.375E0,0.E0,2.E0));
#2731=VERTEX_POINT('',#2730);
#2732=CARTESIAN_POINT('',(1.125E0,0.E0,2.E0));
#2733=VERTEX_POINT('',#2732);
#2734=CARTESIAN_POINT('',(8.75E-1,0.E0,1.6E0));
#2735=CARTESIAN_POINT('',(6.25E-1,0.E0,1.6E0));
#2736=VERTEX_POINT('',#2734);
#2737=VERTEX_POINT('',#2735);
#2738=CARTESIAN_POINT('',(8.75E-1,0.E0,2.E0));
#2739=VERTEX_POINT('',#2738);
#2740=CARTESIAN_POINT('',(6.25E-1,0.E0,2.E0));
#2741=VERTEX_POINT('',#2740);
#2742=CARTESIAN_POINT('',(3.75E-1,0.E0,1.6E0));
#2743=CARTESIAN_POINT('',(1.25E-1,0.E0,1.6E0));
#2744=VERTEX_POINT('',#2742);
#2745=VERTEX_POINT('',#2743);
#2746=CARTESIAN_POINT('',(3.75E-1,0.E0,2.E0));
#2747=VERTEX_POINT('',#2746);
#2748=CARTESIAN_POINT('',(1.25E-1,0.E0,2.E0));
#2749=VERTEX_POINT('',#2748);
#2750=CARTESIAN_POINT('',(-1.25E-1,0.E0,1.6E0));
#2751=CARTESIAN_POINT('',(-3.75E-1,0.E0,1.6E0));
#2752=VERTEX_POINT('',#2750);
#2753=VERTEX_POINT('',#2751);
#2754=CARTESIAN_POINT('',(-1.25E-1,0.E0,2.E0));
#2755=VERTEX_POINT('',#2754);
#2756=CARTESIAN_POINT('',(-3.75E-1,0.E0,2.E0));
#2757=VERTEX_POINT('',#2756);
#2758=CARTESIAN_POINT('',(-6.25E-1,0.E0,1.6E0));
#2759=CARTESIAN_POINT('',(-8.75E-1,0.E0,1.6E0));
#2760=VERTEX_POINT('',#2758);
#2761=VERTEX_POINT('',#2759);
#2762=CARTESIAN_POINT('',(-6.25E-1,0.E0,2.E0));
#2763=VERTEX_POINT('',#2762);
#2764=CARTESIAN_POINT('',(-8.75E-1,0.E0,2.E0));
#2765=VERTEX_POINT('',#2764);
#2766=CARTESIAN_POINT('',(-1.125E0,0.E0,1.6E0));
#2767=CARTESIAN_POINT('',(-1.375E0,0.E0,1.6E0));
#2768=VERTEX_POINT('',#2766);
#2769=VERTEX_POINT('',#2767);
#2770=CARTESIAN_POINT('',(-1.125E0,0.E0,2.E0));
#2771=VERTEX_POINT('',#2770);
#2772=CARTESIAN_POINT('',(-1.375E0,0.E0,2.E0));
#2773=VERTEX_POINT('',#2772);
#2774=CARTESIAN_POINT('',(-1.625E0,0.E0,1.6E0));
#2775=CARTESIAN_POINT('',(-1.875E0,0.E0,1.6E0));
#2776=VERTEX_POINT('',#2774);
#2777=VERTEX_POINT('',#2775);
#2778=CARTESIAN_POINT('',(-1.625E0,0.E0,2.E0));
#2779=VERTEX_POINT('',#2778);
#2780=CARTESIAN_POINT('',(-1.875E0,0.E0,2.E0));
#2781=VERTEX_POINT('',#2780);
#2782=CARTESIAN_POINT('',(-2.5E0,1.E-1,1.4E0));
#2783=CARTESIAN_POINT('',(-2.5E0,2.E-1,1.4E0));
#2784=VERTEX_POINT('',#2782);
#2785=VERTEX_POINT('',#2783);
#2786=CARTESIAN_POINT('',(-2.5E0,1.E-1,-1.4E0));
#2787=CARTESIAN_POINT('',(-2.5E0,2.E-1,-1.4E0));
#2788=VERTEX_POINT('',#2786);
#2789=VERTEX_POINT('',#2787);
#2790=CARTESIAN_POINT('',(-2.5E0,1.E-1,-1.2E0));
#2791=VERTEX_POINT('',#2790);
#2792=CARTESIAN_POINT('',(-2.5E0,1.E-1,1.2E0));
#2793=VERTEX_POINT('',#2792);
#2794=CARTESIAN_POINT('',(-2.5E0,2.E-1,1.2E0));
#2795=VERTEX_POINT('',#2794);
#2796=CARTESIAN_POINT('',(-2.5E0,2.E-1,-1.2E0));
#2797=VERTEX_POINT('',#2796);
#2798=CARTESIAN_POINT('',(1.897045548850E0,1.102277442495E-1,2.E0));
#2799=VERTEX_POINT('',#2798);
#2800=CARTESIAN_POINT('',(1.602954451150E0,1.102277442495E-1,2.E0));
#2801=VERTEX_POINT('',#2800);
#2802=CARTESIAN_POINT('',(1.397045548850E0,1.102277442495E-1,2.E0));
#2803=VERTEX_POINT('',#2802);
#2804=CARTESIAN_POINT('',(1.102954451150E0,1.102277442495E-1,2.E0));
#2805=VERTEX_POINT('',#2804);
#2806=CARTESIAN_POINT('',(8.970455488499E-1,1.102277442495E-1,2.E0));
#2807=VERTEX_POINT('',#2806);
#2808=CARTESIAN_POINT('',(6.029544511501E-1,1.102277442495E-1,2.E0));
#2809=VERTEX_POINT('',#2808);
#2810=CARTESIAN_POINT('',(3.970455488499E-1,1.102277442495E-1,2.E0));
#2811=VERTEX_POINT('',#2810);
#2812=CARTESIAN_POINT('',(1.029544511501E-1,1.102277442495E-1,2.E0));
#2813=VERTEX_POINT('',#2812);
#2814=CARTESIAN_POINT('',(-1.029544511501E-1,1.102277442495E-1,2.E0));
#2815=VERTEX_POINT('',#2814);
#2816=CARTESIAN_POINT('',(-3.970455488499E-1,1.102277442495E-1,2.E0));
#2817=VERTEX_POINT('',#2816);
#2818=CARTESIAN_POINT('',(-6.029544511501E-1,1.102277442495E-1,2.E0));
#2819=VERTEX_POINT('',#2818);
#2820=CARTESIAN_POINT('',(-8.970455488499E-1,1.102277442495E-1,2.E0));
#2821=VERTEX_POINT('',#2820);
#2822=CARTESIAN_POINT('',(-1.102954451150E0,1.102277442495E-1,2.E0));
#2823=VERTEX_POINT('',#2822);
#2824=CARTESIAN_POINT('',(-1.397045548850E0,1.102277442495E-1,2.E0));
#2825=VERTEX_POINT('',#2824);
#2826=CARTESIAN_POINT('',(-1.602954451150E0,1.102277442495E-1,2.E0));
#2827=VERTEX_POINT('',#2826);
#2828=CARTESIAN_POINT('',(-1.897045548850E0,1.102277442495E-1,2.E0));
#2829=VERTEX_POINT('',#2828);
#2830=CARTESIAN_POINT('',(2.5E0,1.E-1,1.4E0));
#2831=CARTESIAN_POINT('',(2.5E0,2.E-1,1.4E0));
#2832=VERTEX_POINT('',#2830);
#2833=VERTEX_POINT('',#2831);
#2834=CARTESIAN_POINT('',(2.5E0,1.E-1,-1.4E0));
#2835=CARTESIAN_POINT('',(2.5E0,2.E-1,-1.4E0));
#2836=VERTEX_POINT('',#2834);
#2837=VERTEX_POINT('',#2835);
#2838=CARTESIAN_POINT('',(2.5E0,1.E-1,-1.2E0));
#2839=VERTEX_POINT('',#2838);
#2840=CARTESIAN_POINT('',(2.5E0,1.E-1,1.2E0));
#2841=VERTEX_POINT('',#2840);
#2842=CARTESIAN_POINT('',(2.5E0,2.E-1,1.2E0));
#2843=VERTEX_POINT('',#2842);
#2844=CARTESIAN_POINT('',(2.5E0,2.E-1,-1.2E0));
#2845=VERTEX_POINT('',#2844);
#2846=CARTESIAN_POINT('',(1.897045548850E0,1.102277442495E-1,-2.E0));
#2847=VERTEX_POINT('',#2846);
#2848=CARTESIAN_POINT('',(1.602954451150E0,1.102277442495E-1,-2.E0));
#2849=VERTEX_POINT('',#2848);
#2850=CARTESIAN_POINT('',(1.397045548850E0,1.102277442495E-1,-2.E0));
#2851=VERTEX_POINT('',#2850);
#2852=CARTESIAN_POINT('',(1.102954451150E0,1.102277442495E-1,-2.E0));
#2853=VERTEX_POINT('',#2852);
#2854=CARTESIAN_POINT('',(8.970455488499E-1,1.102277442495E-1,-2.E0));
#2855=VERTEX_POINT('',#2854);
#2856=CARTESIAN_POINT('',(6.029544511501E-1,1.102277442495E-1,-2.E0));
#2857=VERTEX_POINT('',#2856);
#2858=CARTESIAN_POINT('',(3.970455488499E-1,1.102277442495E-1,-2.E0));
#2859=VERTEX_POINT('',#2858);
#2860=CARTESIAN_POINT('',(1.029544511501E-1,1.102277442495E-1,-2.E0));
#2861=VERTEX_POINT('',#2860);
#2862=CARTESIAN_POINT('',(-1.029544511501E-1,1.102277442495E-1,-2.E0));
#2863=VERTEX_POINT('',#2862);
#2864=CARTESIAN_POINT('',(-3.970455488499E-1,1.102277442495E-1,-2.E0));
#2865=VERTEX_POINT('',#2864);
#2866=CARTESIAN_POINT('',(-6.029544511501E-1,1.102277442495E-1,-2.E0));
#2867=VERTEX_POINT('',#2866);
#2868=CARTESIAN_POINT('',(-8.970455488499E-1,1.102277442495E-1,-2.E0));
#2869=VERTEX_POINT('',#2868);
#2870=CARTESIAN_POINT('',(-1.102954451150E0,1.102277442495E-1,-2.E0));
#2871=VERTEX_POINT('',#2870);
#2872=CARTESIAN_POINT('',(-1.397045548850E0,1.102277442495E-1,-2.E0));
#2873=VERTEX_POINT('',#2872);
#2874=CARTESIAN_POINT('',(-1.602954451150E0,1.102277442495E-1,-2.E0));
#2875=VERTEX_POINT('',#2874);
#2876=CARTESIAN_POINT('',(-1.897045548850E0,1.102277442495E-1,-2.E0));
#2877=VERTEX_POINT('',#2876);
#2878=CARTESIAN_POINT('',(-2.48E0,2.E-1,1.4E0));
#2879=CARTESIAN_POINT('',(-2.48E0,2.E-1,1.2E0));
#2880=VERTEX_POINT('',#2878);
#2881=VERTEX_POINT('',#2879);
#2882=CARTESIAN_POINT('',(-2.48E0,2.E-1,-1.2E0));
#2883=CARTESIAN_POINT('',(-2.48E0,2.E-1,-1.4E0));
#2884=VERTEX_POINT('',#2882);
#2885=VERTEX_POINT('',#2883);
#2886=CARTESIAN_POINT('',(2.48E0,2.E-1,1.4E0));
#2887=CARTESIAN_POINT('',(2.48E0,2.E-1,1.2E0));
#2888=VERTEX_POINT('',#2886);
#2889=VERTEX_POINT('',#2887);
#2890=CARTESIAN_POINT('',(2.48E0,2.E-1,-1.2E0));
#2891=CARTESIAN_POINT('',(2.48E0,2.E-1,-1.4E0));
#2892=VERTEX_POINT('',#2890);
#2893=VERTEX_POINT('',#2891);
#2894=CARTESIAN_POINT('',(-2.48E0,1.E-1,1.4E0));
#2895=VERTEX_POINT('',#2894);
#2896=CARTESIAN_POINT('',(2.48E0,1.E-1,1.4E0));
#2897=VERTEX_POINT('',#2896);
#2898=CARTESIAN_POINT('',(-2.48E0,1.E-1,-1.4E0));
#2899=VERTEX_POINT('',#2898);
#2900=CARTESIAN_POINT('',(2.48E0,1.E-1,-1.4E0));
#2901=VERTEX_POINT('',#2900);
#2902=CARTESIAN_POINT('',(1.876875537168E0,9.377685839078E-3,-1.6E0));
#2903=CARTESIAN_POINT('',(1.623124462832E0,9.377685839078E-3,-1.6E0));
#2904=VERTEX_POINT('',#2902);
#2905=VERTEX_POINT('',#2903);
#2906=CARTESIAN_POINT('',(1.876875537168E0,9.377685839078E-3,
-1.988345460750E0));
#2907=VERTEX_POINT('',#2906);
#2908=CARTESIAN_POINT('',(1.895867416660E0,1.043370833017E-1,
-1.988345460750E0));
#2909=VERTEX_POINT('',#2908);
#2910=CARTESIAN_POINT('',(1.623124462832E0,9.377685839078E-3,
-1.988345460750E0));
#2911=VERTEX_POINT('',#2910);
#2912=CARTESIAN_POINT('',(1.604132583340E0,1.043370833017E-1,
-1.988345460750E0));
#2913=VERTEX_POINT('',#2912);
#2914=CARTESIAN_POINT('',(1.376875537168E0,9.377685839078E-3,-1.6E0));
#2915=CARTESIAN_POINT('',(1.123124462832E0,9.377685839078E-3,-1.6E0));
#2916=VERTEX_POINT('',#2914);
#2917=VERTEX_POINT('',#2915);
#2918=CARTESIAN_POINT('',(1.376875537168E0,9.377685839078E-3,
-1.988345460750E0));
#2919=VERTEX_POINT('',#2918);
#2920=CARTESIAN_POINT('',(1.395867416660E0,1.043370833017E-1,
-1.988345460750E0));
#2921=VERTEX_POINT('',#2920);
#2922=CARTESIAN_POINT('',(1.123124462832E0,9.377685839078E-3,
-1.988345460750E0));
#2923=VERTEX_POINT('',#2922);
#2924=CARTESIAN_POINT('',(1.104132583340E0,1.043370833017E-1,
-1.988345460750E0));
#2925=VERTEX_POINT('',#2924);
#2926=CARTESIAN_POINT('',(8.768755371678E-1,9.377685839078E-3,-1.6E0));
#2927=CARTESIAN_POINT('',(6.231244628322E-1,9.377685839078E-3,-1.6E0));
#2928=VERTEX_POINT('',#2926);
#2929=VERTEX_POINT('',#2927);
#2930=CARTESIAN_POINT('',(8.768755371678E-1,9.377685839078E-3,
-1.988345460750E0));
#2931=VERTEX_POINT('',#2930);
#2932=CARTESIAN_POINT('',(8.958674166603E-1,1.043370833017E-1,
-1.988345460750E0));
#2933=VERTEX_POINT('',#2932);
#2934=CARTESIAN_POINT('',(6.231244628322E-1,9.377685839078E-3,
-1.988345460750E0));
#2935=VERTEX_POINT('',#2934);
#2936=CARTESIAN_POINT('',(6.041325833397E-1,1.043370833017E-1,
-1.988345460750E0));
#2937=VERTEX_POINT('',#2936);
#2938=CARTESIAN_POINT('',(3.768755371678E-1,9.377685839078E-3,-1.6E0));
#2939=CARTESIAN_POINT('',(1.231244628322E-1,9.377685839078E-3,-1.6E0));
#2940=VERTEX_POINT('',#2938);
#2941=VERTEX_POINT('',#2939);
#2942=CARTESIAN_POINT('',(3.768755371678E-1,9.377685839078E-3,
-1.988345460750E0));
#2943=VERTEX_POINT('',#2942);
#2944=CARTESIAN_POINT('',(3.958674166603E-1,1.043370833017E-1,
-1.988345460750E0));
#2945=VERTEX_POINT('',#2944);
#2946=CARTESIAN_POINT('',(1.231244628322E-1,9.377685839078E-3,
-1.988345460750E0));
#2947=VERTEX_POINT('',#2946);
#2948=CARTESIAN_POINT('',(1.041325833397E-1,1.043370833017E-1,
-1.988345460750E0));
#2949=VERTEX_POINT('',#2948);
#2950=CARTESIAN_POINT('',(-1.231244628322E-1,9.377685839078E-3,-1.6E0));
#2951=CARTESIAN_POINT('',(-3.768755371678E-1,9.377685839078E-3,-1.6E0));
#2952=VERTEX_POINT('',#2950);
#2953=VERTEX_POINT('',#2951);
#2954=CARTESIAN_POINT('',(-1.231244628322E-1,9.377685839078E-3,
-1.988345460750E0));
#2955=VERTEX_POINT('',#2954);
#2956=CARTESIAN_POINT('',(-1.041325833397E-1,1.043370833017E-1,
-1.988345460750E0));
#2957=VERTEX_POINT('',#2956);
#2958=CARTESIAN_POINT('',(-3.768755371678E-1,9.377685839078E-3,
-1.988345460750E0));
#2959=VERTEX_POINT('',#2958);
#2960=CARTESIAN_POINT('',(-3.958674166603E-1,1.043370833017E-1,
-1.988345460750E0));
#2961=VERTEX_POINT('',#2960);
#2962=CARTESIAN_POINT('',(-6.231244628322E-1,9.377685839078E-3,-1.6E0));
#2963=CARTESIAN_POINT('',(-8.768755371678E-1,9.377685839078E-3,-1.6E0));
#2964=VERTEX_POINT('',#2962);
#2965=VERTEX_POINT('',#2963);
#2966=CARTESIAN_POINT('',(-6.231244628322E-1,9.377685839078E-3,
-1.988345460750E0));
#2967=VERTEX_POINT('',#2966);
#2968=CARTESIAN_POINT('',(-6.041325833397E-1,1.043370833017E-1,
-1.988345460750E0));
#2969=VERTEX_POINT('',#2968);
#2970=CARTESIAN_POINT('',(-8.768755371678E-1,9.377685839078E-3,
-1.988345460750E0));
#2971=VERTEX_POINT('',#2970);
#2972=CARTESIAN_POINT('',(-8.958674166603E-1,1.043370833017E-1,
-1.988345460750E0));
#2973=VERTEX_POINT('',#2972);
#2974=CARTESIAN_POINT('',(-1.123124462832E0,9.377685839078E-3,-1.6E0));
#2975=CARTESIAN_POINT('',(-1.376875537168E0,9.377685839078E-3,-1.6E0));
#2976=VERTEX_POINT('',#2974);
#2977=VERTEX_POINT('',#2975);
#2978=CARTESIAN_POINT('',(-1.123124462832E0,9.377685839078E-3,
-1.988345460750E0));
#2979=VERTEX_POINT('',#2978);
#2980=CARTESIAN_POINT('',(-1.104132583340E0,1.043370833017E-1,
-1.988345460750E0));
#2981=VERTEX_POINT('',#2980);
#2982=CARTESIAN_POINT('',(-1.376875537168E0,9.377685839078E-3,
-1.988345460750E0));
#2983=VERTEX_POINT('',#2982);
#2984=CARTESIAN_POINT('',(-1.395867416660E0,1.043370833017E-1,
-1.988345460750E0));
#2985=VERTEX_POINT('',#2984);
#2986=CARTESIAN_POINT('',(1.876875537168E0,9.377685839078E-3,1.6E0));
#2987=CARTESIAN_POINT('',(1.623124462832E0,9.377685839078E-3,1.6E0));
#2988=VERTEX_POINT('',#2986);
#2989=VERTEX_POINT('',#2987);
#2990=CARTESIAN_POINT('',(1.876875537168E0,9.377685839078E-3,1.987348385653E0));
#2991=VERTEX_POINT('',#2990);
#2992=CARTESIAN_POINT('',(1.895792543822E0,1.039627191080E-1,1.987348385653E0));
#2993=VERTEX_POINT('',#2992);
#2994=CARTESIAN_POINT('',(1.623124462832E0,9.377685839078E-3,1.987348385653E0));
#2995=VERTEX_POINT('',#2994);
#2996=CARTESIAN_POINT('',(1.604207456178E0,1.039627191080E-1,1.987348385653E0));
#2997=VERTEX_POINT('',#2996);
#2998=CARTESIAN_POINT('',(1.376875537168E0,9.377685839078E-3,1.6E0));
#2999=CARTESIAN_POINT('',(1.123124462832E0,9.377685839078E-3,1.6E0));
#3000=VERTEX_POINT('',#2998);
#3001=VERTEX_POINT('',#2999);
#3002=CARTESIAN_POINT('',(1.376875537168E0,9.377685839078E-3,1.987348385653E0));
#3003=VERTEX_POINT('',#3002);
#3004=CARTESIAN_POINT('',(1.395792543822E0,1.039627191080E-1,1.987348385653E0));
#3005=VERTEX_POINT('',#3004);
#3006=CARTESIAN_POINT('',(1.123124462832E0,9.377685839078E-3,1.987348385653E0));
#3007=VERTEX_POINT('',#3006);
#3008=CARTESIAN_POINT('',(1.104207456178E0,1.039627191080E-1,1.987348385653E0));
#3009=VERTEX_POINT('',#3008);
#3010=CARTESIAN_POINT('',(8.768755371678E-1,9.377685839078E-3,1.6E0));
#3011=CARTESIAN_POINT('',(6.231244628322E-1,9.377685839078E-3,1.6E0));
#3012=VERTEX_POINT('',#3010);
#3013=VERTEX_POINT('',#3011);
#3014=CARTESIAN_POINT('',(8.768755371678E-1,9.377685839078E-3,
1.987348385653E0));
#3015=VERTEX_POINT('',#3014);
#3016=CARTESIAN_POINT('',(8.957925438216E-1,1.039627191080E-1,
1.987348385653E0));
#3017=VERTEX_POINT('',#3016);
#3018=CARTESIAN_POINT('',(6.231244628322E-1,9.377685839078E-3,
1.987348385653E0));
#3019=VERTEX_POINT('',#3018);
#3020=CARTESIAN_POINT('',(6.042074561784E-1,1.039627191080E-1,
1.987348385653E0));
#3021=VERTEX_POINT('',#3020);
#3022=CARTESIAN_POINT('',(3.768755371678E-1,9.377685839078E-3,1.6E0));
#3023=CARTESIAN_POINT('',(1.231244628322E-1,9.377685839078E-3,1.6E0));
#3024=VERTEX_POINT('',#3022);
#3025=VERTEX_POINT('',#3023);
#3026=CARTESIAN_POINT('',(3.768755371678E-1,9.377685839078E-3,
1.987348385653E0));
#3027=VERTEX_POINT('',#3026);
#3028=CARTESIAN_POINT('',(3.957925438216E-1,1.039627191080E-1,
1.987348385653E0));
#3029=VERTEX_POINT('',#3028);
#3030=CARTESIAN_POINT('',(1.231244628322E-1,9.377685839078E-3,
1.987348385653E0));
#3031=VERTEX_POINT('',#3030);
#3032=CARTESIAN_POINT('',(1.042074561784E-1,1.039627191080E-1,
1.987348385653E0));
#3033=VERTEX_POINT('',#3032);
#3034=CARTESIAN_POINT('',(-1.231244628322E-1,9.377685839078E-3,1.6E0));
#3035=CARTESIAN_POINT('',(-3.768755371678E-1,9.377685839078E-3,1.6E0));
#3036=VERTEX_POINT('',#3034);
#3037=VERTEX_POINT('',#3035);
#3038=CARTESIAN_POINT('',(-1.231244628322E-1,9.377685839078E-3,
1.987348385653E0));
#3039=VERTEX_POINT('',#3038);
#3040=CARTESIAN_POINT('',(-1.042074561784E-1,1.039627191080E-1,
1.987348385653E0));
#3041=VERTEX_POINT('',#3040);
#3042=CARTESIAN_POINT('',(-3.768755371678E-1,9.377685839078E-3,
1.987348385653E0));
#3043=VERTEX_POINT('',#3042);
#3044=CARTESIAN_POINT('',(-3.957925438216E-1,1.039627191080E-1,
1.987348385653E0));
#3045=VERTEX_POINT('',#3044);
#3046=CARTESIAN_POINT('',(-6.231244628322E-1,9.377685839078E-3,1.6E0));
#3047=CARTESIAN_POINT('',(-8.768755371678E-1,9.377685839078E-3,1.6E0));
#3048=VERTEX_POINT('',#3046);
#3049=VERTEX_POINT('',#3047);
#3050=CARTESIAN_POINT('',(-6.231244628322E-1,9.377685839078E-3,
1.987348385653E0));
#3051=VERTEX_POINT('',#3050);
#3052=CARTESIAN_POINT('',(-6.042074561784E-1,1.039627191080E-1,
1.987348385653E0));
#3053=VERTEX_POINT('',#3052);
#3054=CARTESIAN_POINT('',(-8.768755371678E-1,9.377685839078E-3,
1.987348385653E0));
#3055=VERTEX_POINT('',#3054);
#3056=CARTESIAN_POINT('',(-8.957925438216E-1,1.039627191080E-1,
1.987348385653E0));
#3057=VERTEX_POINT('',#3056);
#3058=CARTESIAN_POINT('',(-1.123124462832E0,9.377685839078E-3,1.6E0));
#3059=CARTESIAN_POINT('',(-1.376875537168E0,9.377685839078E-3,1.6E0));
#3060=VERTEX_POINT('',#3058);
#3061=VERTEX_POINT('',#3059);
#3062=CARTESIAN_POINT('',(-1.123124462832E0,9.377685839078E-3,
1.987348385653E0));
#3063=VERTEX_POINT('',#3062);
#3064=CARTESIAN_POINT('',(-1.104207456178E0,1.039627191080E-1,
1.987348385653E0));
#3065=VERTEX_POINT('',#3064);
#3066=CARTESIAN_POINT('',(-1.376875537168E0,9.377685839078E-3,
1.987348385653E0));
#3067=VERTEX_POINT('',#3066);
#3068=CARTESIAN_POINT('',(-1.395792543822E0,1.039627191080E-1,
1.987348385653E0));
#3069=VERTEX_POINT('',#3068);
#3070=CARTESIAN_POINT('',(1.748761124996E0,9.377685839078E-3,
-1.300440548762E0));
#3071=CARTESIAN_POINT('',(-2.000428727954E0,9.377685839078E-3,
-1.300428734671E0));
#3072=VERTEX_POINT('',#3070);
#3073=VERTEX_POINT('',#3071);
#3074=CARTESIAN_POINT('',(-2.000428734671E0,9.377685839078E-3,
1.300428727954E0));
#3075=VERTEX_POINT('',#3074);
#3076=CARTESIAN_POINT('',(2.000428727954E0,9.377685839078E-3,1.300428734671E0));
#3077=VERTEX_POINT('',#3076);
#3078=CARTESIAN_POINT('',(2.000440548762E0,9.377685839078E-3,
-1.048761124996E0));
#3079=VERTEX_POINT('',#3078);
#3080=CARTESIAN_POINT('',(-1.895867416660E0,1.043370833017E-1,
-1.988345460750E0));
#3081=CARTESIAN_POINT('',(-1.604132583340E0,1.043370833017E-1,
-1.988345460750E0));
#3082=VERTEX_POINT('',#3080);
#3083=VERTEX_POINT('',#3081);
#3084=CARTESIAN_POINT('',(-1.604207456178E0,1.039627191080E-1,
1.987348385653E0));
#3085=CARTESIAN_POINT('',(-1.895792543822E0,1.039627191080E-1,
1.987348385653E0));
#3086=VERTEX_POINT('',#3084);
#3087=VERTEX_POINT('',#3085);
#3088=CARTESIAN_POINT('',(-1.623124462832E0,9.377685839078E-3,-1.6E0));
#3089=CARTESIAN_POINT('',(-1.876875537168E0,9.377685839078E-3,-1.6E0));
#3090=VERTEX_POINT('',#3088);
#3091=VERTEX_POINT('',#3089);
#3092=CARTESIAN_POINT('',(-1.623124462832E0,9.377685839078E-3,
-1.988345460750E0));
#3093=VERTEX_POINT('',#3092);
#3094=CARTESIAN_POINT('',(-1.876875537168E0,9.377685839078E-3,
-1.988345460750E0));
#3095=VERTEX_POINT('',#3094);
#3096=CARTESIAN_POINT('',(-1.623124462832E0,9.377685839078E-3,1.6E0));
#3097=CARTESIAN_POINT('',(-1.876875537168E0,9.377685839078E-3,1.6E0));
#3098=VERTEX_POINT('',#3096);
#3099=VERTEX_POINT('',#3097);
#3100=CARTESIAN_POINT('',(-1.623124462832E0,9.377685839078E-3,
1.987348385653E0));
#3101=VERTEX_POINT('',#3100);
#3102=CARTESIAN_POINT('',(-1.876875537168E0,9.377685839078E-3,
1.987348385653E0));
#3103=VERTEX_POINT('',#3102);
#3104=CARTESIAN_POINT('',(-2.48E0,1.E-1,-1.2E0));
#3105=VERTEX_POINT('',#3104);
#3106=CARTESIAN_POINT('',(-2.48E0,1.E-1,1.2E0));
#3107=VERTEX_POINT('',#3106);
#3108=CARTESIAN_POINT('',(2.48E0,1.E-1,-1.2E0));
#3109=VERTEX_POINT('',#3108);
#3110=CARTESIAN_POINT('',(2.48E0,1.E-1,1.2E0));
#3111=VERTEX_POINT('',#3110);
#3112=CARTESIAN_POINT('',(0.E0,0.E0,0.E0));
#3113=DIRECTION('',(0.E0,1.E0,0.E0));
#3114=DIRECTION('',(1.E0,0.E0,0.E0));
#3115=AXIS2_PLACEMENT_3D('',#3112,#3113,#3114);
#3116=PLANE('',#3115);
#3118=ORIENTED_EDGE('',*,*,#3117,.T.);
#3120=ORIENTED_EDGE('',*,*,#3119,.F.);
#3122=ORIENTED_EDGE('',*,*,#3121,.T.);
#3124=ORIENTED_EDGE('',*,*,#3123,.T.);
#3126=ORIENTED_EDGE('',*,*,#3125,.T.);
#3128=ORIENTED_EDGE('',*,*,#3127,.F.);
#3130=ORIENTED_EDGE('',*,*,#3129,.T.);
#3132=ORIENTED_EDGE('',*,*,#3131,.T.);
#3134=ORIENTED_EDGE('',*,*,#3133,.T.);
#3136=ORIENTED_EDGE('',*,*,#3135,.F.);
#3138=ORIENTED_EDGE('',*,*,#3137,.T.);
#3140=ORIENTED_EDGE('',*,*,#3139,.T.);
#3142=ORIENTED_EDGE('',*,*,#3141,.T.);
#3144=ORIENTED_EDGE('',*,*,#3143,.F.);
#3146=ORIENTED_EDGE('',*,*,#3145,.T.);
#3148=ORIENTED_EDGE('',*,*,#3147,.T.);
#3150=ORIENTED_EDGE('',*,*,#3149,.T.);
#3152=ORIENTED_EDGE('',*,*,#3151,.F.);
#3154=ORIENTED_EDGE('',*,*,#3153,.T.);
#3156=ORIENTED_EDGE('',*,*,#3155,.T.);
#3158=ORIENTED_EDGE('',*,*,#3157,.T.);
#3160=ORIENTED_EDGE('',*,*,#3159,.F.);
#3162=ORIENTED_EDGE('',*,*,#3161,.T.);
#3164=ORIENTED_EDGE('',*,*,#3163,.T.);
#3166=ORIENTED_EDGE('',*,*,#3165,.T.);
#3168=ORIENTED_EDGE('',*,*,#3167,.F.);
#3170=ORIENTED_EDGE('',*,*,#3169,.T.);
#3172=ORIENTED_EDGE('',*,*,#3171,.T.);
#3174=ORIENTED_EDGE('',*,*,#3173,.T.);
#3176=ORIENTED_EDGE('',*,*,#3175,.F.);
#3178=ORIENTED_EDGE('',*,*,#3177,.T.);
#3180=ORIENTED_EDGE('',*,*,#3179,.T.);
#3182=ORIENTED_EDGE('',*,*,#3181,.T.);
#3184=ORIENTED_EDGE('',*,*,#3183,.T.);
#3186=ORIENTED_EDGE('',*,*,#3185,.F.);
#3188=ORIENTED_EDGE('',*,*,#3187,.F.);
#3190=ORIENTED_EDGE('',*,*,#3189,.T.);
#3192=ORIENTED_EDGE('',*,*,#3191,.T.);
#3194=ORIENTED_EDGE('',*,*,#3193,.F.);
#3196=ORIENTED_EDGE('',*,*,#3195,.F.);
#3198=ORIENTED_EDGE('',*,*,#3197,.T.);
#3200=ORIENTED_EDGE('',*,*,#3199,.T.);
#3202=ORIENTED_EDGE('',*,*,#3201,.F.);
#3204=ORIENTED_EDGE('',*,*,#3203,.F.);
#3206=ORIENTED_EDGE('',*,*,#3205,.T.);
#3208=ORIENTED_EDGE('',*,*,#3207,.T.);
#3210=ORIENTED_EDGE('',*,*,#3209,.F.);
#3212=ORIENTED_EDGE('',*,*,#3211,.F.);
#3214=ORIENTED_EDGE('',*,*,#3213,.T.);
#3216=ORIENTED_EDGE('',*,*,#3215,.T.);
#3218=ORIENTED_EDGE('',*,*,#3217,.F.);
#3220=ORIENTED_EDGE('',*,*,#3219,.F.);
#3222=ORIENTED_EDGE('',*,*,#3221,.T.);
#3224=ORIENTED_EDGE('',*,*,#3223,.T.);
#3226=ORIENTED_EDGE('',*,*,#3225,.F.);
#3228=ORIENTED_EDGE('',*,*,#3227,.F.);
#3230=ORIENTED_EDGE('',*,*,#3229,.T.);
#3232=ORIENTED_EDGE('',*,*,#3231,.T.);
#3234=ORIENTED_EDGE('',*,*,#3233,.F.);
#3236=ORIENTED_EDGE('',*,*,#3235,.F.);
#3238=ORIENTED_EDGE('',*,*,#3237,.T.);
#3240=ORIENTED_EDGE('',*,*,#3239,.T.);
#3242=ORIENTED_EDGE('',*,*,#3241,.F.);
#3244=ORIENTED_EDGE('',*,*,#3243,.F.);
#3246=ORIENTED_EDGE('',*,*,#3245,.T.);
#3248=ORIENTED_EDGE('',*,*,#3247,.T.);
#3250=ORIENTED_EDGE('',*,*,#3249,.T.);
#3252=ORIENTED_EDGE('',*,*,#3251,.T.);
#3253=EDGE_LOOP('',(#3118,#3120,#3122,#3124,#3126,#3128,#3130,#3132,#3134,#3136,
#3138,#3140,#3142,#3144,#3146,#3148,#3150,#3152,#3154,#3156,#3158,#3160,#3162,
#3164,#3166,#3168,#3170,#3172,#3174,#3176,#3178,#3180,#3182,#3184,#3186,#3188,
#3190,#3192,#3194,#3196,#3198,#3200,#3202,#3204,#3206,#3208,#3210,#3212,#3214,
#3216,#3218,#3220,#3222,#3224,#3226,#3228,#3230,#3232,#3234,#3236,#3238,#3240,
#3242,#3244,#3246,#3248,#3250,#3252));
#3254=FACE_OUTER_BOUND('',#3253,.F.);
#3256=ORIENTED_EDGE('',*,*,#3255,.F.);
#3258=ORIENTED_EDGE('',*,*,#3257,.F.);
#3260=ORIENTED_EDGE('',*,*,#3259,.F.);
#3262=ORIENTED_EDGE('',*,*,#3261,.F.);
#3264=ORIENTED_EDGE('',*,*,#3263,.F.);
#3265=EDGE_LOOP('',(#3256,#3258,#3260,#3262,#3264));
#3266=FACE_BOUND('',#3265,.F.);
#3267=ADVANCED_FACE('',(#3254,#3266),#3116,.F.);
#3268=CARTESIAN_POINT('',(1.79E0,0.E0,-1.4E0));
#3269=DIRECTION('',(-1.E0,0.E0,0.E0));
#3270=DIRECTION('',(0.E0,0.E0,-1.E0));
#3271=AXIS2_PLACEMENT_3D('',#3268,#3269,#3270);
#3272=CYLINDRICAL_SURFACE('',#3271,1.E-1);
#3273=ORIENTED_EDGE('',*,*,#3255,.T.);
#3275=ORIENTED_EDGE('',*,*,#3274,.T.);
#3277=ORIENTED_EDGE('',*,*,#3276,.F.);
#3279=ORIENTED_EDGE('',*,*,#3278,.F.);
#3280=EDGE_LOOP('',(#3273,#3275,#3277,#3279));
#3281=FACE_OUTER_BOUND('',#3280,.F.);
#3282=ADVANCED_FACE('',(#3281),#3272,.T.);
#3283=CARTESIAN_POINT('',(-2.1E0,0.E0,-1.4E0));
#3284=DIRECTION('',(0.E0,0.E0,1.E0));
#3285=DIRECTION('',(-1.E0,0.E0,0.E0));
#3286=AXIS2_PLACEMENT_3D('',#3283,#3284,#3285);
#3287=CYLINDRICAL_SURFACE('',#3286,1.E-1);
#3288=ORIENTED_EDGE('',*,*,#3263,.T.);
#3290=ORIENTED_EDGE('',*,*,#3289,.T.);
#3292=ORIENTED_EDGE('',*,*,#3291,.F.);
#3293=ORIENTED_EDGE('',*,*,#3274,.F.);
#3294=EDGE_LOOP('',(#3288,#3290,#3292,#3293));
#3295=FACE_OUTER_BOUND('',#3294,.F.);
#3296=ADVANCED_FACE('',(#3295),#3287,.T.);
#3297=CARTESIAN_POINT('',(-2.1E0,0.E0,1.4E0));
#3298=DIRECTION('',(1.E0,0.E0,0.E0));
#3299=DIRECTION('',(0.E0,0.E0,1.E0));
#3300=AXIS2_PLACEMENT_3D('',#3297,#3298,#3299);
#3301=CYLINDRICAL_SURFACE('',#3300,1.E-1);
#3302=ORIENTED_EDGE('',*,*,#3261,.T.);
#3304=ORIENTED_EDGE('',*,*,#3303,.T.);
#3306=ORIENTED_EDGE('',*,*,#3305,.F.);
#3307=ORIENTED_EDGE('',*,*,#3289,.F.);
#3308=EDGE_LOOP('',(#3302,#3304,#3306,#3307));
#3309=FACE_OUTER_BOUND('',#3308,.F.);
#3310=ADVANCED_FACE('',(#3309),#3301,.T.);
#3311=CARTESIAN_POINT('',(2.1E0,0.E0,1.4E0));
#3312=DIRECTION('',(0.E0,0.E0,-1.E0));
#3313=DIRECTION('',(1.E0,0.E0,0.E0));
#3314=AXIS2_PLACEMENT_3D('',#3311,#3312,#3313);
#3315=CYLINDRICAL_SURFACE('',#3314,1.E-1);
#3316=ORIENTED_EDGE('',*,*,#3259,.T.);
#3318=ORIENTED_EDGE('',*,*,#3317,.T.);
#3320=ORIENTED_EDGE('',*,*,#3319,.F.);
#3321=ORIENTED_EDGE('',*,*,#3303,.F.);
#3322=EDGE_LOOP('',(#3316,#3318,#3320,#3321));
#3323=FACE_OUTER_BOUND('',#3322,.F.);
#3324=ADVANCED_FACE('',(#3323),#3315,.T.);
#3325=CARTESIAN_POINT('',(2.1E0,0.E0,-1.09E0));
#3326=DIRECTION('',(-7.071067811865E-1,0.E0,-7.071067811865E-1));
#3327=DIRECTION('',(7.071067811865E-1,0.E0,-7.071067811865E-1));
#3328=AXIS2_PLACEMENT_3D('',#3325,#3326,#3327);
#3329=CYLINDRICAL_SURFACE('',#3328,1.E-1);
#3330=ORIENTED_EDGE('',*,*,#3257,.T.);
#3331=ORIENTED_EDGE('',*,*,#3278,.T.);
#3333=ORIENTED_EDGE('',*,*,#3332,.F.);
#3334=ORIENTED_EDGE('',*,*,#3317,.F.);
#3335=EDGE_LOOP('',(#3330,#3331,#3333,#3334));
#3336=FACE_OUTER_BOUND('',#3335,.F.);
#3337=ADVANCED_FACE('',(#3336),#3329,.T.);
#3338=CARTESIAN_POINT('',(-2.48E0,9.377685839078E-3,1.987348385653E0));
#3339=DIRECTION('',(0.E0,-1.E0,0.E0));
#3340=DIRECTION('',(0.E0,0.E0,-1.E0));
#3341=AXIS2_PLACEMENT_3D('',#3338,#3339,#3340);
#3342=PLANE('',#3341);
#3344=ORIENTED_EDGE('',*,*,#3343,.F.);
#3346=ORIENTED_EDGE('',*,*,#3345,.T.);
#3348=ORIENTED_EDGE('',*,*,#3347,.F.);
#3350=ORIENTED_EDGE('',*,*,#3349,.F.);
#3351=EDGE_LOOP('',(#3344,#3346,#3348,#3350));
#3352=FACE_OUTER_BOUND('',#3351,.F.);
#3353=ADVANCED_FACE('',(#3352),#3342,.T.);
#3354=CARTESIAN_POINT('',(-2.48E0,9.377685839078E-3,1.987348385653E0));
#3355=DIRECTION('',(0.E0,-1.E0,0.E0));
#3356=DIRECTION('',(0.E0,0.E0,-1.E0));
#3357=AXIS2_PLACEMENT_3D('',#3354,#3355,#3356);
#3358=PLANE('',#3357);
#3360=ORIENTED_EDGE('',*,*,#3359,.F.);
#3362=ORIENTED_EDGE('',*,*,#3361,.T.);
#3364=ORIENTED_EDGE('',*,*,#3363,.F.);
#3366=ORIENTED_EDGE('',*,*,#3365,.F.);
#3367=EDGE_LOOP('',(#3360,#3362,#3364,#3366));
#3368=FACE_OUTER_BOUND('',#3367,.F.);
#3369=ADVANCED_FACE('',(#3368),#3358,.T.);
#3370=CARTESIAN_POINT('',(-2.48E0,9.377685839078E-3,1.987348385653E0));
#3371=DIRECTION('',(0.E0,-1.E0,0.E0));
#3372=DIRECTION('',(0.E0,0.E0,-1.E0));
#3373=AXIS2_PLACEMENT_3D('',#3370,#3371,#3372);
#3374=PLANE('',#3373);
#3376=ORIENTED_EDGE('',*,*,#3375,.F.);
#3378=ORIENTED_EDGE('',*,*,#3377,.T.);
#3380=ORIENTED_EDGE('',*,*,#3379,.F.);
#3382=ORIENTED_EDGE('',*,*,#3381,.F.);
#3383=EDGE_LOOP('',(#3376,#3378,#3380,#3382));
#3384=FACE_OUTER_BOUND('',#3383,.F.);
#3385=ADVANCED_FACE('',(#3384),#3374,.T.);
#3386=CARTESIAN_POINT('',(-2.48E0,9.377685839078E-3,1.987348385653E0));
#3387=DIRECTION('',(0.E0,-1.E0,0.E0));
#3388=DIRECTION('',(0.E0,0.E0,-1.E0));
#3389=AXIS2_PLACEMENT_3D('',#3386,#3387,#3388);
#3390=PLANE('',#3389);
#3392=ORIENTED_EDGE('',*,*,#3391,.F.);
#3394=ORIENTED_EDGE('',*,*,#3393,.T.);
#3396=ORIENTED_EDGE('',*,*,#3395,.F.);
#3398=ORIENTED_EDGE('',*,*,#3397,.F.);
#3399=EDGE_LOOP('',(#3392,#3394,#3396,#3398));
#3400=FACE_OUTER_BOUND('',#3399,.F.);
#3401=ADVANCED_FACE('',(#3400),#3390,.T.);
#3402=CARTESIAN_POINT('',(-2.48E0,9.377685839078E-3,1.987348385653E0));
#3403=DIRECTION('',(0.E0,-1.E0,0.E0));
#3404=DIRECTION('',(0.E0,0.E0,-1.E0));
#3405=AXIS2_PLACEMENT_3D('',#3402,#3403,#3404);
#3406=PLANE('',#3405);
#3408=ORIENTED_EDGE('',*,*,#3407,.F.);
#3410=ORIENTED_EDGE('',*,*,#3409,.T.);
#3412=ORIENTED_EDGE('',*,*,#3411,.F.);
#3414=ORIENTED_EDGE('',*,*,#3413,.F.);
#3415=EDGE_LOOP('',(#3408,#3410,#3412,#3414));
#3416=FACE_OUTER_BOUND('',#3415,.F.);
#3417=ADVANCED_FACE('',(#3416),#3406,.T.);
#3418=CARTESIAN_POINT('',(-2.48E0,9.377685839078E-3,1.987348385653E0));
#3419=DIRECTION('',(0.E0,-1.E0,0.E0));
#3420=DIRECTION('',(0.E0,0.E0,-1.E0));
#3421=AXIS2_PLACEMENT_3D('',#3418,#3419,#3420);
#3422=PLANE('',#3421);
#3424=ORIENTED_EDGE('',*,*,#3423,.F.);
#3426=ORIENTED_EDGE('',*,*,#3425,.T.);
#3428=ORIENTED_EDGE('',*,*,#3427,.F.);
#3430=ORIENTED_EDGE('',*,*,#3429,.F.);
#3431=EDGE_LOOP('',(#3424,#3426,#3428,#3430));
#3432=FACE_OUTER_BOUND('',#3431,.F.);
#3433=ADVANCED_FACE('',(#3432),#3422,.T.);
#3434=CARTESIAN_POINT('',(-2.48E0,9.377685839078E-3,1.987348385653E0));
#3435=DIRECTION('',(0.E0,-1.E0,0.E0));
#3436=DIRECTION('',(0.E0,0.E0,-1.E0));
#3437=AXIS2_PLACEMENT_3D('',#3434,#3435,#3436);
#3438=PLANE('',#3437);
#3440=ORIENTED_EDGE('',*,*,#3439,.F.);
#3442=ORIENTED_EDGE('',*,*,#3441,.T.);
#3444=ORIENTED_EDGE('',*,*,#3443,.F.);
#3446=ORIENTED_EDGE('',*,*,#3445,.F.);
#3447=EDGE_LOOP('',(#3440,#3442,#3444,#3446));
#3448=FACE_OUTER_BOUND('',#3447,.F.);
#3449=ADVANCED_FACE('',(#3448),#3438,.T.);
#3450=CARTESIAN_POINT('',(-2.48E0,9.377685839078E-3,1.987348385653E0));
#3451=DIRECTION('',(0.E0,-1.E0,0.E0));
#3452=DIRECTION('',(0.E0,0.E0,-1.E0));
#3453=AXIS2_PLACEMENT_3D('',#3450,#3451,#3452);
#3454=PLANE('',#3453);
#3456=ORIENTED_EDGE('',*,*,#3455,.T.);
#3458=ORIENTED_EDGE('',*,*,#3457,.T.);
#3460=ORIENTED_EDGE('',*,*,#3459,.T.);
#3462=ORIENTED_EDGE('',*,*,#3461,.F.);
#3463=EDGE_LOOP('',(#3456,#3458,#3460,#3462));
#3464=FACE_OUTER_BOUND('',#3463,.F.);
#3465=ADVANCED_FACE('',(#3464),#3454,.T.);
#3466=CARTESIAN_POINT('',(-2.48E0,9.377685839078E-3,1.987348385653E0));
#3467=DIRECTION('',(0.E0,-1.E0,0.E0));
#3468=DIRECTION('',(0.E0,0.E0,-1.E0));
#3469=AXIS2_PLACEMENT_3D('',#3466,#3467,#3468);
#3470=PLANE('',#3469);
#3472=ORIENTED_EDGE('',*,*,#3471,.T.);
#3474=ORIENTED_EDGE('',*,*,#3473,.T.);
#3476=ORIENTED_EDGE('',*,*,#3475,.T.);
#3478=ORIENTED_EDGE('',*,*,#3477,.F.);
#3479=EDGE_LOOP('',(#3472,#3474,#3476,#3478));
#3480=FACE_OUTER_BOUND('',#3479,.F.);
#3481=ADVANCED_FACE('',(#3480),#3470,.T.);
#3482=CARTESIAN_POINT('',(-2.48E0,9.377685839078E-3,1.987348385653E0));
#3483=DIRECTION('',(0.E0,-1.E0,0.E0));
#3484=DIRECTION('',(0.E0,0.E0,-1.E0));
#3485=AXIS2_PLACEMENT_3D('',#3482,#3483,#3484);
#3486=PLANE('',#3485);
#3488=ORIENTED_EDGE('',*,*,#3487,.T.);
#3490=ORIENTED_EDGE('',*,*,#3489,.T.);
#3492=ORIENTED_EDGE('',*,*,#3491,.T.);
#3494=ORIENTED_EDGE('',*,*,#3493,.F.);
#3495=EDGE_LOOP('',(#3488,#3490,#3492,#3494));
#3496=FACE_OUTER_BOUND('',#3495,.F.);
#3497=ADVANCED_FACE('',(#3496),#3486,.T.);
#3498=CARTESIAN_POINT('',(-2.48E0,9.377685839078E-3,1.987348385653E0));
#3499=DIRECTION('',(0.E0,-1.E0,0.E0));
#3500=DIRECTION('',(0.E0,0.E0,-1.E0));
#3501=AXIS2_PLACEMENT_3D('',#3498,#3499,#3500);
#3502=PLANE('',#3501);
#3504=ORIENTED_EDGE('',*,*,#3503,.T.);
#3506=ORIENTED_EDGE('',*,*,#3505,.T.);
#3508=ORIENTED_EDGE('',*,*,#3507,.T.);
#3510=ORIENTED_EDGE('',*,*,#3509,.F.);
#3511=EDGE_LOOP('',(#3504,#3506,#3508,#3510));
#3512=FACE_OUTER_BOUND('',#3511,.F.);
#3513=ADVANCED_FACE('',(#3512),#3502,.T.);
#3514=CARTESIAN_POINT('',(-2.48E0,9.377685839078E-3,1.987348385653E0));
#3515=DIRECTION('',(0.E0,-1.E0,0.E0));
#3516=DIRECTION('',(0.E0,0.E0,-1.E0));
#3517=AXIS2_PLACEMENT_3D('',#3514,#3515,#3516);
#3518=PLANE('',#3517);
#3520=ORIENTED_EDGE('',*,*,#3519,.T.);
#3522=ORIENTED_EDGE('',*,*,#3521,.T.);
#3524=ORIENTED_EDGE('',*,*,#3523,.T.);
#3526=ORIENTED_EDGE('',*,*,#3525,.F.);
#3527=EDGE_LOOP('',(#3520,#3522,#3524,#3526));
#3528=FACE_OUTER_BOUND('',#3527,.F.);
#3529=ADVANCED_FACE('',(#3528),#3518,.T.);
#3530=CARTESIAN_POINT('',(-2.48E0,9.377685839078E-3,1.987348385653E0));
#3531=DIRECTION('',(0.E0,-1.E0,0.E0));
#3532=DIRECTION('',(0.E0,0.E0,-1.E0));
#3533=AXIS2_PLACEMENT_3D('',#3530,#3531,#3532);
#3534=PLANE('',#3533);
#3536=ORIENTED_EDGE('',*,*,#3535,.T.);
#3538=ORIENTED_EDGE('',*,*,#3537,.T.);
#3540=ORIENTED_EDGE('',*,*,#3539,.T.);
#3542=ORIENTED_EDGE('',*,*,#3541,.F.);
#3543=EDGE_LOOP('',(#3536,#3538,#3540,#3542));
#3544=FACE_OUTER_BOUND('',#3543,.F.);
#3545=ADVANCED_FACE('',(#3544),#3534,.T.);
#3546=CARTESIAN_POINT('',(-2.48E0,9.377685839078E-3,1.987348385653E0));
#3547=DIRECTION('',(0.E0,-1.E0,0.E0));
#3548=DIRECTION('',(0.E0,0.E0,-1.E0));
#3549=AXIS2_PLACEMENT_3D('',#3546,#3547,#3548);
#3550=PLANE('',#3549);
#3552=ORIENTED_EDGE('',*,*,#3551,.T.);
#3554=ORIENTED_EDGE('',*,*,#3553,.T.);
#3556=ORIENTED_EDGE('',*,*,#3555,.T.);
#3558=ORIENTED_EDGE('',*,*,#3557,.F.);
#3559=EDGE_LOOP('',(#3552,#3554,#3556,#3558));
#3560=FACE_OUTER_BOUND('',#3559,.F.);
#3561=ADVANCED_FACE('',(#3560),#3550,.T.);
#3562=CARTESIAN_POINT('',(-2.48E0,9.377685839078E-3,1.987348385653E0));
#3563=DIRECTION('',(0.E0,-1.E0,0.E0));
#3564=DIRECTION('',(0.E0,0.E0,-1.E0));
#3565=AXIS2_PLACEMENT_3D('',#3562,#3563,#3564);
#3566=PLANE('',#3565);
#3567=ORIENTED_EDGE('',*,*,#3276,.T.);
#3568=ORIENTED_EDGE('',*,*,#3291,.T.);
#3569=ORIENTED_EDGE('',*,*,#3305,.T.);
#3570=ORIENTED_EDGE('',*,*,#3319,.T.);
#3571=ORIENTED_EDGE('',*,*,#3332,.T.);
#3572=EDGE_LOOP('',(#3567,#3568,#3569,#3570,#3571));
#3573=FACE_OUTER_BOUND('',#3572,.F.);
#3574=ADVANCED_FACE('',(#3573),#3566,.T.);
#3575=CARTESIAN_POINT('',(-2.48E0,9.377685839078E-3,1.987348385653E0));
#3576=DIRECTION('',(0.E0,-1.E0,0.E0));
#3577=DIRECTION('',(0.E0,0.E0,-1.E0));
#3578=AXIS2_PLACEMENT_3D('',#3575,#3576,#3577);
#3579=PLANE('',#3578);
#3581=ORIENTED_EDGE('',*,*,#3580,.F.);
#3583=ORIENTED_EDGE('',*,*,#3582,.T.);
#3585=ORIENTED_EDGE('',*,*,#3584,.F.);
#3587=ORIENTED_EDGE('',*,*,#3586,.F.);
#3588=EDGE_LOOP('',(#3581,#3583,#3585,#3587));
#3589=FACE_OUTER_BOUND('',#3588,.F.);
#3590=ADVANCED_FACE('',(#3589),#3579,.T.);
#3591=CARTESIAN_POINT('',(-2.48E0,9.377685839078E-3,1.987348385653E0));
#3592=DIRECTION('',(0.E0,-1.E0,0.E0));
#3593=DIRECTION('',(0.E0,0.E0,-1.E0));
#3594=AXIS2_PLACEMENT_3D('',#3591,#3592,#3593);
#3595=PLANE('',#3594);
#3597=ORIENTED_EDGE('',*,*,#3596,.T.);
#3599=ORIENTED_EDGE('',*,*,#3598,.T.);
#3601=ORIENTED_EDGE('',*,*,#3600,.T.);
#3603=ORIENTED_EDGE('',*,*,#3602,.F.);
#3604=EDGE_LOOP('',(#3597,#3599,#3601,#3603));
#3605=FACE_OUTER_BOUND('',#3604,.F.);
#3606=ADVANCED_FACE('',(#3605),#3595,.T.);
#3607=CARTESIAN_POINT('',(0.E0,0.E0,-1.6E0));
#3608=DIRECTION('',(0.E0,0.E0,1.E0));
#3609=DIRECTION('',(-1.E0,0.E0,0.E0));
#3610=AXIS2_PLACEMENT_3D('',#3607,#3608,#3609);
#3611=PLANE('',#3610);
#3612=ORIENTED_EDGE('',*,*,#3117,.F.);
#3614=ORIENTED_EDGE('',*,*,#3613,.T.);
#3615=ORIENTED_EDGE('',*,*,#3343,.T.);
#3617=ORIENTED_EDGE('',*,*,#3616,.T.);
#3618=EDGE_LOOP('',(#3612,#3614,#3615,#3617));
#3619=FACE_OUTER_BOUND('',#3618,.F.);
#3620=ADVANCED_FACE('',(#3619),#3611,.F.);
#3621=CARTESIAN_POINT('',(1.875E0,0.E0,-2.05E0));
#3622=DIRECTION('',(9.805806756909E-1,-1.961161351382E-1,0.E0));
#3623=DIRECTION('',(1.961161351382E-1,9.805806756909E-1,0.E0));
#3624=AXIS2_PLACEMENT_3D('',#3621,#3622,#3623);
#3625=PLANE('',#3624);
#3626=ORIENTED_EDGE('',*,*,#3251,.F.);
#3628=ORIENTED_EDGE('',*,*,#3627,.T.);
#3630=ORIENTED_EDGE('',*,*,#3629,.F.);
#3632=ORIENTED_EDGE('',*,*,#3631,.T.);
#3633=ORIENTED_EDGE('',*,*,#3345,.F.);
#3634=ORIENTED_EDGE('',*,*,#3613,.F.);
#3635=EDGE_LOOP('',(#3626,#3628,#3630,#3632,#3633,#3634));
#3636=FACE_OUTER_BOUND('',#3635,.F.);
#3637=ADVANCED_FACE('',(#3636),#3625,.F.);
#3638=CARTESIAN_POINT('',(2.5E0,0.E0,-2.E0));
#3639=DIRECTION('',(0.E0,0.E0,-1.E0));
#3640=DIRECTION('',(-1.E0,0.E0,0.E0));
#3641=AXIS2_PLACEMENT_3D('',#3638,#3639,#3640);
#3642=PLANE('',#3641);
#3643=ORIENTED_EDGE('',*,*,#3627,.F.);
#3644=ORIENTED_EDGE('',*,*,#3249,.F.);
#3646=ORIENTED_EDGE('',*,*,#3645,.T.);
#3648=ORIENTED_EDGE('',*,*,#3647,.T.);
#3650=ORIENTED_EDGE('',*,*,#3649,.F.);
#3651=ORIENTED_EDGE('',*,*,#3177,.F.);
#3653=ORIENTED_EDGE('',*,*,#3652,.F.);
#3655=ORIENTED_EDGE('',*,*,#3654,.T.);
#3657=ORIENTED_EDGE('',*,*,#3656,.F.);
#3658=ORIENTED_EDGE('',*,*,#3169,.F.);
#3660=ORIENTED_EDGE('',*,*,#3659,.F.);
#3662=ORIENTED_EDGE('',*,*,#3661,.T.);
#3664=ORIENTED_EDGE('',*,*,#3663,.F.);
#3665=ORIENTED_EDGE('',*,*,#3161,.F.);
#3667=ORIENTED_EDGE('',*,*,#3666,.F.);
#3669=ORIENTED_EDGE('',*,*,#3668,.T.);
#3671=ORIENTED_EDGE('',*,*,#3670,.F.);
#3672=ORIENTED_EDGE('',*,*,#3153,.F.);
#3674=ORIENTED_EDGE('',*,*,#3673,.F.);
#3676=ORIENTED_EDGE('',*,*,#3675,.T.);
#3678=ORIENTED_EDGE('',*,*,#3677,.F.);
#3679=ORIENTED_EDGE('',*,*,#3145,.F.);
#3681=ORIENTED_EDGE('',*,*,#3680,.F.);
#3683=ORIENTED_EDGE('',*,*,#3682,.T.);
#3685=ORIENTED_EDGE('',*,*,#3684,.F.);
#3686=ORIENTED_EDGE('',*,*,#3137,.F.);
#3688=ORIENTED_EDGE('',*,*,#3687,.F.);
#3690=ORIENTED_EDGE('',*,*,#3689,.T.);
#3692=ORIENTED_EDGE('',*,*,#3691,.F.);
#3693=ORIENTED_EDGE('',*,*,#3129,.F.);
#3695=ORIENTED_EDGE('',*,*,#3694,.F.);
#3697=ORIENTED_EDGE('',*,*,#3696,.T.);
#3699=ORIENTED_EDGE('',*,*,#3698,.F.);
#3700=ORIENTED_EDGE('',*,*,#3121,.F.);
#3702=ORIENTED_EDGE('',*,*,#3701,.F.);
#3704=ORIENTED_EDGE('',*,*,#3703,.T.);
#3705=EDGE_LOOP('',(#3643,#3644,#3646,#3648,#3650,#3651,#3653,#3655,#3657,#3658,
#3660,#3662,#3664,#3665,#3667,#3669,#3671,#3672,#3674,#3676,#3678,#3679,#3681,
#3683,#3685,#3686,#3688,#3690,#3692,#3693,#3695,#3697,#3699,#3700,#3702,#3704));
#3706=FACE_OUTER_BOUND('',#3705,.F.);
#3707=ADVANCED_FACE('',(#3706),#3642,.T.);
#3708=CARTESIAN_POINT('',(2.5E0,0.E0,2.E0));
#3709=DIRECTION('',(1.E0,0.E0,0.E0));
#3710=DIRECTION('',(0.E0,0.E0,-1.E0));
#3711=AXIS2_PLACEMENT_3D('',#3708,#3709,#3710);
#3712=PLANE('',#3711);
#3713=ORIENTED_EDGE('',*,*,#3247,.F.);
#3715=ORIENTED_EDGE('',*,*,#3714,.T.);
#3717=ORIENTED_EDGE('',*,*,#3716,.T.);
#3718=ORIENTED_EDGE('',*,*,#3645,.F.);
#3719=EDGE_LOOP('',(#3713,#3715,#3717,#3718));
#3720=FACE_OUTER_BOUND('',#3719,.F.);
#3722=ORIENTED_EDGE('',*,*,#3721,.F.);
#3724=ORIENTED_EDGE('',*,*,#3723,.F.);
#3726=ORIENTED_EDGE('',*,*,#3725,.F.);
#3728=ORIENTED_EDGE('',*,*,#3727,.F.);
#3729=EDGE_LOOP('',(#3722,#3724,#3726,#3728));
#3730=FACE_BOUND('',#3729,.F.);
#3732=ORIENTED_EDGE('',*,*,#3731,.T.);
#3734=ORIENTED_EDGE('',*,*,#3733,.F.);
#3736=ORIENTED_EDGE('',*,*,#3735,.T.);
#3738=ORIENTED_EDGE('',*,*,#3737,.F.);
#3739=EDGE_LOOP('',(#3732,#3734,#3736,#3738));
#3740=FACE_BOUND('',#3739,.F.);
#3741=ADVANCED_FACE('',(#3720,#3730,#3740),#3712,.T.);
#3742=CARTESIAN_POINT('',(-2.5E0,0.E0,2.E0));
#3743=DIRECTION('',(0.E0,0.E0,1.E0));
#3744=DIRECTION('',(1.E0,0.E0,0.E0));
#3745=AXIS2_PLACEMENT_3D('',#3742,#3743,#3744);
#3746=PLANE('',#3745);
#3748=ORIENTED_EDGE('',*,*,#3747,.T.);
#3750=ORIENTED_EDGE('',*,*,#3749,.T.);
#3752=ORIENTED_EDGE('',*,*,#3751,.T.);
#3753=ORIENTED_EDGE('',*,*,#3237,.F.);
#3755=ORIENTED_EDGE('',*,*,#3754,.T.);
#3757=ORIENTED_EDGE('',*,*,#3756,.T.);
#3759=ORIENTED_EDGE('',*,*,#3758,.T.);
#3760=ORIENTED_EDGE('',*,*,#3229,.F.);
#3762=ORIENTED_EDGE('',*,*,#3761,.T.);
#3764=ORIENTED_EDGE('',*,*,#3763,.T.);
#3766=ORIENTED_EDGE('',*,*,#3765,.T.);
#3767=ORIENTED_EDGE('',*,*,#3221,.F.);
#3769=ORIENTED_EDGE('',*,*,#3768,.T.);
#3771=ORIENTED_EDGE('',*,*,#3770,.T.);
#3773=ORIENTED_EDGE('',*,*,#3772,.T.);
#3774=ORIENTED_EDGE('',*,*,#3213,.F.);
#3776=ORIENTED_EDGE('',*,*,#3775,.T.);
#3778=ORIENTED_EDGE('',*,*,#3777,.T.);
#3780=ORIENTED_EDGE('',*,*,#3779,.T.);
#3781=ORIENTED_EDGE('',*,*,#3205,.F.);
#3783=ORIENTED_EDGE('',*,*,#3782,.T.);
#3785=ORIENTED_EDGE('',*,*,#3784,.T.);
#3787=ORIENTED_EDGE('',*,*,#3786,.T.);
#3788=ORIENTED_EDGE('',*,*,#3197,.F.);
#3790=ORIENTED_EDGE('',*,*,#3789,.T.);
#3792=ORIENTED_EDGE('',*,*,#3791,.T.);
#3794=ORIENTED_EDGE('',*,*,#3793,.T.);
#3795=ORIENTED_EDGE('',*,*,#3189,.F.);
#3797=ORIENTED_EDGE('',*,*,#3796,.T.);
#3799=ORIENTED_EDGE('',*,*,#3798,.T.);
#3801=ORIENTED_EDGE('',*,*,#3800,.T.);
#3802=ORIENTED_EDGE('',*,*,#3181,.F.);
#3804=ORIENTED_EDGE('',*,*,#3803,.T.);
#3806=ORIENTED_EDGE('',*,*,#3805,.T.);
#3807=ORIENTED_EDGE('',*,*,#3714,.F.);
#3808=ORIENTED_EDGE('',*,*,#3245,.F.);
#3809=EDGE_LOOP('',(#3748,#3750,#3752,#3753,#3755,#3757,#3759,#3760,#3762,#3764,
#3766,#3767,#3769,#3771,#3773,#3774,#3776,#3778,#3780,#3781,#3783,#3785,#3787,
#3788,#3790,#3792,#3794,#3795,#3797,#3799,#3801,#3802,#3804,#3806,#3807,#3808));
#3810=FACE_OUTER_BOUND('',#3809,.F.);
#3811=ADVANCED_FACE('',(#3810),#3746,.T.);
#3812=CARTESIAN_POINT('',(1.875E0,0.E0,2.05E0));
#3813=DIRECTION('',(-9.805806756909E-1,1.961161351382E-1,0.E0));
#3814=DIRECTION('',(1.961161351382E-1,9.805806756909E-1,0.E0));
#3815=AXIS2_PLACEMENT_3D('',#3812,#3813,#3814);
#3816=PLANE('',#3815);
#3817=ORIENTED_EDGE('',*,*,#3243,.T.);
#3819=ORIENTED_EDGE('',*,*,#3818,.T.);
#3820=ORIENTED_EDGE('',*,*,#3461,.T.);
#3822=ORIENTED_EDGE('',*,*,#3821,.F.);
#3824=ORIENTED_EDGE('',*,*,#3823,.T.);
#3825=ORIENTED_EDGE('',*,*,#3747,.F.);
#3826=EDGE_LOOP('',(#3817,#3819,#3820,#3822,#3824,#3825));
#3827=FACE_OUTER_BOUND('',#3826,.F.);
#3828=ADVANCED_FACE('',(#3827),#3816,.T.);
#3829=CARTESIAN_POINT('',(0.E0,0.E0,1.6E0));
#3830=DIRECTION('',(0.E0,0.E0,1.E0));
#3831=DIRECTION('',(-1.E0,0.E0,0.E0));
#3832=AXIS2_PLACEMENT_3D('',#3829,#3830,#3831);
#3833=PLANE('',#3832);
#3834=ORIENTED_EDGE('',*,*,#3241,.T.);
#3836=ORIENTED_EDGE('',*,*,#3835,.F.);
#3837=ORIENTED_EDGE('',*,*,#3455,.F.);
#3838=ORIENTED_EDGE('',*,*,#3818,.F.);
#3839=EDGE_LOOP('',(#3834,#3836,#3837,#3838));
#3840=FACE_OUTER_BOUND('',#3839,.F.);
#3841=ADVANCED_FACE('',(#3840),#3833,.T.);
#3842=CARTESIAN_POINT('',(1.585E0,2.E-1,2.05E0));
#3843=DIRECTION('',(9.805806756909E-1,1.961161351382E-1,0.E0));
#3844=DIRECTION('',(1.961161351382E-1,-9.805806756909E-1,0.E0));
#3845=AXIS2_PLACEMENT_3D('',#3842,#3843,#3844);
#3846=PLANE('',#3845);
#3847=ORIENTED_EDGE('',*,*,#3239,.F.);
#3848=ORIENTED_EDGE('',*,*,#3751,.F.);
#3850=ORIENTED_EDGE('',*,*,#3849,.F.);
#3852=ORIENTED_EDGE('',*,*,#3851,.T.);
#3853=ORIENTED_EDGE('',*,*,#3457,.F.);
#3854=ORIENTED_EDGE('',*,*,#3835,.T.);
#3855=EDGE_LOOP('',(#3847,#3848,#3850,#3852,#3853,#3854));
#3856=FACE_OUTER_BOUND('',#3855,.F.);
#3857=ADVANCED_FACE('',(#3856),#3846,.T.);
#3858=CARTESIAN_POINT('',(2.E0,1.65E-1,1.965E0));
#3859=DIRECTION('',(-1.E0,0.E0,0.E0));
#3860=DIRECTION('',(0.E0,0.E0,-1.E0));
#3861=AXIS2_PLACEMENT_3D('',#3858,#3859,#3860);
#3862=CYLINDRICAL_SURFACE('',#3861,6.5E-2);
#3863=ORIENTED_EDGE('',*,*,#3749,.F.);
#3864=ORIENTED_EDGE('',*,*,#3823,.F.);
#3866=ORIENTED_EDGE('',*,*,#3865,.T.);
#3867=ORIENTED_EDGE('',*,*,#3849,.T.);
#3868=EDGE_LOOP('',(#3863,#3864,#3866,#3867));
#3869=FACE_OUTER_BOUND('',#3868,.F.);
#3870=ADVANCED_FACE('',(#3869),#3862,.T.);
#3871=CARTESIAN_POINT('',(2.E0,1.65E-1,1.965E0));
#3872=DIRECTION('',(-1.E0,0.E0,0.E0));
#3873=DIRECTION('',(0.E0,0.E0,-1.E0));
#3874=AXIS2_PLACEMENT_3D('',#3871,#3872,#3873);
#3875=CYLINDRICAL_SURFACE('',#3874,6.5E-2);
#3876=ORIENTED_EDGE('',*,*,#3756,.F.);
#3878=ORIENTED_EDGE('',*,*,#3877,.F.);
#3880=ORIENTED_EDGE('',*,*,#3879,.T.);
#3882=ORIENTED_EDGE('',*,*,#3881,.T.);
#3883=EDGE_LOOP('',(#3876,#3878,#3880,#3882));
#3884=FACE_OUTER_BOUND('',#3883,.F.);
#3885=ADVANCED_FACE('',(#3884),#3875,.T.);
#3886=CARTESIAN_POINT('',(2.E0,1.65E-1,1.965E0));
#3887=DIRECTION('',(-1.E0,0.E0,0.E0));
#3888=DIRECTION('',(0.E0,0.E0,-1.E0));
#3889=AXIS2_PLACEMENT_3D('',#3886,#3887,#3888);
#3890=CYLINDRICAL_SURFACE('',#3889,6.5E-2);
#3891=ORIENTED_EDGE('',*,*,#3763,.F.);
#3893=ORIENTED_EDGE('',*,*,#3892,.F.);
#3895=ORIENTED_EDGE('',*,*,#3894,.T.);
#3897=ORIENTED_EDGE('',*,*,#3896,.T.);
#3898=EDGE_LOOP('',(#3891,#3893,#3895,#3897));
#3899=FACE_OUTER_BOUND('',#3898,.F.);
#3900=ADVANCED_FACE('',(#3899),#3890,.T.);
#3901=CARTESIAN_POINT('',(2.E0,1.65E-1,1.965E0));
#3902=DIRECTION('',(-1.E0,0.E0,0.E0));
#3903=DIRECTION('',(0.E0,0.E0,-1.E0));
#3904=AXIS2_PLACEMENT_3D('',#3901,#3902,#3903);
#3905=CYLINDRICAL_SURFACE('',#3904,6.5E-2);
#3906=ORIENTED_EDGE('',*,*,#3770,.F.);
#3908=ORIENTED_EDGE('',*,*,#3907,.F.);
#3910=ORIENTED_EDGE('',*,*,#3909,.T.);
#3912=ORIENTED_EDGE('',*,*,#3911,.T.);
#3913=EDGE_LOOP('',(#3906,#3908,#3910,#3912));
#3914=FACE_OUTER_BOUND('',#3913,.F.);
#3915=ADVANCED_FACE('',(#3914),#3905,.T.);
#3916=CARTESIAN_POINT('',(2.E0,1.65E-1,1.965E0));
#3917=DIRECTION('',(-1.E0,0.E0,0.E0));
#3918=DIRECTION('',(0.E0,0.E0,-1.E0));
#3919=AXIS2_PLACEMENT_3D('',#3916,#3917,#3918);
#3920=CYLINDRICAL_SURFACE('',#3919,6.5E-2);
#3921=ORIENTED_EDGE('',*,*,#3777,.F.);
#3923=ORIENTED_EDGE('',*,*,#3922,.F.);
#3925=ORIENTED_EDGE('',*,*,#3924,.T.);
#3927=ORIENTED_EDGE('',*,*,#3926,.T.);
#3928=EDGE_LOOP('',(#3921,#3923,#3925,#3927));
#3929=FACE_OUTER_BOUND('',#3928,.F.);
#3930=ADVANCED_FACE('',(#3929),#3920,.T.);
#3931=CARTESIAN_POINT('',(2.E0,1.65E-1,1.965E0));
#3932=DIRECTION('',(-1.E0,0.E0,0.E0));
#3933=DIRECTION('',(0.E0,0.E0,-1.E0));
#3934=AXIS2_PLACEMENT_3D('',#3931,#3932,#3933);
#3935=CYLINDRICAL_SURFACE('',#3934,6.5E-2);
#3936=ORIENTED_EDGE('',*,*,#3784,.F.);
#3938=ORIENTED_EDGE('',*,*,#3937,.F.);
#3940=ORIENTED_EDGE('',*,*,#3939,.T.);
#3942=ORIENTED_EDGE('',*,*,#3941,.T.);
#3943=EDGE_LOOP('',(#3936,#3938,#3940,#3942));
#3944=FACE_OUTER_BOUND('',#3943,.F.);
#3945=ADVANCED_FACE('',(#3944),#3935,.T.);
#3946=CARTESIAN_POINT('',(2.E0,1.65E-1,1.965E0));
#3947=DIRECTION('',(-1.E0,0.E0,0.E0));
#3948=DIRECTION('',(0.E0,0.E0,-1.E0));
#3949=AXIS2_PLACEMENT_3D('',#3946,#3947,#3948);
#3950=CYLINDRICAL_SURFACE('',#3949,6.5E-2);
#3951=ORIENTED_EDGE('',*,*,#3791,.F.);
#3953=ORIENTED_EDGE('',*,*,#3952,.F.);
#3955=ORIENTED_EDGE('',*,*,#3954,.T.);
#3957=ORIENTED_EDGE('',*,*,#3956,.T.);
#3958=EDGE_LOOP('',(#3951,#3953,#3955,#3957));
#3959=FACE_OUTER_BOUND('',#3958,.F.);
#3960=ADVANCED_FACE('',(#3959),#3950,.T.);
#3961=CARTESIAN_POINT('',(2.E0,1.65E-1,1.965E0));
#3962=DIRECTION('',(-1.E0,0.E0,0.E0));
#3963=DIRECTION('',(0.E0,0.E0,-1.E0));
#3964=AXIS2_PLACEMENT_3D('',#3961,#3962,#3963);
#3965=CYLINDRICAL_SURFACE('',#3964,6.5E-2);
#3966=ORIENTED_EDGE('',*,*,#3798,.F.);
#3968=ORIENTED_EDGE('',*,*,#3967,.F.);
#3970=ORIENTED_EDGE('',*,*,#3969,.T.);
#3972=ORIENTED_EDGE('',*,*,#3971,.T.);
#3973=EDGE_LOOP('',(#3966,#3968,#3970,#3972));
#3974=FACE_OUTER_BOUND('',#3973,.F.);
#3975=ADVANCED_FACE('',(#3974),#3965,.T.);
#3976=CARTESIAN_POINT('',(-2.48E0,2.348494776003E-1,1.987348385653E0));
#3977=DIRECTION('',(0.E0,0.E0,1.E0));
#3978=DIRECTION('',(0.E0,-1.E0,0.E0));
#3979=AXIS2_PLACEMENT_3D('',#3976,#3977,#3978);
#3980=PLANE('',#3979);
#3981=ORIENTED_EDGE('',*,*,#3821,.T.);
#3982=ORIENTED_EDGE('',*,*,#3459,.F.);
#3983=ORIENTED_EDGE('',*,*,#3851,.F.);
#3984=ORIENTED_EDGE('',*,*,#3865,.F.);
#3985=EDGE_LOOP('',(#3981,#3982,#3983,#3984));
#3986=FACE_OUTER_BOUND('',#3985,.F.);
#3987=ADVANCED_FACE('',(#3986),#3980,.T.);
#3988=CARTESIAN_POINT('',(-2.48E0,2.348494776003E-1,1.987348385653E0));
#3989=DIRECTION('',(0.E0,0.E0,1.E0));
#3990=DIRECTION('',(0.E0,-1.E0,0.E0));
#3991=AXIS2_PLACEMENT_3D('',#3988,#3989,#3990);
#3992=PLANE('',#3991);
#3994=ORIENTED_EDGE('',*,*,#3993,.T.);
#3995=ORIENTED_EDGE('',*,*,#3475,.F.);
#3997=ORIENTED_EDGE('',*,*,#3996,.F.);
#3998=ORIENTED_EDGE('',*,*,#3879,.F.);
#3999=EDGE_LOOP('',(#3994,#3995,#3997,#3998));
#4000=FACE_OUTER_BOUND('',#3999,.F.);
#4001=ADVANCED_FACE('',(#4000),#3992,.T.);
#4002=CARTESIAN_POINT('',(-2.48E0,2.348494776003E-1,1.987348385653E0));
#4003=DIRECTION('',(0.E0,0.E0,1.E0));
#4004=DIRECTION('',(0.E0,-1.E0,0.E0));
#4005=AXIS2_PLACEMENT_3D('',#4002,#4003,#4004);
#4006=PLANE('',#4005);
#4008=ORIENTED_EDGE('',*,*,#4007,.T.);
#4009=ORIENTED_EDGE('',*,*,#3491,.F.);
#4011=ORIENTED_EDGE('',*,*,#4010,.F.);
#4012=ORIENTED_EDGE('',*,*,#3894,.F.);
#4013=EDGE_LOOP('',(#4008,#4009,#4011,#4012));
#4014=FACE_OUTER_BOUND('',#4013,.F.);
#4015=ADVANCED_FACE('',(#4014),#4006,.T.);
#4016=CARTESIAN_POINT('',(-2.48E0,2.348494776003E-1,1.987348385653E0));
#4017=DIRECTION('',(0.E0,0.E0,1.E0));
#4018=DIRECTION('',(0.E0,-1.E0,0.E0));
#4019=AXIS2_PLACEMENT_3D('',#4016,#4017,#4018);
#4020=PLANE('',#4019);
#4022=ORIENTED_EDGE('',*,*,#4021,.T.);
#4023=ORIENTED_EDGE('',*,*,#3507,.F.);
#4025=ORIENTED_EDGE('',*,*,#4024,.F.);
#4026=ORIENTED_EDGE('',*,*,#3909,.F.);
#4027=EDGE_LOOP('',(#4022,#4023,#4025,#4026));
#4028=FACE_OUTER_BOUND('',#4027,.F.);
#4029=ADVANCED_FACE('',(#4028),#4020,.T.);
#4030=CARTESIAN_POINT('',(-2.48E0,2.348494776003E-1,1.987348385653E0));
#4031=DIRECTION('',(0.E0,0.E0,1.E0));
#4032=DIRECTION('',(0.E0,-1.E0,0.E0));
#4033=AXIS2_PLACEMENT_3D('',#4030,#4031,#4032);
#4034=PLANE('',#4033);
#4036=ORIENTED_EDGE('',*,*,#4035,.T.);
#4037=ORIENTED_EDGE('',*,*,#3523,.F.);
#4039=ORIENTED_EDGE('',*,*,#4038,.F.);
#4040=ORIENTED_EDGE('',*,*,#3924,.F.);
#4041=EDGE_LOOP('',(#4036,#4037,#4039,#4040));
#4042=FACE_OUTER_BOUND('',#4041,.F.);
#4043=ADVANCED_FACE('',(#4042),#4034,.T.);
#4044=CARTESIAN_POINT('',(-2.48E0,2.348494776003E-1,1.987348385653E0));
#4045=DIRECTION('',(0.E0,0.E0,1.E0));
#4046=DIRECTION('',(0.E0,-1.E0,0.E0));
#4047=AXIS2_PLACEMENT_3D('',#4044,#4045,#4046);
#4048=PLANE('',#4047);
#4050=ORIENTED_EDGE('',*,*,#4049,.T.);
#4051=ORIENTED_EDGE('',*,*,#3539,.F.);
#4053=ORIENTED_EDGE('',*,*,#4052,.F.);
#4054=ORIENTED_EDGE('',*,*,#3939,.F.);
#4055=EDGE_LOOP('',(#4050,#4051,#4053,#4054));
#4056=FACE_OUTER_BOUND('',#4055,.F.);
#4057=ADVANCED_FACE('',(#4056),#4048,.T.);
#4058=CARTESIAN_POINT('',(-2.48E0,2.348494776003E-1,1.987348385653E0));
#4059=DIRECTION('',(0.E0,0.E0,1.E0));
#4060=DIRECTION('',(0.E0,-1.E0,0.E0));
#4061=AXIS2_PLACEMENT_3D('',#4058,#4059,#4060);
#4062=PLANE('',#4061);
#4064=ORIENTED_EDGE('',*,*,#4063,.T.);
#4065=ORIENTED_EDGE('',*,*,#3555,.F.);
#4067=ORIENTED_EDGE('',*,*,#4066,.F.);
#4068=ORIENTED_EDGE('',*,*,#3954,.F.);
#4069=EDGE_LOOP('',(#4064,#4065,#4067,#4068));
#4070=FACE_OUTER_BOUND('',#4069,.F.);
#4071=ADVANCED_FACE('',(#4070),#4062,.T.);
#4072=CARTESIAN_POINT('',(-2.48E0,2.348494776003E-1,1.987348385653E0));
#4073=DIRECTION('',(0.E0,0.E0,1.E0));
#4074=DIRECTION('',(0.E0,-1.E0,0.E0));
#4075=AXIS2_PLACEMENT_3D('',#4072,#4073,#4074);
#4076=PLANE('',#4075);
#4077=ORIENTED_EDGE('',*,*,#3969,.F.);
#4079=ORIENTED_EDGE('',*,*,#4078,.T.);
#4080=ORIENTED_EDGE('',*,*,#3600,.F.);
#4082=ORIENTED_EDGE('',*,*,#4081,.F.);
#4083=EDGE_LOOP('',(#4077,#4079,#4080,#4082));
#4084=FACE_OUTER_BOUND('',#4083,.F.);
#4085=ADVANCED_FACE('',(#4084),#4076,.T.);
#4086=CARTESIAN_POINT('',(1.375E0,0.E0,2.05E0));
#4087=DIRECTION('',(-9.805806756909E-1,1.961161351382E-1,0.E0));
#4088=DIRECTION('',(1.961161351382E-1,9.805806756909E-1,0.E0));
#4089=AXIS2_PLACEMENT_3D('',#4086,#4087,#4088);
#4090=PLANE('',#4089);
#4091=ORIENTED_EDGE('',*,*,#3235,.T.);
#4093=ORIENTED_EDGE('',*,*,#4092,.T.);
#4094=ORIENTED_EDGE('',*,*,#3477,.T.);
#4095=ORIENTED_EDGE('',*,*,#3993,.F.);
#4096=ORIENTED_EDGE('',*,*,#3877,.T.);
#4097=ORIENTED_EDGE('',*,*,#3754,.F.);
#4098=EDGE_LOOP('',(#4091,#4093,#4094,#4095,#4096,#4097));
#4099=FACE_OUTER_BOUND('',#4098,.F.);
#4100=ADVANCED_FACE('',(#4099),#4090,.T.);
#4101=CARTESIAN_POINT('',(0.E0,0.E0,1.6E0));
#4102=DIRECTION('',(0.E0,0.E0,1.E0));
#4103=DIRECTION('',(-1.E0,0.E0,0.E0));
#4104=AXIS2_PLACEMENT_3D('',#4101,#4102,#4103);
#4105=PLANE('',#4104);
#4106=ORIENTED_EDGE('',*,*,#3233,.T.);
#4108=ORIENTED_EDGE('',*,*,#4107,.F.);
#4109=ORIENTED_EDGE('',*,*,#3471,.F.);
#4110=ORIENTED_EDGE('',*,*,#4092,.F.);
#4111=EDGE_LOOP('',(#4106,#4108,#4109,#4110));
#4112=FACE_OUTER_BOUND('',#4111,.F.);
#4113=ADVANCED_FACE('',(#4112),#4105,.T.);
#4114=CARTESIAN_POINT('',(1.085E0,2.E-1,2.05E0));
#4115=DIRECTION('',(9.805806756909E-1,1.961161351382E-1,0.E0));
#4116=DIRECTION('',(1.961161351382E-1,-9.805806756909E-1,0.E0));
#4117=AXIS2_PLACEMENT_3D('',#4114,#4115,#4116);
#4118=PLANE('',#4117);
#4119=ORIENTED_EDGE('',*,*,#3231,.F.);
#4120=ORIENTED_EDGE('',*,*,#3758,.F.);
#4121=ORIENTED_EDGE('',*,*,#3881,.F.);
#4122=ORIENTED_EDGE('',*,*,#3996,.T.);
#4123=ORIENTED_EDGE('',*,*,#3473,.F.);
#4124=ORIENTED_EDGE('',*,*,#4107,.T.);
#4125=EDGE_LOOP('',(#4119,#4120,#4121,#4122,#4123,#4124));
#4126=FACE_OUTER_BOUND('',#4125,.F.);
#4127=ADVANCED_FACE('',(#4126),#4118,.T.);
#4128=CARTESIAN_POINT('',(8.75E-1,0.E0,2.05E0));
#4129=DIRECTION('',(-9.805806756909E-1,1.961161351382E-1,0.E0));
#4130=DIRECTION('',(1.961161351382E-1,9.805806756909E-1,0.E0));
#4131=AXIS2_PLACEMENT_3D('',#4128,#4129,#4130);
#4132=PLANE('',#4131);
#4133=ORIENTED_EDGE('',*,*,#3227,.T.);
#4135=ORIENTED_EDGE('',*,*,#4134,.T.);
#4136=ORIENTED_EDGE('',*,*,#3493,.T.);
#4137=ORIENTED_EDGE('',*,*,#4007,.F.);
#4138=ORIENTED_EDGE('',*,*,#3892,.T.);
#4139=ORIENTED_EDGE('',*,*,#3761,.F.);
#4140=EDGE_LOOP('',(#4133,#4135,#4136,#4137,#4138,#4139));
#4141=FACE_OUTER_BOUND('',#4140,.F.);
#4142=ADVANCED_FACE('',(#4141),#4132,.T.);
#4143=CARTESIAN_POINT('',(0.E0,0.E0,1.6E0));
#4144=DIRECTION('',(0.E0,0.E0,1.E0));
#4145=DIRECTION('',(-1.E0,0.E0,0.E0));
#4146=AXIS2_PLACEMENT_3D('',#4143,#4144,#4145);
#4147=PLANE('',#4146);
#4148=ORIENTED_EDGE('',*,*,#3225,.T.);
#4150=ORIENTED_EDGE('',*,*,#4149,.F.);
#4151=ORIENTED_EDGE('',*,*,#3487,.F.);
#4152=ORIENTED_EDGE('',*,*,#4134,.F.);
#4153=EDGE_LOOP('',(#4148,#4150,#4151,#4152));
#4154=FACE_OUTER_BOUND('',#4153,.F.);
#4155=ADVANCED_FACE('',(#4154),#4147,.T.);
#4156=CARTESIAN_POINT('',(5.85E-1,2.E-1,2.05E0));
#4157=DIRECTION('',(9.805806756909E-1,1.961161351382E-1,0.E0));
#4158=DIRECTION('',(1.961161351382E-1,-9.805806756909E-1,0.E0));
#4159=AXIS2_PLACEMENT_3D('',#4156,#4157,#4158);
#4160=PLANE('',#4159);
#4161=ORIENTED_EDGE('',*,*,#3223,.F.);
#4162=ORIENTED_EDGE('',*,*,#3765,.F.);
#4163=ORIENTED_EDGE('',*,*,#3896,.F.);
#4164=ORIENTED_EDGE('',*,*,#4010,.T.);
#4165=ORIENTED_EDGE('',*,*,#3489,.F.);
#4166=ORIENTED_EDGE('',*,*,#4149,.T.);
#4167=EDGE_LOOP('',(#4161,#4162,#4163,#4164,#4165,#4166));
#4168=FACE_OUTER_BOUND('',#4167,.F.);
#4169=ADVANCED_FACE('',(#4168),#4160,.T.);
#4170=CARTESIAN_POINT('',(3.75E-1,0.E0,2.05E0));
#4171=DIRECTION('',(-9.805806756909E-1,1.961161351382E-1,0.E0));
#4172=DIRECTION('',(1.961161351382E-1,9.805806756909E-1,0.E0));
#4173=AXIS2_PLACEMENT_3D('',#4170,#4171,#4172);
#4174=PLANE('',#4173);
#4175=ORIENTED_EDGE('',*,*,#3219,.T.);
#4177=ORIENTED_EDGE('',*,*,#4176,.T.);
#4178=ORIENTED_EDGE('',*,*,#3509,.T.);
#4179=ORIENTED_EDGE('',*,*,#4021,.F.);
#4180=ORIENTED_EDGE('',*,*,#3907,.T.);
#4181=ORIENTED_EDGE('',*,*,#3768,.F.);
#4182=EDGE_LOOP('',(#4175,#4177,#4178,#4179,#4180,#4181));
#4183=FACE_OUTER_BOUND('',#4182,.F.);
#4184=ADVANCED_FACE('',(#4183),#4174,.T.);
#4185=CARTESIAN_POINT('',(0.E0,0.E0,1.6E0));
#4186=DIRECTION('',(0.E0,0.E0,1.E0));
#4187=DIRECTION('',(-1.E0,0.E0,0.E0));
#4188=AXIS2_PLACEMENT_3D('',#4185,#4186,#4187);
#4189=PLANE('',#4188);
#4190=ORIENTED_EDGE('',*,*,#3217,.T.);
#4192=ORIENTED_EDGE('',*,*,#4191,.F.);
#4193=ORIENTED_EDGE('',*,*,#3503,.F.);
#4194=ORIENTED_EDGE('',*,*,#4176,.F.);
#4195=EDGE_LOOP('',(#4190,#4192,#4193,#4194));
#4196=FACE_OUTER_BOUND('',#4195,.F.);
#4197=ADVANCED_FACE('',(#4196),#4189,.T.);
#4198=CARTESIAN_POINT('',(8.5E-2,2.E-1,2.05E0));
#4199=DIRECTION('',(9.805806756909E-1,1.961161351382E-1,0.E0));
#4200=DIRECTION('',(1.961161351382E-1,-9.805806756909E-1,0.E0));
#4201=AXIS2_PLACEMENT_3D('',#4198,#4199,#4200);
#4202=PLANE('',#4201);
#4203=ORIENTED_EDGE('',*,*,#3215,.F.);
#4204=ORIENTED_EDGE('',*,*,#3772,.F.);
#4205=ORIENTED_EDGE('',*,*,#3911,.F.);
#4206=ORIENTED_EDGE('',*,*,#4024,.T.);
#4207=ORIENTED_EDGE('',*,*,#3505,.F.);
#4208=ORIENTED_EDGE('',*,*,#4191,.T.);
#4209=EDGE_LOOP('',(#4203,#4204,#4205,#4206,#4207,#4208));
#4210=FACE_OUTER_BOUND('',#4209,.F.);
#4211=ADVANCED_FACE('',(#4210),#4202,.T.);
#4212=CARTESIAN_POINT('',(-1.25E-1,0.E0,2.05E0));
#4213=DIRECTION('',(-9.805806756909E-1,1.961161351382E-1,0.E0));
#4214=DIRECTION('',(1.961161351382E-1,9.805806756909E-1,0.E0));
#4215=AXIS2_PLACEMENT_3D('',#4212,#4213,#4214);
#4216=PLANE('',#4215);
#4217=ORIENTED_EDGE('',*,*,#3211,.T.);
#4219=ORIENTED_EDGE('',*,*,#4218,.T.);
#4220=ORIENTED_EDGE('',*,*,#3525,.T.);
#4221=ORIENTED_EDGE('',*,*,#4035,.F.);
#4222=ORIENTED_EDGE('',*,*,#3922,.T.);
#4223=ORIENTED_EDGE('',*,*,#3775,.F.);
#4224=EDGE_LOOP('',(#4217,#4219,#4220,#4221,#4222,#4223));
#4225=FACE_OUTER_BOUND('',#4224,.F.);
#4226=ADVANCED_FACE('',(#4225),#4216,.T.);
#4227=CARTESIAN_POINT('',(0.E0,0.E0,1.6E0));
#4228=DIRECTION('',(0.E0,0.E0,1.E0));
#4229=DIRECTION('',(-1.E0,0.E0,0.E0));
#4230=AXIS2_PLACEMENT_3D('',#4227,#4228,#4229);
#4231=PLANE('',#4230);
#4232=ORIENTED_EDGE('',*,*,#3209,.T.);
#4234=ORIENTED_EDGE('',*,*,#4233,.F.);
#4235=ORIENTED_EDGE('',*,*,#3519,.F.);
#4236=ORIENTED_EDGE('',*,*,#4218,.F.);
#4237=EDGE_LOOP('',(#4232,#4234,#4235,#4236));
#4238=FACE_OUTER_BOUND('',#4237,.F.);
#4239=ADVANCED_FACE('',(#4238),#4231,.T.);
#4240=CARTESIAN_POINT('',(-4.15E-1,2.E-1,2.05E0));
#4241=DIRECTION('',(9.805806756909E-1,1.961161351382E-1,0.E0));
#4242=DIRECTION('',(1.961161351382E-1,-9.805806756909E-1,0.E0));
#4243=AXIS2_PLACEMENT_3D('',#4240,#4241,#4242);
#4244=PLANE('',#4243);
#4245=ORIENTED_EDGE('',*,*,#3207,.F.);
#4246=ORIENTED_EDGE('',*,*,#3779,.F.);
#4247=ORIENTED_EDGE('',*,*,#3926,.F.);
#4248=ORIENTED_EDGE('',*,*,#4038,.T.);
#4249=ORIENTED_EDGE('',*,*,#3521,.F.);
#4250=ORIENTED_EDGE('',*,*,#4233,.T.);
#4251=EDGE_LOOP('',(#4245,#4246,#4247,#4248,#4249,#4250));
#4252=FACE_OUTER_BOUND('',#4251,.F.);
#4253=ADVANCED_FACE('',(#4252),#4244,.T.);
#4254=CARTESIAN_POINT('',(-6.25E-1,0.E0,2.05E0));
#4255=DIRECTION('',(-9.805806756909E-1,1.961161351382E-1,0.E0));
#4256=DIRECTION('',(1.961161351382E-1,9.805806756909E-1,0.E0));
#4257=AXIS2_PLACEMENT_3D('',#4254,#4255,#4256);
#4258=PLANE('',#4257);
#4259=ORIENTED_EDGE('',*,*,#3203,.T.);
#4261=ORIENTED_EDGE('',*,*,#4260,.T.);
#4262=ORIENTED_EDGE('',*,*,#3541,.T.);
#4263=ORIENTED_EDGE('',*,*,#4049,.F.);
#4264=ORIENTED_EDGE('',*,*,#3937,.T.);
#4265=ORIENTED_EDGE('',*,*,#3782,.F.);
#4266=EDGE_LOOP('',(#4259,#4261,#4262,#4263,#4264,#4265));
#4267=FACE_OUTER_BOUND('',#4266,.F.);
#4268=ADVANCED_FACE('',(#4267),#4258,.T.);
#4269=CARTESIAN_POINT('',(0.E0,0.E0,1.6E0));
#4270=DIRECTION('',(0.E0,0.E0,1.E0));
#4271=DIRECTION('',(-1.E0,0.E0,0.E0));
#4272=AXIS2_PLACEMENT_3D('',#4269,#4270,#4271);
#4273=PLANE('',#4272);
#4274=ORIENTED_EDGE('',*,*,#3201,.T.);
#4276=ORIENTED_EDGE('',*,*,#4275,.F.);
#4277=ORIENTED_EDGE('',*,*,#3535,.F.);
#4278=ORIENTED_EDGE('',*,*,#4260,.F.);
#4279=EDGE_LOOP('',(#4274,#4276,#4277,#4278));
#4280=FACE_OUTER_BOUND('',#4279,.F.);
#4281=ADVANCED_FACE('',(#4280),#4273,.T.);
#4282=CARTESIAN_POINT('',(-9.15E-1,2.E-1,2.05E0));
#4283=DIRECTION('',(9.805806756909E-1,1.961161351382E-1,0.E0));
#4284=DIRECTION('',(1.961161351382E-1,-9.805806756909E-1,0.E0));
#4285=AXIS2_PLACEMENT_3D('',#4282,#4283,#4284);
#4286=PLANE('',#4285);
#4287=ORIENTED_EDGE('',*,*,#3199,.F.);
#4288=ORIENTED_EDGE('',*,*,#3786,.F.);
#4289=ORIENTED_EDGE('',*,*,#3941,.F.);
#4290=ORIENTED_EDGE('',*,*,#4052,.T.);
#4291=ORIENTED_EDGE('',*,*,#3537,.F.);
#4292=ORIENTED_EDGE('',*,*,#4275,.T.);
#4293=EDGE_LOOP('',(#4287,#4288,#4289,#4290,#4291,#4292));
#4294=FACE_OUTER_BOUND('',#4293,.F.);
#4295=ADVANCED_FACE('',(#4294),#4286,.T.);
#4296=CARTESIAN_POINT('',(-1.125E0,0.E0,2.05E0));
#4297=DIRECTION('',(-9.805806756909E-1,1.961161351382E-1,0.E0));
#4298=DIRECTION('',(1.961161351382E-1,9.805806756909E-1,0.E0));
#4299=AXIS2_PLACEMENT_3D('',#4296,#4297,#4298);
#4300=PLANE('',#4299);
#4301=ORIENTED_EDGE('',*,*,#3195,.T.);
#4303=ORIENTED_EDGE('',*,*,#4302,.T.);
#4304=ORIENTED_EDGE('',*,*,#3557,.T.);
#4305=ORIENTED_EDGE('',*,*,#4063,.F.);
#4306=ORIENTED_EDGE('',*,*,#3952,.T.);
#4307=ORIENTED_EDGE('',*,*,#3789,.F.);
#4308=EDGE_LOOP('',(#4301,#4303,#4304,#4305,#4306,#4307));
#4309=FACE_OUTER_BOUND('',#4308,.F.);
#4310=ADVANCED_FACE('',(#4309),#4300,.T.);
#4311=CARTESIAN_POINT('',(0.E0,0.E0,1.6E0));
#4312=DIRECTION('',(0.E0,0.E0,1.E0));
#4313=DIRECTION('',(-1.E0,0.E0,0.E0));
#4314=AXIS2_PLACEMENT_3D('',#4311,#4312,#4313);
#4315=PLANE('',#4314);
#4316=ORIENTED_EDGE('',*,*,#3193,.T.);
#4318=ORIENTED_EDGE('',*,*,#4317,.F.);
#4319=ORIENTED_EDGE('',*,*,#3551,.F.);
#4320=ORIENTED_EDGE('',*,*,#4302,.F.);
#4321=EDGE_LOOP('',(#4316,#4318,#4319,#4320));
#4322=FACE_OUTER_BOUND('',#4321,.F.);
#4323=ADVANCED_FACE('',(#4322),#4315,.T.);
#4324=CARTESIAN_POINT('',(-1.415E0,2.E-1,2.05E0));
#4325=DIRECTION('',(9.805806756909E-1,1.961161351382E-1,0.E0));
#4326=DIRECTION('',(1.961161351382E-1,-9.805806756909E-1,0.E0));
#4327=AXIS2_PLACEMENT_3D('',#4324,#4325,#4326);
#4328=PLANE('',#4327);
#4329=ORIENTED_EDGE('',*,*,#3191,.F.);
#4330=ORIENTED_EDGE('',*,*,#3793,.F.);
#4331=ORIENTED_EDGE('',*,*,#3956,.F.);
#4332=ORIENTED_EDGE('',*,*,#4066,.T.);
#4333=ORIENTED_EDGE('',*,*,#3553,.F.);
#4334=ORIENTED_EDGE('',*,*,#4317,.T.);
#4335=EDGE_LOOP('',(#4329,#4330,#4331,#4332,#4333,#4334));
#4336=FACE_OUTER_BOUND('',#4335,.F.);
#4337=ADVANCED_FACE('',(#4336),#4328,.T.);
#4338=CARTESIAN_POINT('',(-1.625E0,0.E0,2.05E0));
#4339=DIRECTION('',(-9.805806756909E-1,1.961161351382E-1,0.E0));
#4340=DIRECTION('',(1.961161351382E-1,9.805806756909E-1,0.E0));
#4341=AXIS2_PLACEMENT_3D('',#4338,#4339,#4340);
#4342=PLANE('',#4341);
#4343=ORIENTED_EDGE('',*,*,#3187,.T.);
#4345=ORIENTED_EDGE('',*,*,#4344,.T.);
#4346=ORIENTED_EDGE('',*,*,#3602,.T.);
#4347=ORIENTED_EDGE('',*,*,#4078,.F.);
#4348=ORIENTED_EDGE('',*,*,#3967,.T.);
#4349=ORIENTED_EDGE('',*,*,#3796,.F.);
#4350=EDGE_LOOP('',(#4343,#4345,#4346,#4347,#4348,#4349));
#4351=FACE_OUTER_BOUND('',#4350,.F.);
#4352=ADVANCED_FACE('',(#4351),#4342,.T.);
#4353=CARTESIAN_POINT('',(0.E0,0.E0,1.6E0));
#4354=DIRECTION('',(0.E0,0.E0,1.E0));
#4355=DIRECTION('',(-1.E0,0.E0,0.E0));
#4356=AXIS2_PLACEMENT_3D('',#4353,#4354,#4355);
#4357=PLANE('',#4356);
#4358=ORIENTED_EDGE('',*,*,#3185,.T.);
#4360=ORIENTED_EDGE('',*,*,#4359,.F.);
#4361=ORIENTED_EDGE('',*,*,#3596,.F.);
#4362=ORIENTED_EDGE('',*,*,#4344,.F.);
#4363=EDGE_LOOP('',(#4358,#4360,#4361,#4362));
#4364=FACE_OUTER_BOUND('',#4363,.F.);
#4365=ADVANCED_FACE('',(#4364),#4357,.T.);
#4366=CARTESIAN_POINT('',(-1.915E0,2.E-1,2.05E0));
#4367=DIRECTION('',(9.805806756909E-1,1.961161351382E-1,0.E0));
#4368=DIRECTION('',(1.961161351382E-1,-9.805806756909E-1,0.E0));
#4369=AXIS2_PLACEMENT_3D('',#4366,#4367,#4368);
#4370=PLANE('',#4369);
#4371=ORIENTED_EDGE('',*,*,#3183,.F.);
#4372=ORIENTED_EDGE('',*,*,#3800,.F.);
#4373=ORIENTED_EDGE('',*,*,#3971,.F.);
#4374=ORIENTED_EDGE('',*,*,#4081,.T.);
#4375=ORIENTED_EDGE('',*,*,#3598,.F.);
#4376=ORIENTED_EDGE('',*,*,#4359,.T.);
#4377=EDGE_LOOP('',(#4371,#4372,#4373,#4374,#4375,#4376));
#4378=FACE_OUTER_BOUND('',#4377,.F.);
#4379=ADVANCED_FACE('',(#4378),#4370,.T.);
#4380=CARTESIAN_POINT('',(-2.5E0,0.E0,-2.E0));
#4381=DIRECTION('',(-1.E0,0.E0,0.E0));
#4382=DIRECTION('',(0.E0,0.E0,1.E0));
#4383=AXIS2_PLACEMENT_3D('',#4380,#4381,#4382);
#4384=PLANE('',#4383);
#4385=ORIENTED_EDGE('',*,*,#3179,.F.);
#4386=ORIENTED_EDGE('',*,*,#3649,.T.);
#4388=ORIENTED_EDGE('',*,*,#4387,.T.);
#4389=ORIENTED_EDGE('',*,*,#3803,.F.);
#4390=EDGE_LOOP('',(#4385,#4386,#4388,#4389));
#4391=FACE_OUTER_BOUND('',#4390,.F.);
#4393=ORIENTED_EDGE('',*,*,#4392,.T.);
#4395=ORIENTED_EDGE('',*,*,#4394,.T.);
#4397=ORIENTED_EDGE('',*,*,#4396,.T.);
#4399=ORIENTED_EDGE('',*,*,#4398,.T.);
#4400=EDGE_LOOP('',(#4393,#4395,#4397,#4399));
#4401=FACE_BOUND('',#4400,.F.);
#4403=ORIENTED_EDGE('',*,*,#4402,.F.);
#4405=ORIENTED_EDGE('',*,*,#4404,.T.);
#4407=ORIENTED_EDGE('',*,*,#4406,.F.);
#4409=ORIENTED_EDGE('',*,*,#4408,.T.);
#4410=EDGE_LOOP('',(#4403,#4405,#4407,#4409));
#4411=FACE_BOUND('',#4410,.F.);
#4412=ADVANCED_FACE('',(#4391,#4401,#4411),#4384,.T.);
#4413=CARTESIAN_POINT('',(0.E0,8.E-1,0.E0));
#4414=DIRECTION('',(0.E0,1.E0,0.E0));
#4415=DIRECTION('',(1.E0,0.E0,0.E0));
#4416=AXIS2_PLACEMENT_3D('',#4413,#4414,#4415);
#4417=PLANE('',#4416);
#4418=ORIENTED_EDGE('',*,*,#4387,.F.);
#4419=ORIENTED_EDGE('',*,*,#3647,.F.);
#4420=ORIENTED_EDGE('',*,*,#3716,.F.);
#4421=ORIENTED_EDGE('',*,*,#3805,.F.);
#4422=EDGE_LOOP('',(#4418,#4419,#4420,#4421));
#4423=FACE_OUTER_BOUND('',#4422,.F.);
#4424=ADVANCED_FACE('',(#4423),#4417,.T.);
#4425=CARTESIAN_POINT('',(-2.1E0,0.E0,1.4E0));
#4426=DIRECTION('',(0.E0,0.E0,1.E0));
#4427=DIRECTION('',(1.E0,0.E0,0.E0));
#4428=AXIS2_PLACEMENT_3D('',#4425,#4426,#4427);
#4429=PLANE('',#4428);
#4430=ORIENTED_EDGE('',*,*,#4392,.F.);
#4432=ORIENTED_EDGE('',*,*,#4431,.F.);
#4434=ORIENTED_EDGE('',*,*,#4433,.T.);
#4436=ORIENTED_EDGE('',*,*,#4435,.F.);
#4437=EDGE_LOOP('',(#4430,#4432,#4434,#4436));
#4438=FACE_OUTER_BOUND('',#4437,.F.);
#4439=ADVANCED_FACE('',(#4438),#4429,.F.);
#4440=CARTESIAN_POINT('',(-2.1E0,0.E0,1.4E0));
#4441=DIRECTION('',(0.E0,0.E0,1.E0));
#4442=DIRECTION('',(1.E0,0.E0,0.E0));
#4443=AXIS2_PLACEMENT_3D('',#4440,#4441,#4442);
#4444=PLANE('',#4443);
#4445=ORIENTED_EDGE('',*,*,#3721,.T.);
#4447=ORIENTED_EDGE('',*,*,#4446,.F.);
#4449=ORIENTED_EDGE('',*,*,#4448,.F.);
#4451=ORIENTED_EDGE('',*,*,#4450,.F.);
#4452=EDGE_LOOP('',(#4445,#4447,#4449,#4451));
#4453=FACE_OUTER_BOUND('',#4452,.F.);
#4454=ADVANCED_FACE('',(#4453),#4444,.F.);
#4455=CARTESIAN_POINT('',(2.625E0,1.E-1,-2.125E0));
#4456=DIRECTION('',(0.E0,-1.E0,0.E0));
#4457=DIRECTION('',(1.E0,0.E0,0.E0));
#4458=AXIS2_PLACEMENT_3D('',#4455,#4456,#4457);
#4459=PLANE('',#4458);
#4460=ORIENTED_EDGE('',*,*,#4404,.F.);
#4462=ORIENTED_EDGE('',*,*,#4461,.T.);
#4464=ORIENTED_EDGE('',*,*,#4463,.T.);
#4466=ORIENTED_EDGE('',*,*,#4465,.T.);
#4467=EDGE_LOOP('',(#4460,#4462,#4464,#4466));
#4468=FACE_OUTER_BOUND('',#4467,.F.);
#4469=ADVANCED_FACE('',(#4468),#4459,.F.);
#4470=CARTESIAN_POINT('',(2.625E0,1.E-1,-2.125E0));
#4471=DIRECTION('',(0.E0,-1.E0,0.E0));
#4472=DIRECTION('',(1.E0,0.E0,0.E0));
#4473=AXIS2_PLACEMENT_3D('',#4470,#4471,#4472);
#4474=PLANE('',#4473);
#4475=ORIENTED_EDGE('',*,*,#4398,.F.);
#4477=ORIENTED_EDGE('',*,*,#4476,.T.);
#4479=ORIENTED_EDGE('',*,*,#4478,.T.);
#4480=ORIENTED_EDGE('',*,*,#4431,.T.);
#4481=EDGE_LOOP('',(#4475,#4477,#4479,#4480));
#4482=FACE_OUTER_BOUND('',#4481,.F.);
#4483=ADVANCED_FACE('',(#4482),#4474,.F.);
#4484=CARTESIAN_POINT('',(2.625E0,1.E-1,-2.125E0));
#4485=DIRECTION('',(0.E0,-1.E0,0.E0));
#4486=DIRECTION('',(1.E0,0.E0,0.E0));
#4487=AXIS2_PLACEMENT_3D('',#4484,#4485,#4486);
#4488=PLANE('',#4487);
#4489=ORIENTED_EDGE('',*,*,#3737,.T.);
#4491=ORIENTED_EDGE('',*,*,#4490,.T.);
#4493=ORIENTED_EDGE('',*,*,#4492,.F.);
#4495=ORIENTED_EDGE('',*,*,#4494,.T.);
#4496=EDGE_LOOP('',(#4489,#4491,#4493,#4495));
#4497=FACE_OUTER_BOUND('',#4496,.F.);
#4498=ADVANCED_FACE('',(#4497),#4488,.F.);
#4499=CARTESIAN_POINT('',(2.625E0,1.E-1,-2.125E0));
#4500=DIRECTION('',(0.E0,-1.E0,0.E0));
#4501=DIRECTION('',(1.E0,0.E0,0.E0));
#4502=AXIS2_PLACEMENT_3D('',#4499,#4500,#4501);
#4503=PLANE('',#4502);
#4504=ORIENTED_EDGE('',*,*,#3723,.T.);
#4505=ORIENTED_EDGE('',*,*,#4450,.T.);
#4507=ORIENTED_EDGE('',*,*,#4506,.F.);
#4509=ORIENTED_EDGE('',*,*,#4508,.T.);
#4510=EDGE_LOOP('',(#4504,#4505,#4507,#4509));
#4511=FACE_OUTER_BOUND('',#4510,.F.);
#4512=ADVANCED_FACE('',(#4511),#4503,.F.);
#4513=CARTESIAN_POINT('',(2.1E0,0.E0,-1.4E0));
#4514=DIRECTION('',(0.E0,0.E0,-1.E0));
#4515=DIRECTION('',(-1.E0,0.E0,0.E0));
#4516=AXIS2_PLACEMENT_3D('',#4513,#4514,#4515);
#4517=PLANE('',#4516);
#4518=ORIENTED_EDGE('',*,*,#4402,.T.);
#4520=ORIENTED_EDGE('',*,*,#4519,.F.);
#4522=ORIENTED_EDGE('',*,*,#4521,.F.);
#4523=ORIENTED_EDGE('',*,*,#4461,.F.);
#4524=EDGE_LOOP('',(#4518,#4520,#4522,#4523));
#4525=FACE_OUTER_BOUND('',#4524,.F.);
#4526=ADVANCED_FACE('',(#4525),#4517,.F.);
#4527=CARTESIAN_POINT('',(2.1E0,0.E0,-1.4E0));
#4528=DIRECTION('',(0.E0,0.E0,-1.E0));
#4529=DIRECTION('',(-1.E0,0.E0,0.E0));
#4530=AXIS2_PLACEMENT_3D('',#4527,#4528,#4529);
#4531=PLANE('',#4530);
#4532=ORIENTED_EDGE('',*,*,#3731,.F.);
#4533=ORIENTED_EDGE('',*,*,#4494,.F.);
#4535=ORIENTED_EDGE('',*,*,#4534,.T.);
#4537=ORIENTED_EDGE('',*,*,#4536,.F.);
#4538=EDGE_LOOP('',(#4532,#4533,#4535,#4537));
#4539=FACE_OUTER_BOUND('',#4538,.F.);
#4540=ADVANCED_FACE('',(#4539),#4531,.F.);
#4541=CARTESIAN_POINT('',(0.E0,2.E-1,0.E0));
#4542=DIRECTION('',(0.E0,1.E0,0.E0));
#4543=DIRECTION('',(1.E0,0.E0,0.E0));
#4544=AXIS2_PLACEMENT_3D('',#4541,#4542,#4543);
#4545=PLANE('',#4544);
#4546=ORIENTED_EDGE('',*,*,#4394,.F.);
#4547=ORIENTED_EDGE('',*,*,#4435,.T.);
#4549=ORIENTED_EDGE('',*,*,#4548,.T.);
#4551=ORIENTED_EDGE('',*,*,#4550,.F.);
#4552=EDGE_LOOP('',(#4546,#4547,#4549,#4551));
#4553=FACE_OUTER_BOUND('',#4552,.F.);
#4554=ADVANCED_FACE('',(#4553),#4545,.F.);
#4555=CARTESIAN_POINT('',(0.E0,2.E-1,0.E0));
#4556=DIRECTION('',(0.E0,1.E0,0.E0));
#4557=DIRECTION('',(1.E0,0.E0,0.E0));
#4558=AXIS2_PLACEMENT_3D('',#4555,#4556,#4557);
#4559=PLANE('',#4558);
#4560=ORIENTED_EDGE('',*,*,#4408,.F.);
#4562=ORIENTED_EDGE('',*,*,#4561,.F.);
#4564=ORIENTED_EDGE('',*,*,#4563,.T.);
#4565=ORIENTED_EDGE('',*,*,#4519,.T.);
#4566=EDGE_LOOP('',(#4560,#4562,#4564,#4565));
#4567=FACE_OUTER_BOUND('',#4566,.F.);
#4568=ADVANCED_FACE('',(#4567),#4559,.F.);
#4569=CARTESIAN_POINT('',(0.E0,2.E-1,0.E0));
#4570=DIRECTION('',(0.E0,1.E0,0.E0));
#4571=DIRECTION('',(1.E0,0.E0,0.E0));
#4572=AXIS2_PLACEMENT_3D('',#4569,#4570,#4571);
#4573=PLANE('',#4572);
#4574=ORIENTED_EDGE('',*,*,#3727,.T.);
#4576=ORIENTED_EDGE('',*,*,#4575,.F.);
#4578=ORIENTED_EDGE('',*,*,#4577,.F.);
#4579=ORIENTED_EDGE('',*,*,#4446,.T.);
#4580=EDGE_LOOP('',(#4574,#4576,#4578,#4579));
#4581=FACE_OUTER_BOUND('',#4580,.F.);
#4582=ADVANCED_FACE('',(#4581),#4573,.F.);
#4583=CARTESIAN_POINT('',(0.E0,2.E-1,0.E0));
#4584=DIRECTION('',(0.E0,1.E0,0.E0));
#4585=DIRECTION('',(1.E0,0.E0,0.E0));
#4586=AXIS2_PLACEMENT_3D('',#4583,#4584,#4585);
#4587=PLANE('',#4586);
#4588=ORIENTED_EDGE('',*,*,#3733,.T.);
#4589=ORIENTED_EDGE('',*,*,#4536,.T.);
#4591=ORIENTED_EDGE('',*,*,#4590,.F.);
#4593=ORIENTED_EDGE('',*,*,#4592,.F.);
#4594=EDGE_LOOP('',(#4588,#4589,#4591,#4593));
#4595=FACE_OUTER_BOUND('',#4594,.F.);
#4596=ADVANCED_FACE('',(#4595),#4587,.F.);
#4597=CARTESIAN_POINT('',(-2.48E0,0.E0,0.E0));
#4598=DIRECTION('',(1.E0,0.E0,0.E0));
#4599=DIRECTION('',(0.E0,0.E0,-1.E0));
#4600=AXIS2_PLACEMENT_3D('',#4597,#4598,#4599);
#4601=PLANE('',#4600);
#4602=ORIENTED_EDGE('',*,*,#4548,.F.);
#4603=ORIENTED_EDGE('',*,*,#4433,.F.);
#4604=ORIENTED_EDGE('',*,*,#4478,.F.);
#4606=ORIENTED_EDGE('',*,*,#4605,.F.);
#4607=EDGE_LOOP('',(#4602,#4603,#4604,#4606));
#4608=FACE_OUTER_BOUND('',#4607,.F.);
#4609=ADVANCED_FACE('',(#4608),#4601,.F.);
#4610=CARTESIAN_POINT('',(-2.48E0,0.E0,0.E0));
#4611=DIRECTION('',(1.E0,0.E0,0.E0));
#4612=DIRECTION('',(0.E0,0.E0,-1.E0));
#4613=AXIS2_PLACEMENT_3D('',#4610,#4611,#4612);
#4614=PLANE('',#4613);
#4615=ORIENTED_EDGE('',*,*,#4563,.F.);
#4617=ORIENTED_EDGE('',*,*,#4616,.T.);
#4618=ORIENTED_EDGE('',*,*,#4463,.F.);
#4619=ORIENTED_EDGE('',*,*,#4521,.T.);
#4620=EDGE_LOOP('',(#4615,#4617,#4618,#4619));
#4621=FACE_OUTER_BOUND('',#4620,.F.);
#4622=ADVANCED_FACE('',(#4621),#4614,.F.);
#4623=CARTESIAN_POINT('',(-2.55E0,2.E-1,1.2E0));
#4624=DIRECTION('',(0.E0,0.E0,-1.E0));
#4625=DIRECTION('',(1.E0,0.E0,0.E0));
#4626=AXIS2_PLACEMENT_3D('',#4623,#4624,#4625);
#4627=PLANE('',#4626);
#4628=ORIENTED_EDGE('',*,*,#4396,.F.);
#4629=ORIENTED_EDGE('',*,*,#4550,.T.);
#4630=ORIENTED_EDGE('',*,*,#4605,.T.);
#4631=ORIENTED_EDGE('',*,*,#4476,.F.);
#4632=EDGE_LOOP('',(#4628,#4629,#4630,#4631));
#4633=FACE_OUTER_BOUND('',#4632,.F.);
#4634=ADVANCED_FACE('',(#4633),#4627,.F.);
#4635=CARTESIAN_POINT('',(-2.1E0,2.E-1,-1.2E0));
#4636=DIRECTION('',(0.E0,0.E0,1.E0));
#4637=DIRECTION('',(-1.E0,0.E0,0.E0));
#4638=AXIS2_PLACEMENT_3D('',#4635,#4636,#4637);
#4639=PLANE('',#4638);
#4640=ORIENTED_EDGE('',*,*,#4406,.T.);
#4641=ORIENTED_EDGE('',*,*,#4465,.F.);
#4642=ORIENTED_EDGE('',*,*,#4616,.F.);
#4643=ORIENTED_EDGE('',*,*,#4561,.T.);
#4644=EDGE_LOOP('',(#4640,#4641,#4642,#4643));
#4645=FACE_OUTER_BOUND('',#4644,.F.);
#4646=ADVANCED_FACE('',(#4645),#4639,.F.);
#4647=CARTESIAN_POINT('',(2.1E0,2.E-1,1.2E0));
#4648=DIRECTION('',(0.E0,0.E0,-1.E0));
#4649=DIRECTION('',(1.E0,0.E0,0.E0));
#4650=AXIS2_PLACEMENT_3D('',#4647,#4648,#4649);
#4651=PLANE('',#4650);
#4652=ORIENTED_EDGE('',*,*,#3725,.T.);
#4653=ORIENTED_EDGE('',*,*,#4508,.F.);
#4655=ORIENTED_EDGE('',*,*,#4654,.F.);
#4656=ORIENTED_EDGE('',*,*,#4575,.T.);
#4657=EDGE_LOOP('',(#4652,#4653,#4655,#4656));
#4658=FACE_OUTER_BOUND('',#4657,.F.);
#4659=ADVANCED_FACE('',(#4658),#4651,.F.);
#4660=CARTESIAN_POINT('',(2.48E0,0.E0,0.E0));
#4661=DIRECTION('',(1.E0,0.E0,0.E0));
#4662=DIRECTION('',(0.E0,0.E0,-1.E0));
#4663=AXIS2_PLACEMENT_3D('',#4660,#4661,#4662);
#4664=PLANE('',#4663);
#4665=ORIENTED_EDGE('',*,*,#4577,.T.);
#4666=ORIENTED_EDGE('',*,*,#4654,.T.);
#4667=ORIENTED_EDGE('',*,*,#4506,.T.);
#4668=ORIENTED_EDGE('',*,*,#4448,.T.);
#4669=EDGE_LOOP('',(#4665,#4666,#4667,#4668));
#4670=FACE_OUTER_BOUND('',#4669,.F.);
#4671=ADVANCED_FACE('',(#4670),#4664,.T.);
#4672=CARTESIAN_POINT('',(2.48E0,0.E0,0.E0));
#4673=DIRECTION('',(1.E0,0.E0,0.E0));
#4674=DIRECTION('',(0.E0,0.E0,-1.E0));
#4675=AXIS2_PLACEMENT_3D('',#4672,#4673,#4674);
#4676=PLANE('',#4675);
#4677=ORIENTED_EDGE('',*,*,#4590,.T.);
#4678=ORIENTED_EDGE('',*,*,#4534,.F.);
#4679=ORIENTED_EDGE('',*,*,#4492,.T.);
#4681=ORIENTED_EDGE('',*,*,#4680,.F.);
#4682=EDGE_LOOP('',(#4677,#4678,#4679,#4681));
#4683=FACE_OUTER_BOUND('',#4682,.F.);
#4684=ADVANCED_FACE('',(#4683),#4676,.T.);
#4685=CARTESIAN_POINT('',(2.55E0,2.E-1,-1.2E0));
#4686=DIRECTION('',(0.E0,0.E0,1.E0));
#4687=DIRECTION('',(-1.E0,0.E0,0.E0));
#4688=AXIS2_PLACEMENT_3D('',#4685,#4686,#4687);
#4689=PLANE('',#4688);
#4690=ORIENTED_EDGE('',*,*,#3735,.F.);
#4691=ORIENTED_EDGE('',*,*,#4592,.T.);
#4692=ORIENTED_EDGE('',*,*,#4680,.T.);
#4693=ORIENTED_EDGE('',*,*,#4490,.F.);
#4694=EDGE_LOOP('',(#4690,#4691,#4692,#4693));
#4695=FACE_OUTER_BOUND('',#4694,.F.);
#4696=ADVANCED_FACE('',(#4695),#4689,.F.);
#4697=CARTESIAN_POINT('',(-1.915E0,2.E-1,-2.05E0));
#4698=DIRECTION('',(-9.805806756909E-1,-1.961161351382E-1,0.E0));
#4699=DIRECTION('',(1.961161351382E-1,-9.805806756909E-1,0.E0));
#4700=AXIS2_PLACEMENT_3D('',#4697,#4698,#4699);
#4701=PLANE('',#4700);
#4702=ORIENTED_EDGE('',*,*,#3175,.T.);
#4704=ORIENTED_EDGE('',*,*,#4703,.F.);
#4705=ORIENTED_EDGE('',*,*,#3586,.T.);
#4707=ORIENTED_EDGE('',*,*,#4706,.F.);
#4709=ORIENTED_EDGE('',*,*,#4708,.T.);
#4710=ORIENTED_EDGE('',*,*,#3652,.T.);
#4711=EDGE_LOOP('',(#4702,#4704,#4705,#4707,#4709,#4710));
#4712=FACE_OUTER_BOUND('',#4711,.F.);
#4713=ADVANCED_FACE('',(#4712),#4701,.F.);
#4714=CARTESIAN_POINT('',(0.E0,0.E0,-1.6E0));
#4715=DIRECTION('',(0.E0,0.E0,1.E0));
#4716=DIRECTION('',(-1.E0,0.E0,0.E0));
#4717=AXIS2_PLACEMENT_3D('',#4714,#4715,#4716);
#4718=PLANE('',#4717);
#4719=ORIENTED_EDGE('',*,*,#3173,.F.);
#4721=ORIENTED_EDGE('',*,*,#4720,.T.);
#4722=ORIENTED_EDGE('',*,*,#3580,.T.);
#4723=ORIENTED_EDGE('',*,*,#4703,.T.);
#4724=EDGE_LOOP('',(#4719,#4721,#4722,#4723));
#4725=FACE_OUTER_BOUND('',#4724,.F.);
#4726=ADVANCED_FACE('',(#4725),#4718,.F.);
#4727=CARTESIAN_POINT('',(-1.625E0,0.E0,-2.05E0));
#4728=DIRECTION('',(9.805806756909E-1,-1.961161351382E-1,0.E0));
#4729=DIRECTION('',(1.961161351382E-1,9.805806756909E-1,0.E0));
#4730=AXIS2_PLACEMENT_3D('',#4727,#4728,#4729);
#4731=PLANE('',#4730);
#4732=ORIENTED_EDGE('',*,*,#3171,.F.);
#4733=ORIENTED_EDGE('',*,*,#3656,.T.);
#4735=ORIENTED_EDGE('',*,*,#4734,.F.);
#4737=ORIENTED_EDGE('',*,*,#4736,.T.);
#4738=ORIENTED_EDGE('',*,*,#3582,.F.);
#4739=ORIENTED_EDGE('',*,*,#4720,.F.);
#4740=EDGE_LOOP('',(#4732,#4733,#4735,#4737,#4738,#4739));
#4741=FACE_OUTER_BOUND('',#4740,.F.);
#4742=ADVANCED_FACE('',(#4741),#4731,.F.);
#4743=CARTESIAN_POINT('',(2.E0,1.65E-1,-1.965E0));
#4744=DIRECTION('',(1.E0,0.E0,0.E0));
#4745=DIRECTION('',(0.E0,0.E0,1.E0));
#4746=AXIS2_PLACEMENT_3D('',#4743,#4744,#4745);
#4747=CYLINDRICAL_SURFACE('',#4746,6.5E-2);
#4748=ORIENTED_EDGE('',*,*,#3654,.F.);
#4749=ORIENTED_EDGE('',*,*,#4708,.F.);
#4751=ORIENTED_EDGE('',*,*,#4750,.T.);
#4752=ORIENTED_EDGE('',*,*,#4734,.T.);
#4753=EDGE_LOOP('',(#4748,#4749,#4751,#4752));
#4754=FACE_OUTER_BOUND('',#4753,.F.);
#4755=ADVANCED_FACE('',(#4754),#4747,.T.);
#4756=CARTESIAN_POINT('',(2.E0,1.65E-1,-1.965E0));
#4757=DIRECTION('',(1.E0,0.E0,0.E0));
#4758=DIRECTION('',(0.E0,0.E0,1.E0));
#4759=AXIS2_PLACEMENT_3D('',#4756,#4757,#4758);
#4760=CYLINDRICAL_SURFACE('',#4759,6.5E-2);
#4761=ORIENTED_EDGE('',*,*,#3661,.F.);
#4763=ORIENTED_EDGE('',*,*,#4762,.F.);
#4765=ORIENTED_EDGE('',*,*,#4764,.T.);
#4767=ORIENTED_EDGE('',*,*,#4766,.T.);
#4768=EDGE_LOOP('',(#4761,#4763,#4765,#4767));
#4769=FACE_OUTER_BOUND('',#4768,.F.);
#4770=ADVANCED_FACE('',(#4769),#4760,.T.);
#4771=CARTESIAN_POINT('',(2.E0,1.65E-1,-1.965E0));
#4772=DIRECTION('',(1.E0,0.E0,0.E0));
#4773=DIRECTION('',(0.E0,0.E0,1.E0));
#4774=AXIS2_PLACEMENT_3D('',#4771,#4772,#4773);
#4775=CYLINDRICAL_SURFACE('',#4774,6.5E-2);
#4776=ORIENTED_EDGE('',*,*,#3668,.F.);
#4778=ORIENTED_EDGE('',*,*,#4777,.F.);
#4780=ORIENTED_EDGE('',*,*,#4779,.T.);
#4782=ORIENTED_EDGE('',*,*,#4781,.T.);
#4783=EDGE_LOOP('',(#4776,#4778,#4780,#4782));
#4784=FACE_OUTER_BOUND('',#4783,.F.);
#4785=ADVANCED_FACE('',(#4784),#4775,.T.);
#4786=CARTESIAN_POINT('',(2.E0,1.65E-1,-1.965E0));
#4787=DIRECTION('',(1.E0,0.E0,0.E0));
#4788=DIRECTION('',(0.E0,0.E0,1.E0));
#4789=AXIS2_PLACEMENT_3D('',#4786,#4787,#4788);
#4790=CYLINDRICAL_SURFACE('',#4789,6.5E-2);
#4791=ORIENTED_EDGE('',*,*,#3675,.F.);
#4793=ORIENTED_EDGE('',*,*,#4792,.F.);
#4795=ORIENTED_EDGE('',*,*,#4794,.T.);
#4797=ORIENTED_EDGE('',*,*,#4796,.T.);
#4798=EDGE_LOOP('',(#4791,#4793,#4795,#4797));
#4799=FACE_OUTER_BOUND('',#4798,.F.);
#4800=ADVANCED_FACE('',(#4799),#4790,.T.);
#4801=CARTESIAN_POINT('',(2.E0,1.65E-1,-1.965E0));
#4802=DIRECTION('',(1.E0,0.E0,0.E0));
#4803=DIRECTION('',(0.E0,0.E0,1.E0));
#4804=AXIS2_PLACEMENT_3D('',#4801,#4802,#4803);
#4805=CYLINDRICAL_SURFACE('',#4804,6.5E-2);
#4806=ORIENTED_EDGE('',*,*,#3682,.F.);
#4808=ORIENTED_EDGE('',*,*,#4807,.F.);
#4810=ORIENTED_EDGE('',*,*,#4809,.T.);
#4812=ORIENTED_EDGE('',*,*,#4811,.T.);
#4813=EDGE_LOOP('',(#4806,#4808,#4810,#4812));
#4814=FACE_OUTER_BOUND('',#4813,.F.);
#4815=ADVANCED_FACE('',(#4814),#4805,.T.);
#4816=CARTESIAN_POINT('',(2.E0,1.65E-1,-1.965E0));
#4817=DIRECTION('',(1.E0,0.E0,0.E0));
#4818=DIRECTION('',(0.E0,0.E0,1.E0));
#4819=AXIS2_PLACEMENT_3D('',#4816,#4817,#4818);
#4820=CYLINDRICAL_SURFACE('',#4819,6.5E-2);
#4821=ORIENTED_EDGE('',*,*,#3689,.F.);
#4823=ORIENTED_EDGE('',*,*,#4822,.F.);
#4825=ORIENTED_EDGE('',*,*,#4824,.T.);
#4827=ORIENTED_EDGE('',*,*,#4826,.T.);
#4828=EDGE_LOOP('',(#4821,#4823,#4825,#4827));
#4829=FACE_OUTER_BOUND('',#4828,.F.);
#4830=ADVANCED_FACE('',(#4829),#4820,.T.);
#4831=CARTESIAN_POINT('',(2.E0,1.65E-1,-1.965E0));
#4832=DIRECTION('',(1.E0,0.E0,0.E0));
#4833=DIRECTION('',(0.E0,0.E0,1.E0));
#4834=AXIS2_PLACEMENT_3D('',#4831,#4832,#4833);
#4835=CYLINDRICAL_SURFACE('',#4834,6.5E-2);
#4836=ORIENTED_EDGE('',*,*,#3696,.F.);
#4838=ORIENTED_EDGE('',*,*,#4837,.F.);
#4840=ORIENTED_EDGE('',*,*,#4839,.T.);
#4842=ORIENTED_EDGE('',*,*,#4841,.T.);
#4843=EDGE_LOOP('',(#4836,#4838,#4840,#4842));
#4844=FACE_OUTER_BOUND('',#4843,.F.);
#4845=ADVANCED_FACE('',(#4844),#4835,.T.);
#4846=CARTESIAN_POINT('',(2.E0,1.65E-1,-1.965E0));
#4847=DIRECTION('',(1.E0,0.E0,0.E0));
#4848=DIRECTION('',(0.E0,0.E0,1.E0));
#4849=AXIS2_PLACEMENT_3D('',#4846,#4847,#4848);
#4850=CYLINDRICAL_SURFACE('',#4849,6.5E-2);
#4851=ORIENTED_EDGE('',*,*,#3703,.F.);
#4853=ORIENTED_EDGE('',*,*,#4852,.F.);
#4855=ORIENTED_EDGE('',*,*,#4854,.T.);
#4856=ORIENTED_EDGE('',*,*,#3629,.T.);
#4857=EDGE_LOOP('',(#4851,#4853,#4855,#4856));
#4858=FACE_OUTER_BOUND('',#4857,.F.);
#4859=ADVANCED_FACE('',(#4858),#4850,.T.);
#4860=CARTESIAN_POINT('',(-2.48E0,9.377685839078E-3,-1.988345460750E0));
#4861=DIRECTION('',(0.E0,0.E0,-1.E0));
#4862=DIRECTION('',(0.E0,1.E0,0.E0));
#4863=AXIS2_PLACEMENT_3D('',#4860,#4861,#4862);
#4864=PLANE('',#4863);
#4865=ORIENTED_EDGE('',*,*,#3631,.F.);
#4866=ORIENTED_EDGE('',*,*,#4854,.F.);
#4868=ORIENTED_EDGE('',*,*,#4867,.T.);
#4869=ORIENTED_EDGE('',*,*,#3347,.T.);
#4870=EDGE_LOOP('',(#4865,#4866,#4868,#4869));
#4871=FACE_OUTER_BOUND('',#4870,.F.);
#4872=ADVANCED_FACE('',(#4871),#4864,.T.);
#4873=CARTESIAN_POINT('',(-2.48E0,9.377685839078E-3,-1.988345460750E0));
#4874=DIRECTION('',(0.E0,0.E0,-1.E0));
#4875=DIRECTION('',(0.E0,1.E0,0.E0));
#4876=AXIS2_PLACEMENT_3D('',#4873,#4874,#4875);
#4877=PLANE('',#4876);
#4879=ORIENTED_EDGE('',*,*,#4878,.F.);
#4880=ORIENTED_EDGE('',*,*,#4839,.F.);
#4882=ORIENTED_EDGE('',*,*,#4881,.T.);
#4883=ORIENTED_EDGE('',*,*,#3363,.T.);
#4884=EDGE_LOOP('',(#4879,#4880,#4882,#4883));
#4885=FACE_OUTER_BOUND('',#4884,.F.);
#4886=ADVANCED_FACE('',(#4885),#4877,.T.);
#4887=CARTESIAN_POINT('',(-2.48E0,9.377685839078E-3,-1.988345460750E0));
#4888=DIRECTION('',(0.E0,0.E0,-1.E0));
#4889=DIRECTION('',(0.E0,1.E0,0.E0));
#4890=AXIS2_PLACEMENT_3D('',#4887,#4888,#4889);
#4891=PLANE('',#4890);
#4893=ORIENTED_EDGE('',*,*,#4892,.F.);
#4894=ORIENTED_EDGE('',*,*,#4824,.F.);
#4896=ORIENTED_EDGE('',*,*,#4895,.T.);
#4897=ORIENTED_EDGE('',*,*,#3379,.T.);
#4898=EDGE_LOOP('',(#4893,#4894,#4896,#4897));
#4899=FACE_OUTER_BOUND('',#4898,.F.);
#4900=ADVANCED_FACE('',(#4899),#4891,.T.);
#4901=CARTESIAN_POINT('',(-2.48E0,9.377685839078E-3,-1.988345460750E0));
#4902=DIRECTION('',(0.E0,0.E0,-1.E0));
#4903=DIRECTION('',(0.E0,1.E0,0.E0));
#4904=AXIS2_PLACEMENT_3D('',#4901,#4902,#4903);
#4905=PLANE('',#4904);
#4907=ORIENTED_EDGE('',*,*,#4906,.F.);
#4908=ORIENTED_EDGE('',*,*,#4809,.F.);
#4910=ORIENTED_EDGE('',*,*,#4909,.T.);
#4911=ORIENTED_EDGE('',*,*,#3395,.T.);
#4912=EDGE_LOOP('',(#4907,#4908,#4910,#4911));
#4913=FACE_OUTER_BOUND('',#4912,.F.);
#4914=ADVANCED_FACE('',(#4913),#4905,.T.);
#4915=CARTESIAN_POINT('',(-2.48E0,9.377685839078E-3,-1.988345460750E0));
#4916=DIRECTION('',(0.E0,0.E0,-1.E0));
#4917=DIRECTION('',(0.E0,1.E0,0.E0));
#4918=AXIS2_PLACEMENT_3D('',#4915,#4916,#4917);
#4919=PLANE('',#4918);
#4921=ORIENTED_EDGE('',*,*,#4920,.F.);
#4922=ORIENTED_EDGE('',*,*,#4794,.F.);
#4924=ORIENTED_EDGE('',*,*,#4923,.T.);
#4925=ORIENTED_EDGE('',*,*,#3411,.T.);
#4926=EDGE_LOOP('',(#4921,#4922,#4924,#4925));
#4927=FACE_OUTER_BOUND('',#4926,.F.);
#4928=ADVANCED_FACE('',(#4927),#4919,.T.);
#4929=CARTESIAN_POINT('',(-2.48E0,9.377685839078E-3,-1.988345460750E0));
#4930=DIRECTION('',(0.E0,0.E0,-1.E0));
#4931=DIRECTION('',(0.E0,1.E0,0.E0));
#4932=AXIS2_PLACEMENT_3D('',#4929,#4930,#4931);
#4933=PLANE('',#4932);
#4935=ORIENTED_EDGE('',*,*,#4934,.F.);
#4936=ORIENTED_EDGE('',*,*,#4779,.F.);
#4938=ORIENTED_EDGE('',*,*,#4937,.T.);
#4939=ORIENTED_EDGE('',*,*,#3427,.T.);
#4940=EDGE_LOOP('',(#4935,#4936,#4938,#4939));
#4941=FACE_OUTER_BOUND('',#4940,.F.);
#4942=ADVANCED_FACE('',(#4941),#4933,.T.);
#4943=CARTESIAN_POINT('',(-2.48E0,9.377685839078E-3,-1.988345460750E0));
#4944=DIRECTION('',(0.E0,0.E0,-1.E0));
#4945=DIRECTION('',(0.E0,1.E0,0.E0));
#4946=AXIS2_PLACEMENT_3D('',#4943,#4944,#4945);
#4947=PLANE('',#4946);
#4949=ORIENTED_EDGE('',*,*,#4948,.F.);
#4950=ORIENTED_EDGE('',*,*,#4764,.F.);
#4952=ORIENTED_EDGE('',*,*,#4951,.T.);
#4953=ORIENTED_EDGE('',*,*,#3443,.T.);
#4954=EDGE_LOOP('',(#4949,#4950,#4952,#4953));
#4955=FACE_OUTER_BOUND('',#4954,.F.);
#4956=ADVANCED_FACE('',(#4955),#4947,.T.);
#4957=CARTESIAN_POINT('',(-2.48E0,9.377685839078E-3,-1.988345460750E0));
#4958=DIRECTION('',(0.E0,0.E0,-1.E0));
#4959=DIRECTION('',(0.E0,1.E0,0.E0));
#4960=AXIS2_PLACEMENT_3D('',#4957,#4958,#4959);
#4961=PLANE('',#4960);
#4962=ORIENTED_EDGE('',*,*,#4750,.F.);
#4963=ORIENTED_EDGE('',*,*,#4706,.T.);
#4964=ORIENTED_EDGE('',*,*,#3584,.T.);
#4965=ORIENTED_EDGE('',*,*,#4736,.F.);
#4966=EDGE_LOOP('',(#4962,#4963,#4964,#4965));
#4967=FACE_OUTER_BOUND('',#4966,.F.);
#4968=ADVANCED_FACE('',(#4967),#4961,.T.);
#4969=CARTESIAN_POINT('',(1.585E0,2.E-1,-2.05E0));
#4970=DIRECTION('',(-9.805806756909E-1,-1.961161351382E-1,0.E0));
#4971=DIRECTION('',(1.961161351382E-1,-9.805806756909E-1,0.E0));
#4972=AXIS2_PLACEMENT_3D('',#4969,#4970,#4971);
#4973=PLANE('',#4972);
#4974=ORIENTED_EDGE('',*,*,#3119,.T.);
#4975=ORIENTED_EDGE('',*,*,#3616,.F.);
#4976=ORIENTED_EDGE('',*,*,#3349,.T.);
#4977=ORIENTED_EDGE('',*,*,#4867,.F.);
#4978=ORIENTED_EDGE('',*,*,#4852,.T.);
#4979=ORIENTED_EDGE('',*,*,#3701,.T.);
#4980=EDGE_LOOP('',(#4974,#4975,#4976,#4977,#4978,#4979));
#4981=FACE_OUTER_BOUND('',#4980,.F.);
#4982=ADVANCED_FACE('',(#4981),#4973,.F.);
#4983=CARTESIAN_POINT('',(1.375E0,0.E0,-2.05E0));
#4984=DIRECTION('',(9.805806756909E-1,-1.961161351382E-1,0.E0));
#4985=DIRECTION('',(1.961161351382E-1,9.805806756909E-1,0.E0));
#4986=AXIS2_PLACEMENT_3D('',#4983,#4984,#4985);
#4987=PLANE('',#4986);
#4988=ORIENTED_EDGE('',*,*,#3123,.F.);
#4989=ORIENTED_EDGE('',*,*,#3698,.T.);
#4990=ORIENTED_EDGE('',*,*,#4841,.F.);
#4991=ORIENTED_EDGE('',*,*,#4878,.T.);
#4992=ORIENTED_EDGE('',*,*,#3361,.F.);
#4994=ORIENTED_EDGE('',*,*,#4993,.F.);
#4995=EDGE_LOOP('',(#4988,#4989,#4990,#4991,#4992,#4994));
#4996=FACE_OUTER_BOUND('',#4995,.F.);
#4997=ADVANCED_FACE('',(#4996),#4987,.F.);
#4998=CARTESIAN_POINT('',(0.E0,0.E0,-1.6E0));
#4999=DIRECTION('',(0.E0,0.E0,1.E0));
#5000=DIRECTION('',(-1.E0,0.E0,0.E0));
#5001=AXIS2_PLACEMENT_3D('',#4998,#4999,#5000);
#5002=PLANE('',#5001);
#5003=ORIENTED_EDGE('',*,*,#3125,.F.);
#5004=ORIENTED_EDGE('',*,*,#4993,.T.);
#5005=ORIENTED_EDGE('',*,*,#3359,.T.);
#5007=ORIENTED_EDGE('',*,*,#5006,.T.);
#5008=EDGE_LOOP('',(#5003,#5004,#5005,#5007));
#5009=FACE_OUTER_BOUND('',#5008,.F.);
#5010=ADVANCED_FACE('',(#5009),#5002,.F.);
#5011=CARTESIAN_POINT('',(1.085E0,2.E-1,-2.05E0));
#5012=DIRECTION('',(-9.805806756909E-1,-1.961161351382E-1,0.E0));
#5013=DIRECTION('',(1.961161351382E-1,-9.805806756909E-1,0.E0));
#5014=AXIS2_PLACEMENT_3D('',#5011,#5012,#5013);
#5015=PLANE('',#5014);
#5016=ORIENTED_EDGE('',*,*,#3127,.T.);
#5017=ORIENTED_EDGE('',*,*,#5006,.F.);
#5018=ORIENTED_EDGE('',*,*,#3365,.T.);
#5019=ORIENTED_EDGE('',*,*,#4881,.F.);
#5020=ORIENTED_EDGE('',*,*,#4837,.T.);
#5021=ORIENTED_EDGE('',*,*,#3694,.T.);
#5022=EDGE_LOOP('',(#5016,#5017,#5018,#5019,#5020,#5021));
#5023=FACE_OUTER_BOUND('',#5022,.F.);
#5024=ADVANCED_FACE('',(#5023),#5015,.F.);
#5025=CARTESIAN_POINT('',(8.75E-1,0.E0,-2.05E0));
#5026=DIRECTION('',(9.805806756909E-1,-1.961161351382E-1,0.E0));
#5027=DIRECTION('',(1.961161351382E-1,9.805806756909E-1,0.E0));
#5028=AXIS2_PLACEMENT_3D('',#5025,#5026,#5027);
#5029=PLANE('',#5028);
#5030=ORIENTED_EDGE('',*,*,#3131,.F.);
#5031=ORIENTED_EDGE('',*,*,#3691,.T.);
#5032=ORIENTED_EDGE('',*,*,#4826,.F.);
#5033=ORIENTED_EDGE('',*,*,#4892,.T.);
#5034=ORIENTED_EDGE('',*,*,#3377,.F.);
#5036=ORIENTED_EDGE('',*,*,#5035,.F.);
#5037=EDGE_LOOP('',(#5030,#5031,#5032,#5033,#5034,#5036));
#5038=FACE_OUTER_BOUND('',#5037,.F.);
#5039=ADVANCED_FACE('',(#5038),#5029,.F.);
#5040=CARTESIAN_POINT('',(0.E0,0.E0,-1.6E0));
#5041=DIRECTION('',(0.E0,0.E0,1.E0));
#5042=DIRECTION('',(-1.E0,0.E0,0.E0));
#5043=AXIS2_PLACEMENT_3D('',#5040,#5041,#5042);
#5044=PLANE('',#5043);
#5045=ORIENTED_EDGE('',*,*,#3133,.F.);
#5046=ORIENTED_EDGE('',*,*,#5035,.T.);
#5047=ORIENTED_EDGE('',*,*,#3375,.T.);
#5049=ORIENTED_EDGE('',*,*,#5048,.T.);
#5050=EDGE_LOOP('',(#5045,#5046,#5047,#5049));
#5051=FACE_OUTER_BOUND('',#5050,.F.);
#5052=ADVANCED_FACE('',(#5051),#5044,.F.);
#5053=CARTESIAN_POINT('',(5.85E-1,2.E-1,-2.05E0));
#5054=DIRECTION('',(-9.805806756909E-1,-1.961161351382E-1,0.E0));
#5055=DIRECTION('',(1.961161351382E-1,-9.805806756909E-1,0.E0));
#5056=AXIS2_PLACEMENT_3D('',#5053,#5054,#5055);
#5057=PLANE('',#5056);
#5058=ORIENTED_EDGE('',*,*,#3135,.T.);
#5059=ORIENTED_EDGE('',*,*,#5048,.F.);
#5060=ORIENTED_EDGE('',*,*,#3381,.T.);
#5061=ORIENTED_EDGE('',*,*,#4895,.F.);
#5062=ORIENTED_EDGE('',*,*,#4822,.T.);
#5063=ORIENTED_EDGE('',*,*,#3687,.T.);
#5064=EDGE_LOOP('',(#5058,#5059,#5060,#5061,#5062,#5063));
#5065=FACE_OUTER_BOUND('',#5064,.F.);
#5066=ADVANCED_FACE('',(#5065),#5057,.F.);
#5067=CARTESIAN_POINT('',(3.75E-1,0.E0,-2.05E0));
#5068=DIRECTION('',(9.805806756909E-1,-1.961161351382E-1,0.E0));
#5069=DIRECTION('',(1.961161351382E-1,9.805806756909E-1,0.E0));
#5070=AXIS2_PLACEMENT_3D('',#5067,#5068,#5069);
#5071=PLANE('',#5070);
#5072=ORIENTED_EDGE('',*,*,#3139,.F.);
#5073=ORIENTED_EDGE('',*,*,#3684,.T.);
#5074=ORIENTED_EDGE('',*,*,#4811,.F.);
#5075=ORIENTED_EDGE('',*,*,#4906,.T.);
#5076=ORIENTED_EDGE('',*,*,#3393,.F.);
#5078=ORIENTED_EDGE('',*,*,#5077,.F.);
#5079=EDGE_LOOP('',(#5072,#5073,#5074,#5075,#5076,#5078));
#5080=FACE_OUTER_BOUND('',#5079,.F.);
#5081=ADVANCED_FACE('',(#5080),#5071,.F.);
#5082=CARTESIAN_POINT('',(0.E0,0.E0,-1.6E0));
#5083=DIRECTION('',(0.E0,0.E0,1.E0));
#5084=DIRECTION('',(-1.E0,0.E0,0.E0));
#5085=AXIS2_PLACEMENT_3D('',#5082,#5083,#5084);
#5086=PLANE('',#5085);
#5087=ORIENTED_EDGE('',*,*,#3141,.F.);
#5088=ORIENTED_EDGE('',*,*,#5077,.T.);
#5089=ORIENTED_EDGE('',*,*,#3391,.T.);
#5091=ORIENTED_EDGE('',*,*,#5090,.T.);
#5092=EDGE_LOOP('',(#5087,#5088,#5089,#5091));
#5093=FACE_OUTER_BOUND('',#5092,.F.);
#5094=ADVANCED_FACE('',(#5093),#5086,.F.);
#5095=CARTESIAN_POINT('',(8.5E-2,2.E-1,-2.05E0));
#5096=DIRECTION('',(-9.805806756909E-1,-1.961161351382E-1,0.E0));
#5097=DIRECTION('',(1.961161351382E-1,-9.805806756909E-1,0.E0));
#5098=AXIS2_PLACEMENT_3D('',#5095,#5096,#5097);
#5099=PLANE('',#5098);
#5100=ORIENTED_EDGE('',*,*,#3143,.T.);
#5101=ORIENTED_EDGE('',*,*,#5090,.F.);
#5102=ORIENTED_EDGE('',*,*,#3397,.T.);
#5103=ORIENTED_EDGE('',*,*,#4909,.F.);
#5104=ORIENTED_EDGE('',*,*,#4807,.T.);
#5105=ORIENTED_EDGE('',*,*,#3680,.T.);
#5106=EDGE_LOOP('',(#5100,#5101,#5102,#5103,#5104,#5105));
#5107=FACE_OUTER_BOUND('',#5106,.F.);
#5108=ADVANCED_FACE('',(#5107),#5099,.F.);
#5109=CARTESIAN_POINT('',(-1.25E-1,0.E0,-2.05E0));
#5110=DIRECTION('',(9.805806756909E-1,-1.961161351382E-1,0.E0));
#5111=DIRECTION('',(1.961161351382E-1,9.805806756909E-1,0.E0));
#5112=AXIS2_PLACEMENT_3D('',#5109,#5110,#5111);
#5113=PLANE('',#5112);
#5114=ORIENTED_EDGE('',*,*,#3147,.F.);
#5115=ORIENTED_EDGE('',*,*,#3677,.T.);
#5116=ORIENTED_EDGE('',*,*,#4796,.F.);
#5117=ORIENTED_EDGE('',*,*,#4920,.T.);
#5118=ORIENTED_EDGE('',*,*,#3409,.F.);
#5120=ORIENTED_EDGE('',*,*,#5119,.F.);
#5121=EDGE_LOOP('',(#5114,#5115,#5116,#5117,#5118,#5120));
#5122=FACE_OUTER_BOUND('',#5121,.F.);
#5123=ADVANCED_FACE('',(#5122),#5113,.F.);
#5124=CARTESIAN_POINT('',(0.E0,0.E0,-1.6E0));
#5125=DIRECTION('',(0.E0,0.E0,1.E0));
#5126=DIRECTION('',(-1.E0,0.E0,0.E0));
#5127=AXIS2_PLACEMENT_3D('',#5124,#5125,#5126);
#5128=PLANE('',#5127);
#5129=ORIENTED_EDGE('',*,*,#3149,.F.);
#5130=ORIENTED_EDGE('',*,*,#5119,.T.);
#5131=ORIENTED_EDGE('',*,*,#3407,.T.);
#5133=ORIENTED_EDGE('',*,*,#5132,.T.);
#5134=EDGE_LOOP('',(#5129,#5130,#5131,#5133));
#5135=FACE_OUTER_BOUND('',#5134,.F.);
#5136=ADVANCED_FACE('',(#5135),#5128,.F.);
#5137=CARTESIAN_POINT('',(-4.15E-1,2.E-1,-2.05E0));
#5138=DIRECTION('',(-9.805806756909E-1,-1.961161351382E-1,0.E0));
#5139=DIRECTION('',(1.961161351382E-1,-9.805806756909E-1,0.E0));
#5140=AXIS2_PLACEMENT_3D('',#5137,#5138,#5139);
#5141=PLANE('',#5140);
#5142=ORIENTED_EDGE('',*,*,#3151,.T.);
#5143=ORIENTED_EDGE('',*,*,#5132,.F.);
#5144=ORIENTED_EDGE('',*,*,#3413,.T.);
#5145=ORIENTED_EDGE('',*,*,#4923,.F.);
#5146=ORIENTED_EDGE('',*,*,#4792,.T.);
#5147=ORIENTED_EDGE('',*,*,#3673,.T.);
#5148=EDGE_LOOP('',(#5142,#5143,#5144,#5145,#5146,#5147));
#5149=FACE_OUTER_BOUND('',#5148,.F.);
#5150=ADVANCED_FACE('',(#5149),#5141,.F.);
#5151=CARTESIAN_POINT('',(-6.25E-1,0.E0,-2.05E0));
#5152=DIRECTION('',(9.805806756909E-1,-1.961161351382E-1,0.E0));
#5153=DIRECTION('',(1.961161351382E-1,9.805806756909E-1,0.E0));
#5154=AXIS2_PLACEMENT_3D('',#5151,#5152,#5153);
#5155=PLANE('',#5154);
#5156=ORIENTED_EDGE('',*,*,#3155,.F.);
#5157=ORIENTED_EDGE('',*,*,#3670,.T.);
#5158=ORIENTED_EDGE('',*,*,#4781,.F.);
#5159=ORIENTED_EDGE('',*,*,#4934,.T.);
#5160=ORIENTED_EDGE('',*,*,#3425,.F.);
#5162=ORIENTED_EDGE('',*,*,#5161,.F.);
#5163=EDGE_LOOP('',(#5156,#5157,#5158,#5159,#5160,#5162));
#5164=FACE_OUTER_BOUND('',#5163,.F.);
#5165=ADVANCED_FACE('',(#5164),#5155,.F.);
#5166=CARTESIAN_POINT('',(0.E0,0.E0,-1.6E0));
#5167=DIRECTION('',(0.E0,0.E0,1.E0));
#5168=DIRECTION('',(-1.E0,0.E0,0.E0));
#5169=AXIS2_PLACEMENT_3D('',#5166,#5167,#5168);
#5170=PLANE('',#5169);
#5171=ORIENTED_EDGE('',*,*,#3157,.F.);
#5172=ORIENTED_EDGE('',*,*,#5161,.T.);
#5173=ORIENTED_EDGE('',*,*,#3423,.T.);
#5175=ORIENTED_EDGE('',*,*,#5174,.T.);
#5176=EDGE_LOOP('',(#5171,#5172,#5173,#5175));
#5177=FACE_OUTER_BOUND('',#5176,.F.);
#5178=ADVANCED_FACE('',(#5177),#5170,.F.);
#5179=CARTESIAN_POINT('',(-9.15E-1,2.E-1,-2.05E0));
#5180=DIRECTION('',(-9.805806756909E-1,-1.961161351382E-1,0.E0));
#5181=DIRECTION('',(1.961161351382E-1,-9.805806756909E-1,0.E0));
#5182=AXIS2_PLACEMENT_3D('',#5179,#5180,#5181);
#5183=PLANE('',#5182);
#5184=ORIENTED_EDGE('',*,*,#3159,.T.);
#5185=ORIENTED_EDGE('',*,*,#5174,.F.);
#5186=ORIENTED_EDGE('',*,*,#3429,.T.);
#5187=ORIENTED_EDGE('',*,*,#4937,.F.);
#5188=ORIENTED_EDGE('',*,*,#4777,.T.);
#5189=ORIENTED_EDGE('',*,*,#3666,.T.);
#5190=EDGE_LOOP('',(#5184,#5185,#5186,#5187,#5188,#5189));
#5191=FACE_OUTER_BOUND('',#5190,.F.);
#5192=ADVANCED_FACE('',(#5191),#5183,.F.);
#5193=CARTESIAN_POINT('',(-1.125E0,0.E0,-2.05E0));
#5194=DIRECTION('',(9.805806756909E-1,-1.961161351382E-1,0.E0));
#5195=DIRECTION('',(1.961161351382E-1,9.805806756909E-1,0.E0));
#5196=AXIS2_PLACEMENT_3D('',#5193,#5194,#5195);
#5197=PLANE('',#5196);
#5198=ORIENTED_EDGE('',*,*,#3163,.F.);
#5199=ORIENTED_EDGE('',*,*,#3663,.T.);
#5200=ORIENTED_EDGE('',*,*,#4766,.F.);
#5201=ORIENTED_EDGE('',*,*,#4948,.T.);
#5202=ORIENTED_EDGE('',*,*,#3441,.F.);
#5204=ORIENTED_EDGE('',*,*,#5203,.F.);
#5205=EDGE_LOOP('',(#5198,#5199,#5200,#5201,#5202,#5204));
#5206=FACE_OUTER_BOUND('',#5205,.F.);
#5207=ADVANCED_FACE('',(#5206),#5197,.F.);
#5208=CARTESIAN_POINT('',(0.E0,0.E0,-1.6E0));
#5209=DIRECTION('',(0.E0,0.E0,1.E0));
#5210=DIRECTION('',(-1.E0,0.E0,0.E0));
#5211=AXIS2_PLACEMENT_3D('',#5208,#5209,#5210);
#5212=PLANE('',#5211);
#5213=ORIENTED_EDGE('',*,*,#3165,.F.);
#5214=ORIENTED_EDGE('',*,*,#5203,.T.);
#5215=ORIENTED_EDGE('',*,*,#3439,.T.);
#5217=ORIENTED_EDGE('',*,*,#5216,.T.);
#5218=EDGE_LOOP('',(#5213,#5214,#5215,#5217));
#5219=FACE_OUTER_BOUND('',#5218,.F.);
#5220=ADVANCED_FACE('',(#5219),#5212,.F.);
#5221=CARTESIAN_POINT('',(-1.415E0,2.E-1,-2.05E0));
#5222=DIRECTION('',(-9.805806756909E-1,-1.961161351382E-1,0.E0));
#5223=DIRECTION('',(1.961161351382E-1,-9.805806756909E-1,0.E0));
#5224=AXIS2_PLACEMENT_3D('',#5221,#5222,#5223);
#5225=PLANE('',#5224);
#5226=ORIENTED_EDGE('',*,*,#3167,.T.);
#5227=ORIENTED_EDGE('',*,*,#5216,.F.);
#5228=ORIENTED_EDGE('',*,*,#3445,.T.);
#5229=ORIENTED_EDGE('',*,*,#4951,.F.);
#5230=ORIENTED_EDGE('',*,*,#4762,.T.);
#5231=ORIENTED_EDGE('',*,*,#3659,.T.);
#5232=EDGE_LOOP('',(#5226,#5227,#5228,#5229,#5230,#5231));
#5233=FACE_OUTER_BOUND('',#5232,.F.);
#5234=ADVANCED_FACE('',(#5233),#5225,.F.);
#5235=CLOSED_SHELL('',(#3267,#3282,#3296,#3310,#3324,#3337,#3353,#3369,#3385,
#3401,#3417,#3433,#3449,#3465,#3481,#3497,#3513,#3529,#3545,#3561,#3574,#3590,
#3606,#3620,#3637,#3707,#3741,#3811,#3828,#3841,#3857,#3870,#3885,#3900,#3915,
#3930,#3945,#3960,#3975,#3987,#4001,#4015,#4029,#4043,#4057,#4071,#4085,#4100,
#4113,#4127,#4142,#4155,#4169,#4184,#4197,#4211,#4226,#4239,#4253,#4268,#4281,
#4295,#4310,#4323,#4337,#4352,#4365,#4379,#4412,#4424,#4439,#4454,#4469,#4483,
#4498,#4512,#4526,#4540,#4554,#4568,#4582,#4596,#4609,#4622,#4634,#4646,#4659,
#4671,#4684,#4696,#4713,#4726,#4742,#4755,#4770,#4785,#4800,#4815,#4830,#4845,
#4859,#4872,#4886,#4900,#4914,#4928,#4942,#4956,#4968,#4982,#4997,#5010,#5024,
#5039,#5052,#5066,#5081,#5094,#5108,#5123,#5136,#5150,#5165,#5178,#5192,#5207,
#5220,#5234));
#5236=MANIFOLD_SOLID_BREP('',#5235);
#5237=FILL_AREA_STYLE_COLOUR('',#41);
#5238=FILL_AREA_STYLE('',(#5237));
#5239=SURFACE_STYLE_FILL_AREA(#5238);
#5240=SURFACE_SIDE_STYLE('',(#5239));
#5241=SURFACE_STYLE_USAGE(.BOTH.,#5240);
#5242=PRESENTATION_STYLE_ASSIGNMENT((#5241));
#43=STYLED_ITEM('',(#5242),#5236);
#5244=DIMENSIONAL_EXPONENTS(0.E0,0.E0,0.E0,0.E0,0.E0,0.E0,0.E0);
#5246=PLANE_ANGLE_MEASURE_WITH_UNIT(PLANE_ANGLE_MEASURE(1.745329251994E-2),
#5245);
#5247=(CONVERSION_BASED_UNIT('DEGREE',#5246)NAMED_UNIT(#5244)PLANE_ANGLE_UNIT(
));
#5249=UNCERTAINTY_MEASURE_WITH_UNIT(LENGTH_MEASURE(7.043154923710E-4),#5243,
'distance_accuracy_value',
'Maximum model space distance between geometric entities at asserted connectivities');
#5250=(GEOMETRIC_REPRESENTATION_CONTEXT(3)GLOBAL_UNCERTAINTY_ASSIGNED_CONTEXT((
#5249))GLOBAL_UNIT_ASSIGNED_CONTEXT((#5243,#5247,#5248))REPRESENTATION_CONTEXT(
'ID1','3'));
#5251=CARTESIAN_POINT('',(0.E0,0.E0,0.E0));
#5252=DIRECTION('',(0.E0,0.E0,1.E0));
#5253=DIRECTION('',(1.E0,0.E0,0.E0));
#5256=APPLICATION_CONTEXT('automotive_design');
#5257=APPLICATION_PROTOCOL_DEFINITION('draft international standard',
'automotive_design',1998,#5256);
#5258=PRODUCT_DEFINITION_CONTEXT('part definition',#5256,'design');
#5259=PRODUCT_CONTEXT('',#5256,'mechanical');
#5260=PRODUCT('BODY_SDA16B','BODY_SDA16B','NOT SPECIFIED',(#5259));
#5261=PRODUCT_DEFINITION_FORMATION_WITH_SPECIFIED_SOURCE('31','LAST_VERSION',
#5260,.MADE.);
#5270=CARTESIAN_POINT('',(0.E0,0.E0,0.E0));
#5271=DIRECTION('',(0.E0,0.E0,1.E0));
#5272=DIRECTION('',(1.E0,0.E0,0.E0));
#5273=AXIS2_PLACEMENT_3D('',#5270,#5271,#5272);
#5274=ITEM_DEFINED_TRANSFORMATION('','',#5254,#5273);
#5275=(REPRESENTATION_RELATIONSHIP('','',#5255,#5267)REPRESENTATION_RELATIONSHIP_WITH_TRANSFORMATION(#5274)SHAPE_REPRESENTATION_RELATIONSHIP());
#5276=CONTEXT_DEPENDENT_SHAPE_REPRESENTATION(#5275,#5269);
#5277=COLOUR_RGB('',9.6E-1,1.9E-1,5.E-2);
#5279=DIRECTION('',(1.E0,0.E0,0.E0));
#5280=VECTOR('',#5279,2.5E-1);
#5281=CARTESIAN_POINT('',(1.625E0,0.E0,-2.E0));
#5282=LINE('',#5281,#5280);
#5283=CURVE_STYLE('',#48,POSITIVE_LENGTH_MEASURE(2.E-2),#28);
#5284=PRESENTATION_STYLE_ASSIGNMENT((#5283));
#5285=STYLED_ITEM('',(#5284),#5282);
#5286=DIRECTION('',(0.E0,0.E0,1.E0));
#5287=VECTOR('',#5286,4.E-1);
#5288=CARTESIAN_POINT('',(1.625E0,0.E0,-2.E0));
#5289=LINE('',#5288,#5287);
#5290=CURVE_STYLE('',#48,POSITIVE_LENGTH_MEASURE(2.E-2),#28);
#5291=PRESENTATION_STYLE_ASSIGNMENT((#5290));
#5292=STYLED_ITEM('',(#5291),#5289);
#5293=DIRECTION('',(1.E0,0.E0,0.E0));
#5294=VECTOR('',#5293,2.940910976998E-1);
#5295=CARTESIAN_POINT('',(1.602954451150E0,1.102277442495E-1,-2.E0));
#5296=LINE('',#5295,#5294);
#5297=CURVE_STYLE('',#48,POSITIVE_LENGTH_MEASURE(2.E-2),#28);
#5298=PRESENTATION_STYLE_ASSIGNMENT((#5297));
#5299=STYLED_ITEM('',(#5298),#5296);
#5300=DIRECTION('',(0.E0,0.E0,-1.E0));
#5301=VECTOR('',#5300,3.883454607504E-1);
#5302=CARTESIAN_POINT('',(1.876875537168E0,9.377685839078E-3,-1.6E0));
#5303=LINE('',#5302,#5301);
#5304=CURVE_STYLE('',#48,POSITIVE_LENGTH_MEASURE(2.E-2),#28);
#5305=PRESENTATION_STYLE_ASSIGNMENT((#5304));
#5306=STYLED_ITEM('',(#5305),#5303);
#5307=DIRECTION('',(-1.961161351382E-1,-9.805806756909E-1,0.E0));
#5308=VECTOR('',#5307,9.683996413214E-2);
#5309=CARTESIAN_POINT('',(1.895867416660E0,1.043370833017E-1,
-1.988345460750E0));
#5310=LINE('',#5309,#5308);
#5311=CURVE_STYLE('',#48,POSITIVE_LENGTH_MEASURE(2.E-2),#28);
#5312=PRESENTATION_STYLE_ASSIGNMENT((#5311));
#5313=STYLED_ITEM('',(#5312),#5310);
#5314=CARTESIAN_POINT('',(1.895867416660E0,1.043370833017E-1,
-1.988345460750E0));
#5315=CARTESIAN_POINT('',(1.896182185591E0,1.059109279550E-1,
-1.992435078348E0));
#5316=CARTESIAN_POINT('',(1.896575144726E0,1.078757236304E-1,
-1.996319272146E0));
#5317=CARTESIAN_POINT('',(1.897045548850E0,1.102277442495E-1,-2.E0));
#5319=CURVE_STYLE('',#48,POSITIVE_LENGTH_MEASURE(2.E-2),#28);
#5320=PRESENTATION_STYLE_ASSIGNMENT((#5319));
#5321=STYLED_ITEM('',(#5320),#5318);
#5322=DIRECTION('',(1.961161351382E-1,9.805806756909E-1,0.E0));
#5323=VECTOR('',#5322,1.124106837735E-1);
#5324=CARTESIAN_POINT('',(1.875E0,0.E0,-2.E0));
#5325=LINE('',#5324,#5323);
#5326=CURVE_STYLE('',#48,POSITIVE_LENGTH_MEASURE(2.E-2),#28);
#5327=PRESENTATION_STYLE_ASSIGNMENT((#5326));
#5328=STYLED_ITEM('',(#5327),#5325);
#5329=DIRECTION('',(0.E0,0.E0,1.E0));
#5330=VECTOR('',#5329,4.E-1);
#5331=CARTESIAN_POINT('',(1.875E0,0.E0,-2.E0));
#5332=LINE('',#5331,#5330);
#5333=CURVE_STYLE('',#48,POSITIVE_LENGTH_MEASURE(2.E-2),#28);
#5334=PRESENTATION_STYLE_ASSIGNMENT((#5333));
#5335=STYLED_ITEM('',(#5334),#5332);
#5336=DIRECTION('',(-1.E0,0.E0,0.E0));
#5337=VECTOR('',#5336,2.537510743356E-1);
#5338=CARTESIAN_POINT('',(1.876875537168E0,9.377685839078E-3,-1.6E0));
#5339=LINE('',#5338,#5337);
#5340=CURVE_STYLE('',#48,POSITIVE_LENGTH_MEASURE(2.E-2),#28);
#5341=PRESENTATION_STYLE_ASSIGNMENT((#5340));
#5342=STYLED_ITEM('',(#5341),#5339);
#5343=DIRECTION('',(1.961161351382E-1,9.805806756909E-1,2.321816410437E-14));
#5344=VECTOR('',#5343,9.563400617160E-3);
#5345=CARTESIAN_POINT('',(1.875E0,0.E0,-1.6E0));
#5346=LINE('',#5345,#5344);
#5347=CURVE_STYLE('',#48,POSITIVE_LENGTH_MEASURE(2.E-2),#28);
#5348=PRESENTATION_STYLE_ASSIGNMENT((#5347));
#5349=STYLED_ITEM('',(#5348),#5346);
#5350=DIRECTION('',(1.E0,0.E0,0.E0));
#5351=VECTOR('',#5350,2.5E-1);
#5352=CARTESIAN_POINT('',(1.625E0,0.E0,-1.6E0));
#5353=LINE('',#5352,#5351);
#5354=CURVE_STYLE('',#48,POSITIVE_LENGTH_MEASURE(2.E-2),#28);
#5355=PRESENTATION_STYLE_ASSIGNMENT((#5354));
#5356=STYLED_ITEM('',(#5355),#5353);
#5357=DIRECTION('',(1.961161351382E-1,-9.805806756909E-1,-2.321816410437E-14));
#5358=VECTOR('',#5357,9.563400617160E-3);
#5359=CARTESIAN_POINT('',(1.623124462832E0,9.377685839078E-3,-1.6E0));
#5360=LINE('',#5359,#5358);
#5361=CURVE_STYLE('',#48,POSITIVE_LENGTH_MEASURE(2.E-2),#28);
#5362=PRESENTATION_STYLE_ASSIGNMENT((#5361));
#5363=STYLED_ITEM('',(#5362),#5360);
#5364=DIRECTION('',(0.E0,0.E0,-1.E0));
#5365=VECTOR('',#5364,3.883454607504E-1);
#5366=CARTESIAN_POINT('',(1.623124462832E0,9.377685839078E-3,-1.6E0));
#5367=LINE('',#5366,#5365);
#5368=CURVE_STYLE('',#48,POSITIVE_LENGTH_MEASURE(2.E-2),#28);
#5369=PRESENTATION_STYLE_ASSIGNMENT((#5368));
#5370=STYLED_ITEM('',(#5369),#5367);
#5371=DIRECTION('',(1.961161351382E-1,-9.805806756909E-1,0.E0));
#5372=VECTOR('',#5371,1.124106837735E-1);
#5373=CARTESIAN_POINT('',(1.602954451150E0,1.102277442495E-1,-2.E0));
#5374=LINE('',#5373,#5372);
#5375=CURVE_STYLE('',#48,POSITIVE_LENGTH_MEASURE(2.E-2),#28);
#5376=PRESENTATION_STYLE_ASSIGNMENT((#5375));
#5377=STYLED_ITEM('',(#5376),#5374);
#5378=CARTESIAN_POINT('',(1.604132583340E0,1.043370833017E-1,
-1.988345460750E0));
#5379=CARTESIAN_POINT('',(1.603817814409E0,1.059109279550E-1,
-1.992435078348E0));
#5380=CARTESIAN_POINT('',(1.603424855274E0,1.078757236304E-1,
-1.996319272146E0));
#5381=CARTESIAN_POINT('',(1.602954451150E0,1.102277442495E-1,-2.E0));
#5383=CURVE_STYLE('',#48,POSITIVE_LENGTH_MEASURE(2.E-2),#28);
#5384=PRESENTATION_STYLE_ASSIGNMENT((#5383));
#5385=STYLED_ITEM('',(#5384),#5382);
#5386=DIRECTION('',(1.961161351382E-1,-9.805806756909E-1,0.E0));
#5387=VECTOR('',#5386,9.683996413214E-2);
#5388=CARTESIAN_POINT('',(1.604132583340E0,1.043370833017E-1,
-1.988345460750E0));
#5389=LINE('',#5388,#5387);
#5390=CURVE_STYLE('',#48,POSITIVE_LENGTH_MEASURE(2.E-2),#28);
#5391=PRESENTATION_STYLE_ASSIGNMENT((#5390));
#5392=STYLED_ITEM('',(#5391),#5389);
#5393=DIRECTION('',(1.E0,0.E0,0.E0));
#5394=VECTOR('',#5393,2.917348333207E-1);
#5395=CARTESIAN_POINT('',(1.604132583340E0,1.043370833017E-1,
-1.988345460750E0));
#5396=LINE('',#5395,#5394);
#5397=CURVE_STYLE('',#48,POSITIVE_LENGTH_MEASURE(2.E-2),#28);
#5398=PRESENTATION_STYLE_ASSIGNMENT((#5397));
#5399=STYLED_ITEM('',(#5398),#5396);
#5400=DIRECTION('',(1.E0,0.E0,0.E0));
#5401=VECTOR('',#5400,2.537510743356E-1);
#5402=CARTESIAN_POINT('',(1.623124462832E0,9.377685839078E-3,
-1.988345460750E0));
#5403=LINE('',#5402,#5401);
#5404=CURVE_STYLE('',#48,POSITIVE_LENGTH_MEASURE(2.E-2),#28);
#5405=PRESENTATION_STYLE_ASSIGNMENT((#5404));
#5406=STYLED_ITEM('',(#5405),#5403);
#5407=CARTESIAN_POINT('',(1.625E0,0.E0,-1.6E0));
#5408=CARTESIAN_POINT('',(1.875E0,0.E0,-1.6E0));
#5409=VERTEX_POINT('',#5407);
#5410=VERTEX_POINT('',#5408);
#5411=CARTESIAN_POINT('',(1.625E0,0.E0,-2.E0));
#5412=CARTESIAN_POINT('',(1.875E0,0.E0,-2.E0));
#5413=VERTEX_POINT('',#5411);
#5414=VERTEX_POINT('',#5412);
#5415=CARTESIAN_POINT('',(1.897045548850E0,1.102277442495E-1,-2.E0));
#5416=VERTEX_POINT('',#5415);
#5417=CARTESIAN_POINT('',(1.602954451150E0,1.102277442495E-1,-2.E0));
#5418=VERTEX_POINT('',#5417);
#5419=CARTESIAN_POINT('',(1.876875537168E0,9.377685839078E-3,-1.6E0));
#5420=CARTESIAN_POINT('',(1.623124462832E0,9.377685839078E-3,-1.6E0));
#5421=VERTEX_POINT('',#5419);
#5422=VERTEX_POINT('',#5420);
#5423=CARTESIAN_POINT('',(1.876875537168E0,9.377685839078E-3,
-1.988345460750E0));
#5424=VERTEX_POINT('',#5423);
#5425=CARTESIAN_POINT('',(1.895867416660E0,1.043370833017E-1,
-1.988345460750E0));
#5426=VERTEX_POINT('',#5425);
#5427=CARTESIAN_POINT('',(1.623124462832E0,9.377685839078E-3,
-1.988345460750E0));
#5428=VERTEX_POINT('',#5427);
#5429=CARTESIAN_POINT('',(1.604132583340E0,1.043370833017E-1,
-1.988345460750E0));
#5430=VERTEX_POINT('',#5429);
#5431=CARTESIAN_POINT('',(0.E0,0.E0,0.E0));
#5432=DIRECTION('',(0.E0,1.E0,0.E0));
#5433=DIRECTION('',(1.E0,0.E0,0.E0));
#5434=AXIS2_PLACEMENT_3D('',#5431,#5432,#5433);
#5435=PLANE('',#5434);
#5437=ORIENTED_EDGE('',*,*,#5436,.F.);
#5439=ORIENTED_EDGE('',*,*,#5438,.T.);
#5441=ORIENTED_EDGE('',*,*,#5440,.T.);
#5443=ORIENTED_EDGE('',*,*,#5442,.F.);
#5444=EDGE_LOOP('',(#5437,#5439,#5441,#5443));
#5445=FACE_OUTER_BOUND('',#5444,.F.);
#5446=ADVANCED_FACE('',(#5445),#5435,.F.);
#5447=CARTESIAN_POINT('',(-2.5E0,2.E-1,-2.E0));
#5448=DIRECTION('',(0.E0,0.E0,1.E0));
#5449=DIRECTION('',(1.E0,0.E0,0.E0));
#5450=AXIS2_PLACEMENT_3D('',#5447,#5448,#5449);
#5451=PLANE('',#5450);
#5452=ORIENTED_EDGE('',*,*,#5436,.T.);
#5454=ORIENTED_EDGE('',*,*,#5453,.T.);
#5456=ORIENTED_EDGE('',*,*,#5455,.F.);
#5458=ORIENTED_EDGE('',*,*,#5457,.T.);
#5459=EDGE_LOOP('',(#5452,#5454,#5456,#5458));
#5460=FACE_OUTER_BOUND('',#5459,.F.);
#5461=ADVANCED_FACE('',(#5460),#5451,.F.);
#5462=FILL_AREA_STYLE_COLOUR('',#28);
#5463=FILL_AREA_STYLE('',(#5462));
#5464=SURFACE_STYLE_FILL_AREA(#5463);
#5465=SURFACE_SIDE_STYLE('',(#5464));
#5466=SURFACE_STYLE_USAGE(.POSITIVE.,#5465);
#5467=FILL_AREA_STYLE_COLOUR('',#5277);
#5468=FILL_AREA_STYLE('',(#5467));
#5469=SURFACE_STYLE_FILL_AREA(#5468);
#5470=SURFACE_SIDE_STYLE('',(#5469));
#5471=SURFACE_STYLE_USAGE(.NEGATIVE.,#5470);
#5472=PRESENTATION_STYLE_ASSIGNMENT((#5466,#5471));
#5473=OVER_RIDING_STYLED_ITEM('',(#5472),#5461,#5278);
#5474=CARTESIAN_POINT('',(1.875E0,0.E0,-2.05E0));
#5475=DIRECTION('',(9.805806756909E-1,-1.961161351382E-1,0.E0));
#5476=DIRECTION('',(1.961161351382E-1,9.805806756909E-1,0.E0));
#5477=AXIS2_PLACEMENT_3D('',#5474,#5475,#5476);
#5478=PLANE('',#5477);
#5480=ORIENTED_EDGE('',*,*,#5479,.T.);
#5482=ORIENTED_EDGE('',*,*,#5481,.F.);
#5484=ORIENTED_EDGE('',*,*,#5483,.T.);
#5485=ORIENTED_EDGE('',*,*,#5453,.F.);
#5486=ORIENTED_EDGE('',*,*,#5442,.T.);
#5488=ORIENTED_EDGE('',*,*,#5487,.T.);
#5489=EDGE_LOOP('',(#5480,#5482,#5484,#5485,#5486,#5488));
#5490=FACE_OUTER_BOUND('',#5489,.F.);
#5491=ADVANCED_FACE('',(#5490),#5478,.T.);
#5492=CARTESIAN_POINT('',(-2.48E0,9.377685839078E-3,1.987348385653E0));
#5493=DIRECTION('',(0.E0,-1.E0,0.E0));
#5494=DIRECTION('',(0.E0,0.E0,-1.E0));
#5495=AXIS2_PLACEMENT_3D('',#5492,#5493,#5494);
#5496=PLANE('',#5495);
#5498=ORIENTED_EDGE('',*,*,#5497,.T.);
#5500=ORIENTED_EDGE('',*,*,#5499,.T.);
#5502=ORIENTED_EDGE('',*,*,#5501,.T.);
#5503=ORIENTED_EDGE('',*,*,#5479,.F.);
#5504=EDGE_LOOP('',(#5498,#5500,#5502,#5503));
#5505=FACE_OUTER_BOUND('',#5504,.F.);
#5506=ADVANCED_FACE('',(#5505),#5496,.F.);
#5507=CARTESIAN_POINT('',(0.E0,0.E0,-1.6E0));
#5508=DIRECTION('',(0.E0,0.E0,1.E0));
#5509=DIRECTION('',(-1.E0,0.E0,0.E0));
#5510=AXIS2_PLACEMENT_3D('',#5507,#5508,#5509);
#5511=PLANE('',#5510);
#5512=ORIENTED_EDGE('',*,*,#5497,.F.);
#5513=ORIENTED_EDGE('',*,*,#5487,.F.);
#5514=ORIENTED_EDGE('',*,*,#5440,.F.);
#5516=ORIENTED_EDGE('',*,*,#5515,.F.);
#5517=EDGE_LOOP('',(#5512,#5513,#5514,#5516));
#5518=FACE_OUTER_BOUND('',#5517,.F.);
#5519=ADVANCED_FACE('',(#5518),#5511,.T.);
#5520=CARTESIAN_POINT('',(1.585E0,2.E-1,-2.05E0));
#5521=DIRECTION('',(-9.805806756909E-1,-1.961161351382E-1,0.E0));
#5522=DIRECTION('',(1.961161351382E-1,-9.805806756909E-1,0.E0));
#5523=AXIS2_PLACEMENT_3D('',#5520,#5521,#5522);
#5524=PLANE('',#5523);
#5525=ORIENTED_EDGE('',*,*,#5499,.F.);
#5526=ORIENTED_EDGE('',*,*,#5515,.T.);
#5527=ORIENTED_EDGE('',*,*,#5438,.F.);
#5528=ORIENTED_EDGE('',*,*,#5457,.F.);
#5530=ORIENTED_EDGE('',*,*,#5529,.F.);
#5532=ORIENTED_EDGE('',*,*,#5531,.T.);
#5533=EDGE_LOOP('',(#5525,#5526,#5527,#5528,#5530,#5532));
#5534=FACE_OUTER_BOUND('',#5533,.F.);
#5535=ADVANCED_FACE('',(#5534),#5524,.T.);
#5536=CARTESIAN_POINT('',(2.E0,1.65E-1,-1.965E0));
#5537=DIRECTION('',(1.E0,0.E0,0.E0));
#5538=DIRECTION('',(0.E0,0.E0,1.E0));
#5539=AXIS2_PLACEMENT_3D('',#5536,#5537,#5538);
#5540=CYLINDRICAL_SURFACE('',#5539,6.5E-2);
#5542=ORIENTED_EDGE('',*,*,#5541,.F.);
#5543=ORIENTED_EDGE('',*,*,#5529,.T.);
#5544=ORIENTED_EDGE('',*,*,#5455,.T.);
#5545=ORIENTED_EDGE('',*,*,#5483,.F.);
#5546=EDGE_LOOP('',(#5542,#5543,#5544,#5545));
#5547=FACE_OUTER_BOUND('',#5546,.F.);
#5548=ADVANCED_FACE('',(#5547),#5540,.F.);
#5549=CARTESIAN_POINT('',(-2.48E0,9.377685839078E-3,-1.988345460750E0));
#5550=DIRECTION('',(0.E0,0.E0,-1.E0));
#5551=DIRECTION('',(0.E0,1.E0,0.E0));
#5552=AXIS2_PLACEMENT_3D('',#5549,#5550,#5551);
#5553=PLANE('',#5552);
#5554=ORIENTED_EDGE('',*,*,#5481,.T.);
#5555=ORIENTED_EDGE('',*,*,#5501,.F.);
#5556=ORIENTED_EDGE('',*,*,#5531,.F.);
#5557=ORIENTED_EDGE('',*,*,#5541,.T.);
#5558=EDGE_LOOP('',(#5554,#5555,#5556,#5557));
#5559=FACE_OUTER_BOUND('',#5558,.F.);
#5560=ADVANCED_FACE('',(#5559),#5553,.F.);
#5561=CLOSED_SHELL('',(#5446,#5461,#5491,#5506,#5519,#5535,#5548,#5560));
#5562=MANIFOLD_SOLID_BREP('',#5561);
#5563=FILL_AREA_STYLE_COLOUR('',#28);
#5564=FILL_AREA_STYLE('',(#5563));
#5565=SURFACE_STYLE_FILL_AREA(#5564);
#5566=SURFACE_SIDE_STYLE('',(#5565));
#5567=SURFACE_STYLE_USAGE(.BOTH.,#5566);
#5568=PRESENTATION_STYLE_ASSIGNMENT((#5567));
#5278=STYLED_ITEM('',(#5568),#5562);
#5570=DIRECTION('',(1.E0,0.E0,0.E0));
#5571=VECTOR('',#5570,2.5E-1);
#5572=CARTESIAN_POINT('',(1.125E0,0.E0,-2.E0));
#5573=LINE('',#5572,#5571);
#5574=CURVE_STYLE('',#48,POSITIVE_LENGTH_MEASURE(2.E-2),#28);
#5575=PRESENTATION_STYLE_ASSIGNMENT((#5574));
#5576=STYLED_ITEM('',(#5575),#5573);
#5577=DIRECTION('',(0.E0,0.E0,1.E0));
#5578=VECTOR('',#5577,4.E-1);
#5579=CARTESIAN_POINT('',(1.125E0,0.E0,-2.E0));
#5580=LINE('',#5579,#5578);
#5581=CURVE_STYLE('',#48,POSITIVE_LENGTH_MEASURE(2.E-2),#28);
#5582=PRESENTATION_STYLE_ASSIGNMENT((#5581));
#5583=STYLED_ITEM('',(#5582),#5580);
#5584=DIRECTION('',(1.E0,0.E0,0.E0));
#5585=VECTOR('',#5584,2.940910976998E-1);
#5586=CARTESIAN_POINT('',(1.102954451150E0,1.102277442495E-1,-2.E0));
#5587=LINE('',#5586,#5585);
#5588=CURVE_STYLE('',#48,POSITIVE_LENGTH_MEASURE(2.E-2),#28);
#5589=PRESENTATION_STYLE_ASSIGNMENT((#5588));
#5590=STYLED_ITEM('',(#5589),#5587);
#5591=DIRECTION('',(0.E0,0.E0,-1.E0));
#5592=VECTOR('',#5591,3.883454607504E-1);
#5593=CARTESIAN_POINT('',(1.376875537168E0,9.377685839078E-3,-1.6E0));
#5594=LINE('',#5593,#5592);
#5595=CURVE_STYLE('',#48,POSITIVE_LENGTH_MEASURE(2.E-2),#28);
#5596=PRESENTATION_STYLE_ASSIGNMENT((#5595));
#5597=STYLED_ITEM('',(#5596),#5594);
#5598=DIRECTION('',(-1.961161351382E-1,-9.805806756909E-1,0.E0));
#5599=VECTOR('',#5598,9.683996413214E-2);
#5600=CARTESIAN_POINT('',(1.395867416660E0,1.043370833017E-1,
-1.988345460750E0));
#5601=LINE('',#5600,#5599);
#5602=CURVE_STYLE('',#48,POSITIVE_LENGTH_MEASURE(2.E-2),#28);
#5603=PRESENTATION_STYLE_ASSIGNMENT((#5602));
#5604=STYLED_ITEM('',(#5603),#5601);
#5605=CARTESIAN_POINT('',(1.395867416660E0,1.043370833017E-1,
-1.988345460750E0));
#5606=CARTESIAN_POINT('',(1.396182185591E0,1.059109279550E-1,
-1.992435078348E0));
#5607=CARTESIAN_POINT('',(1.396575144726E0,1.078757236304E-1,
-1.996319272146E0));
#5608=CARTESIAN_POINT('',(1.397045548850E0,1.102277442495E-1,-2.E0));
#5610=CURVE_STYLE('',#48,POSITIVE_LENGTH_MEASURE(2.E-2),#28);
#5611=PRESENTATION_STYLE_ASSIGNMENT((#5610));
#5612=STYLED_ITEM('',(#5611),#5609);
#5613=DIRECTION('',(1.961161351382E-1,9.805806756909E-1,0.E0));
#5614=VECTOR('',#5613,1.124106837735E-1);
#5615=CARTESIAN_POINT('',(1.375E0,0.E0,-2.E0));
#5616=LINE('',#5615,#5614);
#5617=CURVE_STYLE('',#48,POSITIVE_LENGTH_MEASURE(2.E-2),#28);
#5618=PRESENTATION_STYLE_ASSIGNMENT((#5617));
#5619=STYLED_ITEM('',(#5618),#5616);
#5620=DIRECTION('',(0.E0,0.E0,1.E0));
#5621=VECTOR('',#5620,4.E-1);
#5622=CARTESIAN_POINT('',(1.375E0,0.E0,-2.E0));
#5623=LINE('',#5622,#5621);
#5624=CURVE_STYLE('',#48,POSITIVE_LENGTH_MEASURE(2.E-2),#28);
#5625=PRESENTATION_STYLE_ASSIGNMENT((#5624));
#5626=STYLED_ITEM('',(#5625),#5623);
#5627=DIRECTION('',(-1.E0,0.E0,0.E0));
#5628=VECTOR('',#5627,2.537510743356E-1);
#5629=CARTESIAN_POINT('',(1.376875537168E0,9.377685839078E-3,-1.6E0));
#5630=LINE('',#5629,#5628);
#5631=CURVE_STYLE('',#48,POSITIVE_LENGTH_MEASURE(2.E-2),#28);
#5632=PRESENTATION_STYLE_ASSIGNMENT((#5631));
#5633=STYLED_ITEM('',(#5632),#5630);
#5634=DIRECTION('',(1.961161351382E-1,9.805806756909E-1,2.321816410437E-14));
#5635=VECTOR('',#5634,9.563400617160E-3);
#5636=CARTESIAN_POINT('',(1.375E0,0.E0,-1.6E0));
#5637=LINE('',#5636,#5635);
#5638=CURVE_STYLE('',#48,POSITIVE_LENGTH_MEASURE(2.E-2),#28);
#5639=PRESENTATION_STYLE_ASSIGNMENT((#5638));
#5640=STYLED_ITEM('',(#5639),#5637);
#5641=DIRECTION('',(1.E0,0.E0,0.E0));
#5642=VECTOR('',#5641,2.5E-1);
#5643=CARTESIAN_POINT('',(1.125E0,0.E0,-1.6E0));
#5644=LINE('',#5643,#5642);
#5645=CURVE_STYLE('',#48,POSITIVE_LENGTH_MEASURE(2.E-2),#28);
#5646=PRESENTATION_STYLE_ASSIGNMENT((#5645));
#5647=STYLED_ITEM('',(#5646),#5644);
#5648=DIRECTION('',(1.961161351382E-1,-9.805806756909E-1,-2.321816410437E-14));
#5649=VECTOR('',#5648,9.563400617160E-3);
#5650=CARTESIAN_POINT('',(1.123124462832E0,9.377685839078E-3,-1.6E0));
#5651=LINE('',#5650,#5649);
#5652=CURVE_STYLE('',#48,POSITIVE_LENGTH_MEASURE(2.E-2),#28);
#5653=PRESENTATION_STYLE_ASSIGNMENT((#5652));
#5654=STYLED_ITEM('',(#5653),#5651);
#5655=DIRECTION('',(0.E0,0.E0,-1.E0));
#5656=VECTOR('',#5655,3.883454607504E-1);
#5657=CARTESIAN_POINT('',(1.123124462832E0,9.377685839078E-3,-1.6E0));
#5658=LINE('',#5657,#5656);
#5659=CURVE_STYLE('',#48,POSITIVE_LENGTH_MEASURE(2.E-2),#28);
#5660=PRESENTATION_STYLE_ASSIGNMENT((#5659));
#5661=STYLED_ITEM('',(#5660),#5658);
#5662=DIRECTION('',(1.961161351382E-1,-9.805806756909E-1,0.E0));
#5663=VECTOR('',#5662,1.124106837735E-1);
#5664=CARTESIAN_POINT('',(1.102954451150E0,1.102277442495E-1,-2.E0));
#5665=LINE('',#5664,#5663);
#5666=CURVE_STYLE('',#48,POSITIVE_LENGTH_MEASURE(2.E-2),#28);
#5667=PRESENTATION_STYLE_ASSIGNMENT((#5666));
#5668=STYLED_ITEM('',(#5667),#5665);
#5669=CARTESIAN_POINT('',(1.104132583340E0,1.043370833017E-1,
-1.988345460750E0));
#5670=CARTESIAN_POINT('',(1.103817814409E0,1.059109279550E-1,
-1.992435078348E0));
#5671=CARTESIAN_POINT('',(1.103424855274E0,1.078757236304E-1,
-1.996319272146E0));
#5672=CARTESIAN_POINT('',(1.102954451150E0,1.102277442495E-1,-2.E0));
#5674=CURVE_STYLE('',#48,POSITIVE_LENGTH_MEASURE(2.E-2),#28);
#5675=PRESENTATION_STYLE_ASSIGNMENT((#5674));
#5676=STYLED_ITEM('',(#5675),#5673);
#5677=DIRECTION('',(1.961161351382E-1,-9.805806756909E-1,0.E0));
#5678=VECTOR('',#5677,9.683996413214E-2);
#5679=CARTESIAN_POINT('',(1.104132583340E0,1.043370833017E-1,
-1.988345460750E0));
#5680=LINE('',#5679,#5678);
#5681=CURVE_STYLE('',#48,POSITIVE_LENGTH_MEASURE(2.E-2),#28);
#5682=PRESENTATION_STYLE_ASSIGNMENT((#5681));
#5683=STYLED_ITEM('',(#5682),#5680);
#5684=DIRECTION('',(1.E0,0.E0,0.E0));
#5685=VECTOR('',#5684,2.917348333207E-1);
#5686=CARTESIAN_POINT('',(1.104132583340E0,1.043370833017E-1,
-1.988345460750E0));
#5687=LINE('',#5686,#5685);
#5688=CURVE_STYLE('',#48,POSITIVE_LENGTH_MEASURE(2.E-2),#28);
#5689=PRESENTATION_STYLE_ASSIGNMENT((#5688));
#5690=STYLED_ITEM('',(#5689),#5687);
#5691=DIRECTION('',(1.E0,0.E0,0.E0));
#5692=VECTOR('',#5691,2.537510743356E-1);
#5693=CARTESIAN_POINT('',(1.123124462832E0,9.377685839078E-3,
-1.988345460750E0));
#5694=LINE('',#5693,#5692);
#5695=CURVE_STYLE('',#48,POSITIVE_LENGTH_MEASURE(2.E-2),#28);
#5696=PRESENTATION_STYLE_ASSIGNMENT((#5695));
#5697=STYLED_ITEM('',(#5696),#5694);
#5698=CARTESIAN_POINT('',(1.125E0,0.E0,-1.6E0));
#5699=CARTESIAN_POINT('',(1.375E0,0.E0,-1.6E0));
#5700=VERTEX_POINT('',#5698);
#5701=VERTEX_POINT('',#5699);
#5702=CARTESIAN_POINT('',(1.125E0,0.E0,-2.E0));
#5703=CARTESIAN_POINT('',(1.375E0,0.E0,-2.E0));
#5704=VERTEX_POINT('',#5702);
#5705=VERTEX_POINT('',#5703);
#5706=CARTESIAN_POINT('',(1.397045548850E0,1.102277442495E-1,-2.E0));
#5707=VERTEX_POINT('',#5706);
#5708=CARTESIAN_POINT('',(1.102954451150E0,1.102277442495E-1,-2.E0));
#5709=VERTEX_POINT('',#5708);
#5710=CARTESIAN_POINT('',(1.376875537168E0,9.377685839078E-3,-1.6E0));
#5711=CARTESIAN_POINT('',(1.123124462832E0,9.377685839078E-3,-1.6E0));
#5712=VERTEX_POINT('',#5710);
#5713=VERTEX_POINT('',#5711);
#5714=CARTESIAN_POINT('',(1.376875537168E0,9.377685839078E-3,
-1.988345460750E0));
#5715=VERTEX_POINT('',#5714);
#5716=CARTESIAN_POINT('',(1.395867416660E0,1.043370833017E-1,
-1.988345460750E0));
#5717=VERTEX_POINT('',#5716);
#5718=CARTESIAN_POINT('',(1.123124462832E0,9.377685839078E-3,
-1.988345460750E0));
#5719=VERTEX_POINT('',#5718);
#5720=CARTESIAN_POINT('',(1.104132583340E0,1.043370833017E-1,
-1.988345460750E0));
#5721=VERTEX_POINT('',#5720);
#5722=CARTESIAN_POINT('',(0.E0,0.E0,0.E0));
#5723=DIRECTION('',(0.E0,1.E0,0.E0));
#5724=DIRECTION('',(1.E0,0.E0,0.E0));
#5725=AXIS2_PLACEMENT_3D('',#5722,#5723,#5724);
#5726=PLANE('',#5725);
#5728=ORIENTED_EDGE('',*,*,#5727,.F.);
#5730=ORIENTED_EDGE('',*,*,#5729,.T.);
#5732=ORIENTED_EDGE('',*,*,#5731,.T.);
#5734=ORIENTED_EDGE('',*,*,#5733,.F.);
#5735=EDGE_LOOP('',(#5728,#5730,#5732,#5734));
#5736=FACE_OUTER_BOUND('',#5735,.F.);
#5737=ADVANCED_FACE('',(#5736),#5726,.F.);
#5738=CARTESIAN_POINT('',(-2.5E0,2.E-1,-2.E0));
#5739=DIRECTION('',(0.E0,0.E0,1.E0));
#5740=DIRECTION('',(1.E0,0.E0,0.E0));
#5741=AXIS2_PLACEMENT_3D('',#5738,#5739,#5740);
#5742=PLANE('',#5741);
#5743=ORIENTED_EDGE('',*,*,#5727,.T.);
#5745=ORIENTED_EDGE('',*,*,#5744,.T.);
#5747=ORIENTED_EDGE('',*,*,#5746,.F.);
#5749=ORIENTED_EDGE('',*,*,#5748,.T.);
#5750=EDGE_LOOP('',(#5743,#5745,#5747,#5749));
#5751=FACE_OUTER_BOUND('',#5750,.F.);
#5752=ADVANCED_FACE('',(#5751),#5742,.F.);
#5753=FILL_AREA_STYLE_COLOUR('',#5277);
#5754=FILL_AREA_STYLE('',(#5753));
#5755=SURFACE_STYLE_FILL_AREA(#5754);
#5756=SURFACE_SIDE_STYLE('',(#5755));
#5757=SURFACE_STYLE_USAGE(.NEGATIVE.,#5756);
#5758=PRESENTATION_STYLE_ASSIGNMENT((#5757));
#5759=OVER_RIDING_STYLED_ITEM('',(#5758),#5752,#5569);
#5760=CARTESIAN_POINT('',(1.375E0,0.E0,-2.05E0));
#5761=DIRECTION('',(9.805806756909E-1,-1.961161351382E-1,0.E0));
#5762=DIRECTION('',(1.961161351382E-1,9.805806756909E-1,0.E0));
#5763=AXIS2_PLACEMENT_3D('',#5760,#5761,#5762);
#5764=PLANE('',#5763);
#5766=ORIENTED_EDGE('',*,*,#5765,.T.);
#5768=ORIENTED_EDGE('',*,*,#5767,.F.);
#5770=ORIENTED_EDGE('',*,*,#5769,.T.);
#5771=ORIENTED_EDGE('',*,*,#5744,.F.);
#5772=ORIENTED_EDGE('',*,*,#5733,.T.);
#5774=ORIENTED_EDGE('',*,*,#5773,.T.);
#5775=EDGE_LOOP('',(#5766,#5768,#5770,#5771,#5772,#5774));
#5776=FACE_OUTER_BOUND('',#5775,.F.);
#5777=ADVANCED_FACE('',(#5776),#5764,.T.);
#5778=CARTESIAN_POINT('',(-2.48E0,9.377685839078E-3,1.987348385653E0));
#5779=DIRECTION('',(0.E0,-1.E0,0.E0));
#5780=DIRECTION('',(0.E0,0.E0,-1.E0));
#5781=AXIS2_PLACEMENT_3D('',#5778,#5779,#5780);
#5782=PLANE('',#5781);
#5784=ORIENTED_EDGE('',*,*,#5783,.T.);
#5786=ORIENTED_EDGE('',*,*,#5785,.T.);
#5788=ORIENTED_EDGE('',*,*,#5787,.T.);
#5789=ORIENTED_EDGE('',*,*,#5765,.F.);
#5790=EDGE_LOOP('',(#5784,#5786,#5788,#5789));
#5791=FACE_OUTER_BOUND('',#5790,.F.);
#5792=ADVANCED_FACE('',(#5791),#5782,.F.);
#5793=CARTESIAN_POINT('',(0.E0,0.E0,-1.6E0));
#5794=DIRECTION('',(0.E0,0.E0,1.E0));
#5795=DIRECTION('',(-1.E0,0.E0,0.E0));
#5796=AXIS2_PLACEMENT_3D('',#5793,#5794,#5795);
#5797=PLANE('',#5796);
#5798=ORIENTED_EDGE('',*,*,#5783,.F.);
#5799=ORIENTED_EDGE('',*,*,#5773,.F.);
#5800=ORIENTED_EDGE('',*,*,#5731,.F.);
#5802=ORIENTED_EDGE('',*,*,#5801,.F.);
#5803=EDGE_LOOP('',(#5798,#5799,#5800,#5802));
#5804=FACE_OUTER_BOUND('',#5803,.F.);
#5805=ADVANCED_FACE('',(#5804),#5797,.T.);
#5806=CARTESIAN_POINT('',(1.085E0,2.E-1,-2.05E0));
#5807=DIRECTION('',(-9.805806756909E-1,-1.961161351382E-1,0.E0));
#5808=DIRECTION('',(1.961161351382E-1,-9.805806756909E-1,0.E0));
#5809=AXIS2_PLACEMENT_3D('',#5806,#5807,#5808);
#5810=PLANE('',#5809);
#5811=ORIENTED_EDGE('',*,*,#5785,.F.);
#5812=ORIENTED_EDGE('',*,*,#5801,.T.);
#5813=ORIENTED_EDGE('',*,*,#5729,.F.);
#5814=ORIENTED_EDGE('',*,*,#5748,.F.);
#5816=ORIENTED_EDGE('',*,*,#5815,.F.);
#5818=ORIENTED_EDGE('',*,*,#5817,.T.);
#5819=EDGE_LOOP('',(#5811,#5812,#5813,#5814,#5816,#5818));
#5820=FACE_OUTER_BOUND('',#5819,.F.);
#5821=ADVANCED_FACE('',(#5820),#5810,.T.);
#5822=CARTESIAN_POINT('',(2.E0,1.65E-1,-1.965E0));
#5823=DIRECTION('',(1.E0,0.E0,0.E0));
#5824=DIRECTION('',(0.E0,0.E0,1.E0));
#5825=AXIS2_PLACEMENT_3D('',#5822,#5823,#5824);
#5826=CYLINDRICAL_SURFACE('',#5825,6.5E-2);
#5828=ORIENTED_EDGE('',*,*,#5827,.F.);
#5829=ORIENTED_EDGE('',*,*,#5815,.T.);
#5830=ORIENTED_EDGE('',*,*,#5746,.T.);
#5831=ORIENTED_EDGE('',*,*,#5769,.F.);
#5832=EDGE_LOOP('',(#5828,#5829,#5830,#5831));
#5833=FACE_OUTER_BOUND('',#5832,.F.);
#5834=ADVANCED_FACE('',(#5833),#5826,.F.);
#5835=CARTESIAN_POINT('',(-2.48E0,9.377685839078E-3,-1.988345460750E0));
#5836=DIRECTION('',(0.E0,0.E0,-1.E0));
#5837=DIRECTION('',(0.E0,1.E0,0.E0));
#5838=AXIS2_PLACEMENT_3D('',#5835,#5836,#5837);
#5839=PLANE('',#5838);
#5840=ORIENTED_EDGE('',*,*,#5767,.T.);
#5841=ORIENTED_EDGE('',*,*,#5787,.F.);
#5842=ORIENTED_EDGE('',*,*,#5817,.F.);
#5843=ORIENTED_EDGE('',*,*,#5827,.T.);
#5844=EDGE_LOOP('',(#5840,#5841,#5842,#5843));
#5845=FACE_OUTER_BOUND('',#5844,.F.);
#5846=ADVANCED_FACE('',(#5845),#5839,.F.);
#5847=CLOSED_SHELL('',(#5737,#5752,#5777,#5792,#5805,#5821,#5834,#5846));
#5848=MANIFOLD_SOLID_BREP('',#5847);
#5849=FILL_AREA_STYLE_COLOUR('',#28);
#5850=FILL_AREA_STYLE('',(#5849));
#5851=SURFACE_STYLE_FILL_AREA(#5850);
#5852=SURFACE_SIDE_STYLE('',(#5851));
#5853=SURFACE_STYLE_USAGE(.POSITIVE.,#5852);
#5854=PRESENTATION_STYLE_ASSIGNMENT((#5853));
#5569=STYLED_ITEM('',(#5854),#5848);
#5856=DIRECTION('',(1.E0,0.E0,0.E0));
#5857=VECTOR('',#5856,2.5E-1);
#5858=CARTESIAN_POINT('',(6.25E-1,0.E0,-2.E0));
#5859=LINE('',#5858,#5857);
#5860=CURVE_STYLE('',#48,POSITIVE_LENGTH_MEASURE(2.E-2),#28);
#5861=PRESENTATION_STYLE_ASSIGNMENT((#5860));
#5862=STYLED_ITEM('',(#5861),#5859);
#5863=DIRECTION('',(0.E0,0.E0,1.E0));
#5864=VECTOR('',#5863,4.E-1);
#5865=CARTESIAN_POINT('',(6.25E-1,0.E0,-2.E0));
#5866=LINE('',#5865,#5864);
#5867=CURVE_STYLE('',#48,POSITIVE_LENGTH_MEASURE(2.E-2),#28);
#5868=PRESENTATION_STYLE_ASSIGNMENT((#5867));
#5869=STYLED_ITEM('',(#5868),#5866);
#5870=DIRECTION('',(1.E0,0.E0,0.E0));
#5871=VECTOR('',#5870,2.940910976998E-1);
#5872=CARTESIAN_POINT('',(6.029544511501E-1,1.102277442495E-1,-2.E0));
#5873=LINE('',#5872,#5871);
#5874=CURVE_STYLE('',#48,POSITIVE_LENGTH_MEASURE(2.E-2),#28);
#5875=PRESENTATION_STYLE_ASSIGNMENT((#5874));
#5876=STYLED_ITEM('',(#5875),#5873);
#5877=DIRECTION('',(0.E0,0.E0,-1.E0));
#5878=VECTOR('',#5877,3.883454607504E-1);
#5879=CARTESIAN_POINT('',(8.768755371678E-1,9.377685839078E-3,-1.6E0));
#5880=LINE('',#5879,#5878);
#5881=CURVE_STYLE('',#48,POSITIVE_LENGTH_MEASURE(2.E-2),#28);
#5882=PRESENTATION_STYLE_ASSIGNMENT((#5881));
#5883=STYLED_ITEM('',(#5882),#5880);
#5884=DIRECTION('',(-1.961161351382E-1,-9.805806756909E-1,0.E0));
#5885=VECTOR('',#5884,9.683996413214E-2);
#5886=CARTESIAN_POINT('',(8.958674166603E-1,1.043370833017E-1,
-1.988345460750E0));
#5887=LINE('',#5886,#5885);
#5888=CURVE_STYLE('',#48,POSITIVE_LENGTH_MEASURE(2.E-2),#28);
#5889=PRESENTATION_STYLE_ASSIGNMENT((#5888));
#5890=STYLED_ITEM('',(#5889),#5887);
#5891=CARTESIAN_POINT('',(8.958674166603E-1,1.043370833017E-1,
-1.988345460750E0));
#5892=CARTESIAN_POINT('',(8.961821855910E-1,1.059109279550E-1,
-1.992435078348E0));
#5893=CARTESIAN_POINT('',(8.965751447261E-1,1.078757236304E-1,
-1.996319272146E0));
#5894=CARTESIAN_POINT('',(8.970455488499E-1,1.102277442495E-1,-2.E0));
#5896=CURVE_STYLE('',#48,POSITIVE_LENGTH_MEASURE(2.E-2),#28);
#5897=PRESENTATION_STYLE_ASSIGNMENT((#5896));
#5898=STYLED_ITEM('',(#5897),#5895);
#5899=DIRECTION('',(1.961161351382E-1,9.805806756909E-1,0.E0));
#5900=VECTOR('',#5899,1.124106837735E-1);
#5901=CARTESIAN_POINT('',(8.75E-1,0.E0,-2.E0));
#5902=LINE('',#5901,#5900);
#5903=CURVE_STYLE('',#48,POSITIVE_LENGTH_MEASURE(2.E-2),#28);
#5904=PRESENTATION_STYLE_ASSIGNMENT((#5903));
#5905=STYLED_ITEM('',(#5904),#5902);
#5906=DIRECTION('',(0.E0,0.E0,1.E0));
#5907=VECTOR('',#5906,4.E-1);
#5908=CARTESIAN_POINT('',(8.75E-1,0.E0,-2.E0));
#5909=LINE('',#5908,#5907);
#5910=CURVE_STYLE('',#48,POSITIVE_LENGTH_MEASURE(2.E-2),#28);
#5911=PRESENTATION_STYLE_ASSIGNMENT((#5910));
#5912=STYLED_ITEM('',(#5911),#5909);
#5913=DIRECTION('',(-1.E0,0.E0,0.E0));
#5914=VECTOR('',#5913,2.537510743356E-1);
#5915=CARTESIAN_POINT('',(8.768755371678E-1,9.377685839078E-3,-1.6E0));
#5916=LINE('',#5915,#5914);
#5917=CURVE_STYLE('',#48,POSITIVE_LENGTH_MEASURE(2.E-2),#28);
#5918=PRESENTATION_STYLE_ASSIGNMENT((#5917));
#5919=STYLED_ITEM('',(#5918),#5916);
#5920=DIRECTION('',(1.961161351382E-1,9.805806756909E-1,2.321816410437E-14));
#5921=VECTOR('',#5920,9.563400617160E-3);
#5922=CARTESIAN_POINT('',(8.75E-1,0.E0,-1.6E0));
#5923=LINE('',#5922,#5921);
#5924=CURVE_STYLE('',#48,POSITIVE_LENGTH_MEASURE(2.E-2),#28);
#5925=PRESENTATION_STYLE_ASSIGNMENT((#5924));
#5926=STYLED_ITEM('',(#5925),#5923);
#5927=DIRECTION('',(1.E0,0.E0,0.E0));
#5928=VECTOR('',#5927,2.5E-1);
#5929=CARTESIAN_POINT('',(6.25E-1,0.E0,-1.6E0));
#5930=LINE('',#5929,#5928);
#5931=CURVE_STYLE('',#48,POSITIVE_LENGTH_MEASURE(2.E-2),#28);
#5932=PRESENTATION_STYLE_ASSIGNMENT((#5931));
#5933=STYLED_ITEM('',(#5932),#5930);
#5934=DIRECTION('',(1.961161351382E-1,-9.805806756909E-1,-2.321816410437E-14));
#5935=VECTOR('',#5934,9.563400617160E-3);
#5936=CARTESIAN_POINT('',(6.231244628322E-1,9.377685839078E-3,-1.6E0));
#5937=LINE('',#5936,#5935);
#5938=CURVE_STYLE('',#48,POSITIVE_LENGTH_MEASURE(2.E-2),#28);
#5939=PRESENTATION_STYLE_ASSIGNMENT((#5938));
#5940=STYLED_ITEM('',(#5939),#5937);
#5941=DIRECTION('',(0.E0,0.E0,-1.E0));
#5942=VECTOR('',#5941,3.883454607504E-1);
#5943=CARTESIAN_POINT('',(6.231244628322E-1,9.377685839078E-3,-1.6E0));
#5944=LINE('',#5943,#5942);
#5945=CURVE_STYLE('',#48,POSITIVE_LENGTH_MEASURE(2.E-2),#28);
#5946=PRESENTATION_STYLE_ASSIGNMENT((#5945));
#5947=STYLED_ITEM('',(#5946),#5944);
#5948=DIRECTION('',(1.961161351382E-1,-9.805806756909E-1,0.E0));
#5949=VECTOR('',#5948,1.124106837735E-1);
#5950=CARTESIAN_POINT('',(6.029544511501E-1,1.102277442495E-1,-2.E0));
#5951=LINE('',#5950,#5949);
#5952=CURVE_STYLE('',#48,POSITIVE_LENGTH_MEASURE(2.E-2),#28);
#5953=PRESENTATION_STYLE_ASSIGNMENT((#5952));
#5954=STYLED_ITEM('',(#5953),#5951);
#5955=CARTESIAN_POINT('',(6.041325833397E-1,1.043370833017E-1,
-1.988345460750E0));
#5956=CARTESIAN_POINT('',(6.038178144090E-1,1.059109279550E-1,
-1.992435078348E0));
#5957=CARTESIAN_POINT('',(6.034248552739E-1,1.078757236304E-1,
-1.996319272146E0));
#5958=CARTESIAN_POINT('',(6.029544511501E-1,1.102277442495E-1,-2.E0));
#5960=CURVE_STYLE('',#48,POSITIVE_LENGTH_MEASURE(2.E-2),#28);
#5961=PRESENTATION_STYLE_ASSIGNMENT((#5960));
#5962=STYLED_ITEM('',(#5961),#5959);
#5963=DIRECTION('',(1.961161351382E-1,-9.805806756909E-1,0.E0));
#5964=VECTOR('',#5963,9.683996413214E-2);
#5965=CARTESIAN_POINT('',(6.041325833397E-1,1.043370833017E-1,
-1.988345460750E0));
#5966=LINE('',#5965,#5964);
#5967=CURVE_STYLE('',#48,POSITIVE_LENGTH_MEASURE(2.E-2),#28);
#5968=PRESENTATION_STYLE_ASSIGNMENT((#5967));
#5969=STYLED_ITEM('',(#5968),#5966);
#5970=DIRECTION('',(1.E0,0.E0,0.E0));
#5971=VECTOR('',#5970,2.917348333207E-1);
#5972=CARTESIAN_POINT('',(6.041325833397E-1,1.043370833017E-1,
-1.988345460750E0));
#5973=LINE('',#5972,#5971);
#5974=CURVE_STYLE('',#48,POSITIVE_LENGTH_MEASURE(2.E-2),#28);
#5975=PRESENTATION_STYLE_ASSIGNMENT((#5974));
#5976=STYLED_ITEM('',(#5975),#5973);
#5977=DIRECTION('',(1.E0,0.E0,0.E0));
#5978=VECTOR('',#5977,2.537510743356E-1);
#5979=CARTESIAN_POINT('',(6.231244628322E-1,9.377685839078E-3,
-1.988345460750E0));
#5980=LINE('',#5979,#5978);
#5981=CURVE_STYLE('',#48,POSITIVE_LENGTH_MEASURE(2.E-2),#28);
#5982=PRESENTATION_STYLE_ASSIGNMENT((#5981));
#5983=STYLED_ITEM('',(#5982),#5980);
#5984=CARTESIAN_POINT('',(6.25E-1,0.E0,-1.6E0));
#5985=CARTESIAN_POINT('',(8.75E-1,0.E0,-1.6E0));
#5986=VERTEX_POINT('',#5984);
#5987=VERTEX_POINT('',#5985);
#5988=CARTESIAN_POINT('',(6.25E-1,0.E0,-2.E0));
#5989=CARTESIAN_POINT('',(8.75E-1,0.E0,-2.E0));
#5990=VERTEX_POINT('',#5988);
#5991=VERTEX_POINT('',#5989);
#5992=CARTESIAN_POINT('',(8.970455488499E-1,1.102277442495E-1,-2.E0));
#5993=VERTEX_POINT('',#5992);
#5994=CARTESIAN_POINT('',(6.029544511501E-1,1.102277442495E-1,-2.E0));
#5995=VERTEX_POINT('',#5994);
#5996=CARTESIAN_POINT('',(8.768755371678E-1,9.377685839078E-3,-1.6E0));
#5997=CARTESIAN_POINT('',(6.231244628322E-1,9.377685839078E-3,-1.6E0));
#5998=VERTEX_POINT('',#5996);
#5999=VERTEX_POINT('',#5997);
#6000=CARTESIAN_POINT('',(8.768755371678E-1,9.377685839078E-3,
-1.988345460750E0));
#6001=VERTEX_POINT('',#6000);
#6002=CARTESIAN_POINT('',(8.958674166603E-1,1.043370833017E-1,
-1.988345460750E0));
#6003=VERTEX_POINT('',#6002);
#6004=CARTESIAN_POINT('',(6.231244628322E-1,9.377685839078E-3,
-1.988345460750E0));
#6005=VERTEX_POINT('',#6004);
#6006=CARTESIAN_POINT('',(6.041325833397E-1,1.043370833017E-1,
-1.988345460750E0));
#6007=VERTEX_POINT('',#6006);
#6008=CARTESIAN_POINT('',(0.E0,0.E0,0.E0));
#6009=DIRECTION('',(0.E0,1.E0,0.E0));
#6010=DIRECTION('',(1.E0,0.E0,0.E0));
#6011=AXIS2_PLACEMENT_3D('',#6008,#6009,#6010);
#6012=PLANE('',#6011);
#6014=ORIENTED_EDGE('',*,*,#6013,.F.);
#6016=ORIENTED_EDGE('',*,*,#6015,.T.);
#6018=ORIENTED_EDGE('',*,*,#6017,.T.);
#6020=ORIENTED_EDGE('',*,*,#6019,.F.);
#6021=EDGE_LOOP('',(#6014,#6016,#6018,#6020));
#6022=FACE_OUTER_BOUND('',#6021,.F.);
#6023=ADVANCED_FACE('',(#6022),#6012,.F.);
#6024=CARTESIAN_POINT('',(-2.5E0,2.E-1,-2.E0));
#6025=DIRECTION('',(0.E0,0.E0,1.E0));
#6026=DIRECTION('',(1.E0,0.E0,0.E0));
#6027=AXIS2_PLACEMENT_3D('',#6024,#6025,#6026);
#6028=PLANE('',#6027);
#6029=ORIENTED_EDGE('',*,*,#6013,.T.);
#6031=ORIENTED_EDGE('',*,*,#6030,.T.);
#6033=ORIENTED_EDGE('',*,*,#6032,.F.);
#6035=ORIENTED_EDGE('',*,*,#6034,.T.);
#6036=EDGE_LOOP('',(#6029,#6031,#6033,#6035));
#6037=FACE_OUTER_BOUND('',#6036,.F.);
#6038=ADVANCED_FACE('',(#6037),#6028,.F.);
#6039=FILL_AREA_STYLE_COLOUR('',#5277);
#6040=FILL_AREA_STYLE('',(#6039));
#6041=SURFACE_STYLE_FILL_AREA(#6040);
#6042=SURFACE_SIDE_STYLE('',(#6041));
#6043=SURFACE_STYLE_USAGE(.NEGATIVE.,#6042);
#6044=PRESENTATION_STYLE_ASSIGNMENT((#6043));
#6045=OVER_RIDING_STYLED_ITEM('',(#6044),#6038,#5855);
#6046=CARTESIAN_POINT('',(8.75E-1,0.E0,-2.05E0));
#6047=DIRECTION('',(9.805806756909E-1,-1.961161351382E-1,0.E0));
#6048=DIRECTION('',(1.961161351382E-1,9.805806756909E-1,0.E0));
#6049=AXIS2_PLACEMENT_3D('',#6046,#6047,#6048);
#6050=PLANE('',#6049);
#6052=ORIENTED_EDGE('',*,*,#6051,.T.);
#6054=ORIENTED_EDGE('',*,*,#6053,.F.);
#6056=ORIENTED_EDGE('',*,*,#6055,.T.);
#6057=ORIENTED_EDGE('',*,*,#6030,.F.);
#6058=ORIENTED_EDGE('',*,*,#6019,.T.);
#6060=ORIENTED_EDGE('',*,*,#6059,.T.);
#6061=EDGE_LOOP('',(#6052,#6054,#6056,#6057,#6058,#6060));
#6062=FACE_OUTER_BOUND('',#6061,.F.);
#6063=ADVANCED_FACE('',(#6062),#6050,.T.);
#6064=CARTESIAN_POINT('',(-2.48E0,9.377685839078E-3,1.987348385653E0));
#6065=DIRECTION('',(0.E0,-1.E0,0.E0));
#6066=DIRECTION('',(0.E0,0.E0,-1.E0));
#6067=AXIS2_PLACEMENT_3D('',#6064,#6065,#6066);
#6068=PLANE('',#6067);
#6070=ORIENTED_EDGE('',*,*,#6069,.T.);
#6072=ORIENTED_EDGE('',*,*,#6071,.T.);
#6074=ORIENTED_EDGE('',*,*,#6073,.T.);
#6075=ORIENTED_EDGE('',*,*,#6051,.F.);
#6076=EDGE_LOOP('',(#6070,#6072,#6074,#6075));
#6077=FACE_OUTER_BOUND('',#6076,.F.);
#6078=ADVANCED_FACE('',(#6077),#6068,.F.);
#6079=CARTESIAN_POINT('',(0.E0,0.E0,-1.6E0));
#6080=DIRECTION('',(0.E0,0.E0,1.E0));
#6081=DIRECTION('',(-1.E0,0.E0,0.E0));
#6082=AXIS2_PLACEMENT_3D('',#6079,#6080,#6081);
#6083=PLANE('',#6082);
#6084=ORIENTED_EDGE('',*,*,#6069,.F.);
#6085=ORIENTED_EDGE('',*,*,#6059,.F.);
#6086=ORIENTED_EDGE('',*,*,#6017,.F.);
#6088=ORIENTED_EDGE('',*,*,#6087,.F.);
#6089=EDGE_LOOP('',(#6084,#6085,#6086,#6088));
#6090=FACE_OUTER_BOUND('',#6089,.F.);
#6091=ADVANCED_FACE('',(#6090),#6083,.T.);
#6092=CARTESIAN_POINT('',(5.85E-1,2.E-1,-2.05E0));
#6093=DIRECTION('',(-9.805806756909E-1,-1.961161351382E-1,0.E0));
#6094=DIRECTION('',(1.961161351382E-1,-9.805806756909E-1,0.E0));
#6095=AXIS2_PLACEMENT_3D('',#6092,#6093,#6094);
#6096=PLANE('',#6095);
#6097=ORIENTED_EDGE('',*,*,#6071,.F.);
#6098=ORIENTED_EDGE('',*,*,#6087,.T.);
#6099=ORIENTED_EDGE('',*,*,#6015,.F.);
#6100=ORIENTED_EDGE('',*,*,#6034,.F.);
#6102=ORIENTED_EDGE('',*,*,#6101,.F.);
#6104=ORIENTED_EDGE('',*,*,#6103,.T.);
#6105=EDGE_LOOP('',(#6097,#6098,#6099,#6100,#6102,#6104));
#6106=FACE_OUTER_BOUND('',#6105,.F.);
#6107=ADVANCED_FACE('',(#6106),#6096,.T.);
#6108=CARTESIAN_POINT('',(2.E0,1.65E-1,-1.965E0));
#6109=DIRECTION('',(1.E0,0.E0,0.E0));
#6110=DIRECTION('',(0.E0,0.E0,1.E0));
#6111=AXIS2_PLACEMENT_3D('',#6108,#6109,#6110);
#6112=CYLINDRICAL_SURFACE('',#6111,6.5E-2);
#6114=ORIENTED_EDGE('',*,*,#6113,.F.);
#6115=ORIENTED_EDGE('',*,*,#6101,.T.);
#6116=ORIENTED_EDGE('',*,*,#6032,.T.);
#6117=ORIENTED_EDGE('',*,*,#6055,.F.);
#6118=EDGE_LOOP('',(#6114,#6115,#6116,#6117));
#6119=FACE_OUTER_BOUND('',#6118,.F.);
#6120=ADVANCED_FACE('',(#6119),#6112,.F.);
#6121=CARTESIAN_POINT('',(-2.48E0,9.377685839078E-3,-1.988345460750E0));
#6122=DIRECTION('',(0.E0,0.E0,-1.E0));
#6123=DIRECTION('',(0.E0,1.E0,0.E0));
#6124=AXIS2_PLACEMENT_3D('',#6121,#6122,#6123);
#6125=PLANE('',#6124);
#6126=ORIENTED_EDGE('',*,*,#6053,.T.);
#6127=ORIENTED_EDGE('',*,*,#6073,.F.);
#6128=ORIENTED_EDGE('',*,*,#6103,.F.);
#6129=ORIENTED_EDGE('',*,*,#6113,.T.);
#6130=EDGE_LOOP('',(#6126,#6127,#6128,#6129));
#6131=FACE_OUTER_BOUND('',#6130,.F.);
#6132=ADVANCED_FACE('',(#6131),#6125,.F.);
#6133=CLOSED_SHELL('',(#6023,#6038,#6063,#6078,#6091,#6107,#6120,#6132));
#6134=MANIFOLD_SOLID_BREP('',#6133);
#6135=FILL_AREA_STYLE_COLOUR('',#28);
#6136=FILL_AREA_STYLE('',(#6135));
#6137=SURFACE_STYLE_FILL_AREA(#6136);
#6138=SURFACE_SIDE_STYLE('',(#6137));
#6139=SURFACE_STYLE_USAGE(.POSITIVE.,#6138);
#6140=PRESENTATION_STYLE_ASSIGNMENT((#6139));
#5855=STYLED_ITEM('',(#6140),#6134);
#6142=DIRECTION('',(1.E0,0.E0,0.E0));
#6143=VECTOR('',#6142,2.5E-1);
#6144=CARTESIAN_POINT('',(1.25E-1,0.E0,-2.E0));
#6145=LINE('',#6144,#6143);
#6146=CURVE_STYLE('',#48,POSITIVE_LENGTH_MEASURE(2.E-2),#28);
#6147=PRESENTATION_STYLE_ASSIGNMENT((#6146));
#6148=STYLED_ITEM('',(#6147),#6145);
#6149=DIRECTION('',(0.E0,0.E0,1.E0));
#6150=VECTOR('',#6149,4.E-1);
#6151=CARTESIAN_POINT('',(1.25E-1,0.E0,-2.E0));
#6152=LINE('',#6151,#6150);
#6153=CURVE_STYLE('',#48,POSITIVE_LENGTH_MEASURE(2.E-2),#28);
#6154=PRESENTATION_STYLE_ASSIGNMENT((#6153));
#6155=STYLED_ITEM('',(#6154),#6152);
#6156=DIRECTION('',(1.E0,0.E0,0.E0));
#6157=VECTOR('',#6156,2.940910976998E-1);
#6158=CARTESIAN_POINT('',(1.029544511501E-1,1.102277442495E-1,-2.E0));
#6159=LINE('',#6158,#6157);
#6160=CURVE_STYLE('',#48,POSITIVE_LENGTH_MEASURE(2.E-2),#28);
#6161=PRESENTATION_STYLE_ASSIGNMENT((#6160));
#6162=STYLED_ITEM('',(#6161),#6159);
#6163=DIRECTION('',(0.E0,0.E0,-1.E0));
#6164=VECTOR('',#6163,3.883454607504E-1);
#6165=CARTESIAN_POINT('',(3.768755371678E-1,9.377685839078E-3,-1.6E0));
#6166=LINE('',#6165,#6164);
#6167=CURVE_STYLE('',#48,POSITIVE_LENGTH_MEASURE(2.E-2),#28);
#6168=PRESENTATION_STYLE_ASSIGNMENT((#6167));
#6169=STYLED_ITEM('',(#6168),#6166);
#6170=DIRECTION('',(-1.961161351382E-1,-9.805806756909E-1,0.E0));
#6171=VECTOR('',#6170,9.683996413214E-2);
#6172=CARTESIAN_POINT('',(3.958674166603E-1,1.043370833017E-1,
-1.988345460750E0));
#6173=LINE('',#6172,#6171);
#6174=CURVE_STYLE('',#48,POSITIVE_LENGTH_MEASURE(2.E-2),#28);
#6175=PRESENTATION_STYLE_ASSIGNMENT((#6174));
#6176=STYLED_ITEM('',(#6175),#6173);
#6177=CARTESIAN_POINT('',(3.958674166603E-1,1.043370833017E-1,
-1.988345460750E0));
#6178=CARTESIAN_POINT('',(3.961821855910E-1,1.059109279550E-1,
-1.992435078348E0));
#6179=CARTESIAN_POINT('',(3.965751447261E-1,1.078757236304E-1,
-1.996319272146E0));
#6180=CARTESIAN_POINT('',(3.970455488499E-1,1.102277442495E-1,-2.E0));
#6182=CURVE_STYLE('',#48,POSITIVE_LENGTH_MEASURE(2.E-2),#28);
#6183=PRESENTATION_STYLE_ASSIGNMENT((#6182));
#6184=STYLED_ITEM('',(#6183),#6181);
#6185=DIRECTION('',(1.961161351382E-1,9.805806756909E-1,0.E0));
#6186=VECTOR('',#6185,1.124106837735E-1);
#6187=CARTESIAN_POINT('',(3.75E-1,0.E0,-2.E0));
#6188=LINE('',#6187,#6186);
#6189=CURVE_STYLE('',#48,POSITIVE_LENGTH_MEASURE(2.E-2),#28);
#6190=PRESENTATION_STYLE_ASSIGNMENT((#6189));
#6191=STYLED_ITEM('',(#6190),#6188);
#6192=DIRECTION('',(0.E0,0.E0,1.E0));
#6193=VECTOR('',#6192,4.E-1);
#6194=CARTESIAN_POINT('',(3.75E-1,0.E0,-2.E0));
#6195=LINE('',#6194,#6193);
#6196=CURVE_STYLE('',#48,POSITIVE_LENGTH_MEASURE(2.E-2),#28);
#6197=PRESENTATION_STYLE_ASSIGNMENT((#6196));
#6198=STYLED_ITEM('',(#6197),#6195);
#6199=DIRECTION('',(-1.E0,0.E0,0.E0));
#6200=VECTOR('',#6199,2.537510743356E-1);
#6201=CARTESIAN_POINT('',(3.768755371678E-1,9.377685839078E-3,-1.6E0));
#6202=LINE('',#6201,#6200);
#6203=CURVE_STYLE('',#48,POSITIVE_LENGTH_MEASURE(2.E-2),#28);
#6204=PRESENTATION_STYLE_ASSIGNMENT((#6203));
#6205=STYLED_ITEM('',(#6204),#6202);
#6206=DIRECTION('',(1.961161351382E-1,9.805806756909E-1,2.321816410437E-14));
#6207=VECTOR('',#6206,9.563400617160E-3);
#6208=CARTESIAN_POINT('',(3.75E-1,0.E0,-1.6E0));
#6209=LINE('',#6208,#6207);
#6210=CURVE_STYLE('',#48,POSITIVE_LENGTH_MEASURE(2.E-2),#28);
#6211=PRESENTATION_STYLE_ASSIGNMENT((#6210));
#6212=STYLED_ITEM('',(#6211),#6209);
#6213=DIRECTION('',(1.E0,0.E0,0.E0));
#6214=VECTOR('',#6213,2.5E-1);
#6215=CARTESIAN_POINT('',(1.25E-1,0.E0,-1.6E0));
#6216=LINE('',#6215,#6214);
#6217=CURVE_STYLE('',#48,POSITIVE_LENGTH_MEASURE(2.E-2),#28);
#6218=PRESENTATION_STYLE_ASSIGNMENT((#6217));
#6219=STYLED_ITEM('',(#6218),#6216);
#6220=DIRECTION('',(1.961161351382E-1,-9.805806756909E-1,-2.321816410437E-14));
#6221=VECTOR('',#6220,9.563400617160E-3);
#6222=CARTESIAN_POINT('',(1.231244628322E-1,9.377685839078E-3,-1.6E0));
#6223=LINE('',#6222,#6221);
#6224=CURVE_STYLE('',#48,POSITIVE_LENGTH_MEASURE(2.E-2),#28);
#6225=PRESENTATION_STYLE_ASSIGNMENT((#6224));
#6226=STYLED_ITEM('',(#6225),#6223);
#6227=DIRECTION('',(0.E0,0.E0,-1.E0));
#6228=VECTOR('',#6227,3.883454607504E-1);
#6229=CARTESIAN_POINT('',(1.231244628322E-1,9.377685839078E-3,-1.6E0));
#6230=LINE('',#6229,#6228);
#6231=CURVE_STYLE('',#48,POSITIVE_LENGTH_MEASURE(2.E-2),#28);
#6232=PRESENTATION_STYLE_ASSIGNMENT((#6231));
#6233=STYLED_ITEM('',(#6232),#6230);
#6234=DIRECTION('',(1.961161351382E-1,-9.805806756909E-1,0.E0));
#6235=VECTOR('',#6234,1.124106837735E-1);
#6236=CARTESIAN_POINT('',(1.029544511501E-1,1.102277442495E-1,-2.E0));
#6237=LINE('',#6236,#6235);
#6238=CURVE_STYLE('',#48,POSITIVE_LENGTH_MEASURE(2.E-2),#28);
#6239=PRESENTATION_STYLE_ASSIGNMENT((#6238));
#6240=STYLED_ITEM('',(#6239),#6237);
#6241=CARTESIAN_POINT('',(1.041325833397E-1,1.043370833017E-1,
-1.988345460750E0));
#6242=CARTESIAN_POINT('',(1.038178144090E-1,1.059109279550E-1,
-1.992435078348E0));
#6243=CARTESIAN_POINT('',(1.034248552739E-1,1.078757236304E-1,
-1.996319272146E0));
#6244=CARTESIAN_POINT('',(1.029544511501E-1,1.102277442495E-1,-2.E0));
#6246=CURVE_STYLE('',#48,POSITIVE_LENGTH_MEASURE(2.E-2),#28);
#6247=PRESENTATION_STYLE_ASSIGNMENT((#6246));
#6248=STYLED_ITEM('',(#6247),#6245);
#6249=DIRECTION('',(1.961161351382E-1,-9.805806756909E-1,0.E0));
#6250=VECTOR('',#6249,9.683996413214E-2);
#6251=CARTESIAN_POINT('',(1.041325833397E-1,1.043370833017E-1,
-1.988345460750E0));
#6252=LINE('',#6251,#6250);
#6253=CURVE_STYLE('',#48,POSITIVE_LENGTH_MEASURE(2.E-2),#28);
#6254=PRESENTATION_STYLE_ASSIGNMENT((#6253));
#6255=STYLED_ITEM('',(#6254),#6252);
#6256=DIRECTION('',(1.E0,0.E0,0.E0));
#6257=VECTOR('',#6256,2.917348333207E-1);
#6258=CARTESIAN_POINT('',(1.041325833397E-1,1.043370833017E-1,
-1.988345460750E0));
#6259=LINE('',#6258,#6257);
#6260=CURVE_STYLE('',#48,POSITIVE_LENGTH_MEASURE(2.E-2),#28);
#6261=PRESENTATION_STYLE_ASSIGNMENT((#6260));
#6262=STYLED_ITEM('',(#6261),#6259);
#6263=DIRECTION('',(1.E0,0.E0,0.E0));
#6264=VECTOR('',#6263,2.537510743356E-1);
#6265=CARTESIAN_POINT('',(1.231244628322E-1,9.377685839078E-3,
-1.988345460750E0));
#6266=LINE('',#6265,#6264);
#6267=CURVE_STYLE('',#48,POSITIVE_LENGTH_MEASURE(2.E-2),#28);
#6268=PRESENTATION_STYLE_ASSIGNMENT((#6267));
#6269=STYLED_ITEM('',(#6268),#6266);
#6270=CARTESIAN_POINT('',(1.25E-1,0.E0,-1.6E0));
#6271=CARTESIAN_POINT('',(3.75E-1,0.E0,-1.6E0));
#6272=VERTEX_POINT('',#6270);
#6273=VERTEX_POINT('',#6271);
#6274=CARTESIAN_POINT('',(1.25E-1,0.E0,-2.E0));
#6275=CARTESIAN_POINT('',(3.75E-1,0.E0,-2.E0));
#6276=VERTEX_POINT('',#6274);
#6277=VERTEX_POINT('',#6275);
#6278=CARTESIAN_POINT('',(3.970455488499E-1,1.102277442495E-1,-2.E0));
#6279=VERTEX_POINT('',#6278);
#6280=CARTESIAN_POINT('',(1.029544511501E-1,1.102277442495E-1,-2.E0));
#6281=VERTEX_POINT('',#6280);
#6282=CARTESIAN_POINT('',(3.768755371678E-1,9.377685839078E-3,-1.6E0));
#6283=CARTESIAN_POINT('',(1.231244628322E-1,9.377685839078E-3,-1.6E0));
#6284=VERTEX_POINT('',#6282);
#6285=VERTEX_POINT('',#6283);
#6286=CARTESIAN_POINT('',(3.768755371678E-1,9.377685839078E-3,
-1.988345460750E0));
#6287=VERTEX_POINT('',#6286);
#6288=CARTESIAN_POINT('',(3.958674166603E-1,1.043370833017E-1,
-1.988345460750E0));
#6289=VERTEX_POINT('',#6288);
#6290=CARTESIAN_POINT('',(1.231244628322E-1,9.377685839078E-3,
-1.988345460750E0));
#6291=VERTEX_POINT('',#6290);
#6292=CARTESIAN_POINT('',(1.041325833397E-1,1.043370833017E-1,
-1.988345460750E0));
#6293=VERTEX_POINT('',#6292);
#6294=CARTESIAN_POINT('',(0.E0,0.E0,0.E0));
#6295=DIRECTION('',(0.E0,1.E0,0.E0));
#6296=DIRECTION('',(1.E0,0.E0,0.E0));
#6297=AXIS2_PLACEMENT_3D('',#6294,#6295,#6296);
#6298=PLANE('',#6297);
#6300=ORIENTED_EDGE('',*,*,#6299,.F.);
#6302=ORIENTED_EDGE('',*,*,#6301,.T.);
#6304=ORIENTED_EDGE('',*,*,#6303,.T.);
#6306=ORIENTED_EDGE('',*,*,#6305,.F.);
#6307=EDGE_LOOP('',(#6300,#6302,#6304,#6306));
#6308=FACE_OUTER_BOUND('',#6307,.F.);
#6309=ADVANCED_FACE('',(#6308),#6298,.F.);
#6310=CARTESIAN_POINT('',(-2.5E0,2.E-1,-2.E0));
#6311=DIRECTION('',(0.E0,0.E0,1.E0));
#6312=DIRECTION('',(1.E0,0.E0,0.E0));
#6313=AXIS2_PLACEMENT_3D('',#6310,#6311,#6312);
#6314=PLANE('',#6313);
#6315=ORIENTED_EDGE('',*,*,#6299,.T.);
#6317=ORIENTED_EDGE('',*,*,#6316,.T.);
#6319=ORIENTED_EDGE('',*,*,#6318,.F.);
#6321=ORIENTED_EDGE('',*,*,#6320,.T.);
#6322=EDGE_LOOP('',(#6315,#6317,#6319,#6321));
#6323=FACE_OUTER_BOUND('',#6322,.F.);
#6324=ADVANCED_FACE('',(#6323),#6314,.F.);
#6325=FILL_AREA_STYLE_COLOUR('',#5277);
#6326=FILL_AREA_STYLE('',(#6325));
#6327=SURFACE_STYLE_FILL_AREA(#6326);
#6328=SURFACE_SIDE_STYLE('',(#6327));
#6329=SURFACE_STYLE_USAGE(.NEGATIVE.,#6328);
#6330=PRESENTATION_STYLE_ASSIGNMENT((#6329));
#6331=OVER_RIDING_STYLED_ITEM('',(#6330),#6324,#6141);
#6332=CARTESIAN_POINT('',(3.75E-1,0.E0,-2.05E0));
#6333=DIRECTION('',(9.805806756909E-1,-1.961161351382E-1,0.E0));
#6334=DIRECTION('',(1.961161351382E-1,9.805806756909E-1,0.E0));
#6335=AXIS2_PLACEMENT_3D('',#6332,#6333,#6334);
#6336=PLANE('',#6335);
#6338=ORIENTED_EDGE('',*,*,#6337,.T.);
#6340=ORIENTED_EDGE('',*,*,#6339,.F.);
#6342=ORIENTED_EDGE('',*,*,#6341,.T.);
#6343=ORIENTED_EDGE('',*,*,#6316,.F.);
#6344=ORIENTED_EDGE('',*,*,#6305,.T.);
#6346=ORIENTED_EDGE('',*,*,#6345,.T.);
#6347=EDGE_LOOP('',(#6338,#6340,#6342,#6343,#6344,#6346));
#6348=FACE_OUTER_BOUND('',#6347,.F.);
#6349=ADVANCED_FACE('',(#6348),#6336,.T.);
#6350=CARTESIAN_POINT('',(-2.48E0,9.377685839078E-3,1.987348385653E0));
#6351=DIRECTION('',(0.E0,-1.E0,0.E0));
#6352=DIRECTION('',(0.E0,0.E0,-1.E0));
#6353=AXIS2_PLACEMENT_3D('',#6350,#6351,#6352);
#6354=PLANE('',#6353);
#6356=ORIENTED_EDGE('',*,*,#6355,.T.);
#6358=ORIENTED_EDGE('',*,*,#6357,.T.);
#6360=ORIENTED_EDGE('',*,*,#6359,.T.);
#6361=ORIENTED_EDGE('',*,*,#6337,.F.);
#6362=EDGE_LOOP('',(#6356,#6358,#6360,#6361));
#6363=FACE_OUTER_BOUND('',#6362,.F.);
#6364=ADVANCED_FACE('',(#6363),#6354,.F.);
#6365=CARTESIAN_POINT('',(0.E0,0.E0,-1.6E0));
#6366=DIRECTION('',(0.E0,0.E0,1.E0));
#6367=DIRECTION('',(-1.E0,0.E0,0.E0));
#6368=AXIS2_PLACEMENT_3D('',#6365,#6366,#6367);
#6369=PLANE('',#6368);
#6370=ORIENTED_EDGE('',*,*,#6355,.F.);
#6371=ORIENTED_EDGE('',*,*,#6345,.F.);
#6372=ORIENTED_EDGE('',*,*,#6303,.F.);
#6374=ORIENTED_EDGE('',*,*,#6373,.F.);
#6375=EDGE_LOOP('',(#6370,#6371,#6372,#6374));
#6376=FACE_OUTER_BOUND('',#6375,.F.);
#6377=ADVANCED_FACE('',(#6376),#6369,.T.);
#6378=CARTESIAN_POINT('',(8.5E-2,2.E-1,-2.05E0));
#6379=DIRECTION('',(-9.805806756909E-1,-1.961161351382E-1,0.E0));
#6380=DIRECTION('',(1.961161351382E-1,-9.805806756909E-1,0.E0));
#6381=AXIS2_PLACEMENT_3D('',#6378,#6379,#6380);
#6382=PLANE('',#6381);
#6383=ORIENTED_EDGE('',*,*,#6357,.F.);
#6384=ORIENTED_EDGE('',*,*,#6373,.T.);
#6385=ORIENTED_EDGE('',*,*,#6301,.F.);
#6386=ORIENTED_EDGE('',*,*,#6320,.F.);
#6388=ORIENTED_EDGE('',*,*,#6387,.F.);
#6390=ORIENTED_EDGE('',*,*,#6389,.T.);
#6391=EDGE_LOOP('',(#6383,#6384,#6385,#6386,#6388,#6390));
#6392=FACE_OUTER_BOUND('',#6391,.F.);
#6393=ADVANCED_FACE('',(#6392),#6382,.T.);
#6394=CARTESIAN_POINT('',(2.E0,1.65E-1,-1.965E0));
#6395=DIRECTION('',(1.E0,0.E0,0.E0));
#6396=DIRECTION('',(0.E0,0.E0,1.E0));
#6397=AXIS2_PLACEMENT_3D('',#6394,#6395,#6396);
#6398=CYLINDRICAL_SURFACE('',#6397,6.5E-2);
#6400=ORIENTED_EDGE('',*,*,#6399,.F.);
#6401=ORIENTED_EDGE('',*,*,#6387,.T.);
#6402=ORIENTED_EDGE('',*,*,#6318,.T.);
#6403=ORIENTED_EDGE('',*,*,#6341,.F.);
#6404=EDGE_LOOP('',(#6400,#6401,#6402,#6403));
#6405=FACE_OUTER_BOUND('',#6404,.F.);
#6406=ADVANCED_FACE('',(#6405),#6398,.F.);
#6407=CARTESIAN_POINT('',(-2.48E0,9.377685839078E-3,-1.988345460750E0));
#6408=DIRECTION('',(0.E0,0.E0,-1.E0));
#6409=DIRECTION('',(0.E0,1.E0,0.E0));
#6410=AXIS2_PLACEMENT_3D('',#6407,#6408,#6409);
#6411=PLANE('',#6410);
#6412=ORIENTED_EDGE('',*,*,#6339,.T.);
#6413=ORIENTED_EDGE('',*,*,#6359,.F.);
#6414=ORIENTED_EDGE('',*,*,#6389,.F.);
#6415=ORIENTED_EDGE('',*,*,#6399,.T.);
#6416=EDGE_LOOP('',(#6412,#6413,#6414,#6415));
#6417=FACE_OUTER_BOUND('',#6416,.F.);
#6418=ADVANCED_FACE('',(#6417),#6411,.F.);
#6419=CLOSED_SHELL('',(#6309,#6324,#6349,#6364,#6377,#6393,#6406,#6418));
#6420=MANIFOLD_SOLID_BREP('',#6419);
#6421=FILL_AREA_STYLE_COLOUR('',#28);
#6422=FILL_AREA_STYLE('',(#6421));
#6423=SURFACE_STYLE_FILL_AREA(#6422);
#6424=SURFACE_SIDE_STYLE('',(#6423));
#6425=SURFACE_STYLE_USAGE(.POSITIVE.,#6424);
#6426=PRESENTATION_STYLE_ASSIGNMENT((#6425));
#6141=STYLED_ITEM('',(#6426),#6420);
#6428=DIRECTION('',(1.E0,0.E0,0.E0));
#6429=VECTOR('',#6428,2.5E-1);
#6430=CARTESIAN_POINT('',(-3.75E-1,0.E0,-2.E0));
#6431=LINE('',#6430,#6429);
#6432=CURVE_STYLE('',#48,POSITIVE_LENGTH_MEASURE(2.E-2),#28);
#6433=PRESENTATION_STYLE_ASSIGNMENT((#6432));
#6434=STYLED_ITEM('',(#6433),#6431);
#6435=DIRECTION('',(0.E0,0.E0,1.E0));
#6436=VECTOR('',#6435,4.E-1);
#6437=CARTESIAN_POINT('',(-3.75E-1,0.E0,-2.E0));
#6438=LINE('',#6437,#6436);
#6439=CURVE_STYLE('',#48,POSITIVE_LENGTH_MEASURE(2.E-2),#28);
#6440=PRESENTATION_STYLE_ASSIGNMENT((#6439));
#6441=STYLED_ITEM('',(#6440),#6438);
#6442=DIRECTION('',(1.E0,0.E0,0.E0));
#6443=VECTOR('',#6442,2.940910976998E-1);
#6444=CARTESIAN_POINT('',(-3.970455488499E-1,1.102277442495E-1,-2.E0));
#6445=LINE('',#6444,#6443);
#6446=CURVE_STYLE('',#48,POSITIVE_LENGTH_MEASURE(2.E-2),#28);
#6447=PRESENTATION_STYLE_ASSIGNMENT((#6446));
#6448=STYLED_ITEM('',(#6447),#6445);
#6449=DIRECTION('',(0.E0,0.E0,-1.E0));
#6450=VECTOR('',#6449,3.883454607504E-1);
#6451=CARTESIAN_POINT('',(-1.231244628322E-1,9.377685839078E-3,-1.6E0));
#6452=LINE('',#6451,#6450);
#6453=CURVE_STYLE('',#48,POSITIVE_LENGTH_MEASURE(2.E-2),#28);
#6454=PRESENTATION_STYLE_ASSIGNMENT((#6453));
#6455=STYLED_ITEM('',(#6454),#6452);
#6456=DIRECTION('',(-1.961161351382E-1,-9.805806756909E-1,0.E0));
#6457=VECTOR('',#6456,9.683996413214E-2);
#6458=CARTESIAN_POINT('',(-1.041325833397E-1,1.043370833017E-1,
-1.988345460750E0));
#6459=LINE('',#6458,#6457);
#6460=CURVE_STYLE('',#48,POSITIVE_LENGTH_MEASURE(2.E-2),#28);
#6461=PRESENTATION_STYLE_ASSIGNMENT((#6460));
#6462=STYLED_ITEM('',(#6461),#6459);
#6463=CARTESIAN_POINT('',(-1.041325833397E-1,1.043370833017E-1,
-1.988345460750E0));
#6464=CARTESIAN_POINT('',(-1.038178144090E-1,1.059109279550E-1,
-1.992435078348E0));
#6465=CARTESIAN_POINT('',(-1.034248552739E-1,1.078757236304E-1,
-1.996319272146E0));
#6466=CARTESIAN_POINT('',(-1.029544511501E-1,1.102277442495E-1,-2.E0));
#6468=CURVE_STYLE('',#48,POSITIVE_LENGTH_MEASURE(2.E-2),#28);
#6469=PRESENTATION_STYLE_ASSIGNMENT((#6468));
#6470=STYLED_ITEM('',(#6469),#6467);
#6471=DIRECTION('',(1.961161351382E-1,9.805806756909E-1,0.E0));
#6472=VECTOR('',#6471,1.124106837735E-1);
#6473=CARTESIAN_POINT('',(-1.25E-1,0.E0,-2.E0));
#6474=LINE('',#6473,#6472);
#6475=CURVE_STYLE('',#48,POSITIVE_LENGTH_MEASURE(2.E-2),#28);
#6476=PRESENTATION_STYLE_ASSIGNMENT((#6475));
#6477=STYLED_ITEM('',(#6476),#6474);
#6478=DIRECTION('',(0.E0,0.E0,1.E0));
#6479=VECTOR('',#6478,4.E-1);
#6480=CARTESIAN_POINT('',(-1.25E-1,0.E0,-2.E0));
#6481=LINE('',#6480,#6479);
#6482=CURVE_STYLE('',#48,POSITIVE_LENGTH_MEASURE(2.E-2),#28);
#6483=PRESENTATION_STYLE_ASSIGNMENT((#6482));
#6484=STYLED_ITEM('',(#6483),#6481);
#6485=DIRECTION('',(-1.E0,0.E0,0.E0));
#6486=VECTOR('',#6485,2.537510743356E-1);
#6487=CARTESIAN_POINT('',(-1.231244628322E-1,9.377685839078E-3,-1.6E0));
#6488=LINE('',#6487,#6486);
#6489=CURVE_STYLE('',#48,POSITIVE_LENGTH_MEASURE(2.E-2),#28);
#6490=PRESENTATION_STYLE_ASSIGNMENT((#6489));
#6491=STYLED_ITEM('',(#6490),#6488);
#6492=DIRECTION('',(1.961161351382E-1,9.805806756909E-1,2.321816410437E-14));
#6493=VECTOR('',#6492,9.563400617160E-3);
#6494=CARTESIAN_POINT('',(-1.25E-1,0.E0,-1.6E0));
#6495=LINE('',#6494,#6493);
#6496=CURVE_STYLE('',#48,POSITIVE_LENGTH_MEASURE(2.E-2),#28);
#6497=PRESENTATION_STYLE_ASSIGNMENT((#6496));
#6498=STYLED_ITEM('',(#6497),#6495);
#6499=DIRECTION('',(1.E0,0.E0,0.E0));
#6500=VECTOR('',#6499,2.5E-1);
#6501=CARTESIAN_POINT('',(-3.75E-1,0.E0,-1.6E0));
#6502=LINE('',#6501,#6500);
#6503=CURVE_STYLE('',#48,POSITIVE_LENGTH_MEASURE(2.E-2),#28);
#6504=PRESENTATION_STYLE_ASSIGNMENT((#6503));
#6505=STYLED_ITEM('',(#6504),#6502);
#6506=DIRECTION('',(1.961161351382E-1,-9.805806756909E-1,-2.321816410437E-14));
#6507=VECTOR('',#6506,9.563400617160E-3);
#6508=CARTESIAN_POINT('',(-3.768755371678E-1,9.377685839078E-3,-1.6E0));
#6509=LINE('',#6508,#6507);
#6510=CURVE_STYLE('',#48,POSITIVE_LENGTH_MEASURE(2.E-2),#28);
#6511=PRESENTATION_STYLE_ASSIGNMENT((#6510));
#6512=STYLED_ITEM('',(#6511),#6509);
#6513=DIRECTION('',(0.E0,0.E0,-1.E0));
#6514=VECTOR('',#6513,3.883454607504E-1);
#6515=CARTESIAN_POINT('',(-3.768755371678E-1,9.377685839078E-3,-1.6E0));
#6516=LINE('',#6515,#6514);
#6517=CURVE_STYLE('',#48,POSITIVE_LENGTH_MEASURE(2.E-2),#28);
#6518=PRESENTATION_STYLE_ASSIGNMENT((#6517));
#6519=STYLED_ITEM('',(#6518),#6516);
#6520=DIRECTION('',(1.961161351382E-1,-9.805806756909E-1,0.E0));
#6521=VECTOR('',#6520,1.124106837735E-1);
#6522=CARTESIAN_POINT('',(-3.970455488499E-1,1.102277442495E-1,-2.E0));
#6523=LINE('',#6522,#6521);
#6524=CURVE_STYLE('',#48,POSITIVE_LENGTH_MEASURE(2.E-2),#28);
#6525=PRESENTATION_STYLE_ASSIGNMENT((#6524));
#6526=STYLED_ITEM('',(#6525),#6523);
#6527=CARTESIAN_POINT('',(-3.958674166603E-1,1.043370833017E-1,
-1.988345460750E0));
#6528=CARTESIAN_POINT('',(-3.961821855910E-1,1.059109279550E-1,
-1.992435078348E0));
#6529=CARTESIAN_POINT('',(-3.965751447261E-1,1.078757236304E-1,
-1.996319272146E0));
#6530=CARTESIAN_POINT('',(-3.970455488499E-1,1.102277442495E-1,-2.E0));
#6532=CURVE_STYLE('',#48,POSITIVE_LENGTH_MEASURE(2.E-2),#28);
#6533=PRESENTATION_STYLE_ASSIGNMENT((#6532));
#6534=STYLED_ITEM('',(#6533),#6531);
#6535=DIRECTION('',(1.961161351382E-1,-9.805806756909E-1,0.E0));
#6536=VECTOR('',#6535,9.683996413214E-2);
#6537=CARTESIAN_POINT('',(-3.958674166603E-1,1.043370833017E-1,
-1.988345460750E0));
#6538=LINE('',#6537,#6536);
#6539=CURVE_STYLE('',#48,POSITIVE_LENGTH_MEASURE(2.E-2),#28);
#6540=PRESENTATION_STYLE_ASSIGNMENT((#6539));
#6541=STYLED_ITEM('',(#6540),#6538);
#6542=DIRECTION('',(1.E0,0.E0,0.E0));
#6543=VECTOR('',#6542,2.917348333207E-1);
#6544=CARTESIAN_POINT('',(-3.958674166603E-1,1.043370833017E-1,
-1.988345460750E0));
#6545=LINE('',#6544,#6543);
#6546=CURVE_STYLE('',#48,POSITIVE_LENGTH_MEASURE(2.E-2),#28);
#6547=PRESENTATION_STYLE_ASSIGNMENT((#6546));
#6548=STYLED_ITEM('',(#6547),#6545);
#6549=DIRECTION('',(1.E0,0.E0,0.E0));
#6550=VECTOR('',#6549,2.537510743356E-1);
#6551=CARTESIAN_POINT('',(-3.768755371678E-1,9.377685839078E-3,
-1.988345460750E0));
#6552=LINE('',#6551,#6550);
#6553=CURVE_STYLE('',#48,POSITIVE_LENGTH_MEASURE(2.E-2),#28);
#6554=PRESENTATION_STYLE_ASSIGNMENT((#6553));
#6555=STYLED_ITEM('',(#6554),#6552);
#6556=CARTESIAN_POINT('',(-3.75E-1,0.E0,-1.6E0));
#6557=CARTESIAN_POINT('',(-1.25E-1,0.E0,-1.6E0));
#6558=VERTEX_POINT('',#6556);
#6559=VERTEX_POINT('',#6557);
#6560=CARTESIAN_POINT('',(-3.75E-1,0.E0,-2.E0));
#6561=CARTESIAN_POINT('',(-1.25E-1,0.E0,-2.E0));
#6562=VERTEX_POINT('',#6560);
#6563=VERTEX_POINT('',#6561);
#6564=CARTESIAN_POINT('',(-1.029544511501E-1,1.102277442495E-1,-2.E0));
#6565=VERTEX_POINT('',#6564);
#6566=CARTESIAN_POINT('',(-3.970455488499E-1,1.102277442495E-1,-2.E0));
#6567=VERTEX_POINT('',#6566);
#6568=CARTESIAN_POINT('',(-1.231244628322E-1,9.377685839078E-3,-1.6E0));
#6569=CARTESIAN_POINT('',(-3.768755371678E-1,9.377685839078E-3,-1.6E0));
#6570=VERTEX_POINT('',#6568);
#6571=VERTEX_POINT('',#6569);
#6572=CARTESIAN_POINT('',(-1.231244628322E-1,9.377685839078E-3,
-1.988345460750E0));
#6573=VERTEX_POINT('',#6572);
#6574=CARTESIAN_POINT('',(-1.041325833397E-1,1.043370833017E-1,
-1.988345460750E0));
#6575=VERTEX_POINT('',#6574);
#6576=CARTESIAN_POINT('',(-3.768755371678E-1,9.377685839078E-3,
-1.988345460750E0));
#6577=VERTEX_POINT('',#6576);
#6578=CARTESIAN_POINT('',(-3.958674166603E-1,1.043370833017E-1,
-1.988345460750E0));
#6579=VERTEX_POINT('',#6578);
#6580=CARTESIAN_POINT('',(0.E0,0.E0,0.E0));
#6581=DIRECTION('',(0.E0,1.E0,0.E0));
#6582=DIRECTION('',(1.E0,0.E0,0.E0));
#6583=AXIS2_PLACEMENT_3D('',#6580,#6581,#6582);
#6584=PLANE('',#6583);
#6586=ORIENTED_EDGE('',*,*,#6585,.F.);
#6588=ORIENTED_EDGE('',*,*,#6587,.T.);
#6590=ORIENTED_EDGE('',*,*,#6589,.T.);
#6592=ORIENTED_EDGE('',*,*,#6591,.F.);
#6593=EDGE_LOOP('',(#6586,#6588,#6590,#6592));
#6594=FACE_OUTER_BOUND('',#6593,.F.);
#6595=ADVANCED_FACE('',(#6594),#6584,.F.);
#6596=CARTESIAN_POINT('',(-2.5E0,2.E-1,-2.E0));
#6597=DIRECTION('',(0.E0,0.E0,1.E0));
#6598=DIRECTION('',(1.E0,0.E0,0.E0));
#6599=AXIS2_PLACEMENT_3D('',#6596,#6597,#6598);
#6600=PLANE('',#6599);
#6601=ORIENTED_EDGE('',*,*,#6585,.T.);
#6603=ORIENTED_EDGE('',*,*,#6602,.T.);
#6605=ORIENTED_EDGE('',*,*,#6604,.F.);
#6607=ORIENTED_EDGE('',*,*,#6606,.T.);
#6608=EDGE_LOOP('',(#6601,#6603,#6605,#6607));
#6609=FACE_OUTER_BOUND('',#6608,.F.);
#6610=ADVANCED_FACE('',(#6609),#6600,.F.);
#6611=FILL_AREA_STYLE_COLOUR('',#5277);
#6612=FILL_AREA_STYLE('',(#6611));
#6613=SURFACE_STYLE_FILL_AREA(#6612);
#6614=SURFACE_SIDE_STYLE('',(#6613));
#6615=SURFACE_STYLE_USAGE(.NEGATIVE.,#6614);
#6616=PRESENTATION_STYLE_ASSIGNMENT((#6615));
#6617=OVER_RIDING_STYLED_ITEM('',(#6616),#6610,#6427);
#6618=CARTESIAN_POINT('',(-1.25E-1,0.E0,-2.05E0));
#6619=DIRECTION('',(9.805806756909E-1,-1.961161351382E-1,0.E0));
#6620=DIRECTION('',(1.961161351382E-1,9.805806756909E-1,0.E0));
#6621=AXIS2_PLACEMENT_3D('',#6618,#6619,#6620);
#6622=PLANE('',#6621);
#6624=ORIENTED_EDGE('',*,*,#6623,.T.);
#6626=ORIENTED_EDGE('',*,*,#6625,.F.);
#6628=ORIENTED_EDGE('',*,*,#6627,.T.);
#6629=ORIENTED_EDGE('',*,*,#6602,.F.);
#6630=ORIENTED_EDGE('',*,*,#6591,.T.);
#6632=ORIENTED_EDGE('',*,*,#6631,.T.);
#6633=EDGE_LOOP('',(#6624,#6626,#6628,#6629,#6630,#6632));
#6634=FACE_OUTER_BOUND('',#6633,.F.);
#6635=ADVANCED_FACE('',(#6634),#6622,.T.);
#6636=CARTESIAN_POINT('',(-2.48E0,9.377685839078E-3,1.987348385653E0));
#6637=DIRECTION('',(0.E0,-1.E0,0.E0));
#6638=DIRECTION('',(0.E0,0.E0,-1.E0));
#6639=AXIS2_PLACEMENT_3D('',#6636,#6637,#6638);
#6640=PLANE('',#6639);
#6642=ORIENTED_EDGE('',*,*,#6641,.T.);
#6644=ORIENTED_EDGE('',*,*,#6643,.T.);
#6646=ORIENTED_EDGE('',*,*,#6645,.T.);
#6647=ORIENTED_EDGE('',*,*,#6623,.F.);
#6648=EDGE_LOOP('',(#6642,#6644,#6646,#6647));
#6649=FACE_OUTER_BOUND('',#6648,.F.);
#6650=ADVANCED_FACE('',(#6649),#6640,.F.);
#6651=CARTESIAN_POINT('',(0.E0,0.E0,-1.6E0));
#6652=DIRECTION('',(0.E0,0.E0,1.E0));
#6653=DIRECTION('',(-1.E0,0.E0,0.E0));
#6654=AXIS2_PLACEMENT_3D('',#6651,#6652,#6653);
#6655=PLANE('',#6654);
#6656=ORIENTED_EDGE('',*,*,#6641,.F.);
#6657=ORIENTED_EDGE('',*,*,#6631,.F.);
#6658=ORIENTED_EDGE('',*,*,#6589,.F.);
#6660=ORIENTED_EDGE('',*,*,#6659,.F.);
#6661=EDGE_LOOP('',(#6656,#6657,#6658,#6660));
#6662=FACE_OUTER_BOUND('',#6661,.F.);
#6663=ADVANCED_FACE('',(#6662),#6655,.T.);
#6664=CARTESIAN_POINT('',(-4.15E-1,2.E-1,-2.05E0));
#6665=DIRECTION('',(-9.805806756909E-1,-1.961161351382E-1,0.E0));
#6666=DIRECTION('',(1.961161351382E-1,-9.805806756909E-1,0.E0));
#6667=AXIS2_PLACEMENT_3D('',#6664,#6665,#6666);
#6668=PLANE('',#6667);
#6669=ORIENTED_EDGE('',*,*,#6643,.F.);
#6670=ORIENTED_EDGE('',*,*,#6659,.T.);
#6671=ORIENTED_EDGE('',*,*,#6587,.F.);
#6672=ORIENTED_EDGE('',*,*,#6606,.F.);
#6674=ORIENTED_EDGE('',*,*,#6673,.F.);
#6676=ORIENTED_EDGE('',*,*,#6675,.T.);
#6677=EDGE_LOOP('',(#6669,#6670,#6671,#6672,#6674,#6676));
#6678=FACE_OUTER_BOUND('',#6677,.F.);
#6679=ADVANCED_FACE('',(#6678),#6668,.T.);
#6680=CARTESIAN_POINT('',(2.E0,1.65E-1,-1.965E0));
#6681=DIRECTION('',(1.E0,0.E0,0.E0));
#6682=DIRECTION('',(0.E0,0.E0,1.E0));
#6683=AXIS2_PLACEMENT_3D('',#6680,#6681,#6682);
#6684=CYLINDRICAL_SURFACE('',#6683,6.5E-2);
#6686=ORIENTED_EDGE('',*,*,#6685,.F.);
#6687=ORIENTED_EDGE('',*,*,#6673,.T.);
#6688=ORIENTED_EDGE('',*,*,#6604,.T.);
#6689=ORIENTED_EDGE('',*,*,#6627,.F.);
#6690=EDGE_LOOP('',(#6686,#6687,#6688,#6689));
#6691=FACE_OUTER_BOUND('',#6690,.F.);
#6692=ADVANCED_FACE('',(#6691),#6684,.F.);
#6693=CARTESIAN_POINT('',(-2.48E0,9.377685839078E-3,-1.988345460750E0));
#6694=DIRECTION('',(0.E0,0.E0,-1.E0));
#6695=DIRECTION('',(0.E0,1.E0,0.E0));
#6696=AXIS2_PLACEMENT_3D('',#6693,#6694,#6695);
#6697=PLANE('',#6696);
#6698=ORIENTED_EDGE('',*,*,#6625,.T.);
#6699=ORIENTED_EDGE('',*,*,#6645,.F.);
#6700=ORIENTED_EDGE('',*,*,#6675,.F.);
#6701=ORIENTED_EDGE('',*,*,#6685,.T.);
#6702=EDGE_LOOP('',(#6698,#6699,#6700,#6701));
#6703=FACE_OUTER_BOUND('',#6702,.F.);
#6704=ADVANCED_FACE('',(#6703),#6697,.F.);
#6705=CLOSED_SHELL('',(#6595,#6610,#6635,#6650,#6663,#6679,#6692,#6704));
#6706=MANIFOLD_SOLID_BREP('',#6705);
#6707=FILL_AREA_STYLE_COLOUR('',#28);
#6708=FILL_AREA_STYLE('',(#6707));
#6709=SURFACE_STYLE_FILL_AREA(#6708);
#6710=SURFACE_SIDE_STYLE('',(#6709));
#6711=SURFACE_STYLE_USAGE(.POSITIVE.,#6710);
#6712=PRESENTATION_STYLE_ASSIGNMENT((#6711));
#6427=STYLED_ITEM('',(#6712),#6706);
#6714=DIRECTION('',(1.E0,0.E0,0.E0));
#6715=VECTOR('',#6714,2.5E-1);
#6716=CARTESIAN_POINT('',(-8.75E-1,0.E0,-2.E0));
#6717=LINE('',#6716,#6715);
#6718=CURVE_STYLE('',#48,POSITIVE_LENGTH_MEASURE(2.E-2),#28);
#6719=PRESENTATION_STYLE_ASSIGNMENT((#6718));
#6720=STYLED_ITEM('',(#6719),#6717);
#6721=DIRECTION('',(0.E0,0.E0,1.E0));
#6722=VECTOR('',#6721,4.E-1);
#6723=CARTESIAN_POINT('',(-8.75E-1,0.E0,-2.E0));
#6724=LINE('',#6723,#6722);
#6725=CURVE_STYLE('',#48,POSITIVE_LENGTH_MEASURE(2.E-2),#28);
#6726=PRESENTATION_STYLE_ASSIGNMENT((#6725));
#6727=STYLED_ITEM('',(#6726),#6724);
#6728=DIRECTION('',(1.E0,0.E0,0.E0));
#6729=VECTOR('',#6728,2.940910976998E-1);
#6730=CARTESIAN_POINT('',(-8.970455488499E-1,1.102277442495E-1,-2.E0));
#6731=LINE('',#6730,#6729);
#6732=CURVE_STYLE('',#48,POSITIVE_LENGTH_MEASURE(2.E-2),#28);
#6733=PRESENTATION_STYLE_ASSIGNMENT((#6732));
#6734=STYLED_ITEM('',(#6733),#6731);
#6735=DIRECTION('',(0.E0,0.E0,-1.E0));
#6736=VECTOR('',#6735,3.883454607504E-1);
#6737=CARTESIAN_POINT('',(-6.231244628322E-1,9.377685839078E-3,-1.6E0));
#6738=LINE('',#6737,#6736);
#6739=CURVE_STYLE('',#48,POSITIVE_LENGTH_MEASURE(2.E-2),#28);
#6740=PRESENTATION_STYLE_ASSIGNMENT((#6739));
#6741=STYLED_ITEM('',(#6740),#6738);
#6742=DIRECTION('',(-1.961161351382E-1,-9.805806756909E-1,0.E0));
#6743=VECTOR('',#6742,9.683996413214E-2);
#6744=CARTESIAN_POINT('',(-6.041325833397E-1,1.043370833017E-1,
-1.988345460750E0));
#6745=LINE('',#6744,#6743);
#6746=CURVE_STYLE('',#48,POSITIVE_LENGTH_MEASURE(2.E-2),#28);
#6747=PRESENTATION_STYLE_ASSIGNMENT((#6746));
#6748=STYLED_ITEM('',(#6747),#6745);
#6749=CARTESIAN_POINT('',(-6.041325833397E-1,1.043370833017E-1,
-1.988345460750E0));
#6750=CARTESIAN_POINT('',(-6.038178144090E-1,1.059109279550E-1,
-1.992435078348E0));
#6751=CARTESIAN_POINT('',(-6.034248552739E-1,1.078757236304E-1,
-1.996319272146E0));
#6752=CARTESIAN_POINT('',(-6.029544511501E-1,1.102277442495E-1,-2.E0));
#6754=CURVE_STYLE('',#48,POSITIVE_LENGTH_MEASURE(2.E-2),#28);
#6755=PRESENTATION_STYLE_ASSIGNMENT((#6754));
#6756=STYLED_ITEM('',(#6755),#6753);
#6757=DIRECTION('',(1.961161351382E-1,9.805806756909E-1,0.E0));
#6758=VECTOR('',#6757,1.124106837735E-1);
#6759=CARTESIAN_POINT('',(-6.25E-1,0.E0,-2.E0));
#6760=LINE('',#6759,#6758);
#6761=CURVE_STYLE('',#48,POSITIVE_LENGTH_MEASURE(2.E-2),#28);
#6762=PRESENTATION_STYLE_ASSIGNMENT((#6761));
#6763=STYLED_ITEM('',(#6762),#6760);
#6764=DIRECTION('',(0.E0,0.E0,1.E0));
#6765=VECTOR('',#6764,4.E-1);
#6766=CARTESIAN_POINT('',(-6.25E-1,0.E0,-2.E0));
#6767=LINE('',#6766,#6765);
#6768=CURVE_STYLE('',#48,POSITIVE_LENGTH_MEASURE(2.E-2),#28);
#6769=PRESENTATION_STYLE_ASSIGNMENT((#6768));
#6770=STYLED_ITEM('',(#6769),#6767);
#6771=DIRECTION('',(-1.E0,0.E0,0.E0));
#6772=VECTOR('',#6771,2.537510743356E-1);
#6773=CARTESIAN_POINT('',(-6.231244628322E-1,9.377685839078E-3,-1.6E0));
#6774=LINE('',#6773,#6772);
#6775=CURVE_STYLE('',#48,POSITIVE_LENGTH_MEASURE(2.E-2),#28);
#6776=PRESENTATION_STYLE_ASSIGNMENT((#6775));
#6777=STYLED_ITEM('',(#6776),#6774);
#6778=DIRECTION('',(1.961161351382E-1,9.805806756909E-1,2.321816410437E-14));
#6779=VECTOR('',#6778,9.563400617160E-3);
#6780=CARTESIAN_POINT('',(-6.25E-1,0.E0,-1.6E0));
#6781=LINE('',#6780,#6779);
#6782=CURVE_STYLE('',#48,POSITIVE_LENGTH_MEASURE(2.E-2),#28);
#6783=PRESENTATION_STYLE_ASSIGNMENT((#6782));
#6784=STYLED_ITEM('',(#6783),#6781);
#6785=DIRECTION('',(1.E0,0.E0,0.E0));
#6786=VECTOR('',#6785,2.5E-1);
#6787=CARTESIAN_POINT('',(-8.75E-1,0.E0,-1.6E0));
#6788=LINE('',#6787,#6786);
#6789=CURVE_STYLE('',#48,POSITIVE_LENGTH_MEASURE(2.E-2),#28);
#6790=PRESENTATION_STYLE_ASSIGNMENT((#6789));
#6791=STYLED_ITEM('',(#6790),#6788);
#6792=DIRECTION('',(1.961161351382E-1,-9.805806756909E-1,-2.321816410437E-14));
#6793=VECTOR('',#6792,9.563400617160E-3);
#6794=CARTESIAN_POINT('',(-8.768755371678E-1,9.377685839078E-3,-1.6E0));
#6795=LINE('',#6794,#6793);
#6796=CURVE_STYLE('',#48,POSITIVE_LENGTH_MEASURE(2.E-2),#28);
#6797=PRESENTATION_STYLE_ASSIGNMENT((#6796));
#6798=STYLED_ITEM('',(#6797),#6795);
#6799=DIRECTION('',(0.E0,0.E0,-1.E0));
#6800=VECTOR('',#6799,3.883454607504E-1);
#6801=CARTESIAN_POINT('',(-8.768755371678E-1,9.377685839078E-3,-1.6E0));
#6802=LINE('',#6801,#6800);
#6803=CURVE_STYLE('',#48,POSITIVE_LENGTH_MEASURE(2.E-2),#28);
#6804=PRESENTATION_STYLE_ASSIGNMENT((#6803));
#6805=STYLED_ITEM('',(#6804),#6802);
#6806=DIRECTION('',(1.961161351382E-1,-9.805806756909E-1,0.E0));
#6807=VECTOR('',#6806,1.124106837735E-1);
#6808=CARTESIAN_POINT('',(-8.970455488499E-1,1.102277442495E-1,-2.E0));
#6809=LINE('',#6808,#6807);
#6810=CURVE_STYLE('',#48,POSITIVE_LENGTH_MEASURE(2.E-2),#28);
#6811=PRESENTATION_STYLE_ASSIGNMENT((#6810));
#6812=STYLED_ITEM('',(#6811),#6809);
#6813=CARTESIAN_POINT('',(-8.958674166603E-1,1.043370833017E-1,
-1.988345460750E0));
#6814=CARTESIAN_POINT('',(-8.961821855910E-1,1.059109279550E-1,
-1.992435078348E0));
#6815=CARTESIAN_POINT('',(-8.965751447261E-1,1.078757236304E-1,
-1.996319272146E0));
#6816=CARTESIAN_POINT('',(-8.970455488499E-1,1.102277442495E-1,-2.E0));
#6818=CURVE_STYLE('',#48,POSITIVE_LENGTH_MEASURE(2.E-2),#28);
#6819=PRESENTATION_STYLE_ASSIGNMENT((#6818));
#6820=STYLED_ITEM('',(#6819),#6817);
#6821=DIRECTION('',(1.961161351382E-1,-9.805806756909E-1,0.E0));
#6822=VECTOR('',#6821,9.683996413214E-2);
#6823=CARTESIAN_POINT('',(-8.958674166603E-1,1.043370833017E-1,
-1.988345460750E0));
#6824=LINE('',#6823,#6822);
#6825=CURVE_STYLE('',#48,POSITIVE_LENGTH_MEASURE(2.E-2),#28);
#6826=PRESENTATION_STYLE_ASSIGNMENT((#6825));
#6827=STYLED_ITEM('',(#6826),#6824);
#6828=DIRECTION('',(1.E0,0.E0,0.E0));
#6829=VECTOR('',#6828,2.917348333207E-1);
#6830=CARTESIAN_POINT('',(-8.958674166603E-1,1.043370833017E-1,
-1.988345460750E0));
#6831=LINE('',#6830,#6829);
#6832=CURVE_STYLE('',#48,POSITIVE_LENGTH_MEASURE(2.E-2),#28);
#6833=PRESENTATION_STYLE_ASSIGNMENT((#6832));
#6834=STYLED_ITEM('',(#6833),#6831);
#6835=DIRECTION('',(1.E0,0.E0,0.E0));
#6836=VECTOR('',#6835,2.537510743356E-1);
#6837=CARTESIAN_POINT('',(-8.768755371678E-1,9.377685839078E-3,
-1.988345460750E0));
#6838=LINE('',#6837,#6836);
#6839=CURVE_STYLE('',#48,POSITIVE_LENGTH_MEASURE(2.E-2),#28);
#6840=PRESENTATION_STYLE_ASSIGNMENT((#6839));
#6841=STYLED_ITEM('',(#6840),#6838);
#6842=CARTESIAN_POINT('',(-8.75E-1,0.E0,-1.6E0));
#6843=CARTESIAN_POINT('',(-6.25E-1,0.E0,-1.6E0));
#6844=VERTEX_POINT('',#6842);
#6845=VERTEX_POINT('',#6843);
#6846=CARTESIAN_POINT('',(-8.75E-1,0.E0,-2.E0));
#6847=CARTESIAN_POINT('',(-6.25E-1,0.E0,-2.E0));
#6848=VERTEX_POINT('',#6846);
#6849=VERTEX_POINT('',#6847);
#6850=CARTESIAN_POINT('',(-6.029544511501E-1,1.102277442495E-1,-2.E0));
#6851=VERTEX_POINT('',#6850);
#6852=CARTESIAN_POINT('',(-8.970455488499E-1,1.102277442495E-1,-2.E0));
#6853=VERTEX_POINT('',#6852);
#6854=CARTESIAN_POINT('',(-6.231244628322E-1,9.377685839078E-3,-1.6E0));
#6855=CARTESIAN_POINT('',(-8.768755371678E-1,9.377685839078E-3,-1.6E0));
#6856=VERTEX_POINT('',#6854);
#6857=VERTEX_POINT('',#6855);
#6858=CARTESIAN_POINT('',(-6.231244628322E-1,9.377685839078E-3,
-1.988345460750E0));
#6859=VERTEX_POINT('',#6858);
#6860=CARTESIAN_POINT('',(-6.041325833397E-1,1.043370833017E-1,
-1.988345460750E0));
#6861=VERTEX_POINT('',#6860);
#6862=CARTESIAN_POINT('',(-8.768755371678E-1,9.377685839078E-3,
-1.988345460750E0));
#6863=VERTEX_POINT('',#6862);
#6864=CARTESIAN_POINT('',(-8.958674166603E-1,1.043370833017E-1,
-1.988345460750E0));
#6865=VERTEX_POINT('',#6864);
#6866=CARTESIAN_POINT('',(0.E0,0.E0,0.E0));
#6867=DIRECTION('',(0.E0,1.E0,0.E0));
#6868=DIRECTION('',(1.E0,0.E0,0.E0));
#6869=AXIS2_PLACEMENT_3D('',#6866,#6867,#6868);
#6870=PLANE('',#6869);
#6872=ORIENTED_EDGE('',*,*,#6871,.F.);
#6874=ORIENTED_EDGE('',*,*,#6873,.T.);
#6876=ORIENTED_EDGE('',*,*,#6875,.T.);
#6878=ORIENTED_EDGE('',*,*,#6877,.F.);
#6879=EDGE_LOOP('',(#6872,#6874,#6876,#6878));
#6880=FACE_OUTER_BOUND('',#6879,.F.);
#6881=ADVANCED_FACE('',(#6880),#6870,.F.);
#6882=CARTESIAN_POINT('',(-2.5E0,2.E-1,-2.E0));
#6883=DIRECTION('',(0.E0,0.E0,1.E0));
#6884=DIRECTION('',(1.E0,0.E0,0.E0));
#6885=AXIS2_PLACEMENT_3D('',#6882,#6883,#6884);
#6886=PLANE('',#6885);
#6887=ORIENTED_EDGE('',*,*,#6871,.T.);
#6889=ORIENTED_EDGE('',*,*,#6888,.T.);
#6891=ORIENTED_EDGE('',*,*,#6890,.F.);
#6893=ORIENTED_EDGE('',*,*,#6892,.T.);
#6894=EDGE_LOOP('',(#6887,#6889,#6891,#6893));
#6895=FACE_OUTER_BOUND('',#6894,.F.);
#6896=ADVANCED_FACE('',(#6895),#6886,.F.);
#6897=FILL_AREA_STYLE_COLOUR('',#5277);
#6898=FILL_AREA_STYLE('',(#6897));
#6899=SURFACE_STYLE_FILL_AREA(#6898);
#6900=SURFACE_SIDE_STYLE('',(#6899));
#6901=SURFACE_STYLE_USAGE(.NEGATIVE.,#6900);
#6902=PRESENTATION_STYLE_ASSIGNMENT((#6901));
#6903=OVER_RIDING_STYLED_ITEM('',(#6902),#6896,#6713);
#6904=CARTESIAN_POINT('',(-6.25E-1,0.E0,-2.05E0));
#6905=DIRECTION('',(9.805806756909E-1,-1.961161351382E-1,0.E0));
#6906=DIRECTION('',(1.961161351382E-1,9.805806756909E-1,0.E0));
#6907=AXIS2_PLACEMENT_3D('',#6904,#6905,#6906);
#6908=PLANE('',#6907);
#6910=ORIENTED_EDGE('',*,*,#6909,.T.);
#6912=ORIENTED_EDGE('',*,*,#6911,.F.);
#6914=ORIENTED_EDGE('',*,*,#6913,.T.);
#6915=ORIENTED_EDGE('',*,*,#6888,.F.);
#6916=ORIENTED_EDGE('',*,*,#6877,.T.);
#6918=ORIENTED_EDGE('',*,*,#6917,.T.);
#6919=EDGE_LOOP('',(#6910,#6912,#6914,#6915,#6916,#6918));
#6920=FACE_OUTER_BOUND('',#6919,.F.);
#6921=ADVANCED_FACE('',(#6920),#6908,.T.);
#6922=CARTESIAN_POINT('',(-2.48E0,9.377685839078E-3,1.987348385653E0));
#6923=DIRECTION('',(0.E0,-1.E0,0.E0));
#6924=DIRECTION('',(0.E0,0.E0,-1.E0));
#6925=AXIS2_PLACEMENT_3D('',#6922,#6923,#6924);
#6926=PLANE('',#6925);
#6928=ORIENTED_EDGE('',*,*,#6927,.T.);
#6930=ORIENTED_EDGE('',*,*,#6929,.T.);
#6932=ORIENTED_EDGE('',*,*,#6931,.T.);
#6933=ORIENTED_EDGE('',*,*,#6909,.F.);
#6934=EDGE_LOOP('',(#6928,#6930,#6932,#6933));
#6935=FACE_OUTER_BOUND('',#6934,.F.);
#6936=ADVANCED_FACE('',(#6935),#6926,.F.);
#6937=CARTESIAN_POINT('',(0.E0,0.E0,-1.6E0));
#6938=DIRECTION('',(0.E0,0.E0,1.E0));
#6939=DIRECTION('',(-1.E0,0.E0,0.E0));
#6940=AXIS2_PLACEMENT_3D('',#6937,#6938,#6939);
#6941=PLANE('',#6940);
#6942=ORIENTED_EDGE('',*,*,#6927,.F.);
#6943=ORIENTED_EDGE('',*,*,#6917,.F.);
#6944=ORIENTED_EDGE('',*,*,#6875,.F.);
#6946=ORIENTED_EDGE('',*,*,#6945,.F.);
#6947=EDGE_LOOP('',(#6942,#6943,#6944,#6946));
#6948=FACE_OUTER_BOUND('',#6947,.F.);
#6949=ADVANCED_FACE('',(#6948),#6941,.T.);
#6950=CARTESIAN_POINT('',(-9.15E-1,2.E-1,-2.05E0));
#6951=DIRECTION('',(-9.805806756909E-1,-1.961161351382E-1,0.E0));
#6952=DIRECTION('',(1.961161351382E-1,-9.805806756909E-1,0.E0));
#6953=AXIS2_PLACEMENT_3D('',#6950,#6951,#6952);
#6954=PLANE('',#6953);
#6955=ORIENTED_EDGE('',*,*,#6929,.F.);
#6956=ORIENTED_EDGE('',*,*,#6945,.T.);
#6957=ORIENTED_EDGE('',*,*,#6873,.F.);
#6958=ORIENTED_EDGE('',*,*,#6892,.F.);
#6960=ORIENTED_EDGE('',*,*,#6959,.F.);
#6962=ORIENTED_EDGE('',*,*,#6961,.T.);
#6963=EDGE_LOOP('',(#6955,#6956,#6957,#6958,#6960,#6962));
#6964=FACE_OUTER_BOUND('',#6963,.F.);
#6965=ADVANCED_FACE('',(#6964),#6954,.T.);
#6966=CARTESIAN_POINT('',(2.E0,1.65E-1,-1.965E0));
#6967=DIRECTION('',(1.E0,0.E0,0.E0));
#6968=DIRECTION('',(0.E0,0.E0,1.E0));
#6969=AXIS2_PLACEMENT_3D('',#6966,#6967,#6968);
#6970=CYLINDRICAL_SURFACE('',#6969,6.5E-2);
#6972=ORIENTED_EDGE('',*,*,#6971,.F.);
#6973=ORIENTED_EDGE('',*,*,#6959,.T.);
#6974=ORIENTED_EDGE('',*,*,#6890,.T.);
#6975=ORIENTED_EDGE('',*,*,#6913,.F.);
#6976=EDGE_LOOP('',(#6972,#6973,#6974,#6975));
#6977=FACE_OUTER_BOUND('',#6976,.F.);
#6978=ADVANCED_FACE('',(#6977),#6970,.F.);
#6979=CARTESIAN_POINT('',(-2.48E0,9.377685839078E-3,-1.988345460750E0));
#6980=DIRECTION('',(0.E0,0.E0,-1.E0));
#6981=DIRECTION('',(0.E0,1.E0,0.E0));
#6982=AXIS2_PLACEMENT_3D('',#6979,#6980,#6981);
#6983=PLANE('',#6982);
#6984=ORIENTED_EDGE('',*,*,#6911,.T.);
#6985=ORIENTED_EDGE('',*,*,#6931,.F.);
#6986=ORIENTED_EDGE('',*,*,#6961,.F.);
#6987=ORIENTED_EDGE('',*,*,#6971,.T.);
#6988=EDGE_LOOP('',(#6984,#6985,#6986,#6987));
#6989=FACE_OUTER_BOUND('',#6988,.F.);
#6990=ADVANCED_FACE('',(#6989),#6983,.F.);
#6991=CLOSED_SHELL('',(#6881,#6896,#6921,#6936,#6949,#6965,#6978,#6990));
#6992=MANIFOLD_SOLID_BREP('',#6991);
#6993=FILL_AREA_STYLE_COLOUR('',#28);
#6994=FILL_AREA_STYLE('',(#6993));
#6995=SURFACE_STYLE_FILL_AREA(#6994);
#6996=SURFACE_SIDE_STYLE('',(#6995));
#6997=SURFACE_STYLE_USAGE(.POSITIVE.,#6996);
#6998=PRESENTATION_STYLE_ASSIGNMENT((#6997));
#6713=STYLED_ITEM('',(#6998),#6992);
#7000=DIRECTION('',(1.E0,0.E0,0.E0));
#7001=VECTOR('',#7000,2.5E-1);
#7002=CARTESIAN_POINT('',(-1.375E0,0.E0,-2.E0));
#7003=LINE('',#7002,#7001);
#7004=CURVE_STYLE('',#48,POSITIVE_LENGTH_MEASURE(2.E-2),#28);
#7005=PRESENTATION_STYLE_ASSIGNMENT((#7004));
#7006=STYLED_ITEM('',(#7005),#7003);
#7007=DIRECTION('',(0.E0,0.E0,1.E0));
#7008=VECTOR('',#7007,4.E-1);
#7009=CARTESIAN_POINT('',(-1.375E0,0.E0,-2.E0));
#7010=LINE('',#7009,#7008);
#7011=CURVE_STYLE('',#48,POSITIVE_LENGTH_MEASURE(2.E-2),#28);
#7012=PRESENTATION_STYLE_ASSIGNMENT((#7011));
#7013=STYLED_ITEM('',(#7012),#7010);
#7014=DIRECTION('',(1.E0,0.E0,0.E0));
#7015=VECTOR('',#7014,2.940910976998E-1);
#7016=CARTESIAN_POINT('',(-1.397045548850E0,1.102277442495E-1,-2.E0));
#7017=LINE('',#7016,#7015);
#7018=CURVE_STYLE('',#48,POSITIVE_LENGTH_MEASURE(2.E-2),#28);
#7019=PRESENTATION_STYLE_ASSIGNMENT((#7018));
#7020=STYLED_ITEM('',(#7019),#7017);
#7021=DIRECTION('',(0.E0,0.E0,-1.E0));
#7022=VECTOR('',#7021,3.883454607504E-1);
#7023=CARTESIAN_POINT('',(-1.123124462832E0,9.377685839078E-3,-1.6E0));
#7024=LINE('',#7023,#7022);
#7025=CURVE_STYLE('',#48,POSITIVE_LENGTH_MEASURE(2.E-2),#28);
#7026=PRESENTATION_STYLE_ASSIGNMENT((#7025));
#7027=STYLED_ITEM('',(#7026),#7024);
#7028=DIRECTION('',(-1.961161351382E-1,-9.805806756909E-1,0.E0));
#7029=VECTOR('',#7028,9.683996413214E-2);
#7030=CARTESIAN_POINT('',(-1.104132583340E0,1.043370833017E-1,
-1.988345460750E0));
#7031=LINE('',#7030,#7029);
#7032=CURVE_STYLE('',#48,POSITIVE_LENGTH_MEASURE(2.E-2),#28);
#7033=PRESENTATION_STYLE_ASSIGNMENT((#7032));
#7034=STYLED_ITEM('',(#7033),#7031);
#7035=CARTESIAN_POINT('',(-1.104132583340E0,1.043370833017E-1,
-1.988345460750E0));
#7036=CARTESIAN_POINT('',(-1.103817814409E0,1.059109279550E-1,
-1.992435078348E0));
#7037=CARTESIAN_POINT('',(-1.103424855274E0,1.078757236304E-1,
-1.996319272146E0));
#7038=CARTESIAN_POINT('',(-1.102954451150E0,1.102277442495E-1,-2.E0));
#7040=CURVE_STYLE('',#48,POSITIVE_LENGTH_MEASURE(2.E-2),#28);
#7041=PRESENTATION_STYLE_ASSIGNMENT((#7040));
#7042=STYLED_ITEM('',(#7041),#7039);
#7043=DIRECTION('',(1.961161351382E-1,9.805806756909E-1,0.E0));
#7044=VECTOR('',#7043,1.124106837735E-1);
#7045=CARTESIAN_POINT('',(-1.125E0,0.E0,-2.E0));
#7046=LINE('',#7045,#7044);
#7047=CURVE_STYLE('',#48,POSITIVE_LENGTH_MEASURE(2.E-2),#28);
#7048=PRESENTATION_STYLE_ASSIGNMENT((#7047));
#7049=STYLED_ITEM('',(#7048),#7046);
#7050=DIRECTION('',(0.E0,0.E0,1.E0));
#7051=VECTOR('',#7050,4.E-1);
#7052=CARTESIAN_POINT('',(-1.125E0,0.E0,-2.E0));
#7053=LINE('',#7052,#7051);
#7054=CURVE_STYLE('',#48,POSITIVE_LENGTH_MEASURE(2.E-2),#28);
#7055=PRESENTATION_STYLE_ASSIGNMENT((#7054));
#7056=STYLED_ITEM('',(#7055),#7053);
#7057=DIRECTION('',(-1.E0,0.E0,0.E0));
#7058=VECTOR('',#7057,2.537510743356E-1);
#7059=CARTESIAN_POINT('',(-1.123124462832E0,9.377685839078E-3,-1.6E0));
#7060=LINE('',#7059,#7058);
#7061=CURVE_STYLE('',#48,POSITIVE_LENGTH_MEASURE(2.E-2),#28);
#7062=PRESENTATION_STYLE_ASSIGNMENT((#7061));
#7063=STYLED_ITEM('',(#7062),#7060);
#7064=DIRECTION('',(1.961161351382E-1,9.805806756909E-1,2.321816410437E-14));
#7065=VECTOR('',#7064,9.563400617160E-3);
#7066=CARTESIAN_POINT('',(-1.125E0,0.E0,-1.6E0));
#7067=LINE('',#7066,#7065);
#7068=CURVE_STYLE('',#48,POSITIVE_LENGTH_MEASURE(2.E-2),#28);
#7069=PRESENTATION_STYLE_ASSIGNMENT((#7068));
#7070=STYLED_ITEM('',(#7069),#7067);
#7071=DIRECTION('',(1.E0,0.E0,0.E0));
#7072=VECTOR('',#7071,2.5E-1);
#7073=CARTESIAN_POINT('',(-1.375E0,0.E0,-1.6E0));
#7074=LINE('',#7073,#7072);
#7075=CURVE_STYLE('',#48,POSITIVE_LENGTH_MEASURE(2.E-2),#28);
#7076=PRESENTATION_STYLE_ASSIGNMENT((#7075));
#7077=STYLED_ITEM('',(#7076),#7074);
#7078=DIRECTION('',(1.961161351382E-1,-9.805806756909E-1,-2.321816410437E-14));
#7079=VECTOR('',#7078,9.563400617160E-3);
#7080=CARTESIAN_POINT('',(-1.376875537168E0,9.377685839078E-3,-1.6E0));
#7081=LINE('',#7080,#7079);
#7082=CURVE_STYLE('',#48,POSITIVE_LENGTH_MEASURE(2.E-2),#28);
#7083=PRESENTATION_STYLE_ASSIGNMENT((#7082));
#7084=STYLED_ITEM('',(#7083),#7081);
#7085=DIRECTION('',(0.E0,0.E0,-1.E0));
#7086=VECTOR('',#7085,3.883454607504E-1);
#7087=CARTESIAN_POINT('',(-1.376875537168E0,9.377685839078E-3,-1.6E0));
#7088=LINE('',#7087,#7086);
#7089=CURVE_STYLE('',#48,POSITIVE_LENGTH_MEASURE(2.E-2),#28);
#7090=PRESENTATION_STYLE_ASSIGNMENT((#7089));
#7091=STYLED_ITEM('',(#7090),#7088);
#7092=DIRECTION('',(1.961161351382E-1,-9.805806756909E-1,0.E0));
#7093=VECTOR('',#7092,1.124106837735E-1);
#7094=CARTESIAN_POINT('',(-1.397045548850E0,1.102277442495E-1,-2.E0));
#7095=LINE('',#7094,#7093);
#7096=CURVE_STYLE('',#48,POSITIVE_LENGTH_MEASURE(2.E-2),#28);
#7097=PRESENTATION_STYLE_ASSIGNMENT((#7096));
#7098=STYLED_ITEM('',(#7097),#7095);
#7099=CARTESIAN_POINT('',(-1.395867416660E0,1.043370833017E-1,
-1.988345460750E0));
#7100=CARTESIAN_POINT('',(-1.396182185591E0,1.059109279550E-1,
-1.992435078348E0));
#7101=CARTESIAN_POINT('',(-1.396575144726E0,1.078757236304E-1,
-1.996319272146E0));
#7102=CARTESIAN_POINT('',(-1.397045548850E0,1.102277442495E-1,-2.E0));
#7104=CURVE_STYLE('',#48,POSITIVE_LENGTH_MEASURE(2.E-2),#28);
#7105=PRESENTATION_STYLE_ASSIGNMENT((#7104));
#7106=STYLED_ITEM('',(#7105),#7103);
#7107=DIRECTION('',(1.961161351382E-1,-9.805806756909E-1,0.E0));
#7108=VECTOR('',#7107,9.683996413214E-2);
#7109=CARTESIAN_POINT('',(-1.395867416660E0,1.043370833017E-1,
-1.988345460750E0));
#7110=LINE('',#7109,#7108);
#7111=CURVE_STYLE('',#48,POSITIVE_LENGTH_MEASURE(2.E-2),#28);
#7112=PRESENTATION_STYLE_ASSIGNMENT((#7111));
#7113=STYLED_ITEM('',(#7112),#7110);
#7114=DIRECTION('',(1.E0,0.E0,0.E0));
#7115=VECTOR('',#7114,2.917348333207E-1);
#7116=CARTESIAN_POINT('',(-1.395867416660E0,1.043370833017E-1,
-1.988345460750E0));
#7117=LINE('',#7116,#7115);
#7118=CURVE_STYLE('',#48,POSITIVE_LENGTH_MEASURE(2.E-2),#28);
#7119=PRESENTATION_STYLE_ASSIGNMENT((#7118));
#7120=STYLED_ITEM('',(#7119),#7117);
#7121=DIRECTION('',(1.E0,0.E0,0.E0));
#7122=VECTOR('',#7121,2.537510743356E-1);
#7123=CARTESIAN_POINT('',(-1.376875537168E0,9.377685839078E-3,
-1.988345460750E0));
#7124=LINE('',#7123,#7122);
#7125=CURVE_STYLE('',#48,POSITIVE_LENGTH_MEASURE(2.E-2),#28);
#7126=PRESENTATION_STYLE_ASSIGNMENT((#7125));
#7127=STYLED_ITEM('',(#7126),#7124);
#7128=CARTESIAN_POINT('',(-1.375E0,0.E0,-1.6E0));
#7129=CARTESIAN_POINT('',(-1.125E0,0.E0,-1.6E0));
#7130=VERTEX_POINT('',#7128);
#7131=VERTEX_POINT('',#7129);
#7132=CARTESIAN_POINT('',(-1.375E0,0.E0,-2.E0));
#7133=CARTESIAN_POINT('',(-1.125E0,0.E0,-2.E0));
#7134=VERTEX_POINT('',#7132);
#7135=VERTEX_POINT('',#7133);
#7136=CARTESIAN_POINT('',(-1.102954451150E0,1.102277442495E-1,-2.E0));
#7137=VERTEX_POINT('',#7136);
#7138=CARTESIAN_POINT('',(-1.397045548850E0,1.102277442495E-1,-2.E0));
#7139=VERTEX_POINT('',#7138);
#7140=CARTESIAN_POINT('',(-1.123124462832E0,9.377685839078E-3,-1.6E0));
#7141=CARTESIAN_POINT('',(-1.376875537168E0,9.377685839078E-3,-1.6E0));
#7142=VERTEX_POINT('',#7140);
#7143=VERTEX_POINT('',#7141);
#7144=CARTESIAN_POINT('',(-1.123124462832E0,9.377685839078E-3,
-1.988345460750E0));
#7145=VERTEX_POINT('',#7144);
#7146=CARTESIAN_POINT('',(-1.104132583340E0,1.043370833017E-1,
-1.988345460750E0));
#7147=VERTEX_POINT('',#7146);
#7148=CARTESIAN_POINT('',(-1.376875537168E0,9.377685839078E-3,
-1.988345460750E0));
#7149=VERTEX_POINT('',#7148);
#7150=CARTESIAN_POINT('',(-1.395867416660E0,1.043370833017E-1,
-1.988345460750E0));
#7151=VERTEX_POINT('',#7150);
#7152=CARTESIAN_POINT('',(0.E0,0.E0,0.E0));
#7153=DIRECTION('',(0.E0,1.E0,0.E0));
#7154=DIRECTION('',(1.E0,0.E0,0.E0));
#7155=AXIS2_PLACEMENT_3D('',#7152,#7153,#7154);
#7156=PLANE('',#7155);
#7158=ORIENTED_EDGE('',*,*,#7157,.F.);
#7160=ORIENTED_EDGE('',*,*,#7159,.T.);
#7162=ORIENTED_EDGE('',*,*,#7161,.T.);
#7164=ORIENTED_EDGE('',*,*,#7163,.F.);
#7165=EDGE_LOOP('',(#7158,#7160,#7162,#7164));
#7166=FACE_OUTER_BOUND('',#7165,.F.);
#7167=ADVANCED_FACE('',(#7166),#7156,.F.);
#7168=CARTESIAN_POINT('',(-2.5E0,2.E-1,-2.E0));
#7169=DIRECTION('',(0.E0,0.E0,1.E0));
#7170=DIRECTION('',(1.E0,0.E0,0.E0));
#7171=AXIS2_PLACEMENT_3D('',#7168,#7169,#7170);
#7172=PLANE('',#7171);
#7173=ORIENTED_EDGE('',*,*,#7157,.T.);
#7175=ORIENTED_EDGE('',*,*,#7174,.T.);
#7177=ORIENTED_EDGE('',*,*,#7176,.F.);
#7179=ORIENTED_EDGE('',*,*,#7178,.T.);
#7180=EDGE_LOOP('',(#7173,#7175,#7177,#7179));
#7181=FACE_OUTER_BOUND('',#7180,.F.);
#7182=ADVANCED_FACE('',(#7181),#7172,.F.);
#7183=FILL_AREA_STYLE_COLOUR('',#5277);
#7184=FILL_AREA_STYLE('',(#7183));
#7185=SURFACE_STYLE_FILL_AREA(#7184);
#7186=SURFACE_SIDE_STYLE('',(#7185));
#7187=SURFACE_STYLE_USAGE(.NEGATIVE.,#7186);
#7188=PRESENTATION_STYLE_ASSIGNMENT((#7187));
#7189=OVER_RIDING_STYLED_ITEM('',(#7188),#7182,#6999);
#7190=CARTESIAN_POINT('',(-1.125E0,0.E0,-2.05E0));
#7191=DIRECTION('',(9.805806756909E-1,-1.961161351382E-1,0.E0));
#7192=DIRECTION('',(1.961161351382E-1,9.805806756909E-1,0.E0));
#7193=AXIS2_PLACEMENT_3D('',#7190,#7191,#7192);
#7194=PLANE('',#7193);
#7196=ORIENTED_EDGE('',*,*,#7195,.T.);
#7198=ORIENTED_EDGE('',*,*,#7197,.F.);
#7200=ORIENTED_EDGE('',*,*,#7199,.T.);
#7201=ORIENTED_EDGE('',*,*,#7174,.F.);
#7202=ORIENTED_EDGE('',*,*,#7163,.T.);
#7204=ORIENTED_EDGE('',*,*,#7203,.T.);
#7205=EDGE_LOOP('',(#7196,#7198,#7200,#7201,#7202,#7204));
#7206=FACE_OUTER_BOUND('',#7205,.F.);
#7207=ADVANCED_FACE('',(#7206),#7194,.T.);
#7208=CARTESIAN_POINT('',(-2.48E0,9.377685839078E-3,1.987348385653E0));
#7209=DIRECTION('',(0.E0,-1.E0,0.E0));
#7210=DIRECTION('',(0.E0,0.E0,-1.E0));
#7211=AXIS2_PLACEMENT_3D('',#7208,#7209,#7210);
#7212=PLANE('',#7211);
#7214=ORIENTED_EDGE('',*,*,#7213,.T.);
#7216=ORIENTED_EDGE('',*,*,#7215,.T.);
#7218=ORIENTED_EDGE('',*,*,#7217,.T.);
#7219=ORIENTED_EDGE('',*,*,#7195,.F.);
#7220=EDGE_LOOP('',(#7214,#7216,#7218,#7219));
#7221=FACE_OUTER_BOUND('',#7220,.F.);
#7222=ADVANCED_FACE('',(#7221),#7212,.F.);
#7223=CARTESIAN_POINT('',(0.E0,0.E0,-1.6E0));
#7224=DIRECTION('',(0.E0,0.E0,1.E0));
#7225=DIRECTION('',(-1.E0,0.E0,0.E0));
#7226=AXIS2_PLACEMENT_3D('',#7223,#7224,#7225);
#7227=PLANE('',#7226);
#7228=ORIENTED_EDGE('',*,*,#7213,.F.);
#7229=ORIENTED_EDGE('',*,*,#7203,.F.);
#7230=ORIENTED_EDGE('',*,*,#7161,.F.);
#7232=ORIENTED_EDGE('',*,*,#7231,.F.);
#7233=EDGE_LOOP('',(#7228,#7229,#7230,#7232));
#7234=FACE_OUTER_BOUND('',#7233,.F.);
#7235=ADVANCED_FACE('',(#7234),#7227,.T.);
#7236=CARTESIAN_POINT('',(-1.415E0,2.E-1,-2.05E0));
#7237=DIRECTION('',(-9.805806756909E-1,-1.961161351382E-1,0.E0));
#7238=DIRECTION('',(1.961161351382E-1,-9.805806756909E-1,0.E0));
#7239=AXIS2_PLACEMENT_3D('',#7236,#7237,#7238);
#7240=PLANE('',#7239);
#7241=ORIENTED_EDGE('',*,*,#7215,.F.);
#7242=ORIENTED_EDGE('',*,*,#7231,.T.);
#7243=ORIENTED_EDGE('',*,*,#7159,.F.);
#7244=ORIENTED_EDGE('',*,*,#7178,.F.);
#7246=ORIENTED_EDGE('',*,*,#7245,.F.);
#7248=ORIENTED_EDGE('',*,*,#7247,.T.);
#7249=EDGE_LOOP('',(#7241,#7242,#7243,#7244,#7246,#7248));
#7250=FACE_OUTER_BOUND('',#7249,.F.);
#7251=ADVANCED_FACE('',(#7250),#7240,.T.);
#7252=CARTESIAN_POINT('',(2.E0,1.65E-1,-1.965E0));
#7253=DIRECTION('',(1.E0,0.E0,0.E0));
#7254=DIRECTION('',(0.E0,0.E0,1.E0));
#7255=AXIS2_PLACEMENT_3D('',#7252,#7253,#7254);
#7256=CYLINDRICAL_SURFACE('',#7255,6.5E-2);
#7258=ORIENTED_EDGE('',*,*,#7257,.F.);
#7259=ORIENTED_EDGE('',*,*,#7245,.T.);
#7260=ORIENTED_EDGE('',*,*,#7176,.T.);
#7261=ORIENTED_EDGE('',*,*,#7199,.F.);
#7262=EDGE_LOOP('',(#7258,#7259,#7260,#7261));
#7263=FACE_OUTER_BOUND('',#7262,.F.);
#7264=ADVANCED_FACE('',(#7263),#7256,.F.);
#7265=CARTESIAN_POINT('',(-2.48E0,9.377685839078E-3,-1.988345460750E0));
#7266=DIRECTION('',(0.E0,0.E0,-1.E0));
#7267=DIRECTION('',(0.E0,1.E0,0.E0));
#7268=AXIS2_PLACEMENT_3D('',#7265,#7266,#7267);
#7269=PLANE('',#7268);
#7270=ORIENTED_EDGE('',*,*,#7197,.T.);
#7271=ORIENTED_EDGE('',*,*,#7217,.F.);
#7272=ORIENTED_EDGE('',*,*,#7247,.F.);
#7273=ORIENTED_EDGE('',*,*,#7257,.T.);
#7274=EDGE_LOOP('',(#7270,#7271,#7272,#7273));
#7275=FACE_OUTER_BOUND('',#7274,.F.);
#7276=ADVANCED_FACE('',(#7275),#7269,.F.);
#7277=CLOSED_SHELL('',(#7167,#7182,#7207,#7222,#7235,#7251,#7264,#7276));
#7278=MANIFOLD_SOLID_BREP('',#7277);
#7279=FILL_AREA_STYLE_COLOUR('',#28);
#7280=FILL_AREA_STYLE('',(#7279));
#7281=SURFACE_STYLE_FILL_AREA(#7280);
#7282=SURFACE_SIDE_STYLE('',(#7281));
#7283=SURFACE_STYLE_USAGE(.POSITIVE.,#7282);
#7284=PRESENTATION_STYLE_ASSIGNMENT((#7283));
#6999=STYLED_ITEM('',(#7284),#7278);
#7286=DIRECTION('',(1.E0,0.E0,0.E0));
#7287=VECTOR('',#7286,2.5E-1);
#7288=CARTESIAN_POINT('',(1.625E0,0.E0,2.E0));
#7289=LINE('',#7288,#7287);
#7290=CURVE_STYLE('',#48,POSITIVE_LENGTH_MEASURE(2.E-2),#28);
#7291=PRESENTATION_STYLE_ASSIGNMENT((#7290));
#7292=STYLED_ITEM('',(#7291),#7289);
#7293=DIRECTION('',(0.E0,0.E0,-1.E0));
#7294=VECTOR('',#7293,4.E-1);
#7295=CARTESIAN_POINT('',(1.625E0,0.E0,2.E0));
#7296=LINE('',#7295,#7294);
#7297=CURVE_STYLE('',#48,POSITIVE_LENGTH_MEASURE(2.E-2),#28);
#7298=PRESENTATION_STYLE_ASSIGNMENT((#7297));
#7299=STYLED_ITEM('',(#7298),#7296);
#7300=DIRECTION('',(-1.E0,0.E0,0.E0));
#7301=VECTOR('',#7300,2.940910976998E-1);
#7302=CARTESIAN_POINT('',(1.897045548850E0,1.102277442495E-1,2.E0));
#7303=LINE('',#7302,#7301);
#7304=CURVE_STYLE('',#48,POSITIVE_LENGTH_MEASURE(2.E-2),#28);
#7305=PRESENTATION_STYLE_ASSIGNMENT((#7304));
#7306=STYLED_ITEM('',(#7305),#7303);
#7307=DIRECTION('',(0.E0,0.E0,1.E0));
#7308=VECTOR('',#7307,3.873483856533E-1);
#7309=CARTESIAN_POINT('',(1.623124462832E0,9.377685839078E-3,1.6E0));
#7310=LINE('',#7309,#7308);
#7311=CURVE_STYLE('',#48,POSITIVE_LENGTH_MEASURE(2.E-2),#28);
#7312=PRESENTATION_STYLE_ASSIGNMENT((#7311));
#7313=STYLED_ITEM('',(#7312),#7310);
#7314=DIRECTION('',(1.961161351382E-1,-9.805806756909E-1,0.E0));
#7315=VECTOR('',#7314,9.645818606637E-2);
#7316=CARTESIAN_POINT('',(1.604207456178E0,1.039627191080E-1,1.987348385653E0));
#7317=LINE('',#7316,#7315);
#7318=CURVE_STYLE('',#48,POSITIVE_LENGTH_MEASURE(2.E-2),#28);
#7319=PRESENTATION_STYLE_ASSIGNMENT((#7318));
#7320=STYLED_ITEM('',(#7319),#7317);
#7321=CARTESIAN_POINT('',(1.604207456178E0,1.039627191080E-1,1.987348385653E0));
#7322=CARTESIAN_POINT('',(1.603881374113E0,1.055931294344E-1,1.991801316375E0));
#7323=CARTESIAN_POINT('',(1.603463394289E0,1.076830285554E-1,1.996017719463E0));
#7324=CARTESIAN_POINT('',(1.602954451150E0,1.102277442495E-1,2.E0));
#7326=CURVE_STYLE('',#48,POSITIVE_LENGTH_MEASURE(2.E-2),#28);
#7327=PRESENTATION_STYLE_ASSIGNMENT((#7326));
#7328=STYLED_ITEM('',(#7327),#7325);
#7329=DIRECTION('',(1.961161351382E-1,-9.805806756909E-1,0.E0));
#7330=VECTOR('',#7329,1.124106837735E-1);
#7331=CARTESIAN_POINT('',(1.602954451150E0,1.102277442495E-1,2.E0));
#7332=LINE('',#7331,#7330);
#7333=CURVE_STYLE('',#48,POSITIVE_LENGTH_MEASURE(2.E-2),#28);
#7334=PRESENTATION_STYLE_ASSIGNMENT((#7333));
#7335=STYLED_ITEM('',(#7334),#7332);
#7336=DIRECTION('',(1.E0,0.E0,0.E0));
#7337=VECTOR('',#7336,2.537510743356E-1);
#7338=CARTESIAN_POINT('',(1.623124462832E0,9.377685839078E-3,1.987348385653E0));
#7339=LINE('',#7338,#7337);
#7340=CURVE_STYLE('',#48,POSITIVE_LENGTH_MEASURE(2.E-2),#28);
#7341=PRESENTATION_STYLE_ASSIGNMENT((#7340));
#7342=STYLED_ITEM('',(#7341),#7339);
#7343=DIRECTION('',(-1.E0,0.E0,0.E0));
#7344=VECTOR('',#7343,2.537510743356E-1);
#7345=CARTESIAN_POINT('',(1.876875537168E0,9.377685839078E-3,1.6E0));
#7346=LINE('',#7345,#7344);
#7347=CURVE_STYLE('',#48,POSITIVE_LENGTH_MEASURE(2.E-2),#28);
#7348=PRESENTATION_STYLE_ASSIGNMENT((#7347));
#7349=STYLED_ITEM('',(#7348),#7346);
#7350=DIRECTION('',(1.961161351382E-1,-9.805806756909E-1,0.E0));
#7351=VECTOR('',#7350,9.563400617160E-3);
#7352=CARTESIAN_POINT('',(1.623124462832E0,9.377685839078E-3,1.6E0));
#7353=LINE('',#7352,#7351);
#7354=CURVE_STYLE('',#48,POSITIVE_LENGTH_MEASURE(2.E-2),#28);
#7355=PRESENTATION_STYLE_ASSIGNMENT((#7354));
#7356=STYLED_ITEM('',(#7355),#7353);
#7357=DIRECTION('',(1.E0,0.E0,0.E0));
#7358=VECTOR('',#7357,2.5E-1);
#7359=CARTESIAN_POINT('',(1.625E0,0.E0,1.6E0));
#7360=LINE('',#7359,#7358);
#7361=CURVE_STYLE('',#48,POSITIVE_LENGTH_MEASURE(2.E-2),#28);
#7362=PRESENTATION_STYLE_ASSIGNMENT((#7361));
#7363=STYLED_ITEM('',(#7362),#7360);
#7364=DIRECTION('',(1.961161351382E-1,9.805806756909E-1,0.E0));
#7365=VECTOR('',#7364,9.563400617160E-3);
#7366=CARTESIAN_POINT('',(1.875E0,0.E0,1.6E0));
#7367=LINE('',#7366,#7365);
#7368=CURVE_STYLE('',#48,POSITIVE_LENGTH_MEASURE(2.E-2),#28);
#7369=PRESENTATION_STYLE_ASSIGNMENT((#7368));
#7370=STYLED_ITEM('',(#7369),#7367);
#7371=DIRECTION('',(0.E0,0.E0,1.E0));
#7372=VECTOR('',#7371,3.873483856533E-1);
#7373=CARTESIAN_POINT('',(1.876875537168E0,9.377685839078E-3,1.6E0));
#7374=LINE('',#7373,#7372);
#7375=CURVE_STYLE('',#48,POSITIVE_LENGTH_MEASURE(2.E-2),#28);
#7376=PRESENTATION_STYLE_ASSIGNMENT((#7375));
#7377=STYLED_ITEM('',(#7376),#7374);
#7378=DIRECTION('',(0.E0,0.E0,-1.E0));
#7379=VECTOR('',#7378,4.E-1);
#7380=CARTESIAN_POINT('',(1.875E0,0.E0,2.E0));
#7381=LINE('',#7380,#7379);
#7382=CURVE_STYLE('',#48,POSITIVE_LENGTH_MEASURE(2.E-2),#28);
#7383=PRESENTATION_STYLE_ASSIGNMENT((#7382));
#7384=STYLED_ITEM('',(#7383),#7381);
#7385=DIRECTION('',(1.961161351382E-1,9.805806756909E-1,0.E0));
#7386=VECTOR('',#7385,1.124106837735E-1);
#7387=CARTESIAN_POINT('',(1.875E0,0.E0,2.E0));
#7388=LINE('',#7387,#7386);
#7389=CURVE_STYLE('',#48,POSITIVE_LENGTH_MEASURE(2.E-2),#28);
#7390=PRESENTATION_STYLE_ASSIGNMENT((#7389));
#7391=STYLED_ITEM('',(#7390),#7388);
#7392=CARTESIAN_POINT('',(1.895792543822E0,1.039627191080E-1,1.987348385653E0));
#7393=CARTESIAN_POINT('',(1.896118625887E0,1.055931294344E-1,1.991801316375E0));
#7394=CARTESIAN_POINT('',(1.896536605711E0,1.076830285554E-1,1.996017719463E0));
#7395=CARTESIAN_POINT('',(1.897045548850E0,1.102277442495E-1,2.E0));
#7397=CURVE_STYLE('',#48,POSITIVE_LENGTH_MEASURE(2.E-2),#28);
#7398=PRESENTATION_STYLE_ASSIGNMENT((#7397));
#7399=STYLED_ITEM('',(#7398),#7396);
#7400=DIRECTION('',(-1.961161351382E-1,-9.805806756909E-1,0.E0));
#7401=VECTOR('',#7400,9.645818606637E-2);
#7402=CARTESIAN_POINT('',(1.895792543822E0,1.039627191080E-1,1.987348385653E0));
#7403=LINE('',#7402,#7401);
#7404=CURVE_STYLE('',#48,POSITIVE_LENGTH_MEASURE(2.E-2),#28);
#7405=PRESENTATION_STYLE_ASSIGNMENT((#7404));
#7406=STYLED_ITEM('',(#7405),#7403);
#7407=DIRECTION('',(-1.E0,0.E0,0.E0));
#7408=VECTOR('',#7407,2.915850876432E-1);
#7409=CARTESIAN_POINT('',(1.895792543822E0,1.039627191080E-1,1.987348385653E0));
#7410=LINE('',#7409,#7408);
#7411=CURVE_STYLE('',#48,POSITIVE_LENGTH_MEASURE(2.E-2),#28);
#7412=PRESENTATION_STYLE_ASSIGNMENT((#7411));
#7413=STYLED_ITEM('',(#7412),#7410);
#7414=CARTESIAN_POINT('',(1.625E0,0.E0,1.6E0));
#7415=CARTESIAN_POINT('',(1.875E0,0.E0,1.6E0));
#7416=VERTEX_POINT('',#7414);
#7417=VERTEX_POINT('',#7415);
#7418=CARTESIAN_POINT('',(1.625E0,0.E0,2.E0));
#7419=CARTESIAN_POINT('',(1.875E0,0.E0,2.E0));
#7420=VERTEX_POINT('',#7418);
#7421=VERTEX_POINT('',#7419);
#7422=CARTESIAN_POINT('',(1.897045548850E0,1.102277442495E-1,2.E0));
#7423=VERTEX_POINT('',#7422);
#7424=CARTESIAN_POINT('',(1.602954451150E0,1.102277442495E-1,2.E0));
#7425=VERTEX_POINT('',#7424);
#7426=CARTESIAN_POINT('',(1.876875537168E0,9.377685839078E-3,1.6E0));
#7427=CARTESIAN_POINT('',(1.623124462832E0,9.377685839078E-3,1.6E0));
#7428=VERTEX_POINT('',#7426);
#7429=VERTEX_POINT('',#7427);
#7430=CARTESIAN_POINT('',(1.876875537168E0,9.377685839078E-3,1.987348385653E0));
#7431=VERTEX_POINT('',#7430);
#7432=CARTESIAN_POINT('',(1.895792543822E0,1.039627191080E-1,1.987348385653E0));
#7433=VERTEX_POINT('',#7432);
#7434=CARTESIAN_POINT('',(1.623124462832E0,9.377685839078E-3,1.987348385653E0));
#7435=VERTEX_POINT('',#7434);
#7436=CARTESIAN_POINT('',(1.604207456178E0,1.039627191080E-1,1.987348385653E0));
#7437=VERTEX_POINT('',#7436);
#7438=CARTESIAN_POINT('',(0.E0,0.E0,0.E0));
#7439=DIRECTION('',(0.E0,1.E0,0.E0));
#7440=DIRECTION('',(1.E0,0.E0,0.E0));
#7441=AXIS2_PLACEMENT_3D('',#7438,#7439,#7440);
#7442=PLANE('',#7441);
#7444=ORIENTED_EDGE('',*,*,#7443,.T.);
#7446=ORIENTED_EDGE('',*,*,#7445,.T.);
#7448=ORIENTED_EDGE('',*,*,#7447,.F.);
#7450=ORIENTED_EDGE('',*,*,#7449,.F.);
#7451=EDGE_LOOP('',(#7444,#7446,#7448,#7450));
#7452=FACE_OUTER_BOUND('',#7451,.F.);
#7453=ADVANCED_FACE('',(#7452),#7442,.F.);
#7454=CARTESIAN_POINT('',(2.5E0,2.E-1,2.E0));
#7455=DIRECTION('',(0.E0,0.E0,-1.E0));
#7456=DIRECTION('',(-1.E0,0.E0,0.E0));
#7457=AXIS2_PLACEMENT_3D('',#7454,#7455,#7456);
#7458=PLANE('',#7457);
#7459=ORIENTED_EDGE('',*,*,#7443,.F.);
#7461=ORIENTED_EDGE('',*,*,#7460,.F.);
#7463=ORIENTED_EDGE('',*,*,#7462,.F.);
#7465=ORIENTED_EDGE('',*,*,#7464,.F.);
#7466=EDGE_LOOP('',(#7459,#7461,#7463,#7465));
#7467=FACE_OUTER_BOUND('',#7466,.F.);
#7468=ADVANCED_FACE('',(#7467),#7458,.F.);
#7469=FILL_AREA_STYLE_COLOUR('',#5277);
#7470=FILL_AREA_STYLE('',(#7469));
#7471=SURFACE_STYLE_FILL_AREA(#7470);
#7472=SURFACE_SIDE_STYLE('',(#7471));
#7473=SURFACE_STYLE_USAGE(.NEGATIVE.,#7472);
#7474=PRESENTATION_STYLE_ASSIGNMENT((#7473));
#7475=OVER_RIDING_STYLED_ITEM('',(#7474),#7468,#7285);
#7476=CARTESIAN_POINT('',(1.585E0,2.E-1,2.05E0));
#7477=DIRECTION('',(9.805806756909E-1,1.961161351382E-1,0.E0));
#7478=DIRECTION('',(1.961161351382E-1,-9.805806756909E-1,0.E0));
#7479=AXIS2_PLACEMENT_3D('',#7476,#7477,#7478);
#7480=PLANE('',#7479);
#7482=ORIENTED_EDGE('',*,*,#7481,.T.);
#7484=ORIENTED_EDGE('',*,*,#7483,.F.);
#7486=ORIENTED_EDGE('',*,*,#7485,.T.);
#7487=ORIENTED_EDGE('',*,*,#7460,.T.);
#7488=ORIENTED_EDGE('',*,*,#7449,.T.);
#7490=ORIENTED_EDGE('',*,*,#7489,.F.);
#7491=EDGE_LOOP('',(#7482,#7484,#7486,#7487,#7488,#7490));
#7492=FACE_OUTER_BOUND('',#7491,.F.);
#7493=ADVANCED_FACE('',(#7492),#7480,.F.);
#7494=CARTESIAN_POINT('',(-2.48E0,9.377685839078E-3,1.987348385653E0));
#7495=DIRECTION('',(0.E0,-1.E0,0.E0));
#7496=DIRECTION('',(0.E0,0.E0,-1.E0));
#7497=AXIS2_PLACEMENT_3D('',#7494,#7495,#7496);
#7498=PLANE('',#7497);
#7500=ORIENTED_EDGE('',*,*,#7499,.F.);
#7502=ORIENTED_EDGE('',*,*,#7501,.T.);
#7504=ORIENTED_EDGE('',*,*,#7503,.F.);
#7505=ORIENTED_EDGE('',*,*,#7481,.F.);
#7506=EDGE_LOOP('',(#7500,#7502,#7504,#7505));
#7507=FACE_OUTER_BOUND('',#7506,.F.);
#7508=ADVANCED_FACE('',(#7507),#7498,.F.);
#7509=CARTESIAN_POINT('',(0.E0,0.E0,1.6E0));
#7510=DIRECTION('',(0.E0,0.E0,1.E0));
#7511=DIRECTION('',(-1.E0,0.E0,0.E0));
#7512=AXIS2_PLACEMENT_3D('',#7509,#7510,#7511);
#7513=PLANE('',#7512);
#7514=ORIENTED_EDGE('',*,*,#7499,.T.);
#7515=ORIENTED_EDGE('',*,*,#7489,.T.);
#7516=ORIENTED_EDGE('',*,*,#7447,.T.);
#7518=ORIENTED_EDGE('',*,*,#7517,.T.);
#7519=EDGE_LOOP('',(#7514,#7515,#7516,#7518));
#7520=FACE_OUTER_BOUND('',#7519,.F.);
#7521=ADVANCED_FACE('',(#7520),#7513,.F.);
#7522=CARTESIAN_POINT('',(1.875E0,0.E0,2.05E0));
#7523=DIRECTION('',(-9.805806756909E-1,1.961161351382E-1,0.E0));
#7524=DIRECTION('',(1.961161351382E-1,9.805806756909E-1,0.E0));
#7525=AXIS2_PLACEMENT_3D('',#7522,#7523,#7524);
#7526=PLANE('',#7525);
#7527=ORIENTED_EDGE('',*,*,#7501,.F.);
#7528=ORIENTED_EDGE('',*,*,#7517,.F.);
#7529=ORIENTED_EDGE('',*,*,#7445,.F.);
#7530=ORIENTED_EDGE('',*,*,#7464,.T.);
#7532=ORIENTED_EDGE('',*,*,#7531,.F.);
#7534=ORIENTED_EDGE('',*,*,#7533,.T.);
#7535=EDGE_LOOP('',(#7527,#7528,#7529,#7530,#7532,#7534));
#7536=FACE_OUTER_BOUND('',#7535,.F.);
#7537=ADVANCED_FACE('',(#7536),#7526,.F.);
#7538=CARTESIAN_POINT('',(2.E0,1.65E-1,1.965E0));
#7539=DIRECTION('',(-1.E0,0.E0,0.E0));
#7540=DIRECTION('',(0.E0,0.E0,-1.E0));
#7541=AXIS2_PLACEMENT_3D('',#7538,#7539,#7540);
#7542=CYLINDRICAL_SURFACE('',#7541,6.5E-2);
#7544=ORIENTED_EDGE('',*,*,#7543,.F.);
#7545=ORIENTED_EDGE('',*,*,#7531,.T.);
#7546=ORIENTED_EDGE('',*,*,#7462,.T.);
#7547=ORIENTED_EDGE('',*,*,#7485,.F.);
#7548=EDGE_LOOP('',(#7544,#7545,#7546,#7547));
#7549=FACE_OUTER_BOUND('',#7548,.F.);
#7550=ADVANCED_FACE('',(#7549),#7542,.F.);
#7551=CARTESIAN_POINT('',(-2.48E0,2.348494776003E-1,1.987348385653E0));
#7552=DIRECTION('',(0.E0,0.E0,1.E0));
#7553=DIRECTION('',(0.E0,-1.E0,0.E0));
#7554=AXIS2_PLACEMENT_3D('',#7551,#7552,#7553);
#7555=PLANE('',#7554);
#7556=ORIENTED_EDGE('',*,*,#7533,.F.);
#7557=ORIENTED_EDGE('',*,*,#7543,.T.);
#7558=ORIENTED_EDGE('',*,*,#7483,.T.);
#7559=ORIENTED_EDGE('',*,*,#7503,.T.);
#7560=EDGE_LOOP('',(#7556,#7557,#7558,#7559));
#7561=FACE_OUTER_BOUND('',#7560,.F.);
#7562=ADVANCED_FACE('',(#7561),#7555,.F.);
#7563=CLOSED_SHELL('',(#7453,#7468,#7493,#7508,#7521,#7537,#7550,#7562));
#7564=MANIFOLD_SOLID_BREP('',#7563);
#7565=FILL_AREA_STYLE_COLOUR('',#28);
#7566=FILL_AREA_STYLE('',(#7565));
#7567=SURFACE_STYLE_FILL_AREA(#7566);
#7568=SURFACE_SIDE_STYLE('',(#7567));
#7569=SURFACE_STYLE_USAGE(.POSITIVE.,#7568);
#7570=PRESENTATION_STYLE_ASSIGNMENT((#7569));
#7285=STYLED_ITEM('',(#7570),#7564);
#7572=DIRECTION('',(1.E0,0.E0,0.E0));
#7573=VECTOR('',#7572,2.5E-1);
#7574=CARTESIAN_POINT('',(1.125E0,0.E0,2.E0));
#7575=LINE('',#7574,#7573);
#7576=CURVE_STYLE('',#48,POSITIVE_LENGTH_MEASURE(2.E-2),#28);
#7577=PRESENTATION_STYLE_ASSIGNMENT((#7576));
#7578=STYLED_ITEM('',(#7577),#7575);
#7579=DIRECTION('',(0.E0,0.E0,-1.E0));
#7580=VECTOR('',#7579,4.E-1);
#7581=CARTESIAN_POINT('',(1.125E0,0.E0,2.E0));
#7582=LINE('',#7581,#7580);
#7583=CURVE_STYLE('',#48,POSITIVE_LENGTH_MEASURE(2.E-2),#28);
#7584=PRESENTATION_STYLE_ASSIGNMENT((#7583));
#7585=STYLED_ITEM('',(#7584),#7582);
#7586=DIRECTION('',(-1.E0,0.E0,0.E0));
#7587=VECTOR('',#7586,2.940910976998E-1);
#7588=CARTESIAN_POINT('',(1.397045548850E0,1.102277442495E-1,2.E0));
#7589=LINE('',#7588,#7587);
#7590=CURVE_STYLE('',#48,POSITIVE_LENGTH_MEASURE(2.E-2),#28);
#7591=PRESENTATION_STYLE_ASSIGNMENT((#7590));
#7592=STYLED_ITEM('',(#7591),#7589);
#7593=DIRECTION('',(0.E0,0.E0,1.E0));
#7594=VECTOR('',#7593,3.873483856533E-1);
#7595=CARTESIAN_POINT('',(1.123124462832E0,9.377685839078E-3,1.6E0));
#7596=LINE('',#7595,#7594);
#7597=CURVE_STYLE('',#48,POSITIVE_LENGTH_MEASURE(2.E-2),#28);
#7598=PRESENTATION_STYLE_ASSIGNMENT((#7597));
#7599=STYLED_ITEM('',(#7598),#7596);
#7600=DIRECTION('',(1.961161351382E-1,-9.805806756909E-1,0.E0));
#7601=VECTOR('',#7600,9.645818606637E-2);
#7602=CARTESIAN_POINT('',(1.104207456178E0,1.039627191080E-1,1.987348385653E0));
#7603=LINE('',#7602,#7601);
#7604=CURVE_STYLE('',#48,POSITIVE_LENGTH_MEASURE(2.E-2),#28);
#7605=PRESENTATION_STYLE_ASSIGNMENT((#7604));
#7606=STYLED_ITEM('',(#7605),#7603);
#7607=CARTESIAN_POINT('',(1.104207456178E0,1.039627191080E-1,1.987348385653E0));
#7608=CARTESIAN_POINT('',(1.103881374113E0,1.055931294344E-1,1.991801316375E0));
#7609=CARTESIAN_POINT('',(1.103463394289E0,1.076830285554E-1,1.996017719463E0));
#7610=CARTESIAN_POINT('',(1.102954451150E0,1.102277442495E-1,2.E0));
#7612=CURVE_STYLE('',#48,POSITIVE_LENGTH_MEASURE(2.E-2),#28);
#7613=PRESENTATION_STYLE_ASSIGNMENT((#7612));
#7614=STYLED_ITEM('',(#7613),#7611);
#7615=DIRECTION('',(1.961161351382E-1,-9.805806756909E-1,0.E0));
#7616=VECTOR('',#7615,1.124106837735E-1);
#7617=CARTESIAN_POINT('',(1.102954451150E0,1.102277442495E-1,2.E0));
#7618=LINE('',#7617,#7616);
#7619=CURVE_STYLE('',#48,POSITIVE_LENGTH_MEASURE(2.E-2),#28);
#7620=PRESENTATION_STYLE_ASSIGNMENT((#7619));
#7621=STYLED_ITEM('',(#7620),#7618);
#7622=DIRECTION('',(1.E0,0.E0,0.E0));
#7623=VECTOR('',#7622,2.537510743356E-1);
#7624=CARTESIAN_POINT('',(1.123124462832E0,9.377685839078E-3,1.987348385653E0));
#7625=LINE('',#7624,#7623);
#7626=CURVE_STYLE('',#48,POSITIVE_LENGTH_MEASURE(2.E-2),#28);
#7627=PRESENTATION_STYLE_ASSIGNMENT((#7626));
#7628=STYLED_ITEM('',(#7627),#7625);
#7629=DIRECTION('',(-1.E0,0.E0,0.E0));
#7630=VECTOR('',#7629,2.537510743356E-1);
#7631=CARTESIAN_POINT('',(1.376875537168E0,9.377685839078E-3,1.6E0));
#7632=LINE('',#7631,#7630);
#7633=CURVE_STYLE('',#48,POSITIVE_LENGTH_MEASURE(2.E-2),#28);
#7634=PRESENTATION_STYLE_ASSIGNMENT((#7633));
#7635=STYLED_ITEM('',(#7634),#7632);
#7636=DIRECTION('',(1.961161351382E-1,-9.805806756909E-1,0.E0));
#7637=VECTOR('',#7636,9.563400617160E-3);
#7638=CARTESIAN_POINT('',(1.123124462832E0,9.377685839078E-3,1.6E0));
#7639=LINE('',#7638,#7637);
#7640=CURVE_STYLE('',#48,POSITIVE_LENGTH_MEASURE(2.E-2),#28);
#7641=PRESENTATION_STYLE_ASSIGNMENT((#7640));
#7642=STYLED_ITEM('',(#7641),#7639);
#7643=DIRECTION('',(1.E0,0.E0,0.E0));
#7644=VECTOR('',#7643,2.5E-1);
#7645=CARTESIAN_POINT('',(1.125E0,0.E0,1.6E0));
#7646=LINE('',#7645,#7644);
#7647=CURVE_STYLE('',#48,POSITIVE_LENGTH_MEASURE(2.E-2),#28);
#7648=PRESENTATION_STYLE_ASSIGNMENT((#7647));
#7649=STYLED_ITEM('',(#7648),#7646);
#7650=DIRECTION('',(1.961161351382E-1,9.805806756909E-1,0.E0));
#7651=VECTOR('',#7650,9.563400617160E-3);
#7652=CARTESIAN_POINT('',(1.375E0,0.E0,1.6E0));
#7653=LINE('',#7652,#7651);
#7654=CURVE_STYLE('',#48,POSITIVE_LENGTH_MEASURE(2.E-2),#28);
#7655=PRESENTATION_STYLE_ASSIGNMENT((#7654));
#7656=STYLED_ITEM('',(#7655),#7653);
#7657=DIRECTION('',(0.E0,0.E0,1.E0));
#7658=VECTOR('',#7657,3.873483856533E-1);
#7659=CARTESIAN_POINT('',(1.376875537168E0,9.377685839078E-3,1.6E0));
#7660=LINE('',#7659,#7658);
#7661=CURVE_STYLE('',#48,POSITIVE_LENGTH_MEASURE(2.E-2),#28);
#7662=PRESENTATION_STYLE_ASSIGNMENT((#7661));
#7663=STYLED_ITEM('',(#7662),#7660);
#7664=DIRECTION('',(0.E0,0.E0,-1.E0));
#7665=VECTOR('',#7664,4.E-1);
#7666=CARTESIAN_POINT('',(1.375E0,0.E0,2.E0));
#7667=LINE('',#7666,#7665);
#7668=CURVE_STYLE('',#48,POSITIVE_LENGTH_MEASURE(2.E-2),#28);
#7669=PRESENTATION_STYLE_ASSIGNMENT((#7668));
#7670=STYLED_ITEM('',(#7669),#7667);
#7671=DIRECTION('',(1.961161351382E-1,9.805806756909E-1,0.E0));
#7672=VECTOR('',#7671,1.124106837735E-1);
#7673=CARTESIAN_POINT('',(1.375E0,0.E0,2.E0));
#7674=LINE('',#7673,#7672);
#7675=CURVE_STYLE('',#48,POSITIVE_LENGTH_MEASURE(2.E-2),#28);
#7676=PRESENTATION_STYLE_ASSIGNMENT((#7675));
#7677=STYLED_ITEM('',(#7676),#7674);
#7678=CARTESIAN_POINT('',(1.395792543822E0,1.039627191080E-1,1.987348385653E0));
#7679=CARTESIAN_POINT('',(1.396118625887E0,1.055931294344E-1,1.991801316375E0));
#7680=CARTESIAN_POINT('',(1.396536605711E0,1.076830285554E-1,1.996017719463E0));
#7681=CARTESIAN_POINT('',(1.397045548850E0,1.102277442495E-1,2.E0));
#7683=CURVE_STYLE('',#48,POSITIVE_LENGTH_MEASURE(2.E-2),#28);
#7684=PRESENTATION_STYLE_ASSIGNMENT((#7683));
#7685=STYLED_ITEM('',(#7684),#7682);
#7686=DIRECTION('',(-1.961161351382E-1,-9.805806756909E-1,0.E0));
#7687=VECTOR('',#7686,9.645818606637E-2);
#7688=CARTESIAN_POINT('',(1.395792543822E0,1.039627191080E-1,1.987348385653E0));
#7689=LINE('',#7688,#7687);
#7690=CURVE_STYLE('',#48,POSITIVE_LENGTH_MEASURE(2.E-2),#28);
#7691=PRESENTATION_STYLE_ASSIGNMENT((#7690));
#7692=STYLED_ITEM('',(#7691),#7689);
#7693=DIRECTION('',(-1.E0,0.E0,0.E0));
#7694=VECTOR('',#7693,2.915850876432E-1);
#7695=CARTESIAN_POINT('',(1.395792543822E0,1.039627191080E-1,1.987348385653E0));
#7696=LINE('',#7695,#7694);
#7697=CURVE_STYLE('',#48,POSITIVE_LENGTH_MEASURE(2.E-2),#28);
#7698=PRESENTATION_STYLE_ASSIGNMENT((#7697));
#7699=STYLED_ITEM('',(#7698),#7696);
#7700=CARTESIAN_POINT('',(1.125E0,0.E0,1.6E0));
#7701=CARTESIAN_POINT('',(1.375E0,0.E0,1.6E0));
#7702=VERTEX_POINT('',#7700);
#7703=VERTEX_POINT('',#7701);
#7704=CARTESIAN_POINT('',(1.125E0,0.E0,2.E0));
#7705=CARTESIAN_POINT('',(1.375E0,0.E0,2.E0));
#7706=VERTEX_POINT('',#7704);
#7707=VERTEX_POINT('',#7705);
#7708=CARTESIAN_POINT('',(1.397045548850E0,1.102277442495E-1,2.E0));
#7709=VERTEX_POINT('',#7708);
#7710=CARTESIAN_POINT('',(1.102954451150E0,1.102277442495E-1,2.E0));
#7711=VERTEX_POINT('',#7710);
#7712=CARTESIAN_POINT('',(1.376875537168E0,9.377685839078E-3,1.6E0));
#7713=CARTESIAN_POINT('',(1.123124462832E0,9.377685839078E-3,1.6E0));
#7714=VERTEX_POINT('',#7712);
#7715=VERTEX_POINT('',#7713);
#7716=CARTESIAN_POINT('',(1.376875537168E0,9.377685839078E-3,1.987348385653E0));
#7717=VERTEX_POINT('',#7716);
#7718=CARTESIAN_POINT('',(1.395792543822E0,1.039627191080E-1,1.987348385653E0));
#7719=VERTEX_POINT('',#7718);
#7720=CARTESIAN_POINT('',(1.123124462832E0,9.377685839078E-3,1.987348385653E0));
#7721=VERTEX_POINT('',#7720);
#7722=CARTESIAN_POINT('',(1.104207456178E0,1.039627191080E-1,1.987348385653E0));
#7723=VERTEX_POINT('',#7722);
#7724=CARTESIAN_POINT('',(0.E0,0.E0,0.E0));
#7725=DIRECTION('',(0.E0,1.E0,0.E0));
#7726=DIRECTION('',(1.E0,0.E0,0.E0));
#7727=AXIS2_PLACEMENT_3D('',#7724,#7725,#7726);
#7728=PLANE('',#7727);
#7730=ORIENTED_EDGE('',*,*,#7729,.T.);
#7732=ORIENTED_EDGE('',*,*,#7731,.T.);
#7734=ORIENTED_EDGE('',*,*,#7733,.F.);
#7736=ORIENTED_EDGE('',*,*,#7735,.F.);
#7737=EDGE_LOOP('',(#7730,#7732,#7734,#7736));
#7738=FACE_OUTER_BOUND('',#7737,.F.);
#7739=ADVANCED_FACE('',(#7738),#7728,.F.);
#7740=CARTESIAN_POINT('',(2.5E0,2.E-1,2.E0));
#7741=DIRECTION('',(0.E0,0.E0,-1.E0));
#7742=DIRECTION('',(-1.E0,0.E0,0.E0));
#7743=AXIS2_PLACEMENT_3D('',#7740,#7741,#7742);
#7744=PLANE('',#7743);
#7745=ORIENTED_EDGE('',*,*,#7729,.F.);
#7747=ORIENTED_EDGE('',*,*,#7746,.F.);
#7749=ORIENTED_EDGE('',*,*,#7748,.F.);
#7751=ORIENTED_EDGE('',*,*,#7750,.F.);
#7752=EDGE_LOOP('',(#7745,#7747,#7749,#7751));
#7753=FACE_OUTER_BOUND('',#7752,.F.);
#7754=ADVANCED_FACE('',(#7753),#7744,.F.);
#7755=FILL_AREA_STYLE_COLOUR('',#5277);
#7756=FILL_AREA_STYLE('',(#7755));
#7757=SURFACE_STYLE_FILL_AREA(#7756);
#7758=SURFACE_SIDE_STYLE('',(#7757));
#7759=SURFACE_STYLE_USAGE(.NEGATIVE.,#7758);
#7760=PRESENTATION_STYLE_ASSIGNMENT((#7759));
#7761=OVER_RIDING_STYLED_ITEM('',(#7760),#7754,#7571);
#7762=CARTESIAN_POINT('',(1.085E0,2.E-1,2.05E0));
#7763=DIRECTION('',(9.805806756909E-1,1.961161351382E-1,0.E0));
#7764=DIRECTION('',(1.961161351382E-1,-9.805806756909E-1,0.E0));
#7765=AXIS2_PLACEMENT_3D('',#7762,#7763,#7764);
#7766=PLANE('',#7765);
#7768=ORIENTED_EDGE('',*,*,#7767,.T.);
#7770=ORIENTED_EDGE('',*,*,#7769,.F.);
#7772=ORIENTED_EDGE('',*,*,#7771,.T.);
#7773=ORIENTED_EDGE('',*,*,#7746,.T.);
#7774=ORIENTED_EDGE('',*,*,#7735,.T.);
#7776=ORIENTED_EDGE('',*,*,#7775,.F.);
#7777=EDGE_LOOP('',(#7768,#7770,#7772,#7773,#7774,#7776));
#7778=FACE_OUTER_BOUND('',#7777,.F.);
#7779=ADVANCED_FACE('',(#7778),#7766,.F.);
#7780=CARTESIAN_POINT('',(-2.48E0,9.377685839078E-3,1.987348385653E0));
#7781=DIRECTION('',(0.E0,-1.E0,0.E0));
#7782=DIRECTION('',(0.E0,0.E0,-1.E0));
#7783=AXIS2_PLACEMENT_3D('',#7780,#7781,#7782);
#7784=PLANE('',#7783);
#7786=ORIENTED_EDGE('',*,*,#7785,.F.);
#7788=ORIENTED_EDGE('',*,*,#7787,.T.);
#7790=ORIENTED_EDGE('',*,*,#7789,.F.);
#7791=ORIENTED_EDGE('',*,*,#7767,.F.);
#7792=EDGE_LOOP('',(#7786,#7788,#7790,#7791));
#7793=FACE_OUTER_BOUND('',#7792,.F.);
#7794=ADVANCED_FACE('',(#7793),#7784,.F.);
#7795=CARTESIAN_POINT('',(0.E0,0.E0,1.6E0));
#7796=DIRECTION('',(0.E0,0.E0,1.E0));
#7797=DIRECTION('',(-1.E0,0.E0,0.E0));
#7798=AXIS2_PLACEMENT_3D('',#7795,#7796,#7797);
#7799=PLANE('',#7798);
#7800=ORIENTED_EDGE('',*,*,#7785,.T.);
#7801=ORIENTED_EDGE('',*,*,#7775,.T.);
#7802=ORIENTED_EDGE('',*,*,#7733,.T.);
#7804=ORIENTED_EDGE('',*,*,#7803,.T.);
#7805=EDGE_LOOP('',(#7800,#7801,#7802,#7804));
#7806=FACE_OUTER_BOUND('',#7805,.F.);
#7807=ADVANCED_FACE('',(#7806),#7799,.F.);
#7808=CARTESIAN_POINT('',(1.375E0,0.E0,2.05E0));
#7809=DIRECTION('',(-9.805806756909E-1,1.961161351382E-1,0.E0));
#7810=DIRECTION('',(1.961161351382E-1,9.805806756909E-1,0.E0));
#7811=AXIS2_PLACEMENT_3D('',#7808,#7809,#7810);
#7812=PLANE('',#7811);
#7813=ORIENTED_EDGE('',*,*,#7787,.F.);
#7814=ORIENTED_EDGE('',*,*,#7803,.F.);
#7815=ORIENTED_EDGE('',*,*,#7731,.F.);
#7816=ORIENTED_EDGE('',*,*,#7750,.T.);
#7818=ORIENTED_EDGE('',*,*,#7817,.F.);
#7820=ORIENTED_EDGE('',*,*,#7819,.T.);
#7821=EDGE_LOOP('',(#7813,#7814,#7815,#7816,#7818,#7820));
#7822=FACE_OUTER_BOUND('',#7821,.F.);
#7823=ADVANCED_FACE('',(#7822),#7812,.F.);
#7824=CARTESIAN_POINT('',(2.E0,1.65E-1,1.965E0));
#7825=DIRECTION('',(-1.E0,0.E0,0.E0));
#7826=DIRECTION('',(0.E0,0.E0,-1.E0));
#7827=AXIS2_PLACEMENT_3D('',#7824,#7825,#7826);
#7828=CYLINDRICAL_SURFACE('',#7827,6.5E-2);
#7830=ORIENTED_EDGE('',*,*,#7829,.F.);
#7831=ORIENTED_EDGE('',*,*,#7817,.T.);
#7832=ORIENTED_EDGE('',*,*,#7748,.T.);
#7833=ORIENTED_EDGE('',*,*,#7771,.F.);
#7834=EDGE_LOOP('',(#7830,#7831,#7832,#7833));
#7835=FACE_OUTER_BOUND('',#7834,.F.);
#7836=ADVANCED_FACE('',(#7835),#7828,.F.);
#7837=CARTESIAN_POINT('',(-2.48E0,2.348494776003E-1,1.987348385653E0));
#7838=DIRECTION('',(0.E0,0.E0,1.E0));
#7839=DIRECTION('',(0.E0,-1.E0,0.E0));
#7840=AXIS2_PLACEMENT_3D('',#7837,#7838,#7839);
#7841=PLANE('',#7840);
#7842=ORIENTED_EDGE('',*,*,#7819,.F.);
#7843=ORIENTED_EDGE('',*,*,#7829,.T.);
#7844=ORIENTED_EDGE('',*,*,#7769,.T.);
#7845=ORIENTED_EDGE('',*,*,#7789,.T.);
#7846=EDGE_LOOP('',(#7842,#7843,#7844,#7845));
#7847=FACE_OUTER_BOUND('',#7846,.F.);
#7848=ADVANCED_FACE('',(#7847),#7841,.F.);
#7849=CLOSED_SHELL('',(#7739,#7754,#7779,#7794,#7807,#7823,#7836,#7848));
#7850=MANIFOLD_SOLID_BREP('',#7849);
#7851=FILL_AREA_STYLE_COLOUR('',#28);
#7852=FILL_AREA_STYLE('',(#7851));
#7853=SURFACE_STYLE_FILL_AREA(#7852);
#7854=SURFACE_SIDE_STYLE('',(#7853));
#7855=SURFACE_STYLE_USAGE(.POSITIVE.,#7854);
#7856=PRESENTATION_STYLE_ASSIGNMENT((#7855));
#7571=STYLED_ITEM('',(#7856),#7850);
#7858=DIRECTION('',(1.E0,0.E0,0.E0));
#7859=VECTOR('',#7858,2.5E-1);
#7860=CARTESIAN_POINT('',(6.25E-1,0.E0,2.E0));
#7861=LINE('',#7860,#7859);
#7862=CURVE_STYLE('',#48,POSITIVE_LENGTH_MEASURE(2.E-2),#28);
#7863=PRESENTATION_STYLE_ASSIGNMENT((#7862));
#7864=STYLED_ITEM('',(#7863),#7861);
#7865=DIRECTION('',(0.E0,0.E0,-1.E0));
#7866=VECTOR('',#7865,4.E-1);
#7867=CARTESIAN_POINT('',(6.25E-1,0.E0,2.E0));
#7868=LINE('',#7867,#7866);
#7869=CURVE_STYLE('',#48,POSITIVE_LENGTH_MEASURE(2.E-2),#28);
#7870=PRESENTATION_STYLE_ASSIGNMENT((#7869));
#7871=STYLED_ITEM('',(#7870),#7868);
#7872=DIRECTION('',(-1.E0,0.E0,0.E0));
#7873=VECTOR('',#7872,2.940910976998E-1);
#7874=CARTESIAN_POINT('',(8.970455488499E-1,1.102277442495E-1,2.E0));
#7875=LINE('',#7874,#7873);
#7876=CURVE_STYLE('',#48,POSITIVE_LENGTH_MEASURE(2.E-2),#28);
#7877=PRESENTATION_STYLE_ASSIGNMENT((#7876));
#7878=STYLED_ITEM('',(#7877),#7875);
#7879=DIRECTION('',(0.E0,0.E0,1.E0));
#7880=VECTOR('',#7879,3.873483856533E-1);
#7881=CARTESIAN_POINT('',(6.231244628322E-1,9.377685839078E-3,1.6E0));
#7882=LINE('',#7881,#7880);
#7883=CURVE_STYLE('',#48,POSITIVE_LENGTH_MEASURE(2.E-2),#28);
#7884=PRESENTATION_STYLE_ASSIGNMENT((#7883));
#7885=STYLED_ITEM('',(#7884),#7882);
#7886=DIRECTION('',(1.961161351382E-1,-9.805806756909E-1,0.E0));
#7887=VECTOR('',#7886,9.645818606637E-2);
#7888=CARTESIAN_POINT('',(6.042074561784E-1,1.039627191080E-1,
1.987348385653E0));
#7889=LINE('',#7888,#7887);
#7890=CURVE_STYLE('',#48,POSITIVE_LENGTH_MEASURE(2.E-2),#28);
#7891=PRESENTATION_STYLE_ASSIGNMENT((#7890));
#7892=STYLED_ITEM('',(#7891),#7889);
#7893=CARTESIAN_POINT('',(6.042074561784E-1,1.039627191080E-1,
1.987348385653E0));
#7894=CARTESIAN_POINT('',(6.038813741131E-1,1.055931294344E-1,
1.991801316375E0));
#7895=CARTESIAN_POINT('',(6.034633942889E-1,1.076830285554E-1,
1.996017719463E0));
#7896=CARTESIAN_POINT('',(6.029544511501E-1,1.102277442495E-1,2.E0));
#7898=CURVE_STYLE('',#48,POSITIVE_LENGTH_MEASURE(2.E-2),#28);
#7899=PRESENTATION_STYLE_ASSIGNMENT((#7898));
#7900=STYLED_ITEM('',(#7899),#7897);
#7901=DIRECTION('',(1.961161351382E-1,-9.805806756909E-1,0.E0));
#7902=VECTOR('',#7901,1.124106837735E-1);
#7903=CARTESIAN_POINT('',(6.029544511501E-1,1.102277442495E-1,2.E0));
#7904=LINE('',#7903,#7902);
#7905=CURVE_STYLE('',#48,POSITIVE_LENGTH_MEASURE(2.E-2),#28);
#7906=PRESENTATION_STYLE_ASSIGNMENT((#7905));
#7907=STYLED_ITEM('',(#7906),#7904);
#7908=DIRECTION('',(1.E0,0.E0,0.E0));
#7909=VECTOR('',#7908,2.537510743356E-1);
#7910=CARTESIAN_POINT('',(6.231244628322E-1,9.377685839078E-3,
1.987348385653E0));
#7911=LINE('',#7910,#7909);
#7912=CURVE_STYLE('',#48,POSITIVE_LENGTH_MEASURE(2.E-2),#28);
#7913=PRESENTATION_STYLE_ASSIGNMENT((#7912));
#7914=STYLED_ITEM('',(#7913),#7911);
#7915=DIRECTION('',(-1.E0,0.E0,0.E0));
#7916=VECTOR('',#7915,2.537510743356E-1);
#7917=CARTESIAN_POINT('',(8.768755371678E-1,9.377685839078E-3,1.6E0));
#7918=LINE('',#7917,#7916);
#7919=CURVE_STYLE('',#48,POSITIVE_LENGTH_MEASURE(2.E-2),#28);
#7920=PRESENTATION_STYLE_ASSIGNMENT((#7919));
#7921=STYLED_ITEM('',(#7920),#7918);
#7922=DIRECTION('',(1.961161351382E-1,-9.805806756909E-1,0.E0));
#7923=VECTOR('',#7922,9.563400617160E-3);
#7924=CARTESIAN_POINT('',(6.231244628322E-1,9.377685839078E-3,1.6E0));
#7925=LINE('',#7924,#7923);
#7926=CURVE_STYLE('',#48,POSITIVE_LENGTH_MEASURE(2.E-2),#28);
#7927=PRESENTATION_STYLE_ASSIGNMENT((#7926));
#7928=STYLED_ITEM('',(#7927),#7925);
#7929=DIRECTION('',(1.E0,0.E0,0.E0));
#7930=VECTOR('',#7929,2.5E-1);
#7931=CARTESIAN_POINT('',(6.25E-1,0.E0,1.6E0));
#7932=LINE('',#7931,#7930);
#7933=CURVE_STYLE('',#48,POSITIVE_LENGTH_MEASURE(2.E-2),#28);
#7934=PRESENTATION_STYLE_ASSIGNMENT((#7933));
#7935=STYLED_ITEM('',(#7934),#7932);
#7936=DIRECTION('',(1.961161351382E-1,9.805806756909E-1,0.E0));
#7937=VECTOR('',#7936,9.563400617160E-3);
#7938=CARTESIAN_POINT('',(8.75E-1,0.E0,1.6E0));
#7939=LINE('',#7938,#7937);
#7940=CURVE_STYLE('',#48,POSITIVE_LENGTH_MEASURE(2.E-2),#28);
#7941=PRESENTATION_STYLE_ASSIGNMENT((#7940));
#7942=STYLED_ITEM('',(#7941),#7939);
#7943=DIRECTION('',(0.E0,0.E0,1.E0));
#7944=VECTOR('',#7943,3.873483856533E-1);
#7945=CARTESIAN_POINT('',(8.768755371678E-1,9.377685839078E-3,1.6E0));
#7946=LINE('',#7945,#7944);
#7947=CURVE_STYLE('',#48,POSITIVE_LENGTH_MEASURE(2.E-2),#28);
#7948=PRESENTATION_STYLE_ASSIGNMENT((#7947));
#7949=STYLED_ITEM('',(#7948),#7946);
#7950=DIRECTION('',(0.E0,0.E0,-1.E0));
#7951=VECTOR('',#7950,4.E-1);
#7952=CARTESIAN_POINT('',(8.75E-1,0.E0,2.E0));
#7953=LINE('',#7952,#7951);
#7954=CURVE_STYLE('',#48,POSITIVE_LENGTH_MEASURE(2.E-2),#28);
#7955=PRESENTATION_STYLE_ASSIGNMENT((#7954));
#7956=STYLED_ITEM('',(#7955),#7953);
#7957=DIRECTION('',(1.961161351382E-1,9.805806756909E-1,0.E0));
#7958=VECTOR('',#7957,1.124106837735E-1);
#7959=CARTESIAN_POINT('',(8.75E-1,0.E0,2.E0));
#7960=LINE('',#7959,#7958);
#7961=CURVE_STYLE('',#48,POSITIVE_LENGTH_MEASURE(2.E-2),#28);
#7962=PRESENTATION_STYLE_ASSIGNMENT((#7961));
#7963=STYLED_ITEM('',(#7962),#7960);
#7964=CARTESIAN_POINT('',(8.957925438216E-1,1.039627191080E-1,
1.987348385653E0));
#7965=CARTESIAN_POINT('',(8.961186258869E-1,1.055931294344E-1,
1.991801316375E0));
#7966=CARTESIAN_POINT('',(8.965366057111E-1,1.076830285554E-1,
1.996017719463E0));
#7967=CARTESIAN_POINT('',(8.970455488499E-1,1.102277442495E-1,2.E0));
#7969=CURVE_STYLE('',#48,POSITIVE_LENGTH_MEASURE(2.E-2),#28);
#7970=PRESENTATION_STYLE_ASSIGNMENT((#7969));
#7971=STYLED_ITEM('',(#7970),#7968);
#7972=DIRECTION('',(-1.961161351382E-1,-9.805806756909E-1,0.E0));
#7973=VECTOR('',#7972,9.645818606637E-2);
#7974=CARTESIAN_POINT('',(8.957925438216E-1,1.039627191080E-1,
1.987348385653E0));
#7975=LINE('',#7974,#7973);
#7976=CURVE_STYLE('',#48,POSITIVE_LENGTH_MEASURE(2.E-2),#28);
#7977=PRESENTATION_STYLE_ASSIGNMENT((#7976));
#7978=STYLED_ITEM('',(#7977),#7975);
#7979=DIRECTION('',(-1.E0,0.E0,0.E0));
#7980=VECTOR('',#7979,2.915850876432E-1);
#7981=CARTESIAN_POINT('',(8.957925438216E-1,1.039627191080E-1,
1.987348385653E0));
#7982=LINE('',#7981,#7980);
#7983=CURVE_STYLE('',#48,POSITIVE_LENGTH_MEASURE(2.E-2),#28);
#7984=PRESENTATION_STYLE_ASSIGNMENT((#7983));
#7985=STYLED_ITEM('',(#7984),#7982);
#7986=CARTESIAN_POINT('',(6.25E-1,0.E0,1.6E0));
#7987=CARTESIAN_POINT('',(8.75E-1,0.E0,1.6E0));
#7988=VERTEX_POINT('',#7986);
#7989=VERTEX_POINT('',#7987);
#7990=CARTESIAN_POINT('',(6.25E-1,0.E0,2.E0));
#7991=CARTESIAN_POINT('',(8.75E-1,0.E0,2.E0));
#7992=VERTEX_POINT('',#7990);
#7993=VERTEX_POINT('',#7991);
#7994=CARTESIAN_POINT('',(8.970455488499E-1,1.102277442495E-1,2.E0));
#7995=VERTEX_POINT('',#7994);
#7996=CARTESIAN_POINT('',(6.029544511501E-1,1.102277442495E-1,2.E0));
#7997=VERTEX_POINT('',#7996);
#7998=CARTESIAN_POINT('',(8.768755371678E-1,9.377685839078E-3,1.6E0));
#7999=CARTESIAN_POINT('',(6.231244628322E-1,9.377685839078E-3,1.6E0));
#8000=VERTEX_POINT('',#7998);
#8001=VERTEX_POINT('',#7999);
#8002=CARTESIAN_POINT('',(8.768755371678E-1,9.377685839078E-3,
1.987348385653E0));
#8003=VERTEX_POINT('',#8002);
#8004=CARTESIAN_POINT('',(8.957925438216E-1,1.039627191080E-1,
1.987348385653E0));
#8005=VERTEX_POINT('',#8004);
#8006=CARTESIAN_POINT('',(6.231244628322E-1,9.377685839078E-3,
1.987348385653E0));
#8007=VERTEX_POINT('',#8006);
#8008=CARTESIAN_POINT('',(6.042074561784E-1,1.039627191080E-1,
1.987348385653E0));
#8009=VERTEX_POINT('',#8008);
#8010=CARTESIAN_POINT('',(0.E0,0.E0,0.E0));
#8011=DIRECTION('',(0.E0,1.E0,0.E0));
#8012=DIRECTION('',(1.E0,0.E0,0.E0));
#8013=AXIS2_PLACEMENT_3D('',#8010,#8011,#8012);
#8014=PLANE('',#8013);
#8016=ORIENTED_EDGE('',*,*,#8015,.T.);
#8018=ORIENTED_EDGE('',*,*,#8017,.T.);
#8020=ORIENTED_EDGE('',*,*,#8019,.F.);
#8022=ORIENTED_EDGE('',*,*,#8021,.F.);
#8023=EDGE_LOOP('',(#8016,#8018,#8020,#8022));
#8024=FACE_OUTER_BOUND('',#8023,.F.);
#8025=ADVANCED_FACE('',(#8024),#8014,.F.);
#8026=CARTESIAN_POINT('',(2.5E0,2.E-1,2.E0));
#8027=DIRECTION('',(0.E0,0.E0,-1.E0));
#8028=DIRECTION('',(-1.E0,0.E0,0.E0));
#8029=AXIS2_PLACEMENT_3D('',#8026,#8027,#8028);
#8030=PLANE('',#8029);
#8031=ORIENTED_EDGE('',*,*,#8015,.F.);
#8033=ORIENTED_EDGE('',*,*,#8032,.F.);
#8035=ORIENTED_EDGE('',*,*,#8034,.F.);
#8037=ORIENTED_EDGE('',*,*,#8036,.F.);
#8038=EDGE_LOOP('',(#8031,#8033,#8035,#8037));
#8039=FACE_OUTER_BOUND('',#8038,.F.);
#8040=ADVANCED_FACE('',(#8039),#8030,.F.);
#8041=FILL_AREA_STYLE_COLOUR('',#5277);
#8042=FILL_AREA_STYLE('',(#8041));
#8043=SURFACE_STYLE_FILL_AREA(#8042);
#8044=SURFACE_SIDE_STYLE('',(#8043));
#8045=SURFACE_STYLE_USAGE(.NEGATIVE.,#8044);
#8046=PRESENTATION_STYLE_ASSIGNMENT((#8045));
#8047=OVER_RIDING_STYLED_ITEM('',(#8046),#8040,#7857);
#8048=CARTESIAN_POINT('',(5.85E-1,2.E-1,2.05E0));
#8049=DIRECTION('',(9.805806756909E-1,1.961161351382E-1,0.E0));
#8050=DIRECTION('',(1.961161351382E-1,-9.805806756909E-1,0.E0));
#8051=AXIS2_PLACEMENT_3D('',#8048,#8049,#8050);
#8052=PLANE('',#8051);
#8054=ORIENTED_EDGE('',*,*,#8053,.T.);
#8056=ORIENTED_EDGE('',*,*,#8055,.F.);
#8058=ORIENTED_EDGE('',*,*,#8057,.T.);
#8059=ORIENTED_EDGE('',*,*,#8032,.T.);
#8060=ORIENTED_EDGE('',*,*,#8021,.T.);
#8062=ORIENTED_EDGE('',*,*,#8061,.F.);
#8063=EDGE_LOOP('',(#8054,#8056,#8058,#8059,#8060,#8062));
#8064=FACE_OUTER_BOUND('',#8063,.F.);
#8065=ADVANCED_FACE('',(#8064),#8052,.F.);
#8066=CARTESIAN_POINT('',(-2.48E0,9.377685839078E-3,1.987348385653E0));
#8067=DIRECTION('',(0.E0,-1.E0,0.E0));
#8068=DIRECTION('',(0.E0,0.E0,-1.E0));
#8069=AXIS2_PLACEMENT_3D('',#8066,#8067,#8068);
#8070=PLANE('',#8069);
#8072=ORIENTED_EDGE('',*,*,#8071,.F.);
#8074=ORIENTED_EDGE('',*,*,#8073,.T.);
#8076=ORIENTED_EDGE('',*,*,#8075,.F.);
#8077=ORIENTED_EDGE('',*,*,#8053,.F.);
#8078=EDGE_LOOP('',(#8072,#8074,#8076,#8077));
#8079=FACE_OUTER_BOUND('',#8078,.F.);
#8080=ADVANCED_FACE('',(#8079),#8070,.F.);
#8081=CARTESIAN_POINT('',(0.E0,0.E0,1.6E0));
#8082=DIRECTION('',(0.E0,0.E0,1.E0));
#8083=DIRECTION('',(-1.E0,0.E0,0.E0));
#8084=AXIS2_PLACEMENT_3D('',#8081,#8082,#8083);
#8085=PLANE('',#8084);
#8086=ORIENTED_EDGE('',*,*,#8071,.T.);
#8087=ORIENTED_EDGE('',*,*,#8061,.T.);
#8088=ORIENTED_EDGE('',*,*,#8019,.T.);
#8090=ORIENTED_EDGE('',*,*,#8089,.T.);
#8091=EDGE_LOOP('',(#8086,#8087,#8088,#8090));
#8092=FACE_OUTER_BOUND('',#8091,.F.);
#8093=ADVANCED_FACE('',(#8092),#8085,.F.);
#8094=CARTESIAN_POINT('',(8.75E-1,0.E0,2.05E0));
#8095=DIRECTION('',(-9.805806756909E-1,1.961161351382E-1,0.E0));
#8096=DIRECTION('',(1.961161351382E-1,9.805806756909E-1,0.E0));
#8097=AXIS2_PLACEMENT_3D('',#8094,#8095,#8096);
#8098=PLANE('',#8097);
#8099=ORIENTED_EDGE('',*,*,#8073,.F.);
#8100=ORIENTED_EDGE('',*,*,#8089,.F.);
#8101=ORIENTED_EDGE('',*,*,#8017,.F.);
#8102=ORIENTED_EDGE('',*,*,#8036,.T.);
#8104=ORIENTED_EDGE('',*,*,#8103,.F.);
#8106=ORIENTED_EDGE('',*,*,#8105,.T.);
#8107=EDGE_LOOP('',(#8099,#8100,#8101,#8102,#8104,#8106));
#8108=FACE_OUTER_BOUND('',#8107,.F.);
#8109=ADVANCED_FACE('',(#8108),#8098,.F.);
#8110=CARTESIAN_POINT('',(2.E0,1.65E-1,1.965E0));
#8111=DIRECTION('',(-1.E0,0.E0,0.E0));
#8112=DIRECTION('',(0.E0,0.E0,-1.E0));
#8113=AXIS2_PLACEMENT_3D('',#8110,#8111,#8112);
#8114=CYLINDRICAL_SURFACE('',#8113,6.5E-2);
#8116=ORIENTED_EDGE('',*,*,#8115,.F.);
#8117=ORIENTED_EDGE('',*,*,#8103,.T.);
#8118=ORIENTED_EDGE('',*,*,#8034,.T.);
#8119=ORIENTED_EDGE('',*,*,#8057,.F.);
#8120=EDGE_LOOP('',(#8116,#8117,#8118,#8119));
#8121=FACE_OUTER_BOUND('',#8120,.F.);
#8122=ADVANCED_FACE('',(#8121),#8114,.F.);
#8123=CARTESIAN_POINT('',(-2.48E0,2.348494776003E-1,1.987348385653E0));
#8124=DIRECTION('',(0.E0,0.E0,1.E0));
#8125=DIRECTION('',(0.E0,-1.E0,0.E0));
#8126=AXIS2_PLACEMENT_3D('',#8123,#8124,#8125);
#8127=PLANE('',#8126);
#8128=ORIENTED_EDGE('',*,*,#8105,.F.);
#8129=ORIENTED_EDGE('',*,*,#8115,.T.);
#8130=ORIENTED_EDGE('',*,*,#8055,.T.);
#8131=ORIENTED_EDGE('',*,*,#8075,.T.);
#8132=EDGE_LOOP('',(#8128,#8129,#8130,#8131));
#8133=FACE_OUTER_BOUND('',#8132,.F.);
#8134=ADVANCED_FACE('',(#8133),#8127,.F.);
#8135=CLOSED_SHELL('',(#8025,#8040,#8065,#8080,#8093,#8109,#8122,#8134));
#8136=MANIFOLD_SOLID_BREP('',#8135);
#8137=FILL_AREA_STYLE_COLOUR('',#28);
#8138=FILL_AREA_STYLE('',(#8137));
#8139=SURFACE_STYLE_FILL_AREA(#8138);
#8140=SURFACE_SIDE_STYLE('',(#8139));
#8141=SURFACE_STYLE_USAGE(.POSITIVE.,#8140);
#8142=PRESENTATION_STYLE_ASSIGNMENT((#8141));
#7857=STYLED_ITEM('',(#8142),#8136);
#8144=DIRECTION('',(1.E0,0.E0,0.E0));
#8145=VECTOR('',#8144,2.5E-1);
#8146=CARTESIAN_POINT('',(1.25E-1,0.E0,2.E0));
#8147=LINE('',#8146,#8145);
#8148=CURVE_STYLE('',#48,POSITIVE_LENGTH_MEASURE(2.E-2),#28);
#8149=PRESENTATION_STYLE_ASSIGNMENT((#8148));
#8150=STYLED_ITEM('',(#8149),#8147);
#8151=DIRECTION('',(0.E0,0.E0,-1.E0));
#8152=VECTOR('',#8151,4.E-1);
#8153=CARTESIAN_POINT('',(1.25E-1,0.E0,2.E0));
#8154=LINE('',#8153,#8152);
#8155=CURVE_STYLE('',#48,POSITIVE_LENGTH_MEASURE(2.E-2),#28);
#8156=PRESENTATION_STYLE_ASSIGNMENT((#8155));
#8157=STYLED_ITEM('',(#8156),#8154);
#8158=DIRECTION('',(-1.E0,0.E0,0.E0));
#8159=VECTOR('',#8158,2.940910976998E-1);
#8160=CARTESIAN_POINT('',(3.970455488499E-1,1.102277442495E-1,2.E0));
#8161=LINE('',#8160,#8159);
#8162=CURVE_STYLE('',#48,POSITIVE_LENGTH_MEASURE(2.E-2),#28);
#8163=PRESENTATION_STYLE_ASSIGNMENT((#8162));
#8164=STYLED_ITEM('',(#8163),#8161);
#8165=DIRECTION('',(0.E0,0.E0,1.E0));
#8166=VECTOR('',#8165,3.873483856533E-1);
#8167=CARTESIAN_POINT('',(1.231244628322E-1,9.377685839078E-3,1.6E0));
#8168=LINE('',#8167,#8166);
#8169=CURVE_STYLE('',#48,POSITIVE_LENGTH_MEASURE(2.E-2),#28);
#8170=PRESENTATION_STYLE_ASSIGNMENT((#8169));
#8171=STYLED_ITEM('',(#8170),#8168);
#8172=DIRECTION('',(1.961161351382E-1,-9.805806756909E-1,0.E0));
#8173=VECTOR('',#8172,9.645818606637E-2);
#8174=CARTESIAN_POINT('',(1.042074561784E-1,1.039627191080E-1,
1.987348385653E0));
#8175=LINE('',#8174,#8173);
#8176=CURVE_STYLE('',#48,POSITIVE_LENGTH_MEASURE(2.E-2),#28);
#8177=PRESENTATION_STYLE_ASSIGNMENT((#8176));
#8178=STYLED_ITEM('',(#8177),#8175);
#8179=CARTESIAN_POINT('',(1.042074561784E-1,1.039627191080E-1,
1.987348385653E0));
#8180=CARTESIAN_POINT('',(1.038813741131E-1,1.055931294344E-1,
1.991801316375E0));
#8181=CARTESIAN_POINT('',(1.034633942889E-1,1.076830285554E-1,
1.996017719463E0));
#8182=CARTESIAN_POINT('',(1.029544511501E-1,1.102277442495E-1,2.E0));
#8184=CURVE_STYLE('',#48,POSITIVE_LENGTH_MEASURE(2.E-2),#28);
#8185=PRESENTATION_STYLE_ASSIGNMENT((#8184));
#8186=STYLED_ITEM('',(#8185),#8183);
#8187=DIRECTION('',(1.961161351382E-1,-9.805806756909E-1,0.E0));
#8188=VECTOR('',#8187,1.124106837735E-1);
#8189=CARTESIAN_POINT('',(1.029544511501E-1,1.102277442495E-1,2.E0));
#8190=LINE('',#8189,#8188);
#8191=CURVE_STYLE('',#48,POSITIVE_LENGTH_MEASURE(2.E-2),#28);
#8192=PRESENTATION_STYLE_ASSIGNMENT((#8191));
#8193=STYLED_ITEM('',(#8192),#8190);
#8194=DIRECTION('',(1.E0,0.E0,0.E0));
#8195=VECTOR('',#8194,2.537510743356E-1);
#8196=CARTESIAN_POINT('',(1.231244628322E-1,9.377685839078E-3,
1.987348385653E0));
#8197=LINE('',#8196,#8195);
#8198=CURVE_STYLE('',#48,POSITIVE_LENGTH_MEASURE(2.E-2),#28);
#8199=PRESENTATION_STYLE_ASSIGNMENT((#8198));
#8200=STYLED_ITEM('',(#8199),#8197);
#8201=DIRECTION('',(-1.E0,0.E0,0.E0));
#8202=VECTOR('',#8201,2.537510743356E-1);
#8203=CARTESIAN_POINT('',(3.768755371678E-1,9.377685839078E-3,1.6E0));
#8204=LINE('',#8203,#8202);
#8205=CURVE_STYLE('',#48,POSITIVE_LENGTH_MEASURE(2.E-2),#28);
#8206=PRESENTATION_STYLE_ASSIGNMENT((#8205));
#8207=STYLED_ITEM('',(#8206),#8204);
#8208=DIRECTION('',(1.961161351382E-1,-9.805806756909E-1,0.E0));
#8209=VECTOR('',#8208,9.563400617160E-3);
#8210=CARTESIAN_POINT('',(1.231244628322E-1,9.377685839078E-3,1.6E0));
#8211=LINE('',#8210,#8209);
#8212=CURVE_STYLE('',#48,POSITIVE_LENGTH_MEASURE(2.E-2),#28);
#8213=PRESENTATION_STYLE_ASSIGNMENT((#8212));
#8214=STYLED_ITEM('',(#8213),#8211);
#8215=DIRECTION('',(1.E0,0.E0,0.E0));
#8216=VECTOR('',#8215,2.5E-1);
#8217=CARTESIAN_POINT('',(1.25E-1,0.E0,1.6E0));
#8218=LINE('',#8217,#8216);
#8219=CURVE_STYLE('',#48,POSITIVE_LENGTH_MEASURE(2.E-2),#28);
#8220=PRESENTATION_STYLE_ASSIGNMENT((#8219));
#8221=STYLED_ITEM('',(#8220),#8218);
#8222=DIRECTION('',(1.961161351382E-1,9.805806756909E-1,0.E0));
#8223=VECTOR('',#8222,9.563400617160E-3);
#8224=CARTESIAN_POINT('',(3.75E-1,0.E0,1.6E0));
#8225=LINE('',#8224,#8223);
#8226=CURVE_STYLE('',#48,POSITIVE_LENGTH_MEASURE(2.E-2),#28);
#8227=PRESENTATION_STYLE_ASSIGNMENT((#8226));
#8228=STYLED_ITEM('',(#8227),#8225);
#8229=DIRECTION('',(0.E0,0.E0,1.E0));
#8230=VECTOR('',#8229,3.873483856533E-1);
#8231=CARTESIAN_POINT('',(3.768755371678E-1,9.377685839078E-3,1.6E0));
#8232=LINE('',#8231,#8230);
#8233=CURVE_STYLE('',#48,POSITIVE_LENGTH_MEASURE(2.E-2),#28);
#8234=PRESENTATION_STYLE_ASSIGNMENT((#8233));
#8235=STYLED_ITEM('',(#8234),#8232);
#8236=DIRECTION('',(0.E0,0.E0,-1.E0));
#8237=VECTOR('',#8236,4.E-1);
#8238=CARTESIAN_POINT('',(3.75E-1,0.E0,2.E0));
#8239=LINE('',#8238,#8237);
#8240=CURVE_STYLE('',#48,POSITIVE_LENGTH_MEASURE(2.E-2),#28);
#8241=PRESENTATION_STYLE_ASSIGNMENT((#8240));
#8242=STYLED_ITEM('',(#8241),#8239);
#8243=DIRECTION('',(1.961161351382E-1,9.805806756909E-1,0.E0));
#8244=VECTOR('',#8243,1.124106837735E-1);
#8245=CARTESIAN_POINT('',(3.75E-1,0.E0,2.E0));
#8246=LINE('',#8245,#8244);
#8247=CURVE_STYLE('',#48,POSITIVE_LENGTH_MEASURE(2.E-2),#28);
#8248=PRESENTATION_STYLE_ASSIGNMENT((#8247));
#8249=STYLED_ITEM('',(#8248),#8246);
#8250=CARTESIAN_POINT('',(3.957925438216E-1,1.039627191080E-1,
1.987348385653E0));
#8251=CARTESIAN_POINT('',(3.961186258869E-1,1.055931294344E-1,
1.991801316375E0));
#8252=CARTESIAN_POINT('',(3.965366057111E-1,1.076830285554E-1,
1.996017719463E0));
#8253=CARTESIAN_POINT('',(3.970455488499E-1,1.102277442495E-1,2.E0));
#8255=CURVE_STYLE('',#48,POSITIVE_LENGTH_MEASURE(2.E-2),#28);
#8256=PRESENTATION_STYLE_ASSIGNMENT((#8255));
#8257=STYLED_ITEM('',(#8256),#8254);
#8258=DIRECTION('',(-1.961161351382E-1,-9.805806756909E-1,0.E0));
#8259=VECTOR('',#8258,9.645818606637E-2);
#8260=CARTESIAN_POINT('',(3.957925438216E-1,1.039627191080E-1,
1.987348385653E0));
#8261=LINE('',#8260,#8259);
#8262=CURVE_STYLE('',#48,POSITIVE_LENGTH_MEASURE(2.E-2),#28);
#8263=PRESENTATION_STYLE_ASSIGNMENT((#8262));
#8264=STYLED_ITEM('',(#8263),#8261);
#8265=DIRECTION('',(-1.E0,0.E0,0.E0));
#8266=VECTOR('',#8265,2.915850876432E-1);
#8267=CARTESIAN_POINT('',(3.957925438216E-1,1.039627191080E-1,
1.987348385653E0));
#8268=LINE('',#8267,#8266);
#8269=CURVE_STYLE('',#48,POSITIVE_LENGTH_MEASURE(2.E-2),#28);
#8270=PRESENTATION_STYLE_ASSIGNMENT((#8269));
#8271=STYLED_ITEM('',(#8270),#8268);
#8272=CARTESIAN_POINT('',(1.25E-1,0.E0,1.6E0));
#8273=CARTESIAN_POINT('',(3.75E-1,0.E0,1.6E0));
#8274=VERTEX_POINT('',#8272);
#8275=VERTEX_POINT('',#8273);
#8276=CARTESIAN_POINT('',(1.25E-1,0.E0,2.E0));
#8277=CARTESIAN_POINT('',(3.75E-1,0.E0,2.E0));
#8278=VERTEX_POINT('',#8276);
#8279=VERTEX_POINT('',#8277);
#8280=CARTESIAN_POINT('',(3.970455488499E-1,1.102277442495E-1,2.E0));
#8281=VERTEX_POINT('',#8280);
#8282=CARTESIAN_POINT('',(1.029544511501E-1,1.102277442495E-1,2.E0));
#8283=VERTEX_POINT('',#8282);
#8284=CARTESIAN_POINT('',(3.768755371678E-1,9.377685839078E-3,1.6E0));
#8285=CARTESIAN_POINT('',(1.231244628322E-1,9.377685839078E-3,1.6E0));
#8286=VERTEX_POINT('',#8284);
#8287=VERTEX_POINT('',#8285);
#8288=CARTESIAN_POINT('',(3.768755371678E-1,9.377685839078E-3,
1.987348385653E0));
#8289=VERTEX_POINT('',#8288);
#8290=CARTESIAN_POINT('',(3.957925438216E-1,1.039627191080E-1,
1.987348385653E0));
#8291=VERTEX_POINT('',#8290);
#8292=CARTESIAN_POINT('',(1.231244628322E-1,9.377685839078E-3,
1.987348385653E0));
#8293=VERTEX_POINT('',#8292);
#8294=CARTESIAN_POINT('',(1.042074561784E-1,1.039627191080E-1,
1.987348385653E0));
#8295=VERTEX_POINT('',#8294);
#8296=CARTESIAN_POINT('',(0.E0,0.E0,0.E0));
#8297=DIRECTION('',(0.E0,1.E0,0.E0));
#8298=DIRECTION('',(1.E0,0.E0,0.E0));
#8299=AXIS2_PLACEMENT_3D('',#8296,#8297,#8298);
#8300=PLANE('',#8299);
#8302=ORIENTED_EDGE('',*,*,#8301,.T.);
#8304=ORIENTED_EDGE('',*,*,#8303,.T.);
#8306=ORIENTED_EDGE('',*,*,#8305,.F.);
#8308=ORIENTED_EDGE('',*,*,#8307,.F.);
#8309=EDGE_LOOP('',(#8302,#8304,#8306,#8308));
#8310=FACE_OUTER_BOUND('',#8309,.F.);
#8311=ADVANCED_FACE('',(#8310),#8300,.F.);
#8312=CARTESIAN_POINT('',(2.5E0,2.E-1,2.E0));
#8313=DIRECTION('',(0.E0,0.E0,-1.E0));
#8314=DIRECTION('',(-1.E0,0.E0,0.E0));
#8315=AXIS2_PLACEMENT_3D('',#8312,#8313,#8314);
#8316=PLANE('',#8315);
#8317=ORIENTED_EDGE('',*,*,#8301,.F.);
#8319=ORIENTED_EDGE('',*,*,#8318,.F.);
#8321=ORIENTED_EDGE('',*,*,#8320,.F.);
#8323=ORIENTED_EDGE('',*,*,#8322,.F.);
#8324=EDGE_LOOP('',(#8317,#8319,#8321,#8323));
#8325=FACE_OUTER_BOUND('',#8324,.F.);
#8326=ADVANCED_FACE('',(#8325),#8316,.F.);
#8327=FILL_AREA_STYLE_COLOUR('',#5277);
#8328=FILL_AREA_STYLE('',(#8327));
#8329=SURFACE_STYLE_FILL_AREA(#8328);
#8330=SURFACE_SIDE_STYLE('',(#8329));
#8331=SURFACE_STYLE_USAGE(.NEGATIVE.,#8330);
#8332=PRESENTATION_STYLE_ASSIGNMENT((#8331));
#8333=OVER_RIDING_STYLED_ITEM('',(#8332),#8326,#8143);
#8334=CARTESIAN_POINT('',(8.5E-2,2.E-1,2.05E0));
#8335=DIRECTION('',(9.805806756909E-1,1.961161351382E-1,0.E0));
#8336=DIRECTION('',(1.961161351382E-1,-9.805806756909E-1,0.E0));
#8337=AXIS2_PLACEMENT_3D('',#8334,#8335,#8336);
#8338=PLANE('',#8337);
#8340=ORIENTED_EDGE('',*,*,#8339,.T.);
#8342=ORIENTED_EDGE('',*,*,#8341,.F.);
#8344=ORIENTED_EDGE('',*,*,#8343,.T.);
#8345=ORIENTED_EDGE('',*,*,#8318,.T.);
#8346=ORIENTED_EDGE('',*,*,#8307,.T.);
#8348=ORIENTED_EDGE('',*,*,#8347,.F.);
#8349=EDGE_LOOP('',(#8340,#8342,#8344,#8345,#8346,#8348));
#8350=FACE_OUTER_BOUND('',#8349,.F.);
#8351=ADVANCED_FACE('',(#8350),#8338,.F.);
#8352=CARTESIAN_POINT('',(-2.48E0,9.377685839078E-3,1.987348385653E0));
#8353=DIRECTION('',(0.E0,-1.E0,0.E0));
#8354=DIRECTION('',(0.E0,0.E0,-1.E0));
#8355=AXIS2_PLACEMENT_3D('',#8352,#8353,#8354);
#8356=PLANE('',#8355);
#8358=ORIENTED_EDGE('',*,*,#8357,.F.);
#8360=ORIENTED_EDGE('',*,*,#8359,.T.);
#8362=ORIENTED_EDGE('',*,*,#8361,.F.);
#8363=ORIENTED_EDGE('',*,*,#8339,.F.);
#8364=EDGE_LOOP('',(#8358,#8360,#8362,#8363));
#8365=FACE_OUTER_BOUND('',#8364,.F.);
#8366=ADVANCED_FACE('',(#8365),#8356,.F.);
#8367=CARTESIAN_POINT('',(0.E0,0.E0,1.6E0));
#8368=DIRECTION('',(0.E0,0.E0,1.E0));
#8369=DIRECTION('',(-1.E0,0.E0,0.E0));
#8370=AXIS2_PLACEMENT_3D('',#8367,#8368,#8369);
#8371=PLANE('',#8370);
#8372=ORIENTED_EDGE('',*,*,#8357,.T.);
#8373=ORIENTED_EDGE('',*,*,#8347,.T.);
#8374=ORIENTED_EDGE('',*,*,#8305,.T.);
#8376=ORIENTED_EDGE('',*,*,#8375,.T.);
#8377=EDGE_LOOP('',(#8372,#8373,#8374,#8376));
#8378=FACE_OUTER_BOUND('',#8377,.F.);
#8379=ADVANCED_FACE('',(#8378),#8371,.F.);
#8380=CARTESIAN_POINT('',(3.75E-1,0.E0,2.05E0));
#8381=DIRECTION('',(-9.805806756909E-1,1.961161351382E-1,0.E0));
#8382=DIRECTION('',(1.961161351382E-1,9.805806756909E-1,0.E0));
#8383=AXIS2_PLACEMENT_3D('',#8380,#8381,#8382);
#8384=PLANE('',#8383);
#8385=ORIENTED_EDGE('',*,*,#8359,.F.);
#8386=ORIENTED_EDGE('',*,*,#8375,.F.);
#8387=ORIENTED_EDGE('',*,*,#8303,.F.);
#8388=ORIENTED_EDGE('',*,*,#8322,.T.);
#8390=ORIENTED_EDGE('',*,*,#8389,.F.);
#8392=ORIENTED_EDGE('',*,*,#8391,.T.);
#8393=EDGE_LOOP('',(#8385,#8386,#8387,#8388,#8390,#8392));
#8394=FACE_OUTER_BOUND('',#8393,.F.);
#8395=ADVANCED_FACE('',(#8394),#8384,.F.);
#8396=CARTESIAN_POINT('',(2.E0,1.65E-1,1.965E0));
#8397=DIRECTION('',(-1.E0,0.E0,0.E0));
#8398=DIRECTION('',(0.E0,0.E0,-1.E0));
#8399=AXIS2_PLACEMENT_3D('',#8396,#8397,#8398);
#8400=CYLINDRICAL_SURFACE('',#8399,6.5E-2);
#8402=ORIENTED_EDGE('',*,*,#8401,.F.);
#8403=ORIENTED_EDGE('',*,*,#8389,.T.);
#8404=ORIENTED_EDGE('',*,*,#8320,.T.);
#8405=ORIENTED_EDGE('',*,*,#8343,.F.);
#8406=EDGE_LOOP('',(#8402,#8403,#8404,#8405));
#8407=FACE_OUTER_BOUND('',#8406,.F.);
#8408=ADVANCED_FACE('',(#8407),#8400,.F.);
#8409=CARTESIAN_POINT('',(-2.48E0,2.348494776003E-1,1.987348385653E0));
#8410=DIRECTION('',(0.E0,0.E0,1.E0));
#8411=DIRECTION('',(0.E0,-1.E0,0.E0));
#8412=AXIS2_PLACEMENT_3D('',#8409,#8410,#8411);
#8413=PLANE('',#8412);
#8414=ORIENTED_EDGE('',*,*,#8391,.F.);
#8415=ORIENTED_EDGE('',*,*,#8401,.T.);
#8416=ORIENTED_EDGE('',*,*,#8341,.T.);
#8417=ORIENTED_EDGE('',*,*,#8361,.T.);
#8418=EDGE_LOOP('',(#8414,#8415,#8416,#8417));
#8419=FACE_OUTER_BOUND('',#8418,.F.);
#8420=ADVANCED_FACE('',(#8419),#8413,.F.);
#8421=CLOSED_SHELL('',(#8311,#8326,#8351,#8366,#8379,#8395,#8408,#8420));
#8422=MANIFOLD_SOLID_BREP('',#8421);
#8423=FILL_AREA_STYLE_COLOUR('',#28);
#8424=FILL_AREA_STYLE('',(#8423));
#8425=SURFACE_STYLE_FILL_AREA(#8424);
#8426=SURFACE_SIDE_STYLE('',(#8425));
#8427=SURFACE_STYLE_USAGE(.POSITIVE.,#8426);
#8428=PRESENTATION_STYLE_ASSIGNMENT((#8427));
#8143=STYLED_ITEM('',(#8428),#8422);
#8430=DIRECTION('',(1.E0,0.E0,0.E0));
#8431=VECTOR('',#8430,2.5E-1);
#8432=CARTESIAN_POINT('',(-3.75E-1,0.E0,2.E0));
#8433=LINE('',#8432,#8431);
#8434=CURVE_STYLE('',#48,POSITIVE_LENGTH_MEASURE(2.E-2),#28);
#8435=PRESENTATION_STYLE_ASSIGNMENT((#8434));
#8436=STYLED_ITEM('',(#8435),#8433);
#8437=DIRECTION('',(0.E0,0.E0,-1.E0));
#8438=VECTOR('',#8437,4.E-1);
#8439=CARTESIAN_POINT('',(-3.75E-1,0.E0,2.E0));
#8440=LINE('',#8439,#8438);
#8441=CURVE_STYLE('',#48,POSITIVE_LENGTH_MEASURE(2.E-2),#28);
#8442=PRESENTATION_STYLE_ASSIGNMENT((#8441));
#8443=STYLED_ITEM('',(#8442),#8440);
#8444=DIRECTION('',(-1.E0,0.E0,0.E0));
#8445=VECTOR('',#8444,2.940910976998E-1);
#8446=CARTESIAN_POINT('',(-1.029544511501E-1,1.102277442495E-1,2.E0));
#8447=LINE('',#8446,#8445);
#8448=CURVE_STYLE('',#48,POSITIVE_LENGTH_MEASURE(2.E-2),#28);
#8449=PRESENTATION_STYLE_ASSIGNMENT((#8448));
#8450=STYLED_ITEM('',(#8449),#8447);
#8451=DIRECTION('',(0.E0,0.E0,1.E0));
#8452=VECTOR('',#8451,3.873483856533E-1);
#8453=CARTESIAN_POINT('',(-3.768755371678E-1,9.377685839078E-3,1.6E0));
#8454=LINE('',#8453,#8452);
#8455=CURVE_STYLE('',#48,POSITIVE_LENGTH_MEASURE(2.E-2),#28);
#8456=PRESENTATION_STYLE_ASSIGNMENT((#8455));
#8457=STYLED_ITEM('',(#8456),#8454);
#8458=DIRECTION('',(1.961161351382E-1,-9.805806756909E-1,0.E0));
#8459=VECTOR('',#8458,9.645818606637E-2);
#8460=CARTESIAN_POINT('',(-3.957925438216E-1,1.039627191080E-1,
1.987348385653E0));
#8461=LINE('',#8460,#8459);
#8462=CURVE_STYLE('',#48,POSITIVE_LENGTH_MEASURE(2.E-2),#28);
#8463=PRESENTATION_STYLE_ASSIGNMENT((#8462));
#8464=STYLED_ITEM('',(#8463),#8461);
#8465=CARTESIAN_POINT('',(-3.957925438216E-1,1.039627191080E-1,
1.987348385653E0));
#8466=CARTESIAN_POINT('',(-3.961186258869E-1,1.055931294344E-1,
1.991801316375E0));
#8467=CARTESIAN_POINT('',(-3.965366057111E-1,1.076830285554E-1,
1.996017719463E0));
#8468=CARTESIAN_POINT('',(-3.970455488499E-1,1.102277442495E-1,2.E0));
#8470=CURVE_STYLE('',#48,POSITIVE_LENGTH_MEASURE(2.E-2),#28);
#8471=PRESENTATION_STYLE_ASSIGNMENT((#8470));
#8472=STYLED_ITEM('',(#8471),#8469);
#8473=DIRECTION('',(1.961161351382E-1,-9.805806756909E-1,0.E0));
#8474=VECTOR('',#8473,1.124106837735E-1);
#8475=CARTESIAN_POINT('',(-3.970455488499E-1,1.102277442495E-1,2.E0));
#8476=LINE('',#8475,#8474);
#8477=CURVE_STYLE('',#48,POSITIVE_LENGTH_MEASURE(2.E-2),#28);
#8478=PRESENTATION_STYLE_ASSIGNMENT((#8477));
#8479=STYLED_ITEM('',(#8478),#8476);
#8480=DIRECTION('',(1.E0,0.E0,0.E0));
#8481=VECTOR('',#8480,2.537510743356E-1);
#8482=CARTESIAN_POINT('',(-3.768755371678E-1,9.377685839078E-3,
1.987348385653E0));
#8483=LINE('',#8482,#8481);
#8484=CURVE_STYLE('',#48,POSITIVE_LENGTH_MEASURE(2.E-2),#28);
#8485=PRESENTATION_STYLE_ASSIGNMENT((#8484));
#8486=STYLED_ITEM('',(#8485),#8483);
#8487=DIRECTION('',(-1.E0,0.E0,0.E0));
#8488=VECTOR('',#8487,2.537510743356E-1);
#8489=CARTESIAN_POINT('',(-1.231244628322E-1,9.377685839078E-3,1.6E0));
#8490=LINE('',#8489,#8488);
#8491=CURVE_STYLE('',#48,POSITIVE_LENGTH_MEASURE(2.E-2),#28);
#8492=PRESENTATION_STYLE_ASSIGNMENT((#8491));
#8493=STYLED_ITEM('',(#8492),#8490);
#8494=DIRECTION('',(1.961161351382E-1,-9.805806756909E-1,0.E0));
#8495=VECTOR('',#8494,9.563400617160E-3);
#8496=CARTESIAN_POINT('',(-3.768755371678E-1,9.377685839078E-3,1.6E0));
#8497=LINE('',#8496,#8495);
#8498=CURVE_STYLE('',#48,POSITIVE_LENGTH_MEASURE(2.E-2),#28);
#8499=PRESENTATION_STYLE_ASSIGNMENT((#8498));
#8500=STYLED_ITEM('',(#8499),#8497);
#8501=DIRECTION('',(1.E0,0.E0,0.E0));
#8502=VECTOR('',#8501,2.5E-1);
#8503=CARTESIAN_POINT('',(-3.75E-1,0.E0,1.6E0));
#8504=LINE('',#8503,#8502);
#8505=CURVE_STYLE('',#48,POSITIVE_LENGTH_MEASURE(2.E-2),#28);
#8506=PRESENTATION_STYLE_ASSIGNMENT((#8505));
#8507=STYLED_ITEM('',(#8506),#8504);
#8508=DIRECTION('',(1.961161351382E-1,9.805806756909E-1,0.E0));
#8509=VECTOR('',#8508,9.563400617160E-3);
#8510=CARTESIAN_POINT('',(-1.25E-1,0.E0,1.6E0));
#8511=LINE('',#8510,#8509);
#8512=CURVE_STYLE('',#48,POSITIVE_LENGTH_MEASURE(2.E-2),#28);
#8513=PRESENTATION_STYLE_ASSIGNMENT((#8512));
#8514=STYLED_ITEM('',(#8513),#8511);
#8515=DIRECTION('',(0.E0,0.E0,1.E0));
#8516=VECTOR('',#8515,3.873483856533E-1);
#8517=CARTESIAN_POINT('',(-1.231244628322E-1,9.377685839078E-3,1.6E0));
#8518=LINE('',#8517,#8516);
#8519=CURVE_STYLE('',#48,POSITIVE_LENGTH_MEASURE(2.E-2),#28);
#8520=PRESENTATION_STYLE_ASSIGNMENT((#8519));
#8521=STYLED_ITEM('',(#8520),#8518);
#8522=DIRECTION('',(0.E0,0.E0,-1.E0));
#8523=VECTOR('',#8522,4.E-1);
#8524=CARTESIAN_POINT('',(-1.25E-1,0.E0,2.E0));
#8525=LINE('',#8524,#8523);
#8526=CURVE_STYLE('',#48,POSITIVE_LENGTH_MEASURE(2.E-2),#28);
#8527=PRESENTATION_STYLE_ASSIGNMENT((#8526));
#8528=STYLED_ITEM('',(#8527),#8525);
#8529=DIRECTION('',(1.961161351382E-1,9.805806756909E-1,0.E0));
#8530=VECTOR('',#8529,1.124106837735E-1);
#8531=CARTESIAN_POINT('',(-1.25E-1,0.E0,2.E0));
#8532=LINE('',#8531,#8530);
#8533=CURVE_STYLE('',#48,POSITIVE_LENGTH_MEASURE(2.E-2),#28);
#8534=PRESENTATION_STYLE_ASSIGNMENT((#8533));
#8535=STYLED_ITEM('',(#8534),#8532);
#8536=CARTESIAN_POINT('',(-1.042074561784E-1,1.039627191080E-1,
1.987348385653E0));
#8537=CARTESIAN_POINT('',(-1.038813741131E-1,1.055931294344E-1,
1.991801316375E0));
#8538=CARTESIAN_POINT('',(-1.034633942889E-1,1.076830285554E-1,
1.996017719463E0));
#8539=CARTESIAN_POINT('',(-1.029544511501E-1,1.102277442495E-1,2.E0));
#8541=CURVE_STYLE('',#48,POSITIVE_LENGTH_MEASURE(2.E-2),#28);
#8542=PRESENTATION_STYLE_ASSIGNMENT((#8541));
#8543=STYLED_ITEM('',(#8542),#8540);
#8544=DIRECTION('',(-1.961161351382E-1,-9.805806756909E-1,0.E0));
#8545=VECTOR('',#8544,9.645818606637E-2);
#8546=CARTESIAN_POINT('',(-1.042074561784E-1,1.039627191080E-1,
1.987348385653E0));
#8547=LINE('',#8546,#8545);
#8548=CURVE_STYLE('',#48,POSITIVE_LENGTH_MEASURE(2.E-2),#28);
#8549=PRESENTATION_STYLE_ASSIGNMENT((#8548));
#8550=STYLED_ITEM('',(#8549),#8547);
#8551=DIRECTION('',(-1.E0,0.E0,0.E0));
#8552=VECTOR('',#8551,2.915850876432E-1);
#8553=CARTESIAN_POINT('',(-1.042074561784E-1,1.039627191080E-1,
1.987348385653E0));
#8554=LINE('',#8553,#8552);
#8555=CURVE_STYLE('',#48,POSITIVE_LENGTH_MEASURE(2.E-2),#28);
#8556=PRESENTATION_STYLE_ASSIGNMENT((#8555));
#8557=STYLED_ITEM('',(#8556),#8554);
#8558=CARTESIAN_POINT('',(-3.75E-1,0.E0,1.6E0));
#8559=CARTESIAN_POINT('',(-1.25E-1,0.E0,1.6E0));
#8560=VERTEX_POINT('',#8558);
#8561=VERTEX_POINT('',#8559);
#8562=CARTESIAN_POINT('',(-3.75E-1,0.E0,2.E0));
#8563=CARTESIAN_POINT('',(-1.25E-1,0.E0,2.E0));
#8564=VERTEX_POINT('',#8562);
#8565=VERTEX_POINT('',#8563);
#8566=CARTESIAN_POINT('',(-1.029544511501E-1,1.102277442495E-1,2.E0));
#8567=VERTEX_POINT('',#8566);
#8568=CARTESIAN_POINT('',(-3.970455488499E-1,1.102277442495E-1,2.E0));
#8569=VERTEX_POINT('',#8568);
#8570=CARTESIAN_POINT('',(-1.231244628322E-1,9.377685839078E-3,1.6E0));
#8571=CARTESIAN_POINT('',(-3.768755371678E-1,9.377685839078E-3,1.6E0));
#8572=VERTEX_POINT('',#8570);
#8573=VERTEX_POINT('',#8571);
#8574=CARTESIAN_POINT('',(-1.231244628322E-1,9.377685839078E-3,
1.987348385653E0));
#8575=VERTEX_POINT('',#8574);
#8576=CARTESIAN_POINT('',(-1.042074561784E-1,1.039627191080E-1,
1.987348385653E0));
#8577=VERTEX_POINT('',#8576);
#8578=CARTESIAN_POINT('',(-3.768755371678E-1,9.377685839078E-3,
1.987348385653E0));
#8579=VERTEX_POINT('',#8578);
#8580=CARTESIAN_POINT('',(-3.957925438216E-1,1.039627191080E-1,
1.987348385653E0));
#8581=VERTEX_POINT('',#8580);
#8582=CARTESIAN_POINT('',(0.E0,0.E0,0.E0));
#8583=DIRECTION('',(0.E0,1.E0,0.E0));
#8584=DIRECTION('',(1.E0,0.E0,0.E0));
#8585=AXIS2_PLACEMENT_3D('',#8582,#8583,#8584);
#8586=PLANE('',#8585);
#8588=ORIENTED_EDGE('',*,*,#8587,.T.);
#8590=ORIENTED_EDGE('',*,*,#8589,.T.);
#8592=ORIENTED_EDGE('',*,*,#8591,.F.);
#8594=ORIENTED_EDGE('',*,*,#8593,.F.);
#8595=EDGE_LOOP('',(#8588,#8590,#8592,#8594));
#8596=FACE_OUTER_BOUND('',#8595,.F.);
#8597=ADVANCED_FACE('',(#8596),#8586,.F.);
#8598=CARTESIAN_POINT('',(2.5E0,2.E-1,2.E0));
#8599=DIRECTION('',(0.E0,0.E0,-1.E0));
#8600=DIRECTION('',(-1.E0,0.E0,0.E0));
#8601=AXIS2_PLACEMENT_3D('',#8598,#8599,#8600);
#8602=PLANE('',#8601);
#8603=ORIENTED_EDGE('',*,*,#8587,.F.);
#8605=ORIENTED_EDGE('',*,*,#8604,.F.);
#8607=ORIENTED_EDGE('',*,*,#8606,.F.);
#8609=ORIENTED_EDGE('',*,*,#8608,.F.);
#8610=EDGE_LOOP('',(#8603,#8605,#8607,#8609));
#8611=FACE_OUTER_BOUND('',#8610,.F.);
#8612=ADVANCED_FACE('',(#8611),#8602,.F.);
#8613=FILL_AREA_STYLE_COLOUR('',#5277);
#8614=FILL_AREA_STYLE('',(#8613));
#8615=SURFACE_STYLE_FILL_AREA(#8614);
#8616=SURFACE_SIDE_STYLE('',(#8615));
#8617=SURFACE_STYLE_USAGE(.NEGATIVE.,#8616);
#8618=PRESENTATION_STYLE_ASSIGNMENT((#8617));
#8619=OVER_RIDING_STYLED_ITEM('',(#8618),#8612,#8429);
#8620=CARTESIAN_POINT('',(-4.15E-1,2.E-1,2.05E0));
#8621=DIRECTION('',(9.805806756909E-1,1.961161351382E-1,0.E0));
#8622=DIRECTION('',(1.961161351382E-1,-9.805806756909E-1,0.E0));
#8623=AXIS2_PLACEMENT_3D('',#8620,#8621,#8622);
#8624=PLANE('',#8623);
#8626=ORIENTED_EDGE('',*,*,#8625,.T.);
#8628=ORIENTED_EDGE('',*,*,#8627,.F.);
#8630=ORIENTED_EDGE('',*,*,#8629,.T.);
#8631=ORIENTED_EDGE('',*,*,#8604,.T.);
#8632=ORIENTED_EDGE('',*,*,#8593,.T.);
#8634=ORIENTED_EDGE('',*,*,#8633,.F.);
#8635=EDGE_LOOP('',(#8626,#8628,#8630,#8631,#8632,#8634));
#8636=FACE_OUTER_BOUND('',#8635,.F.);
#8637=ADVANCED_FACE('',(#8636),#8624,.F.);
#8638=CARTESIAN_POINT('',(-2.48E0,9.377685839078E-3,1.987348385653E0));
#8639=DIRECTION('',(0.E0,-1.E0,0.E0));
#8640=DIRECTION('',(0.E0,0.E0,-1.E0));
#8641=AXIS2_PLACEMENT_3D('',#8638,#8639,#8640);
#8642=PLANE('',#8641);
#8644=ORIENTED_EDGE('',*,*,#8643,.F.);
#8646=ORIENTED_EDGE('',*,*,#8645,.T.);
#8648=ORIENTED_EDGE('',*,*,#8647,.F.);
#8649=ORIENTED_EDGE('',*,*,#8625,.F.);
#8650=EDGE_LOOP('',(#8644,#8646,#8648,#8649));
#8651=FACE_OUTER_BOUND('',#8650,.F.);
#8652=ADVANCED_FACE('',(#8651),#8642,.F.);
#8653=CARTESIAN_POINT('',(0.E0,0.E0,1.6E0));
#8654=DIRECTION('',(0.E0,0.E0,1.E0));
#8655=DIRECTION('',(-1.E0,0.E0,0.E0));
#8656=AXIS2_PLACEMENT_3D('',#8653,#8654,#8655);
#8657=PLANE('',#8656);
#8658=ORIENTED_EDGE('',*,*,#8643,.T.);
#8659=ORIENTED_EDGE('',*,*,#8633,.T.);
#8660=ORIENTED_EDGE('',*,*,#8591,.T.);
#8662=ORIENTED_EDGE('',*,*,#8661,.T.);
#8663=EDGE_LOOP('',(#8658,#8659,#8660,#8662));
#8664=FACE_OUTER_BOUND('',#8663,.F.);
#8665=ADVANCED_FACE('',(#8664),#8657,.F.);
#8666=CARTESIAN_POINT('',(-1.25E-1,0.E0,2.05E0));
#8667=DIRECTION('',(-9.805806756909E-1,1.961161351382E-1,0.E0));
#8668=DIRECTION('',(1.961161351382E-1,9.805806756909E-1,0.E0));
#8669=AXIS2_PLACEMENT_3D('',#8666,#8667,#8668);
#8670=PLANE('',#8669);
#8671=ORIENTED_EDGE('',*,*,#8645,.F.);
#8672=ORIENTED_EDGE('',*,*,#8661,.F.);
#8673=ORIENTED_EDGE('',*,*,#8589,.F.);
#8674=ORIENTED_EDGE('',*,*,#8608,.T.);
#8676=ORIENTED_EDGE('',*,*,#8675,.F.);
#8678=ORIENTED_EDGE('',*,*,#8677,.T.);
#8679=EDGE_LOOP('',(#8671,#8672,#8673,#8674,#8676,#8678));
#8680=FACE_OUTER_BOUND('',#8679,.F.);
#8681=ADVANCED_FACE('',(#8680),#8670,.F.);
#8682=CARTESIAN_POINT('',(2.E0,1.65E-1,1.965E0));
#8683=DIRECTION('',(-1.E0,0.E0,0.E0));
#8684=DIRECTION('',(0.E0,0.E0,-1.E0));
#8685=AXIS2_PLACEMENT_3D('',#8682,#8683,#8684);
#8686=CYLINDRICAL_SURFACE('',#8685,6.5E-2);
#8688=ORIENTED_EDGE('',*,*,#8687,.F.);
#8689=ORIENTED_EDGE('',*,*,#8675,.T.);
#8690=ORIENTED_EDGE('',*,*,#8606,.T.);
#8691=ORIENTED_EDGE('',*,*,#8629,.F.);
#8692=EDGE_LOOP('',(#8688,#8689,#8690,#8691));
#8693=FACE_OUTER_BOUND('',#8692,.F.);
#8694=ADVANCED_FACE('',(#8693),#8686,.F.);
#8695=CARTESIAN_POINT('',(-2.48E0,2.348494776003E-1,1.987348385653E0));
#8696=DIRECTION('',(0.E0,0.E0,1.E0));
#8697=DIRECTION('',(0.E0,-1.E0,0.E0));
#8698=AXIS2_PLACEMENT_3D('',#8695,#8696,#8697);
#8699=PLANE('',#8698);
#8700=ORIENTED_EDGE('',*,*,#8677,.F.);
#8701=ORIENTED_EDGE('',*,*,#8687,.T.);
#8702=ORIENTED_EDGE('',*,*,#8627,.T.);
#8703=ORIENTED_EDGE('',*,*,#8647,.T.);
#8704=EDGE_LOOP('',(#8700,#8701,#8702,#8703));
#8705=FACE_OUTER_BOUND('',#8704,.F.);
#8706=ADVANCED_FACE('',(#8705),#8699,.F.);
#8707=CLOSED_SHELL('',(#8597,#8612,#8637,#8652,#8665,#8681,#8694,#8706));
#8708=MANIFOLD_SOLID_BREP('',#8707);
#8709=FILL_AREA_STYLE_COLOUR('',#28);
#8710=FILL_AREA_STYLE('',(#8709));
#8711=SURFACE_STYLE_FILL_AREA(#8710);
#8712=SURFACE_SIDE_STYLE('',(#8711));
#8713=SURFACE_STYLE_USAGE(.POSITIVE.,#8712);
#8714=PRESENTATION_STYLE_ASSIGNMENT((#8713));
#8429=STYLED_ITEM('',(#8714),#8708);
#8716=DIRECTION('',(1.E0,0.E0,0.E0));
#8717=VECTOR('',#8716,2.5E-1);
#8718=CARTESIAN_POINT('',(-8.75E-1,0.E0,2.E0));
#8719=LINE('',#8718,#8717);
#8720=CURVE_STYLE('',#48,POSITIVE_LENGTH_MEASURE(2.E-2),#28);
#8721=PRESENTATION_STYLE_ASSIGNMENT((#8720));
#8722=STYLED_ITEM('',(#8721),#8719);
#8723=DIRECTION('',(0.E0,0.E0,-1.E0));
#8724=VECTOR('',#8723,4.E-1);
#8725=CARTESIAN_POINT('',(-8.75E-1,0.E0,2.E0));
#8726=LINE('',#8725,#8724);
#8727=CURVE_STYLE('',#48,POSITIVE_LENGTH_MEASURE(2.E-2),#28);
#8728=PRESENTATION_STYLE_ASSIGNMENT((#8727));
#8729=STYLED_ITEM('',(#8728),#8726);
#8730=DIRECTION('',(-1.E0,0.E0,0.E0));
#8731=VECTOR('',#8730,2.940910976998E-1);
#8732=CARTESIAN_POINT('',(-6.029544511501E-1,1.102277442495E-1,2.E0));
#8733=LINE('',#8732,#8731);
#8734=CURVE_STYLE('',#48,POSITIVE_LENGTH_MEASURE(2.E-2),#28);
#8735=PRESENTATION_STYLE_ASSIGNMENT((#8734));
#8736=STYLED_ITEM('',(#8735),#8733);
#8737=DIRECTION('',(0.E0,0.E0,1.E0));
#8738=VECTOR('',#8737,3.873483856533E-1);
#8739=CARTESIAN_POINT('',(-8.768755371678E-1,9.377685839078E-3,1.6E0));
#8740=LINE('',#8739,#8738);
#8741=CURVE_STYLE('',#48,POSITIVE_LENGTH_MEASURE(2.E-2),#28);
#8742=PRESENTATION_STYLE_ASSIGNMENT((#8741));
#8743=STYLED_ITEM('',(#8742),#8740);
#8744=DIRECTION('',(1.961161351382E-1,-9.805806756909E-1,0.E0));
#8745=VECTOR('',#8744,9.645818606637E-2);
#8746=CARTESIAN_POINT('',(-8.957925438216E-1,1.039627191080E-1,
1.987348385653E0));
#8747=LINE('',#8746,#8745);
#8748=CURVE_STYLE('',#48,POSITIVE_LENGTH_MEASURE(2.E-2),#28);
#8749=PRESENTATION_STYLE_ASSIGNMENT((#8748));
#8750=STYLED_ITEM('',(#8749),#8747);
#8751=CARTESIAN_POINT('',(-8.957925438216E-1,1.039627191080E-1,
1.987348385653E0));
#8752=CARTESIAN_POINT('',(-8.961186258869E-1,1.055931294344E-1,
1.991801316375E0));
#8753=CARTESIAN_POINT('',(-8.965366057111E-1,1.076830285554E-1,
1.996017719463E0));
#8754=CARTESIAN_POINT('',(-8.970455488499E-1,1.102277442495E-1,2.E0));
#8756=CURVE_STYLE('',#48,POSITIVE_LENGTH_MEASURE(2.E-2),#28);
#8757=PRESENTATION_STYLE_ASSIGNMENT((#8756));
#8758=STYLED_ITEM('',(#8757),#8755);
#8759=DIRECTION('',(1.961161351382E-1,-9.805806756909E-1,0.E0));
#8760=VECTOR('',#8759,1.124106837735E-1);
#8761=CARTESIAN_POINT('',(-8.970455488499E-1,1.102277442495E-1,2.E0));
#8762=LINE('',#8761,#8760);
#8763=CURVE_STYLE('',#48,POSITIVE_LENGTH_MEASURE(2.E-2),#28);
#8764=PRESENTATION_STYLE_ASSIGNMENT((#8763));
#8765=STYLED_ITEM('',(#8764),#8762);
#8766=DIRECTION('',(1.E0,0.E0,0.E0));
#8767=VECTOR('',#8766,2.537510743356E-1);
#8768=CARTESIAN_POINT('',(-8.768755371678E-1,9.377685839078E-3,
1.987348385653E0));
#8769=LINE('',#8768,#8767);
#8770=CURVE_STYLE('',#48,POSITIVE_LENGTH_MEASURE(2.E-2),#28);
#8771=PRESENTATION_STYLE_ASSIGNMENT((#8770));
#8772=STYLED_ITEM('',(#8771),#8769);
#8773=DIRECTION('',(-1.E0,0.E0,0.E0));
#8774=VECTOR('',#8773,2.537510743356E-1);
#8775=CARTESIAN_POINT('',(-6.231244628322E-1,9.377685839078E-3,1.6E0));
#8776=LINE('',#8775,#8774);
#8777=CURVE_STYLE('',#48,POSITIVE_LENGTH_MEASURE(2.E-2),#28);
#8778=PRESENTATION_STYLE_ASSIGNMENT((#8777));
#8779=STYLED_ITEM('',(#8778),#8776);
#8780=DIRECTION('',(1.961161351382E-1,-9.805806756909E-1,0.E0));
#8781=VECTOR('',#8780,9.563400617160E-3);
#8782=CARTESIAN_POINT('',(-8.768755371678E-1,9.377685839078E-3,1.6E0));
#8783=LINE('',#8782,#8781);
#8784=CURVE_STYLE('',#48,POSITIVE_LENGTH_MEASURE(2.E-2),#28);
#8785=PRESENTATION_STYLE_ASSIGNMENT((#8784));
#8786=STYLED_ITEM('',(#8785),#8783);
#8787=DIRECTION('',(1.E0,0.E0,0.E0));
#8788=VECTOR('',#8787,2.5E-1);
#8789=CARTESIAN_POINT('',(-8.75E-1,0.E0,1.6E0));
#8790=LINE('',#8789,#8788);
#8791=CURVE_STYLE('',#48,POSITIVE_LENGTH_MEASURE(2.E-2),#28);
#8792=PRESENTATION_STYLE_ASSIGNMENT((#8791));
#8793=STYLED_ITEM('',(#8792),#8790);
#8794=DIRECTION('',(1.961161351382E-1,9.805806756909E-1,0.E0));
#8795=VECTOR('',#8794,9.563400617160E-3);
#8796=CARTESIAN_POINT('',(-6.25E-1,0.E0,1.6E0));
#8797=LINE('',#8796,#8795);
#8798=CURVE_STYLE('',#48,POSITIVE_LENGTH_MEASURE(2.E-2),#28);
#8799=PRESENTATION_STYLE_ASSIGNMENT((#8798));
#8800=STYLED_ITEM('',(#8799),#8797);
#8801=DIRECTION('',(0.E0,0.E0,1.E0));
#8802=VECTOR('',#8801,3.873483856533E-1);
#8803=CARTESIAN_POINT('',(-6.231244628322E-1,9.377685839078E-3,1.6E0));
#8804=LINE('',#8803,#8802);
#8805=CURVE_STYLE('',#48,POSITIVE_LENGTH_MEASURE(2.E-2),#28);
#8806=PRESENTATION_STYLE_ASSIGNMENT((#8805));
#8807=STYLED_ITEM('',(#8806),#8804);
#8808=DIRECTION('',(0.E0,0.E0,-1.E0));
#8809=VECTOR('',#8808,4.E-1);
#8810=CARTESIAN_POINT('',(-6.25E-1,0.E0,2.E0));
#8811=LINE('',#8810,#8809);
#8812=CURVE_STYLE('',#48,POSITIVE_LENGTH_MEASURE(2.E-2),#28);
#8813=PRESENTATION_STYLE_ASSIGNMENT((#8812));
#8814=STYLED_ITEM('',(#8813),#8811);
#8815=DIRECTION('',(1.961161351382E-1,9.805806756909E-1,0.E0));
#8816=VECTOR('',#8815,1.124106837735E-1);
#8817=CARTESIAN_POINT('',(-6.25E-1,0.E0,2.E0));
#8818=LINE('',#8817,#8816);
#8819=CURVE_STYLE('',#48,POSITIVE_LENGTH_MEASURE(2.E-2),#28);
#8820=PRESENTATION_STYLE_ASSIGNMENT((#8819));
#8821=STYLED_ITEM('',(#8820),#8818);
#8822=CARTESIAN_POINT('',(-6.042074561784E-1,1.039627191080E-1,
1.987348385653E0));
#8823=CARTESIAN_POINT('',(-6.038813741131E-1,1.055931294344E-1,
1.991801316375E0));
#8824=CARTESIAN_POINT('',(-6.034633942889E-1,1.076830285554E-1,
1.996017719463E0));
#8825=CARTESIAN_POINT('',(-6.029544511501E-1,1.102277442495E-1,2.E0));
#8827=CURVE_STYLE('',#48,POSITIVE_LENGTH_MEASURE(2.E-2),#28);
#8828=PRESENTATION_STYLE_ASSIGNMENT((#8827));
#8829=STYLED_ITEM('',(#8828),#8826);
#8830=DIRECTION('',(-1.961161351382E-1,-9.805806756909E-1,0.E0));
#8831=VECTOR('',#8830,9.645818606637E-2);
#8832=CARTESIAN_POINT('',(-6.042074561784E-1,1.039627191080E-1,
1.987348385653E0));
#8833=LINE('',#8832,#8831);
#8834=CURVE_STYLE('',#48,POSITIVE_LENGTH_MEASURE(2.E-2),#28);
#8835=PRESENTATION_STYLE_ASSIGNMENT((#8834));
#8836=STYLED_ITEM('',(#8835),#8833);
#8837=DIRECTION('',(-1.E0,0.E0,0.E0));
#8838=VECTOR('',#8837,2.915850876432E-1);
#8839=CARTESIAN_POINT('',(-6.042074561784E-1,1.039627191080E-1,
1.987348385653E0));
#8840=LINE('',#8839,#8838);
#8841=CURVE_STYLE('',#48,POSITIVE_LENGTH_MEASURE(2.E-2),#28);
#8842=PRESENTATION_STYLE_ASSIGNMENT((#8841));
#8843=STYLED_ITEM('',(#8842),#8840);
#8844=CARTESIAN_POINT('',(-8.75E-1,0.E0,1.6E0));
#8845=CARTESIAN_POINT('',(-6.25E-1,0.E0,1.6E0));
#8846=VERTEX_POINT('',#8844);
#8847=VERTEX_POINT('',#8845);
#8848=CARTESIAN_POINT('',(-8.75E-1,0.E0,2.E0));
#8849=CARTESIAN_POINT('',(-6.25E-1,0.E0,2.E0));
#8850=VERTEX_POINT('',#8848);
#8851=VERTEX_POINT('',#8849);
#8852=CARTESIAN_POINT('',(-6.029544511501E-1,1.102277442495E-1,2.E0));
#8853=VERTEX_POINT('',#8852);
#8854=CARTESIAN_POINT('',(-8.970455488499E-1,1.102277442495E-1,2.E0));
#8855=VERTEX_POINT('',#8854);
#8856=CARTESIAN_POINT('',(-6.231244628322E-1,9.377685839078E-3,1.6E0));
#8857=CARTESIAN_POINT('',(-8.768755371678E-1,9.377685839078E-3,1.6E0));
#8858=VERTEX_POINT('',#8856);
#8859=VERTEX_POINT('',#8857);
#8860=CARTESIAN_POINT('',(-6.231244628322E-1,9.377685839078E-3,
1.987348385653E0));
#8861=VERTEX_POINT('',#8860);
#8862=CARTESIAN_POINT('',(-6.042074561784E-1,1.039627191080E-1,
1.987348385653E0));
#8863=VERTEX_POINT('',#8862);
#8864=CARTESIAN_POINT('',(-8.768755371678E-1,9.377685839078E-3,
1.987348385653E0));
#8865=VERTEX_POINT('',#8864);
#8866=CARTESIAN_POINT('',(-8.957925438216E-1,1.039627191080E-1,
1.987348385653E0));
#8867=VERTEX_POINT('',#8866);
#8868=CARTESIAN_POINT('',(0.E0,0.E0,0.E0));
#8869=DIRECTION('',(0.E0,1.E0,0.E0));
#8870=DIRECTION('',(1.E0,0.E0,0.E0));
#8871=AXIS2_PLACEMENT_3D('',#8868,#8869,#8870);
#8872=PLANE('',#8871);
#8874=ORIENTED_EDGE('',*,*,#8873,.T.);
#8876=ORIENTED_EDGE('',*,*,#8875,.T.);
#8878=ORIENTED_EDGE('',*,*,#8877,.F.);
#8880=ORIENTED_EDGE('',*,*,#8879,.F.);
#8881=EDGE_LOOP('',(#8874,#8876,#8878,#8880));
#8882=FACE_OUTER_BOUND('',#8881,.F.);
#8883=ADVANCED_FACE('',(#8882),#8872,.F.);
#8884=CARTESIAN_POINT('',(2.5E0,2.E-1,2.E0));
#8885=DIRECTION('',(0.E0,0.E0,-1.E0));
#8886=DIRECTION('',(-1.E0,0.E0,0.E0));
#8887=AXIS2_PLACEMENT_3D('',#8884,#8885,#8886);
#8888=PLANE('',#8887);
#8889=ORIENTED_EDGE('',*,*,#8873,.F.);
#8891=ORIENTED_EDGE('',*,*,#8890,.F.);
#8893=ORIENTED_EDGE('',*,*,#8892,.F.);
#8895=ORIENTED_EDGE('',*,*,#8894,.F.);
#8896=EDGE_LOOP('',(#8889,#8891,#8893,#8895));
#8897=FACE_OUTER_BOUND('',#8896,.F.);
#8898=ADVANCED_FACE('',(#8897),#8888,.F.);
#8899=FILL_AREA_STYLE_COLOUR('',#5277);
#8900=FILL_AREA_STYLE('',(#8899));
#8901=SURFACE_STYLE_FILL_AREA(#8900);
#8902=SURFACE_SIDE_STYLE('',(#8901));
#8903=SURFACE_STYLE_USAGE(.NEGATIVE.,#8902);
#8904=PRESENTATION_STYLE_ASSIGNMENT((#8903));
#8905=OVER_RIDING_STYLED_ITEM('',(#8904),#8898,#8715);
#8906=CARTESIAN_POINT('',(-9.15E-1,2.E-1,2.05E0));
#8907=DIRECTION('',(9.805806756909E-1,1.961161351382E-1,0.E0));
#8908=DIRECTION('',(1.961161351382E-1,-9.805806756909E-1,0.E0));
#8909=AXIS2_PLACEMENT_3D('',#8906,#8907,#8908);
#8910=PLANE('',#8909);
#8912=ORIENTED_EDGE('',*,*,#8911,.T.);
#8914=ORIENTED_EDGE('',*,*,#8913,.F.);
#8916=ORIENTED_EDGE('',*,*,#8915,.T.);
#8917=ORIENTED_EDGE('',*,*,#8890,.T.);
#8918=ORIENTED_EDGE('',*,*,#8879,.T.);
#8920=ORIENTED_EDGE('',*,*,#8919,.F.);
#8921=EDGE_LOOP('',(#8912,#8914,#8916,#8917,#8918,#8920));
#8922=FACE_OUTER_BOUND('',#8921,.F.);
#8923=ADVANCED_FACE('',(#8922),#8910,.F.);
#8924=CARTESIAN_POINT('',(-2.48E0,9.377685839078E-3,1.987348385653E0));
#8925=DIRECTION('',(0.E0,-1.E0,0.E0));
#8926=DIRECTION('',(0.E0,0.E0,-1.E0));
#8927=AXIS2_PLACEMENT_3D('',#8924,#8925,#8926);
#8928=PLANE('',#8927);
#8930=ORIENTED_EDGE('',*,*,#8929,.F.);
#8932=ORIENTED_EDGE('',*,*,#8931,.T.);
#8934=ORIENTED_EDGE('',*,*,#8933,.F.);
#8935=ORIENTED_EDGE('',*,*,#8911,.F.);
#8936=EDGE_LOOP('',(#8930,#8932,#8934,#8935));
#8937=FACE_OUTER_BOUND('',#8936,.F.);
#8938=ADVANCED_FACE('',(#8937),#8928,.F.);
#8939=CARTESIAN_POINT('',(0.E0,0.E0,1.6E0));
#8940=DIRECTION('',(0.E0,0.E0,1.E0));
#8941=DIRECTION('',(-1.E0,0.E0,0.E0));
#8942=AXIS2_PLACEMENT_3D('',#8939,#8940,#8941);
#8943=PLANE('',#8942);
#8944=ORIENTED_EDGE('',*,*,#8929,.T.);
#8945=ORIENTED_EDGE('',*,*,#8919,.T.);
#8946=ORIENTED_EDGE('',*,*,#8877,.T.);
#8948=ORIENTED_EDGE('',*,*,#8947,.T.);
#8949=EDGE_LOOP('',(#8944,#8945,#8946,#8948));
#8950=FACE_OUTER_BOUND('',#8949,.F.);
#8951=ADVANCED_FACE('',(#8950),#8943,.F.);
#8952=CARTESIAN_POINT('',(-6.25E-1,0.E0,2.05E0));
#8953=DIRECTION('',(-9.805806756909E-1,1.961161351382E-1,0.E0));
#8954=DIRECTION('',(1.961161351382E-1,9.805806756909E-1,0.E0));
#8955=AXIS2_PLACEMENT_3D('',#8952,#8953,#8954);
#8956=PLANE('',#8955);
#8957=ORIENTED_EDGE('',*,*,#8931,.F.);
#8958=ORIENTED_EDGE('',*,*,#8947,.F.);
#8959=ORIENTED_EDGE('',*,*,#8875,.F.);
#8960=ORIENTED_EDGE('',*,*,#8894,.T.);
#8962=ORIENTED_EDGE('',*,*,#8961,.F.);
#8964=ORIENTED_EDGE('',*,*,#8963,.T.);
#8965=EDGE_LOOP('',(#8957,#8958,#8959,#8960,#8962,#8964));
#8966=FACE_OUTER_BOUND('',#8965,.F.);
#8967=ADVANCED_FACE('',(#8966),#8956,.F.);
#8968=CARTESIAN_POINT('',(2.E0,1.65E-1,1.965E0));
#8969=DIRECTION('',(-1.E0,0.E0,0.E0));
#8970=DIRECTION('',(0.E0,0.E0,-1.E0));
#8971=AXIS2_PLACEMENT_3D('',#8968,#8969,#8970);
#8972=CYLINDRICAL_SURFACE('',#8971,6.5E-2);
#8974=ORIENTED_EDGE('',*,*,#8973,.F.);
#8975=ORIENTED_EDGE('',*,*,#8961,.T.);
#8976=ORIENTED_EDGE('',*,*,#8892,.T.);
#8977=ORIENTED_EDGE('',*,*,#8915,.F.);
#8978=EDGE_LOOP('',(#8974,#8975,#8976,#8977));
#8979=FACE_OUTER_BOUND('',#8978,.F.);
#8980=ADVANCED_FACE('',(#8979),#8972,.F.);
#8981=CARTESIAN_POINT('',(-2.48E0,2.348494776003E-1,1.987348385653E0));
#8982=DIRECTION('',(0.E0,0.E0,1.E0));
#8983=DIRECTION('',(0.E0,-1.E0,0.E0));
#8984=AXIS2_PLACEMENT_3D('',#8981,#8982,#8983);
#8985=PLANE('',#8984);
#8986=ORIENTED_EDGE('',*,*,#8963,.F.);
#8987=ORIENTED_EDGE('',*,*,#8973,.T.);
#8988=ORIENTED_EDGE('',*,*,#8913,.T.);
#8989=ORIENTED_EDGE('',*,*,#8933,.T.);
#8990=EDGE_LOOP('',(#8986,#8987,#8988,#8989));
#8991=FACE_OUTER_BOUND('',#8990,.F.);
#8992=ADVANCED_FACE('',(#8991),#8985,.F.);
#8993=CLOSED_SHELL('',(#8883,#8898,#8923,#8938,#8951,#8967,#8980,#8992));
#8994=MANIFOLD_SOLID_BREP('',#8993);
#8995=FILL_AREA_STYLE_COLOUR('',#28);
#8996=FILL_AREA_STYLE('',(#8995));
#8997=SURFACE_STYLE_FILL_AREA(#8996);
#8998=SURFACE_SIDE_STYLE('',(#8997));
#8999=SURFACE_STYLE_USAGE(.POSITIVE.,#8998);
#9000=PRESENTATION_STYLE_ASSIGNMENT((#8999));
#8715=STYLED_ITEM('',(#9000),#8994);
#9002=DIRECTION('',(1.E0,0.E0,0.E0));
#9003=VECTOR('',#9002,2.5E-1);
#9004=CARTESIAN_POINT('',(-1.375E0,0.E0,2.E0));
#9005=LINE('',#9004,#9003);
#9006=CURVE_STYLE('',#48,POSITIVE_LENGTH_MEASURE(2.E-2),#28);
#9007=PRESENTATION_STYLE_ASSIGNMENT((#9006));
#9008=STYLED_ITEM('',(#9007),#9005);
#9009=DIRECTION('',(0.E0,0.E0,-1.E0));
#9010=VECTOR('',#9009,4.E-1);
#9011=CARTESIAN_POINT('',(-1.375E0,0.E0,2.E0));
#9012=LINE('',#9011,#9010);
#9013=CURVE_STYLE('',#48,POSITIVE_LENGTH_MEASURE(2.E-2),#28);
#9014=PRESENTATION_STYLE_ASSIGNMENT((#9013));
#9015=STYLED_ITEM('',(#9014),#9012);
#9016=DIRECTION('',(-1.E0,0.E0,0.E0));
#9017=VECTOR('',#9016,2.940910976998E-1);
#9018=CARTESIAN_POINT('',(-1.102954451150E0,1.102277442495E-1,2.E0));
#9019=LINE('',#9018,#9017);
#9020=CURVE_STYLE('',#48,POSITIVE_LENGTH_MEASURE(2.E-2),#28);
#9021=PRESENTATION_STYLE_ASSIGNMENT((#9020));
#9022=STYLED_ITEM('',(#9021),#9019);
#9023=DIRECTION('',(0.E0,0.E0,1.E0));
#9024=VECTOR('',#9023,3.873483856533E-1);
#9025=CARTESIAN_POINT('',(-1.376875537168E0,9.377685839078E-3,1.6E0));
#9026=LINE('',#9025,#9024);
#9027=CURVE_STYLE('',#48,POSITIVE_LENGTH_MEASURE(2.E-2),#28);
#9028=PRESENTATION_STYLE_ASSIGNMENT((#9027));
#9029=STYLED_ITEM('',(#9028),#9026);
#9030=DIRECTION('',(1.961161351382E-1,-9.805806756909E-1,0.E0));
#9031=VECTOR('',#9030,9.645818606637E-2);
#9032=CARTESIAN_POINT('',(-1.395792543822E0,1.039627191080E-1,
1.987348385653E0));
#9033=LINE('',#9032,#9031);
#9034=CURVE_STYLE('',#48,POSITIVE_LENGTH_MEASURE(2.E-2),#28);
#9035=PRESENTATION_STYLE_ASSIGNMENT((#9034));
#9036=STYLED_ITEM('',(#9035),#9033);
#9037=CARTESIAN_POINT('',(-1.395792543822E0,1.039627191080E-1,
1.987348385653E0));
#9038=CARTESIAN_POINT('',(-1.396118625887E0,1.055931294344E-1,
1.991801316375E0));
#9039=CARTESIAN_POINT('',(-1.396536605711E0,1.076830285554E-1,
1.996017719463E0));
#9040=CARTESIAN_POINT('',(-1.397045548850E0,1.102277442495E-1,2.E0));
#9042=CURVE_STYLE('',#48,POSITIVE_LENGTH_MEASURE(2.E-2),#28);
#9043=PRESENTATION_STYLE_ASSIGNMENT((#9042));
#9044=STYLED_ITEM('',(#9043),#9041);
#9045=DIRECTION('',(1.961161351382E-1,-9.805806756909E-1,0.E0));
#9046=VECTOR('',#9045,1.124106837735E-1);
#9047=CARTESIAN_POINT('',(-1.397045548850E0,1.102277442495E-1,2.E0));
#9048=LINE('',#9047,#9046);
#9049=CURVE_STYLE('',#48,POSITIVE_LENGTH_MEASURE(2.E-2),#28);
#9050=PRESENTATION_STYLE_ASSIGNMENT((#9049));
#9051=STYLED_ITEM('',(#9050),#9048);
#9052=DIRECTION('',(1.E0,0.E0,0.E0));
#9053=VECTOR('',#9052,2.537510743356E-1);
#9054=CARTESIAN_POINT('',(-1.376875537168E0,9.377685839078E-3,
1.987348385653E0));
#9055=LINE('',#9054,#9053);
#9056=CURVE_STYLE('',#48,POSITIVE_LENGTH_MEASURE(2.E-2),#28);
#9057=PRESENTATION_STYLE_ASSIGNMENT((#9056));
#9058=STYLED_ITEM('',(#9057),#9055);
#9059=DIRECTION('',(-1.E0,0.E0,0.E0));
#9060=VECTOR('',#9059,2.537510743356E-1);
#9061=CARTESIAN_POINT('',(-1.123124462832E0,9.377685839078E-3,1.6E0));
#9062=LINE('',#9061,#9060);
#9063=CURVE_STYLE('',#48,POSITIVE_LENGTH_MEASURE(2.E-2),#28);
#9064=PRESENTATION_STYLE_ASSIGNMENT((#9063));
#9065=STYLED_ITEM('',(#9064),#9062);
#9066=DIRECTION('',(1.961161351382E-1,-9.805806756909E-1,0.E0));
#9067=VECTOR('',#9066,9.563400617160E-3);
#9068=CARTESIAN_POINT('',(-1.376875537168E0,9.377685839078E-3,1.6E0));
#9069=LINE('',#9068,#9067);
#9070=CURVE_STYLE('',#48,POSITIVE_LENGTH_MEASURE(2.E-2),#28);
#9071=PRESENTATION_STYLE_ASSIGNMENT((#9070));
#9072=STYLED_ITEM('',(#9071),#9069);
#9073=DIRECTION('',(1.E0,0.E0,0.E0));
#9074=VECTOR('',#9073,2.5E-1);
#9075=CARTESIAN_POINT('',(-1.375E0,0.E0,1.6E0));
#9076=LINE('',#9075,#9074);
#9077=CURVE_STYLE('',#48,POSITIVE_LENGTH_MEASURE(2.E-2),#28);
#9078=PRESENTATION_STYLE_ASSIGNMENT((#9077));
#9079=STYLED_ITEM('',(#9078),#9076);
#9080=DIRECTION('',(1.961161351382E-1,9.805806756909E-1,0.E0));
#9081=VECTOR('',#9080,9.563400617160E-3);
#9082=CARTESIAN_POINT('',(-1.125E0,0.E0,1.6E0));
#9083=LINE('',#9082,#9081);
#9084=CURVE_STYLE('',#48,POSITIVE_LENGTH_MEASURE(2.E-2),#28);
#9085=PRESENTATION_STYLE_ASSIGNMENT((#9084));
#9086=STYLED_ITEM('',(#9085),#9083);
#9087=DIRECTION('',(0.E0,0.E0,1.E0));
#9088=VECTOR('',#9087,3.873483856533E-1);
#9089=CARTESIAN_POINT('',(-1.123124462832E0,9.377685839078E-3,1.6E0));
#9090=LINE('',#9089,#9088);
#9091=CURVE_STYLE('',#48,POSITIVE_LENGTH_MEASURE(2.E-2),#28);
#9092=PRESENTATION_STYLE_ASSIGNMENT((#9091));
#9093=STYLED_ITEM('',(#9092),#9090);
#9094=DIRECTION('',(0.E0,0.E0,-1.E0));
#9095=VECTOR('',#9094,4.E-1);
#9096=CARTESIAN_POINT('',(-1.125E0,0.E0,2.E0));
#9097=LINE('',#9096,#9095);
#9098=CURVE_STYLE('',#48,POSITIVE_LENGTH_MEASURE(2.E-2),#28);
#9099=PRESENTATION_STYLE_ASSIGNMENT((#9098));
#9100=STYLED_ITEM('',(#9099),#9097);
#9101=DIRECTION('',(1.961161351382E-1,9.805806756909E-1,0.E0));
#9102=VECTOR('',#9101,1.124106837735E-1);
#9103=CARTESIAN_POINT('',(-1.125E0,0.E0,2.E0));
#9104=LINE('',#9103,#9102);
#9105=CURVE_STYLE('',#48,POSITIVE_LENGTH_MEASURE(2.E-2),#28);
#9106=PRESENTATION_STYLE_ASSIGNMENT((#9105));
#9107=STYLED_ITEM('',(#9106),#9104);
#9108=CARTESIAN_POINT('',(-1.104207456178E0,1.039627191080E-1,
1.987348385653E0));
#9109=CARTESIAN_POINT('',(-1.103881374113E0,1.055931294344E-1,
1.991801316375E0));
#9110=CARTESIAN_POINT('',(-1.103463394289E0,1.076830285554E-1,
1.996017719463E0));
#9111=CARTESIAN_POINT('',(-1.102954451150E0,1.102277442495E-1,2.E0));
#9113=CURVE_STYLE('',#48,POSITIVE_LENGTH_MEASURE(2.E-2),#28);
#9114=PRESENTATION_STYLE_ASSIGNMENT((#9113));
#9115=STYLED_ITEM('',(#9114),#9112);
#9116=DIRECTION('',(-1.961161351382E-1,-9.805806756909E-1,0.E0));
#9117=VECTOR('',#9116,9.645818606637E-2);
#9118=CARTESIAN_POINT('',(-1.104207456178E0,1.039627191080E-1,
1.987348385653E0));
#9119=LINE('',#9118,#9117);
#9120=CURVE_STYLE('',#48,POSITIVE_LENGTH_MEASURE(2.E-2),#28);
#9121=PRESENTATION_STYLE_ASSIGNMENT((#9120));
#9122=STYLED_ITEM('',(#9121),#9119);
#9123=DIRECTION('',(-1.E0,0.E0,0.E0));
#9124=VECTOR('',#9123,2.915850876432E-1);
#9125=CARTESIAN_POINT('',(-1.104207456178E0,1.039627191080E-1,
1.987348385653E0));
#9126=LINE('',#9125,#9124);
#9127=CURVE_STYLE('',#48,POSITIVE_LENGTH_MEASURE(2.E-2),#28);
#9128=PRESENTATION_STYLE_ASSIGNMENT((#9127));
#9129=STYLED_ITEM('',(#9128),#9126);
#9130=CARTESIAN_POINT('',(-1.375E0,0.E0,1.6E0));
#9131=CARTESIAN_POINT('',(-1.125E0,0.E0,1.6E0));
#9132=VERTEX_POINT('',#9130);
#9133=VERTEX_POINT('',#9131);
#9134=CARTESIAN_POINT('',(-1.375E0,0.E0,2.E0));
#9135=CARTESIAN_POINT('',(-1.125E0,0.E0,2.E0));
#9136=VERTEX_POINT('',#9134);
#9137=VERTEX_POINT('',#9135);
#9138=CARTESIAN_POINT('',(-1.102954451150E0,1.102277442495E-1,2.E0));
#9139=VERTEX_POINT('',#9138);
#9140=CARTESIAN_POINT('',(-1.397045548850E0,1.102277442495E-1,2.E0));
#9141=VERTEX_POINT('',#9140);
#9142=CARTESIAN_POINT('',(-1.123124462832E0,9.377685839078E-3,1.6E0));
#9143=CARTESIAN_POINT('',(-1.376875537168E0,9.377685839078E-3,1.6E0));
#9144=VERTEX_POINT('',#9142);
#9145=VERTEX_POINT('',#9143);
#9146=CARTESIAN_POINT('',(-1.123124462832E0,9.377685839078E-3,
1.987348385653E0));
#9147=VERTEX_POINT('',#9146);
#9148=CARTESIAN_POINT('',(-1.104207456178E0,1.039627191080E-1,
1.987348385653E0));
#9149=VERTEX_POINT('',#9148);
#9150=CARTESIAN_POINT('',(-1.376875537168E0,9.377685839078E-3,
1.987348385653E0));
#9151=VERTEX_POINT('',#9150);
#9152=CARTESIAN_POINT('',(-1.395792543822E0,1.039627191080E-1,
1.987348385653E0));
#9153=VERTEX_POINT('',#9152);
#9154=CARTESIAN_POINT('',(0.E0,0.E0,0.E0));
#9155=DIRECTION('',(0.E0,1.E0,0.E0));
#9156=DIRECTION('',(1.E0,0.E0,0.E0));
#9157=AXIS2_PLACEMENT_3D('',#9154,#9155,#9156);
#9158=PLANE('',#9157);
#9160=ORIENTED_EDGE('',*,*,#9159,.T.);
#9162=ORIENTED_EDGE('',*,*,#9161,.T.);
#9164=ORIENTED_EDGE('',*,*,#9163,.F.);
#9166=ORIENTED_EDGE('',*,*,#9165,.F.);
#9167=EDGE_LOOP('',(#9160,#9162,#9164,#9166));
#9168=FACE_OUTER_BOUND('',#9167,.F.);
#9169=ADVANCED_FACE('',(#9168),#9158,.F.);
#9170=CARTESIAN_POINT('',(2.5E0,2.E-1,2.E0));
#9171=DIRECTION('',(0.E0,0.E0,-1.E0));
#9172=DIRECTION('',(-1.E0,0.E0,0.E0));
#9173=AXIS2_PLACEMENT_3D('',#9170,#9171,#9172);
#9174=PLANE('',#9173);
#9175=ORIENTED_EDGE('',*,*,#9159,.F.);
#9177=ORIENTED_EDGE('',*,*,#9176,.F.);
#9179=ORIENTED_EDGE('',*,*,#9178,.F.);
#9181=ORIENTED_EDGE('',*,*,#9180,.F.);
#9182=EDGE_LOOP('',(#9175,#9177,#9179,#9181));
#9183=FACE_OUTER_BOUND('',#9182,.F.);
#9184=ADVANCED_FACE('',(#9183),#9174,.F.);
#9185=FILL_AREA_STYLE_COLOUR('',#5277);
#9186=FILL_AREA_STYLE('',(#9185));
#9187=SURFACE_STYLE_FILL_AREA(#9186);
#9188=SURFACE_SIDE_STYLE('',(#9187));
#9189=SURFACE_STYLE_USAGE(.NEGATIVE.,#9188);
#9190=PRESENTATION_STYLE_ASSIGNMENT((#9189));
#9191=OVER_RIDING_STYLED_ITEM('',(#9190),#9184,#9001);
#9192=CARTESIAN_POINT('',(-1.415E0,2.E-1,2.05E0));
#9193=DIRECTION('',(9.805806756909E-1,1.961161351382E-1,0.E0));
#9194=DIRECTION('',(1.961161351382E-1,-9.805806756909E-1,0.E0));
#9195=AXIS2_PLACEMENT_3D('',#9192,#9193,#9194);
#9196=PLANE('',#9195);
#9198=ORIENTED_EDGE('',*,*,#9197,.T.);
#9200=ORIENTED_EDGE('',*,*,#9199,.F.);
#9202=ORIENTED_EDGE('',*,*,#9201,.T.);
#9203=ORIENTED_EDGE('',*,*,#9176,.T.);
#9204=ORIENTED_EDGE('',*,*,#9165,.T.);
#9206=ORIENTED_EDGE('',*,*,#9205,.F.);
#9207=EDGE_LOOP('',(#9198,#9200,#9202,#9203,#9204,#9206));
#9208=FACE_OUTER_BOUND('',#9207,.F.);
#9209=ADVANCED_FACE('',(#9208),#9196,.F.);
#9210=CARTESIAN_POINT('',(-2.48E0,9.377685839078E-3,1.987348385653E0));
#9211=DIRECTION('',(0.E0,-1.E0,0.E0));
#9212=DIRECTION('',(0.E0,0.E0,-1.E0));
#9213=AXIS2_PLACEMENT_3D('',#9210,#9211,#9212);
#9214=PLANE('',#9213);
#9216=ORIENTED_EDGE('',*,*,#9215,.F.);
#9218=ORIENTED_EDGE('',*,*,#9217,.T.);
#9220=ORIENTED_EDGE('',*,*,#9219,.F.);
#9221=ORIENTED_EDGE('',*,*,#9197,.F.);
#9222=EDGE_LOOP('',(#9216,#9218,#9220,#9221));
#9223=FACE_OUTER_BOUND('',#9222,.F.);
#9224=ADVANCED_FACE('',(#9223),#9214,.F.);
#9225=CARTESIAN_POINT('',(0.E0,0.E0,1.6E0));
#9226=DIRECTION('',(0.E0,0.E0,1.E0));
#9227=DIRECTION('',(-1.E0,0.E0,0.E0));
#9228=AXIS2_PLACEMENT_3D('',#9225,#9226,#9227);
#9229=PLANE('',#9228);
#9230=ORIENTED_EDGE('',*,*,#9215,.T.);
#9231=ORIENTED_EDGE('',*,*,#9205,.T.);
#9232=ORIENTED_EDGE('',*,*,#9163,.T.);
#9234=ORIENTED_EDGE('',*,*,#9233,.T.);
#9235=EDGE_LOOP('',(#9230,#9231,#9232,#9234));
#9236=FACE_OUTER_BOUND('',#9235,.F.);
#9237=ADVANCED_FACE('',(#9236),#9229,.F.);
#9238=CARTESIAN_POINT('',(-1.125E0,0.E0,2.05E0));
#9239=DIRECTION('',(-9.805806756909E-1,1.961161351382E-1,0.E0));
#9240=DIRECTION('',(1.961161351382E-1,9.805806756909E-1,0.E0));
#9241=AXIS2_PLACEMENT_3D('',#9238,#9239,#9240);
#9242=PLANE('',#9241);
#9243=ORIENTED_EDGE('',*,*,#9217,.F.);
#9244=ORIENTED_EDGE('',*,*,#9233,.F.);
#9245=ORIENTED_EDGE('',*,*,#9161,.F.);
#9246=ORIENTED_EDGE('',*,*,#9180,.T.);
#9248=ORIENTED_EDGE('',*,*,#9247,.F.);
#9250=ORIENTED_EDGE('',*,*,#9249,.T.);
#9251=EDGE_LOOP('',(#9243,#9244,#9245,#9246,#9248,#9250));
#9252=FACE_OUTER_BOUND('',#9251,.F.);
#9253=ADVANCED_FACE('',(#9252),#9242,.F.);
#9254=CARTESIAN_POINT('',(2.E0,1.65E-1,1.965E0));
#9255=DIRECTION('',(-1.E0,0.E0,0.E0));
#9256=DIRECTION('',(0.E0,0.E0,-1.E0));
#9257=AXIS2_PLACEMENT_3D('',#9254,#9255,#9256);
#9258=CYLINDRICAL_SURFACE('',#9257,6.5E-2);
#9260=ORIENTED_EDGE('',*,*,#9259,.F.);
#9261=ORIENTED_EDGE('',*,*,#9247,.T.);
#9262=ORIENTED_EDGE('',*,*,#9178,.T.);
#9263=ORIENTED_EDGE('',*,*,#9201,.F.);
#9264=EDGE_LOOP('',(#9260,#9261,#9262,#9263));
#9265=FACE_OUTER_BOUND('',#9264,.F.);
#9266=ADVANCED_FACE('',(#9265),#9258,.F.);
#9267=CARTESIAN_POINT('',(-2.48E0,2.348494776003E-1,1.987348385653E0));
#9268=DIRECTION('',(0.E0,0.E0,1.E0));
#9269=DIRECTION('',(0.E0,-1.E0,0.E0));
#9270=AXIS2_PLACEMENT_3D('',#9267,#9268,#9269);
#9271=PLANE('',#9270);
#9272=ORIENTED_EDGE('',*,*,#9249,.F.);
#9273=ORIENTED_EDGE('',*,*,#9259,.T.);
#9274=ORIENTED_EDGE('',*,*,#9199,.T.);
#9275=ORIENTED_EDGE('',*,*,#9219,.T.);
#9276=EDGE_LOOP('',(#9272,#9273,#9274,#9275));
#9277=FACE_OUTER_BOUND('',#9276,.F.);
#9278=ADVANCED_FACE('',(#9277),#9271,.F.);
#9279=CLOSED_SHELL('',(#9169,#9184,#9209,#9224,#9237,#9253,#9266,#9278));
#9280=MANIFOLD_SOLID_BREP('',#9279);
#9281=FILL_AREA_STYLE_COLOUR('',#28);
#9282=FILL_AREA_STYLE('',(#9281));
#9283=SURFACE_STYLE_FILL_AREA(#9282);
#9284=SURFACE_SIDE_STYLE('',(#9283));
#9285=SURFACE_STYLE_USAGE(.POSITIVE.,#9284);
#9286=PRESENTATION_STYLE_ASSIGNMENT((#9285));
#9001=STYLED_ITEM('',(#9286),#9280);
#9288=DIRECTION('',(1.E0,0.E0,0.E0));
#9289=VECTOR('',#9288,2.5E-1);
#9290=CARTESIAN_POINT('',(-1.875E0,0.E0,-2.E0));
#9291=LINE('',#9290,#9289);
#9292=CURVE_STYLE('',#48,POSITIVE_LENGTH_MEASURE(2.E-2),#28);
#9293=PRESENTATION_STYLE_ASSIGNMENT((#9292));
#9294=STYLED_ITEM('',(#9293),#9291);
#9295=DIRECTION('',(0.E0,0.E0,1.E0));
#9296=VECTOR('',#9295,4.E-1);
#9297=CARTESIAN_POINT('',(-1.875E0,0.E0,-2.E0));
#9298=LINE('',#9297,#9296);
#9299=CURVE_STYLE('',#48,POSITIVE_LENGTH_MEASURE(2.E-2),#28);
#9300=PRESENTATION_STYLE_ASSIGNMENT((#9299));
#9301=STYLED_ITEM('',(#9300),#9298);
#9302=DIRECTION('',(1.E0,0.E0,0.E0));
#9303=VECTOR('',#9302,2.940910976998E-1);
#9304=CARTESIAN_POINT('',(-1.897045548850E0,1.102277442495E-1,-2.E0));
#9305=LINE('',#9304,#9303);
#9306=CURVE_STYLE('',#48,POSITIVE_LENGTH_MEASURE(2.E-2),#28);
#9307=PRESENTATION_STYLE_ASSIGNMENT((#9306));
#9308=STYLED_ITEM('',(#9307),#9305);
#9309=DIRECTION('',(0.E0,0.E0,-1.E0));
#9310=VECTOR('',#9309,3.883454607504E-1);
#9311=CARTESIAN_POINT('',(-1.623124462832E0,9.377685839078E-3,-1.6E0));
#9312=LINE('',#9311,#9310);
#9313=CURVE_STYLE('',#48,POSITIVE_LENGTH_MEASURE(2.E-2),#28);
#9314=PRESENTATION_STYLE_ASSIGNMENT((#9313));
#9315=STYLED_ITEM('',(#9314),#9312);
#9316=DIRECTION('',(-1.961161351382E-1,-9.805806756909E-1,0.E0));
#9317=VECTOR('',#9316,9.683996413214E-2);
#9318=CARTESIAN_POINT('',(-1.604132583340E0,1.043370833017E-1,
-1.988345460750E0));
#9319=LINE('',#9318,#9317);
#9320=CURVE_STYLE('',#48,POSITIVE_LENGTH_MEASURE(2.E-2),#28);
#9321=PRESENTATION_STYLE_ASSIGNMENT((#9320));
#9322=STYLED_ITEM('',(#9321),#9319);
#9323=CARTESIAN_POINT('',(-1.604132583340E0,1.043370833017E-1,
-1.988345460750E0));
#9324=CARTESIAN_POINT('',(-1.603817814409E0,1.059109279550E-1,
-1.992435078348E0));
#9325=CARTESIAN_POINT('',(-1.603424855274E0,1.078757236304E-1,
-1.996319272146E0));
#9326=CARTESIAN_POINT('',(-1.602954451150E0,1.102277442495E-1,-2.E0));
#9328=CURVE_STYLE('',#48,POSITIVE_LENGTH_MEASURE(2.E-2),#28);
#9329=PRESENTATION_STYLE_ASSIGNMENT((#9328));
#9330=STYLED_ITEM('',(#9329),#9327);
#9331=DIRECTION('',(1.961161351382E-1,9.805806756909E-1,0.E0));
#9332=VECTOR('',#9331,1.124106837735E-1);
#9333=CARTESIAN_POINT('',(-1.625E0,0.E0,-2.E0));
#9334=LINE('',#9333,#9332);
#9335=CURVE_STYLE('',#48,POSITIVE_LENGTH_MEASURE(2.E-2),#28);
#9336=PRESENTATION_STYLE_ASSIGNMENT((#9335));
#9337=STYLED_ITEM('',(#9336),#9334);
#9338=DIRECTION('',(0.E0,0.E0,1.E0));
#9339=VECTOR('',#9338,4.E-1);
#9340=CARTESIAN_POINT('',(-1.625E0,0.E0,-2.E0));
#9341=LINE('',#9340,#9339);
#9342=CURVE_STYLE('',#48,POSITIVE_LENGTH_MEASURE(2.E-2),#28);
#9343=PRESENTATION_STYLE_ASSIGNMENT((#9342));
#9344=STYLED_ITEM('',(#9343),#9341);
#9345=DIRECTION('',(-1.E0,0.E0,0.E0));
#9346=VECTOR('',#9345,2.537510743356E-1);
#9347=CARTESIAN_POINT('',(-1.623124462832E0,9.377685839078E-3,-1.6E0));
#9348=LINE('',#9347,#9346);
#9349=CURVE_STYLE('',#48,POSITIVE_LENGTH_MEASURE(2.E-2),#28);
#9350=PRESENTATION_STYLE_ASSIGNMENT((#9349));
#9351=STYLED_ITEM('',(#9350),#9348);
#9352=DIRECTION('',(1.961161351382E-1,9.805806756909E-1,2.321816410437E-14));
#9353=VECTOR('',#9352,9.563400617160E-3);
#9354=CARTESIAN_POINT('',(-1.625E0,0.E0,-1.6E0));
#9355=LINE('',#9354,#9353);
#9356=CURVE_STYLE('',#48,POSITIVE_LENGTH_MEASURE(2.E-2),#28);
#9357=PRESENTATION_STYLE_ASSIGNMENT((#9356));
#9358=STYLED_ITEM('',(#9357),#9355);
#9359=DIRECTION('',(1.E0,0.E0,0.E0));
#9360=VECTOR('',#9359,2.5E-1);
#9361=CARTESIAN_POINT('',(-1.875E0,0.E0,-1.6E0));
#9362=LINE('',#9361,#9360);
#9363=CURVE_STYLE('',#48,POSITIVE_LENGTH_MEASURE(2.E-2),#28);
#9364=PRESENTATION_STYLE_ASSIGNMENT((#9363));
#9365=STYLED_ITEM('',(#9364),#9362);
#9366=DIRECTION('',(1.961161351382E-1,-9.805806756909E-1,-2.321816410437E-14));
#9367=VECTOR('',#9366,9.563400617160E-3);
#9368=CARTESIAN_POINT('',(-1.876875537168E0,9.377685839078E-3,-1.6E0));
#9369=LINE('',#9368,#9367);
#9370=CURVE_STYLE('',#48,POSITIVE_LENGTH_MEASURE(2.E-2),#28);
#9371=PRESENTATION_STYLE_ASSIGNMENT((#9370));
#9372=STYLED_ITEM('',(#9371),#9369);
#9373=DIRECTION('',(0.E0,0.E0,-1.E0));
#9374=VECTOR('',#9373,3.883454607504E-1);
#9375=CARTESIAN_POINT('',(-1.876875537168E0,9.377685839078E-3,-1.6E0));
#9376=LINE('',#9375,#9374);
#9377=CURVE_STYLE('',#48,POSITIVE_LENGTH_MEASURE(2.E-2),#28);
#9378=PRESENTATION_STYLE_ASSIGNMENT((#9377));
#9379=STYLED_ITEM('',(#9378),#9376);
#9380=DIRECTION('',(1.961161351382E-1,-9.805806756909E-1,0.E0));
#9381=VECTOR('',#9380,1.124106837735E-1);
#9382=CARTESIAN_POINT('',(-1.897045548850E0,1.102277442495E-1,-2.E0));
#9383=LINE('',#9382,#9381);
#9384=CURVE_STYLE('',#48,POSITIVE_LENGTH_MEASURE(2.E-2),#28);
#9385=PRESENTATION_STYLE_ASSIGNMENT((#9384));
#9386=STYLED_ITEM('',(#9385),#9383);
#9387=CARTESIAN_POINT('',(-1.895867416660E0,1.043370833017E-1,
-1.988345460750E0));
#9388=CARTESIAN_POINT('',(-1.896182185591E0,1.059109279550E-1,
-1.992435078348E0));
#9389=CARTESIAN_POINT('',(-1.896575144726E0,1.078757236304E-1,
-1.996319272146E0));
#9390=CARTESIAN_POINT('',(-1.897045548850E0,1.102277442495E-1,-2.E0));
#9392=CURVE_STYLE('',#48,POSITIVE_LENGTH_MEASURE(2.E-2),#28);
#9393=PRESENTATION_STYLE_ASSIGNMENT((#9392));
#9394=STYLED_ITEM('',(#9393),#9391);
#9395=DIRECTION('',(1.961161351382E-1,-9.805806756909E-1,0.E0));
#9396=VECTOR('',#9395,9.683996413214E-2);
#9397=CARTESIAN_POINT('',(-1.895867416660E0,1.043370833017E-1,
-1.988345460750E0));
#9398=LINE('',#9397,#9396);
#9399=CURVE_STYLE('',#48,POSITIVE_LENGTH_MEASURE(2.E-2),#28);
#9400=PRESENTATION_STYLE_ASSIGNMENT((#9399));
#9401=STYLED_ITEM('',(#9400),#9398);
#9402=DIRECTION('',(1.E0,0.E0,0.E0));
#9403=VECTOR('',#9402,2.917348333207E-1);
#9404=CARTESIAN_POINT('',(-1.895867416660E0,1.043370833017E-1,
-1.988345460750E0));
#9405=LINE('',#9404,#9403);
#9406=CURVE_STYLE('',#48,POSITIVE_LENGTH_MEASURE(2.E-2),#28);
#9407=PRESENTATION_STYLE_ASSIGNMENT((#9406));
#9408=STYLED_ITEM('',(#9407),#9405);
#9409=DIRECTION('',(1.E0,0.E0,0.E0));
#9410=VECTOR('',#9409,2.537510743356E-1);
#9411=CARTESIAN_POINT('',(-1.876875537168E0,9.377685839078E-3,
-1.988345460750E0));
#9412=LINE('',#9411,#9410);
#9413=CURVE_STYLE('',#48,POSITIVE_LENGTH_MEASURE(2.E-2),#28);
#9414=PRESENTATION_STYLE_ASSIGNMENT((#9413));
#9415=STYLED_ITEM('',(#9414),#9412);
#9416=CARTESIAN_POINT('',(-1.875E0,0.E0,-1.6E0));
#9417=CARTESIAN_POINT('',(-1.625E0,0.E0,-1.6E0));
#9418=VERTEX_POINT('',#9416);
#9419=VERTEX_POINT('',#9417);
#9420=CARTESIAN_POINT('',(-1.875E0,0.E0,-2.E0));
#9421=CARTESIAN_POINT('',(-1.625E0,0.E0,-2.E0));
#9422=VERTEX_POINT('',#9420);
#9423=VERTEX_POINT('',#9421);
#9424=CARTESIAN_POINT('',(-1.897045548850E0,1.102277442495E-1,-2.E0));
#9425=CARTESIAN_POINT('',(-1.602954451150E0,1.102277442495E-1,-2.E0));
#9426=VERTEX_POINT('',#9424);
#9427=VERTEX_POINT('',#9425);
#9428=CARTESIAN_POINT('',(-1.895867416660E0,1.043370833017E-1,
-1.988345460750E0));
#9429=CARTESIAN_POINT('',(-1.604132583340E0,1.043370833017E-1,
-1.988345460750E0));
#9430=VERTEX_POINT('',#9428);
#9431=VERTEX_POINT('',#9429);
#9432=CARTESIAN_POINT('',(-1.623124462832E0,9.377685839078E-3,-1.6E0));
#9433=CARTESIAN_POINT('',(-1.876875537168E0,9.377685839078E-3,-1.6E0));
#9434=VERTEX_POINT('',#9432);
#9435=VERTEX_POINT('',#9433);
#9436=CARTESIAN_POINT('',(-1.623124462832E0,9.377685839078E-3,
-1.988345460750E0));
#9437=VERTEX_POINT('',#9436);
#9438=CARTESIAN_POINT('',(-1.876875537168E0,9.377685839078E-3,
-1.988345460750E0));
#9439=VERTEX_POINT('',#9438);
#9440=CARTESIAN_POINT('',(0.E0,0.E0,0.E0));
#9441=DIRECTION('',(0.E0,1.E0,0.E0));
#9442=DIRECTION('',(1.E0,0.E0,0.E0));
#9443=AXIS2_PLACEMENT_3D('',#9440,#9441,#9442);
#9444=PLANE('',#9443);
#9446=ORIENTED_EDGE('',*,*,#9445,.F.);
#9448=ORIENTED_EDGE('',*,*,#9447,.T.);
#9450=ORIENTED_EDGE('',*,*,#9449,.T.);
#9452=ORIENTED_EDGE('',*,*,#9451,.F.);
#9453=EDGE_LOOP('',(#9446,#9448,#9450,#9452));
#9454=FACE_OUTER_BOUND('',#9453,.F.);
#9455=ADVANCED_FACE('',(#9454),#9444,.F.);
#9456=CARTESIAN_POINT('',(-2.5E0,2.E-1,-2.E0));
#9457=DIRECTION('',(0.E0,0.E0,1.E0));
#9458=DIRECTION('',(1.E0,0.E0,0.E0));
#9459=AXIS2_PLACEMENT_3D('',#9456,#9457,#9458);
#9460=PLANE('',#9459);
#9461=ORIENTED_EDGE('',*,*,#9445,.T.);
#9463=ORIENTED_EDGE('',*,*,#9462,.T.);
#9465=ORIENTED_EDGE('',*,*,#9464,.F.);
#9467=ORIENTED_EDGE('',*,*,#9466,.T.);
#9468=EDGE_LOOP('',(#9461,#9463,#9465,#9467));
#9469=FACE_OUTER_BOUND('',#9468,.F.);
#9470=ADVANCED_FACE('',(#9469),#9460,.F.);
#9471=FILL_AREA_STYLE_COLOUR('',#5277);
#9472=FILL_AREA_STYLE('',(#9471));
#9473=SURFACE_STYLE_FILL_AREA(#9472);
#9474=SURFACE_SIDE_STYLE('',(#9473));
#9475=SURFACE_STYLE_USAGE(.NEGATIVE.,#9474);
#9476=PRESENTATION_STYLE_ASSIGNMENT((#9475));
#9477=OVER_RIDING_STYLED_ITEM('',(#9476),#9470,#9287);
#9478=CARTESIAN_POINT('',(-1.625E0,0.E0,-2.05E0));
#9479=DIRECTION('',(9.805806756909E-1,-1.961161351382E-1,0.E0));
#9480=DIRECTION('',(1.961161351382E-1,9.805806756909E-1,0.E0));
#9481=AXIS2_PLACEMENT_3D('',#9478,#9479,#9480);
#9482=PLANE('',#9481);
#9484=ORIENTED_EDGE('',*,*,#9483,.T.);
#9486=ORIENTED_EDGE('',*,*,#9485,.F.);
#9488=ORIENTED_EDGE('',*,*,#9487,.T.);
#9489=ORIENTED_EDGE('',*,*,#9462,.F.);
#9490=ORIENTED_EDGE('',*,*,#9451,.T.);
#9492=ORIENTED_EDGE('',*,*,#9491,.T.);
#9493=EDGE_LOOP('',(#9484,#9486,#9488,#9489,#9490,#9492));
#9494=FACE_OUTER_BOUND('',#9493,.F.);
#9495=ADVANCED_FACE('',(#9494),#9482,.T.);
#9496=CARTESIAN_POINT('',(-2.48E0,9.377685839078E-3,1.987348385653E0));
#9497=DIRECTION('',(0.E0,-1.E0,0.E0));
#9498=DIRECTION('',(0.E0,0.E0,-1.E0));
#9499=AXIS2_PLACEMENT_3D('',#9496,#9497,#9498);
#9500=PLANE('',#9499);
#9502=ORIENTED_EDGE('',*,*,#9501,.T.);
#9504=ORIENTED_EDGE('',*,*,#9503,.T.);
#9506=ORIENTED_EDGE('',*,*,#9505,.T.);
#9507=ORIENTED_EDGE('',*,*,#9483,.F.);
#9508=EDGE_LOOP('',(#9502,#9504,#9506,#9507));
#9509=FACE_OUTER_BOUND('',#9508,.F.);
#9510=ADVANCED_FACE('',(#9509),#9500,.F.);
#9511=CARTESIAN_POINT('',(0.E0,0.E0,-1.6E0));
#9512=DIRECTION('',(0.E0,0.E0,1.E0));
#9513=DIRECTION('',(-1.E0,0.E0,0.E0));
#9514=AXIS2_PLACEMENT_3D('',#9511,#9512,#9513);
#9515=PLANE('',#9514);
#9516=ORIENTED_EDGE('',*,*,#9501,.F.);
#9517=ORIENTED_EDGE('',*,*,#9491,.F.);
#9518=ORIENTED_EDGE('',*,*,#9449,.F.);
#9520=ORIENTED_EDGE('',*,*,#9519,.F.);
#9521=EDGE_LOOP('',(#9516,#9517,#9518,#9520));
#9522=FACE_OUTER_BOUND('',#9521,.F.);
#9523=ADVANCED_FACE('',(#9522),#9515,.T.);
#9524=CARTESIAN_POINT('',(-1.915E0,2.E-1,-2.05E0));
#9525=DIRECTION('',(-9.805806756909E-1,-1.961161351382E-1,0.E0));
#9526=DIRECTION('',(1.961161351382E-1,-9.805806756909E-1,0.E0));
#9527=AXIS2_PLACEMENT_3D('',#9524,#9525,#9526);
#9528=PLANE('',#9527);
#9529=ORIENTED_EDGE('',*,*,#9503,.F.);
#9530=ORIENTED_EDGE('',*,*,#9519,.T.);
#9531=ORIENTED_EDGE('',*,*,#9447,.F.);
#9532=ORIENTED_EDGE('',*,*,#9466,.F.);
#9534=ORIENTED_EDGE('',*,*,#9533,.F.);
#9536=ORIENTED_EDGE('',*,*,#9535,.T.);
#9537=EDGE_LOOP('',(#9529,#9530,#9531,#9532,#9534,#9536));
#9538=FACE_OUTER_BOUND('',#9537,.F.);
#9539=ADVANCED_FACE('',(#9538),#9528,.T.);
#9540=CARTESIAN_POINT('',(2.E0,1.65E-1,-1.965E0));
#9541=DIRECTION('',(1.E0,0.E0,0.E0));
#9542=DIRECTION('',(0.E0,0.E0,1.E0));
#9543=AXIS2_PLACEMENT_3D('',#9540,#9541,#9542);
#9544=CYLINDRICAL_SURFACE('',#9543,6.5E-2);
#9546=ORIENTED_EDGE('',*,*,#9545,.F.);
#9547=ORIENTED_EDGE('',*,*,#9533,.T.);
#9548=ORIENTED_EDGE('',*,*,#9464,.T.);
#9549=ORIENTED_EDGE('',*,*,#9487,.F.);
#9550=EDGE_LOOP('',(#9546,#9547,#9548,#9549));
#9551=FACE_OUTER_BOUND('',#9550,.F.);
#9552=ADVANCED_FACE('',(#9551),#9544,.F.);
#9553=CARTESIAN_POINT('',(-2.48E0,9.377685839078E-3,-1.988345460750E0));
#9554=DIRECTION('',(0.E0,0.E0,-1.E0));
#9555=DIRECTION('',(0.E0,1.E0,0.E0));
#9556=AXIS2_PLACEMENT_3D('',#9553,#9554,#9555);
#9557=PLANE('',#9556);
#9558=ORIENTED_EDGE('',*,*,#9545,.T.);
#9559=ORIENTED_EDGE('',*,*,#9485,.T.);
#9560=ORIENTED_EDGE('',*,*,#9505,.F.);
#9561=ORIENTED_EDGE('',*,*,#9535,.F.);
#9562=EDGE_LOOP('',(#9558,#9559,#9560,#9561));
#9563=FACE_OUTER_BOUND('',#9562,.F.);
#9564=ADVANCED_FACE('',(#9563),#9557,.F.);
#9565=CLOSED_SHELL('',(#9455,#9470,#9495,#9510,#9523,#9539,#9552,#9564));
#9566=MANIFOLD_SOLID_BREP('',#9565);
#9567=FILL_AREA_STYLE_COLOUR('',#28);
#9568=FILL_AREA_STYLE('',(#9567));
#9569=SURFACE_STYLE_FILL_AREA(#9568);
#9570=SURFACE_SIDE_STYLE('',(#9569));
#9571=SURFACE_STYLE_USAGE(.POSITIVE.,#9570);
#9572=PRESENTATION_STYLE_ASSIGNMENT((#9571));
#9287=STYLED_ITEM('',(#9572),#9566);
#9574=DIRECTION('',(1.E0,0.E0,0.E0));
#9575=VECTOR('',#9574,2.5E-1);
#9576=CARTESIAN_POINT('',(-1.875E0,0.E0,2.E0));
#9577=LINE('',#9576,#9575);
#9578=CURVE_STYLE('',#48,POSITIVE_LENGTH_MEASURE(2.E-2),#28);
#9579=PRESENTATION_STYLE_ASSIGNMENT((#9578));
#9580=STYLED_ITEM('',(#9579),#9577);
#9581=DIRECTION('',(0.E0,0.E0,-1.E0));
#9582=VECTOR('',#9581,4.E-1);
#9583=CARTESIAN_POINT('',(-1.875E0,0.E0,2.E0));
#9584=LINE('',#9583,#9582);
#9585=CURVE_STYLE('',#48,POSITIVE_LENGTH_MEASURE(2.E-2),#28);
#9586=PRESENTATION_STYLE_ASSIGNMENT((#9585));
#9587=STYLED_ITEM('',(#9586),#9584);
#9588=DIRECTION('',(-1.E0,0.E0,0.E0));
#9589=VECTOR('',#9588,2.940910976998E-1);
#9590=CARTESIAN_POINT('',(-1.602954451150E0,1.102277442495E-1,2.E0));
#9591=LINE('',#9590,#9589);
#9592=CURVE_STYLE('',#48,POSITIVE_LENGTH_MEASURE(2.E-2),#28);
#9593=PRESENTATION_STYLE_ASSIGNMENT((#9592));
#9594=STYLED_ITEM('',(#9593),#9591);
#9595=DIRECTION('',(0.E0,0.E0,1.E0));
#9596=VECTOR('',#9595,3.873483856533E-1);
#9597=CARTESIAN_POINT('',(-1.876875537168E0,9.377685839078E-3,1.6E0));
#9598=LINE('',#9597,#9596);
#9599=CURVE_STYLE('',#48,POSITIVE_LENGTH_MEASURE(2.E-2),#28);
#9600=PRESENTATION_STYLE_ASSIGNMENT((#9599));
#9601=STYLED_ITEM('',(#9600),#9598);
#9602=DIRECTION('',(1.961161351382E-1,-9.805806756909E-1,0.E0));
#9603=VECTOR('',#9602,9.645818606637E-2);
#9604=CARTESIAN_POINT('',(-1.895792543822E0,1.039627191080E-1,
1.987348385653E0));
#9605=LINE('',#9604,#9603);
#9606=CURVE_STYLE('',#48,POSITIVE_LENGTH_MEASURE(2.E-2),#28);
#9607=PRESENTATION_STYLE_ASSIGNMENT((#9606));
#9608=STYLED_ITEM('',(#9607),#9605);
#9609=CARTESIAN_POINT('',(-1.895792543822E0,1.039627191080E-1,
1.987348385653E0));
#9610=CARTESIAN_POINT('',(-1.896118625887E0,1.055931294344E-1,
1.991801316375E0));
#9611=CARTESIAN_POINT('',(-1.896536605711E0,1.076830285554E-1,
1.996017719463E0));
#9612=CARTESIAN_POINT('',(-1.897045548850E0,1.102277442495E-1,2.E0));
#9614=CURVE_STYLE('',#48,POSITIVE_LENGTH_MEASURE(2.E-2),#28);
#9615=PRESENTATION_STYLE_ASSIGNMENT((#9614));
#9616=STYLED_ITEM('',(#9615),#9613);
#9617=DIRECTION('',(1.961161351382E-1,-9.805806756909E-1,0.E0));
#9618=VECTOR('',#9617,1.124106837735E-1);
#9619=CARTESIAN_POINT('',(-1.897045548850E0,1.102277442495E-1,2.E0));
#9620=LINE('',#9619,#9618);
#9621=CURVE_STYLE('',#48,POSITIVE_LENGTH_MEASURE(2.E-2),#28);
#9622=PRESENTATION_STYLE_ASSIGNMENT((#9621));
#9623=STYLED_ITEM('',(#9622),#9620);
#9624=DIRECTION('',(1.E0,0.E0,0.E0));
#9625=VECTOR('',#9624,2.537510743356E-1);
#9626=CARTESIAN_POINT('',(-1.876875537168E0,9.377685839078E-3,
1.987348385653E0));
#9627=LINE('',#9626,#9625);
#9628=CURVE_STYLE('',#48,POSITIVE_LENGTH_MEASURE(2.E-2),#28);
#9629=PRESENTATION_STYLE_ASSIGNMENT((#9628));
#9630=STYLED_ITEM('',(#9629),#9627);
#9631=DIRECTION('',(-1.E0,0.E0,0.E0));
#9632=VECTOR('',#9631,2.537510743356E-1);
#9633=CARTESIAN_POINT('',(-1.623124462832E0,9.377685839078E-3,1.6E0));
#9634=LINE('',#9633,#9632);
#9635=CURVE_STYLE('',#48,POSITIVE_LENGTH_MEASURE(2.E-2),#28);
#9636=PRESENTATION_STYLE_ASSIGNMENT((#9635));
#9637=STYLED_ITEM('',(#9636),#9634);
#9638=DIRECTION('',(1.961161351382E-1,-9.805806756909E-1,0.E0));
#9639=VECTOR('',#9638,9.563400617160E-3);
#9640=CARTESIAN_POINT('',(-1.876875537168E0,9.377685839078E-3,1.6E0));
#9641=LINE('',#9640,#9639);
#9642=CURVE_STYLE('',#48,POSITIVE_LENGTH_MEASURE(2.E-2),#28);
#9643=PRESENTATION_STYLE_ASSIGNMENT((#9642));
#9644=STYLED_ITEM('',(#9643),#9641);
#9645=DIRECTION('',(1.E0,0.E0,0.E0));
#9646=VECTOR('',#9645,2.5E-1);
#9647=CARTESIAN_POINT('',(-1.875E0,0.E0,1.6E0));
#9648=LINE('',#9647,#9646);
#9649=CURVE_STYLE('',#48,POSITIVE_LENGTH_MEASURE(2.E-2),#28);
#9650=PRESENTATION_STYLE_ASSIGNMENT((#9649));
#9651=STYLED_ITEM('',(#9650),#9648);
#9652=DIRECTION('',(1.961161351382E-1,9.805806756909E-1,0.E0));
#9653=VECTOR('',#9652,9.563400617160E-3);
#9654=CARTESIAN_POINT('',(-1.625E0,0.E0,1.6E0));
#9655=LINE('',#9654,#9653);
#9656=CURVE_STYLE('',#48,POSITIVE_LENGTH_MEASURE(2.E-2),#28);
#9657=PRESENTATION_STYLE_ASSIGNMENT((#9656));
#9658=STYLED_ITEM('',(#9657),#9655);
#9659=DIRECTION('',(0.E0,0.E0,1.E0));
#9660=VECTOR('',#9659,3.873483856533E-1);
#9661=CARTESIAN_POINT('',(-1.623124462832E0,9.377685839078E-3,1.6E0));
#9662=LINE('',#9661,#9660);
#9663=CURVE_STYLE('',#48,POSITIVE_LENGTH_MEASURE(2.E-2),#28);
#9664=PRESENTATION_STYLE_ASSIGNMENT((#9663));
#9665=STYLED_ITEM('',(#9664),#9662);
#9666=DIRECTION('',(0.E0,0.E0,-1.E0));
#9667=VECTOR('',#9666,4.E-1);
#9668=CARTESIAN_POINT('',(-1.625E0,0.E0,2.E0));
#9669=LINE('',#9668,#9667);
#9670=CURVE_STYLE('',#48,POSITIVE_LENGTH_MEASURE(2.E-2),#28);
#9671=PRESENTATION_STYLE_ASSIGNMENT((#9670));
#9672=STYLED_ITEM('',(#9671),#9669);
#9673=DIRECTION('',(1.961161351382E-1,9.805806756909E-1,0.E0));
#9674=VECTOR('',#9673,1.124106837735E-1);
#9675=CARTESIAN_POINT('',(-1.625E0,0.E0,2.E0));
#9676=LINE('',#9675,#9674);
#9677=CURVE_STYLE('',#48,POSITIVE_LENGTH_MEASURE(2.E-2),#28);
#9678=PRESENTATION_STYLE_ASSIGNMENT((#9677));
#9679=STYLED_ITEM('',(#9678),#9676);
#9680=CARTESIAN_POINT('',(-1.604207456178E0,1.039627191080E-1,
1.987348385653E0));
#9681=CARTESIAN_POINT('',(-1.603881374113E0,1.055931294344E-1,
1.991801316375E0));
#9682=CARTESIAN_POINT('',(-1.603463394289E0,1.076830285554E-1,
1.996017719463E0));
#9683=CARTESIAN_POINT('',(-1.602954451150E0,1.102277442495E-1,2.E0));
#9685=CURVE_STYLE('',#48,POSITIVE_LENGTH_MEASURE(2.E-2),#28);
#9686=PRESENTATION_STYLE_ASSIGNMENT((#9685));
#9687=STYLED_ITEM('',(#9686),#9684);
#9688=DIRECTION('',(-1.961161351382E-1,-9.805806756909E-1,0.E0));
#9689=VECTOR('',#9688,9.645818606637E-2);
#9690=CARTESIAN_POINT('',(-1.604207456178E0,1.039627191080E-1,
1.987348385653E0));
#9691=LINE('',#9690,#9689);
#9692=CURVE_STYLE('',#48,POSITIVE_LENGTH_MEASURE(2.E-2),#28);
#9693=PRESENTATION_STYLE_ASSIGNMENT((#9692));
#9694=STYLED_ITEM('',(#9693),#9691);
#9695=DIRECTION('',(-1.E0,0.E0,0.E0));
#9696=VECTOR('',#9695,2.915850876432E-1);
#9697=CARTESIAN_POINT('',(-1.604207456178E0,1.039627191080E-1,
1.987348385653E0));
#9698=LINE('',#9697,#9696);
#9699=CURVE_STYLE('',#48,POSITIVE_LENGTH_MEASURE(2.E-2),#28);
#9700=PRESENTATION_STYLE_ASSIGNMENT((#9699));
#9701=STYLED_ITEM('',(#9700),#9698);
#9702=CARTESIAN_POINT('',(-1.875E0,0.E0,1.6E0));
#9703=CARTESIAN_POINT('',(-1.625E0,0.E0,1.6E0));
#9704=VERTEX_POINT('',#9702);
#9705=VERTEX_POINT('',#9703);
#9706=CARTESIAN_POINT('',(-1.875E0,0.E0,2.E0));
#9707=CARTESIAN_POINT('',(-1.625E0,0.E0,2.E0));
#9708=VERTEX_POINT('',#9706);
#9709=VERTEX_POINT('',#9707);
#9710=CARTESIAN_POINT('',(-1.602954451150E0,1.102277442495E-1,2.E0));
#9711=CARTESIAN_POINT('',(-1.897045548850E0,1.102277442495E-1,2.E0));
#9712=VERTEX_POINT('',#9710);
#9713=VERTEX_POINT('',#9711);
#9714=CARTESIAN_POINT('',(-1.604207456178E0,1.039627191080E-1,
1.987348385653E0));
#9715=CARTESIAN_POINT('',(-1.895792543822E0,1.039627191080E-1,
1.987348385653E0));
#9716=VERTEX_POINT('',#9714);
#9717=VERTEX_POINT('',#9715);
#9718=CARTESIAN_POINT('',(-1.623124462832E0,9.377685839078E-3,1.6E0));
#9719=CARTESIAN_POINT('',(-1.876875537168E0,9.377685839078E-3,1.6E0));
#9720=VERTEX_POINT('',#9718);
#9721=VERTEX_POINT('',#9719);
#9722=CARTESIAN_POINT('',(-1.623124462832E0,9.377685839078E-3,
1.987348385653E0));
#9723=VERTEX_POINT('',#9722);
#9724=CARTESIAN_POINT('',(-1.876875537168E0,9.377685839078E-3,
1.987348385653E0));
#9725=VERTEX_POINT('',#9724);
#9726=CARTESIAN_POINT('',(0.E0,0.E0,0.E0));
#9727=DIRECTION('',(0.E0,1.E0,0.E0));
#9728=DIRECTION('',(1.E0,0.E0,0.E0));
#9729=AXIS2_PLACEMENT_3D('',#9726,#9727,#9728);
#9730=PLANE('',#9729);
#9732=ORIENTED_EDGE('',*,*,#9731,.T.);
#9734=ORIENTED_EDGE('',*,*,#9733,.T.);
#9736=ORIENTED_EDGE('',*,*,#9735,.F.);
#9738=ORIENTED_EDGE('',*,*,#9737,.F.);
#9739=EDGE_LOOP('',(#9732,#9734,#9736,#9738));
#9740=FACE_OUTER_BOUND('',#9739,.F.);
#9741=ADVANCED_FACE('',(#9740),#9730,.F.);
#9742=CARTESIAN_POINT('',(2.5E0,2.E-1,2.E0));
#9743=DIRECTION('',(0.E0,0.E0,-1.E0));
#9744=DIRECTION('',(-1.E0,0.E0,0.E0));
#9745=AXIS2_PLACEMENT_3D('',#9742,#9743,#9744);
#9746=PLANE('',#9745);
#9747=ORIENTED_EDGE('',*,*,#9731,.F.);
#9749=ORIENTED_EDGE('',*,*,#9748,.F.);
#9751=ORIENTED_EDGE('',*,*,#9750,.F.);
#9753=ORIENTED_EDGE('',*,*,#9752,.F.);
#9754=EDGE_LOOP('',(#9747,#9749,#9751,#9753));
#9755=FACE_OUTER_BOUND('',#9754,.F.);
#9756=ADVANCED_FACE('',(#9755),#9746,.F.);
#9757=FILL_AREA_STYLE_COLOUR('',#5277);
#9758=FILL_AREA_STYLE('',(#9757));
#9759=SURFACE_STYLE_FILL_AREA(#9758);
#9760=SURFACE_SIDE_STYLE('',(#9759));
#9761=SURFACE_STYLE_USAGE(.NEGATIVE.,#9760);
#9762=PRESENTATION_STYLE_ASSIGNMENT((#9761));
#9763=OVER_RIDING_STYLED_ITEM('',(#9762),#9756,#9573);
#9764=CARTESIAN_POINT('',(-1.915E0,2.E-1,2.05E0));
#9765=DIRECTION('',(9.805806756909E-1,1.961161351382E-1,0.E0));
#9766=DIRECTION('',(1.961161351382E-1,-9.805806756909E-1,0.E0));
#9767=AXIS2_PLACEMENT_3D('',#9764,#9765,#9766);
#9768=PLANE('',#9767);
#9770=ORIENTED_EDGE('',*,*,#9769,.T.);
#9772=ORIENTED_EDGE('',*,*,#9771,.F.);
#9774=ORIENTED_EDGE('',*,*,#9773,.T.);
#9775=ORIENTED_EDGE('',*,*,#9748,.T.);
#9776=ORIENTED_EDGE('',*,*,#9737,.T.);
#9778=ORIENTED_EDGE('',*,*,#9777,.F.);
#9779=EDGE_LOOP('',(#9770,#9772,#9774,#9775,#9776,#9778));
#9780=FACE_OUTER_BOUND('',#9779,.F.);
#9781=ADVANCED_FACE('',(#9780),#9768,.F.);
#9782=CARTESIAN_POINT('',(-2.48E0,9.377685839078E-3,1.987348385653E0));
#9783=DIRECTION('',(0.E0,-1.E0,0.E0));
#9784=DIRECTION('',(0.E0,0.E0,-1.E0));
#9785=AXIS2_PLACEMENT_3D('',#9782,#9783,#9784);
#9786=PLANE('',#9785);
#9788=ORIENTED_EDGE('',*,*,#9787,.F.);
#9790=ORIENTED_EDGE('',*,*,#9789,.T.);
#9792=ORIENTED_EDGE('',*,*,#9791,.F.);
#9793=ORIENTED_EDGE('',*,*,#9769,.F.);
#9794=EDGE_LOOP('',(#9788,#9790,#9792,#9793));
#9795=FACE_OUTER_BOUND('',#9794,.F.);
#9796=ADVANCED_FACE('',(#9795),#9786,.F.);
#9797=CARTESIAN_POINT('',(0.E0,0.E0,1.6E0));
#9798=DIRECTION('',(0.E0,0.E0,1.E0));
#9799=DIRECTION('',(-1.E0,0.E0,0.E0));
#9800=AXIS2_PLACEMENT_3D('',#9797,#9798,#9799);
#9801=PLANE('',#9800);
#9802=ORIENTED_EDGE('',*,*,#9787,.T.);
#9803=ORIENTED_EDGE('',*,*,#9777,.T.);
#9804=ORIENTED_EDGE('',*,*,#9735,.T.);
#9806=ORIENTED_EDGE('',*,*,#9805,.T.);
#9807=EDGE_LOOP('',(#9802,#9803,#9804,#9806));
#9808=FACE_OUTER_BOUND('',#9807,.F.);
#9809=ADVANCED_FACE('',(#9808),#9801,.F.);
#9810=CARTESIAN_POINT('',(-1.625E0,0.E0,2.05E0));
#9811=DIRECTION('',(-9.805806756909E-1,1.961161351382E-1,0.E0));
#9812=DIRECTION('',(1.961161351382E-1,9.805806756909E-1,0.E0));
#9813=AXIS2_PLACEMENT_3D('',#9810,#9811,#9812);
#9814=PLANE('',#9813);
#9815=ORIENTED_EDGE('',*,*,#9789,.F.);
#9816=ORIENTED_EDGE('',*,*,#9805,.F.);
#9817=ORIENTED_EDGE('',*,*,#9733,.F.);
#9818=ORIENTED_EDGE('',*,*,#9752,.T.);
#9820=ORIENTED_EDGE('',*,*,#9819,.F.);
#9822=ORIENTED_EDGE('',*,*,#9821,.T.);
#9823=EDGE_LOOP('',(#9815,#9816,#9817,#9818,#9820,#9822));
#9824=FACE_OUTER_BOUND('',#9823,.F.);
#9825=ADVANCED_FACE('',(#9824),#9814,.F.);
#9826=CARTESIAN_POINT('',(2.E0,1.65E-1,1.965E0));
#9827=DIRECTION('',(-1.E0,0.E0,0.E0));
#9828=DIRECTION('',(0.E0,0.E0,-1.E0));
#9829=AXIS2_PLACEMENT_3D('',#9826,#9827,#9828);
#9830=CYLINDRICAL_SURFACE('',#9829,6.5E-2);
#9832=ORIENTED_EDGE('',*,*,#9831,.F.);
#9833=ORIENTED_EDGE('',*,*,#9819,.T.);
#9834=ORIENTED_EDGE('',*,*,#9750,.T.);
#9835=ORIENTED_EDGE('',*,*,#9773,.F.);
#9836=EDGE_LOOP('',(#9832,#9833,#9834,#9835));
#9837=FACE_OUTER_BOUND('',#9836,.F.);
#9838=ADVANCED_FACE('',(#9837),#9830,.F.);
#9839=CARTESIAN_POINT('',(-2.48E0,2.348494776003E-1,1.987348385653E0));
#9840=DIRECTION('',(0.E0,0.E0,1.E0));
#9841=DIRECTION('',(0.E0,-1.E0,0.E0));
#9842=AXIS2_PLACEMENT_3D('',#9839,#9840,#9841);
#9843=PLANE('',#9842);
#9844=ORIENTED_EDGE('',*,*,#9831,.T.);
#9845=ORIENTED_EDGE('',*,*,#9771,.T.);
#9846=ORIENTED_EDGE('',*,*,#9791,.T.);
#9847=ORIENTED_EDGE('',*,*,#9821,.F.);
#9848=EDGE_LOOP('',(#9844,#9845,#9846,#9847));
#9849=FACE_OUTER_BOUND('',#9848,.F.);
#9850=ADVANCED_FACE('',(#9849),#9843,.F.);
#9851=CLOSED_SHELL('',(#9741,#9756,#9781,#9796,#9809,#9825,#9838,#9850));
#9852=MANIFOLD_SOLID_BREP('',#9851);
#9853=FILL_AREA_STYLE_COLOUR('',#28);
#9854=FILL_AREA_STYLE('',(#9853));
#9855=SURFACE_STYLE_FILL_AREA(#9854);
#9856=SURFACE_SIDE_STYLE('',(#9855));
#9857=SURFACE_STYLE_USAGE(.POSITIVE.,#9856);
#9858=PRESENTATION_STYLE_ASSIGNMENT((#9857));
#9573=STYLED_ITEM('',(#9858),#9852);
#9860=DIRECTION('',(0.E0,1.E0,0.E0));
#9861=VECTOR('',#9860,1.E-1);
#9862=CARTESIAN_POINT('',(2.48E0,1.E-1,-1.4E0));
#9863=LINE('',#9862,#9861);
#9864=CURVE_STYLE('',#48,POSITIVE_LENGTH_MEASURE(2.E-2),#28);
#9865=PRESENTATION_STYLE_ASSIGNMENT((#9864));
#9866=STYLED_ITEM('',(#9865),#9863);
#9867=DIRECTION('',(1.E0,0.E0,0.E0));
#9868=VECTOR('',#9867,2.E-2);
#9869=CARTESIAN_POINT('',(2.48E0,1.E-1,-1.4E0));
#9870=LINE('',#9869,#9868);
#9871=CURVE_STYLE('',#48,POSITIVE_LENGTH_MEASURE(2.E-2),#28);
#9872=PRESENTATION_STYLE_ASSIGNMENT((#9871));
#9873=STYLED_ITEM('',(#9872),#9870);
#9874=DIRECTION('',(0.E0,1.E0,0.E0));
#9875=VECTOR('',#9874,1.E-1);
#9876=CARTESIAN_POINT('',(2.5E0,1.E-1,-1.4E0));
#9877=LINE('',#9876,#9875);
#9878=CURVE_STYLE('',#48,POSITIVE_LENGTH_MEASURE(2.E-2),#28);
#9879=PRESENTATION_STYLE_ASSIGNMENT((#9878));
#9880=STYLED_ITEM('',(#9879),#9877);
#9881=DIRECTION('',(-1.E0,0.E0,0.E0));
#9882=VECTOR('',#9881,2.E-2);
#9883=CARTESIAN_POINT('',(2.5E0,2.E-1,-1.4E0));
#9884=LINE('',#9883,#9882);
#9885=CURVE_STYLE('',#48,POSITIVE_LENGTH_MEASURE(2.E-2),#28);
#9886=PRESENTATION_STYLE_ASSIGNMENT((#9885));
#9887=STYLED_ITEM('',(#9886),#9884);
#9888=DIRECTION('',(0.E0,0.E0,-1.E0));
#9889=VECTOR('',#9888,2.E-1);
#9890=CARTESIAN_POINT('',(2.48E0,2.E-1,-1.2E0));
#9891=LINE('',#9890,#9889);
#9892=CURVE_STYLE('',#48,POSITIVE_LENGTH_MEASURE(2.E-2),#28);
#9893=PRESENTATION_STYLE_ASSIGNMENT((#9892));
#9894=STYLED_ITEM('',(#9893),#9891);
#9895=DIRECTION('',(0.E0,0.E0,1.E0));
#9896=VECTOR('',#9895,2.E-1);
#9897=CARTESIAN_POINT('',(2.5E0,2.E-1,-1.4E0));
#9898=LINE('',#9897,#9896);
#9899=CURVE_STYLE('',#48,POSITIVE_LENGTH_MEASURE(2.E-2),#28);
#9900=PRESENTATION_STYLE_ASSIGNMENT((#9899));
#9901=STYLED_ITEM('',(#9900),#9898);
#9902=DIRECTION('',(-1.E0,0.E0,0.E0));
#9903=VECTOR('',#9902,2.E-2);
#9904=CARTESIAN_POINT('',(2.5E0,2.E-1,-1.2E0));
#9905=LINE('',#9904,#9903);
#9906=CURVE_STYLE('',#48,POSITIVE_LENGTH_MEASURE(2.E-2),#28);
#9907=PRESENTATION_STYLE_ASSIGNMENT((#9906));
#9908=STYLED_ITEM('',(#9907),#9905);
#9909=DIRECTION('',(0.E0,0.E0,1.E0));
#9910=VECTOR('',#9909,2.E-1);
#9911=CARTESIAN_POINT('',(2.48E0,1.E-1,-1.4E0));
#9912=LINE('',#9911,#9910);
#9913=CURVE_STYLE('',#48,POSITIVE_LENGTH_MEASURE(2.E-2),#28);
#9914=PRESENTATION_STYLE_ASSIGNMENT((#9913));
#9915=STYLED_ITEM('',(#9914),#9912);
#9916=DIRECTION('',(-1.E0,0.E0,1.110223024625E-14));
#9917=VECTOR('',#9916,2.E-2);
#9918=CARTESIAN_POINT('',(2.5E0,1.E-1,-1.2E0));
#9919=LINE('',#9918,#9917);
#9920=CURVE_STYLE('',#48,POSITIVE_LENGTH_MEASURE(2.E-2),#28);
#9921=PRESENTATION_STYLE_ASSIGNMENT((#9920));
#9922=STYLED_ITEM('',(#9921),#9919);
#9923=DIRECTION('',(0.E0,0.E0,1.E0));
#9924=VECTOR('',#9923,2.E-1);
#9925=CARTESIAN_POINT('',(2.5E0,1.E-1,-1.4E0));
#9926=LINE('',#9925,#9924);
#9927=CURVE_STYLE('',#48,POSITIVE_LENGTH_MEASURE(2.E-2),#28);
#9928=PRESENTATION_STYLE_ASSIGNMENT((#9927));
#9929=STYLED_ITEM('',(#9928),#9926);
#9930=DIRECTION('',(0.E0,-1.E0,0.E0));
#9931=VECTOR('',#9930,1.E-1);
#9932=CARTESIAN_POINT('',(2.48E0,2.E-1,-1.2E0));
#9933=LINE('',#9932,#9931);
#9934=CURVE_STYLE('',#48,POSITIVE_LENGTH_MEASURE(2.E-2),#28);
#9935=PRESENTATION_STYLE_ASSIGNMENT((#9934));
#9936=STYLED_ITEM('',(#9935),#9933);
#9937=DIRECTION('',(0.E0,-1.E0,0.E0));
#9938=VECTOR('',#9937,1.E-1);
#9939=CARTESIAN_POINT('',(2.5E0,2.E-1,-1.2E0));
#9940=LINE('',#9939,#9938);
#9941=CURVE_STYLE('',#48,POSITIVE_LENGTH_MEASURE(2.E-2),#28);
#9942=PRESENTATION_STYLE_ASSIGNMENT((#9941));
#9943=STYLED_ITEM('',(#9942),#9940);
#9944=CARTESIAN_POINT('',(2.5E0,2.E-1,-1.4E0));
#9945=CARTESIAN_POINT('',(2.5E0,2.E-1,-1.2E0));
#9946=VERTEX_POINT('',#9944);
#9947=VERTEX_POINT('',#9945);
#9948=CARTESIAN_POINT('',(2.5E0,1.E-1,-1.4E0));
#9949=VERTEX_POINT('',#9948);
#9950=CARTESIAN_POINT('',(2.5E0,1.E-1,-1.2E0));
#9951=VERTEX_POINT('',#9950);
#9952=CARTESIAN_POINT('',(2.48E0,2.E-1,-1.2E0));
#9953=CARTESIAN_POINT('',(2.48E0,2.E-1,-1.4E0));
#9954=VERTEX_POINT('',#9952);
#9955=VERTEX_POINT('',#9953);
#9956=CARTESIAN_POINT('',(2.48E0,1.E-1,-1.4E0));
#9957=VERTEX_POINT('',#9956);
#9958=CARTESIAN_POINT('',(2.48E0,1.E-1,-1.2E0));
#9959=VERTEX_POINT('',#9958);
#9960=CARTESIAN_POINT('',(2.1E0,0.E0,-1.4E0));
#9961=DIRECTION('',(0.E0,0.E0,-1.E0));
#9962=DIRECTION('',(-1.E0,0.E0,0.E0));
#9963=AXIS2_PLACEMENT_3D('',#9960,#9961,#9962);
#9964=PLANE('',#9963);
#9966=ORIENTED_EDGE('',*,*,#9965,.F.);
#9968=ORIENTED_EDGE('',*,*,#9967,.T.);
#9970=ORIENTED_EDGE('',*,*,#9969,.T.);
#9972=ORIENTED_EDGE('',*,*,#9971,.T.);
#9973=EDGE_LOOP('',(#9966,#9968,#9970,#9972));
#9974=FACE_OUTER_BOUND('',#9973,.F.);
#9975=ADVANCED_FACE('',(#9974),#9964,.T.);
#9976=CARTESIAN_POINT('',(2.48E0,0.E0,0.E0));
#9977=DIRECTION('',(1.E0,0.E0,0.E0));
#9978=DIRECTION('',(0.E0,0.E0,-1.E0));
#9979=AXIS2_PLACEMENT_3D('',#9976,#9977,#9978);
#9980=PLANE('',#9979);
#9982=ORIENTED_EDGE('',*,*,#9981,.F.);
#9984=ORIENTED_EDGE('',*,*,#9983,.T.);
#9986=ORIENTED_EDGE('',*,*,#9985,.F.);
#9987=ORIENTED_EDGE('',*,*,#9965,.T.);
#9988=EDGE_LOOP('',(#9982,#9984,#9986,#9987));
#9989=FACE_OUTER_BOUND('',#9988,.F.);
#9990=ADVANCED_FACE('',(#9989),#9980,.F.);
#9991=CARTESIAN_POINT('',(0.E0,2.E-1,0.E0));
#9992=DIRECTION('',(0.E0,1.E0,0.E0));
#9993=DIRECTION('',(1.E0,0.E0,0.E0));
#9994=AXIS2_PLACEMENT_3D('',#9991,#9992,#9993);
#9995=PLANE('',#9994);
#9996=ORIENTED_EDGE('',*,*,#9981,.T.);
#9997=ORIENTED_EDGE('',*,*,#9971,.F.);
#9999=ORIENTED_EDGE('',*,*,#9998,.T.);
#10001=ORIENTED_EDGE('',*,*,#10000,.T.);
#10002=EDGE_LOOP('',(#9996,#9997,#9999,#10001));
#10003=FACE_OUTER_BOUND('',#10002,.F.);
#10004=ADVANCED_FACE('',(#10003),#9995,.T.);
#10005=CARTESIAN_POINT('',(2.5E0,2.E-1,-2.E0));
#10006=DIRECTION('',(-1.E0,0.E0,0.E0));
#10007=DIRECTION('',(0.E0,0.E0,1.E0));
#10008=AXIS2_PLACEMENT_3D('',#10005,#10006,#10007);
#10009=PLANE('',#10008);
#10010=ORIENTED_EDGE('',*,*,#9969,.F.);
#10012=ORIENTED_EDGE('',*,*,#10011,.T.);
#10014=ORIENTED_EDGE('',*,*,#10013,.F.);
#10015=ORIENTED_EDGE('',*,*,#9998,.F.);
#10016=EDGE_LOOP('',(#10010,#10012,#10014,#10015));
#10017=FACE_OUTER_BOUND('',#10016,.F.);
#10018=ADVANCED_FACE('',(#10017),#10009,.F.);
#10019=FILL_AREA_STYLE_COLOUR('',#5277);
#10020=FILL_AREA_STYLE('',(#10019));
#10021=SURFACE_STYLE_FILL_AREA(#10020);
#10022=SURFACE_SIDE_STYLE('',(#10021));
#10023=SURFACE_STYLE_USAGE(.NEGATIVE.,#10022);
#10024=PRESENTATION_STYLE_ASSIGNMENT((#10023));
#10025=OVER_RIDING_STYLED_ITEM('',(#10024),#10018,#9859);
#10026=CARTESIAN_POINT('',(2.625E0,1.E-1,-2.125E0));
#10027=DIRECTION('',(0.E0,-1.E0,0.E0));
#10028=DIRECTION('',(1.E0,0.E0,0.E0));
#10029=AXIS2_PLACEMENT_3D('',#10026,#10027,#10028);
#10030=PLANE('',#10029);
#10031=ORIENTED_EDGE('',*,*,#9985,.T.);
#10033=ORIENTED_EDGE('',*,*,#10032,.F.);
#10034=ORIENTED_EDGE('',*,*,#10011,.F.);
#10035=ORIENTED_EDGE('',*,*,#9967,.F.);
#10036=EDGE_LOOP('',(#10031,#10033,#10034,#10035));
#10037=FACE_OUTER_BOUND('',#10036,.F.);
#10038=ADVANCED_FACE('',(#10037),#10030,.T.);
#10039=CARTESIAN_POINT('',(2.55E0,2.E-1,-1.2E0));
#10040=DIRECTION('',(0.E0,0.E0,1.E0));
#10041=DIRECTION('',(-1.E0,0.E0,0.E0));
#10042=AXIS2_PLACEMENT_3D('',#10039,#10040,#10041);
#10043=PLANE('',#10042);
#10044=ORIENTED_EDGE('',*,*,#9983,.F.);
#10045=ORIENTED_EDGE('',*,*,#10000,.F.);
#10046=ORIENTED_EDGE('',*,*,#10013,.T.);
#10047=ORIENTED_EDGE('',*,*,#10032,.T.);
#10048=EDGE_LOOP('',(#10044,#10045,#10046,#10047));
#10049=FACE_OUTER_BOUND('',#10048,.F.);
#10050=ADVANCED_FACE('',(#10049),#10043,.T.);
#10051=CLOSED_SHELL('',(#9975,#9990,#10004,#10018,#10038,#10050));
#10052=MANIFOLD_SOLID_BREP('',#10051);
#10053=FILL_AREA_STYLE_COLOUR('',#28);
#10054=FILL_AREA_STYLE('',(#10053));
#10055=SURFACE_STYLE_FILL_AREA(#10054);
#10056=SURFACE_SIDE_STYLE('',(#10055));
#10057=SURFACE_STYLE_USAGE(.POSITIVE.,#10056);
#10058=PRESENTATION_STYLE_ASSIGNMENT((#10057));
#9859=STYLED_ITEM('',(#10058),#10052);
#10060=DIRECTION('',(0.E0,1.E0,0.E0));
#10061=VECTOR('',#10060,1.E-1);
#10062=CARTESIAN_POINT('',(2.48E0,1.E-1,1.4E0));
#10063=LINE('',#10062,#10061);
#10064=CURVE_STYLE('',#48,POSITIVE_LENGTH_MEASURE(2.E-2),#28);
#10065=PRESENTATION_STYLE_ASSIGNMENT((#10064));
#10066=STYLED_ITEM('',(#10065),#10063);
#10067=DIRECTION('',(1.E0,0.E0,0.E0));
#10068=VECTOR('',#10067,2.E-2);
#10069=CARTESIAN_POINT('',(2.48E0,2.E-1,1.4E0));
#10070=LINE('',#10069,#10068);
#10071=CURVE_STYLE('',#48,POSITIVE_LENGTH_MEASURE(2.E-2),#28);
#10072=PRESENTATION_STYLE_ASSIGNMENT((#10071));
#10073=STYLED_ITEM('',(#10072),#10070);
#10074=DIRECTION('',(0.E0,1.E0,0.E0));
#10075=VECTOR('',#10074,1.E-1);
#10076=CARTESIAN_POINT('',(2.5E0,1.E-1,1.4E0));
#10077=LINE('',#10076,#10075);
#10078=CURVE_STYLE('',#48,POSITIVE_LENGTH_MEASURE(2.E-2),#28);
#10079=PRESENTATION_STYLE_ASSIGNMENT((#10078));
#10080=STYLED_ITEM('',(#10079),#10077);
#10081=DIRECTION('',(0.E0,0.E0,-1.E0));
#10082=VECTOR('',#10081,2.E-1);
#10083=CARTESIAN_POINT('',(2.48E0,2.E-1,1.4E0));
#10084=LINE('',#10083,#10082);
#10085=CURVE_STYLE('',#48,POSITIVE_LENGTH_MEASURE(2.E-2),#28);
#10086=PRESENTATION_STYLE_ASSIGNMENT((#10085));
#10087=STYLED_ITEM('',(#10086),#10084);
#10088=DIRECTION('',(1.E0,0.E0,-1.110223024625E-14));
#10089=VECTOR('',#10088,2.E-2);
#10090=CARTESIAN_POINT('',(2.48E0,2.E-1,1.2E0));
#10091=LINE('',#10090,#10089);
#10092=CURVE_STYLE('',#48,POSITIVE_LENGTH_MEASURE(2.E-2),#28);
#10093=PRESENTATION_STYLE_ASSIGNMENT((#10092));
#10094=STYLED_ITEM('',(#10093),#10091);
#10095=DIRECTION('',(0.E0,0.E0,1.E0));
#10096=VECTOR('',#10095,2.E-1);
#10097=CARTESIAN_POINT('',(2.5E0,2.E-1,1.2E0));
#10098=LINE('',#10097,#10096);
#10099=CURVE_STYLE('',#48,POSITIVE_LENGTH_MEASURE(2.E-2),#28);
#10100=PRESENTATION_STYLE_ASSIGNMENT((#10099));
#10101=STYLED_ITEM('',(#10100),#10098);
#10102=DIRECTION('',(0.E0,-1.E0,0.E0));
#10103=VECTOR('',#10102,1.E-1);
#10104=CARTESIAN_POINT('',(2.48E0,2.E-1,1.2E0));
#10105=LINE('',#10104,#10103);
#10106=CURVE_STYLE('',#48,POSITIVE_LENGTH_MEASURE(2.E-2),#28);
#10107=PRESENTATION_STYLE_ASSIGNMENT((#10106));
#10108=STYLED_ITEM('',(#10107),#10105);
#10109=DIRECTION('',(0.E0,-1.E0,0.E0));
#10110=VECTOR('',#10109,1.E-1);
#10111=CARTESIAN_POINT('',(2.5E0,2.E-1,1.2E0));
#10112=LINE('',#10111,#10110);
#10113=CURVE_STYLE('',#48,POSITIVE_LENGTH_MEASURE(2.E-2),#28);
#10114=PRESENTATION_STYLE_ASSIGNMENT((#10113));
#10115=STYLED_ITEM('',(#10114),#10112);
#10116=DIRECTION('',(0.E0,0.E0,1.E0));
#10117=VECTOR('',#10116,2.E-1);
#10118=CARTESIAN_POINT('',(2.48E0,1.E-1,1.2E0));
#10119=LINE('',#10118,#10117);
#10120=CURVE_STYLE('',#48,POSITIVE_LENGTH_MEASURE(2.E-2),#28);
#10121=PRESENTATION_STYLE_ASSIGNMENT((#10120));
#10122=STYLED_ITEM('',(#10121),#10119);
#10123=DIRECTION('',(-1.E0,0.E0,0.E0));
#10124=VECTOR('',#10123,2.E-2);
#10125=CARTESIAN_POINT('',(2.5E0,1.E-1,1.4E0));
#10126=LINE('',#10125,#10124);
#10127=CURVE_STYLE('',#48,POSITIVE_LENGTH_MEASURE(2.E-2),#28);
#10128=PRESENTATION_STYLE_ASSIGNMENT((#10127));
#10129=STYLED_ITEM('',(#10128),#10126);
#10130=DIRECTION('',(0.E0,0.E0,1.E0));
#10131=VECTOR('',#10130,2.E-1);
#10132=CARTESIAN_POINT('',(2.5E0,1.E-1,1.2E0));
#10133=LINE('',#10132,#10131);
#10134=CURVE_STYLE('',#48,POSITIVE_LENGTH_MEASURE(2.E-2),#28);
#10135=PRESENTATION_STYLE_ASSIGNMENT((#10134));
#10136=STYLED_ITEM('',(#10135),#10133);
#10137=DIRECTION('',(1.E0,0.E0,-3.330669073875E-14));
#10138=VECTOR('',#10137,2.E-2);
#10139=CARTESIAN_POINT('',(2.48E0,1.E-1,1.2E0));
#10140=LINE('',#10139,#10138);
#10141=CURVE_STYLE('',#48,POSITIVE_LENGTH_MEASURE(2.E-2),#28);
#10142=PRESENTATION_STYLE_ASSIGNMENT((#10141));
#10143=STYLED_ITEM('',(#10142),#10140);
#10144=CARTESIAN_POINT('',(2.5E0,2.E-1,1.2E0));
#10145=CARTESIAN_POINT('',(2.5E0,2.E-1,1.4E0));
#10146=VERTEX_POINT('',#10144);
#10147=VERTEX_POINT('',#10145);
#10148=CARTESIAN_POINT('',(2.5E0,1.E-1,1.4E0));
#10149=VERTEX_POINT('',#10148);
#10150=CARTESIAN_POINT('',(2.5E0,1.E-1,1.2E0));
#10151=VERTEX_POINT('',#10150);
#10152=CARTESIAN_POINT('',(2.48E0,2.E-1,1.4E0));
#10153=CARTESIAN_POINT('',(2.48E0,2.E-1,1.2E0));
#10154=VERTEX_POINT('',#10152);
#10155=VERTEX_POINT('',#10153);
#10156=CARTESIAN_POINT('',(2.48E0,1.E-1,1.4E0));
#10157=VERTEX_POINT('',#10156);
#10158=CARTESIAN_POINT('',(2.48E0,1.E-1,1.2E0));
#10159=VERTEX_POINT('',#10158);
#10160=CARTESIAN_POINT('',(-2.1E0,0.E0,1.4E0));
#10161=DIRECTION('',(0.E0,0.E0,1.E0));
#10162=DIRECTION('',(1.E0,0.E0,0.E0));
#10163=AXIS2_PLACEMENT_3D('',#10160,#10161,#10162);
#10164=PLANE('',#10163);
#10166=ORIENTED_EDGE('',*,*,#10165,.T.);
#10168=ORIENTED_EDGE('',*,*,#10167,.T.);
#10170=ORIENTED_EDGE('',*,*,#10169,.F.);
#10172=ORIENTED_EDGE('',*,*,#10171,.T.);
#10173=EDGE_LOOP('',(#10166,#10168,#10170,#10172));
#10174=FACE_OUTER_BOUND('',#10173,.F.);
#10175=ADVANCED_FACE('',(#10174),#10164,.T.);
#10176=CARTESIAN_POINT('',(2.48E0,0.E0,0.E0));
#10177=DIRECTION('',(1.E0,0.E0,0.E0));
#10178=DIRECTION('',(0.E0,0.E0,-1.E0));
#10179=AXIS2_PLACEMENT_3D('',#10176,#10177,#10178);
#10180=PLANE('',#10179);
#10182=ORIENTED_EDGE('',*,*,#10181,.F.);
#10183=ORIENTED_EDGE('',*,*,#10165,.F.);
#10185=ORIENTED_EDGE('',*,*,#10184,.F.);
#10187=ORIENTED_EDGE('',*,*,#10186,.F.);
#10188=EDGE_LOOP('',(#10182,#10183,#10185,#10187));
#10189=FACE_OUTER_BOUND('',#10188,.F.);
#10190=ADVANCED_FACE('',(#10189),#10180,.F.);
#10191=CARTESIAN_POINT('',(0.E0,2.E-1,0.E0));
#10192=DIRECTION('',(0.E0,1.E0,0.E0));
#10193=DIRECTION('',(1.E0,0.E0,0.E0));
#10194=AXIS2_PLACEMENT_3D('',#10191,#10192,#10193);
#10195=PLANE('',#10194);
#10196=ORIENTED_EDGE('',*,*,#10181,.T.);
#10198=ORIENTED_EDGE('',*,*,#10197,.T.);
#10200=ORIENTED_EDGE('',*,*,#10199,.T.);
#10201=ORIENTED_EDGE('',*,*,#10167,.F.);
#10202=EDGE_LOOP('',(#10196,#10198,#10200,#10201));
#10203=FACE_OUTER_BOUND('',#10202,.F.);
#10204=ADVANCED_FACE('',(#10203),#10195,.T.);
#10205=CARTESIAN_POINT('',(2.1E0,2.E-1,1.2E0));
#10206=DIRECTION('',(0.E0,0.E0,-1.E0));
#10207=DIRECTION('',(1.E0,0.E0,0.E0));
#10208=AXIS2_PLACEMENT_3D('',#10205,#10206,#10207);
#10209=PLANE('',#10208);
#10210=ORIENTED_EDGE('',*,*,#10186,.T.);
#10212=ORIENTED_EDGE('',*,*,#10211,.T.);
#10214=ORIENTED_EDGE('',*,*,#10213,.F.);
#10215=ORIENTED_EDGE('',*,*,#10197,.F.);
#10216=EDGE_LOOP('',(#10210,#10212,#10214,#10215));
#10217=FACE_OUTER_BOUND('',#10216,.F.);
#10218=ADVANCED_FACE('',(#10217),#10209,.T.);
#10219=CARTESIAN_POINT('',(2.625E0,1.E-1,-2.125E0));
#10220=DIRECTION('',(0.E0,-1.E0,0.E0));
#10221=DIRECTION('',(1.E0,0.E0,0.E0));
#10222=AXIS2_PLACEMENT_3D('',#10219,#10220,#10221);
#10223=PLANE('',#10222);
#10224=ORIENTED_EDGE('',*,*,#10184,.T.);
#10225=ORIENTED_EDGE('',*,*,#10171,.F.);
#10227=ORIENTED_EDGE('',*,*,#10226,.F.);
#10228=ORIENTED_EDGE('',*,*,#10211,.F.);
#10229=EDGE_LOOP('',(#10224,#10225,#10227,#10228));
#10230=FACE_OUTER_BOUND('',#10229,.F.);
#10231=ADVANCED_FACE('',(#10230),#10223,.T.);
#10232=CARTESIAN_POINT('',(2.5E0,2.E-1,-2.E0));
#10233=DIRECTION('',(-1.E0,0.E0,0.E0));
#10234=DIRECTION('',(0.E0,0.E0,1.E0));
#10235=AXIS2_PLACEMENT_3D('',#10232,#10233,#10234);
#10236=PLANE('',#10235);
#10237=ORIENTED_EDGE('',*,*,#10213,.T.);
#10238=ORIENTED_EDGE('',*,*,#10226,.T.);
#10239=ORIENTED_EDGE('',*,*,#10169,.T.);
#10240=ORIENTED_EDGE('',*,*,#10199,.F.);
#10241=EDGE_LOOP('',(#10237,#10238,#10239,#10240));
#10242=FACE_OUTER_BOUND('',#10241,.F.);
#10243=ADVANCED_FACE('',(#10242),#10236,.F.);
#10244=FILL_AREA_STYLE_COLOUR('',#5277);
#10245=FILL_AREA_STYLE('',(#10244));
#10246=SURFACE_STYLE_FILL_AREA(#10245);
#10247=SURFACE_SIDE_STYLE('',(#10246));
#10248=SURFACE_STYLE_USAGE(.NEGATIVE.,#10247);
#10249=PRESENTATION_STYLE_ASSIGNMENT((#10248));
#10250=OVER_RIDING_STYLED_ITEM('',(#10249),#10243,#10059);
#10251=CLOSED_SHELL('',(#10175,#10190,#10204,#10218,#10231,#10243));
#10252=MANIFOLD_SOLID_BREP('',#10251);
#10253=FILL_AREA_STYLE_COLOUR('',#28);
#10254=FILL_AREA_STYLE('',(#10253));
#10255=SURFACE_STYLE_FILL_AREA(#10254);
#10256=SURFACE_SIDE_STYLE('',(#10255));
#10257=SURFACE_STYLE_USAGE(.POSITIVE.,#10256);
#10258=PRESENTATION_STYLE_ASSIGNMENT((#10257));
#10059=STYLED_ITEM('',(#10258),#10252);
#10260=DIRECTION('',(0.E0,1.E0,0.E0));
#10261=VECTOR('',#10260,1.E-1);
#10262=CARTESIAN_POINT('',(-2.48E0,1.E-1,1.4E0));
#10263=LINE('',#10262,#10261);
#10264=CURVE_STYLE('',#48,POSITIVE_LENGTH_MEASURE(2.E-2),#28);
#10265=PRESENTATION_STYLE_ASSIGNMENT((#10264));
#10266=STYLED_ITEM('',(#10265),#10263);
#10267=DIRECTION('',(0.E0,1.E0,0.E0));
#10268=VECTOR('',#10267,1.E-1);
#10269=CARTESIAN_POINT('',(-2.5E0,1.E-1,1.4E0));
#10270=LINE('',#10269,#10268);
#10271=CURVE_STYLE('',#48,POSITIVE_LENGTH_MEASURE(2.E-2),#28);
#10272=PRESENTATION_STYLE_ASSIGNMENT((#10271));
#10273=STYLED_ITEM('',(#10272),#10270);
#10274=DIRECTION('',(1.E0,0.E0,0.E0));
#10275=VECTOR('',#10274,2.E-2);
#10276=CARTESIAN_POINT('',(-2.5E0,2.E-1,1.4E0));
#10277=LINE('',#10276,#10275);
#10278=CURVE_STYLE('',#48,POSITIVE_LENGTH_MEASURE(2.E-2),#28);
#10279=PRESENTATION_STYLE_ASSIGNMENT((#10278));
#10280=STYLED_ITEM('',(#10279),#10277);
#10281=DIRECTION('',(0.E0,0.E0,-1.E0));
#10282=VECTOR('',#10281,2.E-1);
#10283=CARTESIAN_POINT('',(-2.48E0,2.E-1,1.4E0));
#10284=LINE('',#10283,#10282);
#10285=CURVE_STYLE('',#48,POSITIVE_LENGTH_MEASURE(2.E-2),#28);
#10286=PRESENTATION_STYLE_ASSIGNMENT((#10285));
#10287=STYLED_ITEM('',(#10286),#10284);
#10288=DIRECTION('',(0.E0,0.E0,-1.E0));
#10289=VECTOR('',#10288,2.E-1);
#10290=CARTESIAN_POINT('',(-2.5E0,2.E-1,1.4E0));
#10291=LINE('',#10290,#10289);
#10292=CURVE_STYLE('',#48,POSITIVE_LENGTH_MEASURE(2.E-2),#28);
#10293=PRESENTATION_STYLE_ASSIGNMENT((#10292));
#10294=STYLED_ITEM('',(#10293),#10291);
#10295=DIRECTION('',(1.E0,0.E0,0.E0));
#10296=VECTOR('',#10295,2.E-2);
#10297=CARTESIAN_POINT('',(-2.5E0,2.E-1,1.2E0));
#10298=LINE('',#10297,#10296);
#10299=CURVE_STYLE('',#48,POSITIVE_LENGTH_MEASURE(2.E-2),#28);
#10300=PRESENTATION_STYLE_ASSIGNMENT((#10299));
#10301=STYLED_ITEM('',(#10300),#10298);
#10302=DIRECTION('',(0.E0,0.E0,1.E0));
#10303=VECTOR('',#10302,2.E-1);
#10304=CARTESIAN_POINT('',(-2.48E0,1.E-1,1.2E0));
#10305=LINE('',#10304,#10303);
#10306=CURVE_STYLE('',#48,POSITIVE_LENGTH_MEASURE(2.E-2),#28);
#10307=PRESENTATION_STYLE_ASSIGNMENT((#10306));
#10308=STYLED_ITEM('',(#10307),#10305);
#10309=DIRECTION('',(1.E0,0.E0,2.220446049250E-14));
#10310=VECTOR('',#10309,2.E-2);
#10311=CARTESIAN_POINT('',(-2.5E0,1.E-1,1.2E0));
#10312=LINE('',#10311,#10310);
#10313=CURVE_STYLE('',#48,POSITIVE_LENGTH_MEASURE(2.E-2),#28);
#10314=PRESENTATION_STYLE_ASSIGNMENT((#10313));
#10315=STYLED_ITEM('',(#10314),#10312);
#10316=DIRECTION('',(0.E0,0.E0,-1.E0));
#10317=VECTOR('',#10316,2.E-1);
#10318=CARTESIAN_POINT('',(-2.5E0,1.E-1,1.4E0));
#10319=LINE('',#10318,#10317);
#10320=CURVE_STYLE('',#48,POSITIVE_LENGTH_MEASURE(2.E-2),#28);
#10321=PRESENTATION_STYLE_ASSIGNMENT((#10320));
#10322=STYLED_ITEM('',(#10321),#10319);
#10323=DIRECTION('',(-1.E0,0.E0,0.E0));
#10324=VECTOR('',#10323,2.E-2);
#10325=CARTESIAN_POINT('',(-2.48E0,1.E-1,1.4E0));
#10326=LINE('',#10325,#10324);
#10327=CURVE_STYLE('',#48,POSITIVE_LENGTH_MEASURE(2.E-2),#28);
#10328=PRESENTATION_STYLE_ASSIGNMENT((#10327));
#10329=STYLED_ITEM('',(#10328),#10326);
#10330=DIRECTION('',(0.E0,-1.E0,0.E0));
#10331=VECTOR('',#10330,1.E-1);
#10332=CARTESIAN_POINT('',(-2.48E0,2.E-1,1.2E0));
#10333=LINE('',#10332,#10331);
#10334=CURVE_STYLE('',#48,POSITIVE_LENGTH_MEASURE(2.E-2),#28);
#10335=PRESENTATION_STYLE_ASSIGNMENT((#10334));
#10336=STYLED_ITEM('',(#10335),#10333);
#10337=DIRECTION('',(0.E0,-1.E0,0.E0));
#10338=VECTOR('',#10337,1.E-1);
#10339=CARTESIAN_POINT('',(-2.5E0,2.E-1,1.2E0));
#10340=LINE('',#10339,#10338);
#10341=CURVE_STYLE('',#48,POSITIVE_LENGTH_MEASURE(2.E-2),#28);
#10342=PRESENTATION_STYLE_ASSIGNMENT((#10341));
#10343=STYLED_ITEM('',(#10342),#10340);
#10344=CARTESIAN_POINT('',(-2.5E0,2.E-1,1.4E0));
#10345=CARTESIAN_POINT('',(-2.5E0,2.E-1,1.2E0));
#10346=VERTEX_POINT('',#10344);
#10347=VERTEX_POINT('',#10345);
#10348=CARTESIAN_POINT('',(-2.5E0,1.E-1,1.4E0));
#10349=VERTEX_POINT('',#10348);
#10350=CARTESIAN_POINT('',(-2.5E0,1.E-1,1.2E0));
#10351=VERTEX_POINT('',#10350);
#10352=CARTESIAN_POINT('',(-2.48E0,2.E-1,1.4E0));
#10353=CARTESIAN_POINT('',(-2.48E0,2.E-1,1.2E0));
#10354=VERTEX_POINT('',#10352);
#10355=VERTEX_POINT('',#10353);
#10356=CARTESIAN_POINT('',(-2.48E0,1.E-1,1.4E0));
#10357=VERTEX_POINT('',#10356);
#10358=CARTESIAN_POINT('',(-2.48E0,1.E-1,1.2E0));
#10359=VERTEX_POINT('',#10358);
#10360=CARTESIAN_POINT('',(-2.1E0,0.E0,1.4E0));
#10361=DIRECTION('',(0.E0,0.E0,1.E0));
#10362=DIRECTION('',(1.E0,0.E0,0.E0));
#10363=AXIS2_PLACEMENT_3D('',#10360,#10361,#10362);
#10364=PLANE('',#10363);
#10366=ORIENTED_EDGE('',*,*,#10365,.F.);
#10368=ORIENTED_EDGE('',*,*,#10367,.T.);
#10370=ORIENTED_EDGE('',*,*,#10369,.T.);
#10372=ORIENTED_EDGE('',*,*,#10371,.T.);
#10373=EDGE_LOOP('',(#10366,#10368,#10370,#10372));
#10374=FACE_OUTER_BOUND('',#10373,.F.);
#10375=ADVANCED_FACE('',(#10374),#10364,.T.);
#10376=CARTESIAN_POINT('',(-2.48E0,0.E0,0.E0));
#10377=DIRECTION('',(1.E0,0.E0,0.E0));
#10378=DIRECTION('',(0.E0,0.E0,-1.E0));
#10379=AXIS2_PLACEMENT_3D('',#10376,#10377,#10378);
#10380=PLANE('',#10379);
#10382=ORIENTED_EDGE('',*,*,#10381,.T.);
#10384=ORIENTED_EDGE('',*,*,#10383,.T.);
#10386=ORIENTED_EDGE('',*,*,#10385,.T.);
#10387=ORIENTED_EDGE('',*,*,#10365,.T.);
#10388=EDGE_LOOP('',(#10382,#10384,#10386,#10387));
#10389=FACE_OUTER_BOUND('',#10388,.F.);
#10390=ADVANCED_FACE('',(#10389),#10380,.T.);
#10391=CARTESIAN_POINT('',(0.E0,2.E-1,0.E0));
#10392=DIRECTION('',(0.E0,1.E0,0.E0));
#10393=DIRECTION('',(1.E0,0.E0,0.E0));
#10394=AXIS2_PLACEMENT_3D('',#10391,#10392,#10393);
#10395=PLANE('',#10394);
#10396=ORIENTED_EDGE('',*,*,#10381,.F.);
#10397=ORIENTED_EDGE('',*,*,#10371,.F.);
#10399=ORIENTED_EDGE('',*,*,#10398,.T.);
#10401=ORIENTED_EDGE('',*,*,#10400,.T.);
#10402=EDGE_LOOP('',(#10396,#10397,#10399,#10401));
#10403=FACE_OUTER_BOUND('',#10402,.F.);
#10404=ADVANCED_FACE('',(#10403),#10395,.T.);
#10405=CARTESIAN_POINT('',(-2.5E0,2.E-1,2.E0));
#10406=DIRECTION('',(1.E0,0.E0,0.E0));
#10407=DIRECTION('',(0.E0,0.E0,-1.E0));
#10408=AXIS2_PLACEMENT_3D('',#10405,#10406,#10407);
#10409=PLANE('',#10408);
#10410=ORIENTED_EDGE('',*,*,#10369,.F.);
#10412=ORIENTED_EDGE('',*,*,#10411,.T.);
#10414=ORIENTED_EDGE('',*,*,#10413,.F.);
#10415=ORIENTED_EDGE('',*,*,#10398,.F.);
#10416=EDGE_LOOP('',(#10410,#10412,#10414,#10415));
#10417=FACE_OUTER_BOUND('',#10416,.F.);
#10418=ADVANCED_FACE('',(#10417),#10409,.F.);
#10419=FILL_AREA_STYLE_COLOUR('',#5277);
#10420=FILL_AREA_STYLE('',(#10419));
#10421=SURFACE_STYLE_FILL_AREA(#10420);
#10422=SURFACE_SIDE_STYLE('',(#10421));
#10423=SURFACE_STYLE_USAGE(.NEGATIVE.,#10422);
#10424=PRESENTATION_STYLE_ASSIGNMENT((#10423));
#10425=OVER_RIDING_STYLED_ITEM('',(#10424),#10418,#10259);
#10426=CARTESIAN_POINT('',(2.625E0,1.E-1,-2.125E0));
#10427=DIRECTION('',(0.E0,-1.E0,0.E0));
#10428=DIRECTION('',(1.E0,0.E0,0.E0));
#10429=AXIS2_PLACEMENT_3D('',#10426,#10427,#10428);
#10430=PLANE('',#10429);
#10431=ORIENTED_EDGE('',*,*,#10385,.F.);
#10433=ORIENTED_EDGE('',*,*,#10432,.F.);
#10434=ORIENTED_EDGE('',*,*,#10411,.F.);
#10435=ORIENTED_EDGE('',*,*,#10367,.F.);
#10436=EDGE_LOOP('',(#10431,#10433,#10434,#10435));
#10437=FACE_OUTER_BOUND('',#10436,.F.);
#10438=ADVANCED_FACE('',(#10437),#10430,.T.);
#10439=CARTESIAN_POINT('',(-2.55E0,2.E-1,1.2E0));
#10440=DIRECTION('',(0.E0,0.E0,-1.E0));
#10441=DIRECTION('',(1.E0,0.E0,0.E0));
#10442=AXIS2_PLACEMENT_3D('',#10439,#10440,#10441);
#10443=PLANE('',#10442);
#10444=ORIENTED_EDGE('',*,*,#10383,.F.);
#10445=ORIENTED_EDGE('',*,*,#10400,.F.);
#10446=ORIENTED_EDGE('',*,*,#10413,.T.);
#10447=ORIENTED_EDGE('',*,*,#10432,.T.);
#10448=EDGE_LOOP('',(#10444,#10445,#10446,#10447));
#10449=FACE_OUTER_BOUND('',#10448,.F.);
#10450=ADVANCED_FACE('',(#10449),#10443,.T.);
#10451=CLOSED_SHELL('',(#10375,#10390,#10404,#10418,#10438,#10450));
#10452=MANIFOLD_SOLID_BREP('',#10451);
#10453=FILL_AREA_STYLE_COLOUR('',#28);
#10454=FILL_AREA_STYLE('',(#10453));
#10455=SURFACE_STYLE_FILL_AREA(#10454);
#10456=SURFACE_SIDE_STYLE('',(#10455));
#10457=SURFACE_STYLE_USAGE(.POSITIVE.,#10456);
#10458=PRESENTATION_STYLE_ASSIGNMENT((#10457));
#10259=STYLED_ITEM('',(#10458),#10452);
#10460=DIRECTION('',(0.E0,1.E0,0.E0));
#10461=VECTOR('',#10460,1.E-1);
#10462=CARTESIAN_POINT('',(-2.48E0,1.E-1,-1.4E0));
#10463=LINE('',#10462,#10461);
#10464=CURVE_STYLE('',#48,POSITIVE_LENGTH_MEASURE(2.E-2),#28);
#10465=PRESENTATION_STYLE_ASSIGNMENT((#10464));
#10466=STYLED_ITEM('',(#10465),#10463);
#10467=DIRECTION('',(-1.E0,0.E0,0.E0));
#10468=VECTOR('',#10467,2.E-2);
#10469=CARTESIAN_POINT('',(-2.48E0,2.E-1,-1.4E0));
#10470=LINE('',#10469,#10468);
#10471=CURVE_STYLE('',#48,POSITIVE_LENGTH_MEASURE(2.E-2),#28);
#10472=PRESENTATION_STYLE_ASSIGNMENT((#10471));
#10473=STYLED_ITEM('',(#10472),#10470);
#10474=DIRECTION('',(0.E0,1.E0,0.E0));
#10475=VECTOR('',#10474,1.E-1);
#10476=CARTESIAN_POINT('',(-2.5E0,1.E-1,-1.4E0));
#10477=LINE('',#10476,#10475);
#10478=CURVE_STYLE('',#48,POSITIVE_LENGTH_MEASURE(2.E-2),#28);
#10479=PRESENTATION_STYLE_ASSIGNMENT((#10478));
#10480=STYLED_ITEM('',(#10479),#10477);
#10481=DIRECTION('',(0.E0,0.E0,-1.E0));
#10482=VECTOR('',#10481,2.E-1);
#10483=CARTESIAN_POINT('',(-2.48E0,2.E-1,-1.2E0));
#10484=LINE('',#10483,#10482);
#10485=CURVE_STYLE('',#48,POSITIVE_LENGTH_MEASURE(2.E-2),#28);
#10486=PRESENTATION_STYLE_ASSIGNMENT((#10485));
#10487=STYLED_ITEM('',(#10486),#10484);
#10488=DIRECTION('',(-1.E0,0.E0,1.110223024625E-14));
#10489=VECTOR('',#10488,2.E-2);
#10490=CARTESIAN_POINT('',(-2.48E0,2.E-1,-1.2E0));
#10491=LINE('',#10490,#10489);
#10492=CURVE_STYLE('',#48,POSITIVE_LENGTH_MEASURE(2.E-2),#28);
#10493=PRESENTATION_STYLE_ASSIGNMENT((#10492));
#10494=STYLED_ITEM('',(#10493),#10491);
#10495=DIRECTION('',(0.E0,0.E0,-1.E0));
#10496=VECTOR('',#10495,2.E-1);
#10497=CARTESIAN_POINT('',(-2.5E0,2.E-1,-1.2E0));
#10498=LINE('',#10497,#10496);
#10499=CURVE_STYLE('',#48,POSITIVE_LENGTH_MEASURE(2.E-2),#28);
#10500=PRESENTATION_STYLE_ASSIGNMENT((#10499));
#10501=STYLED_ITEM('',(#10500),#10498);
#10502=DIRECTION('',(0.E0,-1.E0,0.E0));
#10503=VECTOR('',#10502,1.E-1);
#10504=CARTESIAN_POINT('',(-2.48E0,2.E-1,-1.2E0));
#10505=LINE('',#10504,#10503);
#10506=CURVE_STYLE('',#48,POSITIVE_LENGTH_MEASURE(2.E-2),#28);
#10507=PRESENTATION_STYLE_ASSIGNMENT((#10506));
#10508=STYLED_ITEM('',(#10507),#10505);
#10509=DIRECTION('',(0.E0,-1.E0,0.E0));
#10510=VECTOR('',#10509,1.E-1);
#10511=CARTESIAN_POINT('',(-2.5E0,2.E-1,-1.2E0));
#10512=LINE('',#10511,#10510);
#10513=CURVE_STYLE('',#48,POSITIVE_LENGTH_MEASURE(2.E-2),#28);
#10514=PRESENTATION_STYLE_ASSIGNMENT((#10513));
#10515=STYLED_ITEM('',(#10514),#10512);
#10516=DIRECTION('',(0.E0,0.E0,1.E0));
#10517=VECTOR('',#10516,2.E-1);
#10518=CARTESIAN_POINT('',(-2.48E0,1.E-1,-1.4E0));
#10519=LINE('',#10518,#10517);
#10520=CURVE_STYLE('',#48,POSITIVE_LENGTH_MEASURE(2.E-2),#28);
#10521=PRESENTATION_STYLE_ASSIGNMENT((#10520));
#10522=STYLED_ITEM('',(#10521),#10519);
#10523=DIRECTION('',(1.E0,0.E0,0.E0));
#10524=VECTOR('',#10523,2.E-2);
#10525=CARTESIAN_POINT('',(-2.5E0,1.E-1,-1.4E0));
#10526=LINE('',#10525,#10524);
#10527=CURVE_STYLE('',#48,POSITIVE_LENGTH_MEASURE(2.E-2),#28);
#10528=PRESENTATION_STYLE_ASSIGNMENT((#10527));
#10529=STYLED_ITEM('',(#10528),#10526);
#10530=DIRECTION('',(0.E0,0.E0,-1.E0));
#10531=VECTOR('',#10530,2.E-1);
#10532=CARTESIAN_POINT('',(-2.5E0,1.E-1,-1.2E0));
#10533=LINE('',#10532,#10531);
#10534=CURVE_STYLE('',#48,POSITIVE_LENGTH_MEASURE(2.E-2),#28);
#10535=PRESENTATION_STYLE_ASSIGNMENT((#10534));
#10536=STYLED_ITEM('',(#10535),#10533);
#10537=DIRECTION('',(-1.E0,0.E0,-1.110223024625E-14));
#10538=VECTOR('',#10537,2.E-2);
#10539=CARTESIAN_POINT('',(-2.48E0,1.E-1,-1.2E0));
#10540=LINE('',#10539,#10538);
#10541=CURVE_STYLE('',#48,POSITIVE_LENGTH_MEASURE(2.E-2),#28);
#10542=PRESENTATION_STYLE_ASSIGNMENT((#10541));
#10543=STYLED_ITEM('',(#10542),#10540);
#10544=CARTESIAN_POINT('',(-2.5E0,2.E-1,-1.2E0));
#10545=CARTESIAN_POINT('',(-2.5E0,2.E-1,-1.4E0));
#10546=VERTEX_POINT('',#10544);
#10547=VERTEX_POINT('',#10545);
#10548=CARTESIAN_POINT('',(-2.5E0,1.E-1,-1.4E0));
#10549=VERTEX_POINT('',#10548);
#10550=CARTESIAN_POINT('',(-2.5E0,1.E-1,-1.2E0));
#10551=VERTEX_POINT('',#10550);
#10552=CARTESIAN_POINT('',(-2.48E0,2.E-1,-1.2E0));
#10553=CARTESIAN_POINT('',(-2.48E0,2.E-1,-1.4E0));
#10554=VERTEX_POINT('',#10552);
#10555=VERTEX_POINT('',#10553);
#10556=CARTESIAN_POINT('',(-2.48E0,1.E-1,-1.4E0));
#10557=VERTEX_POINT('',#10556);
#10558=CARTESIAN_POINT('',(-2.48E0,1.E-1,-1.2E0));
#10559=VERTEX_POINT('',#10558);
#10560=CARTESIAN_POINT('',(2.1E0,0.E0,-1.4E0));
#10561=DIRECTION('',(0.E0,0.E0,-1.E0));
#10562=DIRECTION('',(-1.E0,0.E0,0.E0));
#10563=AXIS2_PLACEMENT_3D('',#10560,#10561,#10562);
#10564=PLANE('',#10563);
#10566=ORIENTED_EDGE('',*,*,#10565,.T.);
#10568=ORIENTED_EDGE('',*,*,#10567,.T.);
#10570=ORIENTED_EDGE('',*,*,#10569,.F.);
#10572=ORIENTED_EDGE('',*,*,#10571,.T.);
#10573=EDGE_LOOP('',(#10566,#10568,#10570,#10572));
#10574=FACE_OUTER_BOUND('',#10573,.F.);
#10575=ADVANCED_FACE('',(#10574),#10564,.T.);
#10576=CARTESIAN_POINT('',(-2.48E0,0.E0,0.E0));
#10577=DIRECTION('',(1.E0,0.E0,0.E0));
#10578=DIRECTION('',(0.E0,0.E0,-1.E0));
#10579=AXIS2_PLACEMENT_3D('',#10576,#10577,#10578);
#10580=PLANE('',#10579);
#10582=ORIENTED_EDGE('',*,*,#10581,.T.);
#10583=ORIENTED_EDGE('',*,*,#10565,.F.);
#10585=ORIENTED_EDGE('',*,*,#10584,.T.);
#10587=ORIENTED_EDGE('',*,*,#10586,.F.);
#10588=EDGE_LOOP('',(#10582,#10583,#10585,#10587));
#10589=FACE_OUTER_BOUND('',#10588,.F.);
#10590=ADVANCED_FACE('',(#10589),#10580,.T.);
#10591=CARTESIAN_POINT('',(0.E0,2.E-1,0.E0));
#10592=DIRECTION('',(0.E0,1.E0,0.E0));
#10593=DIRECTION('',(1.E0,0.E0,0.E0));
#10594=AXIS2_PLACEMENT_3D('',#10591,#10592,#10593);
#10595=PLANE('',#10594);
#10596=ORIENTED_EDGE('',*,*,#10581,.F.);
#10598=ORIENTED_EDGE('',*,*,#10597,.T.);
#10600=ORIENTED_EDGE('',*,*,#10599,.T.);
#10601=ORIENTED_EDGE('',*,*,#10567,.F.);
#10602=EDGE_LOOP('',(#10596,#10598,#10600,#10601));
#10603=FACE_OUTER_BOUND('',#10602,.F.);
#10604=ADVANCED_FACE('',(#10603),#10595,.T.);
#10605=CARTESIAN_POINT('',(-2.1E0,2.E-1,-1.2E0));
#10606=DIRECTION('',(0.E0,0.E0,1.E0));
#10607=DIRECTION('',(-1.E0,0.E0,0.E0));
#10608=AXIS2_PLACEMENT_3D('',#10605,#10606,#10607);
#10609=PLANE('',#10608);
#10610=ORIENTED_EDGE('',*,*,#10586,.T.);
#10612=ORIENTED_EDGE('',*,*,#10611,.T.);
#10614=ORIENTED_EDGE('',*,*,#10613,.F.);
#10615=ORIENTED_EDGE('',*,*,#10597,.F.);
#10616=EDGE_LOOP('',(#10610,#10612,#10614,#10615));
#10617=FACE_OUTER_BOUND('',#10616,.F.);
#10618=ADVANCED_FACE('',(#10617),#10609,.T.);
#10619=CARTESIAN_POINT('',(2.625E0,1.E-1,-2.125E0));
#10620=DIRECTION('',(0.E0,-1.E0,0.E0));
#10621=DIRECTION('',(1.E0,0.E0,0.E0));
#10622=AXIS2_PLACEMENT_3D('',#10619,#10620,#10621);
#10623=PLANE('',#10622);
#10624=ORIENTED_EDGE('',*,*,#10584,.F.);
#10625=ORIENTED_EDGE('',*,*,#10571,.F.);
#10627=ORIENTED_EDGE('',*,*,#10626,.F.);
#10628=ORIENTED_EDGE('',*,*,#10611,.F.);
#10629=EDGE_LOOP('',(#10624,#10625,#10627,#10628));
#10630=FACE_OUTER_BOUND('',#10629,.F.);
#10631=ADVANCED_FACE('',(#10630),#10623,.T.);
#10632=CARTESIAN_POINT('',(-2.5E0,2.E-1,2.E0));
#10633=DIRECTION('',(1.E0,0.E0,0.E0));
#10634=DIRECTION('',(0.E0,0.E0,-1.E0));
#10635=AXIS2_PLACEMENT_3D('',#10632,#10633,#10634);
#10636=PLANE('',#10635);
#10637=ORIENTED_EDGE('',*,*,#10613,.T.);
#10638=ORIENTED_EDGE('',*,*,#10626,.T.);
#10639=ORIENTED_EDGE('',*,*,#10569,.T.);
#10640=ORIENTED_EDGE('',*,*,#10599,.F.);
#10641=EDGE_LOOP('',(#10637,#10638,#10639,#10640));
#10642=FACE_OUTER_BOUND('',#10641,.F.);
#10643=ADVANCED_FACE('',(#10642),#10636,.F.);
#10644=FILL_AREA_STYLE_COLOUR('',#5277);
#10645=FILL_AREA_STYLE('',(#10644));
#10646=SURFACE_STYLE_FILL_AREA(#10645);
#10647=SURFACE_SIDE_STYLE('',(#10646));
#10648=SURFACE_STYLE_USAGE(.NEGATIVE.,#10647);
#10649=PRESENTATION_STYLE_ASSIGNMENT((#10648));
#10650=OVER_RIDING_STYLED_ITEM('',(#10649),#10643,#10459);
#10651=CLOSED_SHELL('',(#10575,#10590,#10604,#10618,#10631,#10643));
#10652=MANIFOLD_SOLID_BREP('',#10651);
#10653=FILL_AREA_STYLE_COLOUR('',#28);
#10654=FILL_AREA_STYLE('',(#10653));
#10655=SURFACE_STYLE_FILL_AREA(#10654);
#10656=SURFACE_SIDE_STYLE('',(#10655));
#10657=SURFACE_STYLE_USAGE(.POSITIVE.,#10656);
#10658=PRESENTATION_STYLE_ASSIGNMENT((#10657));
#10459=STYLED_ITEM('',(#10658),#10652);
#10660=DIRECTION('',(-9.999999999950E-1,0.E0,3.151105088109E-6));
#10661=VECTOR('',#10660,3.749189852968E0);
#10662=CARTESIAN_POINT('',(1.748761124996E0,9.377685839078E-3,
-1.300440548762E0));
#10663=LINE('',#10662,#10661);
#10664=CURVE_STYLE('',#48,POSITIVE_LENGTH_MEASURE(2.E-2),#28);
#10665=PRESENTATION_STYLE_ASSIGNMENT((#10664));
#10666=STYLED_ITEM('',(#10665),#10663);
#10667=DIRECTION('',(-7.071067811865E-1,0.E0,-7.071067811865E-1));
#10668=VECTOR('',#10667,3.559284544609E-1);
#10669=CARTESIAN_POINT('',(2.000440548762E0,9.377685839078E-3,
-1.048761124996E0));
#10670=LINE('',#10669,#10668);
#10671=CURVE_STYLE('',#48,POSITIVE_LENGTH_MEASURE(2.E-2),#28);
#10672=PRESENTATION_STYLE_ASSIGNMENT((#10671));
#10673=STYLED_ITEM('',(#10672),#10670);
#10674=CARTESIAN_POINT('',(1.748578643763E0,0.E0,-1.3E0));
#10675=CARTESIAN_POINT('',(1.748579766966E0,1.557465175263E-3,
-1.299998876796E0));
#10676=CARTESIAN_POINT('',(1.748611124996E0,4.680186286691E-3,
-1.300070540621E0));
#10677=CARTESIAN_POINT('',(1.748700836681E0,7.811587900359E-3,
-1.300292221057E0));
#10678=CARTESIAN_POINT('',(1.748761124996E0,9.377685839078E-3,
-1.300440548762E0));
#10680=CURVE_STYLE('',#48,POSITIVE_LENGTH_MEASURE(2.E-2),#28);
#10681=PRESENTATION_STYLE_ASSIGNMENT((#10680));
#10682=STYLED_ITEM('',(#10681),#10679);
#10683=CARTESIAN_POINT('',(2.E0,0.E0,-1.048578643763E0));
#10684=CARTESIAN_POINT('',(1.999998876796E0,1.557465175263E-3,
-1.048579766966E0));
#10685=CARTESIAN_POINT('',(2.000070540621E0,4.680186286691E-3,
-1.048611124996E0));
#10686=CARTESIAN_POINT('',(2.000292221057E0,7.811587900359E-3,
-1.048700836681E0));
#10687=CARTESIAN_POINT('',(2.000440548762E0,9.377685839078E-3,
-1.048761124996E0));
#10689=CURVE_STYLE('',#48,POSITIVE_LENGTH_MEASURE(2.E-2),#28);
#10690=PRESENTATION_STYLE_ASSIGNMENT((#10689));
#10691=STYLED_ITEM('',(#10690),#10688);
#10692=DIRECTION('',(-1.E0,0.E0,0.E0));
#10693=VECTOR('',#10692,3.748578643763E0);
#10694=CARTESIAN_POINT('',(1.748578643763E0,0.E0,-1.3E0));
#10695=LINE('',#10694,#10693);
#10696=CURVE_STYLE('',#48,POSITIVE_LENGTH_MEASURE(2.E-2),#28);
#10697=PRESENTATION_STYLE_ASSIGNMENT((#10696));
#10698=STYLED_ITEM('',(#10697),#10695);
#10699=DIRECTION('',(0.E0,0.E0,1.E0));
#10700=VECTOR('',#10699,2.6E0);
#10701=CARTESIAN_POINT('',(-2.E0,0.E0,-1.3E0));
#10702=LINE('',#10701,#10700);
#10703=CURVE_STYLE('',#48,POSITIVE_LENGTH_MEASURE(2.E-2),#28);
#10704=PRESENTATION_STYLE_ASSIGNMENT((#10703));
#10705=STYLED_ITEM('',(#10704),#10702);
#10706=DIRECTION('',(1.E0,0.E0,0.E0));
#10707=VECTOR('',#10706,4.E0);
#10708=CARTESIAN_POINT('',(-2.E0,0.E0,1.3E0));
#10709=LINE('',#10708,#10707);
#10710=CURVE_STYLE('',#48,POSITIVE_LENGTH_MEASURE(2.E-2),#28);
#10711=PRESENTATION_STYLE_ASSIGNMENT((#10710));
#10712=STYLED_ITEM('',(#10711),#10709);
#10713=DIRECTION('',(0.E0,0.E0,-1.E0));
#10714=VECTOR('',#10713,2.348578643763E0);
#10715=CARTESIAN_POINT('',(2.E0,0.E0,1.3E0));
#10716=LINE('',#10715,#10714);
#10717=CURVE_STYLE('',#48,POSITIVE_LENGTH_MEASURE(2.E-2),#28);
#10718=PRESENTATION_STYLE_ASSIGNMENT((#10717));
#10719=STYLED_ITEM('',(#10718),#10716);
#10720=DIRECTION('',(-7.071067811865E-1,0.E0,-7.071067811865E-1));
#10721=VECTOR('',#10720,3.555634918610E-1);
#10722=CARTESIAN_POINT('',(2.E0,0.E0,-1.048578643763E0));
#10723=LINE('',#10722,#10721);
#10724=CURVE_STYLE('',#48,POSITIVE_LENGTH_MEASURE(2.E-2),#28);
#10725=PRESENTATION_STYLE_ASSIGNMENT((#10724));
#10726=STYLED_ITEM('',(#10725),#10723);
#10727=DIRECTION('',(-2.582758984575E-9,0.E0,1.E0));
#10728=VECTOR('',#10727,2.600857462625E0);
#10729=CARTESIAN_POINT('',(-2.000428727954E0,9.377685839078E-3,
-1.300428734671E0));
#10730=LINE('',#10729,#10728);
#10731=CURVE_STYLE('',#48,POSITIVE_LENGTH_MEASURE(2.E-2),#28);
#10732=PRESENTATION_STYLE_ASSIGNMENT((#10731));
#10733=STYLED_ITEM('',(#10732),#10730);
#10734=CARTESIAN_POINT('',(-2.E0,0.E0,-1.3E0));
#10735=CARTESIAN_POINT('',(-2.E0,1.535228502163E-3,-1.299985866595E0));
#10736=CARTESIAN_POINT('',(-2.000076687998E0,4.635736594142E-3,
-1.300027267284E0));
#10737=CARTESIAN_POINT('',(-2.000279128866E0,7.789449218926E-3,
-1.300279650552E0));
#10738=CARTESIAN_POINT('',(-2.000428727954E0,9.377685839078E-3,
-1.300428734671E0));
#10740=CURVE_STYLE('',#48,POSITIVE_LENGTH_MEASURE(2.E-2),#28);
#10741=PRESENTATION_STYLE_ASSIGNMENT((#10740));
#10742=STYLED_ITEM('',(#10741),#10739);
#10743=DIRECTION('',(1.E0,0.E0,1.678987355128E-9));
#10744=VECTOR('',#10743,4.000857462625E0);
#10745=CARTESIAN_POINT('',(-2.000428734671E0,9.377685839078E-3,
1.300428727954E0));
#10746=LINE('',#10745,#10744);
#10747=CURVE_STYLE('',#48,POSITIVE_LENGTH_MEASURE(2.E-2),#28);
#10748=PRESENTATION_STYLE_ASSIGNMENT((#10747));
#10749=STYLED_ITEM('',(#10748),#10746);
#10750=CARTESIAN_POINT('',(-2.E0,0.E0,1.3E0));
#10751=CARTESIAN_POINT('',(-1.999985866595E0,1.535228502163E-3,1.3E0));
#10752=CARTESIAN_POINT('',(-2.000027267284E0,4.635736594142E-3,
1.300076687998E0));
#10753=CARTESIAN_POINT('',(-2.000279650552E0,7.789449218926E-3,
1.300279128866E0));
#10754=CARTESIAN_POINT('',(-2.000428734671E0,9.377685839078E-3,
1.300428727954E0));
#10756=CURVE_STYLE('',#48,POSITIVE_LENGTH_MEASURE(2.E-2),#28);
#10757=PRESENTATION_STYLE_ASSIGNMENT((#10756));
#10758=STYLED_ITEM('',(#10757),#10755);
#10759=DIRECTION('',(5.031866011948E-6,0.E0,-9.999999999873E-1));
#10760=VECTOR('',#10759,2.349189859696E0);
#10761=CARTESIAN_POINT('',(2.000428727954E0,9.377685839078E-3,
1.300428734671E0));
#10762=LINE('',#10761,#10760);
#10763=CURVE_STYLE('',#48,POSITIVE_LENGTH_MEASURE(2.E-2),#28);
#10764=PRESENTATION_STYLE_ASSIGNMENT((#10763));
#10765=STYLED_ITEM('',(#10764),#10762);
#10766=CARTESIAN_POINT('',(2.E0,0.E0,1.3E0));
#10767=CARTESIAN_POINT('',(2.E0,1.535228502163E-3,1.299985866595E0));
#10768=CARTESIAN_POINT('',(2.000076687998E0,4.635736594142E-3,
1.300027267284E0));
#10769=CARTESIAN_POINT('',(2.000279128866E0,7.789449218926E-3,
1.300279650552E0));
#10770=CARTESIAN_POINT('',(2.000428727954E0,9.377685839078E-3,
1.300428734671E0));
#10772=CURVE_STYLE('',#48,POSITIVE_LENGTH_MEASURE(2.E-2),#28);
#10773=PRESENTATION_STYLE_ASSIGNMENT((#10772));
#10774=STYLED_ITEM('',(#10773),#10771);
#10775=CARTESIAN_POINT('',(1.748578643763E0,0.E0,-1.3E0));
#10776=CARTESIAN_POINT('',(-2.E0,0.E0,-1.3E0));
#10777=VERTEX_POINT('',#10775);
#10778=VERTEX_POINT('',#10776);
#10779=CARTESIAN_POINT('',(-2.E0,0.E0,1.3E0));
#10780=VERTEX_POINT('',#10779);
#10781=CARTESIAN_POINT('',(2.E0,0.E0,1.3E0));
#10782=VERTEX_POINT('',#10781);
#10783=CARTESIAN_POINT('',(2.E0,0.E0,-1.048578643763E0));
#10784=VERTEX_POINT('',#10783);
#10785=CARTESIAN_POINT('',(1.748761124996E0,9.377685839078E-3,
-1.300440548762E0));
#10786=CARTESIAN_POINT('',(-2.000428727954E0,9.377685839078E-3,
-1.300428734671E0));
#10787=VERTEX_POINT('',#10785);
#10788=VERTEX_POINT('',#10786);
#10789=CARTESIAN_POINT('',(-2.000428734671E0,9.377685839078E-3,
1.300428727954E0));
#10790=VERTEX_POINT('',#10789);
#10791=CARTESIAN_POINT('',(2.000428727954E0,9.377685839078E-3,
1.300428734671E0));
#10792=VERTEX_POINT('',#10791);
#10793=CARTESIAN_POINT('',(2.000440548762E0,9.377685839078E-3,
-1.048761124996E0));
#10794=VERTEX_POINT('',#10793);
#10795=CARTESIAN_POINT('',(1.79E0,0.E0,-1.4E0));
#10796=DIRECTION('',(-1.E0,0.E0,0.E0));
#10797=DIRECTION('',(0.E0,0.E0,-1.E0));
#10798=AXIS2_PLACEMENT_3D('',#10795,#10796,#10797);
#10799=CYLINDRICAL_SURFACE('',#10798,1.E-1);
#10801=ORIENTED_EDGE('',*,*,#10800,.T.);
#10803=ORIENTED_EDGE('',*,*,#10802,.F.);
#10805=ORIENTED_EDGE('',*,*,#10804,.F.);
#10807=ORIENTED_EDGE('',*,*,#10806,.T.);
#10808=EDGE_LOOP('',(#10801,#10803,#10805,#10807));
#10809=FACE_OUTER_BOUND('',#10808,.F.);
#10810=ADVANCED_FACE('',(#10809),#10799,.F.);
#10811=CARTESIAN_POINT('',(-2.48E0,9.377685839078E-3,1.987348385653E0));
#10812=DIRECTION('',(0.E0,-1.E0,0.E0));
#10813=DIRECTION('',(0.E0,0.E0,-1.E0));
#10814=AXIS2_PLACEMENT_3D('',#10811,#10812,#10813);
#10815=PLANE('',#10814);
#10816=ORIENTED_EDGE('',*,*,#10800,.F.);
#10818=ORIENTED_EDGE('',*,*,#10817,.F.);
#10820=ORIENTED_EDGE('',*,*,#10819,.F.);
#10822=ORIENTED_EDGE('',*,*,#10821,.F.);
#10824=ORIENTED_EDGE('',*,*,#10823,.F.);
#10825=EDGE_LOOP('',(#10816,#10818,#10820,#10822,#10824));
#10826=FACE_OUTER_BOUND('',#10825,.F.);
#10827=ADVANCED_FACE('',(#10826),#10815,.F.);
#10828=CARTESIAN_POINT('',(2.1E0,0.E0,-1.09E0));
#10829=DIRECTION('',(-7.071067811865E-1,0.E0,-7.071067811865E-1));
#10830=DIRECTION('',(7.071067811865E-1,0.E0,-7.071067811865E-1));
#10831=AXIS2_PLACEMENT_3D('',#10828,#10829,#10830);
#10832=CYLINDRICAL_SURFACE('',#10831,1.E-1);
#10833=ORIENTED_EDGE('',*,*,#10817,.T.);
#10834=ORIENTED_EDGE('',*,*,#10806,.F.);
#10836=ORIENTED_EDGE('',*,*,#10835,.F.);
#10838=ORIENTED_EDGE('',*,*,#10837,.T.);
#10839=EDGE_LOOP('',(#10833,#10834,#10836,#10838));
#10840=FACE_OUTER_BOUND('',#10839,.F.);
#10841=ADVANCED_FACE('',(#10840),#10832,.F.);
#10842=CARTESIAN_POINT('',(0.E0,0.E0,0.E0));
#10843=DIRECTION('',(0.E0,1.E0,0.E0));
#10844=DIRECTION('',(1.E0,0.E0,0.E0));
#10845=AXIS2_PLACEMENT_3D('',#10842,#10843,#10844);
#10846=PLANE('',#10845);
#10847=ORIENTED_EDGE('',*,*,#10804,.T.);
#10849=ORIENTED_EDGE('',*,*,#10848,.T.);
#10851=ORIENTED_EDGE('',*,*,#10850,.T.);
#10853=ORIENTED_EDGE('',*,*,#10852,.T.);
#10854=ORIENTED_EDGE('',*,*,#10835,.T.);
#10855=EDGE_LOOP('',(#10847,#10849,#10851,#10853,#10854));
#10856=FACE_OUTER_BOUND('',#10855,.F.);
#10857=ADVANCED_FACE('',(#10856),#10846,.F.);
#10858=CARTESIAN_POINT('',(-2.1E0,0.E0,-1.4E0));
#10859=DIRECTION('',(0.E0,0.E0,1.E0));
#10860=DIRECTION('',(-1.E0,0.E0,0.E0));
#10861=AXIS2_PLACEMENT_3D('',#10858,#10859,#10860);
#10862=CYLINDRICAL_SURFACE('',#10861,1.E-1);
#10863=ORIENTED_EDGE('',*,*,#10823,.T.);
#10865=ORIENTED_EDGE('',*,*,#10864,.F.);
#10866=ORIENTED_EDGE('',*,*,#10848,.F.);
#10867=ORIENTED_EDGE('',*,*,#10802,.T.);
#10868=EDGE_LOOP('',(#10863,#10865,#10866,#10867));
#10869=FACE_OUTER_BOUND('',#10868,.F.);
#10870=ADVANCED_FACE('',(#10869),#10862,.F.);
#10871=CARTESIAN_POINT('',(-2.1E0,0.E0,1.4E0));
#10872=DIRECTION('',(1.E0,0.E0,0.E0));
#10873=DIRECTION('',(0.E0,0.E0,1.E0));
#10874=AXIS2_PLACEMENT_3D('',#10871,#10872,#10873);
#10875=CYLINDRICAL_SURFACE('',#10874,1.E-1);
#10876=ORIENTED_EDGE('',*,*,#10821,.T.);
#10878=ORIENTED_EDGE('',*,*,#10877,.F.);
#10879=ORIENTED_EDGE('',*,*,#10850,.F.);
#10880=ORIENTED_EDGE('',*,*,#10864,.T.);
#10881=EDGE_LOOP('',(#10876,#10878,#10879,#10880));
#10882=FACE_OUTER_BOUND('',#10881,.F.);
#10883=ADVANCED_FACE('',(#10882),#10875,.F.);
#10884=CARTESIAN_POINT('',(2.1E0,0.E0,1.4E0));
#10885=DIRECTION('',(0.E0,0.E0,-1.E0));
#10886=DIRECTION('',(1.E0,0.E0,0.E0));
#10887=AXIS2_PLACEMENT_3D('',#10884,#10885,#10886);
#10888=CYLINDRICAL_SURFACE('',#10887,1.E-1);
#10889=ORIENTED_EDGE('',*,*,#10819,.T.);
#10890=ORIENTED_EDGE('',*,*,#10837,.F.);
#10891=ORIENTED_EDGE('',*,*,#10852,.F.);
#10892=ORIENTED_EDGE('',*,*,#10877,.T.);
#10893=EDGE_LOOP('',(#10889,#10890,#10891,#10892));
#10894=FACE_OUTER_BOUND('',#10893,.F.);
#10895=ADVANCED_FACE('',(#10894),#10888,.F.);
#10896=CLOSED_SHELL('',(#10810,#10827,#10841,#10857,#10870,#10883,#10895));
#10897=MANIFOLD_SOLID_BREP('',#10896);
#10898=FILL_AREA_STYLE_COLOUR('',#28);
#10899=FILL_AREA_STYLE('',(#10898));
#10900=SURFACE_STYLE_FILL_AREA(#10899);
#10901=SURFACE_SIDE_STYLE('',(#10900));
#10902=SURFACE_STYLE_USAGE(.POSITIVE.,#10901);
#10903=PRESENTATION_STYLE_ASSIGNMENT((#10902));
#10659=STYLED_ITEM('',(#10903),#10897);
#10905=DIMENSIONAL_EXPONENTS(0.E0,0.E0,0.E0,0.E0,0.E0,0.E0,0.E0);
#10907=PLANE_ANGLE_MEASURE_WITH_UNIT(PLANE_ANGLE_MEASURE(1.745329251994E-2),
#10906);
#10908=(CONVERSION_BASED_UNIT('DEGREE',#10907)NAMED_UNIT(#10905)PLANE_ANGLE_UNIT());
#10910=UNCERTAINTY_MEASURE_WITH_UNIT(LENGTH_MEASURE(6.757318023674E-4),#10904,
'distance_accuracy_value',
'Maximum model space distance between geometric entities at asserted connectivities');
#10911=(GEOMETRIC_REPRESENTATION_CONTEXT(3)GLOBAL_UNCERTAINTY_ASSIGNED_CONTEXT((
#10910))GLOBAL_UNIT_ASSIGNED_CONTEXT((#10904,#10908,#10909))REPRESENTATION_CONTEXT('ID2','3'));
#10912=CARTESIAN_POINT('',(0.E0,0.E0,0.E0));
#10913=DIRECTION('',(0.E0,0.E0,1.E0));
#10914=DIRECTION('',(1.E0,0.E0,0.E0));
#10917=PRODUCT_CONTEXT('',#5256,'mechanical');
#10918=PRODUCT('FRAME_SDA16B','FRAME_SDA16B','NOT SPECIFIED',(#10917));
#10919=PRODUCT_DEFINITION_FORMATION_WITH_SPECIFIED_SOURCE('42','LAST_VERSION',
#10918,.MADE.);
#10925=CARTESIAN_POINT('',(0.E0,0.E0,0.E0));
#10926=DIRECTION('',(0.E0,0.E0,1.E0));
#10927=DIRECTION('',(1.E0,0.E0,0.E0));
#10928=AXIS2_PLACEMENT_3D('',#10925,#10926,#10927);
#10929=ITEM_DEFINED_TRANSFORMATION('','',#10915,#10928);
#10930=(REPRESENTATION_RELATIONSHIP('','',#10916,#5267)REPRESENTATION_RELATIONSHIP_WITH_TRANSFORMATION(#10929)SHAPE_REPRESENTATION_RELATIONSHIP());
#10931=CONTEXT_DEPENDENT_SHAPE_REPRESENTATION(#10930,#10924);
#10933=DIMENSIONAL_EXPONENTS(0.E0,0.E0,0.E0,0.E0,0.E0,0.E0,0.E0);
#10935=PLANE_ANGLE_MEASURE_WITH_UNIT(PLANE_ANGLE_MEASURE(1.745329251994E-2),
#10934);
#10936=(CONVERSION_BASED_UNIT('DEGREE',#10935)NAMED_UNIT(#10933)PLANE_ANGLE_UNIT());
#10938=UNCERTAINTY_MEASURE_WITH_UNIT(LENGTH_MEASURE(6.452648205708E-4),#10932,
'distance_accuracy_value',
'Maximum model space distance between geometric entities at asserted connectivities');
#10939=(GEOMETRIC_REPRESENTATION_CONTEXT(3)GLOBAL_UNCERTAINTY_ASSIGNED_CONTEXT((
#10938))GLOBAL_UNIT_ASSIGNED_CONTEXT((#10932,#10936,#10937))REPRESENTATION_CONTEXT('ID3','3'));
#10940=CARTESIAN_POINT('',(0.E0,0.E0,0.E0));
#10941=DIRECTION('',(0.E0,0.E0,1.E0));
#10942=DIRECTION('',(1.E0,0.E0,0.E0));
#10944=MECHANICAL_DESIGN_GEOMETRIC_PRESENTATION_REPRESENTATION('',(#51,#58,#65,
#72,#79,#86,#93,#100,#107,#114,#121,#128,#135,#142,#149,#156,#163,#170,#177,
#184,#191,#198,#205,#212,#219,#226,#233,#240,#247,#254,#261,#268,#275,#282,#289,
#296,#303,#310,#317,#324,#331,#338,#345,#352,#359,#366,#373,#380,#387,#394,#401,
#408,#415,#422,#429,#436,#443,#450,#457,#464,#471,#478,#485,#492,#499,#506,#513,
#520,#527,#534,#541,#548,#555,#562,#569,#578,#585,#594,#601,#610,#619,#626,#635,
#642,#649,#656,#663,#670,#677,#684,#691,#698,#705,#712,#720,#727,#734,#741,#748,
#755,#762,#769,#776,#783,#790,#797,#804,#811,#818,#825,#832,#839,#846,#853,#860,
#867,#874,#881,#888,#895,#902,#909,#916,#923,#930,#937,#944,#951,#958,#965,#972,
#979,#986,#993,#1000,#1007,#1014,#1021,#1028,#1035,#1042,#1049,#1056,#1063,
#1070,#1077,#1084,#1091,#1098,#1105,#1112,#1119,#1126,#1133,#1140,#1147,#1154,
#1161,#1169,#1176,#1183,#1190,#1198,#1205,#1212,#1219,#1226,#1233,#1240,#1247,
#1254,#1261,#1268,#1275,#1282,#1290,#1297,#1304,#1311,#1319,#1326,#1333,#1340,
#1347,#1355,#1362,#1369,#1376,#1384,#1391,#1398,#1405,#1412,#1420,#1427,#1434,
#1441,#1449,#1456,#1463,#1470,#1477,#1485,#1492,#1499,#1506,#1514,#1521,#1528,
#1535,#1542,#1550,#1557,#1564,#1571,#1579,#1586,#1593,#1600,#1607,#1615,#1622,
#1629,#1636,#1644,#1651,#1658,#1665,#1672,#1680,#1687,#1694,#1701,#1709,#1716,
#1723,#1730,#1737,#1744,#1751,#1758,#1765,#1772,#1779,#1786,#1793,#1800,#1807,
#1814,#1821,#1828,#1835,#1842,#1849,#1856,#1863,#1870,#1877,#1884,#1891,#1898,
#1905,#1912,#1919,#1926,#1933,#1940,#1947,#1954,#1961,#1968,#1975,#1982,#1989,
#1996,#2003,#2010,#2017,#2024,#2031,#2038,#2045,#2052,#2060,#2067,#2074,#2081,
#2089,#2096,#2103,#2110,#2117,#2124,#2131,#2138,#2145,#2152,#2159,#2166,#2173,
#2180,#2187,#2194,#2201,#2208,#2215,#2222,#2229,#2237,#2245,#2252,#2259,#2266,
#2273,#2280,#2287,#2294,#2302,#2310,#2317,#2324,#2331,#2338,#2345,#2352,#2359,
#2367,#2375,#2382,#2389,#2396,#2403,#2410,#2417,#2424,#2432,#2440,#2447,#2454,
#2461,#2468,#2475,#2482,#2489,#2497,#2505,#2512,#2519,#2526,#2533,#2540,#2547,
#2554,#2562,#2570,#2577,#2584,#2591,#2598,#2605,#2612,#2619,#2627,#43,#5285,
#5292,#5299,#5306,#5313,#5321,#5328,#5335,#5342,#5349,#5356,#5363,#5370,#5377,
#5385,#5392,#5399,#5406,#5473,#5278,#5576,#5583,#5590,#5597,#5604,#5612,#5619,
#5626,#5633,#5640,#5647,#5654,#5661,#5668,#5676,#5683,#5690,#5697,#5759,#5569,
#5862,#5869,#5876,#5883,#5890,#5898,#5905,#5912,#5919,#5926,#5933,#5940,#5947,
#5954,#5962,#5969,#5976,#5983,#6045,#5855,#6148,#6155,#6162,#6169,#6176,#6184,
#6191,#6198,#6205,#6212,#6219,#6226,#6233,#6240,#6248,#6255,#6262,#6269,#6331,
#6141,#6434,#6441,#6448,#6455,#6462,#6470,#6477,#6484,#6491,#6498,#6505,#6512,
#6519,#6526,#6534,#6541,#6548,#6555,#6617,#6427,#6720,#6727,#6734,#6741,#6748,
#6756,#6763,#6770,#6777,#6784,#6791,#6798,#6805,#6812,#6820,#6827,#6834,#6841,
#6903,#6713,#7006,#7013,#7020,#7027,#7034,#7042,#7049,#7056,#7063,#7070,#7077,
#7084,#7091,#7098,#7106,#7113,#7120,#7127,#7189,#6999,#7292,#7299,#7306,#7313,
#7320,#7328,#7335,#7342,#7349,#7356,#7363,#7370,#7377,#7384,#7391,#7399,#7406,
#7413,#7475,#7285,#7578,#7585,#7592,#7599,#7606,#7614,#7621,#7628,#7635,#7642,
#7649,#7656,#7663,#7670,#7677,#7685,#7692,#7699,#7761,#7571,#7864,#7871,#7878,
#7885,#7892,#7900,#7907,#7914,#7921,#7928,#7935,#7942,#7949,#7956,#7963,#7971,
#7978,#7985,#8047,#7857,#8150,#8157,#8164,#8171,#8178,#8186,#8193,#8200,#8207,
#8214,#8221,#8228,#8235,#8242,#8249,#8257,#8264,#8271,#8333,#8143,#8436,#8443,
#8450,#8457,#8464,#8472,#8479,#8486,#8493,#8500,#8507,#8514,#8521,#8528,#8535,
#8543,#8550,#8557,#8619,#8429,#8722,#8729,#8736,#8743,#8750,#8758,#8765,#8772,
#8779,#8786,#8793,#8800,#8807,#8814,#8821,#8829,#8836,#8843,#8905,#8715,#9008,
#9015,#9022,#9029,#9036,#9044,#9051,#9058,#9065,#9072,#9079,#9086,#9093,#9100,
#9107,#9115,#9122,#9129,#9191,#9001,#9294,#9301,#9308,#9315,#9322,#9330,#9337,
#9344,#9351,#9358,#9365,#9372,#9379,#9386,#9394,#9401,#9408,#9415,#9477,#9287,
#9580,#9587,#9594,#9601,#9608,#9616,#9623,#9630,#9637,#9644,#9651,#9658,#9665,
#9672,#9679,#9687,#9694,#9701,#9763,#9573,#9866,#9873,#9880,#9887,#9894,#9901,
#9908,#9915,#9922,#9929,#9936,#9943,#10025,#9859,#10066,#10073,#10080,#10087,
#10094,#10101,#10108,#10115,#10122,#10129,#10136,#10143,#10250,#10059,#10266,
#10273,#10280,#10287,#10294,#10301,#10308,#10315,#10322,#10329,#10336,#10343,
#10425,#10259,#10466,#10473,#10480,#10487,#10494,#10501,#10508,#10515,#10522,
#10529,#10536,#10543,#10650,#10459,#10666,#10673,#10682,#10691,#10698,#10705,
#10712,#10719,#10726,#10733,#10742,#10749,#10758,#10765,#10774,#10659),#10939);
#10945=PRODUCT_DEFINITION_CONTEXT('part definition',#5256,'design');
#10946=PRODUCT_CONTEXT('',#5256,'mechanical');
#10947=PRODUCT('SDA16B_ASM','SDA16B_ASM','NOT SPECIFIED',(#10946));
#10948=PRODUCT_DEFINITION_FORMATION_WITH_SPECIFIED_SOURCE('61','LAST_VERSION',
#10947,.MADE.);
#10950=PRODUCT_TYPE('part','',(#10947,#5260,#10918));
#575=B_SPLINE_CURVE_WITH_KNOTS('',3,(#570,#571,#572,#573,#574),.UNSPECIFIED.,
.F.,.F.,(4,1,4),(0.E0,5.E-1,1.E0),.UNSPECIFIED.);
#591=B_SPLINE_CURVE_WITH_KNOTS('',3,(#586,#587,#588,#589,#590),.UNSPECIFIED.,
.F.,.F.,(4,1,4),(0.E0,5.E-1,1.E0),.UNSPECIFIED.);
#607=B_SPLINE_CURVE_WITH_KNOTS('',3,(#602,#603,#604,#605,#606),.UNSPECIFIED.,
.F.,.F.,(4,1,4),(0.E0,5.E-1,1.E0),.UNSPECIFIED.);
#616=B_SPLINE_CURVE_WITH_KNOTS('',3,(#611,#612,#613,#614,#615),.UNSPECIFIED.,
.F.,.F.,(4,1,4),(0.E0,5.E-1,1.E0),.UNSPECIFIED.);
#632=B_SPLINE_CURVE_WITH_KNOTS('',3,(#627,#628,#629,#630,#631),.UNSPECIFIED.,
.F.,.F.,(4,1,4),(0.E0,5.E-1,1.E0),.UNSPECIFIED.);
#717=B_SPLINE_CURVE_WITH_KNOTS('',3,(#713,#714,#715,#716),.UNSPECIFIED.,.F.,.F.,
(4,4),(0.E0,1.E0),.UNSPECIFIED.);
#1166=B_SPLINE_CURVE_WITH_KNOTS('',3,(#1162,#1163,#1164,#1165),.UNSPECIFIED.,
.F.,.F.,(4,4),(0.E0,1.E0),.UNSPECIFIED.);
#1195=B_SPLINE_CURVE_WITH_KNOTS('',3,(#1191,#1192,#1193,#1194),.UNSPECIFIED.,
.F.,.F.,(4,4),(0.E0,1.E0),.UNSPECIFIED.);
#1287=B_SPLINE_CURVE_WITH_KNOTS('',3,(#1283,#1284,#1285,#1286),.UNSPECIFIED.,
.F.,.F.,(4,4),(0.E0,1.E0),.UNSPECIFIED.);
#1316=B_SPLINE_CURVE_WITH_KNOTS('',3,(#1312,#1313,#1314,#1315),.UNSPECIFIED.,
.F.,.F.,(4,4),(0.E0,1.E0),.UNSPECIFIED.);
#1352=B_SPLINE_CURVE_WITH_KNOTS('',3,(#1348,#1349,#1350,#1351),.UNSPECIFIED.,
.F.,.F.,(4,4),(0.E0,1.E0),.UNSPECIFIED.);
#1381=B_SPLINE_CURVE_WITH_KNOTS('',3,(#1377,#1378,#1379,#1380),.UNSPECIFIED.,
.F.,.F.,(4,4),(0.E0,1.E0),.UNSPECIFIED.);
#1417=B_SPLINE_CURVE_WITH_KNOTS('',3,(#1413,#1414,#1415,#1416),.UNSPECIFIED.,
.F.,.F.,(4,4),(0.E0,1.E0),.UNSPECIFIED.);
#1446=B_SPLINE_CURVE_WITH_KNOTS('',3,(#1442,#1443,#1444,#1445),.UNSPECIFIED.,
.F.,.F.,(4,4),(0.E0,1.E0),.UNSPECIFIED.);
#1482=B_SPLINE_CURVE_WITH_KNOTS('',3,(#1478,#1479,#1480,#1481),.UNSPECIFIED.,
.F.,.F.,(4,4),(0.E0,1.E0),.UNSPECIFIED.);
#1511=B_SPLINE_CURVE_WITH_KNOTS('',3,(#1507,#1508,#1509,#1510),.UNSPECIFIED.,
.F.,.F.,(4,4),(0.E0,1.E0),.UNSPECIFIED.);
#1547=B_SPLINE_CURVE_WITH_KNOTS('',3,(#1543,#1544,#1545,#1546),.UNSPECIFIED.,
.F.,.F.,(4,4),(0.E0,1.E0),.UNSPECIFIED.);
#1576=B_SPLINE_CURVE_WITH_KNOTS('',3,(#1572,#1573,#1574,#1575),.UNSPECIFIED.,
.F.,.F.,(4,4),(0.E0,1.E0),.UNSPECIFIED.);
#1612=B_SPLINE_CURVE_WITH_KNOTS('',3,(#1608,#1609,#1610,#1611),.UNSPECIFIED.,
.F.,.F.,(4,4),(0.E0,1.E0),.UNSPECIFIED.);
#1641=B_SPLINE_CURVE_WITH_KNOTS('',3,(#1637,#1638,#1639,#1640),.UNSPECIFIED.,
.F.,.F.,(4,4),(0.E0,1.E0),.UNSPECIFIED.);
#1677=B_SPLINE_CURVE_WITH_KNOTS('',3,(#1673,#1674,#1675,#1676),.UNSPECIFIED.,
.F.,.F.,(4,4),(0.E0,1.E0),.UNSPECIFIED.);
#1706=B_SPLINE_CURVE_WITH_KNOTS('',3,(#1702,#1703,#1704,#1705),.UNSPECIFIED.,
.F.,.F.,(4,4),(0.E0,1.E0),.UNSPECIFIED.);
#2057=B_SPLINE_CURVE_WITH_KNOTS('',3,(#2053,#2054,#2055,#2056),.UNSPECIFIED.,
.F.,.F.,(4,4),(0.E0,1.E0),.UNSPECIFIED.);
#2086=B_SPLINE_CURVE_WITH_KNOTS('',3,(#2082,#2083,#2084,#2085),.UNSPECIFIED.,
.F.,.F.,(4,4),(0.E0,1.E0),.UNSPECIFIED.);
#2234=B_SPLINE_CURVE_WITH_KNOTS('',3,(#2230,#2231,#2232,#2233),.UNSPECIFIED.,
.F.,.F.,(4,4),(0.E0,1.E0),.UNSPECIFIED.);
#2242=B_SPLINE_CURVE_WITH_KNOTS('',3,(#2238,#2239,#2240,#2241),.UNSPECIFIED.,
.F.,.F.,(4,4),(0.E0,1.E0),.UNSPECIFIED.);
#2299=B_SPLINE_CURVE_WITH_KNOTS('',3,(#2295,#2296,#2297,#2298),.UNSPECIFIED.,
.F.,.F.,(4,4),(0.E0,1.E0),.UNSPECIFIED.);
#2307=B_SPLINE_CURVE_WITH_KNOTS('',3,(#2303,#2304,#2305,#2306),.UNSPECIFIED.,
.F.,.F.,(4,4),(0.E0,1.E0),.UNSPECIFIED.);
#2364=B_SPLINE_CURVE_WITH_KNOTS('',3,(#2360,#2361,#2362,#2363),.UNSPECIFIED.,
.F.,.F.,(4,4),(0.E0,1.E0),.UNSPECIFIED.);
#2372=B_SPLINE_CURVE_WITH_KNOTS('',3,(#2368,#2369,#2370,#2371),.UNSPECIFIED.,
.F.,.F.,(4,4),(0.E0,1.E0),.UNSPECIFIED.);
#2429=B_SPLINE_CURVE_WITH_KNOTS('',3,(#2425,#2426,#2427,#2428),.UNSPECIFIED.,
.F.,.F.,(4,4),(0.E0,1.E0),.UNSPECIFIED.);
#2437=B_SPLINE_CURVE_WITH_KNOTS('',3,(#2433,#2434,#2435,#2436),.UNSPECIFIED.,
.F.,.F.,(4,4),(0.E0,1.E0),.UNSPECIFIED.);
#2494=B_SPLINE_CURVE_WITH_KNOTS('',3,(#2490,#2491,#2492,#2493),.UNSPECIFIED.,
.F.,.F.,(4,4),(0.E0,1.E0),.UNSPECIFIED.);
#2502=B_SPLINE_CURVE_WITH_KNOTS('',3,(#2498,#2499,#2500,#2501),.UNSPECIFIED.,
.F.,.F.,(4,4),(0.E0,1.E0),.UNSPECIFIED.);
#2559=B_SPLINE_CURVE_WITH_KNOTS('',3,(#2555,#2556,#2557,#2558),.UNSPECIFIED.,
.F.,.F.,(4,4),(0.E0,1.E0),.UNSPECIFIED.);
#2567=B_SPLINE_CURVE_WITH_KNOTS('',3,(#2563,#2564,#2565,#2566),.UNSPECIFIED.,
.F.,.F.,(4,4),(0.E0,1.E0),.UNSPECIFIED.);
#2624=B_SPLINE_CURVE_WITH_KNOTS('',3,(#2620,#2621,#2622,#2623),.UNSPECIFIED.,
.F.,.F.,(4,4),(0.E0,1.E0),.UNSPECIFIED.);
#3117=EDGE_CURVE('',#2656,#2657,#83,.T.);
#3119=EDGE_CURVE('',#2661,#2657,#90,.T.);
#3121=EDGE_CURVE('',#2661,#2667,#97,.T.);
#3123=EDGE_CURVE('',#2667,#2664,#104,.T.);
#3125=EDGE_CURVE('',#2664,#2665,#111,.T.);
#3127=EDGE_CURVE('',#2669,#2665,#118,.T.);
#3129=EDGE_CURVE('',#2669,#2675,#125,.T.);
#3131=EDGE_CURVE('',#2675,#2672,#132,.T.);
#3133=EDGE_CURVE('',#2672,#2673,#139,.T.);
#3135=EDGE_CURVE('',#2677,#2673,#146,.T.);
#3137=EDGE_CURVE('',#2677,#2683,#153,.T.);
#3139=EDGE_CURVE('',#2683,#2680,#160,.T.);
#3141=EDGE_CURVE('',#2680,#2681,#167,.T.);
#3143=EDGE_CURVE('',#2685,#2681,#174,.T.);
#3145=EDGE_CURVE('',#2685,#2691,#181,.T.);
#3147=EDGE_CURVE('',#2691,#2688,#188,.T.);
#3149=EDGE_CURVE('',#2688,#2689,#195,.T.);
#3151=EDGE_CURVE('',#2693,#2689,#202,.T.);
#3153=EDGE_CURVE('',#2693,#2699,#209,.T.);
#3155=EDGE_CURVE('',#2699,#2696,#216,.T.);
#3157=EDGE_CURVE('',#2696,#2697,#223,.T.);
#3159=EDGE_CURVE('',#2701,#2697,#230,.T.);
#3161=EDGE_CURVE('',#2701,#2707,#237,.T.);
#3163=EDGE_CURVE('',#2707,#2704,#244,.T.);
#3165=EDGE_CURVE('',#2704,#2705,#251,.T.);
#3167=EDGE_CURVE('',#2709,#2705,#258,.T.);
#3169=EDGE_CURVE('',#2709,#2715,#265,.T.);
#3171=EDGE_CURVE('',#2715,#2712,#272,.T.);
#3173=EDGE_CURVE('',#2712,#2713,#279,.T.);
#3175=EDGE_CURVE('',#2717,#2713,#286,.T.);
#3177=EDGE_CURVE('',#2717,#2630,#293,.T.);
#3179=EDGE_CURVE('',#2630,#2631,#300,.T.);
#3181=EDGE_CURVE('',#2631,#2781,#307,.T.);
#3183=EDGE_CURVE('',#2781,#2777,#314,.T.);
#3185=EDGE_CURVE('',#2776,#2777,#321,.T.);
#3187=EDGE_CURVE('',#2779,#2776,#328,.T.);
#3189=EDGE_CURVE('',#2779,#2773,#335,.T.);
#3191=EDGE_CURVE('',#2773,#2769,#342,.T.);
#3193=EDGE_CURVE('',#2768,#2769,#349,.T.);
#3195=EDGE_CURVE('',#2771,#2768,#356,.T.);
#3197=EDGE_CURVE('',#2771,#2765,#363,.T.);
#3199=EDGE_CURVE('',#2765,#2761,#370,.T.);
#3201=EDGE_CURVE('',#2760,#2761,#377,.T.);
#3203=EDGE_CURVE('',#2763,#2760,#384,.T.);
#3205=EDGE_CURVE('',#2763,#2757,#391,.T.);
#3207=EDGE_CURVE('',#2757,#2753,#398,.T.);
#3209=EDGE_CURVE('',#2752,#2753,#405,.T.);
#3211=EDGE_CURVE('',#2755,#2752,#412,.T.);
#3213=EDGE_CURVE('',#2755,#2749,#419,.T.);
#3215=EDGE_CURVE('',#2749,#2745,#426,.T.);
#3217=EDGE_CURVE('',#2744,#2745,#433,.T.);
#3219=EDGE_CURVE('',#2747,#2744,#440,.T.);
#3221=EDGE_CURVE('',#2747,#2741,#447,.T.);
#3223=EDGE_CURVE('',#2741,#2737,#454,.T.);
#3225=EDGE_CURVE('',#2736,#2737,#461,.T.);
#3227=EDGE_CURVE('',#2739,#2736,#468,.T.);
#3229=EDGE_CURVE('',#2739,#2733,#475,.T.);
#3231=EDGE_CURVE('',#2733,#2729,#482,.T.);
#3233=EDGE_CURVE('',#2728,#2729,#489,.T.);
#3235=EDGE_CURVE('',#2731,#2728,#496,.T.);
#3237=EDGE_CURVE('',#2731,#2725,#503,.T.);
#3239=EDGE_CURVE('',#2725,#2721,#510,.T.);
#3241=EDGE_CURVE('',#2720,#2721,#517,.T.);
#3243=EDGE_CURVE('',#2723,#2720,#524,.T.);
#3245=EDGE_CURVE('',#2723,#2634,#531,.T.);
#3247=EDGE_CURVE('',#2634,#2635,#538,.T.);
#3249=EDGE_CURVE('',#2635,#2659,#545,.T.);
#3251=EDGE_CURVE('',#2659,#2656,#552,.T.);
#3255=EDGE_CURVE('',#2646,#2647,#47,.T.);
#3257=EDGE_CURVE('',#2653,#2646,#55,.T.);
#3259=EDGE_CURVE('',#2651,#2653,#62,.T.);
#3261=EDGE_CURVE('',#2649,#2651,#69,.T.);
#3263=EDGE_CURVE('',#2647,#2649,#76,.T.);
#3274=EDGE_CURVE('',#2647,#3073,#575,.T.);
#3276=EDGE_CURVE('',#3072,#3073,#559,.T.);
#3278=EDGE_CURVE('',#2646,#3072,#616,.T.);
#3289=EDGE_CURVE('',#2649,#3075,#591,.T.);
#3291=EDGE_CURVE('',#3073,#3075,#566,.T.);
#3303=EDGE_CURVE('',#2651,#3077,#607,.T.);
#3305=EDGE_CURVE('',#3075,#3077,#582,.T.);
#3317=EDGE_CURVE('',#2653,#3079,#632,.T.);
#3319=EDGE_CURVE('',#3077,#3079,#598,.T.);
#3332=EDGE_CURVE('',#3079,#3072,#623,.T.);
#3343=EDGE_CURVE('',#2904,#2905,#702,.T.);
#3345=EDGE_CURVE('',#2904,#2907,#731,.T.);
#3347=EDGE_CURVE('',#2911,#2907,#2163,.T.);
#3349=EDGE_CURVE('',#2905,#2911,#2219,.T.);
#3359=EDGE_CURVE('',#2916,#2917,#2270,.T.);
#3361=EDGE_CURVE('',#2916,#2919,#2256,.T.);
#3363=EDGE_CURVE('',#2923,#2919,#2170,.T.);
#3365=EDGE_CURVE('',#2917,#2923,#2284,.T.);
#3375=EDGE_CURVE('',#2928,#2929,#2335,.T.);
#3377=EDGE_CURVE('',#2928,#2931,#2321,.T.);
#3379=EDGE_CURVE('',#2935,#2931,#2177,.T.);
#3381=EDGE_CURVE('',#2929,#2935,#2349,.T.);
#3391=EDGE_CURVE('',#2940,#2941,#2400,.T.);
#3393=EDGE_CURVE('',#2940,#2943,#2386,.T.);
#3395=EDGE_CURVE('',#2947,#2943,#2184,.T.);
#3397=EDGE_CURVE('',#2941,#2947,#2414,.T.);
#3407=EDGE_CURVE('',#2952,#2953,#2465,.T.);
#3409=EDGE_CURVE('',#2952,#2955,#2451,.T.);
#3411=EDGE_CURVE('',#2959,#2955,#2191,.T.);
#3413=EDGE_CURVE('',#2953,#2959,#2479,.T.);
#3423=EDGE_CURVE('',#2964,#2965,#2530,.T.);
#3425=EDGE_CURVE('',#2964,#2967,#2516,.T.);
#3427=EDGE_CURVE('',#2971,#2967,#2198,.T.);
#3429=EDGE_CURVE('',#2965,#2971,#2544,.T.);
#3439=EDGE_CURVE('',#2976,#2977,#2595,.T.);
#3441=EDGE_CURVE('',#2976,#2979,#2581,.T.);
#3443=EDGE_CURVE('',#2983,#2979,#2205,.T.);
#3445=EDGE_CURVE('',#2977,#2983,#2609,.T.);
#3455=EDGE_CURVE('',#2988,#2989,#1180,.T.);
#3457=EDGE_CURVE('',#2989,#2995,#1209,.T.);
#3459=EDGE_CURVE('',#2995,#2991,#639,.T.);
#3461=EDGE_CURVE('',#2988,#2991,#1151,.T.);
#3471=EDGE_CURVE('',#3000,#3001,#1301,.T.);
#3473=EDGE_CURVE('',#3001,#3007,#1330,.T.);
#3475=EDGE_CURVE('',#3007,#3003,#646,.T.);
#3477=EDGE_CURVE('',#3000,#3003,#1272,.T.);
#3487=EDGE_CURVE('',#3012,#3013,#1366,.T.);
#3489=EDGE_CURVE('',#3013,#3019,#1395,.T.);
#3491=EDGE_CURVE('',#3019,#3015,#653,.T.);
#3493=EDGE_CURVE('',#3012,#3015,#1337,.T.);
#3503=EDGE_CURVE('',#3024,#3025,#1431,.T.);
#3505=EDGE_CURVE('',#3025,#3031,#1460,.T.);
#3507=EDGE_CURVE('',#3031,#3027,#660,.T.);
#3509=EDGE_CURVE('',#3024,#3027,#1402,.T.);
#3519=EDGE_CURVE('',#3036,#3037,#1496,.T.);
#3521=EDGE_CURVE('',#3037,#3043,#1525,.T.);
#3523=EDGE_CURVE('',#3043,#3039,#667,.T.);
#3525=EDGE_CURVE('',#3036,#3039,#1467,.T.);
#3535=EDGE_CURVE('',#3048,#3049,#1561,.T.);
#3537=EDGE_CURVE('',#3049,#3055,#1590,.T.);
#3539=EDGE_CURVE('',#3055,#3051,#674,.T.);
#3541=EDGE_CURVE('',#3048,#3051,#1532,.T.);
#3551=EDGE_CURVE('',#3060,#3061,#1626,.T.);
#3553=EDGE_CURVE('',#3061,#3067,#1655,.T.);
#3555=EDGE_CURVE('',#3067,#3063,#681,.T.);
#3557=EDGE_CURVE('',#3060,#3063,#1597,.T.);
#3580=EDGE_CURVE('',#3090,#3091,#2071,.T.);
#3582=EDGE_CURVE('',#3090,#3093,#2100,.T.);
#3584=EDGE_CURVE('',#3095,#3093,#2212,.T.);
#3586=EDGE_CURVE('',#3091,#3095,#2042,.T.);
#3596=EDGE_CURVE('',#3098,#3099,#1691,.T.);
#3598=EDGE_CURVE('',#3099,#3103,#1720,.T.);
#3600=EDGE_CURVE('',#3103,#3101,#688,.T.);
#3602=EDGE_CURVE('',#3098,#3101,#1662,.T.);
#3613=EDGE_CURVE('',#2656,#2904,#695,.T.);
#3616=EDGE_CURVE('',#2905,#2657,#709,.T.);
#3627=EDGE_CURVE('',#2659,#2847,#738,.T.);
#3629=EDGE_CURVE('',#2909,#2847,#717,.T.);
#3631=EDGE_CURVE('',#2909,#2907,#724,.T.);
#3645=EDGE_CURVE('',#2635,#2643,#745,.T.);
#3647=EDGE_CURVE('',#2643,#2638,#1797,.T.);
#3649=EDGE_CURVE('',#2630,#2638,#1727,.T.);
#3652=EDGE_CURVE('',#2877,#2717,#752,.T.);
#3654=EDGE_CURVE('',#2877,#2875,#759,.T.);
#3656=EDGE_CURVE('',#2715,#2875,#766,.T.);
#3659=EDGE_CURVE('',#2873,#2709,#773,.T.);
#3661=EDGE_CURVE('',#2873,#2871,#780,.T.);
#3663=EDGE_CURVE('',#2707,#2871,#787,.T.);
#3666=EDGE_CURVE('',#2869,#2701,#794,.T.);
#3668=EDGE_CURVE('',#2869,#2867,#801,.T.);
#3670=EDGE_CURVE('',#2699,#2867,#808,.T.);
#3673=EDGE_CURVE('',#2865,#2693,#815,.T.);
#3675=EDGE_CURVE('',#2865,#2863,#822,.T.);
#3677=EDGE_CURVE('',#2691,#2863,#829,.T.);
#3680=EDGE_CURVE('',#2861,#2685,#836,.T.);
#3682=EDGE_CURVE('',#2861,#2859,#843,.T.);
#3684=EDGE_CURVE('',#2683,#2859,#850,.T.);
#3687=EDGE_CURVE('',#2857,#2677,#857,.T.);
#3689=EDGE_CURVE('',#2857,#2855,#864,.T.);
#3691=EDGE_CURVE('',#2675,#2855,#871,.T.);
#3694=EDGE_CURVE('',#2853,#2669,#878,.T.);
#3696=EDGE_CURVE('',#2853,#2851,#885,.T.);
#3698=EDGE_CURVE('',#2667,#2851,#892,.T.);
#3701=EDGE_CURVE('',#2849,#2661,#899,.T.);
#3703=EDGE_CURVE('',#2849,#2847,#906,.T.);
#3714=EDGE_CURVE('',#2634,#2641,#913,.T.);
#3716=EDGE_CURVE('',#2641,#2643,#1804,.T.);
#3721=EDGE_CURVE('',#2832,#2833,#920,.T.);
#3723=EDGE_CURVE('',#2841,#2832,#927,.T.);
#3725=EDGE_CURVE('',#2843,#2841,#934,.T.);
#3727=EDGE_CURVE('',#2833,#2843,#941,.T.);
#3731=EDGE_CURVE('',#2836,#2837,#948,.T.);
#3733=EDGE_CURVE('',#2845,#2837,#955,.T.);
#3735=EDGE_CURVE('',#2845,#2839,#962,.T.);
#3737=EDGE_CURVE('',#2836,#2839,#969,.T.);
#3747=EDGE_CURVE('',#2723,#2799,#976,.T.);
#3749=EDGE_CURVE('',#2799,#2801,#983,.T.);
#3751=EDGE_CURVE('',#2801,#2725,#990,.T.);
#3754=EDGE_CURVE('',#2731,#2803,#997,.T.);
#3756=EDGE_CURVE('',#2803,#2805,#1004,.T.);
#3758=EDGE_CURVE('',#2805,#2733,#1011,.T.);
#3761=EDGE_CURVE('',#2739,#2807,#1018,.T.);
#3763=EDGE_CURVE('',#2807,#2809,#1025,.T.);
#3765=EDGE_CURVE('',#2809,#2741,#1032,.T.);
#3768=EDGE_CURVE('',#2747,#2811,#1039,.T.);
#3770=EDGE_CURVE('',#2811,#2813,#1046,.T.);
#3772=EDGE_CURVE('',#2813,#2749,#1053,.T.);
#3775=EDGE_CURVE('',#2755,#2815,#1060,.T.);
#3777=EDGE_CURVE('',#2815,#2817,#1067,.T.);
#3779=EDGE_CURVE('',#2817,#2757,#1074,.T.);
#3782=EDGE_CURVE('',#2763,#2819,#1081,.T.);
#3784=EDGE_CURVE('',#2819,#2821,#1088,.T.);
#3786=EDGE_CURVE('',#2821,#2765,#1095,.T.);
#3789=EDGE_CURVE('',#2771,#2823,#1102,.T.);
#3791=EDGE_CURVE('',#2823,#2825,#1109,.T.);
#3793=EDGE_CURVE('',#2825,#2773,#1116,.T.);
#3796=EDGE_CURVE('',#2779,#2827,#1123,.T.);
#3798=EDGE_CURVE('',#2827,#2829,#1130,.T.);
#3800=EDGE_CURVE('',#2829,#2781,#1137,.T.);
#3803=EDGE_CURVE('',#2631,#2639,#1144,.T.);
#3805=EDGE_CURVE('',#2639,#2641,#1811,.T.);
#3818=EDGE_CURVE('',#2720,#2988,#1187,.T.);
#3821=EDGE_CURVE('',#2993,#2991,#1158,.T.);
#3823=EDGE_CURVE('',#2993,#2799,#1166,.T.);
#3835=EDGE_CURVE('',#2989,#2721,#1173,.T.);
#3849=EDGE_CURVE('',#2997,#2801,#1195,.T.);
#3851=EDGE_CURVE('',#2997,#2995,#1202,.T.);
#3865=EDGE_CURVE('',#2993,#2997,#1216,.T.);
#3877=EDGE_CURVE('',#3005,#2803,#1287,.T.);
#3879=EDGE_CURVE('',#3005,#3009,#1223,.T.);
#3881=EDGE_CURVE('',#3009,#2805,#1316,.T.);
#3892=EDGE_CURVE('',#3017,#2807,#1352,.T.);
#3894=EDGE_CURVE('',#3017,#3021,#1230,.T.);
#3896=EDGE_CURVE('',#3021,#2809,#1381,.T.);
#3907=EDGE_CURVE('',#3029,#2811,#1417,.T.);
#3909=EDGE_CURVE('',#3029,#3033,#1237,.T.);
#3911=EDGE_CURVE('',#3033,#2813,#1446,.T.);
#3922=EDGE_CURVE('',#3041,#2815,#1482,.T.);
#3924=EDGE_CURVE('',#3041,#3045,#1244,.T.);
#3926=EDGE_CURVE('',#3045,#2817,#1511,.T.);
#3937=EDGE_CURVE('',#3053,#2819,#1547,.T.);
#3939=EDGE_CURVE('',#3053,#3057,#1251,.T.);
#3941=EDGE_CURVE('',#3057,#2821,#1576,.T.);
#3952=EDGE_CURVE('',#3065,#2823,#1612,.T.);
#3954=EDGE_CURVE('',#3065,#3069,#1258,.T.);
#3956=EDGE_CURVE('',#3069,#2825,#1641,.T.);
#3967=EDGE_CURVE('',#3086,#2827,#1677,.T.);
#3969=EDGE_CURVE('',#3086,#3087,#1265,.T.);
#3971=EDGE_CURVE('',#3087,#2829,#1706,.T.);
#3993=EDGE_CURVE('',#3005,#3003,#1279,.T.);
#3996=EDGE_CURVE('',#3009,#3007,#1323,.T.);
#4007=EDGE_CURVE('',#3017,#3015,#1344,.T.);
#4010=EDGE_CURVE('',#3021,#3019,#1388,.T.);
#4021=EDGE_CURVE('',#3029,#3027,#1409,.T.);
#4024=EDGE_CURVE('',#3033,#3031,#1453,.T.);
#4035=EDGE_CURVE('',#3041,#3039,#1474,.T.);
#4038=EDGE_CURVE('',#3045,#3043,#1518,.T.);
#4049=EDGE_CURVE('',#3053,#3051,#1539,.T.);
#4052=EDGE_CURVE('',#3057,#3055,#1583,.T.);
#4063=EDGE_CURVE('',#3065,#3063,#1604,.T.);
#4066=EDGE_CURVE('',#3069,#3067,#1648,.T.);
#4078=EDGE_CURVE('',#3086,#3101,#1669,.T.);
#4081=EDGE_CURVE('',#3087,#3103,#1713,.T.);
#4092=EDGE_CURVE('',#2728,#3000,#1308,.T.);
#4107=EDGE_CURVE('',#3001,#2729,#1294,.T.);
#4134=EDGE_CURVE('',#2736,#3012,#1373,.T.);
#4149=EDGE_CURVE('',#3013,#2737,#1359,.T.);
#4176=EDGE_CURVE('',#2744,#3024,#1438,.T.);
#4191=EDGE_CURVE('',#3025,#2745,#1424,.T.);
#4218=EDGE_CURVE('',#2752,#3036,#1503,.T.);
#4233=EDGE_CURVE('',#3037,#2753,#1489,.T.);
#4260=EDGE_CURVE('',#2760,#3048,#1568,.T.);
#4275=EDGE_CURVE('',#3049,#2761,#1554,.T.);
#4302=EDGE_CURVE('',#2768,#3060,#1633,.T.);
#4317=EDGE_CURVE('',#3061,#2769,#1619,.T.);
#4344=EDGE_CURVE('',#2776,#3098,#1698,.T.);
#4359=EDGE_CURVE('',#3099,#2777,#1684,.T.);
#4387=EDGE_CURVE('',#2638,#2639,#1790,.T.);
#4392=EDGE_CURVE('',#2784,#2785,#1734,.T.);
#4394=EDGE_CURVE('',#2785,#2795,#1741,.T.);
#4396=EDGE_CURVE('',#2795,#2793,#1748,.T.);
#4398=EDGE_CURVE('',#2793,#2784,#1755,.T.);
#4402=EDGE_CURVE('',#2788,#2789,#1762,.T.);
#4404=EDGE_CURVE('',#2788,#2791,#1769,.T.);
#4406=EDGE_CURVE('',#2797,#2791,#1776,.T.);
#4408=EDGE_CURVE('',#2797,#2789,#1783,.T.);
#4431=EDGE_CURVE('',#2895,#2784,#1881,.T.);
#4433=EDGE_CURVE('',#2895,#2880,#1818,.T.);
#4435=EDGE_CURVE('',#2785,#2880,#1825,.T.);
#4446=EDGE_CURVE('',#2888,#2833,#1832,.T.);
#4448=EDGE_CURVE('',#2897,#2888,#1839,.T.);
#4450=EDGE_CURVE('',#2832,#2897,#1902,.T.);
#4461=EDGE_CURVE('',#2788,#2899,#1846,.T.);
#4463=EDGE_CURVE('',#2899,#3105,#1853,.T.);
#4465=EDGE_CURVE('',#3105,#2791,#1860,.T.);
#4476=EDGE_CURVE('',#2793,#3107,#1867,.T.);
#4478=EDGE_CURVE('',#3107,#2895,#1874,.T.);
#4490=EDGE_CURVE('',#2839,#3109,#1888,.T.);
#4492=EDGE_CURVE('',#2901,#3109,#1895,.T.);
#4494=EDGE_CURVE('',#2901,#2836,#1937,.T.);
#4506=EDGE_CURVE('',#3111,#2897,#1909,.T.);
#4508=EDGE_CURVE('',#3111,#2841,#1916,.T.);
#4519=EDGE_CURVE('',#2885,#2789,#1923,.T.);
#4521=EDGE_CURVE('',#2899,#2885,#1930,.T.);
#4534=EDGE_CURVE('',#2901,#2893,#1944,.T.);
#4536=EDGE_CURVE('',#2837,#2893,#1951,.T.);
#4548=EDGE_CURVE('',#2880,#2881,#1958,.T.);
#4550=EDGE_CURVE('',#2795,#2881,#1965,.T.);
#4561=EDGE_CURVE('',#2884,#2797,#1972,.T.);
#4563=EDGE_CURVE('',#2884,#2885,#1979,.T.);
#4575=EDGE_CURVE('',#2889,#2843,#1986,.T.);
#4577=EDGE_CURVE('',#2888,#2889,#1993,.T.);
#4590=EDGE_CURVE('',#2892,#2893,#2000,.T.);
#4592=EDGE_CURVE('',#2845,#2892,#2007,.T.);
#4605=EDGE_CURVE('',#2881,#3107,#2014,.T.);
#4616=EDGE_CURVE('',#2884,#3105,#2021,.T.);
#4654=EDGE_CURVE('',#2889,#3111,#2028,.T.);
#4680=EDGE_CURVE('',#2892,#3109,#2035,.T.);
#4703=EDGE_CURVE('',#3091,#2713,#2078,.T.);
#4706=EDGE_CURVE('',#3082,#3095,#2049,.T.);
#4708=EDGE_CURVE('',#3082,#2877,#2057,.T.);
#4720=EDGE_CURVE('',#2712,#3090,#2064,.T.);
#4734=EDGE_CURVE('',#3083,#2875,#2086,.T.);
#4736=EDGE_CURVE('',#3083,#3093,#2093,.T.);
#4750=EDGE_CURVE('',#3082,#3083,#2107,.T.);
#4762=EDGE_CURVE('',#2985,#2873,#2624,.T.);
#4764=EDGE_CURVE('',#2985,#2981,#2114,.T.);
#4766=EDGE_CURVE('',#2981,#2871,#2567,.T.);
#4777=EDGE_CURVE('',#2973,#2869,#2559,.T.);
#4779=EDGE_CURVE('',#2973,#2969,#2121,.T.);
#4781=EDGE_CURVE('',#2969,#2867,#2502,.T.);
#4792=EDGE_CURVE('',#2961,#2865,#2494,.T.);
#4794=EDGE_CURVE('',#2961,#2957,#2128,.T.);
#4796=EDGE_CURVE('',#2957,#2863,#2437,.T.);
#4807=EDGE_CURVE('',#2949,#2861,#2429,.T.);
#4809=EDGE_CURVE('',#2949,#2945,#2135,.T.);
#4811=EDGE_CURVE('',#2945,#2859,#2372,.T.);
#4822=EDGE_CURVE('',#2937,#2857,#2364,.T.);
#4824=EDGE_CURVE('',#2937,#2933,#2142,.T.);
#4826=EDGE_CURVE('',#2933,#2855,#2307,.T.);
#4837=EDGE_CURVE('',#2925,#2853,#2299,.T.);
#4839=EDGE_CURVE('',#2925,#2921,#2149,.T.);
#4841=EDGE_CURVE('',#2921,#2851,#2242,.T.);
#4852=EDGE_CURVE('',#2913,#2849,#2234,.T.);
#4854=EDGE_CURVE('',#2913,#2909,#2156,.T.);
#4867=EDGE_CURVE('',#2913,#2911,#2226,.T.);
#4878=EDGE_CURVE('',#2921,#2919,#2249,.T.);
#4881=EDGE_CURVE('',#2925,#2923,#2291,.T.);
#4892=EDGE_CURVE('',#2933,#2931,#2314,.T.);
#4895=EDGE_CURVE('',#2937,#2935,#2356,.T.);
#4906=EDGE_CURVE('',#2945,#2943,#2379,.T.);
#4909=EDGE_CURVE('',#2949,#2947,#2421,.T.);
#4920=EDGE_CURVE('',#2957,#2955,#2444,.T.);
#4923=EDGE_CURVE('',#2961,#2959,#2486,.T.);
#4934=EDGE_CURVE('',#2969,#2967,#2509,.T.);
#4937=EDGE_CURVE('',#2973,#2971,#2551,.T.);
#4948=EDGE_CURVE('',#2981,#2979,#2574,.T.);
#4951=EDGE_CURVE('',#2985,#2983,#2616,.T.);
#4993=EDGE_CURVE('',#2664,#2916,#2263,.T.);
#5006=EDGE_CURVE('',#2917,#2665,#2277,.T.);
#5035=EDGE_CURVE('',#2672,#2928,#2328,.T.);
#5048=EDGE_CURVE('',#2929,#2673,#2342,.T.);
#5077=EDGE_CURVE('',#2680,#2940,#2393,.T.);
#5090=EDGE_CURVE('',#2941,#2681,#2407,.T.);
#5119=EDGE_CURVE('',#2688,#2952,#2458,.T.);
#5132=EDGE_CURVE('',#2953,#2689,#2472,.T.);
#5161=EDGE_CURVE('',#2696,#2964,#2523,.T.);
#5174=EDGE_CURVE('',#2965,#2697,#2537,.T.);
#5203=EDGE_CURVE('',#2704,#2976,#2588,.T.);
#5216=EDGE_CURVE('',#2977,#2705,#2602,.T.);
#5243=(LENGTH_UNIT()NAMED_UNIT(*)SI_UNIT(.MILLI.,.METRE.));
#5245=(NAMED_UNIT(*)PLANE_ANGLE_UNIT()SI_UNIT($,.RADIAN.));
#5248=(NAMED_UNIT(*)SI_UNIT($,.STERADIAN.)SOLID_ANGLE_UNIT());
#5254=AXIS2_PLACEMENT_3D('',#5251,#5252,#5253);
#5255=ADVANCED_BREP_SHAPE_REPRESENTATION('',(#5254,#5236),#5250);
#5262=PRODUCT_DEFINITION('part definition','',#5261,#5258);
#5263=PRODUCT_DEFINITION_SHAPE('','SHAPE FOR BODY_SDA16B.',#5262);
#5264=SHAPE_DEFINITION_REPRESENTATION(#5263,#5255);
#5265=SHAPE_DEFINITION_REPRESENTATION(#5266,#5267);
#5266=PRODUCT_DEFINITION_SHAPE('','SHAPE FOR SDA16B_ASM.',#10949);
#5267=SHAPE_REPRESENTATION('',(#5273,#10928,#10943),#10939);
#5268=NEXT_ASSEMBLY_USAGE_OCCURRENCE('1326','Next assembly relationship',
'BODY_SDA16B',#10949,#5262,$);
#5269=PRODUCT_DEFINITION_SHAPE('Placement #1326',
'Placement of BODY_SDA16B with respect to SDA16B_ASM',#5268);
#5318=B_SPLINE_CURVE_WITH_KNOTS('',3,(#5314,#5315,#5316,#5317),.UNSPECIFIED.,
.F.,.F.,(4,4),(0.E0,1.E0),.UNSPECIFIED.);
#5382=B_SPLINE_CURVE_WITH_KNOTS('',3,(#5378,#5379,#5380,#5381),.UNSPECIFIED.,
.F.,.F.,(4,4),(0.E0,1.E0),.UNSPECIFIED.);
#5436=EDGE_CURVE('',#5413,#5414,#5282,.T.);
#5438=EDGE_CURVE('',#5413,#5409,#5289,.T.);
#5440=EDGE_CURVE('',#5409,#5410,#5353,.T.);
#5442=EDGE_CURVE('',#5414,#5410,#5332,.T.);
#5453=EDGE_CURVE('',#5414,#5416,#5325,.T.);
#5455=EDGE_CURVE('',#5418,#5416,#5296,.T.);
#5457=EDGE_CURVE('',#5418,#5413,#5374,.T.);
#5479=EDGE_CURVE('',#5421,#5424,#5303,.T.);
#5481=EDGE_CURVE('',#5426,#5424,#5310,.T.);
#5483=EDGE_CURVE('',#5426,#5416,#5318,.T.);
#5487=EDGE_CURVE('',#5410,#5421,#5346,.T.);
#5497=EDGE_CURVE('',#5421,#5422,#5339,.T.);
#5499=EDGE_CURVE('',#5422,#5428,#5367,.T.);
#5501=EDGE_CURVE('',#5428,#5424,#5403,.T.);
#5515=EDGE_CURVE('',#5422,#5409,#5360,.T.);
#5529=EDGE_CURVE('',#5430,#5418,#5382,.T.);
#5531=EDGE_CURVE('',#5430,#5428,#5389,.T.);
#5541=EDGE_CURVE('',#5430,#5426,#5396,.T.);
#5609=B_SPLINE_CURVE_WITH_KNOTS('',3,(#5605,#5606,#5607,#5608),.UNSPECIFIED.,
.F.,.F.,(4,4),(0.E0,1.E0),.UNSPECIFIED.);
#5673=B_SPLINE_CURVE_WITH_KNOTS('',3,(#5669,#5670,#5671,#5672),.UNSPECIFIED.,
.F.,.F.,(4,4),(0.E0,1.E0),.UNSPECIFIED.);
#5727=EDGE_CURVE('',#5704,#5705,#5573,.T.);
#5729=EDGE_CURVE('',#5704,#5700,#5580,.T.);
#5731=EDGE_CURVE('',#5700,#5701,#5644,.T.);
#5733=EDGE_CURVE('',#5705,#5701,#5623,.T.);
#5744=EDGE_CURVE('',#5705,#5707,#5616,.T.);
#5746=EDGE_CURVE('',#5709,#5707,#5587,.T.);
#5748=EDGE_CURVE('',#5709,#5704,#5665,.T.);
#5765=EDGE_CURVE('',#5712,#5715,#5594,.T.);
#5767=EDGE_CURVE('',#5717,#5715,#5601,.T.);
#5769=EDGE_CURVE('',#5717,#5707,#5609,.T.);
#5773=EDGE_CURVE('',#5701,#5712,#5637,.T.);
#5783=EDGE_CURVE('',#5712,#5713,#5630,.T.);
#5785=EDGE_CURVE('',#5713,#5719,#5658,.T.);
#5787=EDGE_CURVE('',#5719,#5715,#5694,.T.);
#5801=EDGE_CURVE('',#5713,#5700,#5651,.T.);
#5815=EDGE_CURVE('',#5721,#5709,#5673,.T.);
#5817=EDGE_CURVE('',#5721,#5719,#5680,.T.);
#5827=EDGE_CURVE('',#5721,#5717,#5687,.T.);
#5895=B_SPLINE_CURVE_WITH_KNOTS('',3,(#5891,#5892,#5893,#5894),.UNSPECIFIED.,
.F.,.F.,(4,4),(0.E0,1.E0),.UNSPECIFIED.);
#5959=B_SPLINE_CURVE_WITH_KNOTS('',3,(#5955,#5956,#5957,#5958),.UNSPECIFIED.,
.F.,.F.,(4,4),(0.E0,1.E0),.UNSPECIFIED.);
#6013=EDGE_CURVE('',#5990,#5991,#5859,.T.);
#6015=EDGE_CURVE('',#5990,#5986,#5866,.T.);
#6017=EDGE_CURVE('',#5986,#5987,#5930,.T.);
#6019=EDGE_CURVE('',#5991,#5987,#5909,.T.);
#6030=EDGE_CURVE('',#5991,#5993,#5902,.T.);
#6032=EDGE_CURVE('',#5995,#5993,#5873,.T.);
#6034=EDGE_CURVE('',#5995,#5990,#5951,.T.);
#6051=EDGE_CURVE('',#5998,#6001,#5880,.T.);
#6053=EDGE_CURVE('',#6003,#6001,#5887,.T.);
#6055=EDGE_CURVE('',#6003,#5993,#5895,.T.);
#6059=EDGE_CURVE('',#5987,#5998,#5923,.T.);
#6069=EDGE_CURVE('',#5998,#5999,#5916,.T.);
#6071=EDGE_CURVE('',#5999,#6005,#5944,.T.);
#6073=EDGE_CURVE('',#6005,#6001,#5980,.T.);
#6087=EDGE_CURVE('',#5999,#5986,#5937,.T.);
#6101=EDGE_CURVE('',#6007,#5995,#5959,.T.);
#6103=EDGE_CURVE('',#6007,#6005,#5966,.T.);
#6113=EDGE_CURVE('',#6007,#6003,#5973,.T.);
#6181=B_SPLINE_CURVE_WITH_KNOTS('',3,(#6177,#6178,#6179,#6180),.UNSPECIFIED.,
.F.,.F.,(4,4),(0.E0,1.E0),.UNSPECIFIED.);
#6245=B_SPLINE_CURVE_WITH_KNOTS('',3,(#6241,#6242,#6243,#6244),.UNSPECIFIED.,
.F.,.F.,(4,4),(0.E0,1.E0),.UNSPECIFIED.);
#6299=EDGE_CURVE('',#6276,#6277,#6145,.T.);
#6301=EDGE_CURVE('',#6276,#6272,#6152,.T.);
#6303=EDGE_CURVE('',#6272,#6273,#6216,.T.);
#6305=EDGE_CURVE('',#6277,#6273,#6195,.T.);
#6316=EDGE_CURVE('',#6277,#6279,#6188,.T.);
#6318=EDGE_CURVE('',#6281,#6279,#6159,.T.);
#6320=EDGE_CURVE('',#6281,#6276,#6237,.T.);
#6337=EDGE_CURVE('',#6284,#6287,#6166,.T.);
#6339=EDGE_CURVE('',#6289,#6287,#6173,.T.);
#6341=EDGE_CURVE('',#6289,#6279,#6181,.T.);
#6345=EDGE_CURVE('',#6273,#6284,#6209,.T.);
#6355=EDGE_CURVE('',#6284,#6285,#6202,.T.);
#6357=EDGE_CURVE('',#6285,#6291,#6230,.T.);
#6359=EDGE_CURVE('',#6291,#6287,#6266,.T.);
#6373=EDGE_CURVE('',#6285,#6272,#6223,.T.);
#6387=EDGE_CURVE('',#6293,#6281,#6245,.T.);
#6389=EDGE_CURVE('',#6293,#6291,#6252,.T.);
#6399=EDGE_CURVE('',#6293,#6289,#6259,.T.);
#6467=B_SPLINE_CURVE_WITH_KNOTS('',3,(#6463,#6464,#6465,#6466),.UNSPECIFIED.,
.F.,.F.,(4,4),(0.E0,1.E0),.UNSPECIFIED.);
#6531=B_SPLINE_CURVE_WITH_KNOTS('',3,(#6527,#6528,#6529,#6530),.UNSPECIFIED.,
.F.,.F.,(4,4),(0.E0,1.E0),.UNSPECIFIED.);
#6585=EDGE_CURVE('',#6562,#6563,#6431,.T.);
#6587=EDGE_CURVE('',#6562,#6558,#6438,.T.);
#6589=EDGE_CURVE('',#6558,#6559,#6502,.T.);
#6591=EDGE_CURVE('',#6563,#6559,#6481,.T.);
#6602=EDGE_CURVE('',#6563,#6565,#6474,.T.);
#6604=EDGE_CURVE('',#6567,#6565,#6445,.T.);
#6606=EDGE_CURVE('',#6567,#6562,#6523,.T.);
#6623=EDGE_CURVE('',#6570,#6573,#6452,.T.);
#6625=EDGE_CURVE('',#6575,#6573,#6459,.T.);
#6627=EDGE_CURVE('',#6575,#6565,#6467,.T.);
#6631=EDGE_CURVE('',#6559,#6570,#6495,.T.);
#6641=EDGE_CURVE('',#6570,#6571,#6488,.T.);
#6643=EDGE_CURVE('',#6571,#6577,#6516,.T.);
#6645=EDGE_CURVE('',#6577,#6573,#6552,.T.);
#6659=EDGE_CURVE('',#6571,#6558,#6509,.T.);
#6673=EDGE_CURVE('',#6579,#6567,#6531,.T.);
#6675=EDGE_CURVE('',#6579,#6577,#6538,.T.);
#6685=EDGE_CURVE('',#6579,#6575,#6545,.T.);
#6753=B_SPLINE_CURVE_WITH_KNOTS('',3,(#6749,#6750,#6751,#6752),.UNSPECIFIED.,
.F.,.F.,(4,4),(0.E0,1.E0),.UNSPECIFIED.);
#6817=B_SPLINE_CURVE_WITH_KNOTS('',3,(#6813,#6814,#6815,#6816),.UNSPECIFIED.,
.F.,.F.,(4,4),(0.E0,1.E0),.UNSPECIFIED.);
#6871=EDGE_CURVE('',#6848,#6849,#6717,.T.);
#6873=EDGE_CURVE('',#6848,#6844,#6724,.T.);
#6875=EDGE_CURVE('',#6844,#6845,#6788,.T.);
#6877=EDGE_CURVE('',#6849,#6845,#6767,.T.);
#6888=EDGE_CURVE('',#6849,#6851,#6760,.T.);
#6890=EDGE_CURVE('',#6853,#6851,#6731,.T.);
#6892=EDGE_CURVE('',#6853,#6848,#6809,.T.);
#6909=EDGE_CURVE('',#6856,#6859,#6738,.T.);
#6911=EDGE_CURVE('',#6861,#6859,#6745,.T.);
#6913=EDGE_CURVE('',#6861,#6851,#6753,.T.);
#6917=EDGE_CURVE('',#6845,#6856,#6781,.T.);
#6927=EDGE_CURVE('',#6856,#6857,#6774,.T.);
#6929=EDGE_CURVE('',#6857,#6863,#6802,.T.);
#6931=EDGE_CURVE('',#6863,#6859,#6838,.T.);
#6945=EDGE_CURVE('',#6857,#6844,#6795,.T.);
#6959=EDGE_CURVE('',#6865,#6853,#6817,.T.);
#6961=EDGE_CURVE('',#6865,#6863,#6824,.T.);
#6971=EDGE_CURVE('',#6865,#6861,#6831,.T.);
#7039=B_SPLINE_CURVE_WITH_KNOTS('',3,(#7035,#7036,#7037,#7038),.UNSPECIFIED.,
.F.,.F.,(4,4),(0.E0,1.E0),.UNSPECIFIED.);
#7103=B_SPLINE_CURVE_WITH_KNOTS('',3,(#7099,#7100,#7101,#7102),.UNSPECIFIED.,
.F.,.F.,(4,4),(0.E0,1.E0),.UNSPECIFIED.);
#7157=EDGE_CURVE('',#7134,#7135,#7003,.T.);
#7159=EDGE_CURVE('',#7134,#7130,#7010,.T.);
#7161=EDGE_CURVE('',#7130,#7131,#7074,.T.);
#7163=EDGE_CURVE('',#7135,#7131,#7053,.T.);
#7174=EDGE_CURVE('',#7135,#7137,#7046,.T.);
#7176=EDGE_CURVE('',#7139,#7137,#7017,.T.);
#7178=EDGE_CURVE('',#7139,#7134,#7095,.T.);
#7195=EDGE_CURVE('',#7142,#7145,#7024,.T.);
#7197=EDGE_CURVE('',#7147,#7145,#7031,.T.);
#7199=EDGE_CURVE('',#7147,#7137,#7039,.T.);
#7203=EDGE_CURVE('',#7131,#7142,#7067,.T.);
#7213=EDGE_CURVE('',#7142,#7143,#7060,.T.);
#7215=EDGE_CURVE('',#7143,#7149,#7088,.T.);
#7217=EDGE_CURVE('',#7149,#7145,#7124,.T.);
#7231=EDGE_CURVE('',#7143,#7130,#7081,.T.);
#7245=EDGE_CURVE('',#7151,#7139,#7103,.T.);
#7247=EDGE_CURVE('',#7151,#7149,#7110,.T.);
#7257=EDGE_CURVE('',#7151,#7147,#7117,.T.);
#7325=B_SPLINE_CURVE_WITH_KNOTS('',3,(#7321,#7322,#7323,#7324),.UNSPECIFIED.,
.F.,.F.,(4,4),(0.E0,1.E0),.UNSPECIFIED.);
#7396=B_SPLINE_CURVE_WITH_KNOTS('',3,(#7392,#7393,#7394,#7395),.UNSPECIFIED.,
.F.,.F.,(4,4),(0.E0,1.E0),.UNSPECIFIED.);
#7443=EDGE_CURVE('',#7420,#7421,#7289,.T.);
#7445=EDGE_CURVE('',#7421,#7417,#7381,.T.);
#7447=EDGE_CURVE('',#7416,#7417,#7360,.T.);
#7449=EDGE_CURVE('',#7420,#7416,#7296,.T.);
#7460=EDGE_CURVE('',#7425,#7420,#7332,.T.);
#7462=EDGE_CURVE('',#7423,#7425,#7303,.T.);
#7464=EDGE_CURVE('',#7421,#7423,#7388,.T.);
#7481=EDGE_CURVE('',#7429,#7435,#7310,.T.);
#7483=EDGE_CURVE('',#7437,#7435,#7317,.T.);
#7485=EDGE_CURVE('',#7437,#7425,#7325,.T.);
#7489=EDGE_CURVE('',#7429,#7416,#7353,.T.);
#7499=EDGE_CURVE('',#7428,#7429,#7346,.T.);
#7501=EDGE_CURVE('',#7428,#7431,#7374,.T.);
#7503=EDGE_CURVE('',#7435,#7431,#7339,.T.);
#7517=EDGE_CURVE('',#7417,#7428,#7367,.T.);
#7531=EDGE_CURVE('',#7433,#7423,#7396,.T.);
#7533=EDGE_CURVE('',#7433,#7431,#7403,.T.);
#7543=EDGE_CURVE('',#7433,#7437,#7410,.T.);
#7611=B_SPLINE_CURVE_WITH_KNOTS('',3,(#7607,#7608,#7609,#7610),.UNSPECIFIED.,
.F.,.F.,(4,4),(0.E0,1.E0),.UNSPECIFIED.);
#7682=B_SPLINE_CURVE_WITH_KNOTS('',3,(#7678,#7679,#7680,#7681),.UNSPECIFIED.,
.F.,.F.,(4,4),(0.E0,1.E0),.UNSPECIFIED.);
#7729=EDGE_CURVE('',#7706,#7707,#7575,.T.);
#7731=EDGE_CURVE('',#7707,#7703,#7667,.T.);
#7733=EDGE_CURVE('',#7702,#7703,#7646,.T.);
#7735=EDGE_CURVE('',#7706,#7702,#7582,.T.);
#7746=EDGE_CURVE('',#7711,#7706,#7618,.T.);
#7748=EDGE_CURVE('',#7709,#7711,#7589,.T.);
#7750=EDGE_CURVE('',#7707,#7709,#7674,.T.);
#7767=EDGE_CURVE('',#7715,#7721,#7596,.T.);
#7769=EDGE_CURVE('',#7723,#7721,#7603,.T.);
#7771=EDGE_CURVE('',#7723,#7711,#7611,.T.);
#7775=EDGE_CURVE('',#7715,#7702,#7639,.T.);
#7785=EDGE_CURVE('',#7714,#7715,#7632,.T.);
#7787=EDGE_CURVE('',#7714,#7717,#7660,.T.);
#7789=EDGE_CURVE('',#7721,#7717,#7625,.T.);
#7803=EDGE_CURVE('',#7703,#7714,#7653,.T.);
#7817=EDGE_CURVE('',#7719,#7709,#7682,.T.);
#7819=EDGE_CURVE('',#7719,#7717,#7689,.T.);
#7829=EDGE_CURVE('',#7719,#7723,#7696,.T.);
#7897=B_SPLINE_CURVE_WITH_KNOTS('',3,(#7893,#7894,#7895,#7896),.UNSPECIFIED.,
.F.,.F.,(4,4),(0.E0,1.E0),.UNSPECIFIED.);
#7968=B_SPLINE_CURVE_WITH_KNOTS('',3,(#7964,#7965,#7966,#7967),.UNSPECIFIED.,
.F.,.F.,(4,4),(0.E0,1.E0),.UNSPECIFIED.);
#8015=EDGE_CURVE('',#7992,#7993,#7861,.T.);
#8017=EDGE_CURVE('',#7993,#7989,#7953,.T.);
#8019=EDGE_CURVE('',#7988,#7989,#7932,.T.);
#8021=EDGE_CURVE('',#7992,#7988,#7868,.T.);
#8032=EDGE_CURVE('',#7997,#7992,#7904,.T.);
#8034=EDGE_CURVE('',#7995,#7997,#7875,.T.);
#8036=EDGE_CURVE('',#7993,#7995,#7960,.T.);
#8053=EDGE_CURVE('',#8001,#8007,#7882,.T.);
#8055=EDGE_CURVE('',#8009,#8007,#7889,.T.);
#8057=EDGE_CURVE('',#8009,#7997,#7897,.T.);
#8061=EDGE_CURVE('',#8001,#7988,#7925,.T.);
#8071=EDGE_CURVE('',#8000,#8001,#7918,.T.);
#8073=EDGE_CURVE('',#8000,#8003,#7946,.T.);
#8075=EDGE_CURVE('',#8007,#8003,#7911,.T.);
#8089=EDGE_CURVE('',#7989,#8000,#7939,.T.);
#8103=EDGE_CURVE('',#8005,#7995,#7968,.T.);
#8105=EDGE_CURVE('',#8005,#8003,#7975,.T.);
#8115=EDGE_CURVE('',#8005,#8009,#7982,.T.);
#8183=B_SPLINE_CURVE_WITH_KNOTS('',3,(#8179,#8180,#8181,#8182),.UNSPECIFIED.,
.F.,.F.,(4,4),(0.E0,1.E0),.UNSPECIFIED.);
#8254=B_SPLINE_CURVE_WITH_KNOTS('',3,(#8250,#8251,#8252,#8253),.UNSPECIFIED.,
.F.,.F.,(4,4),(0.E0,1.E0),.UNSPECIFIED.);
#8301=EDGE_CURVE('',#8278,#8279,#8147,.T.);
#8303=EDGE_CURVE('',#8279,#8275,#8239,.T.);
#8305=EDGE_CURVE('',#8274,#8275,#8218,.T.);
#8307=EDGE_CURVE('',#8278,#8274,#8154,.T.);
#8318=EDGE_CURVE('',#8283,#8278,#8190,.T.);
#8320=EDGE_CURVE('',#8281,#8283,#8161,.T.);
#8322=EDGE_CURVE('',#8279,#8281,#8246,.T.);
#8339=EDGE_CURVE('',#8287,#8293,#8168,.T.);
#8341=EDGE_CURVE('',#8295,#8293,#8175,.T.);
#8343=EDGE_CURVE('',#8295,#8283,#8183,.T.);
#8347=EDGE_CURVE('',#8287,#8274,#8211,.T.);
#8357=EDGE_CURVE('',#8286,#8287,#8204,.T.);
#8359=EDGE_CURVE('',#8286,#8289,#8232,.T.);
#8361=EDGE_CURVE('',#8293,#8289,#8197,.T.);
#8375=EDGE_CURVE('',#8275,#8286,#8225,.T.);
#8389=EDGE_CURVE('',#8291,#8281,#8254,.T.);
#8391=EDGE_CURVE('',#8291,#8289,#8261,.T.);
#8401=EDGE_CURVE('',#8291,#8295,#8268,.T.);
#8469=B_SPLINE_CURVE_WITH_KNOTS('',3,(#8465,#8466,#8467,#8468),.UNSPECIFIED.,
.F.,.F.,(4,4),(0.E0,1.E0),.UNSPECIFIED.);
#8540=B_SPLINE_CURVE_WITH_KNOTS('',3,(#8536,#8537,#8538,#8539),.UNSPECIFIED.,
.F.,.F.,(4,4),(0.E0,1.E0),.UNSPECIFIED.);
#8587=EDGE_CURVE('',#8564,#8565,#8433,.T.);
#8589=EDGE_CURVE('',#8565,#8561,#8525,.T.);
#8591=EDGE_CURVE('',#8560,#8561,#8504,.T.);
#8593=EDGE_CURVE('',#8564,#8560,#8440,.T.);
#8604=EDGE_CURVE('',#8569,#8564,#8476,.T.);
#8606=EDGE_CURVE('',#8567,#8569,#8447,.T.);
#8608=EDGE_CURVE('',#8565,#8567,#8532,.T.);
#8625=EDGE_CURVE('',#8573,#8579,#8454,.T.);
#8627=EDGE_CURVE('',#8581,#8579,#8461,.T.);
#8629=EDGE_CURVE('',#8581,#8569,#8469,.T.);
#8633=EDGE_CURVE('',#8573,#8560,#8497,.T.);
#8643=EDGE_CURVE('',#8572,#8573,#8490,.T.);
#8645=EDGE_CURVE('',#8572,#8575,#8518,.T.);
#8647=EDGE_CURVE('',#8579,#8575,#8483,.T.);
#8661=EDGE_CURVE('',#8561,#8572,#8511,.T.);
#8675=EDGE_CURVE('',#8577,#8567,#8540,.T.);
#8677=EDGE_CURVE('',#8577,#8575,#8547,.T.);
#8687=EDGE_CURVE('',#8577,#8581,#8554,.T.);
#8755=B_SPLINE_CURVE_WITH_KNOTS('',3,(#8751,#8752,#8753,#8754),.UNSPECIFIED.,
.F.,.F.,(4,4),(0.E0,1.E0),.UNSPECIFIED.);
#8826=B_SPLINE_CURVE_WITH_KNOTS('',3,(#8822,#8823,#8824,#8825),.UNSPECIFIED.,
.F.,.F.,(4,4),(0.E0,1.E0),.UNSPECIFIED.);
#8873=EDGE_CURVE('',#8850,#8851,#8719,.T.);
#8875=EDGE_CURVE('',#8851,#8847,#8811,.T.);
#8877=EDGE_CURVE('',#8846,#8847,#8790,.T.);
#8879=EDGE_CURVE('',#8850,#8846,#8726,.T.);
#8890=EDGE_CURVE('',#8855,#8850,#8762,.T.);
#8892=EDGE_CURVE('',#8853,#8855,#8733,.T.);
#8894=EDGE_CURVE('',#8851,#8853,#8818,.T.);
#8911=EDGE_CURVE('',#8859,#8865,#8740,.T.);
#8913=EDGE_CURVE('',#8867,#8865,#8747,.T.);
#8915=EDGE_CURVE('',#8867,#8855,#8755,.T.);
#8919=EDGE_CURVE('',#8859,#8846,#8783,.T.);
#8929=EDGE_CURVE('',#8858,#8859,#8776,.T.);
#8931=EDGE_CURVE('',#8858,#8861,#8804,.T.);
#8933=EDGE_CURVE('',#8865,#8861,#8769,.T.);
#8947=EDGE_CURVE('',#8847,#8858,#8797,.T.);
#8961=EDGE_CURVE('',#8863,#8853,#8826,.T.);
#8963=EDGE_CURVE('',#8863,#8861,#8833,.T.);
#8973=EDGE_CURVE('',#8863,#8867,#8840,.T.);
#9041=B_SPLINE_CURVE_WITH_KNOTS('',3,(#9037,#9038,#9039,#9040),.UNSPECIFIED.,
.F.,.F.,(4,4),(0.E0,1.E0),.UNSPECIFIED.);
#9112=B_SPLINE_CURVE_WITH_KNOTS('',3,(#9108,#9109,#9110,#9111),.UNSPECIFIED.,
.F.,.F.,(4,4),(0.E0,1.E0),.UNSPECIFIED.);
#9159=EDGE_CURVE('',#9136,#9137,#9005,.T.);
#9161=EDGE_CURVE('',#9137,#9133,#9097,.T.);
#9163=EDGE_CURVE('',#9132,#9133,#9076,.T.);
#9165=EDGE_CURVE('',#9136,#9132,#9012,.T.);
#9176=EDGE_CURVE('',#9141,#9136,#9048,.T.);
#9178=EDGE_CURVE('',#9139,#9141,#9019,.T.);
#9180=EDGE_CURVE('',#9137,#9139,#9104,.T.);
#9197=EDGE_CURVE('',#9145,#9151,#9026,.T.);
#9199=EDGE_CURVE('',#9153,#9151,#9033,.T.);
#9201=EDGE_CURVE('',#9153,#9141,#9041,.T.);
#9205=EDGE_CURVE('',#9145,#9132,#9069,.T.);
#9215=EDGE_CURVE('',#9144,#9145,#9062,.T.);
#9217=EDGE_CURVE('',#9144,#9147,#9090,.T.);
#9219=EDGE_CURVE('',#9151,#9147,#9055,.T.);
#9233=EDGE_CURVE('',#9133,#9144,#9083,.T.);
#9247=EDGE_CURVE('',#9149,#9139,#9112,.T.);
#9249=EDGE_CURVE('',#9149,#9147,#9119,.T.);
#9259=EDGE_CURVE('',#9149,#9153,#9126,.T.);
#9327=B_SPLINE_CURVE_WITH_KNOTS('',3,(#9323,#9324,#9325,#9326),.UNSPECIFIED.,
.F.,.F.,(4,4),(0.E0,1.E0),.UNSPECIFIED.);
#9391=B_SPLINE_CURVE_WITH_KNOTS('',3,(#9387,#9388,#9389,#9390),.UNSPECIFIED.,
.F.,.F.,(4,4),(0.E0,1.E0),.UNSPECIFIED.);
#9445=EDGE_CURVE('',#9422,#9423,#9291,.T.);
#9447=EDGE_CURVE('',#9422,#9418,#9298,.T.);
#9449=EDGE_CURVE('',#9418,#9419,#9362,.T.);
#9451=EDGE_CURVE('',#9423,#9419,#9341,.T.);
#9462=EDGE_CURVE('',#9423,#9427,#9334,.T.);
#9464=EDGE_CURVE('',#9426,#9427,#9305,.T.);
#9466=EDGE_CURVE('',#9426,#9422,#9383,.T.);
#9483=EDGE_CURVE('',#9434,#9437,#9312,.T.);
#9485=EDGE_CURVE('',#9431,#9437,#9319,.T.);
#9487=EDGE_CURVE('',#9431,#9427,#9327,.T.);
#9491=EDGE_CURVE('',#9419,#9434,#9355,.T.);
#9501=EDGE_CURVE('',#9434,#9435,#9348,.T.);
#9503=EDGE_CURVE('',#9435,#9439,#9376,.T.);
#9505=EDGE_CURVE('',#9439,#9437,#9412,.T.);
#9519=EDGE_CURVE('',#9435,#9418,#9369,.T.);
#9533=EDGE_CURVE('',#9430,#9426,#9391,.T.);
#9535=EDGE_CURVE('',#9430,#9439,#9398,.T.);
#9545=EDGE_CURVE('',#9430,#9431,#9405,.T.);
#9613=B_SPLINE_CURVE_WITH_KNOTS('',3,(#9609,#9610,#9611,#9612),.UNSPECIFIED.,
.F.,.F.,(4,4),(0.E0,1.E0),.UNSPECIFIED.);
#9684=B_SPLINE_CURVE_WITH_KNOTS('',3,(#9680,#9681,#9682,#9683),.UNSPECIFIED.,
.F.,.F.,(4,4),(0.E0,1.E0),.UNSPECIFIED.);
#9731=EDGE_CURVE('',#9708,#9709,#9577,.T.);
#9733=EDGE_CURVE('',#9709,#9705,#9669,.T.);
#9735=EDGE_CURVE('',#9704,#9705,#9648,.T.);
#9737=EDGE_CURVE('',#9708,#9704,#9584,.T.);
#9748=EDGE_CURVE('',#9713,#9708,#9620,.T.);
#9750=EDGE_CURVE('',#9712,#9713,#9591,.T.);
#9752=EDGE_CURVE('',#9709,#9712,#9676,.T.);
#9769=EDGE_CURVE('',#9721,#9725,#9598,.T.);
#9771=EDGE_CURVE('',#9717,#9725,#9605,.T.);
#9773=EDGE_CURVE('',#9717,#9713,#9613,.T.);
#9777=EDGE_CURVE('',#9721,#9704,#9641,.T.);
#9787=EDGE_CURVE('',#9720,#9721,#9634,.T.);
#9789=EDGE_CURVE('',#9720,#9723,#9662,.T.);
#9791=EDGE_CURVE('',#9725,#9723,#9627,.T.);
#9805=EDGE_CURVE('',#9705,#9720,#9655,.T.);
#9819=EDGE_CURVE('',#9716,#9712,#9684,.T.);
#9821=EDGE_CURVE('',#9716,#9723,#9691,.T.);
#9831=EDGE_CURVE('',#9716,#9717,#9698,.T.);
#9965=EDGE_CURVE('',#9957,#9955,#9863,.T.);
#9967=EDGE_CURVE('',#9957,#9949,#9870,.T.);
#9969=EDGE_CURVE('',#9949,#9946,#9877,.T.);
#9971=EDGE_CURVE('',#9946,#9955,#9884,.T.);
#9981=EDGE_CURVE('',#9954,#9955,#9891,.T.);
#9983=EDGE_CURVE('',#9954,#9959,#9933,.T.);
#9985=EDGE_CURVE('',#9957,#9959,#9912,.T.);
#9998=EDGE_CURVE('',#9946,#9947,#9898,.T.);
#10000=EDGE_CURVE('',#9947,#9954,#9905,.T.);
#10011=EDGE_CURVE('',#9949,#9951,#9926,.T.);
#10013=EDGE_CURVE('',#9947,#9951,#9940,.T.);
#10032=EDGE_CURVE('',#9951,#9959,#9919,.T.);
#10165=EDGE_CURVE('',#10157,#10154,#10063,.T.);
#10167=EDGE_CURVE('',#10154,#10147,#10070,.T.);
#10169=EDGE_CURVE('',#10149,#10147,#10077,.T.);
#10171=EDGE_CURVE('',#10149,#10157,#10126,.T.);
#10181=EDGE_CURVE('',#10154,#10155,#10084,.T.);
#10184=EDGE_CURVE('',#10159,#10157,#10119,.T.);
#10186=EDGE_CURVE('',#10155,#10159,#10105,.T.);
#10197=EDGE_CURVE('',#10155,#10146,#10091,.T.);
#10199=EDGE_CURVE('',#10146,#10147,#10098,.T.);
#10211=EDGE_CURVE('',#10159,#10151,#10140,.T.);
#10213=EDGE_CURVE('',#10146,#10151,#10112,.T.);
#10226=EDGE_CURVE('',#10151,#10149,#10133,.T.);
#10365=EDGE_CURVE('',#10357,#10354,#10263,.T.);
#10367=EDGE_CURVE('',#10357,#10349,#10326,.T.);
#10369=EDGE_CURVE('',#10349,#10346,#10270,.T.);
#10371=EDGE_CURVE('',#10346,#10354,#10277,.T.);
#10381=EDGE_CURVE('',#10354,#10355,#10284,.T.);
#10383=EDGE_CURVE('',#10355,#10359,#10333,.T.);
#10385=EDGE_CURVE('',#10359,#10357,#10305,.T.);
#10398=EDGE_CURVE('',#10346,#10347,#10291,.T.);
#10400=EDGE_CURVE('',#10347,#10355,#10298,.T.);
#10411=EDGE_CURVE('',#10349,#10351,#10319,.T.);
#10413=EDGE_CURVE('',#10347,#10351,#10340,.T.);
#10432=EDGE_CURVE('',#10351,#10359,#10312,.T.);
#10565=EDGE_CURVE('',#10557,#10555,#10463,.T.);
#10567=EDGE_CURVE('',#10555,#10547,#10470,.T.);
#10569=EDGE_CURVE('',#10549,#10547,#10477,.T.);
#10571=EDGE_CURVE('',#10549,#10557,#10526,.T.);
#10581=EDGE_CURVE('',#10554,#10555,#10484,.T.);
#10584=EDGE_CURVE('',#10557,#10559,#10519,.T.);
#10586=EDGE_CURVE('',#10554,#10559,#10505,.T.);
#10597=EDGE_CURVE('',#10554,#10546,#10491,.T.);
#10599=EDGE_CURVE('',#10546,#10547,#10498,.T.);
#10611=EDGE_CURVE('',#10559,#10551,#10540,.T.);
#10613=EDGE_CURVE('',#10546,#10551,#10512,.T.);
#10626=EDGE_CURVE('',#10551,#10549,#10533,.T.);
#10679=B_SPLINE_CURVE_WITH_KNOTS('',3,(#10674,#10675,#10676,#10677,#10678),
.UNSPECIFIED.,.F.,.F.,(4,1,4),(0.E0,5.E-1,1.E0),.UNSPECIFIED.);
#10688=B_SPLINE_CURVE_WITH_KNOTS('',3,(#10683,#10684,#10685,#10686,#10687),
.UNSPECIFIED.,.F.,.F.,(4,1,4),(0.E0,5.E-1,1.E0),.UNSPECIFIED.);
#10739=B_SPLINE_CURVE_WITH_KNOTS('',3,(#10734,#10735,#10736,#10737,#10738),
.UNSPECIFIED.,.F.,.F.,(4,1,4),(0.E0,5.E-1,1.E0),.UNSPECIFIED.);
#10755=B_SPLINE_CURVE_WITH_KNOTS('',3,(#10750,#10751,#10752,#10753,#10754),
.UNSPECIFIED.,.F.,.F.,(4,1,4),(0.E0,5.E-1,1.E0),.UNSPECIFIED.);
#10771=B_SPLINE_CURVE_WITH_KNOTS('',3,(#10766,#10767,#10768,#10769,#10770),
.UNSPECIFIED.,.F.,.F.,(4,1,4),(0.E0,5.E-1,1.E0),.UNSPECIFIED.);
#10800=EDGE_CURVE('',#10787,#10788,#10663,.T.);
#10802=EDGE_CURVE('',#10778,#10788,#10739,.T.);
#10804=EDGE_CURVE('',#10777,#10778,#10695,.T.);
#10806=EDGE_CURVE('',#10777,#10787,#10679,.T.);
#10817=EDGE_CURVE('',#10794,#10787,#10670,.T.);
#10819=EDGE_CURVE('',#10792,#10794,#10762,.T.);
#10821=EDGE_CURVE('',#10790,#10792,#10746,.T.);
#10823=EDGE_CURVE('',#10788,#10790,#10730,.T.);
#10835=EDGE_CURVE('',#10784,#10777,#10723,.T.);
#10837=EDGE_CURVE('',#10784,#10794,#10688,.T.);
#10848=EDGE_CURVE('',#10778,#10780,#10702,.T.);
#10850=EDGE_CURVE('',#10780,#10782,#10709,.T.);
#10852=EDGE_CURVE('',#10782,#10784,#10716,.T.);
#10864=EDGE_CURVE('',#10780,#10790,#10755,.T.);
#10877=EDGE_CURVE('',#10782,#10792,#10771,.T.);
#10904=(LENGTH_UNIT()NAMED_UNIT(*)SI_UNIT(.MILLI.,.METRE.));
#10906=(NAMED_UNIT(*)PLANE_ANGLE_UNIT()SI_UNIT($,.RADIAN.));
#10909=(NAMED_UNIT(*)SI_UNIT($,.STERADIAN.)SOLID_ANGLE_UNIT());
#10915=AXIS2_PLACEMENT_3D('',#10912,#10913,#10914);
#10916=ADVANCED_BREP_SHAPE_REPRESENTATION('',(#10915,#5562,#5848,#6134,#6420,
#6706,#6992,#7278,#7564,#7850,#8136,#8422,#8708,#8994,#9280,#9566,#9852,#10052,
#10252,#10452,#10652,#10897),#10911);
#10920=PRODUCT_DEFINITION('part definition','',#10919,#5258);
#10921=PRODUCT_DEFINITION_SHAPE('','SHAPE FOR FRAME_SDA16B.',#10920);
#10922=SHAPE_DEFINITION_REPRESENTATION(#10921,#10916);
#10923=NEXT_ASSEMBLY_USAGE_OCCURRENCE('1327','Next assembly relationship',
'FRAME_SDA16B',#10949,#10920,$);
#10924=PRODUCT_DEFINITION_SHAPE('Placement #1327',
'Placement of FRAME_SDA16B with respect to SDA16B_ASM',#10923);
#10932=(LENGTH_UNIT()NAMED_UNIT(*)SI_UNIT(.MILLI.,.METRE.));
#10934=(NAMED_UNIT(*)PLANE_ANGLE_UNIT()SI_UNIT($,.RADIAN.));
#10937=(NAMED_UNIT(*)SI_UNIT($,.STERADIAN.)SOLID_ANGLE_UNIT());
#10943=AXIS2_PLACEMENT_3D('',#10940,#10941,#10942);
#10949=PRODUCT_DEFINITION('part definition','',#10948,#10945);
ENDSEC;
END-ISO-10303-21;
